taxonKey,taxonID,scientificName,kingdom,taxonRank
148717605,26199,"Paraleucilla magna Klautau, Monteiro & Borojevic, 2004",Animalia,SPECIES
148717606,25410,"Chrysonephos lewisii (W.R.Taylor) W.R.Taylor, 1952",Chromista,SPECIES
148717614,26527,"Skeletonema tropicum Cleve, 1900",Chromista,SPECIES
148717615,26018,"Mnemiopsis leidyi A.Agassiz, 1865",Animalia,SPECIES
148717622,26094,"Oculina patagonica de Angelis D'Ossat, 1908",Animalia,SPECIES
148717623,26368,"Pseudo-nitzschia multistriata (Takano) Takano, 1995",Chromista,SPECIES
148717627,25376,Chaetoceros bacteriastroides Karsten,Chromista,SPECIES
148717631,25553,"Diadumene lineata (Verrill, 1869)",Animalia,SPECIES
148717632,25552,"Diadumene cincta Stephenson, 1925",Animalia,SPECIES
148717636,26681,Undaria pinnatifida (Harv.) Suringar,Chromista,SPECIES
148717640,26408,"Rhopilema nomadica Galil, Spanier & Ferguson, 1990",Animalia,SPECIES
148717642,26181,Padina boergesenii Allender & Kraft,Chromista,SPECIES
148717644,26266,"Phyllorhiza punctata von Lendenfeld, 1884",Animalia,SPECIES
148717647,26486,"Scytosiphon dotyi M.J.Wynne, 1969",Chromista,SPECIES
148717650,25433,Colpomenia peregrina Sauv.,Chromista,SPECIES
9237565,26221,"Mawia benovici (Piraino, Aglieri, Scorrano & Boero, 2014)",Animalia,SPECIES
148717657,25905,Leathesia marina (Lyngb.) Decne.,Chromista,SPECIES
148717658,25777,"Halothrix lumbricalis (Kützing) Reinke, 1888",Chromista,SPECIES
148717659,25225,"Aurelia coerulea von Lendenfeld, 1884",Animalia,SPECIES
148717660,25272,Botrytella parva (Takamatsu) H.S.Kim,Chromista,SPECIES
148717661,25226,"Aurelia solida Browne, 1905",Animalia,SPECIES
148717666,26470,Sargassum muticum (Yendo) Fensholt,Chromista,SPECIES
148717671,25208,Ascophyllum nodosum (L.) Le Jol.,Chromista,SPECIES
2266546,25740,"Calyptospadix cerulea Clarke, 1882",Animalia,SPECIES
148717682,25675,"Eudendrium carneum Clarke, 1882",Animalia,SPECIES
148717685,25173,Aphanomyces astaci Schikora,Chromista,SPECIES
148717688,25443,"Cordylophora caspia (Pallas, 1771)",Animalia,SPECIES
148717694,26160,Ostreopsis ovata Fukuyo,Chromista,SPECIES
148717698,25078,"Alexandrium pacificum R.W.Litaker, 2014",Chromista,SPECIES
11553363,25422,"Clytia brevithecata (Thornely, 1900)",Animalia,SPECIES
148717703,25423,"Clytia linearis (Thorneley, 1900)",Animalia,SPECIES
148717709,26682,Uronema marinum Womersley,Plantae,SPECIES
148717720,26677,Ulva ohnoi M.Hiraoka & S.Shimada,Plantae,SPECIES
148717721,26676,Ulva californica Wille,Plantae,SPECIES
148717722,26215,"Passalurus nonanulatus Skinker, 1931",Animalia,SPECIES
148717725,26674,Ulva australis Aresch.,Plantae,SPECIES
148717729,26678,Ulvaria obscura (Kützing) Gayral ex Bliding,Plantae,SPECIES
148717731,26656,"Trichostrongylus calcaratus Ransom, 1911",Animalia,SPECIES
148717733,25426,Codium fragile subsp. fragile,Plantae,SUBSPECIES
148717734,26092,"Obeliscoides cuniculi (Graybill, 1923)",Animalia,SPECIES
2643131,25339,"Caulerpa cylindracea Sonder, 1845",Plantae,SPECIES
148717743,25340,Caulerpa taxifolia (M.Vahl) C.Agardh,Plantae,SPECIES
148717744,26155,"Oscheius tipulae (Lam & Webster, 1971)",Animalia,SPECIES
148717748,26002,"Meloidogyne graminicola Golden & Birchfield, 1965",Animalia,SPECIES
148717753,26384,"Pyropia yezoensis (Ueda) M.S.Hwang & H.G.Choi, 2011",Plantae,SPECIES
2284450,25153,"Anguillicola novaezelandiae Moravec & Tcharaschewsky, 1988",Animalia,SPECIES
4346612,25152,"Anguillicola crassus Kuwahara, Niimi & Itagaki, 1974",Animalia,SPECIES
148717762,26317,"Plocamium secundatum (Kütz.) Kütz., 1866",Plantae,SPECIES
148717769,25763,Grateloupia turuturu Yamada,Plantae,SPECIES
148717770,26300,"Piscicola geometra (Linnaeus, 1761)",Animalia,SPECIES
148717774,25760,Gracilaria vermiculophylla (Ohmi) Papenfuss,Plantae,SPECIES
148717776,26011,"Microscolex dubius (Fletcher, 1887)",Animalia,SPECIES
148717779,26012,"Microscolex phosphoreus (Dugès, 1837)",Animalia,SPECIES
148717781,25951,Lomentaria hakodatensis Yendo,Plantae,SPECIES
148717782,25606,"Eisenia fetida (Savigny, 1826)",Animalia,SPECIES
148717784,25271,"Botryocladia madagascariensis G.Feldmann, 1945",Plantae,SPECIES
5278525,25224,"Colaconema codicola (Børgesen) Stegenga, J.J.Bolton & R.J.Anderson",Plantae,SPECIES
148717790,26730,"Xironogiton victoriensis Gelder & Hall, 1990",Animalia,SPECIES
148717793,25306,"Cambarincola mesochoreus Hoffman, 1963",Animalia,SPECIES
148717794,25268,Bonnemaisonia hamifera Hariot,Plantae,SPECIES
148717795,25210,Asparagopsis taxiformis (Delile) Trevis.,Plantae,SPECIES
148717797,25209,Asparagopsis armata Harv.,Plantae,SPECIES
148717801,26093,"Ocnerodrilus occidentalis Eisen, 1878",Animalia,SPECIES
148717802,25840,Hypnea cornuta (Kütz.) J.Agardh,Plantae,SPECIES
148717804,26027,"Monopylephorus limosus (Hatai, 1898)",Animalia,SPECIES
148717805,25841,"Hypnea flexicaulis Y.Yamagishi & M.Masuda, 2000",Plantae,SPECIES
148717809,26546,Solieria filiformis (Kütz.) P.W.Gabrielson,Plantae,SPECIES
148717810,25279,"Branchiura sowerbyi Beddard, 1892",Animalia,SPECIES
148717811,25048,Agardhiella subulata (C.Agardh) Kraft & M.J.Wynne,Plantae,SPECIES
148717815,25240,"Barbronia weberi (Blanchard, 1897)",Animalia,SPECIES
148717823,25765,Griffithsia corallinoides (L.) Trevis.,Plantae,SPECIES
7682935,25809,Dasysiphonia japonica (Yendo) H.-S.Kim,Plantae,SPECIES
2320617,26351,"Apoprionospio pygmaea (Hartman, 1961)",Animalia,SPECIES
148717828,25537,Dasysiphonia japonica (Yendo) H.-S.Kim,Plantae,SPECIES
148717833,26052,"Naineris setosa (Verrill, 1900)",Animalia,SPECIES
148717834,26723,Womersleyella setacea (Hollenberg) R.E.Norris,Plantae,SPECIES
148717837,26588,Symphyocladia marchantioides (Harv.) Falkenb.,Plantae,SPECIES
148717839,26335,Polysiphonia paniculata,Plantae,SPECIES
148717841,26334,Polysiphonia morrowii Harv.,Plantae,SPECIES
9738520,26070,Melanothamnus harveyi (Bailey) Diaz-Tapia & Maggs,Plantae,SPECIES
148717852,25903,Laurencia caduciramulosa Masuda & Kawag.,Plantae,SPECIES
148717853,25956,"Lophocladia lallemandii (Mont.) F.Schmitz, 1893",Plantae,SPECIES
148717854,25396,Chondria curvilineata Collins & Herv.,Plantae,SPECIES
148717855,25934,"Linopherus canariensis Langerhans, 1881",Animalia,SPECIES
148717857,25398,"Chondria pygmaea Garbary & Vandermeulen, 1990",Plantae,SPECIES
148717865,25060,"Aglaothamnion feldmanniae Halos, 1965",Plantae,SPECIES
148717872,26367,"Pseudonereis anomala Gravier, 1899",Animalia,SPECIES
148717873,25168,Antithamnionella boergesenii (Cormaci & G.Furnari) Athanas.,Plantae,SPECIES
2657657,25169,Antithamnionella boergesenii (Cormaci & G.Furnari) Athanas.,Plantae,SPECIES
2657493,25167,Antithamnion pectinatum (Mont.) Brauner,Plantae,SPECIES
148717877,25166,Antithamnion hubbsii E.Y.Dawson,Plantae,SPECIES
148717878,25165,"Antithamnion amphigeneum A.J.K.Millar, 1990",Plantae,SPECIES
148717880,25171,Antithamnionella spirographidis (Schiffner) E.M.Wollaston,Plantae,SPECIES
2657657,25170,Antithamnionella boergesenii (Cormaci & G.Furnari) Athanas.,Plantae,SPECIES
148717883,25802,"Hesionura serrata (Hartmann-Schröder, 1960)",Animalia,SPECIES
148717884,25027,Acrothamnion preissii (Sonder) E.M.Wollaston,Plantae,SPECIES
148717891,26492,Selaginella kraussiana (Kunze) A.Braun,Plantae,SPECIES
2325283,26575,"Thelepus comatus (Grube, 1859)",Animalia,SPECIES
148717896,25743,Ginkgo biloba L.,Plantae,SPECIES
148717897,26301,"Pista unibranchia Day, 1963",Animalia,SPECIES
148717902,26374,Pteris multifida Poir.,Plantae,SPECIES
148717906,26072,Nephrolepis cordifolia (L.) C.Presl,Plantae,SPECIES
148717911,26336,Polystichum tagawanum Sa.Kurata,Plantae,SPECIES
148717912,26126,"Ophryotrocha diadema Åkesson, 1976",Animalia,SPECIES
148717913,25528,Cyrtomium falcatum (L.fil.) C.Presl,Plantae,SPECIES
148717914,25529,Cyrtomium fortunei J.Sm.,Plantae,SPECIES
148717915,26127,"Ophryotrocha japonica Paxton & Åkesson, 2010",Animalia,SPECIES
148717916,25585,Dryopteris atrata (Wall) Ching,Plantae,SPECIES
148717918,25963,"Lumbrineris acutiformis Gallardo, 1968",Animalia,SPECIES
7386657,25630,"Diopatra hupferiana monroi (Day, 1957)",Animalia,SUBSPECIES
7805873,25629,Diopatra hupferiana hupferiana,Animalia,SUBSPECIES
148717929,25232,Azolla filiculoides Lam.,Plantae,SPECIES
7792557,26670,Tulipa agenensis Redouté,Plantae,SPECIES
148717938,26667,Tulipa agenensis Redouté,Plantae,SPECIES
148717940,26668,Tulipa clusiana Redouté,Plantae,SPECIES
148717942,26671,Tulipa saxatilis Sieber ex Spreng.,Plantae,SPECIES
148717944,26669,Tulipa gesneriana L.,Plantae,SPECIES
11088660,25702,"Rubifabriciola ghardaqa (Banse, 1959)",Animalia,SPECIES
148717948,26338,Pontederia cordata L.,Plantae,SPECIES
148717950,26558,"Spirorbis marioni Caullery & Mesnil, 1897",Animalia,SPECIES
11070196,26025,Pontederia korsakowii (Regel & Maack) M.Pell. & C.N.Horn,Plantae,SPECIES
148717952,25807,Heteranthera reniformis Ruiz & Pav.,Plantae,SPECIES
148717954,25808,Heteranthera rotundifolia (Kunth) Griseb.,Plantae,SPECIES
148717955,25832,"Hydroides elegans (Haswell, 1883)",Animalia,SPECIES
148717957,25830,"Hydroides dianthus (Verrill, 1873)",Animalia,SPECIES
148717958,25806,Heteranthera limosa (Sw.) Willd.,Plantae,SPECIES
2765942,25605,Pontederia crassipes Mart.,Plantae,SPECIES
148717961,26647,Tradescantia fluminensis Vell.,Plantae,SPECIES
148717962,26648,Tradescantia virginiana L.,Plantae,SPECIES
148717963,25712,"Ficopomatus enigmaticus (Fauvel, 1923)",Animalia,SPECIES
148717965,26035,Murdannia keisak (Hassk.) Hand.-Mazz.,Plantae,SPECIES
148717967,25434,Commelina communis L.,Plantae,SPECIES
148717970,26714,Washingtonia robusta H.Wendl.,Plantae,SPECIES
9238897,25994,"Acromegalomma claparedei (Gravier, 1906)",Animalia,SPECIES
148717972,26713,Washingtonia filifera (Rafarin) H.Wendl. ex de Bary,Plantae,SPECIES
148717973,26646,Trachycarpus fortunei (Hook.) H.Wendl.,Plantae,SPECIES
148717975,25276,"Branchiomma bairdi (McIntosh, 1885)",Animalia,SPECIES
148717976,26257,Phoenix canariensis H.Wildpret,Plantae,SPECIES
148717977,25277,"Branchiomma luctuosum (Grube, 1870)",Animalia,SPECIES
148717978,25380,Chamaedorea elatior Mart.,Plantae,SPECIES
148717983,26037,Musa basjoo Siebold & Zucc. ex Iinuma,Plantae,SPECIES
148717986,25311,Canna indica L.,Plantae,SPECIES
148717992,26715,"Watersipora arcuata Banta, 1969",Animalia,SPECIES
148717993,26452,Sagittaria latifolia Willd.,Plantae,SPECIES
148717996,26740,Zantedeschia aethiopica (L.) Spreng.,Plantae,SPECIES
148717997,26650,"Tricellaria inopinata d'Hondt & Occhipinti Ambrogi, 1985",Animalia,SPECIES
148717998,26722,Wolffia columbiana H.Karst.,Plantae,SPECIES
148718000,25476,"Crepidacantha poissonii (Audouin, 1826)",Animalia,SPECIES
148718003,25344,"Celleporaria brunnea (Hincks, 1884)",Animalia,SPECIES
2871376,25897,Spirodela punctata (G.Mey.) C.H.Thomps.,Plantae,SPECIES
148718005,26302,Pistia stratiotes L.,Plantae,SPECIES
148718006,25910,Lemna minuta Kunth,Plantae,SPECIES
148718008,25909,Lemna aequinoctialis Welw.,Plantae,SPECIES
148718011,26687,Vallisneria americana Michx.,Plantae,SPECIES
7665662,25289,"Bugulina fulva (Ryland, 1960)",Animalia,SPECIES
148718013,25480,"Crisularia serrata (Lamarck, 1816)",Animalia,SPECIES
148718014,25290,"Bugula neritina (Linnaeus, 1758)",Animalia,SPECIES
148718015,26163,Ottelia alismoides (L.) Pers.,Plantae,SPECIES
148718017,26053,Najas chinensis N.Z.Wang,Plantae,SPECIES
148718018,25190,"Arbopercula tenella (Hincks, 1880)",Animalia,SPECIES
148718019,26054,Najas gracillima (A.Braun ex Engelm.) Magnus,Plantae,SPECIES
148718020,26055,Najas graminea Delile,Plantae,SPECIES
8472121,25613,"Arbopercula tenella (Hincks, 1880)",Animalia,SPECIES
148718023,25889,Lagarosiphon major (Ridl.) Moss,Plantae,SPECIES
148718025,26252,"Pherusella brevituba Soule, 1951",Animalia,SPECIES
148718026,25776,Halophila stipulacea (Forssk.) Asch.,Plantae,SPECIES
148718029,25623,Elodea canadensis Michx.,Plantae,SPECIES
1010410,25187,"Arachnoidella protecta Harmer, 1915",Animalia,SPECIES
148718032,25119,"Amathia verticillata (delle Chiaje, 1822)",Animalia,SPECIES
148718033,25624,Elodea nuttallii (Planch.) H.St.John,Plantae,SPECIES
7446481,26751,"Amathia verticillata (delle Chiaje, 1822)",Animalia,SPECIES
5329263,25603,Elodea densa (Planch.) Casp.,Plantae,SPECIES
148718037,25263,Blyxa japonica (Miq.) Maxim. ex Asch. & Gürke,Plantae,SPECIES
5298946,25382,Iris spuria L.,Plantae,SPECIES
5892120,25586,"Girardia tigrina (Girard, 1850)",Animalia,SPECIES
5297939,25701,Iris japonica Thunb.,Plantae,SPECIES
148718053,25084,"Allolepidapedon fistulariae Yamaguti, 1940",Animalia,SPECIES
5298051,26520,Iris unguicularis Poir.,Plantae,SPECIES
5298056,26519,Iris unguicularis subsp. cretensis (Janka) A.P.Davis & Jury,Plantae,SUBSPECIES
148718057,26524,Sisyrinchium montanum Greene,Plantae,SPECIES
148718061,26649,"Tremoctopus gracilis (Souleyet, 1852)",Animalia,SPECIES
5298079,25866,Iris florentina L.,Plantae,SPECIES
148718063,25867,Iris variegata L.,Plantae,SPECIES
148718066,25725,Freesia refracta (Jacq.) Klatt,Plantae,SPECIES
148718068,26518,"Sinanodonta woodiana (I.Lea, 1834)",Animalia,SPECIES
148718069,25708,Ferraria crispa Burm.,Plantae,SPECIES
148718070,25484,Crocosmia ×crocosmiiflora (Lemoine) N.E.Br.,Plantae,SPECIES
148718071,25388,Chasmanthe bicolor (Gasp.) N.E.Br.,Plantae,SPECIES
148718073,25387,Chasmanthe aethiopica (L.) N.E.Br.,Plantae,SPECIES
148718074,25389,Chasmanthe floribunda (Salisb.) N.E.Br.,Plantae,SPECIES
2748312,25381,Iris orientalis Mill.,Plantae,SPECIES
148718078,26631,"Theora lubrica Gould, 1861",Animalia,SPECIES
148718079,25260,Bletilla striata (Thunb.) Rchb.f.,Plantae,SPECIES
148718082,25726,"Fulvia fragilis (Forsskål, 1775)",Animalia,SPECIES
148718083,25794,Hemerocallis fulva (L.) L.,Plantae,SPECIES
148718084,25086,Aloe ×caesia Salm-Dyck,Plantae,SPECIES
148718087,26041,"Mya arenaria Linnaeus, 1758",Animalia,SPECIES
148718089,25085,Aloe arborescens Mill.,Plantae,SPECIES
148718090,25578,"Dreissena polymorpha (Pallas, 1771)",Animalia,SPECIES
148718091,25090,Aloe vera (L.) Burm.f.,Plantae,SPECIES
148718092,25089,Aloe reynoldsii Letty,Plantae,SPECIES
148718094,25088,Aloe perfoliata L.,Plantae,SPECIES
148718097,25087,Aloe maculata All.,Plantae,SPECIES
148718099,26745,Zephyranthes carinata Herb.,Plantae,SPECIES
148718101,26290,"Pinctada radiata (Leach, 1814)",Animalia,SPECIES
148718102,26744,Zephyranthes candida Herb.,Plantae,SPECIES
148718104,26085,Nothoscordum ×borbonicum Kunth,Plantae,SPECIES
7820753,25466,"Magallana gigas (Thunberg, 1793)",Animalia,SPECIES
148718107,26086,Nothoscordum gracile (Aiton) Stearn,Plantae,SPECIES
4595317,26451,"Saccostrea glomerata (Gould, 1850)",Animalia,SPECIES
148718110,26057,Narcissus jonquilla L.,Plantae,SPECIES
148718111,26058,Narcissus ×odorus L.,Plantae,SPECIES
148718113,26059,Narcissus papyraceus Ker Gawl.,Plantae,SPECIES
148718116,25861,Ipheion uniflorum (Graham) Raf.,Plantae,SPECIES
148718117,25118,Amaryllis belladonna L.,Plantae,SPECIES
8385517,26191,"Paratapes textilis (Gmelin, 1791)",Animalia,SPECIES
148718120,26441,"Ruditapes philippinarum (A.Adams & Reeve, 1850)",Animalia,SPECIES
148718121,25083,Allium tuberosum Rottler ex Spreng.,Plantae,SPECIES
148718122,25082,Allium scorodoprasum L.,Plantae,SPECIES
148718123,26005,"Mercenaria mercenaria (Linnaeus, 1758)",Animalia,SPECIES
148718124,25081,Allium giganteum Regel,Plantae,SPECIES
148718125,25080,Allium ampeloprasum L.,Plantae,SPECIES
148718128,26738,Yucca gloriosa L.,Plantae,SPECIES
148718129,25440,"Corbicula fluminalis (O.F.Müller, 1774)",Animalia,SPECIES
2775683,26739,Yucca gloriosa var. tristis Carrière,Plantae,VARIETY
148718132,26736,Yucca aloifolia L.,Plantae,SPECIES
148718134,26737,Yucca filamentosa L.,Plantae,SPECIES
148718136,26727,"Xenostrobus securis (Lamarck, 1819)",Animalia,SPECIES
2773055,25815,Ornithogalum boucheanum (Kunth) Asch.,Plantae,SPECIES
2773281,25816,Ornithogalum nutans L.,Plantae,SPECIES
6531311,26039,"Arcuatula senhousia (W.H.Benson, 1842)",Animalia,SPECIES
148718144,25273,"Brachidontes pharaonis (P.Fischer, 1870)",Animalia,SPECIES
2767320,26063,Scilla hyacinthoides L.,Plantae,SPECIES
148718149,25148,"Anadara transversa (Say, 1822)",Animalia,SPECIES
148718150,25147,"Anadara kagoshimensis (Tokunaga, 1906)",Animalia,SPECIES
2767579,26161,Scilla amoena L.,Plantae,SPECIES
8080743,26162,Scilla siberica Andrews,Plantae,SPECIES
3647605,26570,Albuca bracteata (Thunb.) J.C.Manning & Goldblatt,Plantae,SPECIES
7655863,26628,"Indothais lacera (Born, 1778)",Animalia,SPECIES
148718161,26481,Scilla luciliae (Boiss.) Speta,Plantae,SPECIES
148718162,26124,Ophiopogon japonicus (Thunb.) Ker Gawl.,Plantae,SPECIES
148718163,26038,Muscari armeniacum H.J.Veitch,Plantae,SPECIES
148718164,26390,"Rapana venosa (Valenciennes, 1846)",Animalia,SPECIES
148718166,25941,Liriope spicata Lour.,Plantae,SPECIES
148718167,26388,"Radix auricularia (Linnaeus, 1758)",Animalia,SPECIES
148718168,25818,Hosta ventricosa Stearn,Plantae,SPECIES
148718170,25822,Hyacinthoides non-scripta (L.) Chouard ex Rothm.,Plantae,SPECIES
148718171,25996,"Melanoides tuberculata (O.F.Müller, 1774)",Animalia,SPECIES
148718172,25821,Hyacinthoides hispanica (Mill.) Rothm.,Plantae,SPECIES
148718175,25534,Danae racemosa (L.) Moench,Plantae,SPECIES
9520065,25710,"Ferrissia californica (Rowell, 1863)",Animalia,SPECIES
148718178,25577,Dracaena draco (L.) L.,Plantae,SPECIES
9520065,25709,"Ferrissia californica (Rowell, 1863)",Animalia,SPECIES
148718181,25442,Cordyline australis (G.Forst.) Endl.,Plantae,SPECIES
148718182,25395,Chlorophytum comosum (Thunb.) Jacques,Plantae,SPECIES
148718184,25214,Aspidistra elatior Blume,Plantae,SPECIES
148718185,25213,Asparagus setaceus (Kunth) Jessop,Plantae,SPECIES
148718186,25212,Asparagus asparagoides (L.) Druce,Plantae,SPECIES
148718187,26345,"Potamopyrgus antipodarum (J.E.Gray, 1843)",Animalia,SPECIES
148718188,25211,Asparagus aethiopicus L.,Plantae,SPECIES
148718190,25051,Agave beauleriana Jacobi,Plantae,SPECIES
148718191,25050,Agave attenuata Salm-Dyck,Plantae,SPECIES
148718192,25946,"Littorina saxatilis (Olivi, 1792)",Animalia,SPECIES
148718193,25049,Agave americana L.,Plantae,SPECIES
2767032,25053,Agave americana subsp. americana,Plantae,SUBSPECIES
148718196,25054,Agave salmiana Otto ex Salm-Dyck,Plantae,SPECIES
9666160,25658,"Naria turdus (Lamarck, 1810)",Animalia,SPECIES
148718199,25055,Agave sisalana Perrine,Plantae,SPECIES
148718201,25052,Agave fourcroydes Lem.,Plantae,SPECIES
148718204,25477,"Crepidula fornicata (Linnaeus, 1758)",Animalia,SPECIES
148718205,25877,Juncus dichotomus Elliott,Plantae,SPECIES
10906181,25778,"Lamprohaminoea ovalis (Pease, 1868)",Animalia,SPECIES
6126571,25779,"Haloa japonica (Pilsbry, 1895)",Animalia,SPECIES
148718211,25879,Juncus tenuis Willd.,Plantae,SPECIES
148718213,25878,Juncus marginatus Rostk.,Plantae,SPECIES
9746127,25390,"Biuve fulvipunctata (Baba, 1938)",Animalia,SPECIES
148718217,25370,"Cerithium scabridum R.A.Philippi, 1848",Animalia,SPECIES
148718218,25654,Eriocaulon cinereum R.Br.,Plantae,SPECIES
148718227,25293,"Bursatella leachii Blainville, 1817",Animalia,SPECIES
2717462,25616,Eleocharis flavescens var. olivacea (Torr.) Gleason,Plantae,VARIETY
148718229,26603,"Syphonota geographica (A.Adams & Reeve, 1850)",Animalia,SPECIES
2720130,26482,Scirpus hattorianus Makino,Plantae,SPECIES
148718233,26479,Schoenoplectiella juncoides (Roxb.) Lye,Plantae,SPECIES
148718234,25617,Eleocharis pellucida J.Presl & C.Presl,Plantae,SPECIES
148718238,26750,"Zonitoides arboreus (Say, 1817)",Animalia,SPECIES
148718240,25615,Eleocharis obtusa (Willd.) Schult.,Plantae,SPECIES
148718241,26729,"Xeropicta derbentina (Krynicki, 1836)",Animalia,SPECIES
148718242,25614,Eleocharis atropurpurea (Retz.) J.Presl & C.Presl,Plantae,SPECIES
148718246,25523,Cyperus serotinus Rottb.,Plantae,SPECIES
148718248,25524,Cyperus squarrosus L.,Plantae,SPECIES
148718249,25521,Cyperus papyrus L.,Plantae,SPECIES
148718251,25522,Cyperus schweinitzii Torr.,Plantae,SPECIES
148718252,25519,Cyperus microiria Steud.,Plantae,SPECIES
148718253,25520,Cyperus odoratus L.,Plantae,SPECIES
148718254,26198,"Paralaoma servilis (Shuttleworth, 1852)",Animalia,SPECIES
148718255,25517,Cyperus hamulosus M.Bieb.,Plantae,SPECIES
148718256,25518,Cyperus lupulinus (Biehler) Marcks,Plantae,SPECIES
148718257,25525,Cyperus strigosus L.,Plantae,SPECIES
148718259,25516,Cyperus glomeratus L.,Plantae,SPECIES
148718260,25959,"Lucilla singleyana (Pilsbry, 1889)",Animalia,SPECIES
148718261,25515,Cyperus exaltatus Retz.,Plantae,SPECIES
148718262,25958,"Lucilla scintilla (R.T.Lowe, 1852)",Animalia,SPECIES
148718263,25514,Cyperus erythrorhizos Muhl.,Plantae,SPECIES
148718265,25513,Cyperus eragrostis Lam.,Plantae,SPECIES
148718266,25711,"Ferussacia carnea (Risso, 1826)",Animalia,SPECIES
148718267,25512,Cyperus difformis L.,Plantae,SPECIES
148718268,25511,Cyperus congestus Vahl,Plantae,SPECIES
148718270,25510,Cyperus brevifolioides Thieret & Delahouss.,Plantae,SPECIES
148718272,25509,Cyperus alternifolius L.,Plantae,SPECIES
5189806,25774,"Physella acuta (Draparnaud, 1805)",Animalia,SPECIES
148718274,25321,Carex vulpinoidea Michx.,Plantae,SPECIES
148718277,26743,Zea mays L.,Plantae,SPECIES
148718278,25781,"Hawaiia minuscula (A.Binney, 1841)",Animalia,SPECIES
148718281,25547,"Deroceras sturanyi (Simroth, 1894)",Animalia,SPECIES
148718283,25130,Amelichloa caudata (Trin.) Arriaga & Barkworth,Plantae,SPECIES
148718284,25267,"Boettgerilla pallens Simroth, 1912",Animalia,SPECIES
148718285,26752,Zoysia matrella (L.) Merr.,Plantae,SPECIES
148718287,25194,"Arion vulgaris Moquin-Tandon, 1855",Animalia,SPECIES
2703698,25366,Bromus sitchensis Trin.,Plantae,SPECIES
148718292,26329,"Polycerella emertoni A.E.Verrill, 1880",Animalia,SPECIES
148718294,26328,"Polycera hedgpethi Er.Marcus, 1964",Animalia,SPECIES
5289726,25347,Cenchrus spinifex Cav.,Plantae,SPECIES
2703723,25365,Bromus catharticus Vahl,Plantae,SPECIES
148718300,25999,"Melibe viridis (Kelaart, 1858)",Animalia,SPECIES
2703712,25364,Bromus carinatus Hook. & Arn.,Plantae,SPECIES
148718303,25755,"Godiva quadricolor (Barnard, 1927)",Animalia,SPECIES
10986555,25626,Thinopyrum obtusiflorum (DC.) Banfi,Plantae,SPECIES
148718307,25494,"Cuthona perca (Er.Marcus, 1958)",Animalia,SPECIES
148718310,25406,"Chromodoris quadricolor (Rüppell & Leuckart, 1830)",Animalia,SPECIES
148718311,25556,Dichanthelium acuminatum (Sw.) Gould & C.A.Clark,Plantae,SPECIES
2291957,25039,"Anteaeolidiella indica (Bergh, 1888)",Animalia,SPECIES
148718318,25557,Dichanthelium clandestinum (L.) Gould,Plantae,SPECIES
6313051,26663,Triticum turgidum subsp. durum (Desf.) Husn.,Plantae,SUBSPECIES
5289783,26662,Aegilops cylindrica Host,Plantae,SPECIES
148718328,26726,"Xenopus laevis (Daudin, 1802)",Animalia,SPECIES
5290168,26269,Phyllostachys edulis (Carrière) J.Houz.,Plantae,SPECIES
148718334,26502,Setaria adhaerens (Forssk.) Chiov.,Plantae,SPECIES
148718336,26224,"Pelophylax bedriagae (Camerano, 1882)",Animalia,SPECIES
148718337,26225,"Pelophylax kurtmuelleri (Gayda, 1940)",Animalia,SPECIES
5289684,26506,Setaria viridis (L.) P.Beauv.,Plantae,SPECIES
148718340,26572,Stenotaphrum secundatum (Walter) Kuntze,Plantae,SPECIES
148718341,25944,"Lithobates catesbeianus (Shaw, 1802)",Animalia,SPECIES
148718343,26565,Sporobolus vaginiflorus (Torr. ex A.Gray) Alph.Wood,Plantae,SPECIES
148718345,26564,Sporobolus ×townsendii (H.Groves & J.Groves) P.M.Peterson & Saarela,Plantae,SPECIES
148718349,26563,Sporobolus pumilus (Roth) P.M.Peterson & Saarela,Plantae,SPECIES
148718350,26562,Sporobolus neglectus Nash,Plantae,SPECIES
148718351,26561,Sporobolus indicus (L.) R.Br.,Plantae,SPECIES
148718352,26560,Sporobolus cryptandrus (Torr.) A.Gray,Plantae,SPECIES
148718353,26235,"Perophora multiclathrata (Sluiter, 1904)",Animalia,SPECIES
148718354,26559,Sporobolus anglicus (C.E.Hubb.) P.M.Peterson & Saarela,Plantae,SPECIES
148718355,26551,Sorghum halepense (L.) Pers.,Plantae,SPECIES
148718356,26505,Setaria parviflora (Poir.) Kerguélen,Plantae,SPECIES
148718357,26504,Setaria italica (L.) P.Beauv.,Plantae,SPECIES
148718358,26503,Setaria faberi R.A.W.Herrm.,Plantae,SPECIES
148718359,26661,Triticum aestivum L.,Plantae,SPECIES
148718361,26364,Psathyrostachys juncea (Fisch.) Nevski,Plantae,SPECIES
148718363,26313,Pleioblastus viridistriatus (Regel) Makino,Plantae,SPECIES
148718364,26273,Phyllostachys viridiglaucescens (Carrière) Rivière & C.Rivière,Plantae,SPECIES
148718365,26272,Phyllostachys violascens Rivière & C.Rivière,Plantae,SPECIES
148718366,25573,"Distaplia bermudensis Van Name, 1902",Animalia,SPECIES
148718367,26271,Phyllostachys sulphurea (Carrière) Rivière & C.Rivière,Plantae,SPECIES
148718369,26299,Piptatherum holciforme subsp. holciforme,Plantae,SUBSPECIES
148718370,25561,"Didemnum vexillum Kott, 2002",Animalia,SPECIES
148718372,26370,Pseudosasa japonica (Siebold & Zucc. ex Steud.) Makino ex Nakai,Plantae,SPECIES
148718373,25417,"Clavelina oblonga Herdman, 1880",Animalia,SPECIES
148718374,26185,Panicum capillare L.,Plantae,SPECIES
148718377,26009,"Microcosmus squamiger Michaelsen, 1927",Animalia,SPECIES
2705162,26184,Panicum capillare L.,Plantae,SPECIES
148718379,26186,Panicum dichotomiflorum Michx.,Plantae,SPECIES
148718380,26187,Panicum miliaceum L.,Plantae,SPECIES
148718381,26188,Panicum philadelphicum Bernh. ex Nees,Plantae,SPECIES
148718383,26580,"Styela plicata (Lesueur, 1823)",Animalia,SPECIES
148718384,26211,Paspalum distichum L.,Plantae,SPECIES
148718385,26210,Paspalum dilatatum Poir.,Plantae,SPECIES
148718386,26327,"Polyandrocarpa zorritensis (Van Name, 1931)",Animalia,SPECIES
148718387,26214,Paspalum vaginatum Sw.,Plantae,SPECIES
148718388,25270,"Botrylloides violaceus Oka, 1927",Animalia,SPECIES
4152818,26213,Paspalum thunbergii Kunth ex Steud.,Plantae,SPECIES
148718394,26212,Paspalum quadrifarium Lam.,Plantae,SPECIES
148718396,26248,Phalaris canariensis L.,Plantae,SPECIES
148718397,26270,Phyllostachys reticulata (Rupr.) K.Koch,Plantae,SPECIES
148718398,26268,Phyllostachys nigra (Lodd. ex Lindl.) Munro,Plantae,SPECIES
148718399,26354,"Procyon lotor (Linnaeus, 1758)",Animalia,SPECIES
148718400,26267,Phyllostachys aurea (André) Rivière & C.Rivière,Plantae,SPECIES
148718401,26154,Oryza sativa L.,Plantae,SPECIES
148718402,26016,Miscanthus sinensis Andersson,Plantae,SPECIES
148718404,26034,Muhlenbergia schreberi J.F.Gmel.,Plantae,SPECIES
5218823,26071,"Mustela vison Schreber, 1777",Animalia,SPECIES
148718407,25061,Agropyron desertorum (Fisch. ex Link) Schult.,Plantae,SPECIES
148718411,25195,Aristida longispica Poir.,Plantae,SPECIES
148718412,26586,"Sylvilagus floridanus (J.A.Allen, 1890)",Animalia,SPECIES
148718413,25203,Arundo donax L.,Plantae,SPECIES
148718414,26153,"Oryctolagus cuniculus (Linnaeus, 1758)",Animalia,SPECIES
148718415,25230,Avena strigosa Schreb.,Plantae,SPECIES
148718416,25922,"Lepus capensis Linnaeus, 1758",Animalia,SPECIES
148718417,25238,Bambusa bambos (L.) Voss,Plantae,SPECIES
148718418,25239,Bambusa vulgaris Schrad. ex J.C.Wendl.,Plantae,SPECIES
148718423,25269,Bothriochloa laguroides (DC.) Herter,Plantae,SPECIES
148718425,25349,Cenchrus longispinus (Hack.) Fernald,Plantae,SPECIES
148718428,25348,Cenchrus longisetus M.C.Johnst.,Plantae,SPECIES
148718429,25350,Cenchrus setaceus (Forssk.) Morrone,Plantae,SPECIES
148718430,26582,"Suncus etruscus (Savi, 1822)",Animalia,SPECIES
148718433,25448,Cortaderia selloana (Schult. & Schult.f.) Asch. & Graebn.,Plantae,SPECIES
148718434,25427,Coix lacryma-jobi L.,Plantae,SPECIES
148718435,25563,Digitaria violascens Link,Plantae,SPECIES
148718438,26044,"Myocastor coypus (Molina, 1782)",Animalia,SPECIES
148718440,25565,Dinebra retroflexa (Vahl) Panz.,Plantae,SPECIES
148718443,25562,Digitaria ciliaris (Retz.) Koeler,Plantae,SPECIES
148718444,25558,Dichanthium annulatum (Forssk.) Stapf,Plantae,SPECIES
148718445,25570,Diplachne fusca (L.) P.Beauv. ex Roem. & Schult.,Plantae,SPECIES
8369366,25571,Diplachne fusca subsp. uninervia (J.Presl) P.M.Peterson & N.Snow,Plantae,SUBSPECIES
8257546,25569,Diplachne fusca subsp. fascicularis (Lam.) P.M.Peterson & N.Snow,Plantae,SUBSPECIES
148718451,26483,"Sciurus carolinensis Gmelin, 1788",Animalia,SPECIES
148718452,25596,Echinochloa oryzoides (Ard.) Fritsch,Plantae,SPECIES
2702820,25595,Echinochloa oryzoides (Ard.) Fritsch,Plantae,SPECIES
148718454,26612,"Tamias sibiricus (Laxmann, 1769)",Animalia,SPECIES
2702820,25594,Echinochloa oryzoides (Ard.) Fritsch,Plantae,SPECIES
148718456,25593,Echinochloa crus-galli (L.) P.Beauv.,Plantae,SPECIES
148718457,25592,Echinochloa colonum (L.) Link,Plantae,SPECIES
148718458,25531,Dactyloctenium aegyptium (L.) Willd.,Plantae,SPECIES
148718459,25604,Ehrharta erecta Lam.,Plantae,SPECIES
148718461,25618,Eleusine africana Kenn.-O'Byrne,Plantae,SPECIES
148718462,25303,"Callosciurus finlaysonii (Horsfield, 1823)",Animalia,SPECIES
148718463,25302,"Callosciurus erythraeus (Pallas, 1779)",Animalia,SPECIES
148718465,25619,Eleusine coracana (L.) Gaertn.,Plantae,SPECIES
148718466,26393,"Rattus norvegicus (Berkenhout, 1769)",Animalia,SPECIES
148718467,26394,"Rattus rattus (Linnaeus, 1758)",Animalia,SPECIES
148718468,26036,"Mus musculus Linnaeus, 1758",Animalia,SPECIES
148718469,25620,Eleusine indica (L.) Gaertn.,Plantae,SPECIES
148718470,25621,Eleusine tristachya (Lam.) Lam.,Plantae,SPECIES
148718472,25639,Eragrostis curvula (Schrad.) Nees,Plantae,SPECIES
148718477,25640,Eragrostis frankii Steud.,Plantae,SPECIES
148718478,25643,Eragrostis pectinacea (Michx.) Nees,Plantae,SPECIES
148718479,25641,Eragrostis lugens Nees,Plantae,SPECIES
148718480,25892,"Lama glama (Linnaeus, 1758)",Animalia,SPECIES
148718481,25642,Eragrostis mexicana (Hornem.) Link,Plantae,SPECIES
148718483,25533,"Dama dama (Linnaeus, 1758)",Animalia,SPECIES
148718486,25750,Glyceria striata (Lam.) Hitchc.,Plantae,SPECIES
148718487,26165,"Ovis aries Linnaeus, 1758",Animalia,SPECIES
148718488,25817,Hordeum jubatum L.,Plantae,SPECIES
148718489,26060,Nassella neesiana (Trin. & Rupr.) Barkworth,Plantae,SPECIES
148718490,26061,Nassella trichotoma (Nees) Hack. & Arechav.,Plantae,SPECIES
148718491,26033,Muhlenbergia frondosa (Poir.) Fernald,Plantae,SPECIES
148718492,25137,"Ammotragus lervia (Pallas, 1777)",Animalia,SPECIES
148718495,25025,Acorus calamus L.,Plantae,SPECIES
148718502,26754,Zygophyllum fabago L.,Plantae,SPECIES
148718503,26625,"Testudo marginata Schoepff, 1792",Animalia,SPECIES
148718505,26624,"Testudo graeca Linnaeus, 1758",Animalia,SPECIES
148718508,26645,"Trachemys scripta (Thunberg In Schoepff, 1792)",Animalia,SPECIES
148718509,26472,Saururus cernuus L.,Plantae,SPECIES
148718517,26704,"Vitis ×instabilis Ardenghi, Galasso, Banfi & Lastrucci",Plantae,SPECIES
148718520,26705,"Vitis ×koberi Ardenghi, Galasso, Banfi & Lastrucci",Plantae,SPECIES
148718523,26702,"Vitis ×bacoi Ardenghi, Galasso & Banfi",Plantae,SPECIES
148718525,26703,"Vitis ×goliath Ardenghi, Galasso & Banfi",Plantae,SPECIES
148718526,25666,"Eryx jaculus (Linnaeus, 1758)",Animalia,SPECIES
148718527,26708,Vitis riparia Michx.,Plantae,SPECIES
148718528,26709,"Vitis ×ruggerii Ardenghi, Galasso, Banfi & Lastrucci",Plantae,SPECIES
148718530,25383,"Chamaeleo chamaeleon (Linnaeus, 1758)",Animalia,SPECIES
148718531,26706,Vitis labrusca L.,Plantae,SPECIES
148718532,26707,Vitis ×novae-angliae Fernald,Plantae,SPECIES
148718535,26710,Vitis rupestris Scheele,Plantae,SPECIES
148718540,26207,Parthenocissus inserta (A.Kern.) Fritsch,Plantae,SPECIES
148718541,26209,Parthenocissus tricuspidata (Siebold & Zucc.) Planch.,Plantae,SPECIES
148718543,26208,Parthenocissus quinquefolia (L.) Planch.,Plantae,SPECIES
148718547,26090,Nymphaea ×marliacea Lat.-Marl.,Plantae,SPECIES
148718548,25047,"Agama agama (Linnaeus, 1758)",Animalia,SPECIES
148718549,26091,Nymphaea mexicana Zucc.,Plantae,SPECIES
148718555,26168,Oxalis debilis Kunth,Plantae,SPECIES
148718556,26169,Oxalis dillenii Jacq.,Plantae,SPECIES
6101223,26576,"Spilopelia senegalensis (Linnaeus, 1766)",Animalia,SPECIES
148718559,26166,Oxalis articulata Savigny,Plantae,SPECIES
148718561,26167,Oxalis bowiei W.T.Aiton ex G.Don,Plantae,SPECIES
148718562,26633,"Threskiornis aethiopicus (Latham, 1790)",Animalia,SPECIES
148718563,26174,Oxalis stricta L.,Plantae,SPECIES
148718564,26307,"Platalea alba Scopoli, 1786",Animalia,SPECIES
148718565,26175,Oxalis violacea L.,Plantae,SPECIES
148718566,26172,Oxalis purpurata Jacq.,Plantae,SPECIES
148718568,26173,Oxalis purpurea L.,Plantae,SPECIES
148718571,26170,Oxalis latifolia Kunth,Plantae,SPECIES
148718572,26171,Oxalis pes-caprae L.,Plantae,SPECIES
2479089,26630,"Aratinga acuticaudata (Vieillot, 1818)",Animalia,SPECIES
148718576,26372,"Psittacula krameri (Scopoli, 1769)",Animalia,SPECIES
148718578,26003,"Melopsittacus undulatus (Shaw, 1805)",Animalia,SPECIES
148718579,26042,"Myiopsitta monachus (Boddaert, 1783)",Animalia,SPECIES
148718582,25294,"Cacatua galerita (Latham, 1790)",Animalia,SPECIES
148718583,26064,Nelumbo nucifera Gaertn.,Plantae,SPECIES
148718586,25121,"Amazona aestiva (Linnaeus, 1758)",Animalia,SPECIES
148718587,25683,Euonymus lucidus D.Don,Plantae,SPECIES
148718590,25682,Euonymus japonicus Thunb.,Plantae,SPECIES
148718591,26177,"Oxyura jamaicensis (J.F.Gmelin, 1789)",Animalia,SPECIES
148718593,25681,Euonymus fortunei (Turcz.) Hand.-Mazz.,Plantae,SPECIES
148718594,25504,"Cygnus olor (J.F.Gmelin, 1789)",Animalia,SPECIES
148718597,25503,"Cygnus atratus (Latham, 1790)",Animalia,SPECIES
148718598,26223,Pelargonium ×hortorum L.H.Bailey,Plantae,SPECIES
148718599,25280,"Branta canadensis (Linnaeus, 1758)",Animalia,SPECIES
148718600,25159,"Anser cygnoides (Linnaeus, 1758)",Animalia,SPECIES
148718601,25160,"Anser indicus (Latham, 1790)",Animalia,SPECIES
148718602,26222,Pelargonium cucullatum (L.) L'Hér.,Plantae,SPECIES
148718603,25091,"Alopochen aegyptiaca (Linnaeus, 1766)",Animalia,SPECIES
148718604,25064,"Aix galericulata (Linnaeus, 1758)",Animalia,SPECIES
148718605,25065,"Aix sponsa (Linnaeus, 1758)",Animalia,SPECIES
148718611,25826,Hydrangea quercifolia Bartram,Plantae,SPECIES
148718612,25429,"Colinus virginianus (Linnaeus, 1758)",Animalia,SPECIES
148718613,25549,Deutzia crenata Siebold & Zucc.,Plantae,SPECIES
148718615,25550,Deutzia gracilis Siebold & Zucc.,Plantae,SPECIES
148718618,26605,"Syrmaticus reevesii (J.E.Gray, 1829)",Animalia,SPECIES
148718619,25412,Cinnamomum glanduliferum (Wall.) Nees,Plantae,SPECIES
148718620,26220,"Pavo cristatus Linnaeus, 1758",Animalia,SPECIES
2473861,25723,"Pternistis erckelii (Rüppell, 1835)",Animalia,SPECIES
148718626,26387,Quercus shumardii Buckley,Plantae,SPECIES
148718627,25732,"Gallus gallus (Linnaeus, 1758)",Animalia,SPECIES
148718628,25463,"Coturnix japonica Temminck & Schlegel, 1848",Animalia,SPECIES
148718629,26386,Quercus rubra L.,Plantae,SPECIES
148718631,25075,"Alectoris chukar (J.E.Gray, 1830)",Animalia,SPECIES
148718634,25076,"Alectoris rufa (Linnaeus, 1758)",Animalia,SPECIES
148718637,26318,"Ploceus melanocephalus (Linnaeus, 1758)",Animalia,SPECIES
8288647,26375,Pterocarya fraxinifolia (Poir.) Spach,Plantae,SPECIES
148718639,26319,"Ploceus subaureus A.Smith, 1839",Animalia,SPECIES
148718640,25876,Juglans nigra L.,Plantae,SPECIES
148718641,26385,"Quelea erythrops (Hartlaub, 1848)",Animalia,SPECIES
148718642,25875,Juglans cinerea L.,Plantae,SPECIES
6100921,26196,"Sinosuthora webbiana (Gould, 1852)",Animalia,SPECIES
148718647,25451,Corylus maxima Mill.,Plantae,SPECIES
148718649,25334,Casuarina equisetifolia L.,Plantae,SPECIES
148718653,26697,Viburnum rhytidophyllum Hemsl. ex Forbes & Hemsl.,Plantae,SPECIES
148718654,25908,"Leiothrix lutea (Scopoli, 1786)",Animalia,SPECIES
148718655,26696,Viburnum carlesii Hemsl. ex Forbes & Hemsl.,Plantae,SPECIES
148718658,25481,"Crithagra leucopygia Sundevall, 1850",Animalia,SPECIES
148718659,26686,Valeriana phu L.,Plantae,SPECIES
148718660,26716,Weigela florida (Bunge) A.DC.,Plantae,SPECIES
148718663,26376,Pterocephalus plumosus (L.) Coult.,Plantae,SPECIES
148718664,26286,"Pica pica (Linnaeus, 1758)",Animalia,SPECIES
148718665,25495,"Cyanocorax chrysops (Vieillot, 1818)",Animalia,SPECIES
148718666,25927,Leycesteria formosa Wall.,Plantae,SPECIES
148718667,25954,Lonicera japonica Thunb.,Plantae,SPECIES
148718668,25953,Lonicera fragrantissima Lindl. & Paxton,Plantae,SPECIES
148718670,25955,Lonicera pileata Oliv.,Plantae,SPECIES
148718671,25891,"Lagonosticta senegala (Linnaeus, 1766)",Animalia,SPECIES
148718672,25669,"Estrilda astrild (Linnaeus, 1758)",Animalia,SPECIES
148718673,25094,"Amadina fasciata (Gmelin, 1789)",Animalia,SPECIES
148718674,25572,Dipsacus laciniatus L.,Plantae,SPECIES
148718675,25359,Cephalaria gigantea (Ledeb.) Bobrov,Plantae,SPECIES
148718676,25095,"Amandava amandava (Linnaeus, 1758)",Animalia,SPECIES
148718678,25026,"Acridotheres tristis (Linnaeus, 1766)",Animalia,SPECIES
148718679,25358,Centranthus macrosiphon Boiss.,Plantae,SPECIES
148718683,26095,"Odontesthes bonariensis (Valenciennes, 1835)",Animalia,SPECIES
148718684,25360,Cephalaria syriaca (L.) Schrad.,Plantae,SPECIES
148718690,26574,"Stephanolepis diaspros Fraser-Brunner, 1940",Animalia,SPECIES
148718692,25890,"Lagocephalus sceleratus (Gmelin, 1789)",Animalia,SPECIES
3678949,25437,Calystegia ×pulchra Brumm. & Heywood,Plantae,SPECIES
148718695,25492,Cuscuta campestris Yunck.,Plantae,SPECIES
148718696,25865,Ipomoea tricolor Cav.,Plantae,SPECIES
148718699,25863,Ipomoea indica (Burm.) Merr.,Plantae,SPECIES
148718700,25864,Ipomoea purpurea (L.) Roth,Plantae,SPECIES
148718701,25797,"Hemiramphus far (Forsskål, 1775)",Animalia,SPECIES
148718702,25862,Ipomoea cairica (L.) Sweet,Plantae,SPECIES
148718703,25559,Dichondra micrantha Urb.,Plantae,SPECIES
148718704,25493,Cuscuta epilinum Weihe,Plantae,SPECIES
148718710,26325,"Poecilia velifera (Regan, 1914)",Animalia,SPECIES
148718711,26324,"Poecilia sphenops Valenciennes, 1846",Animalia,SPECIES
148718712,26323,"Poecilia reticulata Peters, 1859",Animalia,SPECIES
148718713,26322,"Poecilia latipinna (Lesueur, 1821)",Animalia,SPECIES
148718714,25734,"Gambusia holbrooki Girard, 1859",Animalia,SPECIES
148718715,25438,Convolvulus farinosus L.,Plantae,SPECIES
148718716,25733,"Gambusia affinis (Baird & Girard, 1853)",Animalia,SPECIES
148718719,26377,"Pterois miles (Bennett, 1828)",Animalia,SPECIES
148718720,25439,Convolvulus tricolor L.,Plantae,SPECIES
148718722,25612,"Elates ransonnettii (Steindachner, 1876)",Animalia,SPECIES
148718724,26721,Withania somnifera (L.) Dunal,Plantae,SPECIES
2413189,25670,"Etrumeus sadina (Mitchill, 1814)",Animalia,SPECIES
148718734,25668,"Esox lucius Linnaeus, 1758",Animalia,SPECIES
5581168,26275,Physalis philadelphica subsp. ixocarpa (Brot. ex Hornem.) Sobr.-Vesp. & Sanz-Elorza,Plantae,SUBSPECIES
2929800,26539,Solanum angustifolium Houst. ex Mill.,Plantae,SPECIES
2351174,25444,"Coregonus maraena (Bloch, 1779)",Animalia,SPECIES
148718742,26538,Solanum pseudocapsicum L.,Plantae,SPECIES
148718744,26540,Solanum sarrachoides Sendtn.,Plantae,SPECIES
148718745,26457,"Salmo trutta Linnaeus, 1758",Animalia,SPECIES
148718746,26541,Solanum seaforthianum Andrews,Plantae,SPECIES
148718747,26542,Solanum sisymbriifolium Lam.,Plantae,SPECIES
148718748,26459,"Salvelinus fontinalis (Mitchill, 1814)",Animalia,SPECIES
148718749,26543,Solanum tuberosum L.,Plantae,SPECIES
148718750,26531,Solanum chenopodioides Lam.,Plantae,SPECIES
148718751,26530,Solanum carolinense L.,Plantae,SPECIES
148718752,26123,"Oncorhynchus mykiss (Walbaum, 1792)",Animalia,SPECIES
148718754,26533,Solanum heterodoxum Dunal,Plantae,SPECIES
148718756,26532,Solanum elaeagnifolium Cav.,Plantae,SPECIES
148718758,26535,Solanum linnaeanum Hepper & P.-M.L.Jaeger,Plantae,SPECIES
148718760,26534,Solanum lanceolatum Cav.,Plantae,SPECIES
148718762,26537,Solanum physalifolium Rusby,Plantae,SPECIES
148718763,26536,Solanum lycopersicum L.,Plantae,SPECIES
148718765,26529,Solanum bonariense L.,Plantae,SPECIES
148718767,26528,Solanum aviculare G.Forst.,Plantae,SPECIES
148718768,26280,Physalis viscosa L.,Plantae,SPECIES
148718769,26516,"Silurus glanis Linnaeus, 1758",Animalia,SPECIES
148718770,26279,Physalis virginiana Mill.,Plantae,SPECIES
148718771,26278,Physalis pubescens L.,Plantae,SPECIES
148718772,26277,Physalis peruviana L.,Plantae,SPECIES
148718773,26276,Physalis nicandroides Schltdl.,Plantae,SPECIES
148718774,26274,Physalis angulata L.,Plantae,SPECIES
148718776,26378,"Pterygoplichthys pardalis (Castelnau, 1855)",Animalia,SPECIES
148718777,26458,Salpichroa origanifolia (Lam.) Baill.,Plantae,SPECIES
148718778,26246,Petunia ×atkinsiana D.Don ex Loudon,Plantae,SPECIES
148718779,26075,Nicandra physalodes (L.) Gaertn.,Plantae,SPECIES
148718781,26077,Nicotiana glauca Graham,Plantae,SPECIES
148718782,25416,"Clarias gariepinus (Burchell, 1822)",Animalia,SPECIES
148718784,26076,Nicotiana alata Link & Otto,Plantae,SPECIES
148718785,26079,Nicotiana tabacum L.,Plantae,SPECIES
148718786,25851,"Ictalurus furcatus (Valenciennes, 1840)",Animalia,SPECIES
148718787,26078,Nicotiana rustica L.,Plantae,SPECIES
148718788,25967,Lycium barbarum L.,Plantae,SPECIES
148718789,25968,Lycium chinense Mill.,Plantae,SPECIES
148718790,25852,"Ictalurus punctatus (Rafinesque, 1818)",Animalia,SPECIES
148718791,25969,Lycium ferocissimum Miers,Plantae,SPECIES
148718792,25965,Lycianthes rantonnetii (Carrière ex Lesc.) Bitter,Plantae,SPECIES
148718793,25128,"Ameiurus nebulosus (Lesueur, 1819)",Animalia,SPECIES
148718794,25127,"Ameiurus melas (Rafinesque, 1820)",Animalia,SPECIES
148718795,25966,Lycium afrum L.,Plantae,SPECIES
148718796,25540,Datura quercifolia Kunth,Plantae,SPECIES
148718797,25539,Datura innoxia Mill.,Plantae,SPECIES
148718799,25542,Datura wrightii Regel,Plantae,SPECIES
148718801,25541,Datura stramonium L.,Plantae,SPECIES
148718802,25538,Datura ferox L.,Plantae,SPECIES
148718807,25315,Capsicum annuum L.,Plantae,SPECIES
148718810,25223,Aucuba japonica Thunb.,Plantae,SPECIES
148718812,26017,"Misgurnus anguillicaudatus (Cantor, 1842)",Animalia,SPECIES
148718814,26508,Sicyos angulatus L.,Plantae,SPECIES
148718815,26487,Sechium edule (Jacq.) Sw.,Plantae,SPECIES
148718818,25598,Echinocystis lobata (Michx.) Torr. & A.Gray,Plantae,SPECIES
148718819,25490,Cucurbita pepo L.,Plantae,SPECIES
5851603,25215,"Leuciscus aspius (Linnaeus, 1758)",Animalia,SPECIES
2874515,25489,Cucurbita maxima Duchesne,Plantae,SPECIES
148718822,25496,Cyclanthera pedata (L.) Schrad.,Plantae,SPECIES
148718825,25245,Begonia grandis subsp. grandis,Plantae,SUBSPECIES
2363097,25242,"Luciobarbus graellsii (Steindachner, 1866)",Animalia,SPECIES
148718829,26434,Rubia tinctorum L.,Plantae,SPECIES
148718830,26566,"Squalius cephalus (Linnaeus, 1758)",Animalia,SPECIES
148718831,25731,Galium rubioides L.,Plantae,SPECIES
148718832,26476,"Scardinius erythrophthalmus (Linnaeus, 1758)",Animalia,SPECIES
148718833,26450,"Rutilus rutilus (Linnaeus, 1758)",Animalia,SPECIES
7311940,25205,Gomphocarpus fruticosus subsp. fruticosus,Plantae,SUBSPECIES
148718837,26405,"Rhodeus sericeus (Pallas, 1776)",Animalia,SPECIES
148718839,26369,"Pseudorasbora parva (Temminck & Schlegel, 1846)",Animalia,SPECIES
3170326,25206,Gomphocarpus physocarpus E.Mey.,Plantae,SPECIES
148718842,25338,Catharanthus roseus (L.) G.Don,Plantae,SPECIES
148718843,25845,"Hypophthalmichthys molitrix (Valenciennes, 1844)",Animalia,SPECIES
148718844,25189,Araujia sericifera Brot.,Plantae,SPECIES
148718845,25754,"Gobio gobio (Linnaeus, 1758)",Animalia,SPECIES
148718846,25526,"Cyprinus carpio Linnaeus, 1758",Animalia,SPECIES
148718847,25488,"Ctenopharyngodon idella (Valenciennes, 1844)",Animalia,SPECIES
148718848,25207,Asclepias syriaca L.,Plantae,SPECIES
148718849,25399,"Chondrostoma nasus (Linnaeus, 1758)",Animalia,SPECIES
148718850,25317,"Carassius auratus (Linnaeus, 1758)",Animalia,SPECIES
148718851,25204,Asclepias curassavica L.,Plantae,SPECIES
148718854,26665,Tropaeolum majus L.,Plantae,SPECIES
148718858,26326,Polanisia trachysperma Torr. & A.Gray,Plantae,SPECIES
148718859,26615,Tarenaya spinosa (Jacq.) Raf.,Plantae,SPECIES
148718860,25241,"Barbus barbus (Linnaeus, 1758)",Animalia,SPECIES
148718861,25235,"Ballerus ballerus (Linnaeus, 1758)",Animalia,SPECIES
148718863,26395,Reseda odorata L.,Plantae,SPECIES
148718864,25068,"Alburnoides bipunctatus (Bloch, 1782)",Animalia,SPECIES
148718867,25069,"Alburnus alburnus (Linnaeus, 1758)",Animalia,SPECIES
148718868,24997,"Abramis brama (Linnaeus, 1758)",Animalia,SPECIES
148718869,25860,Ionopsidium glastifolium (L.) M.Koch,Plantae,SPECIES
148718872,26510,"Siganus luridus (Rüppell, 1829)",Animalia,SPECIES
148718874,26602,"Synagrops japonicus (Döderlein, 1883)",Animalia,SPECIES
3693336,26422,Rorippa anceps (Wahlenb.) Rchb.,Plantae,SPECIES
148718878,26337,"Pomadasys stridens (Forsskål, 1775)",Animalia,SPECIES
148718879,26523,Sisymbrium volgense M.Bieb. ex E.Fourn.,Plantae,SPECIES
148718881,26522,Sisymbrium loeselii L.,Plantae,SPECIES
148718882,26292,"Pinguipes brasilianus Cuvier, 1829",Animalia,SPECIES
148718883,26423,Rorippa austriaca (Crantz) Besser,Plantae,SPECIES
148718885,26128,"Oplegnathus fasciatus (Temminck & Schlegel, 1844)",Animalia,SPECIES
148718887,26391,Raphanus sativus L.,Plantae,SPECIES
148718888,25919,Lepidium virginicum L.,Plantae,SPECIES
148718889,26010,"Micropterus salmoides (Lacepède, 1802)",Animalia,SPECIES
148718890,25914,Lepidium densiflorum Schrad.,Plantae,SPECIES
148718891,25913,Lepidium bonariense L.,Plantae,SPECIES
148718892,25920,"Lepomis gibbosus (Linnaeus, 1758)",Animalia,SPECIES
148718893,25916,Lepidium heterophyllum Benth.,Plantae,SPECIES
148718896,25915,Lepidium didymum L.,Plantae,SPECIES
148718897,25918,Lepidium sativum L.,Plantae,SPECIES
148718898,25917,Lepidium perfoliatum L.,Plantae,SPECIES
5209574,25767,"Gymnocephalus cernua (Linnaeus, 1758)",Animalia,SPECIES
148718900,25868,Isatis tinctoria L.,Plantae,SPECIES
148718901,26466,"Sander lucioperca (Linnaeus, 1758)",Animalia,SPECIES
148718903,25859,Ionopsidium acaule (Desf.) DC. ex Rchb.,Plantae,SPECIES
148718904,25632,"Epinephelus coioides (Hamilton, 1822)",Animalia,SPECIES
148718906,25849,Iberis amara L.,Plantae,SPECIES
148718907,26149,"Oreochromis niloticus (Linnaeus, 1758)",Animalia,SPECIES
4285694,26150,"Oreochromis niloticus (Linnaeus, 1758)",Animalia,SPECIES
148718909,25674,Euclidium syriacum (L.) W.T.Aiton,Plantae,SPECIES
148718910,25659,Erysimum cheiranthoides L.,Plantae,SPECIES
148718911,25120,"Amatitlania nigrofasciata (Günther, 1867)",Animalia,SPECIES
148718913,25013,"Acanthurus chirurgus (Bloch, 1787)",Animalia,SPECIES
148718914,25661,Erysimum repandum L.,Plantae,SPECIES
148718916,25660,Erysimum cheiri (L.) Crantz,Plantae,SPECIES
148718917,24998,"Abudefduf vaigiensis (Quoy & Gaimard, 1825)",Animalia,SPECIES
148718920,25425,Cochlearia officinalis L.,Plantae,SPECIES
148718923,26176,"Oxidus gracilis (C.L.Koch, 1847)",Animalia,SPECIES
148718924,25435,Conringia orientalis (L.) Dumort.,Plantae,SPECIES
148718925,25401,Chorispora tenella (Pall.) DC.,Plantae,SPECIES
148718929,25896,"Lamyctes emarginatus Newport, 1844",Animalia,SPECIES
148718931,25307,Camelina rumelica Velen.,Plantae,SPECIES
148718933,25291,Bunias orientalis L.,Plantae,SPECIES
148718934,25314,Capsella grandiflora (Fauché & Chaub.) Boiss.,Plantae,SPECIES
148718936,25318,Cardamine occulta Hornem.,Plantae,SPECIES
148718937,25282,Brassica oleracea L.,Plantae,SPECIES
148718938,25281,Brassica napus L.,Plantae,SPECIES
148718939,25222,Aubrieta deltoidea (L.) DC.,Plantae,SPECIES
148718943,25196,"Armoracia rusticana P.Gaertn., B.Mey. & Scherb.",Plantae,SPECIES
148718946,26021,"Moina affinis Birge, 1893",Animalia,SPECIES
148718947,25940,Liriodendron tulipifera L.,Plantae,SPECIES
148718949,25902,"Latonopsis australis Sars, 1888",Animalia,SPECIES
148718951,25154,Annona cherimola Mill.,Plantae,SPECIES
148718956,26517,"Simocephalus heilongjiangensis Shi Xinlu & Shi Xinbai, 1994",Animalia,SPECIES
5680555,26548,Billardiera heterophylla (Lindl.) L.W.Cayzer & Crisp,Plantae,SPECIES
148718958,26305,Pittosporum undulatum Vent.,Plantae,SPECIES
148718959,25535,"Daphnia ambigua Scourfield, 1947",Animalia,SPECIES
148718960,25536,"Daphnia parvula Fordyce, 1901",Animalia,SPECIES
148718961,26304,Pittosporum tobira (Murray) Aiton fil.,Plantae,SPECIES
148718965,25784,Hedera hibernica Poit.,Plantae,SPECIES
148718967,25707,Fatsia japonica (Thunb.) Decne. & Planch.,Plantae,SPECIES
148718968,25394,"Chlamydotheca incisa (Claus, 1892)",Animalia,SPECIES
148718969,25782,Hedera algeriensis Hibberd,Plantae,SPECIES
148718973,25783,Hedera canariensis Willd.,Plantae,SPECIES
148718974,25188,Aralia spinosa L.,Plantae,SPECIES
148718975,25156,"Anoplodactylus californicus Hall, 1912",Animalia,SPECIES
148718978,26096,Oenanthe javanica (Blume) DC.,Plantae,SPECIES
148718980,25136,"Ammothea hilgendorfi (Böhm, 1879)",Animalia,SPECIES
148718981,25829,Hydrocotyle sibthorpioides Lam.,Plantae,SPECIES
148718985,25828,Hydrocotyle ranunculoides L.fil.,Plantae,SPECIES
148718986,25234,"Balanus trigonus Darwin, 1854",Animalia,SPECIES
148718987,25827,Hydrocotyle bonariensis Comm. ex Lam.,Plantae,SPECIES
148718988,25141,"Amphibalanus improvisus (Darwin, 1854)",Animalia,SPECIES
148718989,25140,"Amphibalanus eburneus (Gould, 1841)",Animalia,SPECIES
148718991,25799,Heracleum mantegazzianum Sommier & Levier,Plantae,SPECIES
6283818,26352,"Proasellus coxalis banyulensis (Racovitza, 1919)",Animalia,SUBSPECIES
148718995,25500,Cyclospermum leptophyllum (Pers.) Sprague,Plantae,SPECIES
148718997,25446,Coriandrum sativum L.,Plantae,SPECIES
148718998,25375,Chaerophyllum bulbosum L.,Plantae,SPECIES
148718999,26195,"Paradella dianae (Menzies, 1962)",Animalia,SPECIES
148719000,25292,Bupleurum rotundifolium L.,Plantae,SPECIES
148719001,26194,"Paracerceis sculpta (Holmes, 1904)",Animalia,SPECIES
148719002,25163,Anthriscus cerefolium (L.) Hoffm.,Plantae,SPECIES
148719006,26201,"Paranthura japonica Richardson, 1909",Animalia,SPECIES
2928366,26718,Wigandia urens (Ruiz & Pav.) Kunth,Plantae,SPECIES
148719010,25848,"Ianiropsis serricaudis Gurjanova, 1936",Animalia,SPECIES
2928366,26717,Wigandia urens (Ruiz & Pav.) Kunth,Plantae,SPECIES
148719012,26247,Phacelia tanacetifolia Benth.,Plantae,SPECIES
148719016,25793,Heliotropium curassavicum L.,Plantae,SPECIES
148719017,26573,"Stenothoe georgiana Bynum & Fox, 1977",Animalia,SPECIES
148719018,25791,Heliotropium amplexicaule Vahl,Plantae,SPECIES
148719019,25792,Heliotropium arborescens L.,Plantae,SPECIES
148719023,26261,"Photis lamellifera Schellenberg, 1928",Animalia,SPECIES
9405645,25971,Lycopsis arvensis subsp. orientalis (L.) Kusn.,Plantae,SUBSPECIES
148719026,25761,"Grandidierella japonica Stephensen, 1938",Animalia,SPECIES
148719028,26599,Symphytum asperum Lepech.,Plantae,SPECIES
148719031,26601,Symphytum ×uplandicum Nyman,Plantae,SPECIES
148719032,25735,"Gammarus roeselii Gervais, 1835",Animalia,SPECIES
148719033,26600,Symphytum orientale L.,Plantae,SPECIES
148719034,25564,"Dikerogammarus villosus (Sowinsky, 1894)",Animalia,SPECIES
148719035,26083,Nonea pulla (L.) DC.,Plantae,SPECIES
148719037,25313,"Caprella scaura Templeton, 1836",Animalia,SPECIES
148719038,26082,Nonea lutea (Desr.) DC.,Plantae,SPECIES
148719041,25850,"Iberodes linifolia (L.) Serrano, R.Carbajal & S.Ortiz",Plantae,SPECIES
148719042,26485,"Scyllarus caparti Holthuis, 1952",Animalia,SPECIES
148719043,25599,Echium candicans L.fil.,Plantae,SPECIES
148719044,25287,Brunnera macrophylla (Adams) I.M.Johnst.,Plantae,SPECIES
148719046,26182,"Palaemon macrodactylus M.J.Rathbun, 1902",Animalia,SPECIES
148719047,25145,Amsinckia lycopsoides Lehm.,Plantae,SPECIES
148719051,26200,"Paralithodes camtschaticus (Tilesius, 1815)",Animalia,SPECIES
148719052,26500,Sesamum indicum L.,Plantae,SPECIES
148719056,26219,Paulownia tomentosa (Thunb.) Steud.,Plantae,SPECIES
148719059,26228,"Penaeus aztecus Ives, 1891",Animalia,SPECIES
148719061,25989,Mazus miquelii Makino,Plantae,SPECIES
148719063,26231,"Penaeus semisulcatus De Haan, 1844",Animalia,SPECIES
148719064,25933,Lindernia dubia (L.) Pennell,Plantae,SPECIES
148719066,26229,"Penaeus pulchricaudatus Stebbing, 1914",Animalia,SPECIES
148719068,25664,Erythranthe moschata (Douglas ex Lindl.) G.L.Nesom,Plantae,SPECIES
148719069,26233,"Percnon gibbesi (H.Milne Edwards, 1853)",Animalia,SPECIES
148719071,26353,"Procambarus clarkii (Girard, 1852)",Animalia,SPECIES
148719072,25663,Erythranthe guttata (DC.) G.L.Nesom,Plantae,SPECIES
148719073,25662,Erythranthe cuprea (Dombrain) G.L.Nesom,Plantae,SPECIES
8909595,26148,"Faxonius limosus (Rafinesque, 1817)",Animalia,SPECIES
148719077,26604,Syringa vulgaris L.,Plantae,SPECIES
148719078,26004,"Menaethius monoceros (Latreille, 1825)",Animalia,SPECIES
148719079,25928,Ligustrum japonicum Thunb.,Plantae,SPECIES
148719081,25929,Ligustrum lucidum W.T.Aiton,Plantae,SPECIES
148719082,25930,Ligustrum ovalifolium Hassk.,Plantae,SPECIES
148719084,25931,Ligustrum sinense Lour.,Plantae,SPECIES
148719086,25874,Jasminum officinale L.,Plantae,SPECIES
148719087,25656,"Eriocheir sinensis H.Milne Edwards, 1853",Animalia,SPECIES
148719088,25873,Jasminum nudiflorum Lindl.,Plantae,SPECIES
148719089,25872,Jasminum mesnyi Hance,Plantae,SPECIES
148719091,26404,"Rhithropanopeus harrisii (Gould, 1841)",Animalia,SPECIES
148719092,25720,Forsythia viridissima Lindl.,Plantae,SPECIES
148719093,25587,"Dyspanopeus sayi (Smith, 1869)",Animalia,SPECIES
148719095,25408,Chrysojasminum humile (L.) Banfi,Plantae,SPECIES
4377904,25580,"Sternodromia spinirostris (Miers, 1881)",Animalia,SPECIES
148719100,26618,Tecomaria capensis (Thunb.) Spach,Plantae,SPECIES
148719101,25871,Jacaranda mimosifolia D.Don,Plantae,SPECIES
148719104,25574,Dolichandra unguis-cati (L.) L.G.Lohmann,Plantae,SPECIES
148719106,26629,"Thalamita gloriensis Crosnier, 1962",Animalia,SPECIES
148719107,25336,Catalpa ovata G.Don,Plantae,SPECIES
148719108,26344,"Portunus pelagicus (Linnaeus, 1758)",Animalia,SPECIES
148719109,25335,Catalpa bignonioides Walter,Plantae,SPECIES
148719110,25337,Catalpa speciosa (Warder ex Barney) Warder ex Engelm.,Plantae,SPECIES
148719111,25386,"Charybdis lucifera (Fabricius, 1798)",Animalia,SPECIES
3172549,25310,Campsis radicans (L.) Bureau,Plantae,SPECIES
148719114,25385,"Charybdis japonica (A.Milne-Edwards, 1861)",Animalia,SPECIES
148719115,26688,Verbascum virgatum Stokes,Plantae,SPECIES
148719116,25300,"Callinectes sapidus Rathbun, 1896",Animalia,SPECIES
148719117,25299,"Callinectes danae Smith, 1869",Animalia,SPECIES
148719119,26045,Myoporum insulare R.Br.,Plantae,SPECIES
8946295,25216,"Pontastacus leptodactylus (Eschscholtz, 1823)",Animalia,SPECIES
148719122,26046,Myoporum laetum G.Forst.,Plantae,SPECIES
148719123,26180,"Pacifastacus leniusculus (Dana, 1852)",Animalia,SPECIES
148719124,26047,Myoporum tetrandrum (Labill.) Domin,Plantae,SPECIES
8863604,25229,Austropotamobius fulcisianus fulcisianus,Animalia,SUBSPECIES
148719127,25288,Buddleja davidii Franch.,Plantae,SPECIES
148719129,25744,"Glabropilumnus laevis (Dana, 1852)",Animalia,SPECIES
148719130,26747,Ziziphora capitata L.,Plantae,SPECIES
148719131,25029,"Actumnus globulus Heller, 1860",Animalia,SPECIES
5341492,26312,Coleus scutellarioides (L.) Benth.,Plantae,SPECIES
148719134,26567,Stachys byzantina K.Koch,Plantae,SPECIES
148719138,26282,Physostegia virginiana (L.) Benth.,Plantae,SPECIES
148719140,25823,"Hyalomma aegyptium Linnaeus, 1758",Animalia,SPECIES
148719141,26460,Salvia amplexicaulis Lam.,Plantae,SPECIES
148719142,26462,Salvia leucantha Cav.,Plantae,SPECIES
148719143,26461,Salvia hispanica L.,Plantae,SPECIES
148719145,26464,Salvia splendens Sellow ex Nees,Plantae,SPECIES
148719146,26463,Salvia microphylla Kunth,Plantae,SPECIES
148719148,26471,Satureja hortensis L.,Plantae,SPECIES
148719150,26234,Perilla frutescens (L.) Britton,Plantae,SPECIES
148719153,26152,Origanum majorana L.,Plantae,SPECIES
148719154,25985,Marrubium peregrinum L.,Plantae,SPECIES
148719155,26568,"Steatoda nobilis (Thorell, 1875)",Animalia,SPECIES
148719156,25904,Lavandula dentata L.,Plantae,SPECIES
148719157,25893,Lamium galeobdolon subsp. argentatum (Smejkal) J.Duvign.,Plantae,SUBSPECIES
148719158,26205,"Parasteatoda tepidariorum (C.L.Koch, 1841)",Animalia,SPECIES
148719160,26258,"Pholcus opilionoides (Schrank, 1781)",Animalia,SPECIES
148719161,25912,Leonurus quinquelobatus Gilib.,Plantae,SPECIES
148719162,26259,"Pholcus phalangioides (Fuesslin, 1775)",Animalia,SPECIES
148719163,25911,Leonurus cardiaca L.,Plantae,SPECIES
148719165,25972,Lycopus lucidus Turcz. ex Benth.,Plantae,SPECIES
148719167,25625,Elsholtzia ciliata (Thunb.) Hyl.,Plantae,SPECIES
148719168,25420,Clerodendrum bungei Steud.,Plantae,SPECIES
148719169,25421,Clerodendrum trichotomum Thunb.,Plantae,SPECIES
10830727,25236,Pseudodictamnus mediterraneus Salmaki & Siadati,Plantae,SPECIES
9597437,26073,"Kryptonesticus eremita (Simon, 1880)",Animalia,SPECIES
148719174,26157,"Ostearius melanopygius (O.Pickard-Cambridge, 1880)",Animalia,SPECIES
148719175,26692,Veronica filiformis Sm.,Plantae,SPECIES
148719176,26694,Veronica persica Poir.,Plantae,SPECIES
148719177,26006,"Mermessus trilobatus (Emerton, 1882)",Animalia,SPECIES
148719178,26693,Veronica peregrina L.,Plantae,SPECIES
148719179,26306,Plantago virginica L.,Plantae,SPECIES
148719180,25651,"Erigone autumnalis Emerton, 1882",Animalia,SPECIES
148719181,25932,Limnophila ×ludoviciana Thieret,Plantae,SPECIES
148719183,25192,"Argiope trifasciata (Forsskål, 1775)",Animalia,SPECIES
148719184,25430,Collinsia heterophylla Buist ex Graham,Plantae,SPECIES
148719185,25164,Antirrhinum majus L.,Plantae,SPECIES
148719189,26619,"Tegolophus califraxini (Keifer, 1938)",Animalia,SPECIES
148719190,26691,Verbena incompta P.W.Michael,Plantae,SPECIES
148719191,26690,Verbena brasiliensis Vell.,Plantae,SPECIES
148719193,25032,"Aculus ligustri (Keifer, 1938)",Animalia,SPECIES
148719194,26689,Verbena bonariensis L.,Plantae,SPECIES
148719195,25031,"Aculops rhodensis (Keifer, 1957)",Animalia,SPECIES
148719196,25030,"Aculops allotrichus (Nalepa, 1894)",Animalia,SPECIES
148719197,26263,Phyla nodiflora (L.) Greene,Plantae,SPECIES
7455425,26262,Phyla nodiflora var. minor (Gillies & Hook.) N.O'Leary & Múlgura,Plantae,VARIETY
148719199,25021,"Aceria tristriata (Nalepa, 1890)",Animalia,SPECIES
148719201,25898,Lantana camara L.,Plantae,SPECIES
2925616,25745,Verbena ×hybrida Groenland & Rümpler,Plantae,SPECIES
148719205,26067,"Neoergasilus japonicus (Harada, 1930)",Animalia,SPECIES
2925614,25746,Verbena tenera Spreng.,Plantae,SPECIES
148719207,25092,Aloysia citrodora Paláu,Plantae,SPECIES
148719210,25182,"Apocyclops panamensis (Marsh, 1913)",Animalia,SPECIES
148719212,26748,Ziziphus jujuba Mill.,Plantae,SPECIES
148719215,26673,Ulmus pumila L.,Plantae,SPECIES
148719218,26365,"Pseudodiaptomus marinus Sato, 1913",Animalia,SPECIES
8214730,25609,Elaeagnus pungens Thunb. ex A.Murray,Plantae,SPECIES
148719222,26008,"Metacalanus acutioperculum Ohtsuka, 1984",Animalia,SPECIES
7752288,25610,Elaeagnus umbellata C.P.Thunb. ex A.Murray,Plantae,SPECIES
148719225,25677,"Eudiaptomus gracilis (Sars G.O., 1863)",Animalia,SPECIES
148719226,25607,Elaeagnus angustifolia L.,Plantae,SPECIES
148719228,25296,"Calanopia elliptica (Dana, 1849)",Animalia,SPECIES
148719229,25608,Elaeagnus commutata Bernh. ex Rydb.,Plantae,SPECIES
148719233,25264,"Boeckella triarticulata (Thomson G.M., 1883)",Animalia,SPECIES
2984537,25819,Humulus scandens (Lour.) Merr.,Plantae,SPECIES
148719237,25346,Celtis occidentalis L.,Plantae,SPECIES
148719238,25312,Cannabis sativa L.,Plantae,SPECIES
148719239,25014,"Acartia tonsa Dana, 1849",Animalia,SPECIES
148719241,25265,Boehmeria nivea (L.) Gaudich.,Plantae,SPECIES
148719243,26032,Morus nigra L.,Plantae,SPECIES
148719245,26030,Morus alba L.,Plantae,SPECIES
148719248,26031,Morus indica L.,Plantae,SPECIES
148719249,26397,"Reticulitermes urbis Bagnères, Uva & Clément, 2003",Animalia,SPECIES
148719251,25975,Maclura pomifera (Raf. ex Sarg.) C.K.Schneid.,Plantae,SPECIES
148719253,26634,"Thrips hawaiiensis (Morgan, 1913)",Animalia,SPECIES
148719254,25716,Ficus watkinsiana F.M.Bailey,Plantae,SPECIES
148719255,25715,Ficus pumila L.,Plantae,SPECIES
148719256,25714,Ficus microcarpa L.fil.,Plantae,SPECIES
148719257,25713,Ficus elastica Roxb.,Plantae,SPECIES
148719258,25285,Broussonetia papyrifera (L.) L'Hér. ex Vent.,Plantae,SPECIES
148719261,26314,"Plesiothrips perplexus (Beach, 1896)",Animalia,SPECIES
148719262,25980,Malus domestica (Suckow) Borkh.,Plantae,SPECIES
148719264,26253,"Phibalothrips peringueyi (Faure, 1925)",Animalia,SPECIES
148719265,25790,"Heliothrips haemorrhoidalis (Bouché, 1833)",Animalia,SPECIES
148719266,26358,Prunus cerasus L.,Plantae,SPECIES
148719270,26084,"Nosopsyllus fasciatus (Bosc, 1800)",Animalia,SPECIES
2988224,26382,Pyracantha fortuneana (Maxim.) H.L.Li,Plantae,SPECIES
148719272,26557,Spiraea ×vanhouttei (Briot) Zabel,Plantae,SPECIES
148719274,26556,Spiraea salicifolia L.,Plantae,SPECIES
148719276,25679,"Euhoplopsyllus glacialis affinis (Baker, 1904)",Animalia,SUBSPECIES
148719277,26555,Spiraea japonica L.fil.,Plantae,SPECIES
148719278,25678,"Euhoplopsyllus glacialis (Taschenberg, 1880)",Animalia,SPECIES
148719280,26554,Spiraea hypericifolia L.,Plantae,SPECIES
148719282,26651,"Trichadenotecnum innuptum Betz, 1983",Animalia,SPECIES
148719283,25073,Alchemilla mollis (Buser) Rothm.,Plantae,SPECIES
148719284,25129,Amelanchier ×lamarckii F.G.Schroed.,Plantae,SPECIES
148719288,25374,Chaenomeles speciosa (Sweet) Nakai,Plantae,SPECIES
148719290,25373,Chaenomeles japonica (Thunb.) Lindl. ex Spach,Plantae,SPECIES
1032764,26066,"Colpocephalum turbinatum Denny, 1842",Animalia,SPECIES
148719293,25475,Crataegus submollis Sarg.,Plantae,SPECIES
148719295,25473,Crataegus crus-galli L.,Plantae,SPECIES
148719296,25474,Crataegus persimilis Sarg.,Plantae,SPECIES
148719301,25471,Crataegus azarolus L.,Plantae,SPECIES
148719303,25602,"Ectopsocus maindroni Badonnel, 1935",Animalia,SPECIES
148719306,25472,Crataegus coccinea L.,Plantae,SPECIES
4988004,26749,"Goniodes colchici Denny, 1842",Animalia,SPECIES
148719308,25456,Cotoneaster horizontalis Decne.,Plantae,SPECIES
148719309,26197,"Paragoniocotes fulvofasciatus (Picaglia, 1885)",Animalia,SPECIES
148719310,25455,Cotoneaster hjelmqvistii Flinck & B.Hylmö,Plantae,SPECIES
148719311,26069,"Neopsittaconirmus lybartota (Ansari, 1947)",Animalia,SPECIES
148719312,25454,Cotoneaster dammeri C.K.Schneid.,Plantae,SPECIES
148719313,25460,Cotoneaster simonsii Baker,Plantae,SPECIES
148719314,25459,Cotoneaster salicifolius Franch.,Plantae,SPECIES
148719315,25458,Cotoneaster pannosus Franch.,Plantae,SPECIES
148719316,25936,"Lipeurus maculosus Clay, 1938",Animalia,SPECIES
3026035,25457,Cotoneaster coriaceus Franch.,Plantae,SPECIES
148719319,25502,Cydonia oblonga Mill.,Plantae,SPECIES
10786206,25653,Rhaphiolepis bibas (Lour.) Galasso & Banfi,Plantae,SPECIES
148719321,25721,Fragaria ×ananassa (Weston) Rozier,Plantae,SPECIES
148719322,25391,"Chelopistes meleagridis (Linnaeus, 1758)",Animalia,SPECIES
3029922,25722,Fragaria virginiana subsp. virginiana,Plantae,SUBSPECIES
148719326,25884,Kerria japonica (L.) DC.,Plantae,SPECIES
148719329,25979,Malus ×dasyphylla Borkh.,Plantae,SPECIES
148719331,25981,Malus hupehensis (Pamp.) Rehder,Plantae,SPECIES
148719334,25131,"Ametropus fragilis Albarda, 1878",Animalia,SPECIES
148719335,26260,Photinia serratifolia (Desf.) Kalkman,Plantae,SPECIES
148719337,26383,Pyracantha crenulata (D.Don) M.Roem.,Plantae,SPECIES
148719339,26436,Rubus phoenicolasius Maxim.,Plantae,SPECIES
148719340,26414,"Ricania speculum (Walker, 1851)",Animalia,SPECIES
148719341,26435,Rubus armeniacus Focke,Plantae,SPECIES
148719343,26641,"Toumeyella parvicornis (Cockerell, 1897)",Animalia,SPECIES
148719344,26428,Rosa rugosa Thunb.,Plantae,SPECIES
148719345,26380,"Pulvinaria horii Kuwana, 1902",Animalia,SPECIES
148719347,26232,"Pentacora sphacelata (Uhler, 1877)",Animalia,SPECIES
148719348,26429,Rosa virginiana Herrm.,Plantae,SPECIES
148719350,26074,"Nezara viridula (Linnaeus, 1758)",Animalia,SPECIES
148719351,26425,Rosa foetida Herrm.,Plantae,SPECIES
148719353,26164,Ovaticoccus exoticus Pellizzari & Kozar,Animalia,SPECIES
148719354,26424,Rosa banksiae R.Br. ex Aiton,Plantae,SPECIES
148719355,26427,Rosa multiflora Thunb.,Plantae,SPECIES
148719356,26426,Rosa moschata Herrm.,Plantae,SPECIES
148719358,26281,Physocarpus opulifolius (L.) Maxim.,Plantae,SPECIES
148719359,26362,Prunus serotina Ehrh.,Plantae,SPECIES
148719360,26361,Prunus persica (L.) Stokes,Plantae,SPECIES
148719361,25988,"Matsucoccus feytaudi Ducasse, 1941",Animalia,SPECIES
148719362,26360,Prunus laurocerasus L.,Plantae,SPECIES
148719363,26359,Prunus domestica L.,Plantae,SPECIES
148719364,26357,Prunus cerasifera Ehrh.,Plantae,SPECIES
148719366,26348,Potentilla norvegica L.,Plantae,SPECIES
148719368,26349,Poteridium annuum (Nutt. ex Hook.) Spach,Plantae,SPECIES
148719369,26346,Potentilla indica (Andrews) Th.Wolf,Plantae,SPECIES
5156017,26029,"Phylloxera corticalis Kaltenbach, 1867",Animalia,SPECIES
148719371,26347,Potentilla intermedia L.,Plantae,SPECIES
148719375,26151,"Orientus ishidae (Matsumura, 1902)",Animalia,SPECIES
148719376,26553,Spiraea cantoniensis Lour.,Plantae,SPECIES
148719377,26550,Sorbaria tomentosa (Lindl.) Rehder,Plantae,SPECIES
148719378,25814,"Hishimonus hamatus Kuoh, 1976",Animalia,SPECIES
148719379,26549,Sorbaria sorbifolia (L.) A.Braun,Plantae,SPECIES
2049747,25579,"Adelges nordmannianae (Eckstein, 1890)",Animalia,SPECIES
148719387,25453,"Corythucha arcuata (Say, 1832)",Animalia,SPECIES
148719389,25403,"Chorizococcus rostellum (Lobdell, 1930)",Animalia,SPECIES
148719390,25895,Lamprocapnos spectabilis (L.) Fukuhara,Plantae,SPECIES
148719392,26680,"Unaspis euonymi (Comstock, 1881)",Animalia,SPECIES
148719393,26420,Roemeria hybrida (L.) DC.,Plantae,SPECIES
148719395,25717,"Fiorinia pinicola Maskell, 1897",Animalia,SPECIES
148719396,25409,"Chrysomphalus aonidum (Linnaeus, 1758)",Animalia,SPECIES
148719397,26189,Papaver atlanticum (Ball) Coss.,Plantae,SPECIES
148719399,25139,"Amphiareus obscuriceps (Poppius, 1909)",Animalia,SPECIES
6259867,26712,"Wahlgreniella nervata arbuti (Davidson, 1910)",Animalia,SUBSPECIES
148719404,25727,Fumaria kralikii Jord.,Plantae,SPECIES
148719405,25667,Eschscholzia californica Cham.,Plantae,SPECIES
8035334,26643,Aphis aurantii aurantii,Animalia,SUBSPECIES
148719409,26056,Nandina domestica Thunb.,Plantae,SPECIES
2069599,26407,"Rhopalosiphum sanguinarium Baker, 1934",Animalia,SPECIES
3033865,25246,Mahonia aquifolium (Pursh) Nutt.,Plantae,SPECIES
148719412,26666,"Tuberocephalus tianmushanensis Zhang, 1980",Animalia,SPECIES
3033888,25247,Mahonia bealei (Fortune) Carrière,Plantae,SPECIES
148719414,26640,"Tinocallis saltans (Nevsky, 1929)",Animalia,SPECIES
148719416,26049,"Myzus ascalonicus Doncaster, 1946",Animalia,SPECIES
148719417,26050,"Myzus ornatus Laing, 1932",Animalia,SPECIES
148719419,26389,Ranunculus asiaticus L.,Plantae,SPECIES
148719420,25405,"Chromaphis juglandicola (Kaltenbach, 1843)",Animalia,SPECIES
148719421,26080,Nigella sativa L.,Plantae,SPECIES
6259775,25377,"Chaitophorus saliapterus quinquemaculatus Bozhko, 1976",Animalia,SUBSPECIES
148719423,25274,"Brachycaudus rumexicolens (Patch, 1917)",Animalia,SPECIES
8429167,25545,Delphinium hispanicum Costa,Plantae,SPECIES
148719425,25419,Clematis tangutica (Maxim.) Korsh.,Plantae,SPECIES
148719426,25176,"Aphis oenotherae Oestlund, 1887",Animalia,SPECIES
148719427,25175,"Aphis gossypii Glover, 1877",Animalia,SPECIES
148719428,25033,"Acyrthosiphon caraganae (Cholodkovsky, 1908)",Animalia,SPECIES
148719431,25149,Anemone blanda Schott & Kotschy,Plantae,SPECIES
148719432,26632,"Thoracochaeta johnsoni (Spuler, 1925)",Animalia,SPECIES
148719433,25150,Anemone pavonina Lam.,Plantae,SPECIES
148719435,25801,"Hermetia illucens (Linnaeus, 1758)",Animalia,SPECIES
148719439,25066,Akebia quinata (Houtt.) Decne.,Plantae,SPECIES
148719442,25583,"Drosophila suzukii (Matsumura, 1931)",Animalia,SPECIES
148719445,26413,Ribes spicatum E.Robson,Plantae,SPECIES
148719446,26412,Ribes nigrum L.,Plantae,SPECIES
148719447,26411,Ribes aureum Pursh,Plantae,SPECIES
148719450,25575,"Dolichopeza modesta (Savchenko, 1980)",Animalia,SPECIES
148719451,26048,Myriophyllum aquaticum (Vell.) Verdc.,Plantae,SPECIES
148719455,25939,Liquidambar styraciflua L.,Plantae,SPECIES
148719457,26742,"Zaprionus tuberculatus Malloch, 1932",Animalia,SPECIES
148719459,26473,Saxifraga stolonifera Curtis,Plantae,SPECIES
148719460,26475,"Scaptomyza adusta (Loew, 1862)",Animalia,SPECIES
148719461,26474,Saxifraga umbrosa L.,Plantae,SPECIES
148719462,25810,Heuchera sanguinea Engelm.,Plantae,SPECIES
148719463,25411,"Chymomyza amoena (Loew, 1862)",Animalia,SPECIES
148719465,25248,Bergenia crassifolia (L.) Fritsch,Plantae,SPECIES
148719470,25883,Kalanchoe ×houghtonii D.B.Ward,Plantae,SPECIES
148719471,25038,"Aedes koreicus (Edwards, 1917)",Animalia,SPECIES
148719472,26491,Sedum sarmentosum Bunge,Plantae,SPECIES
148719473,25036,"Aedes albopictus (Skuse, 1894)",Animalia,SPECIES
148719474,25037,Aedes japonicus japonicus,Animalia,SUBSPECIES
5688173,26488,Sedum adolphi Raym.-Hamet,Plantae,SPECIES
148719477,26489,Sedum palmeri S.Watson,Plantae,SPECIES
6997654,26577,"Stricticollis tobias De Marseul, 1879",Animalia,SPECIES
148719480,26490,Sedum praealtum A.DC.,Plantae,SPECIES
148719483,26251,Phedimus spurius (M.Bieb.) 't Hart,Plantae,SPECIES
148719484,26526,"Sitophilus zeamais Motschulsky & V.de, 1855",Animalia,SPECIES
148719485,25882,Kalanchoe delagoensis Eckl. & Zeyh.,Plantae,SPECIES
148719486,25881,Kalanchoe daigremontiana Raym.-Hamet & H.Perrier,Plantae,SPECIES
148719487,25762,Graptopetalum paraguayense (N.E.Br.) Walther,Plantae,SPECIES
148719488,25464,Cotyledon orbiculata L.,Plantae,SPECIES
148719489,25470,Crassula tetragona L.,Plantae,SPECIES
148719491,26622,"Tenebroides mauritanicus (Linnaeus, 1758)",Animalia,SPECIES
148719492,25469,Crassula ovata (Mill.) Druce,Plantae,SPECIES
148719493,25468,Crassula muscosa L.,Plantae,SPECIES
148719495,25467,Crassula campestris (Eckl. & Zeyh.) Endl. ex Walp.,Plantae,SPECIES
148719496,26339,"Popillia japonica Newman, 1838",Animalia,SPECIES
148719497,25040,Aeonium decorum Webb ex Bolle,Plantae,SPECIES
148719499,26406,"Rhopalapion longirostre (Olivier, 1807)",Animalia,SPECIES
148719500,25041,Aeonium gomerense (Praeger) Praeger,Plantae,SPECIES
148719502,25042,Aeonium haworthii Salm-Dyck ex Webb & Berthel.,Plantae,SPECIES
148719503,25043,Aeonium simsii (Sweet) Stearn,Plantae,SPECIES
148719508,25901,"Lasioderma serricorne Fabricius, 1792",Animalia,SPECIES
148719511,25943,"Litargus balteatus LeConte, 1856",Animalia,SPECIES
148719512,26350,Primula vulgaris subsp. rubra (Sm.) Arcang.,Plantae,SUBSPECIES
148719515,26571,"Stenopelmus rufinasus Gyllenhal, 1835",Animalia,SPECIES
148719516,25857,Impatiens parviflora DC.,Plantae,SPECIES
4193455,25855,Impatiens tricornis Lindl.,Plantae,SPECIES
148719518,25942,"Lissorhoptrus oryzophilus Kuschel, 1952",Animalia,SPECIES
148719519,25856,Impatiens glandulifera Royle,Plantae,SPECIES
148719520,25854,Impatiens balsamina L.,Plantae,SPECIES
148719521,25853,Impatiens balfourii Hook.fil.,Plantae,SPECIES
148719524,26469,"Saprinus lugens Erichson, 1834",Animalia,SPECIES
148719525,25644,Erica tetralix L.,Plantae,SPECIES
148719528,25567,Diospyros kaki L.f.,Plantae,SPECIES
148719530,25568,Diospyros lotus L.,Plantae,SPECIES
148719532,26256,Phlox paniculata L.,Plantae,SPECIES
148719533,25780,"Harmonia axyridis (Pallas, 1773)",Animalia,SPECIES
148719535,25431,Collomia linearis Nutt.,Plantae,SPECIES
6550091,25028,Actinidia chinensis var. deliciosa (A.Chev.) A.Chev.,Plantae,VARIETY
148719542,26644,Trachelium caeruleum L.,Plantae,SPECIES
148719545,25485,"Cryptolestes pusillus (Schénherr, 1817)",Animalia,SPECIES
148719547,25947,Lobelia erinus L.,Plantae,SPECIES
148719548,26179,"Pachysternum capense (Mulsant, 1844)",Animalia,SPECIES
148719549,25948,Lobelia laxiflora Kunth,Plantae,SPECIES
148719550,25532,"Dactylosternum abdominale (Fabricius, 1792)",Animalia,SPECIES
148719551,25309,Campanula poscharskyana Degen,Plantae,SPECIES
148719552,25487,"Cryptopleurum subtile Sharp, 1884",Animalia,SPECIES
148719553,25308,Campanula portenschlagiana Schult.,Plantae,SPECIES
148719555,26746,Zinnia elegans Jacq.,Plantae,SPECIES
148719556,25368,"Cercyon laminatus Sharp, 1873",Animalia,SPECIES
148719559,25316,"Carabus montivagus Palliardi, 1825",Animalia,SPECIES
3133938,25255,Coreopsis lanceolata L.,Plantae,SPECIES
148719561,26725,Xanthium spinosum L.,Plantae,SPECIES
148719563,25295,"Caenoscelis subdeplanata Brisout de Barneville, 1882",Animalia,SPECIES
148719564,26728,Xeranthemum annuum L.,Plantae,SPECIES
148719565,25219,"Atomaria lewisi Reitter, 1877",Animalia,SPECIES
3151751,26598,Symphyotrichum ×versicolor (Willd.) G.L.Nesom,Plantae,SPECIES
148719570,25218,"Atheta mucronata (Kraatz, 1859)",Animalia,SPECIES
148719572,26202,"Paraphloeostiba gayndahensis (W.J.MacLeay, 1871)",Animalia,SPECIES
148719573,26596,Symphyotrichum squamatum (Spreng.) G.L.Nesom,Plantae,SPECIES
148719574,26254,"Philonthus spinipes Sharp, 1874",Animalia,SPECIES
3151811,26597,Symphyotrichum ×salignum (Willd.) G.L.Nesom,Plantae,SPECIES
148719581,25202,"Arthrolips fasciata (Erichson, 1842)",Animalia,SPECIES
11519882,26724,Xanthium orientale var. italicum (Moretti) M.Hassl.,Plantae,VARIETY
1152186,25298,"Callidiellum rufipennis (Motschulsky, 1861)",Animalia,SPECIES
148719588,25888,Lactuca macrophylla subsp. uralensis (Rouy) N.Kilian & Greuter,Plantae,SUBSPECIES
148719589,26735,"Xylotrechus stebbingi Gahan, 1906",Animalia,SPECIES
5402361,26158,Dimorphotheca barberae Harv.,Plantae,SPECIES
8571136,26023,"Molorchus minor (Linnaeus, 1758)",Animalia,SPECIES
6063730,26497,Senecio vernalis Waldst. & Kit.,Plantae,SPECIES
148719596,26065,"Neoclytus acuminatus (Fabricius, 1775)",Animalia,SPECIES
148719597,25157,"Anoplophora chinensis (Forster, 1771)",Animalia,SPECIES
148719598,26547,Soliva sessilis Ruiz & Pav.,Plantae,SPECIES
148719599,26544,Solidago canadensis L.,Plantae,SPECIES
148719601,26545,Solidago gigantea Aiton,Plantae,SPECIES
148719603,26515,Silphium perfoliatum L.,Plantae,SPECIES
148719604,26731,"Xyleborus pfeili Wood & Bright, 1992",Animalia,SPECIES
148719605,26511,Sigesbeckia orientalis L.,Plantae,SPECIES
148719606,26496,Senecio inaequidens DC.,Plantae,SPECIES
148719607,25566,"Dinoderus japonicus Lesne, 1895",Animalia,SPECIES
148719608,26498,Senecio pterophorus DC.,Plantae,SPECIES
148719609,25172,"Apate monachus Fabricius, 1775",Animalia,SPECIES
148719610,26493,Senecio angulatus L.fil.,Plantae,SPECIES
148719612,26494,Senecio crassiflorus (Poir.) DC.,Plantae,SPECIES
148719614,26495,Senecio deltoideus Less.,Plantae,SPECIES
5019544,25126,"Xyleborus atratus Eichhoff, 1875",Animalia,SPECIES
148719616,26614,Tanacetum cinerariifolium (Trevis.) Sch.Bip.,Plantae,SPECIES
148719618,26613,Tanacetum balsamita L.,Plantae,SPECIES
5020574,25498,"Xyleborus bodoanus Reitter, 1913",Animalia,SPECIES
3118254,25237,Tanacetum balsamita L.,Plantae,SPECIES
148719621,26620,Telekia speciosa (Schreb.) Baumg.,Plantae,SPECIES
5019579,26732,"Xyleborus compactus Eichhoff, 1875",Animalia,SPECIES
148719623,26595,Symphyotrichum pilosum (Willd.) G.L.Nesom,Plantae,SPECIES
148719624,26594,Symphyotrichum novi-belgii (L.) G.L.Nesom,Plantae,SPECIES
8152712,26733,"Xylosandrus crassiusculus Motschulsky, 1866",Animalia,SPECIES
5020078,26734,"Xyleborus germanus Blandford, 1894",Animalia,SPECIES
148719627,26608,Tagetes minuta L.,Plantae,SPECIES
148719628,26607,Tagetes erecta L.,Plantae,SPECIES
148719631,26591,Symphyotrichum lanceolatum (Willd.) G.L.Nesom,Plantae,SPECIES
148719633,26593,Symphyotrichum novae-angliae (L.) G.L.Nesom,Plantae,SPECIES
148719634,25753,"Gnathotrichus materiarius Wood & Bright, 1992",Animalia,SPECIES
148719635,26589,Symphyotrichum ericoides (L.) G.L.Nesom,Plantae,SPECIES
148719636,26480,"Sciaphilus asperatus (Bonsdorff, 1785)",Animalia,SPECIES
148719637,26366,Pseudognaphalium undulatum (L.) Hilliard & B.L.Burtt,Plantae,SPECIES
148719638,26331,"Polydrusus inustus Germar, 1823",Animalia,SPECIES
148719639,26288,Picris rhagadioloides (L.) Desf.,Plantae,SPECIES
148719641,26468,Santolina virens Mill.,Plantae,SPECIES
148719642,26024,"Monarthrum mali Wood & Bright, 1992",Animalia,SPECIES
148719643,26467,Santolina chamaecyparissus L.,Plantae,SPECIES
148719644,26421,Roldana petasitis (Sims) H.Rob. & Brettell,Plantae,SPECIES
148719645,25846,"Hypothenemus eruditus (Westwood, 1834)",Animalia,SPECIES
1242940,25527,"Dryocoetes luteus Blandford, 1894",Animalia,SPECIES
148719647,26439,Rudbeckia laciniata L.,Plantae,SPECIES
148719648,25597,"Echinocnemus sardous Desbrochers, 1900",Animalia,SPECIES
148719649,26438,Rudbeckia hirta L.,Plantae,SPECIES
148719651,26437,Rudbeckia fulgida Aiton,Plantae,SPECIES
148719652,26683,"Urophorus humeralis (Fabricius, 1798)",Animalia,SPECIES
148719653,26569,"Stelidota geminata (Say, 1825)",Animalia,SPECIES
148719654,26081,"Nitidula bipunctata (Linnaeus, 1758)",Animalia,SPECIES
148719655,26440,Rudbeckia triloba L.,Plantae,SPECIES
148719656,26392,Ratibida pinnata (Vent.) Barnhart,Plantae,SPECIES
148719657,25638,"Epuraea ocularis Fairmaire, 1849",Animalia,SPECIES
10676000,26401,Leuzea repens (L.) D.J.N.Hind,Plantae,SPECIES
1044154,25637,"Haptoncus luteolus (Erichson, 1843)",Animalia,SPECIES
148719660,25636,"Epuraea imperialis (Reitter, 1877)",Animalia,SPECIES
148719662,25324,"Carpophilus bifenestratus Murray, 1864",Animalia,SPECIES
5387293,26159,Dimorphotheca ecklonis DC.,Plantae,SPECIES
148719664,25987,Matricaria discoidea DC.,Plantae,SPECIES
148719665,25326,"Carpophilus hemipterus (Linnaeus, 1758)",Animalia,SPECIES
148719666,25899,Lapsana communis L.,Plantae,SPECIES
148719667,25325,"Carpophilus fumatus Boheman, 1851",Animalia,SPECIES
148719668,25331,"Carpophilus zeaphilus Dobson, 1969",Animalia,SPECIES
148719669,25328,"Carpophilus mutilatus Erichson, 1843",Animalia,SPECIES
148719670,25926,Leucanthemum ×superbum (Bergmans ex J.W.Ingram) D.H.Kent,Plantae,SPECIES
148719671,25327,"Carpophilus marginellus Motschulsky, 1858",Animalia,SPECIES
148719672,25330,"Carpophilus obsoletus Erichson, 1843",Animalia,SPECIES
148719673,25788,Helianthus pauciflorus Nutt.,Plantae,SPECIES
148719674,25329,"Carpophilus nepos Murray, 1864",Animalia,SPECIES
148719675,25046,"Aethina tumida Murray, 1867",Animalia,SPECIES
148719676,25789,Helianthus tuberosus L.,Plantae,SPECIES
148719678,25062,"Ahasverus advena (Walt, 1832)",Animalia,SPECIES
148719679,25785,Helianthus annuus L.,Plantae,SPECIES
148719680,25786,Helianthus decapetalus L.,Plantae,SPECIES
9904952,25858,"Pentanema germanicum (L.) D.Gut.Larr., Santos-Vicente, Anderb., E.Rico & M.M.Mart.Ort.",Plantae,SPECIES
148719684,25450,"Corticarina cavicollis (Mannerheim, 1844)",Animalia,SPECIES
148719685,25729,Galinsoga parviflora Cav.,Plantae,SPECIES
148719686,25730,Galinsoga quadriradiata Ruiz & Pav.,Plantae,SPECIES
148719688,25332,"Cartodere bifasciata (Reitter, 1877)",Animalia,SPECIES
148719689,25035,"Adistemia watsoni (Wollaston, 1871)",Animalia,SPECIES
7825768,25728,Gaillardia grandiflora Pursh,Plantae,SPECIES
6275970,25012,"Dactylispa pallidipennis (Motschulsky, 1861)",Animalia,SPECIES
148719695,25737,Gamochaeta argyrinea G.L.Nesom,Plantae,SPECIES
148719696,26125,"Ophraella communa LeSage, 1986",Animalia,SPECIES
148719697,25700,Euthamia graminifolia (L.) Nutt.,Plantae,SPECIES
148719698,26028,"Monoxia obesula Blake, 1939",Animalia,SPECIES
148719699,25766,Guizotia abyssinica (L.fil.) Cass.,Plantae,SPECIES
148719700,25921,"Leptinotarsa decemlineata (Say, 1824)",Animalia,SPECIES
148719701,25635,"Epitrix hirtipennis (Melsheimer, 1847)",Animalia,SPECIES
148719702,25769,Gymnocoronis spilanthoides DC.,Plantae,SPECIES
148719703,25286,"Bruchidius raddianae Anton & Delobel, 2003",Animalia,SPECIES
148719704,25739,Gamochaeta pensylvanica (Willd.) Cabrera,Plantae,SPECIES
3103158,25738,Gamochaeta americana (Mill.) Wedd.,Plantae,SPECIES
148719706,25742,Gazania rigens (L.) Gaertn.,Plantae,SPECIES
148719708,25551,"Diaclina fagi (Panzer, 1799)",Animalia,SPECIES
148719709,25741,Gazania linearis (Thunb.) Druce,Plantae,SPECIES
148719713,25645,Erigeron annuus (L.) Pers.,Plantae,SPECIES
148719714,25647,Erigeron canadensis L.,Plantae,SPECIES
148719715,25646,Erigeron bonariensis L.,Plantae,SPECIES
148719716,25022,Achillea filipendulina Lam.,Plantae,SPECIES
148719718,25057,Ageratina altissima (L.) R.M.King & H.Rob.,Plantae,SPECIES
148719720,25428,"Coleophora spiraeella Rebel, 1916",Animalia,SPECIES
148719722,25634,"Epinotia nigricana (Herrich-Schäffer, 1851)",Animalia,SPECIES
148719724,25501,"Cydia conicolana (Heylaerts, 1874)",Animalia,SPECIES
148719725,25056,Ageratina adenophora (Spreng.) R.M.King & H.Rob.,Plantae,SPECIES
148719726,25402,"Choristoneura lafauryana (Ragonot, 1875)",Animalia,SPECIES
148719728,25059,Ageratum houstonianum Mill.,Plantae,SPECIES
148719731,25058,Ageratina ligustrina (DC.) R.M.King & H.Rob.,Plantae,SPECIES
148719732,26465,"Samia cynthia Drury, 1773",Animalia,SPECIES
148719733,25162,"Antheraea yamamai Guérin-Méneville, 1861",Animalia,SPECIES
148719734,25123,Ambrosia psilostachya DC.,Plantae,SPECIES
5772171,25077,"Mythimna languida Walker, 1858",Animalia,SPECIES
148719737,25124,Ambrosia tenuifolia Spreng.,Plantae,SPECIES
148719739,25122,Ambrosia artemisiifolia L.,Plantae,SPECIES
148719741,25125,Ambrosia trifida L.,Plantae,SPECIES
148719744,26695,"Vespa velutina nigrithorax Buysson, 1905",Animalia,SUBSPECIES
148719745,25161,Anthemis ruthenica M.Bieb.,Plantae,SPECIES
148719747,25193,Argyranthemum frutescens (L.) Sch.Bip.,Plantae,SPECIES
148719748,26521,"Sirex areolatus (Cresson, 1867)",Animalia,SPECIES
148719749,25191,Arctotheca calendula (L.) Levyns,Plantae,SPECIES
148719751,25197,Artemisia annua L.,Plantae,SPECIES
148719752,26653,"Trichogramma dendrolimi Matsumura, 1926",Animalia,SPECIES
148719753,25198,Artemisia biennis Willd.,Plantae,SPECIES
148719756,25200,Artemisia tournefortiana Rchb.,Plantae,SPECIES
148719757,25201,Artemisia verlotiorum Lamotte,Plantae,SPECIES
148719758,26311,"Platyscapa quadraticeps (Mayr, 1885)",Animalia,SPECIES
148719759,25199,Artemisia scoparia Waldst. & Kit.,Plantae,SPECIES
148719761,25993,"Megachile sculpturalis Smith, 1853",Animalia,SPECIES
148719763,25995,"Megastigmus pinsapinis Hoffmeyer, 1931",Animalia,SPECIES
148719765,25233,Baccharis halimifolia L.,Plantae,SPECIES
148719767,25258,Bidens subalternans DC.,Plantae,SPECIES
5868121,25973,"Pristiphora saxesenii (Hartig, 1837)",Animalia,SPECIES
148719769,25257,Bidens radiata Thuill.,Plantae,SPECIES
148719771,26477,"Sceliphron caementarium (Drury, 1773)",Animalia,SPECIES
148719772,25259,Bidens vulgata Greene,Plantae,SPECIES
148719773,25869,"Isodontia mexicana (de Saussure, 1867)",Animalia,SPECIES
148719774,25254,Bidens frondosa L.,Plantae,SPECIES
148719776,26026,"Monomorium salomonis (Linnaeus, 1758)",Animalia,SPECIES
148719778,25253,"Bidens formosa Kuntze, 1898",Plantae,SPECIES
148719780,25256,Bidens pilosa L.,Plantae,SPECIES
148719781,25684,"Eupelmus australiensis (Girault, 1913)",Animalia,SPECIES
148719782,25250,Bidens aurea (Aiton) Sherff,Plantae,SPECIES
148719783,25252,Bidens connata Muhl. ex Willd.,Plantae,SPECIES
148719785,25584,"Dryocosmus kuriphilus Yasumatsu, 1951",Animalia,SPECIES
148719786,25251,Bidens bipinnata L.,Plantae,SPECIES
148719787,25301,Callistephus chinensis (L.) Nees,Plantae,SPECIES
148719789,25407,"Chrysis marginata aliunda Linsenmaier, 1959",Animalia,SUBSPECIES
148719791,25357,Centaurea salonitana Vis.,Plantae,SPECIES
148719792,26627,"Tetrastichomyia clisiocampae (Ashmead, 1894)",Animalia,SPECIES
148719793,26000,"Melittobia acasta (Walker, 1839)",Animalia,SPECIES
148719794,25356,Centaurea ragusina L.,Plantae,SPECIES
148719795,26001,"Melittobia australica Girault, 1912",Animalia,SPECIES
148719796,25404,"Chouioia cunea Yang, 1989",Animalia,SPECIES
148719797,25217,"Astichus trifasciatipennis (Girault, 1913)",Animalia,SPECIES
148719798,25355,Centaurea pullata L.,Plantae,SPECIES
148719800,25185,"Aproceros leucopoda Takeuchi, 1939",Animalia,SPECIES
148719801,25354,Centaurea hyalolepis Boiss.,Plantae,SPECIES
148719803,25353,Centaurea diluta Aiton,Plantae,SPECIES
148719804,26218,"Pauesia unilachni (Gahan, 1926)",Animalia,SPECIES
148719805,25352,Centaurea diffusa Lam.,Plantae,SPECIES
148719806,25351,Centaurea acaulis L.,Plantae,SPECIES
148719807,25174,"Aphidius colemani Viereck, 1912",Animalia,SPECIES
148719808,25384,Chamaemelum nobile (L.) All.,Plantae,SPECIES
148719810,25231,"Avetianella longoi Siscaro, 1992",Animalia,SPECIES
7223177,25479,Crepis sancta subsp. sancta,Plantae,SUBSPECIES
148719812,25034,"Adelencyrtus aulacaspidis (Brethes, 1914)",Animalia,SPECIES
148719814,25478,Crepis dioscoridis L.,Plantae,SPECIES
148719815,25462,Cotula coronopifolia L.,Plantae,SPECIES
148719816,25461,Cotula australis (Sieber ex Spreng.) Hook.fil.,Plantae,SPECIES
148719817,25628,"Encarsia aurantii (Howard, 1894)",Animalia,SPECIES
148719818,25178,"Aphytis mytilaspidis (Le Baron, 1870)",Animalia,SPECIES
148719819,25560,Dichrocephala integrifolia (L.fil.) Kuntze,Plantae,SPECIES
148719820,25177,"Aphytis chilensis Howard, 1900",Animalia,SPECIES
148719821,24996,"Ablerus chionaspidis (Howard, 1914)",Animalia,SPECIES
148719822,25543,Delairea odorata Lem.,Plantae,SPECIES
148719823,25649,Erigeron philadelphicus L.,Plantae,SPECIES
148719824,25648,Erigeron karvinskianus DC.,Plantae,SPECIES
148719825,25650,Erigeron sumatrensis Retz.,Plantae,SPECIES
148719826,25655,Eriocephalus africanus L.,Plantae,SPECIES
148719827,25600,Eclipta prostrata (L.) L.,Plantae,SPECIES
148719830,26610,Tamarix meyeri Boiss.,Plantae,SPECIES
148719831,26611,Tamarix parviflora DC.,Plantae,SPECIES
148719832,26609,Tamarix hampeana Boiss. & Heldr.,Plantae,SPECIES
148719834,26343,Portulaca grandiflora Hook.,Plantae,SPECIES
148719836,26285,Phytolacca dioica L.,Plantae,SPECIES
148719837,26284,Phytolacca americana L.,Plantae,SPECIES
148719838,26283,Phytolacca acinosa Roxb.,Plantae,SPECIES
4036310,25703,Fagopyrum cymosum (Trevir.) Meisn.,Plantae,SPECIES
4038333,26316,Reynoutria multiflora (Thunb.) Moldenke,Plantae,SPECIES
148719844,26444,Rumex longifolius DC.,Plantae,SPECIES
148719845,26445,Rumex lunaria L.,Plantae,SPECIES
148719846,26446,Rumex patientia L.,Plantae,SPECIES
148719847,26447,Rumex thyrsiflorus Fingerh.,Plantae,SPECIES
148719848,26448,Rumex triangulivalvis (Danser) Rech.fil.,Plantae,SPECIES
148719849,26443,Rumex kerneri Borbás,Plantae,SPECIES
148719850,26398,Reynoutria ×bohemica Chrtek & Chrtková,Plantae,SPECIES
148719851,26399,Reynoutria japonica Houtt.,Plantae,SPECIES
148719852,26400,Reynoutria sachalinensis (F.Schmidt) Nakai,Plantae,SPECIES
148719853,26402,Rheum officinale Baill.,Plantae,SPECIES
148719854,26403,Rheum palmatum L.,Plantae,SPECIES
148719855,26243,Persicaria senegalensis (Meisn.) Soják,Plantae,SPECIES
148719857,26244,Persicaria virginiana (L.) Gaertn.,Plantae,SPECIES
148719858,26239,Persicaria longiseta (Bruijn) Kitag.,Plantae,SPECIES
148719859,26238,Persicaria filiformis (Thunb.) Nakai,Plantae,SPECIES
148719860,26241,Persicaria orientalis (L.) Spach,Plantae,SPECIES
148719861,26240,Persicaria nepalensis (Meisn.) H.Gross,Plantae,SPECIES
148719862,26237,Persicaria capitata (Buch.-Ham. ex D.Don) H.Gross,Plantae,SPECIES
148719863,26236,Persicaria bungeana (Turcz.) Nakai ex Mori,Plantae,SPECIES
148719864,25886,Koenigia polystachya (Wall. ex Meisn.) T.M.Schust. & Reveal,Plantae,SPECIES
148719865,25705,Fagopyrum tataricum (L.) Gaertn.,Plantae,SPECIES
148719866,25706,Fallopia baldschuanica (Regel) Holub,Plantae,SPECIES
148719867,25704,Fagopyrum esculentum Moench,Plantae,SPECIES
148719869,26022,Mollugo verticillata L.,Plantae,SPECIES
148719870,25839,Hypertelis cerviana (L.) Thulin,Plantae,SPECIES
148719871,25748,Glinus lotoides L.,Plantae,SPECIES
7095665,25418,Claytonia perfoliata subsp. perfoliata,Plantae,SUBSPECIES
148719875,26320,Plumbago auriculata Lam.,Plantae,SPECIES
148719876,25367,Ceratostigma plumbaginoides Bunge,Plantae,SPECIES
148719878,26513,Silene graeca Boiss. & Spruner,Plantae,SPECIES
148719879,26514,Silene heldreichii Boiss.,Plantae,SPECIES
148719880,26512,Silene conoidea L.,Plantae,SPECIES
148719881,26245,Petrorhagia glumacea (Bory & Chaub.) P.W.Ball & Heywood,Plantae,SPECIES
148719882,25772,Gypsophila pilosa Huds.,Plantae,SPECIES
148719883,25771,Gypsophila paniculata L.,Plantae,SPECIES
148719884,25770,Gypsophila elegans M.Bieb.,Plantae,SPECIES
148719885,25555,Dianthus plumarius L.,Plantae,SPECIES
148719886,25363,Cerastium biebersteinii DC.,Plantae,SPECIES
148719888,26626,Tetragonia tetragonioides (Pallas) Kuntze,Plantae,SPECIES
148719889,26449,Ruschia tumidula (Haw.) Schwantes,Plantae,SPECIES
148719890,25978,Malephora uitenhagensis (L.Bolus) H.Jacobsen & Schwantes,Plantae,SPECIES
148719891,26007,Mesembryanthemum cordifolium L.fil.,Plantae,SPECIES
148719892,25894,Lampranthus elegans (Jacq.) Schwantes,Plantae,SPECIES
148719893,25976,Malephora crocea (Jacq.) Schwantes,Plantae,SPECIES
148719894,25977,Malephora lutea (Haw.) Schwantes,Plantae,SPECIES
148719895,25544,Delosperma cooperi (Hook.fil.) L.Bolus,Plantae,SPECIES
148719896,25581,Drosanthemum floribundum (Haw.) Schwantes,Plantae,SPECIES
148719897,25582,Drosanthemum hispidum (L.) Schwantes,Plantae,SPECIES
148719898,25323,Carpobrotus edulis (L.) N.E.Br.,Plantae,SPECIES
148719899,25322,Carpobrotus acinaciformis (L.) L.Bolus,Plantae,SPECIES
148719901,26013,Mirabilis jalapa L.,Plantae,SPECIES
10363580,26015,Mirabilis nyctaginea (Michx.) Mac Mill.,Plantae,SPECIES
148719903,26014,Mirabilis longiflora L.,Plantae,SPECIES
148719904,25266,Boerhavia coccinea Mill.,Plantae,SPECIES
10987750,26652,Soehrensia spachiana (Lem.) Schlumpb.,Plantae,SPECIES
3944596,25949,Chamaecereus silvestrii (Speg.) Britton & Rose,Plantae,SPECIES
148719911,26130,Opuntia dejecta Salm-Dyck,Plantae,SPECIES
148719912,26133,Opuntia elatior Mill.,Plantae,SPECIES
7280115,26132,Opuntia elata Link & Otto ex Salm-Dyck,Plantae,SPECIES
148719914,26135,Opuntia ficus-indica (L.) Mill.,Plantae,SPECIES
148719915,26134,Opuntia engelmannii Salm-Dyck ex Engelm.,Plantae,SPECIES
5619968,26138,Opuntia engelmannii var. lindheimeri (Engelm.) B.D.Parfitt & Pinkava,Plantae,VARIETY
148719917,26129,Opuntia chlorotica Engelm. & J.M.Bigelow,Plantae,SPECIES
148719918,26140,Opuntia monacantha Haw.,Plantae,SPECIES
148719919,26141,Opuntia phaeacantha Engelm.,Plantae,SPECIES
7283697,26142,Opuntia robusta H.L.Wendl. ex Pfeiff.,Plantae,SPECIES
148719921,26143,Opuntia scheeri F.A.C.Weber,Plantae,SPECIES
148719922,26136,Opuntia humifusa (Raf.) Raf.,Plantae,SPECIES
148719923,26137,Opuntia leucotricha DC.,Plantae,SPECIES
148719924,26139,Opuntia microdasys (Lehm.) Pfeiff.,Plantae,SPECIES
148719925,26144,Opuntia spinulifera Salm-Dyck,Plantae,SPECIES
148719926,26145,Opuntia streptacantha Lem.,Plantae,SPECIES
148719927,26146,Opuntia stricta (Haw.) Haw.,Plantae,SPECIES
148719928,26131,Opuntia dillenii (Ker Gawl.) Haw.,Plantae,SPECIES
148719929,26147,Opuntia tomentosa Salm-Dyck,Plantae,SPECIES
148719930,25983,Mammillaria elongata subsp. elongata,Plantae,SUBSPECIES
9940244,25834,Selenicereus triangularis (L.) D.R.Hunt,Plantae,SPECIES
10334868,25835,Selenicereus undatus (Haw.) D.R.Hunt,Plantae,SPECIES
148719933,25508,Cylindropuntia tunicata (Lehm.) F.M.Knuth,Plantae,SPECIES
11013549,25507,"Cylindropuntia imbricata subsp. spinosior (Engelm.) M.A.Baker, Cloud-H. & Majure",Plantae,SUBSPECIES
148719935,25506,Cylindropuntia kleiniae (DC.) F.M.Knuth,Plantae,SPECIES
148719936,25369,Cereus hildmannianus K.Schum.,Plantae,SPECIES
148719937,25227,Austrocylindropuntia cylindrica (Lam.) Backeb.,Plantae,SPECIES
148719938,25228,Austrocylindropuntia subulata (Muehlenpf.) Backeb.,Plantae,SPECIES
148719940,25158,Anredera cordifolia (Ten.) Steenis,Plantae,SPECIES
148719943,26621,Teloxys aristata (L.) Moq.,Plantae,SPECIES
148719944,25775,Halogeton sativus (L.) Moq.,Plantae,SPECIES
148719945,25756,Gomphrena globosa L.,Plantae,SPECIES
148719946,25588,Dysphania ambrosioides (L.) Mosyakin & Clemants,Plantae,SPECIES
148719947,25589,Dysphania anthelmintica (L.) Mosyakin & Clemants,Plantae,SPECIES
148719948,25590,Dysphania multifida (L.) Mosyakin & Clemants,Plantae,SPECIES
148719949,25591,Dysphania pumilio (R.Br.) Mosyakin & Clemants,Plantae,SPECIES
11715681,25497,"Dysphania atriplicifolia (Spreng.) G.Kadereit, Sukhor. & Uotila",Plantae,SPECIES
148719951,25447,Corispermum marschallii Steven,Plantae,SPECIES
148719952,25392,Chenopodium hircinum Schrad.,Plantae,SPECIES
148719954,25345,Celosia argentea L.,Plantae,SPECIES
148719955,25249,Beta trigyna Waldst. & Kit.,Plantae,SPECIES
148719956,25262,Blitum capitatum L.,Plantae,SPECIES
148719957,25220,Atriplex hortensis L.,Plantae,SPECIES
148719958,25221,Atriplex micrantha Ledeb.,Plantae,SPECIES
148719959,25243,Bassia scoparia (L.) A.J.Scott,Plantae,SPECIES
148719960,25108,Amaranthus muricatus (Gillies ex Moq.) Hieron.,Plantae,SPECIES
148719961,25109,Amaranthus palmeri S.Watson,Plantae,SPECIES
148719962,25110,Amaranthus polygonoides L.,Plantae,SPECIES
148719963,25111,Amaranthus powellii S.Watson,Plantae,SPECIES
148719964,25104,Amaranthus emarginatus subsp. emarginatus,Plantae,SUBSPECIES
148719965,25105,Amaranthus hybridus L.,Plantae,SPECIES
148719966,25106,Amaranthus hypochondriacus L.,Plantae,SPECIES
148719968,25116,Amaranthus tuberculatus (Moq.) J.D.Sauer,Plantae,SPECIES
148719969,25114,Amaranthus ×tamariscinus Nutt.,Plantae,SPECIES
148719970,25117,Amaranthus viridis L.,Plantae,SPECIES
148719971,25112,Amaranthus retroflexus L.,Plantae,SPECIES
148719972,25113,Amaranthus spinosus L.,Plantae,SPECIES
148719973,25115,Amaranthus tricolor L.,Plantae,SPECIES
148719974,25098,Amaranthus bouchonii Thell.,Plantae,SPECIES
148719975,25099,Amaranthus ×cacciatoi (Aellen ex Cacciato) Iamonico,Plantae,SPECIES
148719976,25096,Amaranthus albus L.,Plantae,SPECIES
148719977,25097,Amaranthus blitoides S.Watson,Plantae,SPECIES
148719978,25102,Amaranthus cruentus L.,Plantae,SPECIES
148719979,25103,Amaranthus deflexus L.,Plantae,SPECIES
148719980,25100,Amaranthus caudatus L.,Plantae,SPECIES
148719981,25101,Amaranthus crispus (Lesp. & Thévenau) N.Terracc.,Plantae,SPECIES
148719982,25093,Alternanthera philoxeroides (Mart.) Griseb.,Plantae,SPECIES
148719983,25023,Achyranthes aspera L.,Plantae,SPECIES
148719987,25960,"Ludwigia hexapetala (Hook. & Arn.) Zardini, H.Y.Gu & P.H.Raven",Plantae,SPECIES
6427623,26100,Oenothera villosa subsp. villosa,Plantae,SUBSPECIES
148719990,26097,Oenothera ×adriatica Soldano,Plantae,SPECIES
148719991,26101,Oenothera ×fallacoides Soldano & Rostanski,Plantae,SPECIES
148719992,26098,Oenothera biennis L.,Plantae,SPECIES
148719993,26099,Oenothera ×chicaginensis de Vries ex Renner & R.E.Cleland,Plantae,SPECIES
148719994,26105,Oenothera indecora Cambess.,Plantae,SPECIES
8679346,26104,Oenothera grandiflora (Soland.),Plantae,SPECIES
148719996,26103,Oenothera glazioviana Micheli,Plantae,SPECIES
148719997,26102,Oenothera gaura W.L.Wagner & Hoch,Plantae,SPECIES
148719998,26108,Oenothera ×latipetala (Soldano) Soldano,Plantae,SPECIES
148719999,26109,Oenothera lindheimeri (Engelm. & A.Gray) W.L.Wagner & Hoch,Plantae,SPECIES
148720000,26106,Oenothera ×italica Rostanski & Soldano,Plantae,SPECIES
148720001,26107,Oenothera laciniata Hill,Plantae,SPECIES
7915783,26112,Oenothera ×fallax Renner,Plantae,SPECIES
148720003,26113,Oenothera parviflora L.,Plantae,SPECIES
148720004,26110,Oenothera ×marinellae Soldano,Plantae,SPECIES
148720005,26111,Oenothera oakesiana (A.Gray) J.W.Robbins ex S.Watson,Plantae,SPECIES
148720006,26116,Oenothera rosea Aiton,Plantae,SPECIES
3188924,26117,Oenothera biennis L.,Plantae,SPECIES
148720008,26114,Oenothera ×pedemontana Soldano,Plantae,SPECIES
148720009,26115,Oenothera ×pellegrinii Soldano,Plantae,SPECIES
148720010,26120,Oenothera stricta Link,Plantae,SPECIES
148720011,26121,Oenothera ×stucchii Soldano,Plantae,SPECIES
148720012,26118,Oenothera ×sesitensis Soldano,Plantae,SPECIES
148720013,26119,Oenothera speciosa Nutt.,Plantae,SPECIES
148720014,25961,Ludwigia peploides (Kunth) P.H.Raven,Plantae,SPECIES
148720015,25631,Epilobium ciliatum Raf.,Plantae,SPECIES
148720017,26431,Rotala filiformis (Bellardi) Hiern,Plantae,SPECIES
148720018,26430,Rotala densiflora (Roem. & Schult.) Koehne,Plantae,SPECIES
148720019,26433,Rotala ramosior (L.) Koehne,Plantae,SPECIES
148720020,26432,Rotala indica (Willd.) Koehne,Plantae,SPECIES
148720021,26381,Punica granatum L.,Plantae,SPECIES
3188716,25135,Ammannia baccifera L.,Plantae,SPECIES
148720023,25133,Ammannia baccifera L.,Plantae,SPECIES
148720024,25134,Ammannia coccinea Rottb.,Plantae,SPECIES
148720025,25132,Ammannia auriculata Willd.,Plantae,SPECIES
148720027,25673,Eucalyptus occidentalis Endl.,Plantae,SPECIES
3176197,25671,Eucalyptus camaldulensis Dehn.,Plantae,SPECIES
148720029,25672,Eucalyptus globulus Labill.,Plantae,SPECIES
3181977,25015,Feijoa sellowiana (O.Berg) O.Berg,Plantae,SPECIES
148720033,26478,Schinus molle L.,Plantae,SPECIES
148720034,26642,Toxicodendron pubescens Mill.,Plantae,SPECIES
148720035,26410,Rhus typhina L.,Plantae,SPECIES
148720036,26409,Rhus chinensis Mill.,Plantae,SPECIES
148720038,25998,Melia azedarach L.,Plantae,SPECIES
148720040,26741,Zanthoxylum armatum DC.,Plantae,SPECIES
148720041,25415,Citrus trifoliata L.,Plantae,SPECIES
148720043,25063,Ailanthus altissima (Mill.) Swingle,Plantae,SPECIES
148720045,25885,Koelreuteria paniculata Laxm.,Plantae,SPECIES
148720046,25319,Cardiospermum grandiflorum Sw.,Plantae,SPECIES
148720047,25320,Cardiospermum halicacabum L.,Plantae,SPECIES
148720048,25045,Aesculus hippocastanum L.,Plantae,SPECIES
148720049,25044,Aesculus ×carnea Hayne,Plantae,SPECIES
148720050,25017,Acer negundo L.,Plantae,SPECIES
7912328,25018,Acer palmatum Thunb. ex Murr.,Plantae,SPECIES
148720052,25019,Acer saccharinum L.,Plantae,SPECIES
148720053,25020,Acer tataricum subsp. ginnala (Maxim.) Wesm.,Plantae,SUBSPECIES
148720056,26700,Viola cucullata Aiton,Plantae,SPECIES
8176318,26701,Viola wittrockiana Gams ex Nauenb. & Buttler,Plantae,SPECIES
148720058,26699,Viola cornuta L.,Plantae,SPECIES
8190077,26342,Populus ×canadensis Moench,Plantae,SPECIES
148720062,26340,Populus balsamifera L.,Plantae,SPECIES
148720063,26341,Populus deltoides W.Bartram ex Marshall,Plantae,SPECIES
148720064,26453,Salix babylonica L.,Plantae,SPECIES
148720065,26454,Salix eriocephala Michx.,Plantae,SPECIES
148720066,26455,Salix fragilis L.,Plantae,SPECIES
5372638,26456,Salix ×pendulina Wender.,Plantae,SPECIES
148720069,26216,Passiflora caerulea L.,Plantae,SPECIES
148720070,26217,Passiflora incarnata L.,Plantae,SPECIES
148720072,26264,Phyllanthus tenellus Roxb.,Plantae,SPECIES
148720074,25935,Linum austriacum L.,Plantae,SPECIES
148720076,25837,Hypericum majus (A.Gray) Britton,Plantae,SPECIES
148720077,25838,Hypericum mutilum L.,Plantae,SPECIES
148720078,25836,Hypericum calycinum L.,Plantae,SPECIES
148720080,26415,Ricinus communis L.,Plantae,SPECIES
148720081,25694,Euphorbia marginata Pursh,Plantae,SPECIES
148720082,25693,Euphorbia maculata L.,Plantae,SPECIES
148720083,25696,Euphorbia prostrata Aiton,Plantae,SPECIES
148720084,25695,Euphorbia nutans Lag.,Plantae,SPECIES
148720085,25690,Euphorbia humifusa Willd.,Plantae,SPECIES
148720086,25689,Euphorbia heterophylla L.,Plantae,SPECIES
148720087,25692,Euphorbia hyssopifolia L.,Plantae,SPECIES
148720088,25691,Euphorbia hypericifolia L.,Plantae,SPECIES
148720089,25698,Euphorbia thymifolia L.,Plantae,SPECIES
148720090,25697,Euphorbia serpens Kunth,Plantae,SPECIES
148720091,25686,Euphorbia davidii Subils,Plantae,SPECIES
148720092,25685,Euphorbia agraria M.Bieb.,Plantae,SPECIES
148720093,25688,Euphorbia graminea Jacq.,Plantae,SPECIES
148720094,25687,Euphorbia glyptosperma Engelm.,Plantae,SPECIES
148720095,25008,Acalypha australis L.,Plantae,SPECIES
148720096,25009,Acalypha ostryifolia Riddell,Plantae,SPECIES
148720097,25010,Acalypha virginica L.,Plantae,SPECIES
148720100,25414,Cistus ladanifer L.,Plantae,SPECIES
148720102,26509,Sida spinosa L.,Plantae,SPECIES
148720103,26638,Tilia americana L.,Plantae,SPECIES
148720104,26639,Tilia tomentosa Moench,Plantae,SPECIES
148720105,25982,Malva verticillata L.,Plantae,SPECIES
148720106,26019,Modiola caroliniana (L.) G.Don,Plantae,SPECIES
148720107,25813,Hibiscus trionum L.,Plantae,SPECIES
148720108,25811,Hibiscus moscheutos subsp. moscheutos,Plantae,SUBSPECIES
148720109,25812,Hibiscus syriacus L.,Plantae,SPECIES
148720110,25759,Gossypium hirsutum L.,Plantae,SPECIES
148720111,25275,Brachychiton populneus (Schott & Endl.) R.Br.,Plantae,SPECIES
148720112,25155,Anoda cristata (L.) Schltdl.,Plantae,SPECIES
148720113,25070,Alcea biennis Winterl,Plantae,SPECIES
148720114,25072,Alcea setosa (Boiss.) Alef.,Plantae,SPECIES
148720115,25071,Alcea rosea L.,Plantae,SPECIES
148720116,24999,Abutilon theophrasti Medik.,Plantae,SPECIES
148720119,26332,Polygala myrtifolia L.,Plantae,SPECIES
2960161,25142,Amphicarpaea bracteata (L.) Fernald,Plantae,SPECIES
8130309,25665,Erythrostemon gilliesii (Hook.) Klotzsch,Plantae,SPECIES
148720125,26684,Vachellia farnesiana (L.) Wight & Arn.,Plantae,SPECIES
148720126,26685,Vachellia karroo (Hayne) Banfi & Galasso,Plantae,SPECIES
148720127,26698,Vicia ervilia (L.) Willd.,Plantae,SPECIES
148720128,26719,Wisteria floribunda (Willd.) DC.,Plantae,SPECIES
8149049,26720,Wisteria sinensis (Sims) DC.,Plantae,SPECIES
148720130,26501,Sesbania punicea (Cav.) Benth.,Plantae,SPECIES
148720131,26660,Trigonella foenum-graecum L.,Plantae,SPECIES
148720132,26657,Trifolium alexandrinum L.,Plantae,SPECIES
8349589,26659,Melilotus dentatus (Waldst. & Kit.) Desf.,Plantae,SPECIES
148720134,26658,Trifolium dalmaticum Vis.,Plantae,SPECIES
148720135,26581,Styphnolobium japonicum (L.) Schott,Plantae,SPECIES
5347846,26303,Lathyrus oleraceus Lam.,Plantae,SPECIES
148720137,26418,Robinia pseudoacacia L.,Plantae,SPECIES
148720138,26419,Robinia viscosa Michx. ex Vent.,Plantae,SPECIES
148720139,26416,Robinia hispida L.,Plantae,SPECIES
148720140,26417,Robinia neomexicana A.Gray,Plantae,SPECIES
148720141,26396,Retama monosperma (L.) Boiss.,Plantae,SPECIES
148720143,26203,Parasenegalia visco (Lorentz ex Griseb.) Seigler & Ebinger,Plantae,SPECIES
148720144,26204,Paraserianthes lophantha (Willd.) I.C.Nielsen,Plantae,SPECIES
148720145,26206,Parkinsonia aculeata L.,Plantae,SPECIES
148720146,26249,Phaseolus vulgaris var. vulgaris,Plantae,VARIETY
148720147,25887,Lablab purpureus (L.) Sweet,Plantae,SPECIES
148720148,25925,Leucaena leucocephala (Lam.) de Wit,Plantae,SPECIES
148720149,25964,Lupinus polyphyllus Lindl.,Plantae,SPECIES
148720150,25957,Lotus drepanocarpus Durieu,Plantae,SPECIES
148720151,25768,Gymnocladus dioicus (L.) K.Koch,Plantae,SPECIES
148720152,25747,Gleditsia triacanthos L.,Plantae,SPECIES
148720153,25751,Glycine max (L.) Merr.,Plantae,SPECIES
148720154,25752,Glycyrrhiza echinata L.,Plantae,SPECIES
148720155,25186,Arachis hypogaea L.,Plantae,SPECIES
148720156,25179,Apios americana Medik.,Plantae,SPECIES
148720157,25138,Amorpha fruticosa L.,Plantae,SPECIES
148720158,25067,Albizia julibrissin Durazz.,Plantae,SPECIES
148720159,25001,Acacia dealbata Link,Plantae,SPECIES
148720160,25002,Acacia longifolia (Andrews) Willd.,Plantae,SPECIES
148720161,25000,Acacia cyclops A.Cunn. ex G.Don,Plantae,SPECIES
148720162,25005,Acacia provincialis A.Camus,Plantae,SPECIES
148720163,25006,Acacia pycnantha Benth.,Plantae,SPECIES
148720164,25003,Acacia mearnsii De Wild.,Plantae,SPECIES
148720165,25004,Acacia melanoxylon R.Br.,Plantae,SPECIES
148720166,25007,Acacia saligna (Labill.) H.L.Wendl.,Plantae,SPECIES
2683990,25804,Cupressus arizonica var. glabra (Sudw.) Little,Plantae,VARIETY
7230667,25803,Cupressus arizonica var. arizonica,Plantae,VARIETY
2684070,25805,Cupressus macrocarpa Hartw. ex Gordon,Plantae,SPECIES
148720175,26499,Sequoia sempervirens (D.Don) Endl.,Plantae,SPECIES
148720176,26635,Thuja occidentalis L.,Plantae,SPECIES
148720177,26636,Thujopsis dolabrata (Thunb. ex L.f.) Siebold & Zucc.,Plantae,SPECIES
148720178,26617,Taxodium distichum (L.) Rich.,Plantae,SPECIES
148720179,26309,Platycladus orientalis (L.) Franco,Plantae,SPECIES
148720180,25880,Juniperus virginiana L.,Plantae,SPECIES
148720181,25486,Cryptomeria japonica (Thunb. ex L.f.) D.Don,Plantae,SPECIES
148720182,25491,Cupressus sempervirens L.,Plantae,SPECIES
148720183,25379,Chamaecyparis lawsoniana (A.Murray bis) Parl.,Plantae,SPECIES
148720184,25304,Calocedrus decurrens (Torr.) Florin,Plantae,SPECIES
148720186,26298,Pinus wallichiana A.B.Jacks.,Plantae,SPECIES
148720187,26296,Pinus rigida Mill.,Plantae,SPECIES
148720188,26297,Pinus strobus L.,Plantae,SPECIES
148720189,26294,Pinus pinaster subsp. pinaster,Plantae,SUBSPECIES
148720190,26295,Pinus radiata D.Don,Plantae,SPECIES
148720191,26293,Pinus canariensis C.Sm.,Plantae,SPECIES
148720192,26287,Picea orientalis (L.) Peterm.,Plantae,SPECIES
148720193,26371,Pseudotsuga menziesii (Mirb.) Franco,Plantae,SPECIES
148720194,25900,Larix kaempferi (Lamb.) Carrière,Plantae,SPECIES
148720195,25342,Cedrus atlantica (Endl.) Manetti ex Carriere,Plantae,SPECIES
148720196,25343,Cedrus deodara (Lamb.) G.Don,Plantae,SPECIES
148720197,24994,Abies cephalonica Loudon,Plantae,SPECIES
148720198,24995,Abies nordmanniana (Steven) Spach,Plantae,SPECIES
