taxonKey,taxonID,scientificName,kingdom,taxonRank
152543101,https://www.gbif.org/species/5740285,"Gyrodactylus proterorhini Ergens, 1967",Animalia,SPECIES
152543102,https://www.gbif.org/species/3202936,Aphanomyces astaci Schikora,Chromista,SPECIES
152543110,https://www.gbif.org/species/5179027,"Scutigera coleoptrata Linnaeus, 1758",Animalia,SPECIES
152543115,https://www.gbif.org/species/5250069,"Thecaphora oxalidis (Ellis & Tracy) M.Lutz, R.Bauer & Piątek",Fungi,SPECIES
152543120,https://www.gbif.org/species/4985072,"Tricellaria inopinata d'Hondt & Occhipinti Ambrogi, 1985",Animalia,SPECIES
152543121,https://www.gbif.org/species/5250090,Urocystis trollii Nannf.,Fungi,SPECIES
152543128,https://www.gbif.org/species/2557730,Sporisorium destruens (Schltdl.) Vánky,Fungi,SPECIES
152543132,https://www.gbif.org/species/6157050,"Graptemys pseudogeographica kohnii (Baur, 1890)",Animalia,SUBSPECIES
152543136,https://www.gbif.org/species/7190901,Graptemys pseudogeographica pseudogeographica,Animalia,SUBSPECIES
152543139,https://www.gbif.org/species/6157035,"Trachemys scripta troostii (Holbrook, 1836)",Animalia,SUBSPECIES
152543140,https://www.gbif.org/species/6157026,"Trachemys scripta elegans (Wied, 1838)",Animalia,SUBSPECIES
152543141,https://www.gbif.org/species/7062200,Trachemys scripta scripta,Animalia,SUBSPECIES
152543142,https://www.gbif.org/species/2537743,Lentinula edodes (Berk.) Pegler,Fungi,SPECIES
152543147,https://www.gbif.org/species/9350124,"Natrix helvetica (Lacépède, 1789)",Animalia,SPECIES
152543152,https://www.gbif.org/species/2516809,Melampsoridium betulinum (Pers.) Kleb.,Fungi,SPECIES
152543157,https://www.gbif.org/species/2516419,Tranzschelia discolor (Fuckel) Tranzschel & M.A.Litv.,Fungi,SPECIES
152543162,https://www.gbif.org/species/7239373,Uromyces veratri (DC.) J.Schröt.,Fungi,SPECIES
152543166,https://www.gbif.org/species/2516117,Gymnosporangium confusum Plowr.,Fungi,SPECIES
152543167,https://www.gbif.org/species/2516137,Gymnosporangium sabinae (Dicks.) G.Winter,Fungi,SPECIES
152543168,https://www.gbif.org/species/9185677,"Podarcis siculus (Rafinesque-Schmaltz, 1810)",Animalia,SPECIES
152543169,https://www.gbif.org/species/2469188,"Podarcis muralis (Laurenti, 1768)",Animalia,SPECIES
152543171,https://www.gbif.org/species/2516075,Cumminsiella mirabilissima (Peck) Nannf.,Fungi,SPECIES
152543176,https://www.gbif.org/species/3376286,Puccinia pazschkei Dietel,Fungi,SPECIES
152543178,https://www.gbif.org/species/4344674,"Dendrocoelum romanodanubiale (Codreanu, 1949)",Animalia,SPECIES
152543181,https://www.gbif.org/species/2515351,Puccinia oxalidis Dietel & Ellis,Fungi,SPECIES
152543183,https://www.gbif.org/species/2515236,Puccinia antirrhini Dietel & Holw.,Fungi,SPECIES
2514972,https://www.gbif.org/species/2514972,Puccinia komarovii Tranzschel,Fungi,SPECIES
152543187,https://www.gbif.org/species/2514966,Puccinia sorghi Schwein.,Fungi,SPECIES
152543192,https://www.gbif.org/species/2502938,"Bipalium kewense Moseley, 1878",Animalia,SPECIES
152543197,https://www.gbif.org/species/2513609,Entyloma calendulae (Oudem.) de Bary,Fungi,SPECIES
152543200,https://www.gbif.org/species/5232428,"Chloephaga picta (J.F.Gmelin, 1789)",Animalia,SPECIES
152543206,https://www.gbif.org/species/5232437,"Branta canadensis (Linnaeus, 1758)",Animalia,SPECIES
152543207,https://www.gbif.org/species/7670473,"Batrachochytrium salamandrivorans A.Martel, Blooi, Bossuyt & Pasmans",Fungi,SPECIES
152543209,https://www.gbif.org/species/2627503,"Batrachochytrium dendrobatidis Longcore, Pessier & D.K.Nichols",Fungi,SPECIES
152543210,https://www.gbif.org/species/2498387,"Aix sponsa (Linnaeus, 1758)",Animalia,SPECIES
152543211,https://www.gbif.org/species/2498388,"Aix galericulata (Linnaeus, 1758)",Animalia,SPECIES
152543214,https://www.gbif.org/species/2498390,"Marmaronetta angustirostris (Ménétries, 1832)",Animalia,SPECIES
152543218,https://www.gbif.org/species/2498252,"Alopochen aegyptiaca (Linnaeus, 1766)",Animalia,SPECIES
152543221,https://www.gbif.org/species/2498305,"Oxyura jamaicensis (J.F.Gmelin, 1789)",Animalia,SPECIES
152543224,https://www.gbif.org/species/2498344,"Cygnus atratus (Latham, 1790)",Animalia,SPECIES
152543227,https://www.gbif.org/species/2498015,"Tadorna ferruginea (Pallas, 1764)",Animalia,SPECIES
152543235,https://www.gbif.org/species/2498035,"Anser indicus (Latham, 1790)",Animalia,SPECIES
152543236,https://www.gbif.org/species/6096602,Lophocolea semiteres (Lehm.) Mitt.,Plantae,SPECIES
152543248,https://www.gbif.org/species/5930559,Ilex ×altaclerensis (Loudon) Dallim.,Plantae,SPECIES
152543250,https://www.gbif.org/species/5414239,Ilex crenata Thunb.,Plantae,SPECIES
152543251,https://www.gbif.org/species/5533814,Ilex ×meserveae S.Y.Hu,Plantae,SPECIES
152543252,https://www.gbif.org/species/5220170,"Rupicapra rupicapra (Linnaeus, 1758)",Animalia,SPECIES
152543258,https://www.gbif.org/species/5220136,"Dama dama (Linnaeus, 1758)",Animalia,SPECIES
152543260,https://www.gbif.org/species/2440954,"Cervus nippon Temminck, 1838",Animalia,SPECIES
152543264,https://www.gbif.org/species/2440946,"Muntiacus reevesi (Ogilby, 1839)",Animalia,SPECIES
152543266,https://www.gbif.org/species/5421116,Tribulus terrestris L.,Plantae,SPECIES
152543269,https://www.gbif.org/species/5219858,"Ondatra zibethicus (Linnaeus, 1766)",Animalia,SPECIES
152543273,https://www.gbif.org/species/4264680,"Myocastor coypus (Molina, 1782)",Animalia,SPECIES
152543277,https://www.gbif.org/species/2439838,"Castor canadensis Kuhl, 1820",Animalia,SPECIES
152543281,https://www.gbif.org/species/3686235,Staphylea pinnata L.,Plantae,SPECIES
152543284,https://www.gbif.org/species/2437619,"Dolichotis patagonum (Zimmermann, 1780)",Animalia,SPECIES
152543289,https://www.gbif.org/species/5219721,"Meriones unguiculatus (Milne-Edwards, 1867)",Animalia,SPECIES
152543292,https://www.gbif.org/species/5914287,Melia azedarach L.,Plantae,SPECIES
152543293,https://www.gbif.org/species/2439261,"Rattus norvegicus (Berkenhout, 1769)",Animalia,SPECIES
152543298,https://www.gbif.org/species/3190653,Ailanthus altissima (Mill.) Swingle,Plantae,SPECIES
152543299,https://www.gbif.org/species/5219681,"Sciurus carolinensis Gmelin, 1788",Animalia,SPECIES
152543300,https://www.gbif.org/species/5219683,"Sciurus niger Linnaeus, 1758",Animalia,SPECIES
152543304,https://www.gbif.org/species/2437450,"Tamias sibiricus (Laxmann, 1769)",Animalia,SPECIES
152543305,https://www.gbif.org/species/3190538,Rhus typhina L.,Plantae,SPECIES
152543306,https://www.gbif.org/species/3190551,Rhus ×pulvinata Greene,Plantae,SPECIES
152543309,https://www.gbif.org/species/2437232,"Cynomys ludovicianus (Ord, 1815)",Animalia,SPECIES
152543310,https://www.gbif.org/species/3190522,Cotinus coggygria Scop.,Plantae,SPECIES
152543313,https://www.gbif.org/species/2437397,"Callosciurus prevostii (Desmarest, 1822)",Animalia,SPECIES
152543314,https://www.gbif.org/species/2437394,"Callosciurus erythraeus (Pallas, 1779)",Animalia,SPECIES
152543316,https://www.gbif.org/species/2437282,"Tamiasciurus hudsonicus (Erxleben, 1777)",Animalia,SPECIES
152543320,https://www.gbif.org/species/7740617,Skimmia japonica Thunb.,Plantae,SPECIES
152543323,https://www.gbif.org/species/5219380,"Mephitis mephitis (Schreber, 1776)",Animalia,SPECIES
152543324,https://www.gbif.org/species/8077391,Citrus ×aurantium L.,Plantae,SPECIES
152543329,https://www.gbif.org/species/5218786,"Procyon lotor (Linnaeus, 1758)",Animalia,SPECIES
152543330,https://www.gbif.org/species/3190382,Ruta graveolens L.,Plantae,SPECIES
152543334,https://www.gbif.org/species/3190411,Ptelea trifoliata L.,Plantae,SPECIES
152543337,https://www.gbif.org/species/2435035,"Felis catus Linnaeus, 1758",Animalia,SPECIES
152543341,https://www.gbif.org/species/2434552,"Nyctereutes procyonoides (Gray, 1834)",Animalia,SPECIES
152543345,https://www.gbif.org/species/5421180,Koelreuteria paniculata Laxm.,Plantae,SPECIES
152543350,https://www.gbif.org/species/3189939,Cardiospermum halicacabum L.,Plantae,SPECIES
152543351,https://www.gbif.org/species/3189935,Cardiospermum grandiflorum Sw.,Plantae,SPECIES
152543356,https://www.gbif.org/species/2436940,"Oryctolagus cuniculus (Linnaeus, 1758)",Animalia,SPECIES
152543358,https://www.gbif.org/species/2436886,"Sylvilagus floridanus (J.A.Allen, 1890)",Animalia,SPECIES
152543363,https://www.gbif.org/species/7263145,Acer rufinerve Siebold & Zucc.,Plantae,SPECIES
152543365,https://www.gbif.org/species/2431875,"Pleurodeles waltl Michahelles, 1830",Animalia,SPECIES
152543366,https://www.gbif.org/species/7262958,Acer monspessulanum L.,Plantae,SPECIES
152543368,https://www.gbif.org/species/7262908,Acer cappadocicum Gled.,Plantae,SPECIES
152543370,https://www.gbif.org/species/4925890,Acer tataricum subsp. ginnala (Maxim.) Wesm.,Plantae,SUBSPECIES
152543372,https://www.gbif.org/species/2431886,"Triturus marmoratus (Latreille, 1800)",Animalia,SPECIES
152543377,https://www.gbif.org/species/5216933,"Rhinella marina (Linnaeus, 1758)",Animalia,SPECIES
152543379,https://www.gbif.org/species/3189883,Acer rubrum L.,Plantae,SPECIES
152543380,https://www.gbif.org/species/3189866,Acer negundo L.,Plantae,SPECIES
152543382,https://www.gbif.org/species/3189837,Acer saccharinum L.,Plantae,SPECIES
152543383,https://www.gbif.org/species/5217334,"Xenopus laevis (Daudin, 1802)",Animalia,SPECIES
152543388,https://www.gbif.org/species/2427091,"Lithobates catesbeianus (Shaw, 1802)",Animalia,SPECIES
152543390,https://www.gbif.org/species/2426661,"Pelophylax ridibundus (Pallas, 1771)",Animalia,SPECIES
152543391,https://www.gbif.org/species/3189828,Aesculus parviflora Walter,Plantae,SPECIES
152543392,https://www.gbif.org/species/2426640,"Pelophylax bedriagae (Camerano, 1882)",Animalia,SPECIES
152543393,https://www.gbif.org/species/3189815,Aesculus hippocastanum L.,Plantae,SPECIES
152543399,https://www.gbif.org/species/3188711,Ammannia coccinea Rottb.,Plantae,SPECIES
152543401,https://www.gbif.org/species/3989886,Lythrum acutangulum Lag.,Plantae,SPECIES
152543404,https://www.gbif.org/species/3988701,Lythrum junceum Banks & Sol.,Plantae,SPECIES
152543405,https://www.gbif.org/species/3188735,Lythrum virgatum L.,Plantae,SPECIES
152543406,https://www.gbif.org/species/5203111,"Umbra pygmaea (DeKay, 1842)",Animalia,SPECIES
152543409,https://www.gbif.org/species/3188757,Trapa natans L.,Plantae,SPECIES
152543413,https://www.gbif.org/species/7161168,Lopezia racemosa Cav.,Plantae,SPECIES
152543416,https://www.gbif.org/species/7814921,Clarkia bottae (Spach) F.H.Lewis & M.E.Lewis,Plantae,SPECIES
152543417,https://www.gbif.org/species/4285694,"Oreochromis niloticus (Linnaeus, 1758)",Animalia,SPECIES
152543418,https://www.gbif.org/species/5544928,Clarkia purpurea subsp. quadrivulnera (Douglas) F.H.Lewis & M.E.Lewis,Plantae,SUBSPECIES
152543421,https://www.gbif.org/species/4285968,"Ponticola kessleri (Günther, 1861)",Animalia,SPECIES
152543422,https://www.gbif.org/species/5420978,Clarkia amoena (Lehm.) A.Nelson & J.F.Macbr.,Plantae,SPECIES
152543423,https://www.gbif.org/species/5420982,Clarkia pulchella Pursh,Plantae,SPECIES
152543426,https://www.gbif.org/species/5208832,"Gobiosoma bosc (Lacepède, 1800)",Animalia,SPECIES
152543427,https://www.gbif.org/species/5545159,Ludwigia peploides subsp. montevidensis (Spreng.) P.H.Raven,Plantae,SUBSPECIES
152543429,https://www.gbif.org/species/5421039,Ludwigia grandiflora (Michx.) Greuter & Burdet,Plantae,SPECIES
152543430,https://www.gbif.org/species/2379089,"Neogobius melanostomus (Pallas, 1814)",Animalia,SPECIES
152543431,https://www.gbif.org/species/5420991,Ludwigia peploides (Kunth) P.H.Raven,Plantae,SPECIES
152543432,https://www.gbif.org/species/2379105,"Neogobius fluviatilis (Pallas, 1814)",Animalia,SPECIES
152543434,https://www.gbif.org/species/8994150,Oenothera parviflora L.,Plantae,SPECIES
152543436,https://www.gbif.org/species/2379245,"Proterorhinus semilunaris (Heckel, 1837)",Animalia,SPECIES
152543437,https://www.gbif.org/species/7915783,Oenothera ×fallax Renner,Plantae,SPECIES
152543438,https://www.gbif.org/species/8153538,Oenothera ×oehlkersii Kappus,Plantae,SPECIES
152543440,https://www.gbif.org/species/8302634,Oenothera suaveolens Desf. ex Pers.,Plantae,SPECIES
152543443,https://www.gbif.org/species/2382155,"Sander lucioperca (Linnaeus, 1758)",Animalia,SPECIES
152543447,https://www.gbif.org/species/7322292,Oenothera ×cambrica Rostanski,Plantae,SPECIES
152543450,https://www.gbif.org/species/2394486,"Lepomis gibbosus (Linnaeus, 1758)",Animalia,SPECIES
152543451,https://www.gbif.org/species/7322529,Oenothera ×rubricaulis Kleb.,Plantae,SPECIES
152543452,https://www.gbif.org/species/7322393,Oenothera indecora Cambess.,Plantae,SPECIES
152543454,https://www.gbif.org/species/7322373,Oenothera ×issleri Renner ex Rostanski,Plantae,SPECIES
152543455,https://www.gbif.org/species/2394563,"Micropterus salmoides (Lacepède, 1802)",Animalia,SPECIES
152543458,https://www.gbif.org/species/3667406,Oenothera curtiflora W.L.Wagner & Hoch,Plantae,SPECIES
152543459,https://www.gbif.org/species/3667238,Oenothera ×paradoxa Hudziok,Plantae,SPECIES
152543462,https://www.gbif.org/species/3667721,Oenothera ×wratislaviensis Rostanski,Plantae,SPECIES
152543463,https://www.gbif.org/species/3667628,Oenothera ×nuda Renner ex Rostanski,Plantae,SPECIES
152543465,https://www.gbif.org/species/4287131,"Acipenser baerii Brandt, 1869",Animalia,SPECIES
152543467,https://www.gbif.org/species/3665817,Oenothera ×rubricauloides Rostanski,Plantae,SPECIES
152543468,https://www.gbif.org/species/2402129,"Acipenser gueldenstaedtii Brandt & Ratzeburg, 1833",Animalia,SPECIES
152543469,https://www.gbif.org/species/3664287,Oenothera ×casimiri Rostanski,Plantae,SPECIES
152543470,https://www.gbif.org/species/2402168,"Acipenser ruthenus Linnaeus, 1758",Animalia,SPECIES
152543471,https://www.gbif.org/species/3664589,Oenothera lindheimeri (Engelm. & A.Gray) W.L.Wagner & Hoch,Plantae,SPECIES
152543473,https://www.gbif.org/species/3663772,Oenothera ×moravica V.Jehlík & Rostanski,Plantae,SPECIES
152543475,https://www.gbif.org/species/3188830,Oenothera stricta Link,Plantae,SPECIES
152543476,https://www.gbif.org/species/3188838,Oenothera perennis L.,Plantae,SPECIES
152543477,https://www.gbif.org/species/3188859,Oenothera speciosa Nutt.,Plantae,SPECIES
152543478,https://www.gbif.org/species/3188867,Oenothera laciniata Hill,Plantae,SPECIES
152543480,https://www.gbif.org/species/3188875,Oenothera rosea Aiton,Plantae,SPECIES
152543481,https://www.gbif.org/species/5202793,"Clarias gariepinus (Burchell, 1822)",Animalia,SPECIES
152543482,https://www.gbif.org/species/3188884,Oenothera oakesiana (A.Gray) J.W.Robbins ex S.Watson,Plantae,SPECIES
152543486,https://www.gbif.org/species/3188924,Oenothera biennis L.,Plantae,SPECIES
152543487,https://www.gbif.org/species/3188894,Oenothera glazioviana Micheli,Plantae,SPECIES
152543488,https://www.gbif.org/species/2337607,"Silurus glanis Linnaeus, 1758",Animalia,SPECIES
152543493,https://www.gbif.org/species/5202520,"Ictalurus punctatus (Rafinesque, 1818)",Animalia,SPECIES
152543494,https://www.gbif.org/species/9188840,Epilobium ciliatum Raf.,Plantae,SPECIES
152543496,https://www.gbif.org/species/2340977,"Ameiurus melas (Rafinesque, 1820)",Animalia,SPECIES
152543498,https://www.gbif.org/species/2340989,"Ameiurus nebulosus (Lesueur, 1819)",Animalia,SPECIES
152543500,https://www.gbif.org/species/3665966,Epilobium ×floridulum Smejkal,Plantae,SPECIES
152543502,https://www.gbif.org/species/3189073,Epilobium brachycarpum C.Presl,Plantae,SPECIES
152543505,https://www.gbif.org/species/5204019,"Oncorhynchus mykiss (Walbaum, 1792)",Animalia,SPECIES
152543507,https://www.gbif.org/species/5204034,"Oncorhynchus kisutch (Walbaum, 1792)",Animalia,SPECIES
152543510,https://www.gbif.org/species/2351064,"Coregonus nasus (Pallas, 1776)",Animalia,SPECIES
152543511,https://www.gbif.org/species/3152816,Platanus orientalis L.,Plantae,SPECIES
152543512,https://www.gbif.org/species/2351211,"Coregonus lavaretus (Linnaeus, 1758)",Animalia,SPECIES
152543513,https://www.gbif.org/species/2351136,"Coregonus peled (Gmelin, 1789)",Animalia,SPECIES
152543517,https://www.gbif.org/species/2351413,"Hucho hucho (Linnaeus, 1758)",Animalia,SPECIES
152543521,https://www.gbif.org/species/3152861,Liriodendron tulipifera L.,Plantae,SPECIES
152543524,https://www.gbif.org/species/4409643,"Leuciscus idus (Linnaeus, 1758)",Animalia,SPECIES
152543526,https://www.gbif.org/species/4286975,"Cyprinus carpio Linnaeus, 1758",Animalia,SPECIES
152543532,https://www.gbif.org/species/4286942,"Carassius auratus (Linnaeus, 1758)",Animalia,SPECIES
152543533,https://www.gbif.org/species/2366634,"Carassius gibelio (Bloch, 1782)",Animalia,SPECIES
152543535,https://www.gbif.org/species/2367033,"Ballerus ballerus (Linnaeus, 1758)",Animalia,SPECIES
152543537,https://www.gbif.org/species/7433196,Euonymus latifolius (L.) Mill.,Plantae,SPECIES
152543538,https://www.gbif.org/species/2367742,"Pimephales promelas Rafinesque, 1820",Animalia,SPECIES
152543540,https://www.gbif.org/species/2360504,"Vimba vimba (Linnaeus, 1758)",Animalia,SPECIES
152543541,https://www.gbif.org/species/7102937,Euonymus japonicus Thunb.,Plantae,SPECIES
152543543,https://www.gbif.org/species/2362881,"Leucaspius delineatus (Heckel, 1843)",Animalia,SPECIES
152543545,https://www.gbif.org/species/3169120,Euonymus alatus (Thunb.) Siebold,Plantae,SPECIES
152543546,https://www.gbif.org/species/2362868,"Pseudorasbora parva (Temminck & Schlegel, 1846)",Animalia,SPECIES
152543548,https://www.gbif.org/species/2362486,"Hypophthalmichthys nobilis (Richardson, 1845)",Animalia,SPECIES
152543550,https://www.gbif.org/species/2362473,"Hypophthalmichthys molitrix (Valenciennes, 1844)",Animalia,SPECIES
152543553,https://www.gbif.org/species/2362030,"Ctenopharyngodon idella (Valenciennes, 1844)",Animalia,SPECIES
152543557,https://www.gbif.org/species/5569367,Scaevola aemula R.Br.,Plantae,SPECIES
152543560,https://www.gbif.org/species/4363583,"Rapana venosa (Valenciennes, 1846)",Animalia,SPECIES
152543565,https://www.gbif.org/species/5189713,"Menetus dilatatus (A.Gould, 1841)",Animalia,SPECIES
152543566,https://www.gbif.org/species/5410151,Campanula poscharskyana Degen,Plantae,SPECIES
152543569,https://www.gbif.org/species/5410210,Campanula fenestrellata Feer,Plantae,SPECIES
152543570,https://www.gbif.org/species/5409852,Campanula erinus L.,Plantae,SPECIES
152543572,https://www.gbif.org/species/5777912,"Lithoglyphus naticoides (C.Pfeiffer, 1828)",Animalia,SPECIES
152543573,https://www.gbif.org/species/5410826,Campanula carpatica Jacq.,Plantae,SPECIES
152543575,https://www.gbif.org/species/5411392,Campanula lactiflora M.Bieb.,Plantae,SPECIES
152543576,https://www.gbif.org/species/5410411,Campanula portenschlagiana Schult.,Plantae,SPECIES
152543577,https://www.gbif.org/species/5410480,Campanula rhomboidalis L.,Plantae,SPECIES
152543578,https://www.gbif.org/species/5411408,Campanula latifolia L.,Plantae,SPECIES
152543579,https://www.gbif.org/species/5411453,Campanula medium L.,Plantae,SPECIES
152543581,https://www.gbif.org/species/5192470,"Potamopyrgus antipodarum (J.E.Gray, 1843)",Animalia,SPECIES
152543585,https://www.gbif.org/species/5192789,"Crepidula fornicata (Linnaeus, 1758)",Animalia,SPECIES
152543586,https://www.gbif.org/species/5409120,Lobelia siphilitica L.,Plantae,SPECIES
152543587,https://www.gbif.org/species/5408775,Lobelia sessilifolia Lamb.,Plantae,SPECIES
152543589,https://www.gbif.org/species/5408682,Lobelia pedunculata R.Br.,Plantae,SPECIES
152543592,https://www.gbif.org/species/5408087,Lobelia erinus L.,Plantae,SPECIES
152543593,https://www.gbif.org/species/7540164,"Arion vulgaris Moquin-Tandon, 1855",Animalia,SPECIES
152543596,https://www.gbif.org/species/5407810,Trachelium caeruleum L.,Plantae,SPECIES
152543600,https://www.gbif.org/species/4562566,"Aegopinella nitens (Michaud, 1831)",Animalia,SPECIES
152543602,https://www.gbif.org/species/3167003,Triodanis perfoliata (L.) Nieuwl.,Plantae,SPECIES
152543605,https://www.gbif.org/species/3164340,Platycodon grandiflorus (Jacq.) A.DC.,Plantae,SPECIES
152543607,https://www.gbif.org/species/8745918,"Deroceras invadens Reise, Hutchinson, Schunack & Schlitt, 2011",Animalia,SPECIES
152543609,https://www.gbif.org/species/5190777,"Deroceras panormitanum (Lessona & Pollonera, 1882)",Animalia,SPECIES
7338495,https://www.gbif.org/species/5386028,Centaurea triumfettii subsp. triumfettii,Plantae,SUBSPECIES
152543613,https://www.gbif.org/species/3138230,Carthamus lanatus L.,Plantae,SPECIES
152543615,https://www.gbif.org/species/5189806,"Physella acuta (Draparnaud, 1805)",Animalia,SPECIES
152543618,https://www.gbif.org/species/7505045,Soliva anthemifolia R.Br.,Plantae,SPECIES
152543624,https://www.gbif.org/species/4565039,"Hygromia cinctella (Draparnaud, 1801)",Animalia,SPECIES
152543625,https://www.gbif.org/species/7403263,Lactuca sativa L.,Plantae,SPECIES
152543629,https://www.gbif.org/species/4567717,"Boettgerilla pallens Simroth, 1912",Animalia,SPECIES
152543631,https://www.gbif.org/species/7587923,Euchiton sphaericus (Willd.) Holub,Plantae,SPECIES
152543633,https://www.gbif.org/species/2294277,"Theba pisana (O.F.Müller, 1774)",Animalia,SPECIES
152543636,https://www.gbif.org/species/7627205,Glebionis coronaria (L.) Tzvelev,Plantae,SPECIES
152543639,https://www.gbif.org/species/4598226,"Tandonia sowerbyi (A.Férussac, 1823)",Animalia,SPECIES
152543641,https://www.gbif.org/species/2297108,"Milax gagates (Draparnaud, 1801)",Animalia,SPECIES
152543646,https://www.gbif.org/species/4564944,"Xerosecta cespitum (Draparnaud, 1801)",Animalia,SPECIES
152543648,https://www.gbif.org/species/8346536,Schkuhria pinnata (Lam.) Kuntze,Plantae,SPECIES
152543649,https://www.gbif.org/species/4565134,"Cernuella aginnica (Locard, 1882)",Animalia,SPECIES
152543651,https://www.gbif.org/species/4565140,"Cernuella cisalpina (Rossmässler, 1837)",Animalia,SPECIES
152543652,https://www.gbif.org/species/8537667,Chondrilla juncea L.,Plantae,SPECIES
152543656,https://www.gbif.org/species/2296805,"Trochoidea elegans (Gmelin, 1791)",Animalia,SPECIES
152543660,https://www.gbif.org/species/7066596,Zinnia angustifolia var. angustifolia,Plantae,VARIETY
152543663,https://www.gbif.org/species/9479629,"Tasserkidrilus americanus (Brinkhurst & Cook, 1966)",Animalia,SPECIES
152543666,https://www.gbif.org/species/5391599,Chamaemelum nobile (L.) All.,Plantae,SPECIES
152543667,https://www.gbif.org/species/9442679,"Bratislavia dadayi (Michaelsen, 1905)",Animalia,SPECIES
152543670,https://www.gbif.org/species/5392859,Echinops bannaticus Rochel ex Schrad.,Plantae,SPECIES
152543671,https://www.gbif.org/species/4410150,"Monopylephorus limosus (Hatai, 1898)",Animalia,SPECIES
152543672,https://www.gbif.org/species/5392883,Echinops sphaerocephalus L.,Plantae,SPECIES
152543673,https://www.gbif.org/species/5392683,Echinops exaltatus Schrad.,Plantae,SPECIES
152543676,https://www.gbif.org/species/4410088,"Quistadrilus multisetosus (Smith, 1900)",Animalia,SPECIES
152543677,https://www.gbif.org/species/5392270,Cichorium pumilum Jacq.,Plantae,SPECIES
152543679,https://www.gbif.org/species/5392243,Cichorium endivia L.,Plantae,SPECIES
152543682,https://www.gbif.org/species/4410056,"Psammoryctides moravicus (Hrabĕ, 1934)",Animalia,SPECIES
152543683,https://www.gbif.org/species/8323119,Bidens triplinervia var. macrantha (Wedd.) Sherff,Plantae,VARIETY
152543685,https://www.gbif.org/species/5392145,Bidens radiata Thuill.,Plantae,SPECIES
152543686,https://www.gbif.org/species/4812260,"Branchiodrilus hortensis (Stephenson, 1910)",Animalia,SPECIES
152543687,https://www.gbif.org/species/5392174,Bidens frondosa L.,Plantae,SPECIES
152543689,https://www.gbif.org/species/5391882,Bidens subalternans DC.,Plantae,SPECIES
152543690,https://www.gbif.org/species/2308574,"Branchiura sowerbyi Beddard, 1892",Animalia,SPECIES
152543692,https://www.gbif.org/species/4307880,"Potamothrix heuscheri (Bretscher, 1900)",Animalia,SPECIES
152543693,https://www.gbif.org/species/5392083,Bidens connata Muhl. ex Willd.,Plantae,SPECIES
152543694,https://www.gbif.org/species/5391810,Bidens vulgata Greene,Plantae,SPECIES
152543695,https://www.gbif.org/species/2308605,"Potamothrix vejdovskyi (Hrabĕ, 1941)",Animalia,SPECIES
152543697,https://www.gbif.org/species/5391845,Bidens pilosa L.,Plantae,SPECIES
152543698,https://www.gbif.org/species/5389402,Bidens bipinnata L.,Plantae,SPECIES
152543699,https://www.gbif.org/species/2308541,"Limnodrilus cervix Brinkhurst, 1963",Animalia,SPECIES
152543705,https://www.gbif.org/species/5389173,Telekia speciosa (Schreb.) Baumg.,Plantae,SPECIES
152543706,https://www.gbif.org/species/5199161,"Hypania invalida (Grube, 1860)",Animalia,SPECIES
152543710,https://www.gbif.org/species/5389058,Solidago altissima L.,Plantae,SPECIES
152543712,https://www.gbif.org/species/7009279,"Laonome calida Capa, 2007",Animalia,SPECIES
152543713,https://www.gbif.org/species/5389029,Solidago canadensis L.,Plantae,SPECIES
152543714,https://www.gbif.org/species/5389017,Solidago gigantea Aiton,Plantae,SPECIES
152543717,https://www.gbif.org/species/5388967,Solidago rugosa Mill.,Plantae,SPECIES
152543718,https://www.gbif.org/species/2327735,"Ficopomatus enigmaticus (Fauvel, 1923)",Animalia,SPECIES
152543722,https://www.gbif.org/species/9182765,Calendula arvensis L.,Plantae,SPECIES
152543724,https://www.gbif.org/species/5391480,Calendula officinalis L.,Plantae,SPECIES
152543725,https://www.gbif.org/species/2321010,"Marenzelleria neglecta Sikorski & Bick, 2004",Animalia,SPECIES
152543727,https://www.gbif.org/species/2321012,"Marenzelleria viridis (Verrill, 1873)",Animalia,SPECIES
152543728,https://www.gbif.org/species/5391292,Centipeda minima (L.) A.Br. & Asch.,Plantae,SPECIES
152543731,https://www.gbif.org/species/5390636,Cota austriaca (Jacq.) Sch.Bip.,Plantae,SPECIES
152543733,https://www.gbif.org/species/5390611,Cota altissima (L.) J.Gay,Plantae,SPECIES
152543736,https://www.gbif.org/species/5709400,Tragopogon ×mirabilis Rouy,Plantae,SPECIES
152543738,https://www.gbif.org/species/4559541,"Sinanodonta woodiana (I.Lea, 1834)",Animalia,SPECIES
152543740,https://www.gbif.org/species/6443709,Tragopogon dubius Scop.,Plantae,SPECIES
152543743,https://www.gbif.org/species/5386938,Tragopogon porrifolius L.,Plantae,SPECIES
152543744,https://www.gbif.org/species/2286079,"Crassostrea virginica (Gmelin, 1791)",Animalia,SPECIES
152543747,https://www.gbif.org/species/5387817,Gaillardia ×grandiflora Van Houtte,Plantae,SPECIES
152543750,https://www.gbif.org/species/7791733,"Mya arenaria Linnaeus, 1758",Animalia,SPECIES
152543752,https://www.gbif.org/species/5388595,Jacobaea maritima (L.) Pelser & Meijden,Plantae,SPECIES
152543756,https://www.gbif.org/species/5701337,Dahlia ×cultorum Thorsrud & Reisaeter,Plantae,SPECIES
152543757,https://www.gbif.org/species/2287076,"Mytilopsis leucophaeata (Conrad, 1831)",Animalia,SPECIES
152543758,https://www.gbif.org/species/5387098,Dahlia coccinea Cav.,Plantae,SPECIES
152543761,https://www.gbif.org/species/2287072,"Dreissena polymorpha (Pallas, 1771)",Animalia,SPECIES
152543762,https://www.gbif.org/species/8133114,Aster amellus L.,Plantae,SPECIES
152543765,https://www.gbif.org/species/5387639,Aster ageratoides Turcz.,Plantae,SPECIES
152543766,https://www.gbif.org/species/2288859,"Psiloteredo megotara (Hanley, 1848)",Animalia,SPECIES
152543768,https://www.gbif.org/species/2288847,"Teredo navalis Linnaeus, 1758",Animalia,SPECIES
152543770,https://www.gbif.org/species/5403743,Scolymus maculatus L.,Plantae,SPECIES
152543772,https://www.gbif.org/species/5403742,Scolymus hispanicus L.,Plantae,SPECIES
152543776,https://www.gbif.org/species/5401239,Felicia tenella (L.) Nees,Plantae,SPECIES
152543778,https://www.gbif.org/species/8190231,"Corbicula fluminea (O.F.Müller, 1774)",Animalia,SPECIES
152543779,https://www.gbif.org/species/5401508,Emilia fosbergii Nicolson,Plantae,SPECIES
152543781,https://www.gbif.org/species/5189032,"Corbicula fluminalis (O.F.Müller, 1774)",Animalia,SPECIES
152543782,https://www.gbif.org/species/5401760,Ageratum houstonianum Mill.,Plantae,SPECIES
152543786,https://www.gbif.org/species/5704991,Helenium ×clementii Verloove & Lambinon,Plantae,SPECIES
152543787,https://www.gbif.org/species/5188971,"Rangia cuneata (G.B.Sowerby I, 1832)",Animalia,SPECIES
152543788,https://www.gbif.org/species/5401877,Helenium autumnale L.,Plantae,SPECIES
152543792,https://www.gbif.org/species/2287615,"Petricolaria pholadiformis (Lamarck, 1818)",Animalia,SPECIES
152543793,https://www.gbif.org/species/5402363,Dimorphotheca pluvialis (L.) Moench,Plantae,SPECIES
152543796,https://www.gbif.org/species/5402627,Iva annua L.,Plantae,SPECIES
152543797,https://www.gbif.org/species/2287668,"Mercenaria mercenaria (Linnaeus, 1758)",Animalia,SPECIES
152543800,https://www.gbif.org/species/5402874,Eupatorium perfoliatum L.,Plantae,SPECIES
152543803,https://www.gbif.org/species/5393689,Asteriscus aquaticus (L.) Less.,Plantae,SPECIES
152543805,https://www.gbif.org/species/2287249,"Ensis directus (Conrad, 1844)",Animalia,SPECIES
152543809,https://www.gbif.org/species/5395475,Ligularia dentata (A.Gray) H.Hara,Plantae,SPECIES
152543811,https://www.gbif.org/species/5396474,Heliopsis helianthoides (L.) Sweet,Plantae,SPECIES
152543814,https://www.gbif.org/species/4556286,"Meloidogyne artiellia Franklin, 1961",Animalia,SPECIES
152543818,https://www.gbif.org/species/5396551,Tithonia rotundifolia (Mill.) S.F.Blake,Plantae,SPECIES
152543820,https://www.gbif.org/species/2284443,"Mastophorus Diesing, 1853",Animalia,GENUS
152543821,https://www.gbif.org/species/5397564,Vernonia fasciculata Michx.,Plantae,SPECIES
152543823,https://www.gbif.org/species/5399550,Rhagadiolus stellatus (L.) Gaertn.,Plantae,SPECIES
152543827,https://www.gbif.org/species/5400552,Ageratina altissima (L.) R.M.King & H.Rob.,Plantae,SPECIES
152543830,https://www.gbif.org/species/5401007,Leucanthemum ×superbum (Bergmans ex J.W.Ingram) D.H.Kent,Plantae,SPECIES
152543833,https://www.gbif.org/species/7547256,"Sinelobus vanhaareni Bamber, 2014",Animalia,SPECIES
152543839,https://www.gbif.org/species/2220312,"Hemimysis anomala G.O.Sars, 1907",Animalia,SPECIES
152543842,https://www.gbif.org/species/2220347,"Limnomysis benedeni Czerniavsky, 1882",Animalia,SPECIES
152543843,https://www.gbif.org/species/7569785,Hieracium pilosum Schleich. ex Froel.,Plantae,SPECIES
152543845,https://www.gbif.org/species/4243464,Hieracium speciosum Willd. ex Hornem.,Plantae,SPECIES
152543849,https://www.gbif.org/species/2227663,"Rhithropanopeus harrisii (Gould, 1841)",Animalia,SPECIES
7706146,https://www.gbif.org/species/7706146,Crepis nicaeensis Balb.,Plantae,SPECIES
152543854,https://www.gbif.org/species/2224970,"Palaemon macrodactylus M.J.Rathbun, 1902",Animalia,SPECIES
152543856,https://www.gbif.org/species/5831060,Crepis foetida subsp. rhoeadifolia (M.Bieb.) Celak.,Plantae,SUBSPECIES
152543858,https://www.gbif.org/species/5403541,Crepis bursifolia L.,Plantae,SPECIES
152543859,https://www.gbif.org/species/2226990,"Pacifastacus leniusculus (Dana, 1852)",Animalia,SPECIES
152543860,https://www.gbif.org/species/5403272,Crepis pulchra L.,Plantae,SPECIES
152543861,https://www.gbif.org/species/5403508,Crepis tectorum L.,Plantae,SPECIES
152543863,https://www.gbif.org/species/4245384,Crepis setosa Haller fil.,Plantae,SPECIES
152543866,https://www.gbif.org/species/2227300,"Procambarus clarkii (Girard, 1852)",Animalia,SPECIES
152543867,https://www.gbif.org/species/3148548,Anacyclus ×valentinus L.,Plantae,SPECIES
152543868,https://www.gbif.org/species/3148589,Anacyclus clavatus (Desf.) Pers.,Plantae,SPECIES
152543870,https://www.gbif.org/species/3148560,Anacyclus radiatus Loisel.,Plantae,SPECIES
152543874,https://www.gbif.org/species/3147913,Verbesina encelioides (Cav.) Benth. & Hook.fil. ex A.Gray,Plantae,SPECIES
152543877,https://www.gbif.org/species/2225646,"Callinectes sapidus Rathbun, 1896",Animalia,SPECIES
152543880,https://www.gbif.org/species/4933624,Inula racemosa Hook.fil.,Plantae,SPECIES
152543883,https://www.gbif.org/species/2225776,"Eriocheir sinensis H.Milne Edwards, 1853",Animalia,SPECIES
152543885,https://www.gbif.org/species/3148340,Inula helenium L.,Plantae,SPECIES
152543886,https://www.gbif.org/species/4382841,"Hemigrapsus takanoi Asakura & Watanabe, 2005",Animalia,SPECIES
152543888,https://www.gbif.org/species/3139003,Melampodium montanum Benth.,Plantae,SPECIES
152543889,https://www.gbif.org/species/2225772,"Hemigrapsus sanguineus (De Haan, 1835)",Animalia,SPECIES
152543890,https://www.gbif.org/species/3138953,Melampodium perfoliatum (Cav.) Kunth,Plantae,SPECIES
152543893,https://www.gbif.org/species/3141046,Centromadia pungens (Hook. & Arn.) Greene,Plantae,SPECIES
152543897,https://www.gbif.org/species/5177089,"Jaera istri Veuille, 1979",Animalia,SPECIES
152543898,https://www.gbif.org/species/3140910,Madia sativa Molina,Plantae,SPECIES
152543901,https://www.gbif.org/species/3138195,Eutrochium maculatum (L.) E.E.Lamont,Plantae,SPECIES
152543903,https://www.gbif.org/species/3138192,Eutrochium purpureum (L.) E.E.Lamont,Plantae,SPECIES
152543904,https://www.gbif.org/species/2203165,"Cordioniscus stebbingi (Patience, 1907)",Animalia,SPECIES
152543907,https://www.gbif.org/species/2202786,"Synarmadillo Dollfus, 1892",Animalia,GENUS
152543908,https://www.gbif.org/species/3137829,Psephellus dealbatus (Willd.) K.Koch,Plantae,SPECIES
152543911,https://www.gbif.org/species/2202641,"Reductoniscus costulatus Kesselyak, 1930",Animalia,SPECIES
152543912,https://www.gbif.org/species/3138327,Carthamus tinctorius L.,Plantae,SPECIES
152543915,https://www.gbif.org/species/3146219,Grindelia squarrosa (Pursh) Dunal,Plantae,SPECIES
152543918,https://www.gbif.org/species/2209044,"Nagurus cristatus (Dollfus, 1889)",Animalia,SPECIES
152543919,https://www.gbif.org/species/3145214,Silybum marianum (L.) Gaertn.,Plantae,SPECIES
152543922,https://www.gbif.org/species/3141890,Cyclachaena xanthiifolia (Nutt.) Fresen.,Plantae,SPECIES
152543924,https://www.gbif.org/species/2205951,"Proasellus coxalis (Dollfus, 1892)",Animalia,SPECIES
152543925,https://www.gbif.org/species/2206086,"Proasellus meridianus (Racovitza, 1919)",Animalia,SPECIES
152543929,https://www.gbif.org/species/2204831,"Synidotea laticauda Benedict, 1897",Animalia,SPECIES
152543930,https://www.gbif.org/species/3141571,Mantisalca salmantica (L.) Briq. & Cavill.,Plantae,SPECIES
152543934,https://www.gbif.org/species/3143034,Doronicum columnae Ten.,Plantae,SPECIES
152543935,https://www.gbif.org/species/3142974,Doronicum ×excelsum (N.E.Br.) Stace,Plantae,SPECIES
152543938,https://www.gbif.org/species/4314683,"Chelicorophium curvispinum (G.O.Sars, 1895)",Animalia,SPECIES
152543942,https://www.gbif.org/species/4314702,"Monocorophium sextonae (Crawford, 1937)",Animalia,SPECIES
152543943,https://www.gbif.org/species/3129663,Baccharis halimifolia L.,Plantae,SPECIES
152543947,https://www.gbif.org/species/5178057,"Caprella mutica Schurin, 1935",Animalia,SPECIES
152543950,https://www.gbif.org/species/8018277,Centaurea pectinata L.,Plantae,SPECIES
152543951,https://www.gbif.org/species/8305028,Centaurea phrygia L.,Plantae,SPECIES
152543953,https://www.gbif.org/species/5177825,"Incisocalliope aestuarius (Watling & Maurer, 1973)",Animalia,SPECIES
152543956,https://www.gbif.org/species/7223276,Centaurea solstitialis subsp. solstitialis,Plantae,SUBSPECIES
4250826,https://www.gbif.org/species/4250826,Centaurea nemenyiana J.Wagner,Plantae,SPECIES
152543960,https://www.gbif.org/species/3129064,Centaurea macrocephala Muss.Puschk. ex Willd.,Plantae,SPECIES
152543961,https://www.gbif.org/species/3129010,Centaurea diluta Aiton,Plantae,SPECIES
152543963,https://www.gbif.org/species/3128279,Centaurea calocephala Willd.,Plantae,SPECIES
152543964,https://www.gbif.org/species/3128228,Centaurea nigrescens Willd.,Plantae,SPECIES
152543966,https://www.gbif.org/species/3128962,Centaurea diffusa Lam.,Plantae,SPECIES
152543967,https://www.gbif.org/species/4315760,"Echinogammarus berilloni (Catta, 1878)",Animalia,SPECIES
152543969,https://www.gbif.org/species/3128437,Centaurea glaberrima Tausch,Plantae,SPECIES
152543970,https://www.gbif.org/species/3128007,Centaurea orientalis L.,Plantae,SPECIES
152543971,https://www.gbif.org/species/3127837,Centaurea hyalolepis Boiss.,Plantae,SPECIES
152543973,https://www.gbif.org/species/3128166,Centaurea aspera L.,Plantae,SPECIES
152543974,https://www.gbif.org/species/3128091,Centaurea melitensis L.,Plantae,SPECIES
152543975,https://www.gbif.org/species/4315705,"Dikerogammarus villosus (Sowinsky, 1894)",Animalia,SPECIES
152543976,https://www.gbif.org/species/3127613,Centaurea paniculata L.,Plantae,SPECIES
152543977,https://www.gbif.org/species/3127727,Centaurea stoebe L.,Plantae,SPECIES
152543979,https://www.gbif.org/species/3127691,Centaurea benedicta (L.) L.,Plantae,SPECIES
152543981,https://www.gbif.org/species/5864277,"Gammarus roeselii Gervais, 1835",Animalia,SPECIES
152543982,https://www.gbif.org/species/4926336,Anaphalis margaritacea (L.) Benth.,Plantae,SPECIES
152543983,https://www.gbif.org/species/2219863,"Gammarus tigrinus Sexton, 1939",Animalia,SPECIES
152543986,https://www.gbif.org/species/3136929,Anaphalis triplinervis (Sims) C.B.Clarke,Plantae,SPECIES
152543987,https://www.gbif.org/species/4416920,"Synurella ambulans (F.Müller, 1846)",Animalia,SPECIES
152543990,https://www.gbif.org/species/3137629,Rhodanthe floribunda (DC.) Paul G.Wilson,Plantae,SPECIES
152543992,https://www.gbif.org/species/2217982,"Crangonyx pseudogracilis Bousfield, 1958",Animalia,SPECIES
152543993,https://www.gbif.org/species/3134867,Catananche caerulea L.,Plantae,SPECIES
152543997,https://www.gbif.org/species/3133702,Adenostyles alliariae (Gouan) A.Kern.,Plantae,SPECIES
152543999,https://www.gbif.org/species/2215949,"Melita nitida S.I.Smith, 1873",Animalia,SPECIES
152544000,https://www.gbif.org/species/3133887,Coreopsis verticillata L.,Plantae,SPECIES
152544002,https://www.gbif.org/species/3133938,Coreopsis lanceolata L.,Plantae,SPECIES
152544004,https://www.gbif.org/species/3133950,Coreopsis tinctoria Nutt.,Plantae,SPECIES
152544007,https://www.gbif.org/species/3131367,Helichrysum petiolare Hilliard & B.L.Burtt,Plantae,SPECIES
152544009,https://www.gbif.org/species/3131614,Helichrysum italicum (Roth) G.Don,Plantae,SPECIES
152544011,https://www.gbif.org/species/6128436,"Amphibalanus reticulatus (Utinomi, 1967)",Animalia,SPECIES
152544012,https://www.gbif.org/species/8298495,Galinsoga quadriradiata Ruiz & Pav.,Plantae,SPECIES
152544013,https://www.gbif.org/species/3132570,Galinsoga parviflora Cav.,Plantae,SPECIES
152544015,https://www.gbif.org/species/6467647,"Amphibalanus improvisus (Darwin, 1854)",Animalia,SPECIES
152544016,https://www.gbif.org/species/3122190,Amberboa moschata (L.) DC.,Plantae,SPECIES
152544017,https://www.gbif.org/species/4805564,"Amphibalanus amphitrite (Darwin, 1854)",Animalia,SPECIES
152544020,https://www.gbif.org/species/8042568,Artemisia abrotanum L.,Plantae,SPECIES
152544021,https://www.gbif.org/species/8195160,Artemisia pontica L.,Plantae,SPECIES
152544022,https://www.gbif.org/species/8373355,Artemisia annua L.,Plantae,SPECIES
152544023,https://www.gbif.org/species/5166489,"Megabalanus coccopoma (Darwin, 1854)",Animalia,SPECIES
152544026,https://www.gbif.org/species/3121668,Artemisia austriaca Jacq.,Plantae,SPECIES
152544027,https://www.gbif.org/species/3121581,Artemisia dracunculus L.,Plantae,SPECIES
152544030,https://www.gbif.org/species/3121562,Artemisia sieversiana Ehrh. ex Willd.,Plantae,SPECIES
152544031,https://www.gbif.org/species/3121258,Artemisia princeps Pamp.,Plantae,SPECIES
152544033,https://www.gbif.org/species/3121226,Artemisia biennis Willd.,Plantae,SPECIES
152544034,https://www.gbif.org/species/3120950,Artemisia ludoviciana Nutt.,Plantae,SPECIES
152544035,https://www.gbif.org/species/2115769,"Austrominius modestus (Darwin, 1854)",Animalia,SPECIES
152544036,https://www.gbif.org/species/3120713,Artemisia scoparia Waldst. & Kit.,Plantae,SPECIES
152544039,https://www.gbif.org/species/7222196,Achillea salicifolia subsp. salicifolia,Plantae,SUBSPECIES
152544041,https://www.gbif.org/species/3120391,Achillea ageratum L.,Plantae,SPECIES
152544042,https://www.gbif.org/species/3120284,Achillea filipendulina Lam.,Plantae,SPECIES
152544045,https://www.gbif.org/species/3120066,Achillea setacea Waldst. & Kit.,Plantae,SPECIES
152544046,https://www.gbif.org/species/3120024,Achillea nobilis L.,Plantae,SPECIES
152544052,https://www.gbif.org/species/3147146,Erigeron speciosus (Lindl.) DC.,Plantae,SPECIES
152544053,https://www.gbif.org/species/3147018,Erigeron floribundus (Kunth) Sch.Bip.,Plantae,SPECIES
152544054,https://www.gbif.org/species/3147168,Erigeron karvinskianus DC.,Plantae,SPECIES
152544056,https://www.gbif.org/species/3146717,Erigeron bonariensis L.,Plantae,SPECIES
152544057,https://www.gbif.org/species/3146791,Erigeron canadensis L.,Plantae,SPECIES
152544058,https://www.gbif.org/species/3146683,Erigeron sumatrensis Retz.,Plantae,SPECIES
152544060,https://www.gbif.org/species/3119285,Erigeron philadelphicus L.,Plantae,SPECIES
152544062,https://www.gbif.org/species/3126046,Erigeron pampeanus Parodi,Plantae,SPECIES
152544065,https://www.gbif.org/species/3125944,Santolina rosmarinifolia L.,Plantae,SPECIES
152544067,https://www.gbif.org/species/3125933,Santolina chamaecyparissus L.,Plantae,SPECIES
152544069,https://www.gbif.org/species/3125901,Sigesbeckia orientalis L.,Plantae,SPECIES
152544070,https://www.gbif.org/species/2162464,"Uroctea durandi (Latreille, 1809)",Animalia,SPECIES
152544073,https://www.gbif.org/species/3125765,Stuartina muelleri Sond.,Plantae,SPECIES
152544075,https://www.gbif.org/species/2162525,"Oecobius amboseli Shear & Benoit, 1974",Animalia,SPECIES
152544076,https://www.gbif.org/species/2162537,"Oecobius navus Blackwall, 1859",Animalia,SPECIES
152544079,https://www.gbif.org/species/9321334,Pilosella prussica (Nägeli & Peter) Soják,Plantae,SPECIES
152544080,https://www.gbif.org/species/2161710,"Heteropoda venatoria (Linnaeus, 1767)",Animalia,SPECIES
152544082,https://www.gbif.org/species/8288930,Pilosella piloselloides (Vill.) Soják,Plantae,SPECIES
152544083,https://www.gbif.org/species/2162049,"Olios argelasius (Walckenaer, 1806)",Animalia,SPECIES
152544084,https://www.gbif.org/species/2161911,"Nolavia Kammerer, 2006",Animalia,GENUS
152544085,https://www.gbif.org/species/2161467,"Cerbalus Simon, 1897",Animalia,GENUS
152544087,https://www.gbif.org/species/3123300,Pilosella fuscoatra (Nägeli & Peter) Soják,Plantae,SPECIES
152544088,https://www.gbif.org/species/3123663,Pilosella caespitosa (Dumort.) P.D.Sell & C.West,Plantae,SPECIES
152544089,https://www.gbif.org/species/7652364,"Nephila Leach, 1815",Animalia,GENUS
152544090,https://www.gbif.org/species/3122924,Pilosella aurantiaca (L.) F.W.Schultz & Sch.Bip.,Plantae,SPECIES
152544091,https://www.gbif.org/species/3123249,Pilosella stoloniflora (Waldst. & Kit.) F.W.Schultz & Sch.Bip.,Plantae,SPECIES
152544093,https://www.gbif.org/species/2158821,"Neoscona nautica (L.Koch, 1875)",Animalia,SPECIES
152544096,https://www.gbif.org/species/3122323,Notobasis syriaca (L.) Cass.,Plantae,SPECIES
152544098,https://www.gbif.org/species/2177741,"Hasarius adansoni (Audouin, 1826)",Animalia,SPECIES
152544102,https://www.gbif.org/species/3089146,Xanthium orientale L.,Plantae,SPECIES
152544103,https://www.gbif.org/species/2176858,"Philaeus chrysops (Poda, 1761)",Animalia,SPECIES
152544104,https://www.gbif.org/species/3089150,Xanthium spinosum L.,Plantae,SPECIES
152544105,https://www.gbif.org/species/2176168,"Phidippus C.L.Koch, 1846",Animalia,GENUS
152544106,https://www.gbif.org/species/3089154,Xanthium strumarium L.,Plantae,SPECIES
152544108,https://www.gbif.org/species/2174528,"Saitis barbipes (Simon, 1868)",Animalia,SPECIES
152544111,https://www.gbif.org/species/3086784,Parthenium hysterophorus L.,Plantae,SPECIES
152544112,https://www.gbif.org/species/2172282,"Pellenes geniculatus (Simon, 1868)",Animalia,SPECIES
152544115,https://www.gbif.org/species/2172885,"Evarcha jucunda (Lucas, 1846)",Animalia,SPECIES
152544116,https://www.gbif.org/species/7749287,Petasites albus (L.) Gaertn.,Plantae,SPECIES
152544118,https://www.gbif.org/species/2171214,"Plexippus paykulli (Audouin, 1826)",Animalia,SPECIES
152544120,https://www.gbif.org/species/3088310,Petasites japonicus (Siebold & Zucc.) Maxim.,Plantae,SPECIES
152544121,https://www.gbif.org/species/3088282,Petasites pyrenaicus (L.) G.López,Plantae,SPECIES
152544122,https://www.gbif.org/species/2172103,"Heliophanus kochii Simon, 1868",Animalia,SPECIES
152544125,https://www.gbif.org/species/3114986,Arctotheca calendula (L.) Levyns,Plantae,SPECIES
152544126,https://www.gbif.org/species/2169430,"Macaroeris nidicolens (Walckenaer, 1802)",Animalia,SPECIES
152544130,https://www.gbif.org/species/3115131,Sinacalia tangutica (Maxim.) B.Nord.,Plantae,SPECIES
152544131,https://www.gbif.org/species/2164194,"Cheiracanthium furculatum Karsch, 1879",Animalia,SPECIES
152544135,https://www.gbif.org/species/6718178,"Cryptachaea blattea (Urquhart, 1886)",Animalia,SPECIES
152544136,https://www.gbif.org/species/4550810,"Cryptachaea veruculata (Urquhart, 1886)",Animalia,SPECIES
152544137,https://www.gbif.org/species/3118526,Tanacetum macrophyllum (Waldst. & Kit.) Sch.Bip.,Plantae,SPECIES
152544138,https://www.gbif.org/species/3118430,Tanacetum parthenium (L.) Sch.Bip.,Plantae,SPECIES
152544140,https://www.gbif.org/species/3118254,Tanacetum balsamita L.,Plantae,SPECIES
152544141,https://www.gbif.org/species/2157984,"Nesticodes rufipes (Lucas, 1846)",Animalia,SPECIES
152544142,https://www.gbif.org/species/3118216,Tanacetum corymbosum (L.) Sch.Bip.,Plantae,SPECIES
152544145,https://www.gbif.org/species/2155807,"Euryopis episinoides (Walckenaer, 1847)",Animalia,SPECIES
152544146,https://www.gbif.org/species/9206251,Helianthus annuus L.,Plantae,SPECIES
152544148,https://www.gbif.org/species/2155867,"Coleosoma floridanum Banks, 1900",Animalia,SPECIES
152544150,https://www.gbif.org/species/3119225,Helianthus petiolaris Nutt.,Plantae,SPECIES
152544151,https://www.gbif.org/species/2157203,"Steatoda nobilis (Thorell, 1875)",Animalia,SPECIES
152544152,https://www.gbif.org/species/2157278,"Steatoda paykulliana (Walckenaer, 1806)",Animalia,SPECIES
152544153,https://www.gbif.org/species/3119219,Helianthus salicifolius A.Dietr.,Plantae,SPECIES
152544154,https://www.gbif.org/species/3119191,Helianthus debilis Nutt.,Plantae,SPECIES
152544155,https://www.gbif.org/species/2157245,"Steatoda grossa (C.L.Koch, 1838)",Animalia,SPECIES
152544156,https://www.gbif.org/species/3119185,Helianthus decapetalus L.,Plantae,SPECIES
152544157,https://www.gbif.org/species/3119181,Helianthus ×laetiflorus Pers.,Plantae,SPECIES
152544158,https://www.gbif.org/species/3119175,Helianthus tuberosus L.,Plantae,SPECIES
152544161,https://www.gbif.org/species/2157335,"Hadrotarsus ornatus Hickman, 1943",Animalia,SPECIES
152544162,https://www.gbif.org/species/3113637,Cirsium rivulare (Jacq.) All.,Plantae,SPECIES
152544164,https://www.gbif.org/species/3113745,Cirsium heterophyllum (L.) Hill,Plantae,SPECIES
152544165,https://www.gbif.org/species/2157949,"Latrodectus mactans (Fabricius, 1775)",Animalia,SPECIES
152544166,https://www.gbif.org/species/3112994,Cirsium ×subalpinum Gaudin,Plantae,SPECIES
152544167,https://www.gbif.org/species/2157928,"Latrodectus hasselti Thorell, 1870",Animalia,SPECIES
152544168,https://www.gbif.org/species/2157944,"Latrodectus geometricus C.L.Koch, 1841",Animalia,SPECIES
152544170,https://www.gbif.org/species/2157942,"Latrodectus hesperus Chamberlin & Ivie, 1935",Animalia,SPECIES
152544172,https://www.gbif.org/species/3113852,Gutenbergia rueppellii Sch.Bip.,Plantae,SPECIES
152544174,https://www.gbif.org/species/2153287,"Zoropsis spinimana (Dufour, 1820)",Animalia,SPECIES
152544178,https://www.gbif.org/species/4255472,Rudbeckia amplexicaulis Vahl,Plantae,SPECIES
152544181,https://www.gbif.org/species/3114229,Rudbeckia laciniata L.,Plantae,SPECIES
152544182,https://www.gbif.org/species/2153712,"Grammostola rosea (Walckenaer, 1837)",Animalia,SPECIES
152544185,https://www.gbif.org/species/3114225,Rudbeckia hirta L.,Plantae,SPECIES
152544186,https://www.gbif.org/species/2153759,"Phormictopus cancerides (Latreille, 1806)",Animalia,SPECIES
152544188,https://www.gbif.org/species/2153791,"Chaetopelma olivaceum (C.L.Koch, 1841)",Animalia,SPECIES
152544191,https://www.gbif.org/species/3114343,Athanasia trifurcata (L.) L.,Plantae,SPECIES
152544194,https://www.gbif.org/species/2155557,"Selenops radiatus Latreille, 1819",Animalia,SPECIES
152544195,https://www.gbif.org/species/9448191,Carduus nutans subsp. leiophyllus (Petrovic) Arènes,Plantae,SUBSPECIES
152544198,https://www.gbif.org/species/4210773,Carduus vivariensis Jord.,Plantae,SPECIES
152544199,https://www.gbif.org/species/2149679,"Holocnemus pluchei (Scopoli, 1763)",Animalia,SPECIES
152544200,https://www.gbif.org/species/3114667,Carduus pycnocephalus L.,Plantae,SPECIES
152544202,https://www.gbif.org/species/2149847,"Spermophora senoculata (Dugès, 1836)",Animalia,SPECIES
152544203,https://www.gbif.org/species/3114679,Carduus hamulosus Ehrh.,Plantae,SPECIES
152544205,https://www.gbif.org/species/2149761,"Micropholcus fauroti (Simon, 1887)",Animalia,SPECIES
152544206,https://www.gbif.org/species/3114643,Carduus acanthoides L.,Plantae,SPECIES
152544209,https://www.gbif.org/species/2150043,"Crossopriza lyoni (Blackwall, 1867)",Animalia,SPECIES
152544211,https://www.gbif.org/species/8002952,Ambrosia artemisiifolia L.,Plantae,SPECIES
152544212,https://www.gbif.org/species/2149992,"Pholcus opilionoides (Schrank, 1781)",Animalia,SPECIES
152544214,https://www.gbif.org/species/2150089,"Artema atlanta Walckenaer, 1837",Animalia,SPECIES
152544215,https://www.gbif.org/species/3110686,Ambrosia psilostachya DC.,Plantae,SPECIES
152544217,https://www.gbif.org/species/3110588,Ambrosia trifida L.,Plantae,SPECIES
152544220,https://www.gbif.org/species/5170395,"Phoneutria boliviensis (F.O.Pickard-Cambridge, 1897)",Animalia,SPECIES
152544221,https://www.gbif.org/species/2152822,"Phoneutria nigriventer (Keyserling, 1891)",Animalia,SPECIES
152544222,https://www.gbif.org/species/3110293,Facelis retusa (Lam.) Sch.Bip.,Plantae,SPECIES
152544228,https://www.gbif.org/species/3110767,Cladanthus mixtus (L.) Chevall.,Plantae,SPECIES
152544229,https://www.gbif.org/species/2140406,"Triaeris stenaspis Simon, 1892",Animalia,SPECIES
152544233,https://www.gbif.org/species/8542672,Cotula australis (Sieber ex Spreng.) Hook.fil.,Plantae,SPECIES
152544234,https://www.gbif.org/species/5168461,"Erigone dentosa O.Pickard-Cambridge, 1894",Animalia,SPECIES
152544235,https://www.gbif.org/species/3112123,Cotula anthemoides L.,Plantae,SPECIES
152544237,https://www.gbif.org/species/3112110,Cotula coronopifolia L.,Plantae,SPECIES
152544238,https://www.gbif.org/species/2138649,"Mermessus denticulatus (Banks, 1898)",Animalia,SPECIES
152544239,https://www.gbif.org/species/3112098,Cotula turbinata L.,Plantae,SPECIES
152544242,https://www.gbif.org/species/3112364,Cynara cardunculus L.,Plantae,SPECIES
152544244,https://www.gbif.org/species/3112361,Cynara scolymus L.,Plantae,SPECIES
152544246,https://www.gbif.org/species/2141241,"Callobius nomeus (Chamberlin, 1919)",Animalia,SPECIES
152544249,https://www.gbif.org/species/3104491,Argyranthemum frutescens (L.) Sch.Bip.,Plantae,SPECIES
152544250,https://www.gbif.org/species/2142456,"Uloborus plumipes Lucas, 1846",Animalia,SPECIES
152544253,https://www.gbif.org/species/2148040,"Thanatus vulgaris Simon, 1870",Animalia,SPECIES
152544257,https://www.gbif.org/species/2145078,"Macrothele calpeiana (Walckenaer, 1805)",Animalia,SPECIES
152544258,https://www.gbif.org/species/3104314,Liatris spicata (L.) Willd.,Plantae,SPECIES
152544262,https://www.gbif.org/species/7903764,Senecio sarracenicus L.,Plantae,SPECIES
152544267,https://www.gbif.org/species/6063730,Senecio vernalis Waldst. & Kit.,Plantae,SPECIES
152544269,https://www.gbif.org/species/3109086,Senecio inaequidens DC.,Plantae,SPECIES
152544270,https://www.gbif.org/species/7481364,"Fulvius subnitens Poppius, 1909",Animalia,SPECIES
152544271,https://www.gbif.org/species/3109117,Senecio squalidus L.,Plantae,SPECIES
152544272,https://www.gbif.org/species/4487282,"Fulvius anthocoroides (Reuter, 1875)",Animalia,SPECIES
152544273,https://www.gbif.org/species/3107896,Senecio gallicus Chaix,Plantae,SPECIES
152544274,https://www.gbif.org/species/3107177,Senecio pterophorus DC.,Plantae,SPECIES
152544277,https://www.gbif.org/species/4487370,"Tropidosteptes pacificus (Van Duzee, 1921)",Animalia,SPECIES
152544278,https://www.gbif.org/species/3105768,Sonchus tenerrimus L.,Plantae,SPECIES
152544283,https://www.gbif.org/species/4486365,"Nysius huttoni White, 1878",Animalia,SPECIES
152544288,https://www.gbif.org/species/5879783,"Thaumatotibia leucotreta (Meyrick, 1913)",Animalia,SPECIES
152544292,https://www.gbif.org/species/3110041,Amphiachyris dracunculoides (DC.) Nutt.,Plantae,SPECIES
152544293,https://www.gbif.org/species/4532122,"Cydalima perspectalis (Walker, 1859)",Animalia,SPECIES
152544296,https://www.gbif.org/species/3102871,Xerochrysum bracteatum (Vent.) Tzvelev,Plantae,SPECIES
152544299,https://www.gbif.org/species/5108665,"Callopistria floridensis Guenée, 1852",Animalia,SPECIES
152544300,https://www.gbif.org/species/3103180,Gamochaeta antillana (Urb.) Anderb.,Plantae,SPECIES
152544302,https://www.gbif.org/species/3103082,Gamochaeta pensylvanica (Willd.) Cabrera,Plantae,SPECIES
152544304,https://www.gbif.org/species/1932752,"Cacyreus marshalli Butler, 1897",Animalia,SPECIES
152544308,https://www.gbif.org/species/3102823,Anthemis ruthenica M.Bieb.,Plantae,SPECIES
152544309,https://www.gbif.org/species/1941864,"Paysandisia archon (Burmeister, 1880)",Animalia,SPECIES
152544312,https://www.gbif.org/species/3104078,Heteranthemis viscidehirta Schott,Plantae,SPECIES
152544314,https://www.gbif.org/species/5104748,"Cameraria gaultheriella (Walsingham, 1889)",Animalia,SPECIES
152544315,https://www.gbif.org/species/1749449,"Cameraria ohridella Deschka & Dimić, 1986",Animalia,SPECIES
152544320,https://www.gbif.org/species/3104150,Tripleurospermum decipiens (Fisch. & C.A.Mey.) Bornm.,Plantae,SPECIES
152544321,https://www.gbif.org/species/1651430,"Aedes albopictus (Skuse, 1894)",Animalia,SPECIES
152544324,https://www.gbif.org/species/1652212,"Aedes japonicus (Theobald, 1901)",Animalia,SPECIES
152544325,https://www.gbif.org/species/3103791,Matricaria discoidea DC.,Plantae,SPECIES
152544327,https://www.gbif.org/species/1652150,"Aedes koreicus (Edwards, 1917)",Animalia,SPECIES
152544328,https://www.gbif.org/species/3098951,Cosmos sulphureus Cav.,Plantae,SPECIES
152544329,https://www.gbif.org/species/3098912,Cosmos bipinnatus Cav.,Plantae,SPECIES
152544332,https://www.gbif.org/species/1650106,"Anopheles pharoensis Theobald, 1901",Animalia,SPECIES
152544333,https://www.gbif.org/species/3096529,Mauranthemum paludosum (Poir.) Vogt & Oberpr.,Plantae,SPECIES
152544336,https://www.gbif.org/species/3098176,Calotis hispidula (F.Muell.) F.Muell.,Plantae,SPECIES
152544338,https://www.gbif.org/species/3098183,Calotis lappulacea Benth.,Plantae,SPECIES
152544339,https://www.gbif.org/species/3098186,Calotis cuneifolia R.Br.,Plantae,SPECIES
152544342,https://www.gbif.org/species/1718308,"Acheta domesticus (Linnaeus, 1758)",Animalia,SPECIES
152544343,https://www.gbif.org/species/3100968,Pseudognaphalium undulatum (L.) Hilliard & B.L.Burtt,Plantae,SPECIES
152544345,https://www.gbif.org/species/3101193,Dittrichia graveolens (L.) Greuter,Plantae,SPECIES
152544346,https://www.gbif.org/species/3101184,Dittrichia viscosa (L.) Greuter,Plantae,SPECIES
152544350,https://www.gbif.org/species/1719204,"Gryllomorpha dalmatina (Ocskay, 1832)",Animalia,SPECIES
152544353,https://www.gbif.org/species/3100375,Acanthospermum hispidum DC.,Plantae,SPECIES
152544355,https://www.gbif.org/species/3093891,Hypochaeris microcephala (Sch.Bip.) Cabrera,Plantae,SPECIES
152544356,https://www.gbif.org/species/1713034,"Gryllus bimaculatus De Geer, 1773",Animalia,SPECIES
152544359,https://www.gbif.org/species/1722140,"Eumodicogryllus bordigalensis (Latreille, 1804)",Animalia,SPECIES
152544360,https://www.gbif.org/species/3092946,Callistephus chinensis (L.) Nees,Plantae,SPECIES
152544363,https://www.gbif.org/species/3092782,Euthamia graminifolia (L.) Nutt.,Plantae,SPECIES
152544364,https://www.gbif.org/species/1722299,"Gryllodes sigillatus (Walker, 1869)",Animalia,SPECIES
152544368,https://www.gbif.org/species/3092604,Leysera tenella DC.,Plantae,SPECIES
152544369,https://www.gbif.org/species/1702101,"Anacridium aegyptium (Linnaeus, 1764)",Animalia,SPECIES
152544374,https://www.gbif.org/species/4423428,"Yersinella raymondii (Yersin, 1860)",Animalia,SPECIES
152544377,https://www.gbif.org/species/1690429,"Meconema meridionale Costa, 1860",Animalia,SPECIES
4206362,https://www.gbif.org/species/4206362,Onopordum beckianum A.John,Plantae,SPECIES
152544379,https://www.gbif.org/species/3094939,Onopordum tauricum Willd.,Plantae,SPECIES
152544381,https://www.gbif.org/species/3094899,Onopordum macracanthum Schousb.,Plantae,SPECIES
152544385,https://www.gbif.org/species/9202318,Symphyotrichum lanceolatum (Willd.) G.L.Nesom,Plantae,SPECIES
152544386,https://www.gbif.org/species/6931186,"Nicoletia phytophila Gervais, 1844",Animalia,SPECIES
152544387,https://www.gbif.org/species/7832723,Symphyotrichum lateriflorum (L.) Á.Löve & D.Löve,Plantae,SPECIES
152544388,https://www.gbif.org/species/3151618,Symphyotrichum novae-angliae (L.) G.L.Nesom,Plantae,SPECIES
152544390,https://www.gbif.org/species/3151558,Symphyotrichum novi-belgii (L.) G.L.Nesom,Plantae,SPECIES
152544392,https://www.gbif.org/species/3151692,Symphyotrichum ciliatum (Ledeb.) G.L.Nesom,Plantae,SPECIES
152544393,https://www.gbif.org/species/1421105,"Thermobia domestica (Packard, 1837)",Animalia,SPECIES
152544394,https://www.gbif.org/species/3151666,Symphyotrichum racemosum (Elliott) G.L.Nesom,Plantae,SPECIES
152544396,https://www.gbif.org/species/3151755,Symphyotrichum pilosum (Willd.) G.L.Nesom,Plantae,SPECIES
152544397,https://www.gbif.org/species/1421095,"Ctenolepisma lineata (Fabricius, 1775)",Animalia,SPECIES
152544398,https://www.gbif.org/species/3151811,Symphyotrichum ×salignum (Willd.) G.L.Nesom,Plantae,SPECIES
152544399,https://www.gbif.org/species/3094253,Symphyotrichum subulatum (Michx.) G.L.Nesom,Plantae,SPECIES
152544402,https://www.gbif.org/species/8584304,Guizotia abyssinica (L.fil.) Cass.,Plantae,SPECIES
152544404,https://www.gbif.org/species/3088652,Guizotia schimperi Sch.Bip.,Plantae,SPECIES
152544407,https://www.gbif.org/species/1423286,"Ischnura senegalensis (Rambur, 1842)",Animalia,SPECIES
152544408,https://www.gbif.org/species/7497356,Tagetes tenuifolia Cav.,Plantae,SPECIES
152544410,https://www.gbif.org/species/3088481,Tagetes minuta L.,Plantae,SPECIES
152544411,https://www.gbif.org/species/3088488,Tagetes erecta L.,Plantae,SPECIES
152544412,https://www.gbif.org/species/1422818,"Pseudagrion microcephalum (Rambur, 1842)",Animalia,SPECIES
152544415,https://www.gbif.org/species/3088405,Leucanthemella serotina (L.) Tzvelev,Plantae,SPECIES
152544418,https://www.gbif.org/species/3092576,Silphium perfoliatum L.,Plantae,SPECIES
3092125,https://www.gbif.org/species/3092125,"Acmella Rich., 1807",Plantae,GENUS
152544421,https://www.gbif.org/species/5386764,Acmella oleracea (L.) R.K.Jansen,Plantae,SPECIES
152544422,https://www.gbif.org/species/1420197,"Aleurodothrips fasciapennis (Franklin, 1908)",Animalia,SPECIES
152544425,https://www.gbif.org/species/8351995,"Frankliniella occidentalis (Pergande, 1895)",Animalia,SPECIES
152544428,https://www.gbif.org/species/1420857,"Parthenothrips dracaenae (Heeger, 1854)",Animalia,SPECIES
152544430,https://www.gbif.org/species/3090783,Prenanthes purpurea L.,Plantae,SPECIES
152544431,https://www.gbif.org/species/1420846,"Echinothrips americanus Morgan, 1913",Animalia,SPECIES
152544436,https://www.gbif.org/species/1420769,"Aurantothrips orchidaceus (Bagnall, 1909)",Animalia,SPECIES
152544438,https://www.gbif.org/species/1420791,"Leucothrips nigripennis Reuter, 1904",Animalia,SPECIES
152544439,https://www.gbif.org/species/5372392,Vitis vinifera L.,Plantae,SPECIES
152544441,https://www.gbif.org/species/1420795,"Heliothrips haemorrhoidalis (Bouché, 1833)",Animalia,SPECIES
152544443,https://www.gbif.org/species/1420828,"Hercinothrips bicinctus (Bagnall, 1919)",Animalia,SPECIES
152544445,https://www.gbif.org/species/1420829,"Hercinothrips femoralis (Reuter, 1891)",Animalia,SPECIES
152544447,https://www.gbif.org/species/3039209,Parthenocissus tricuspidata (Siebold & Zucc.) Planch.,Plantae,SPECIES
152544448,https://www.gbif.org/species/1420612,"Scirtothrips longipennis (Bagnall, 1909)",Animalia,SPECIES
152544449,https://www.gbif.org/species/3039194,Parthenocissus quinquefolia (L.) Planch.,Plantae,SPECIES
152544453,https://www.gbif.org/species/1420765,"Chaetanaphothrips orchidii (Moulton, 1907)",Animalia,SPECIES
152544459,https://www.gbif.org/species/1419894,"Euborellia annulipes (Lucas, 1847)",Animalia,SPECIES
152544461,https://www.gbif.org/species/3033077,Aucuba japonica Thunb.,Plantae,SPECIES
152544465,https://www.gbif.org/species/8599762,"Aproceros leucopoda Takeuchi, 1939",Animalia,SPECIES
152544468,https://www.gbif.org/species/3039046,Fatsia japonica (Thunb.) Decne. & Planch.,Plantae,SPECIES
152544473,https://www.gbif.org/species/3036033,Hedera colchica (K.Koch) K.Koch,Plantae,SPECIES
152544474,https://www.gbif.org/species/5041466,"Sceliphron caementarium (Drury, 1773)",Animalia,SPECIES
152544478,https://www.gbif.org/species/3037015,Aralia cordata Thunb.,Plantae,SPECIES
152544480,https://www.gbif.org/species/3036958,Aralia racemosa L.,Plantae,SPECIES
152544481,https://www.gbif.org/species/1311477,"Vespa velutina Lepeletier, 1836",Animalia,SPECIES
152544482,https://www.gbif.org/species/3036892,Aralia elata (Miq.) Seem.,Plantae,SPECIES
152544487,https://www.gbif.org/species/7664179,"Technomyrmex vitiensis Mann, 1921",Animalia,SPECIES
152544490,https://www.gbif.org/species/7358948,"Lasius neglectus Van Loon, Boomsma & Andrasfalvy, 1990",Animalia,SPECIES
152544492,https://www.gbif.org/species/8364220,Torilis leptophylla (L.) Rchb.fil.,Plantae,SPECIES
152544494,https://www.gbif.org/species/1325561,"Paratrechina longicornis (Latreille, 1802)",Animalia,SPECIES
152544495,https://www.gbif.org/species/6026665,Torilis africana Spreng.,Plantae,SPECIES
152544498,https://www.gbif.org/species/8455382,"Hypoponera schauinslandi (Emery, 1899)",Animalia,SPECIES
152544499,https://www.gbif.org/species/6027089,Smyrnium perfoliatum L.,Plantae,SPECIES
152544500,https://www.gbif.org/species/1326634,"Hypoponera punctatissima (Roger, 1859)",Animalia,SPECIES
152544503,https://www.gbif.org/species/1320777,"Plagiolepis pygmaea (Latreille, 1798)",Animalia,SPECIES
152544504,https://www.gbif.org/species/7466434,Pastinaca sativa subsp. urens (Req. ex Godr.) Celak.,Plantae,SUBSPECIES
152544506,https://www.gbif.org/species/7224157,Pastinaca sativa subsp. sativa,Plantae,SUBSPECIES
152544507,https://www.gbif.org/species/1322674,"Pheidole anastasii Emery, 1896",Animalia,SPECIES
152544508,https://www.gbif.org/species/1321805,"Pheidole bilimeki Mayr, 1870",Animalia,SPECIES
152544511,https://www.gbif.org/species/8080300,Pimpinella anisum L.,Plantae,SPECIES
152544512,https://www.gbif.org/species/1323402,"Tetramorium bicarinatum (Nylander, 1846)",Animalia,SPECIES
152544514,https://www.gbif.org/species/1316805,"Tapinoma melanocephalum (Fabricius, 1793)",Animalia,SPECIES
152544515,https://www.gbif.org/species/5538946,Pimpinella peregrina L.,Plantae,SPECIES
152544518,https://www.gbif.org/species/1314773,"Monomorium pharaonis (Linnaeus, 1758)",Animalia,SPECIES
152544520,https://www.gbif.org/species/1319260,"Tetraponera allaborans (Walker, 1859)",Animalia,SPECIES
152544521,https://www.gbif.org/species/5538108,Imperatoria ostruthium L.,Plantae,SPECIES
152544523,https://www.gbif.org/species/1316908,"Linepithema humile (Mayr, 1868)",Animalia,SPECIES
152544526,https://www.gbif.org/species/1313740,"Camponotus vagus (Scopoli, 1763)",Animalia,SPECIES
152544527,https://www.gbif.org/species/5371870,Bifora radians M.Bieb.,Plantae,SPECIES
152544532,https://www.gbif.org/species/5371889,Oenanthe pimpinelloides L.,Plantae,SPECIES
152544533,https://www.gbif.org/species/7572133,"Anoplophora glabripennis (Motschulsky, 1854)",Animalia,SPECIES
152544535,https://www.gbif.org/species/5371808,Angelica archangelica L.,Plantae,SPECIES
152544536,https://www.gbif.org/species/7987143,"Anoplophora chinensis (Forster, 1771)",Animalia,SPECIES
152544539,https://www.gbif.org/species/5371772,Levisticum officinale W.D.J.Koch,Plantae,SPECIES
152544541,https://www.gbif.org/species/4453195,"Carpophilus obsoletus Erichson, 1843",Animalia,SPECIES
152544543,https://www.gbif.org/species/5371746,Anthriscus cerefolium (L.) Hoffm.,Plantae,SPECIES
152544545,https://www.gbif.org/species/1043978,"Stelidota geminata (Say, 1825)",Animalia,SPECIES
152544549,https://www.gbif.org/species/6027313,"Daucus glochidiatus (Labill.) Fisch., C.A.Mey. & Avé-Lall.",Plantae,SPECIES
152544550,https://www.gbif.org/species/6027382,Daucus aureus Desf.,Plantae,SPECIES
152544551,https://www.gbif.org/species/8765358,"Coccinella miranda Wollaston, 1864",Animalia,SPECIES
152544552,https://www.gbif.org/species/3641853,Daucus durieua Lange,Plantae,SPECIES
152544554,https://www.gbif.org/species/4989894,"Hippodamia convergens Guérin-Méneville, 1842",Animalia,SPECIES
152544558,https://www.gbif.org/species/4989904,"Harmonia axyridis (Pallas, 1773)",Animalia,SPECIES
152544562,https://www.gbif.org/species/6026954,Scandix stellata Banks & Sol.,Plantae,SPECIES
152544563,https://www.gbif.org/species/4990176,"Rhyzobius forestieri (Mulsant, 1853)",Animalia,SPECIES
152544565,https://www.gbif.org/species/6308164,Scandix australis subsp. grandiflora (L.) Thell.,Plantae,SUBSPECIES
152544566,https://www.gbif.org/species/1043717,"Cryptolaemus montrouzieri Mulsant, 1853",Animalia,SPECIES
152544567,https://www.gbif.org/species/3637507,Scandix balansae Reut. ex Boiss.,Plantae,SPECIES
152544569,https://www.gbif.org/species/3637112,Scandix iberica M.Bieb.,Plantae,SPECIES
152544571,https://www.gbif.org/species/3633319,Tordylium maximum L.,Plantae,SPECIES
152544573,https://www.gbif.org/species/3034922,Foeniculum vulgare Mill.,Plantae,SPECIES
152544576,https://www.gbif.org/species/4271356,Heracleum sphondylium subsp. sibiricum (L.) Simonk.,Plantae,SUBSPECIES
152544578,https://www.gbif.org/species/4400961,"Badonnelia titei Pearman, 1953",Animalia,SPECIES
152544579,https://www.gbif.org/species/3034825,Heracleum mantegazzianum Sommier & Levier,Plantae,SPECIES
152544582,https://www.gbif.org/species/4987920,"Trichopsocus clarus (Banks, 1908)",Animalia,SPECIES
152544586,https://www.gbif.org/species/3034681,Myrrhis odorata (L.) Scop.,Plantae,SPECIES
152544587,https://www.gbif.org/species/1032377,"Hoplopleura erismata Ferris, 1921",Animalia,SPECIES
152544591,https://www.gbif.org/species/1032262,"Enderleinellus kumadai Kaneko, 1954",Animalia,SPECIES
152544592,https://www.gbif.org/species/3034915,Astrantia major L.,Plantae,SPECIES
152544595,https://www.gbif.org/species/3034871,Coriandrum sativum L.,Plantae,SPECIES
152544597,https://www.gbif.org/species/4401285,"Dorypteryx longipennis Smithers, 1991",Animalia,SPECIES
152544599,https://www.gbif.org/species/1031742,"Dorypteryx domestica (Smithers, 1958)",Animalia,SPECIES
152544600,https://www.gbif.org/species/1031743,"Dorypteryx pallida Aaron, 1883",Animalia,SPECIES
152544601,https://www.gbif.org/species/7318448,Eryngium bourgatii Gouan,Plantae,SPECIES
152544603,https://www.gbif.org/species/1031737,"Psyllipsocus ramburii Selys-Longchamps, 1872",Animalia,SPECIES
152544605,https://www.gbif.org/species/3631129,Eryngium giganteum M.Bieb.,Plantae,SPECIES
152544607,https://www.gbif.org/species/1031564,"Psoquilla marginepunctata Hagen, 1865",Animalia,SPECIES
152544609,https://www.gbif.org/species/3034393,Eryngium planum L.,Plantae,SPECIES
152544612,https://www.gbif.org/species/1031684,"Lepinotus patruelis Pearman, 1931",Animalia,SPECIES
152544613,https://www.gbif.org/species/1031685,"Lepinotus reticulatus Enderlein, 1904",Animalia,SPECIES
152544614,https://www.gbif.org/species/5831906,Bupleurum gerardi All.,Plantae,SPECIES
152544616,https://www.gbif.org/species/1031677,"Trogium pulsatorium (Linnaeus, 1758)",Animalia,SPECIES
152544617,https://www.gbif.org/species/6026972,Bupleurum praealtum L.,Plantae,SPECIES
152544619,https://www.gbif.org/species/3639326,Bupleurum croceum Fenzl,Plantae,SPECIES
152544620,https://www.gbif.org/species/1031680,"Cerobasis annulata (Hagen, 1865)",Animalia,SPECIES
152544622,https://www.gbif.org/species/3638793,Bupleurum fruticosum L.,Plantae,SPECIES
152544624,https://www.gbif.org/species/3034552,Bupleurum odontites L.,Plantae,SPECIES
152544625,https://www.gbif.org/species/3034558,Bupleurum subovatum Link ex Spreng.,Plantae,SPECIES
152544627,https://www.gbif.org/species/1031512,"Liposcelis brunnea Motschulsky, 1852",Animalia,SPECIES
152544628,https://www.gbif.org/species/1031520,"Liposcelis bostrychophila Badonnel, 1931",Animalia,SPECIES
152544629,https://www.gbif.org/species/3034182,Ammi majus L.,Plantae,SPECIES
152544630,https://www.gbif.org/species/1031524,"Liposcelis paeta Pearman, 1942",Animalia,SPECIES
152544634,https://www.gbif.org/species/1031394,"Ectopsocus petersi Smithers, 1978",Animalia,SPECIES
152544635,https://www.gbif.org/species/3034646,Anethum graveolens L.,Plantae,SPECIES
152544636,https://www.gbif.org/species/1031400,"Ectopsocus briggsi McLachlan, 1899",Animalia,SPECIES
152544639,https://www.gbif.org/species/3642339,Chaerophyllum byzantinum Boiss.,Plantae,SPECIES
152544642,https://www.gbif.org/species/3642531,Chaerophyllum aureum L.,Plantae,SPECIES
152544644,https://www.gbif.org/species/3034653,Chaerophyllum bulbosum L.,Plantae,SPECIES
152544645,https://www.gbif.org/species/1013526,"Cylindroiulus britannicus (Verhoeff, 1891)",Animalia,SPECIES
152544647,https://www.gbif.org/species/7978544,Hydrocotyle ranunculoides L.fil.,Plantae,SPECIES
152544652,https://www.gbif.org/species/3034602,Hydrocotyle verticillata Thunb.,Plantae,SPECIES
152544653,https://www.gbif.org/species/1010644,"Hanseniella caldaria (Hansen, 1903)",Animalia,SPECIES
152544657,https://www.gbif.org/species/3034015,Laurus nobilis L.,Plantae,SPECIES
152544659,https://www.gbif.org/species/3034046,Persea americana Mill.,Plantae,SPECIES
152544663,https://www.gbif.org/species/8060423,Cercidiphyllum japonicum Siebold & Zucc.,Plantae,SPECIES
152544666,https://www.gbif.org/species/5361762,Myriophyllum heterophyllum Michx.,Plantae,SPECIES
152544667,https://www.gbif.org/species/5361785,Myriophyllum aquaticum (Vell.) Verdc.,Plantae,SPECIES
152544670,https://www.gbif.org/species/3152824,Liquidambar styraciflua L.,Plantae,SPECIES
152544673,https://www.gbif.org/species/3083486,Paeonia lactiflora Pall.,Plantae,SPECIES
152544674,https://www.gbif.org/species/3083488,Paeonia officinalis L.,Plantae,SPECIES
8330218,https://www.gbif.org/species/5567657,Bergenia ciliata (Haw.) Sternb.,Plantae,SPECIES
152544679,https://www.gbif.org/species/5567694,Bergenia crassifolia (L.) Fritsch,Plantae,SPECIES
152544681,https://www.gbif.org/species/5371610,Tiarella cordifolia L.,Plantae,SPECIES
152544683,https://www.gbif.org/species/5371605,Tolmiea menziesii (Pursh) Torr. & A.Gray,Plantae,SPECIES
152544685,https://www.gbif.org/species/7339492,Rodgersia aesculifolia Batalin,Plantae,SPECIES
152544686,https://www.gbif.org/species/3754587,Rodgersia podophylla A.Gray,Plantae,SPECIES
152544688,https://www.gbif.org/species/7544073,Saxifraga ×arendsii Engl.,Plantae,SPECIES
152544689,https://www.gbif.org/species/8223023,Saxifraga ×geum L.,Plantae,SPECIES
152544690,https://www.gbif.org/species/7339396,Saxifraga rotundifolia L.,Plantae,SPECIES
152544691,https://www.gbif.org/species/3754353,Saxifraga ×urbium D.A.Webb,Plantae,SPECIES
152544692,https://www.gbif.org/species/3753098,Saxifraga cymbalaria L.,Plantae,SPECIES
152544694,https://www.gbif.org/species/3032611,Darmera peltata (Torr. ex Benth.) Voss,Plantae,SPECIES
152544696,https://www.gbif.org/species/3032698,Tellima grandiflora (Pursh) Douglas ex Lindl.,Plantae,SPECIES
152544698,https://www.gbif.org/species/3032653,Heuchera sanguinea Engelm.,Plantae,SPECIES
3032646,https://www.gbif.org/species/3032646,Heuchera micrantha Lindl.,Plantae,SPECIES
152544703,https://www.gbif.org/species/7334263,Crassula decumbens Thunb.,Plantae,SPECIES
152544705,https://www.gbif.org/species/7334368,Umbilicus rupestris (Salisb.) Dandy,Plantae,SPECIES
152544707,https://www.gbif.org/species/5690287,Sedum cepaea L.,Plantae,SPECIES
152544708,https://www.gbif.org/species/7172720,Sedum dasyphyllum L.,Plantae,SPECIES
152544709,https://www.gbif.org/species/5361982,Sedum hispanicum L.,Plantae,SPECIES
152544710,https://www.gbif.org/species/5362004,Sedum sarmentosum Bunge,Plantae,SPECIES
152544714,https://www.gbif.org/species/4201607,Phedimus spurius (M.Bieb.) 't Hart,Plantae,SPECIES
152544717,https://www.gbif.org/species/7334631,Hylotelephium maximum (L.) Holub,Plantae,SPECIES
152544718,https://www.gbif.org/species/2985863,Hylotelephium spectabile (Boreau) H.Ohba,Plantae,SPECIES
152544720,https://www.gbif.org/species/2985944,Kalanchoe blossfeldiana Poelln.,Plantae,SPECIES
152544722,https://www.gbif.org/species/8091002,Sempervivum globiferum L.,Plantae,SPECIES
152544723,https://www.gbif.org/species/7334576,Sempervivum ×barbulatum Schott,Plantae,SPECIES
152544724,https://www.gbif.org/species/2985949,Sempervivum tectorum L.,Plantae,SPECIES
152544727,https://www.gbif.org/species/2986129,Ribes spicatum E.Robson,Plantae,SPECIES
152544728,https://www.gbif.org/species/2986132,Ribes divaricatum Douglas,Plantae,SPECIES
152544729,https://www.gbif.org/species/2986130,Ribes sanguineum Pursh,Plantae,SPECIES
152544730,https://www.gbif.org/species/2986184,Ribes alpinum L.,Plantae,SPECIES
152544734,https://www.gbif.org/species/2984676,Pachysandra terminalis Siebold & Zucc.,Plantae,SPECIES
152544738,https://www.gbif.org/species/5361880,Cannabis sativa L.,Plantae,SPECIES
152544741,https://www.gbif.org/species/5361888,Morus nigra L.,Plantae,SPECIES
152544742,https://www.gbif.org/species/5361889,Morus alba L.,Plantae,SPECIES
152544744,https://www.gbif.org/species/5361909,Ficus carica L.,Plantae,SPECIES
152544746,https://www.gbif.org/species/5361944,Broussonetia papyrifera (L.) L'Hér. ex Vent.,Plantae,SPECIES
152544749,https://www.gbif.org/species/4048052,Hippophae rhamnoides subsp. caucasica Rousi,Plantae,SUBSPECIES
152544751,https://www.gbif.org/species/7293094,Elaeagnus macrophylla Thunb.,Plantae,SPECIES
152544752,https://www.gbif.org/species/4048240,Elaeagnus ×submacrophylla Servett.,Plantae,SPECIES
152544753,https://www.gbif.org/species/3039272,Elaeagnus multiflora Thunb.,Plantae,SPECIES
152544754,https://www.gbif.org/species/3039269,Elaeagnus angustifolia L.,Plantae,SPECIES
152544757,https://www.gbif.org/species/5372457,Paliurus spina-christi Mill.,Plantae,SPECIES
3875113,https://www.gbif.org/species/3875113,Ceanothus ×delilianus Spach,Plantae,SPECIES
152544761,https://www.gbif.org/species/3039418,Ziziphus lotus (L.) Lam.,Plantae,SPECIES
152544764,https://www.gbif.org/species/2984532,Zelkova serrata (Thunb.) Makino,Plantae,SPECIES
7437751,https://www.gbif.org/species/7437751,Urtica membranacea Poir. ex Savigny,Plantae,SPECIES
152544768,https://www.gbif.org/species/7602322,Urtica incisa Poir.,Plantae,SPECIES
152544769,https://www.gbif.org/species/5670646,Urtica pilulifera L.,Plantae,SPECIES
152544771,https://www.gbif.org/species/7300922,Pilea hyalina Fenzl,Plantae,SPECIES
152544772,https://www.gbif.org/species/5669632,Pilea peperomioides Diels,Plantae,SPECIES
152544773,https://www.gbif.org/species/5361841,Pilea microphylla (L.) Liebm.,Plantae,SPECIES
152544775,https://www.gbif.org/species/2984466,Laportea aestuans (L.) Chew,Plantae,SPECIES
152544777,https://www.gbif.org/species/2984366,Soleirolia soleirolii (Req.) Dandy,Plantae,SPECIES
152544780,https://www.gbif.org/species/3021922,Prunus cerasus L.,Plantae,SPECIES
152544784,https://www.gbif.org/species/7272312,Filipendula camtschatica (Pall.) Maxim.,Plantae,SPECIES
152544786,https://www.gbif.org/species/7271631,Pyrus communis subsp. communis,Plantae,SUBSPECIES
152544788,https://www.gbif.org/species/5362136,Aruncus dioicus (Walter) Fernald,Plantae,SPECIES
152544790,https://www.gbif.org/species/5362215,Cydonia oblonga Mill.,Plantae,SPECIES
152544792,https://www.gbif.org/species/5363627,Aronia melanocarpa (Michx.) Elliott,Plantae,SPECIES
152544794,https://www.gbif.org/species/5370380,Dasiphora fruticosa (L.) Rydb.,Plantae,SPECIES
152544796,https://www.gbif.org/species/5370006,Geum ternatum (Stephan) Smedmark,Plantae,SPECIES
152544797,https://www.gbif.org/species/5370043,Geum quellyon Sweet,Plantae,SPECIES
152544798,https://www.gbif.org/species/5369784,Geum macrophyllum Willd.,Plantae,SPECIES
152544800,https://www.gbif.org/species/8045533,Potentilla supina subsp. costata Soják,Plantae,SUBSPECIES
152544802,https://www.gbif.org/species/8358048,Potentilla recta subsp. obscura (Willd.) Arcang.,Plantae,SUBSPECIES
152544803,https://www.gbif.org/species/7272439,Potentilla recta subsp. recta,Plantae,SUBSPECIES
152544804,https://www.gbif.org/species/5367186,Potentilla rivalis Nutt. ex Torr. & A.Gray,Plantae,SPECIES
152544805,https://www.gbif.org/species/5367214,Potentilla nepalensis Hook.,Plantae,SPECIES
152544806,https://www.gbif.org/species/5365888,Potentilla inclinata Vill.,Plantae,SPECIES
152544807,https://www.gbif.org/species/5366327,Potentilla montana Brot.,Plantae,SPECIES
152544808,https://www.gbif.org/species/5365305,Potentilla norvegica L.,Plantae,SPECIES
152544809,https://www.gbif.org/species/5365705,Potentilla intermedia L.,Plantae,SPECIES
152544813,https://www.gbif.org/species/5371450,Kerria japonica (L.) DC.,Plantae,SPECIES
152544815,https://www.gbif.org/species/3024109,Amelanchier ×lamarckii F.G.Schroed.,Plantae,SPECIES
152544821,https://www.gbif.org/species/3025858,Cotoneaster ambiguus Rehder & E.H.Wilson,Plantae,SPECIES
152544822,https://www.gbif.org/species/3025731,Cotoneaster moupinensis Franch.,Plantae,SPECIES
152544824,https://www.gbif.org/species/3025907,Cotoneaster qungbixiensis J.Fryer & B.Hylmö,Plantae,SPECIES
152544826,https://www.gbif.org/species/3025875,Cotoneaster conspicuus Comber ex Marquand,Plantae,SPECIES
152544827,https://www.gbif.org/species/3025896,Cotoneaster dielsianus E.Pritz.,Plantae,SPECIES
152544828,https://www.gbif.org/species/3025989,Cotoneaster ganghobaensis J.Fryer & B.Hylmö,Plantae,SPECIES
152544829,https://www.gbif.org/species/3026004,Cotoneaster ×watereri Exell,Plantae,SPECIES
152544832,https://www.gbif.org/species/3026049,Cotoneaster dammeri C.K.Schneid.,Plantae,SPECIES
152544833,https://www.gbif.org/species/3026074,Cotoneaster salicifolius Franch.,Plantae,SPECIES
152544834,https://www.gbif.org/species/3026024,Cotoneaster ascendens Flinck & B.Hylmö,Plantae,SPECIES
152544835,https://www.gbif.org/species/3026040,Cotoneaster ×suecicus G.Klotz,Plantae,SPECIES
152544836,https://www.gbif.org/species/3025617,Cotoneaster horizontalis Decne.,Plantae,SPECIES
152544837,https://www.gbif.org/species/3025605,Cotoneaster zabelii C.K.Schneid.,Plantae,SPECIES
152544839,https://www.gbif.org/species/3026105,Cotoneaster integrifolius (Roxb.) G.Klotz,Plantae,SPECIES
152544840,https://www.gbif.org/species/3026092,Cotoneaster hjelmqvistii Flinck & B.Hylmö,Plantae,SPECIES
152544842,https://www.gbif.org/species/3026107,Cotoneaster simonsii Baker,Plantae,SPECIES
152544843,https://www.gbif.org/species/3026162,Cotoneaster franchetii Boiss.,Plantae,SPECIES
152544847,https://www.gbif.org/species/3026334,Cotoneaster divaricatus Rehder & E.H.Wilson,Plantae,SPECIES
152544848,https://www.gbif.org/species/3026294,Cotoneaster bullatus Bois ex Bilm. & Bois,Plantae,SPECIES
152544850,https://www.gbif.org/species/3027791,Alchemilla micans Buser,Plantae,SPECIES
152544851,https://www.gbif.org/species/3028431,Alchemilla conjuncta Bab.,Plantae,SPECIES
152544852,https://www.gbif.org/species/3028528,Alchemilla mollis (Buser) Rothm.,Plantae,SPECIES
152544853,https://www.gbif.org/species/3028586,Alchemilla tytthantha Juz.,Plantae,SPECIES
152544855,https://www.gbif.org/species/3029912,Fragaria ×ananassa (Weston) Rozier,Plantae,SPECIES
152544857,https://www.gbif.org/species/3031774,Mespilus germanica L.,Plantae,SPECIES
152544859,https://www.gbif.org/species/3032442,Rhodotypos scandens (Thunb.) Makino,Plantae,SPECIES
152544861,https://www.gbif.org/species/7889822,Spiraea ×billardii Hérincq,Plantae,SPECIES
152544862,https://www.gbif.org/species/8170635,Spiraea japonica L.fil.,Plantae,SPECIES
152544863,https://www.gbif.org/species/3027332,Spiraea ×rosalba Dippel,Plantae,SPECIES
152544864,https://www.gbif.org/species/3027341,Spiraea nipponica Maxim.,Plantae,SPECIES
152544865,https://www.gbif.org/species/3027355,Spiraea ×macrothyrsa (Zabel) Dippel,Plantae,SPECIES
152544866,https://www.gbif.org/species/3026431,Spiraea hypericifolia L.,Plantae,SPECIES
152544867,https://www.gbif.org/species/3026819,Spiraea tomentosa L.,Plantae,SPECIES
152544868,https://www.gbif.org/species/3026585,Spiraea alba Du Roi,Plantae,SPECIES
152544869,https://www.gbif.org/species/3027159,Spiraea douglasii Hook.,Plantae,SPECIES
152544870,https://www.gbif.org/species/3027138,Spiraea canescens D.Don,Plantae,SPECIES
152544872,https://www.gbif.org/species/3001978,Agrimonia repens L.,Plantae,SPECIES
7501634,https://www.gbif.org/species/7501634,Rosa multiflora Murray,Plantae,SPECIES
152544876,https://www.gbif.org/species/3002263,Rosa majalis Herrm.,Plantae,SPECIES
152544877,https://www.gbif.org/species/3002372,Rosa blanda Aiton,Plantae,SPECIES
152544878,https://www.gbif.org/species/3011247,Rosa nitida Willd.,Plantae,SPECIES
152544879,https://www.gbif.org/species/3006974,Rosa pendulina L.,Plantae,SPECIES
152544880,https://www.gbif.org/species/3003979,Rosa rugosa Thunb.,Plantae,SPECIES
152544881,https://www.gbif.org/species/3003709,Rosa glauca Pourr.,Plantae,SPECIES
152544883,https://www.gbif.org/species/3000406,Stranvaesia davidiana Decne.,Plantae,SPECIES
152544886,https://www.gbif.org/species/3001270,Malus ×purpurea (A.Barbier) Rehder,Plantae,SPECIES
152544889,https://www.gbif.org/species/3000610,Chaenomeles japonica (Thunb.) Lindl. ex Spach,Plantae,SPECIES
152544896,https://www.gbif.org/species/7818643,Prunus armeniaca L.,Plantae,SPECIES
152544898,https://www.gbif.org/species/6369140,Prunus domestica subsp. domestica,Plantae,SUBSPECIES
152544899,https://www.gbif.org/species/3021850,Prunus serotina Ehrh.,Plantae,SPECIES
152544900,https://www.gbif.org/species/3022668,Prunus virginiana L.,Plantae,SPECIES
152544901,https://www.gbif.org/species/3021730,Prunus cerasifera Ehrh.,Plantae,SPECIES
152544902,https://www.gbif.org/species/3021496,Prunus laurocerasus L.,Plantae,SPECIES
152544903,https://www.gbif.org/species/3020871,Prunus lusitanica L.,Plantae,SPECIES
152544904,https://www.gbif.org/species/3022203,Prunus ×fruticans Weihe,Plantae,SPECIES
152544907,https://www.gbif.org/species/3015457,Crataegus persimilis Sarg.,Plantae,SPECIES
152544909,https://www.gbif.org/species/3012117,Sorbaria tomentosa (Lindl.) Rehder,Plantae,SPECIES
152544910,https://www.gbif.org/species/3012103,Sorbaria kirilowii (Regel) Maxim.,Plantae,SPECIES
152544911,https://www.gbif.org/species/3012089,Sorbaria sorbifolia (L.) A.Braun,Plantae,SPECIES
152544913,https://www.gbif.org/species/2988354,Physocarpus opulifolius (L.) Maxim.,Plantae,SPECIES
152544915,https://www.gbif.org/species/2996525,Rubus armeniacus Focke,Plantae,SPECIES
152544916,https://www.gbif.org/species/2994912,Rubus odoratus L.,Plantae,SPECIES
152544917,https://www.gbif.org/species/2995149,Rubus phoenicolasius Maxim.,Plantae,SPECIES
152544918,https://www.gbif.org/species/2989222,Rubus tricolor Focke,Plantae,SPECIES
152544919,https://www.gbif.org/species/2992543,Rubus laciniatus Willd.,Plantae,SPECIES
152544921,https://www.gbif.org/species/2994120,Rubus cockburnianus Hemsl.,Plantae,SPECIES
152544922,https://www.gbif.org/species/2993761,Rubus spectabilis Pursh,Plantae,SPECIES
152544924,https://www.gbif.org/species/3853033,Neillia incisa (Thunb.) S.H.Oh,Plantae,SPECIES
152544925,https://www.gbif.org/species/2987948,Neillia tanakae Franch. & Sav.,Plantae,SPECIES
152544931,https://www.gbif.org/species/5646410,Blumenbachia hieronymi Urb.,Plantae,SPECIES
152544934,https://www.gbif.org/species/8421432,Cornus sanguinea subsp. hungarica (Kárpáti) Soó,Plantae,SUBSPECIES
152544935,https://www.gbif.org/species/3663237,Cornus sanguinea subsp. australis (C.A.Mey.) Jáv.,Plantae,SUBSPECIES
152544936,https://www.gbif.org/species/3082244,Cornus sericea L.,Plantae,SPECIES
152544939,https://www.gbif.org/species/2985994,Hydrangea macrophylla (Thunb.) Ser.,Plantae,SPECIES
152544940,https://www.gbif.org/species/2985995,Hydrangea paniculata Siebold,Plantae,SPECIES
152544942,https://www.gbif.org/species/3645346,Philadelphus ×virginalis Rehder,Plantae,SPECIES
152544943,https://www.gbif.org/species/2986022,Philadelphus pubescens Loisel.,Plantae,SPECIES
152544944,https://www.gbif.org/species/2986045,Philadelphus coronarius L.,Plantae,SPECIES
152544946,https://www.gbif.org/species/2985965,Deutzia scabra Thunb.,Plantae,SPECIES
152544950,https://www.gbif.org/species/2929710,Solanum chenopodioides Lam.,Plantae,SPECIES
152544953,https://www.gbif.org/species/8969026,Physalis philadelphica Lam.,Plantae,SPECIES
152544954,https://www.gbif.org/species/5341768,Physalis cinerascens (Dunal) Hitchc.,Plantae,SPECIES
152544955,https://www.gbif.org/species/5341819,Physalis pubescens L.,Plantae,SPECIES
152544956,https://www.gbif.org/species/5341784,Physalis peruviana L.,Plantae,SPECIES
152544958,https://www.gbif.org/species/5341754,Nicandra physalodes (L.) Gaertn.,Plantae,SPECIES
152544961,https://www.gbif.org/species/3798835,Nicotiana velutina H.-M.Wheeler,Plantae,SPECIES
152544962,https://www.gbif.org/species/2928783,Nicotiana glauca Graham,Plantae,SPECIES
152544963,https://www.gbif.org/species/2928775,Nicotiana rustica L.,Plantae,SPECIES
2928779,https://www.gbif.org/species/2928779,Nicotiana forgetiana Hemsl.,Plantae,SPECIES
152544965,https://www.gbif.org/species/2928767,Nicotiana sylvestris Speg.,Plantae,SPECIES
152544966,https://www.gbif.org/species/2928774,Nicotiana tabacum L.,Plantae,SPECIES
152544967,https://www.gbif.org/species/2928761,Nicotiana alata Link & Otto,Plantae,SPECIES
152544968,https://www.gbif.org/species/2928766,Nicotiana longiflora Cav.,Plantae,SPECIES
152544970,https://www.gbif.org/species/7894250,Datura ferox L.,Plantae,SPECIES
152544971,https://www.gbif.org/species/2928755,Datura innoxia Mill.,Plantae,SPECIES
152544972,https://www.gbif.org/species/2928751,Datura stramonium L.,Plantae,SPECIES
152544974,https://www.gbif.org/species/2928835,Lycium barbarum L.,Plantae,SPECIES
152544975,https://www.gbif.org/species/2928809,Lycium chinense Mill.,Plantae,SPECIES
152544978,https://www.gbif.org/species/2928861,Petunia integrifolia (Hook.) Schinz & Thell.,Plantae,SPECIES
152544980,https://www.gbif.org/species/2928979,Hyoscyamus albus L.,Plantae,SPECIES
152544984,https://www.gbif.org/species/3802956,Solanum villosum subsp. villosum,Plantae,SUBSPECIES
152544986,https://www.gbif.org/species/2929892,Solanum elaeagnifolium Cav.,Plantae,SPECIES
152544987,https://www.gbif.org/species/2930262,Solanum tuberosum L.,Plantae,SPECIES
152544988,https://www.gbif.org/species/2930137,Solanum lycopersicum L.,Plantae,SPECIES
152544989,https://www.gbif.org/species/2931104,Solanum pseudocapsicum L.,Plantae,SPECIES
152544990,https://www.gbif.org/species/2930805,Solanum sarrachoides Sendtn.,Plantae,SPECIES
152544991,https://www.gbif.org/species/2932011,Solanum carolinense L.,Plantae,SPECIES
152544992,https://www.gbif.org/species/2931914,Solanum viarum Dunal,Plantae,SPECIES
152544994,https://www.gbif.org/species/2932184,Solanum sisymbriifolium Lam.,Plantae,SPECIES
152544995,https://www.gbif.org/species/2932501,Solanum pygmaeum Cav.,Plantae,SPECIES
152544997,https://www.gbif.org/species/2932905,Salpiglossis sinuata Ruiz & Pav.,Plantae,SPECIES
152544999,https://www.gbif.org/species/2932944,Capsicum annuum L.,Plantae,SPECIES
152545002,https://www.gbif.org/species/7427650,Convolvulus tricolor subsp. cupanianus (Tod.) Cavara & Grande,Plantae,SUBSPECIES
152545003,https://www.gbif.org/species/7323906,Convolvulus tricolor subsp. tricolor,Plantae,SUBSPECIES
152545005,https://www.gbif.org/species/3678949,Calystegia ×pulchra Brumm. & Heywood,Plantae,SPECIES
152545008,https://www.gbif.org/species/2928624,Ipomoea hederifolia L.,Plantae,SPECIES
152545010,https://www.gbif.org/species/2928589,Ipomoea tricolor Cav.,Plantae,SPECIES
152545011,https://www.gbif.org/species/2928583,Ipomoea ×leucantha Jacq.,Plantae,SPECIES
152545012,https://www.gbif.org/species/2928576,Ipomoea purpurea (L.) Roth,Plantae,SPECIES
152545013,https://www.gbif.org/species/2928538,Ipomoea hederacea Jacq.,Plantae,SPECIES
152545015,https://www.gbif.org/species/2928668,Dichondra argentea Humb. & Bonpl. ex Willd.,Plantae,SPECIES
152545016,https://www.gbif.org/species/2928666,Dichondra micrantha Urb.,Plantae,SPECIES
152545019,https://www.gbif.org/species/3678256,Cuscuta lupuliformis Krock.,Plantae,SPECIES
152545020,https://www.gbif.org/species/2927484,Cuscuta suaveolens Ser.,Plantae,SPECIES
152545021,https://www.gbif.org/species/2927522,Cuscuta planiflora Ten.,Plantae,SPECIES
152545022,https://www.gbif.org/species/2927530,Cuscuta epilinum Weihe,Plantae,SPECIES
152545026,https://www.gbif.org/species/5356345,Laburnum anagyroides Medik.,Plantae,SPECIES
152545028,https://www.gbif.org/species/5356429,Lathyrus angulatus L.,Plantae,SPECIES
152545029,https://www.gbif.org/species/5356407,Lathyrus clymenum L.,Plantae,SPECIES
152545030,https://www.gbif.org/species/5356441,Lathyrus ochrus (L.) DC.,Plantae,SPECIES
152545031,https://www.gbif.org/species/5356361,Lathyrus annuus L.,Plantae,SPECIES
152545032,https://www.gbif.org/species/5356662,Lathyrus niger (L.) Bernh.,Plantae,SPECIES
152545033,https://www.gbif.org/species/5356614,Lathyrus inconspicuus L.,Plantae,SPECIES
152545034,https://www.gbif.org/species/5356704,Lathyrus vernus (L.) Bernh.,Plantae,SPECIES
152545035,https://www.gbif.org/species/5356680,Lathyrus sphaericus Retz.,Plantae,SPECIES
152545036,https://www.gbif.org/species/5356514,Lathyrus odoratus L.,Plantae,SPECIES
152545037,https://www.gbif.org/species/5356488,Lathyrus sativus L.,Plantae,SPECIES
152545038,https://www.gbif.org/species/5356541,Lathyrus heterophyllus L.,Plantae,SPECIES
152545039,https://www.gbif.org/species/5356517,Lathyrus latifolius L.,Plantae,SPECIES
152545041,https://www.gbif.org/species/5357407,Amorpha fruticosa L.,Plantae,SPECIES
152545043,https://www.gbif.org/species/5358265,Ornithopus compressus L.,Plantae,SPECIES
152545044,https://www.gbif.org/species/5358266,Ornithopus sativus Brot.,Plantae,SPECIES
152545046,https://www.gbif.org/species/5356973,Lotus maritimus L.,Plantae,SPECIES
152545047,https://www.gbif.org/species/5356862,Lotus tetragonolobus L.,Plantae,SPECIES
152545048,https://www.gbif.org/species/5356931,Lotus angustissimus L.,Plantae,SPECIES
152545049,https://www.gbif.org/species/5356971,Lotus conimbricensis Brot.,Plantae,SPECIES
7600608,https://www.gbif.org/species/7600608,Trifolium sylvaticum Gérard ex Loisel.,Plantae,SPECIES
152545052,https://www.gbif.org/species/7224427,Trifolium hybridum subsp. hybridum,Plantae,SUBSPECIES
152545053,https://www.gbif.org/species/5358694,Trifolium glomeratum L.,Plantae,SPECIES
152545054,https://www.gbif.org/species/5358774,Trifolium nigrescens Viv.,Plantae,SPECIES
152545055,https://www.gbif.org/species/5358906,Trifolium constantinopolitanum Ser.,Plantae,SPECIES
152545056,https://www.gbif.org/species/5359037,Trifolium stellatum L.,Plantae,SPECIES
152545057,https://www.gbif.org/species/5358913,Trifolium lappaceum L.,Plantae,SPECIES
152545058,https://www.gbif.org/species/5358912,Trifolium diffusum Ehrh.,Plantae,SPECIES
152545059,https://www.gbif.org/species/5358907,Trifolium alexandrinum L.,Plantae,SPECIES
152545060,https://www.gbif.org/species/5359118,Trifolium retusum L.,Plantae,SPECIES
152545061,https://www.gbif.org/species/5359109,Trifolium squarrosum L.,Plantae,SPECIES
152545062,https://www.gbif.org/species/5359099,Trifolium suffocatum L.,Plantae,SPECIES
152545063,https://www.gbif.org/species/5359067,Trifolium pannonicum Jacq.,Plantae,SPECIES
152545064,https://www.gbif.org/species/5359249,Trifolium rubens L.,Plantae,SPECIES
152545065,https://www.gbif.org/species/5359194,Trifolium squamosum L.,Plantae,SPECIES
152545066,https://www.gbif.org/species/5359175,Trifolium resupinatum L.,Plantae,SPECIES
152545067,https://www.gbif.org/species/5359169,Trifolium michelianum Savi,Plantae,SPECIES
152545068,https://www.gbif.org/species/5359345,Trifolium echinatum M.Bieb.,Plantae,SPECIES
152545069,https://www.gbif.org/species/5359334,Trifolium vesiculosum Savi,Plantae,SPECIES
152545070,https://www.gbif.org/species/5359263,Trifolium spumosum L.,Plantae,SPECIES
152545071,https://www.gbif.org/species/5359260,Trifolium patens Schreb.,Plantae,SPECIES
152545072,https://www.gbif.org/species/5359402,Trifolium hybridum subsp. elegans (Savi) Asch. & Graebn.,Plantae,SUBSPECIES
152545073,https://www.gbif.org/species/5359411,Trifolium pallidum Waldst. & Kit.,Plantae,SPECIES
152545074,https://www.gbif.org/species/5359378,Trifolium incarnatum L.,Plantae,SPECIES
152545075,https://www.gbif.org/species/5359395,Trifolium angustifolium L.,Plantae,SPECIES
152545076,https://www.gbif.org/species/5359475,Trifolium strictum L.,Plantae,SPECIES
152545077,https://www.gbif.org/species/5359499,Trifolium alpestre L.,Plantae,SPECIES
152545078,https://www.gbif.org/species/5359445,Trifolium hirtum All.,Plantae,SPECIES
152545079,https://www.gbif.org/species/5359447,Trifolium isthmocarpum Brot.,Plantae,SPECIES
152545080,https://www.gbif.org/species/5359510,Trifolium tomentosum L.,Plantae,SPECIES
152545081,https://www.gbif.org/species/5359526,Trifolium purpureum Loisel.,Plantae,SPECIES
152545083,https://www.gbif.org/species/5358301,Scorpiurus vermiculatus L.,Plantae,SPECIES
152545088,https://www.gbif.org/species/5348644,Coronilla scorpioides (L.) W.D.J.Koch,Plantae,SPECIES
10683509,https://www.gbif.org/species/5347854,Lathyrus oleraceus var. oleraceus,Plantae,VARIETY
152545093,https://www.gbif.org/species/5352251,Robinia pseudoacacia L.,Plantae,SPECIES
152545095,https://www.gbif.org/species/5350466,Phaseolus coccineus L.,Plantae,SPECIES
152545096,https://www.gbif.org/species/5350452,Phaseolus vulgaris L.,Plantae,SPECIES
152545101,https://www.gbif.org/species/5353705,Hippocrepis emerus (L.) Lassen,Plantae,SPECIES
152545103,https://www.gbif.org/species/5353590,Cercis siliquastrum L.,Plantae,SPECIES
152545105,https://www.gbif.org/species/5352372,Anthyllis vulneraria subsp. polyphylla (DC.) Nyman,Plantae,SUBSPECIES
152545106,https://www.gbif.org/species/5352425,Anthyllis vulneraria subsp. carpatica (Pant.) Nyman,Plantae,SUBSPECIES
152545108,https://www.gbif.org/species/5355395,Spartium junceum L.,Plantae,SPECIES
152545110,https://www.gbif.org/species/7681436,Cytisus multiflorus (L'Hér.) Sweet,Plantae,SPECIES
152545111,https://www.gbif.org/species/5354676,Cytisus decumbens (Durande) Spach,Plantae,SPECIES
152545112,https://www.gbif.org/species/5354707,Cytisus striatus (Hill) Rothm.,Plantae,SPECIES
152545115,https://www.gbif.org/species/5353770,Arachis hypogaea L.,Plantae,SPECIES
152545117,https://www.gbif.org/species/5359660,Glycine max (L.) Merr.,Plantae,SPECIES
152545119,https://www.gbif.org/species/5632334,Trigonella hierosolymitana Boiss.,Plantae,SPECIES
152545120,https://www.gbif.org/species/5360451,Trigonella esculenta Willd.,Plantae,SPECIES
152545121,https://www.gbif.org/species/5360429,Trigonella caelesyriaca Boiss.,Plantae,SPECIES
152545122,https://www.gbif.org/species/5360475,Trigonella foenum-graecum L.,Plantae,SPECIES
152545123,https://www.gbif.org/species/5360465,Trigonella arabica Delile,Plantae,SPECIES
5360508,https://www.gbif.org/species/5360508,Trigonella maritima Delile ex Poir.,Plantae,SPECIES
152545125,https://www.gbif.org/species/5360498,Trigonella caerulea (L.) Ser.,Plantae,SPECIES
152545126,https://www.gbif.org/species/5360523,Trigonella spinosa L.,Plantae,SPECIES
5360415,https://www.gbif.org/species/5360415,Trigonella calliceras Fisch.,Plantae,SPECIES
152545128,https://www.gbif.org/species/5360417,Trigonella stellata Forssk.,Plantae,SPECIES
152545129,https://www.gbif.org/species/5360402,Trigonella procumbens (Besser) Rchb.,Plantae,SPECIES
152545131,https://www.gbif.org/species/5345430,Astragalus oxyglottis Steven ex M.Bieb.,Plantae,SPECIES
152545132,https://www.gbif.org/species/5345210,Astragalus stella L.,Plantae,SPECIES
152545133,https://www.gbif.org/species/5344663,Astragalus boeticus L.,Plantae,SPECIES
152545134,https://www.gbif.org/species/5344424,Astragalus cymbicarpos Brot.,Plantae,SPECIES
152545135,https://www.gbif.org/species/5343253,Astragalus cicer L.,Plantae,SPECIES
152545136,https://www.gbif.org/species/5356481,Lathyrus cicera L.,Plantae,SPECIES
152545137,https://www.gbif.org/species/5342681,Astragalus hamosus L.,Plantae,SPECIES
152545138,https://www.gbif.org/species/5342618,Astragalus onobrychis L.,Plantae,SPECIES
152545142,https://www.gbif.org/species/2982380,Vigna radiata (L.) R.Wilczek,Plantae,SPECIES
152545144,https://www.gbif.org/species/2977222,Ononis alopecuroides L.,Plantae,SPECIES
152545145,https://www.gbif.org/species/2977234,Ononis natrix L.,Plantae,SPECIES
152545147,https://www.gbif.org/species/2975667,Galega officinalis L.,Plantae,SPECIES
152545150,https://www.gbif.org/species/2972595,Onobrychis viciifolia Scop.,Plantae,SPECIES
152545154,https://www.gbif.org/species/2971095,Melilotus albus Medik.,Plantae,SPECIES
152545156,https://www.gbif.org/species/2971112,Melilotus sulcatus Desf.,Plantae,SPECIES
152545157,https://www.gbif.org/species/2971016,Melilotus indicus (L.) All.,Plantae,SPECIES
152545158,https://www.gbif.org/species/2971033,Melilotus infestus Guss.,Plantae,SPECIES
152545159,https://www.gbif.org/species/2971036,Melilotus elegans Salzm. ex Ser.,Plantae,SPECIES
152545160,https://www.gbif.org/species/2971068,Melilotus wolgicus Poir.,Plantae,SPECIES
152545163,https://www.gbif.org/species/7068379,Vicia sativa subsp. sativa,Plantae,SUBSPECIES
152545165,https://www.gbif.org/species/7225471,Vicia villosa subsp. villosa,Plantae,SUBSPECIES
152545166,https://www.gbif.org/species/2975416,Vicia monantha Retz.,Plantae,SPECIES
152545167,https://www.gbif.org/species/2975384,Vicia benghalensis L.,Plantae,SPECIES
152545168,https://www.gbif.org/species/2975393,Vicia sicula (Raf.) Guss.,Plantae,SPECIES
152545169,https://www.gbif.org/species/2975262,Vicia peregrina L.,Plantae,SPECIES
152545170,https://www.gbif.org/species/2975309,Vicia bithynica (L.) L.,Plantae,SPECIES
152545171,https://www.gbif.org/species/2975187,Vicia cuspidata Boiss.,Plantae,SPECIES
152545172,https://www.gbif.org/species/2975257,Vicia hybrida L.,Plantae,SPECIES
152545173,https://www.gbif.org/species/2974946,Vicia dumetorum L.,Plantae,SPECIES
152545176,https://www.gbif.org/species/2975097,Vicia noeana Boiss. & Reut.,Plantae,SPECIES
152545177,https://www.gbif.org/species/2974887,Vicia ervilia (L.) Willd.,Plantae,SPECIES
152545178,https://www.gbif.org/species/2974876,Vicia assyriaca Boiss.,Plantae,SPECIES
152545179,https://www.gbif.org/species/2974921,Vicia villosa subsp. varia (Host) Corb.,Plantae,SUBSPECIES
152545180,https://www.gbif.org/species/2974901,Vicia grandiflora Scop.,Plantae,SPECIES
152545182,https://www.gbif.org/species/2974793,Vicia sylvatica L.,Plantae,SPECIES
152545183,https://www.gbif.org/species/2974832,Vicia faba L.,Plantae,SPECIES
152545184,https://www.gbif.org/species/2974826,Vicia hyrcanica Fisch. & C.A.Mey.,Plantae,SPECIES
152545185,https://www.gbif.org/species/2974753,Vicia lutea L.,Plantae,SPECIES
152545187,https://www.gbif.org/species/7844167,Colutea arborescens L.,Plantae,SPECIES
152545188,https://www.gbif.org/species/2956441,Colutea ×media Willd.,Plantae,SPECIES
152545190,https://www.gbif.org/species/2951998,Ulex gallii Planch.,Plantae,SPECIES
152545191,https://www.gbif.org/species/2951968,Ulex minor Roth,Plantae,SPECIES
152545193,https://www.gbif.org/species/2957966,Senna occidentalis (L.) Link,Plantae,SPECIES
152545194,https://www.gbif.org/species/2957408,Senna obtusifolia (L.) H.S.Irwin & Barneby,Plantae,SPECIES
152545196,https://www.gbif.org/species/2959443,Gleditsia triacanthos L.,Plantae,SPECIES
152545201,https://www.gbif.org/species/2964025,Lupinus angustifolius L.,Plantae,SPECIES
152545202,https://www.gbif.org/species/2963817,Lupinus luteus L.,Plantae,SPECIES
152545203,https://www.gbif.org/species/2964167,Lupinus albus L.,Plantae,SPECIES
152545204,https://www.gbif.org/species/2964355,Lupinus polyphyllus Lindl.,Plantae,SPECIES
152545206,https://www.gbif.org/species/9151957,Medicago sativa L.,Plantae,SPECIES
152545207,https://www.gbif.org/species/2965531,Medicago polymorpha L.,Plantae,SPECIES
152545208,https://www.gbif.org/species/2965438,Medicago rigidula (L.) All.,Plantae,SPECIES
152545209,https://www.gbif.org/species/2965459,Medicago doliata Carmign.,Plantae,SPECIES
152545210,https://www.gbif.org/species/2965461,Medicago turbinata (L.) All.,Plantae,SPECIES
152545211,https://www.gbif.org/species/2965485,Medicago littoralis Rohde ex Loisel.,Plantae,SPECIES
152545212,https://www.gbif.org/species/2965209,Medicago murex Willd.,Plantae,SPECIES
152545213,https://www.gbif.org/species/2965232,Medicago carstiensis Wulfen,Plantae,SPECIES
152545214,https://www.gbif.org/species/2965233,Medicago fischeriana (Ser.) Trautv.,Plantae,SPECIES
152545215,https://www.gbif.org/species/2965221,Medicago laciniata (L.) Mill.,Plantae,SPECIES
152545216,https://www.gbif.org/species/2965226,Medicago monantha (C.A.Mey.) Trautv.,Plantae,SPECIES
152545217,https://www.gbif.org/species/2965299,Medicago orbicularis (L.) Bartal.,Plantae,SPECIES
152545218,https://www.gbif.org/species/2965397,Medicago scutellata (L.) Mill.,Plantae,SPECIES
152545220,https://www.gbif.org/species/2965280,Medicago truncatula Gaertn.,Plantae,SPECIES
152545221,https://www.gbif.org/species/2965419,Medicago praecox DC.,Plantae,SPECIES
152545222,https://www.gbif.org/species/2965434,Medicago monspeliaca (L.) Trautv.,Plantae,SPECIES
152545226,https://www.gbif.org/species/2947311,Cicer arietinum L.,Plantae,SPECIES
152545228,https://www.gbif.org/species/2948921,Cullen americanum (L.) Rydb.,Plantae,SPECIES
152545230,https://www.gbif.org/species/2949235,Aeschynomene americana L.,Plantae,SPECIES
152545231,https://www.gbif.org/species/2949250,Aeschynomene indica L.,Plantae,SPECIES
152545235,https://www.gbif.org/species/6366597,Gentiana acaulis L.,Plantae,SPECIES
152545236,https://www.gbif.org/species/7270381,Gentiana asclepiadea L.,Plantae,SPECIES
152545237,https://www.gbif.org/species/3170040,Gentiana lutea L.,Plantae,SPECIES
152545240,https://www.gbif.org/species/7150619,Gomphocarpus fruticosus (L.) W.T.Aiton,Plantae,SPECIES
152545242,https://www.gbif.org/species/5414545,Periploca graeca L.,Plantae,SPECIES
152545244,https://www.gbif.org/species/5414550,Vincetoxicum rossicum (Kleopow) Barbar.,Plantae,SPECIES
152545245,https://www.gbif.org/species/5414551,Vincetoxicum nigrum (L.) Moench,Plantae,SPECIES
152545247,https://www.gbif.org/species/3170247,Asclepias syriaca L.,Plantae,SPECIES
152545248,https://www.gbif.org/species/3170266,Asclepias incarnata L.,Plantae,SPECIES
152545250,https://www.gbif.org/species/3169708,Vinca major L.,Plantae,SPECIES
152545253,https://www.gbif.org/species/5336632,Crucianella angustifolia L.,Plantae,SPECIES
152545255,https://www.gbif.org/species/2916767,Asperula tinctoria L.,Plantae,SPECIES
152545256,https://www.gbif.org/species/2916662,Asperula arvensis L.,Plantae,SPECIES
152545257,https://www.gbif.org/species/2916822,Asperula laevigata L.,Plantae,SPECIES
152545258,https://www.gbif.org/species/2916975,Asperula taurina L.,Plantae,SPECIES
152545260,https://www.gbif.org/species/2892272,Rubia tinctorum L.,Plantae,SPECIES
152545263,https://www.gbif.org/species/2914754,Galium verrucosum Huds.,Plantae,SPECIES
152545264,https://www.gbif.org/species/2914404,Galium verum subsp. wirtgenii (F.W.Schultz) Oborny,Plantae,SUBSPECIES
152545265,https://www.gbif.org/species/2908428,Galium divaricatum Pourr. ex Lam.,Plantae,SPECIES
152545266,https://www.gbif.org/species/2914590,Galium murale (L.) All.,Plantae,SPECIES
152545267,https://www.gbif.org/species/2914501,Galium tenuissimum M.Bieb.,Plantae,SPECIES
152545271,https://www.gbif.org/species/7560711,Oxalis tetraphylla Cav.,Plantae,SPECIES
152545272,https://www.gbif.org/species/8427624,Oxalis corniculata L.,Plantae,SPECIES
152545273,https://www.gbif.org/species/7156971,Oxalis triangularis A.St.-Hil.,Plantae,SPECIES
152545275,https://www.gbif.org/species/2891755,Oxalis latifolia Kunth,Plantae,SPECIES
152545276,https://www.gbif.org/species/2891664,Oxalis articulata Savigny,Plantae,SPECIES
152545277,https://www.gbif.org/species/2891677,Oxalis dillenii Jacq.,Plantae,SPECIES
152545279,https://www.gbif.org/species/2891707,Oxalis debilis Kunth,Plantae,SPECIES
152545284,https://www.gbif.org/species/3827967,Monsonia brevirostrata R.Knuth,Plantae,SPECIES
152545286,https://www.gbif.org/species/3827975,Pelargonium candicans Spreng.,Plantae,SPECIES
152545289,https://www.gbif.org/species/9429152,Erodium ciconium (L.) L'Hér.,Plantae,SPECIES
152545290,https://www.gbif.org/species/9297163,Erodium malacoides (L.) L'Hér.,Plantae,SPECIES
152545291,https://www.gbif.org/species/7619206,Erodium trifolium (Cav.) Cav.,Plantae,SPECIES
152545292,https://www.gbif.org/species/4934102,Erodium salzmannii Delile,Plantae,SPECIES
152545294,https://www.gbif.org/species/3829143,Erodium stephanianum Willd.,Plantae,SPECIES
152545295,https://www.gbif.org/species/3828217,Erodium chium (Burm.fil.) Willd.,Plantae,SPECIES
152545296,https://www.gbif.org/species/3827980,Erodium crinitum Carolin,Plantae,SPECIES
152545297,https://www.gbif.org/species/2891628,Erodium botrys (Cav.) Bertol.,Plantae,SPECIES
152545298,https://www.gbif.org/species/2891617,Erodium brachycarpum (Godr.) Thell.,Plantae,SPECIES
152545300,https://www.gbif.org/species/2891390,Geranium phaeum L.,Plantae,SPECIES
152545301,https://www.gbif.org/species/2891079,Geranium macrorrhizum L.,Plantae,SPECIES
152545302,https://www.gbif.org/species/2890651,Geranium psilostemon Ledeb.,Plantae,SPECIES
152545303,https://www.gbif.org/species/2890623,Geranium carolinianum L.,Plantae,SPECIES
152545304,https://www.gbif.org/species/2890541,Geranium purpureum Vill.,Plantae,SPECIES
152545305,https://www.gbif.org/species/2890502,Geranium endressii J.Gay,Plantae,SPECIES
152545306,https://www.gbif.org/species/2890287,Geranium nodosum L.,Plantae,SPECIES
152545307,https://www.gbif.org/species/2890122,Geranium pyrenaicum Burm.f.,Plantae,SPECIES
152545308,https://www.gbif.org/species/2890035,Geranium ×oxonianum P.F.Yeo,Plantae,SPECIES
152545309,https://www.gbif.org/species/2890013,Geranium divaricatum Ehrh.,Plantae,SPECIES
152545313,https://www.gbif.org/species/5334527,Limnanthes douglasii R.Br.,Plantae,SPECIES
8207952,https://www.gbif.org/species/8207952,Matthiola incana (L.) R.Br.,Plantae,SPECIES
152545323,https://www.gbif.org/species/7225621,Neslia paniculata subsp. paniculata,Plantae,SUBSPECIES
7372514,https://www.gbif.org/species/7372514,Malcolmia maritima (L.) R.Br.,Plantae,SPECIES
152545327,https://www.gbif.org/species/5373324,Lunaria annua L.,Plantae,SPECIES
152545329,https://www.gbif.org/species/5374614,Barbarea stricta Andrz. ex Besser,Plantae,SPECIES
152545330,https://www.gbif.org/species/5374672,Barbarea verna (Mill.) Asch.,Plantae,SPECIES
152545332,https://www.gbif.org/species/5374998,Arabis collina Ten.,Plantae,SPECIES
152545333,https://www.gbif.org/species/5374933,Arabis planisiliqua (Pers.) Rchb.,Plantae,SPECIES
152545334,https://www.gbif.org/species/5375105,Arabis auriculata Lam.,Plantae,SPECIES
152545335,https://www.gbif.org/species/5375012,Arabis procurrens Waldst. & Kit.,Plantae,SPECIES
152545337,https://www.gbif.org/species/5374118,Isatis tinctoria L.,Plantae,SPECIES
152545339,https://www.gbif.org/species/5373358,Lobularia maritima (L.) Desv.,Plantae,SPECIES
152545341,https://www.gbif.org/species/5373368,Rapistrum rugosum (L.) All.,Plantae,SPECIES
152545342,https://www.gbif.org/species/5373365,Rapistrum perenne (L.) All.,Plantae,SPECIES
152545344,https://www.gbif.org/species/5377678,Erucaria hispanica (L.) Druce,Plantae,SPECIES
152545346,https://www.gbif.org/species/5377778,Aurinia saxatilis (L.) Desv.,Plantae,SPECIES
152545348,https://www.gbif.org/species/5376309,Diplotaxis erucoides (L.) DC.,Plantae,SPECIES
152545349,https://www.gbif.org/species/5376326,Diplotaxis virgata (Cav.) DC.,Plantae,SPECIES
152545351,https://www.gbif.org/species/5376139,Hornungia alpina (L.) O.Appel,Plantae,SPECIES
152545353,https://www.gbif.org/species/5376481,Lepidium schinzii Thell.,Plantae,SPECIES
152545354,https://www.gbif.org/species/5376994,Lepidium graminifolium L.,Plantae,SPECIES
152545356,https://www.gbif.org/species/5376925,Lepidium bonariense L.,Plantae,SPECIES
152545357,https://www.gbif.org/species/5376874,Lepidium hirtum (L.) Sm.,Plantae,SPECIES
152545358,https://www.gbif.org/species/5377064,Lepidium densiflorum Schrad.,Plantae,SPECIES
152545359,https://www.gbif.org/species/5377060,Lepidium didymum L.,Plantae,SPECIES
152545360,https://www.gbif.org/species/5376648,Lepidium virginicum L.,Plantae,SPECIES
152545361,https://www.gbif.org/species/5376565,Lepidium sativum L.,Plantae,SPECIES
152545362,https://www.gbif.org/species/5376530,Lepidium africanum (Burm.f.) DC.,Plantae,SPECIES
152545363,https://www.gbif.org/species/5376494,Lepidium desertorum Eckl. & Zeyh.,Plantae,SPECIES
152545364,https://www.gbif.org/species/5376846,Lepidium heterophyllum Benth.,Plantae,SPECIES
152545365,https://www.gbif.org/species/5376816,Lepidium perfoliatum L.,Plantae,SPECIES
152545366,https://www.gbif.org/species/5376785,Lepidium fasciculatum Thell.,Plantae,SPECIES
152545367,https://www.gbif.org/species/5376692,Lepidium latifolium L.,Plantae,SPECIES
152545369,https://www.gbif.org/species/5375547,Erucastrum gallicum (Willd.) O.E.Schulz,Plantae,SPECIES
152545370,https://www.gbif.org/species/5375555,Erucastrum nasturtiifolium (Poir.) O.E.Schulz,Plantae,SPECIES
152545372,https://www.gbif.org/species/5375285,Carrichtera annua (L.) DC.,Plantae,SPECIES
152545374,https://www.gbif.org/species/5376035,Moricandia arvensis (L.) DC.,Plantae,SPECIES
152545378,https://www.gbif.org/species/5551241,Iberis sempervirens L.,Plantae,SPECIES
152545379,https://www.gbif.org/species/5377286,Iberis pinnata L.,Plantae,SPECIES
152545380,https://www.gbif.org/species/5377303,Iberis umbellata L.,Plantae,SPECIES
152545381,https://www.gbif.org/species/5377196,Iberis odorata L.,Plantae,SPECIES
152545383,https://www.gbif.org/species/3042291,Hesperis matronalis L.,Plantae,SPECIES
152545385,https://www.gbif.org/species/9073641,Camelina sativa (L.) Crantz,Plantae,SPECIES
152545386,https://www.gbif.org/species/3042416,Camelina microcarpa Andrz. ex DC.,Plantae,SPECIES
152545387,https://www.gbif.org/species/3042399,Camelina alyssum (Mill.) Thell.,Plantae,SPECIES
152545388,https://www.gbif.org/species/3042439,Camelina rumelica Velen.,Plantae,SPECIES
152545390,https://www.gbif.org/species/7903057,Brassica rapa L.,Plantae,SPECIES
152545391,https://www.gbif.org/species/3042925,Brassica carinata A.Braun,Plantae,SPECIES
152545392,https://www.gbif.org/species/3042845,Brassica oleracea L.,Plantae,SPECIES
152545393,https://www.gbif.org/species/3042889,Brassica elongata subsp. integrifolia (Boiss.) Breistr.,Plantae,SUBSPECIES
152545394,https://www.gbif.org/species/3042751,Brassica juncea (L.) Czern.,Plantae,SPECIES
152545395,https://www.gbif.org/species/3042799,Brassica barrelieri (L.) Janka,Plantae,SPECIES
152545396,https://www.gbif.org/species/3042624,Brassica tournefortii Gouan,Plantae,SPECIES
152545397,https://www.gbif.org/species/3042636,Brassica napus L.,Plantae,SPECIES
152545399,https://www.gbif.org/species/7678610,Raphanus sativus L.,Plantae,SPECIES
152545400,https://www.gbif.org/species/3040999,Raphanus raphanistrum subsp. landra (Moretti ex DC.) Bonnier & Layens,Plantae,SUBSPECIES
152545402,https://www.gbif.org/species/3041022,"Armoracia rusticana P.Gaertn., B.Mey. & Scherb.",Plantae,SPECIES
152545404,https://www.gbif.org/species/3041109,Cordylocarpus muricatus Desf.,Plantae,SPECIES
152545406,https://www.gbif.org/species/3042086,Pseudoturritis turrita (L.) Al-Shehbaz,Plantae,SPECIES
152545408,https://www.gbif.org/species/3040928,Conringia planisiliqua Fisch. & C.A.Mey.,Plantae,SPECIES
152545409,https://www.gbif.org/species/3040913,Conringia orientalis (L.) Dumort.,Plantae,SPECIES
152545410,https://www.gbif.org/species/3040923,Conringia austriaca (Jacq.) Sweet,Plantae,SPECIES
152545412,https://www.gbif.org/species/3046875,Sisymbrium loeselii L.,Plantae,SPECIES
152545413,https://www.gbif.org/species/3046851,Sisymbrium irio L.,Plantae,SPECIES
152545414,https://www.gbif.org/species/3046850,Sisymbrium strictissimum L.,Plantae,SPECIES
152545415,https://www.gbif.org/species/3046839,Sisymbrium runcinatum Lag. ex DC.,Plantae,SPECIES
152545416,https://www.gbif.org/species/3046812,Sisymbrium orientale L.,Plantae,SPECIES
152545417,https://www.gbif.org/species/3046778,Sisymbrium septulatum DC.,Plantae,SPECIES
152545418,https://www.gbif.org/species/3046765,Sisymbrium erysimoides Desf.,Plantae,SPECIES
152545419,https://www.gbif.org/species/3046744,Sisymbrium volgense M.Bieb. ex E.Fourn.,Plantae,SPECIES
152545420,https://www.gbif.org/species/3046736,Sisymbrium altissimum L.,Plantae,SPECIES
152545423,https://www.gbif.org/species/3690997,Cardamine occulta Hornem.,Plantae,SPECIES
152545424,https://www.gbif.org/species/3046092,Cardamine parviflora L.,Plantae,SPECIES
152545425,https://www.gbif.org/species/3046015,Cardamine corymbosa Hook.f.,Plantae,SPECIES
152545427,https://www.gbif.org/species/3045193,Alyssum strigosum Banks & Sol.,Plantae,SPECIES
152545429,https://www.gbif.org/species/3045042,Alyssum simplex Rudolphi,Plantae,SPECIES
152545430,https://www.gbif.org/species/3044912,Alyssum montanum L.,Plantae,SPECIES
152545431,https://www.gbif.org/species/3045006,Alyssum hirsutum M.Bieb.,Plantae,SPECIES
152545434,https://www.gbif.org/species/3044349,Chorispora tenella (Pall.) DC.,Plantae,SPECIES
152545436,https://www.gbif.org/species/3044133,Descurainia pinnata (Walter) Britton,Plantae,SPECIES
152545437,https://www.gbif.org/species/3044201,Descurainia incisa (Engelm. ex A.Gray) Britton,Plantae,SPECIES
152545439,https://www.gbif.org/species/3053950,Enarthrocarpus lyratus (Forssk.) DC.,Plantae,SPECIES
152545441,https://www.gbif.org/species/3054117,Aubrieta deltoidea (L.) DC.,Plantae,SPECIES
152545442,https://www.gbif.org/species/3054110,Aubrieta columnae Guss.,Plantae,SPECIES
152545444,https://www.gbif.org/species/3053406,Rorippa austriaca (Crantz) Besser,Plantae,SPECIES
152545446,https://www.gbif.org/species/3053522,Berteroa incana (L.) DC.,Plantae,SPECIES
152545448,https://www.gbif.org/species/7068732,Arabidopsis arenosa subsp. arenosa,Plantae,SUBSPECIES
152545449,https://www.gbif.org/species/3052450,Arabidopsis halleri (L.) O'Kane & Al-Shehbaz,Plantae,SPECIES
152545455,https://www.gbif.org/species/3050357,Bunias erucago L.,Plantae,SPECIES
152545456,https://www.gbif.org/species/3050364,Bunias orientalis L.,Plantae,SPECIES
152545458,https://www.gbif.org/species/3047811,Myagrum perfoliatum L.,Plantae,SPECIES
152545460,https://www.gbif.org/species/3048203,Erysimum cheiri (L.) Crantz,Plantae,SPECIES
152545461,https://www.gbif.org/species/3048288,Erysimum diffusum Ehrh.,Plantae,SPECIES
152545462,https://www.gbif.org/species/3048532,Erysimum marshallii Bois,Plantae,SPECIES
152545463,https://www.gbif.org/species/3048166,Erysimum repandum L.,Plantae,SPECIES
152545465,https://www.gbif.org/species/3047621,Sinapis alba L.,Plantae,SPECIES
152545466,https://www.gbif.org/species/3047633,Sinapis alba subsp. dissecta (Lag.) Simonk.,Plantae,SUBSPECIES
152545469,https://www.gbif.org/species/3916499,Caylusea abyssinica (Fresen.) Fisch. & C.A.Mey.,Plantae,SPECIES
152545471,https://www.gbif.org/species/7853188,Reseda lutea subsp. vivantii (P.Monts.) Rovira,Plantae,SUBSPECIES
152545472,https://www.gbif.org/species/3040253,Reseda phyteuma L.,Plantae,SPECIES
152545473,https://www.gbif.org/species/3040254,Reseda alba L.,Plantae,SPECIES
152545474,https://www.gbif.org/species/3040255,Reseda odorata L.,Plantae,SPECIES
152545477,https://www.gbif.org/species/2889934,Tropaeolum majus L.,Plantae,SPECIES
152545481,https://www.gbif.org/species/2928226,Phacelia tanacetifolia Benth.,Plantae,SPECIES
152545482,https://www.gbif.org/species/2928153,Phacelia purshii Buckley,Plantae,SPECIES
152545483,https://www.gbif.org/species/2928238,Phacelia campanularia A.Gray,Plantae,SPECIES
152545485,https://www.gbif.org/species/7536406,Nemophila menziesii var. integrifolia Brand,Plantae,VARIETY
152545487,https://www.gbif.org/species/2928034,Nemophila maculata Benth. ex Lindl.,Plantae,SPECIES
152545490,https://www.gbif.org/species/7806790,Arnebia decumbens (Vent.) Coss. & Kralik,Plantae,SPECIES
8227753,https://www.gbif.org/species/8227753,Anchusa procera Besser,Plantae,SPECIES
152545493,https://www.gbif.org/species/7295374,Anchusa officinalis subsp. officinalis,Plantae,SUBSPECIES
152545494,https://www.gbif.org/species/5662089,Anchusa ochroleuca M.Bieb.,Plantae,SPECIES
152545495,https://www.gbif.org/species/5341198,Anchusa azurea Mill.,Plantae,SPECIES
152545497,https://www.gbif.org/species/7958783,Pulmonaria mollis Wulfen ex Hornem.,Plantae,SPECIES
152545498,https://www.gbif.org/species/7294681,Pulmonaria longifolia (Bastard) Boreau,Plantae,SPECIES
152545499,https://www.gbif.org/species/5660450,Pulmonaria rubra Schott,Plantae,SPECIES
152545500,https://www.gbif.org/species/5341203,Pulmonaria saccharata Mill.,Plantae,SPECIES
152545501,https://www.gbif.org/species/5341204,Pulmonaria officinalis L.,Plantae,SPECIES
152545503,https://www.gbif.org/species/5341187,Myosotis alpestris F.W.Schmidt,Plantae,SPECIES
152545507,https://www.gbif.org/species/2926130,Pentaglottis sempervirens (L.) Tausch ex L.H.Bailey,Plantae,SPECIES
152545509,https://www.gbif.org/species/2926055,Asperugo procumbens L.,Plantae,SPECIES
152545511,https://www.gbif.org/species/7989836,Symphytum caucasicum M.Bieb.,Plantae,SPECIES
152545512,https://www.gbif.org/species/4067302,Symphytum grandiflorum DC.,Plantae,SPECIES
152545513,https://www.gbif.org/species/4067281,Symphytum ×hidcotense P.D.Sell,Plantae,SPECIES
152545514,https://www.gbif.org/species/2926066,Symphytum asperum Lepech.,Plantae,SPECIES
152545516,https://www.gbif.org/species/7294722,Cerinthe minor L.,Plantae,SPECIES
152545517,https://www.gbif.org/species/2926108,Cerinthe major L.,Plantae,SPECIES
152545519,https://www.gbif.org/species/2926110,Borago officinalis L.,Plantae,SPECIES
152545521,https://www.gbif.org/species/7294644,Nonea pulla (L.) DC.,Plantae,SPECIES
152545522,https://www.gbif.org/species/2926041,Nonea rosea (M.Bieb.) Link,Plantae,SPECIES
152545523,https://www.gbif.org/species/2926042,Nonea lutea (Desr.) DC.,Plantae,SPECIES
152545525,https://www.gbif.org/species/2926045,Brunnera macrophylla (Adams) I.M.Johnst.,Plantae,SPECIES
152545527,https://www.gbif.org/species/2926048,Omphalodes verna Moench,Plantae,SPECIES
152545529,https://www.gbif.org/species/4064572,Cynoglossum clandestinum Desf.,Plantae,SPECIES
152545530,https://www.gbif.org/species/2925816,Cynoglossum amabile Stapf & J.R.Drumm.,Plantae,SPECIES
152545532,https://www.gbif.org/species/2925895,Echium plantagineum L.,Plantae,SPECIES
8386733,https://www.gbif.org/species/8386733,Amsinckia lycopsoides Lehm. ex Fisch. & C.A.Mey.,Plantae,SPECIES
152545535,https://www.gbif.org/species/2925879,Amsinckia eastwoodiae J.F.Macbr.,Plantae,SPECIES
152545536,https://www.gbif.org/species/2925877,Amsinckia tessellata A.Gray,Plantae,SPECIES
152545538,https://www.gbif.org/species/2925756,Lappula squarrosa (Retz.) Dumort.,Plantae,SPECIES
152545539,https://www.gbif.org/species/2925754,Lappula marginata (M.Bieb.) Gürke,Plantae,SPECIES
152545542,https://www.gbif.org/species/7294771,Heliotropium suaveolens M.Bieb.,Plantae,SPECIES
152545543,https://www.gbif.org/species/2925790,Heliotropium amplexicaule Vahl,Plantae,SPECIES
152545544,https://www.gbif.org/species/2925767,Heliotropium europaeum L.,Plantae,SPECIES
152545548,https://www.gbif.org/species/7346090,Erythranthe moschata (Douglas ex Lindl.) G.L.Nesom,Plantae,SPECIES
152545551,https://www.gbif.org/species/5415455,Acanthus mollis L.,Plantae,SPECIES
152545552,https://www.gbif.org/species/5415453,Acanthus spinosus L.,Plantae,SPECIES
152545555,https://www.gbif.org/species/7564934,Odontites jaubertianus (Boreau) D.Dietr. ex Walp.,Plantae,SPECIES
152545556,https://www.gbif.org/species/7855120,Odontites luteus (L.) Clairv.,Plantae,SPECIES
152545558,https://www.gbif.org/species/8049400,Parentucellia latifolia (L.) Caruel,Plantae,SPECIES
152545560,https://www.gbif.org/species/7519710,Orobanche amethystea Thuill.,Plantae,SPECIES
152545563,https://www.gbif.org/species/7331666,Melampyrum nemorosum L.,Plantae,SPECIES
152545565,https://www.gbif.org/species/3728894,Phelipanche ramosa (L.) Pomel,Plantae,SPECIES
152545568,https://www.gbif.org/species/3172127,Calceolaria chelidonioides Kunth,Plantae,SPECIES
152545571,https://www.gbif.org/species/7636833,Syringa josikaea J.Jacq. ex Rchb.,Plantae,SPECIES
152545572,https://www.gbif.org/species/5415039,Syringa vulgaris L.,Plantae,SPECIES
152545574,https://www.gbif.org/species/5415054,Forsythia ×intermedia Zabel,Plantae,SPECIES
152545575,https://www.gbif.org/species/5415053,Forsythia viridissima Lindl.,Plantae,SPECIES
152545576,https://www.gbif.org/species/5415056,Forsythia suspensa (Thunb.) Vahl,Plantae,SPECIES
152545578,https://www.gbif.org/species/3172266,Jasminum nudiflorum Lindl.,Plantae,SPECIES
152545580,https://www.gbif.org/species/6432925,Fraxinus angustifolia subsp. oxycarpa (M.Bieb. ex Willd.) Franco & Rocha Afonso,Plantae,SUBSPECIES
152545581,https://www.gbif.org/species/3172348,Fraxinus pennsylvanica Marshall,Plantae,SPECIES
152545582,https://www.gbif.org/species/3172347,Fraxinus ornus L.,Plantae,SPECIES
152545583,https://www.gbif.org/species/3172343,Fraxinus latifolia Benth.,Plantae,SPECIES
152545585,https://www.gbif.org/species/3685073,Ligustrum ×vicaryi Rehder,Plantae,SPECIES
152545586,https://www.gbif.org/species/3172294,Ligustrum sinense Lour.,Plantae,SPECIES
152545587,https://www.gbif.org/species/3172291,Ligustrum ovalifolium Hassk.,Plantae,SPECIES
152545590,https://www.gbif.org/species/4926977,Catalpa ×erubescens Carrière,Plantae,SPECIES
152545591,https://www.gbif.org/species/3172615,Catalpa bignonioides Walter,Plantae,SPECIES
152545592,https://www.gbif.org/species/3172613,Catalpa ovata G.Don,Plantae,SPECIES
152545595,https://www.gbif.org/species/3172622,Sesamum indicum L.,Plantae,SPECIES
152545598,https://www.gbif.org/species/5415100,Proboscidea louisianica (Mill.) Thell.,Plantae,SPECIES
152545600,https://www.gbif.org/species/3172647,Ibicella lutea (Lindl.) Van Eselt.,Plantae,SPECIES
152545603,https://www.gbif.org/species/3170823,Paulownia tomentosa (Thunb.) Steud.,Plantae,SPECIES
152545606,https://www.gbif.org/species/3171304,Mazus pumilus (Burm.fil.) Steenis,Plantae,SPECIES
152545609,https://www.gbif.org/species/3725805,Hebenstretia integrifolia L.,Plantae,SPECIES
152545611,https://www.gbif.org/species/4055853,Buddleja albiflora Hemsl.,Plantae,SPECIES
152545612,https://www.gbif.org/species/3173338,Buddleja davidii Franch.,Plantae,SPECIES
152545614,https://www.gbif.org/species/7477038,Scrophularia scorodonia L.,Plantae,SPECIES
152545615,https://www.gbif.org/species/7810918,Scrophularia vernalis L.,Plantae,SPECIES
8186932,https://www.gbif.org/species/8186932,Scrophularia scopolii Hoppe ex Pers.,Plantae,SPECIES
152545617,https://www.gbif.org/species/3170878,Scrophularia lanceolata Pursh,Plantae,SPECIES
152545619,https://www.gbif.org/species/8949622,Verbascum chaixii Vill.,Plantae,SPECIES
152545620,https://www.gbif.org/species/7353862,Verbascum ×divaricatum Kitt.,Plantae,SPECIES
152545621,https://www.gbif.org/species/3740974,Verbascum ×brockmuelleri Ruhmer,Plantae,SPECIES
152545622,https://www.gbif.org/species/3741432,Verbascum banaticum Schrad.,Plantae,SPECIES
152545623,https://www.gbif.org/species/3171948,Verbascum phlomoides L.,Plantae,SPECIES
152545624,https://www.gbif.org/species/3171946,Verbascum sinuatum L.,Plantae,SPECIES
152545625,https://www.gbif.org/species/3171952,Verbascum speciosum Schrad.,Plantae,SPECIES
152545626,https://www.gbif.org/species/3171951,Verbascum phoeniceum L.,Plantae,SPECIES
152545627,https://www.gbif.org/species/3171954,Verbascum virgatum Stokes,Plantae,SPECIES
152545630,https://www.gbif.org/species/3171888,Lindernia dubia (L.) Pennell,Plantae,SPECIES
152545635,https://www.gbif.org/species/8114833,Anarrhinum bellidifolium (L.) Willd.,Plantae,SPECIES
152545637,https://www.gbif.org/species/7333320,Ellisiophyllum pinnatum (Wall. ex Benth.) Makino,Plantae,SPECIES
152545641,https://www.gbif.org/species/7331861,Cymbalaria muralis subsp. muralis,Plantae,SUBSPECIES
152545643,https://www.gbif.org/species/5559837,Cymbalaria pallida (Ten.) Wettst.,Plantae,SPECIES
152545645,https://www.gbif.org/species/5414959,Collinsia heterophylla Buist ex Graham,Plantae,SPECIES
152545647,https://www.gbif.org/species/7683374,Linaria hirta (L.) Moench,Plantae,SPECIES
152545648,https://www.gbif.org/species/7848321,Linaria triornithophora (L.) Willd.,Plantae,SPECIES
152545649,https://www.gbif.org/species/7963687,Linaria chalepensis (L.) Mill.,Plantae,SPECIES
152545650,https://www.gbif.org/species/8287616,Linaria simplex (Willd.) DC.,Plantae,SPECIES
152545652,https://www.gbif.org/species/5415018,Linaria incarnata (Vent.) Spreng.,Plantae,SPECIES
152545653,https://www.gbif.org/species/5415012,Linaria purpurea (L.) Mill.,Plantae,SPECIES
152545654,https://www.gbif.org/species/5415013,Linaria genistifolia (L.) Mill.,Plantae,SPECIES
152545655,https://www.gbif.org/species/5415014,Linaria angustissima (Loisel.) Borbás,Plantae,SPECIES
152545656,https://www.gbif.org/species/5415016,Linaria maroccana Hook.fil.,Plantae,SPECIES
152545658,https://www.gbif.org/species/5414932,Chelone obliqua L.,Plantae,SPECIES
152545660,https://www.gbif.org/species/3738796,Misopates calycinum (Lange) Rothm.,Plantae,SPECIES
152545662,https://www.gbif.org/species/3741446,Erinus alpinus L.,Plantae,SPECIES
152545664,https://www.gbif.org/species/3729273,Asarina procumbens Mill.,Plantae,SPECIES
152545666,https://www.gbif.org/species/7727786,Plantago loeflingii L.,Plantae,SPECIES
152545667,https://www.gbif.org/species/8022932,Plantago lagopus L.,Plantae,SPECIES
152545668,https://www.gbif.org/species/7303104,Plantago afra L.,Plantae,SPECIES
152545669,https://www.gbif.org/species/7303024,Plantago myosuros Lam.,Plantae,SPECIES
152545670,https://www.gbif.org/species/7303117,Plantago sempervirens Crantz,Plantae,SPECIES
152545671,https://www.gbif.org/species/3189723,Plantago ovata Forssk.,Plantae,SPECIES
152545672,https://www.gbif.org/species/3189762,Plantago arenaria Waldst. & Kit.,Plantae,SPECIES
152545673,https://www.gbif.org/species/3189760,Plantago heterophylla Nutt.,Plantae,SPECIES
152545675,https://www.gbif.org/species/3172206,Veronicastrum virginicum (L.) Farw.,Plantae,SPECIES
152545677,https://www.gbif.org/species/7784175,Veronica glauca Sibth. & Sm.,Plantae,SPECIES
152545678,https://www.gbif.org/species/3732995,Veronica ceratocarpa C.A.Mey.,Plantae,SPECIES
152545679,https://www.gbif.org/species/3172104,Veronica peregrina L.,Plantae,SPECIES
152545680,https://www.gbif.org/species/3172118,Veronica longifolia L.,Plantae,SPECIES
152545681,https://www.gbif.org/species/3172077,Veronica persica Poir.,Plantae,SPECIES
152545682,https://www.gbif.org/species/3172100,Veronica filiformis Sm.,Plantae,SPECIES
152545683,https://www.gbif.org/species/3172059,Veronica spicata L.,Plantae,SPECIES
152545684,https://www.gbif.org/species/3172068,Veronica cymbalaria Bodard,Plantae,SPECIES
152545685,https://www.gbif.org/species/3172066,Veronica campylopoda Boiss.,Plantae,SPECIES
152545687,https://www.gbif.org/species/7333212,Antirrhinum graniticum Rothm.,Plantae,SPECIES
152545688,https://www.gbif.org/species/3172001,Antirrhinum majus L.,Plantae,SPECIES
152545691,https://www.gbif.org/species/9508942,Origanum vulgare subsp. hirtum (Link) A.Terracc.,Plantae,SUBSPECIES
152545693,https://www.gbif.org/species/6410563,Leonurus japonicus Houtt.,Plantae,SPECIES
152545694,https://www.gbif.org/species/7307492,Leonurus quinquelobatus Gilib.,Plantae,SPECIES
152545696,https://www.gbif.org/species/6409536,Ballota nigra subsp. nigra,Plantae,SUBSPECIES
152545698,https://www.gbif.org/species/7307327,Agastache rugosa (Fisch. & C.A.Mey.) Kuntze,Plantae,SPECIES
152545700,https://www.gbif.org/species/7309012,Callicarpa bodinieri H.Lév.,Plantae,SPECIES
152545702,https://www.gbif.org/species/7308640,Caryopteris incana (Thunb. ex Houtt.) Miq.,Plantae,SPECIES
152545704,https://www.gbif.org/species/5605751,Lycopus exaltatus L.f.,Plantae,SPECIES
152545706,https://www.gbif.org/species/5608183,Lallemantia iberica (M.Bieb.) Fisch. & C.A.Mey.,Plantae,SPECIES
152545708,https://www.gbif.org/species/5341387,Hyssopus officinalis L.,Plantae,SPECIES
152545710,https://www.gbif.org/species/5341373,Scutellaria altissima L.,Plantae,SPECIES
152545712,https://www.gbif.org/species/5341310,Galeopsis pubescens Besser,Plantae,SPECIES
152545714,https://www.gbif.org/species/5341501,Melissa officinalis L.,Plantae,SPECIES
152545716,https://www.gbif.org/species/7350989,Nepeta ×faassenii Bergmans ex Stearn,Plantae,SPECIES
152545717,https://www.gbif.org/species/5341498,Nepeta grandiflora M.Bieb.,Plantae,SPECIES
152545718,https://www.gbif.org/species/5341497,Nepeta racemosa Lam.,Plantae,SPECIES
152545720,https://www.gbif.org/species/5607452,Thymus ×citriodorus (Pers.) Schreb.,Plantae,SPECIES
152545721,https://www.gbif.org/species/5341442,Thymus vulgaris L.,Plantae,SPECIES
152545723,https://www.gbif.org/species/5341394,Perilla frutescens (L.) Britton,Plantae,SPECIES
152545725,https://www.gbif.org/species/4930999,Amethystea caerulea L.,Plantae,SPECIES
152545727,https://www.gbif.org/species/7096205,Clinopodium nepeta subsp. nepeta,Plantae,SUBSPECIES
152545733,https://www.gbif.org/species/3886505,Phlomis russeliana (Sims) Lag. ex Benth.,Plantae,SPECIES
152545735,https://www.gbif.org/species/8118326,Teucrium resupinatum Desf.,Plantae,SPECIES
152545736,https://www.gbif.org/species/3895710,Teucrium ×lucidrys Boom,Plantae,SPECIES
152545737,https://www.gbif.org/species/3896282,Teucrium hircanicum L.,Plantae,SPECIES
152545739,https://www.gbif.org/species/6411098,Lamium galeobdolon subsp. argentatum (Smejkal) J.Duvign.,Plantae,SUBSPECIES
152545740,https://www.gbif.org/species/7308043,Lamium garganicum subsp. garganicum,Plantae,SUBSPECIES
152545741,https://www.gbif.org/species/3892732,Lamium orvala L.,Plantae,SPECIES
152545743,https://www.gbif.org/species/3905970,Marrubium peregrinum L.,Plantae,SPECIES
152545745,https://www.gbif.org/species/2927096,Ocimum basilicum L.,Plantae,SPECIES
152545747,https://www.gbif.org/species/3902360,Mentha cervina L.,Plantae,SPECIES
152545748,https://www.gbif.org/species/2927174,Mentha requienii Benth.,Plantae,SPECIES
152545750,https://www.gbif.org/species/2927075,Elsholtzia ciliata (Thunb.) Hyl.,Plantae,SPECIES
152545752,https://www.gbif.org/species/3885185,Stachys atherocalyx K.Koch,Plantae,SPECIES
152545753,https://www.gbif.org/species/2927296,Stachys cretica L.,Plantae,SPECIES
152545754,https://www.gbif.org/species/2927230,Stachys byzantina K.Koch,Plantae,SPECIES
152545756,https://www.gbif.org/species/2927224,Dracocephalum thymiflorum L.,Plantae,SPECIES
152545757,https://www.gbif.org/species/2927222,Dracocephalum moldavica L.,Plantae,SPECIES
152545758,https://www.gbif.org/species/2927220,Dracocephalum parviflorum Nutt.,Plantae,SPECIES
152545760,https://www.gbif.org/species/7307829,Lavandula dentata L.,Plantae,SPECIES
152545761,https://www.gbif.org/species/2927303,Lavandula stoechas L.,Plantae,SPECIES
152545762,https://www.gbif.org/species/2927305,Lavandula angustifolia Mill.,Plantae,SPECIES
152545764,https://www.gbif.org/species/6409706,Salvia verbenaca L.,Plantae,SPECIES
152545765,https://www.gbif.org/species/3883959,Salvia viridis L.,Plantae,SPECIES
152545766,https://www.gbif.org/species/2927028,Salvia nemorosa L.,Plantae,SPECIES
152545767,https://www.gbif.org/species/2927026,Salvia glutinosa L.,Plantae,SPECIES
152545768,https://www.gbif.org/species/2927030,Salvia aethiopis L.,Plantae,SPECIES
152545769,https://www.gbif.org/species/2926992,Salvia hispanica L.,Plantae,SPECIES
152545770,https://www.gbif.org/species/2927000,Salvia sclarea L.,Plantae,SPECIES
152545771,https://www.gbif.org/species/2926995,Salvia verticillata L.,Plantae,SPECIES
152545772,https://www.gbif.org/species/2927004,Salvia officinalis L.,Plantae,SPECIES
152545773,https://www.gbif.org/species/2927001,Salvia reflexa Hornem.,Plantae,SPECIES
152545775,https://www.gbif.org/species/2926572,Physostegia virginiana (L.) Benth.,Plantae,SPECIES
152545777,https://www.gbif.org/species/2926686,Sideritis lanata L.,Plantae,SPECIES
152545778,https://www.gbif.org/species/2926688,Sideritis montana L.,Plantae,SPECIES
152545780,https://www.gbif.org/species/2926885,Satureja hortensis L.,Plantae,SPECIES
152545781,https://www.gbif.org/species/2926884,Satureja montana L.,Plantae,SPECIES
152545783,https://www.gbif.org/species/2925366,Clerodendrum trichotomum Thunb.,Plantae,SPECIES
152545784,https://www.gbif.org/species/2925351,Clerodendrum bungei Steud.,Plantae,SPECIES
152545787,https://www.gbif.org/species/7455425,Phyla nodiflora var. minor (Gillies & Hook.) N.O'Leary & Múlgura,Plantae,VARIETY
152545792,https://www.gbif.org/species/2925532,Verbena bracteata Cav. ex Lag. & Rodr.,Plantae,SPECIES
152545793,https://www.gbif.org/species/2925496,Verbena rigida Spreng.,Plantae,SPECIES
152545794,https://www.gbif.org/species/2925514,Verbena bonariensis L.,Plantae,SPECIES
152545795,https://www.gbif.org/species/2925492,Verbena supina L.,Plantae,SPECIES
152545796,https://www.gbif.org/species/2925527,Verbena hastata L.,Plantae,SPECIES
152545797,https://www.gbif.org/species/2925530,Verbena urticifolia L.,Plantae,SPECIES
152545798,https://www.gbif.org/species/2925515,Verbena halei Small,Plantae,SPECIES
152545799,https://www.gbif.org/species/2925518,Verbena brasiliensis Vell.,Plantae,SPECIES
6550091,https://www.gbif.org/species/7270761,Actinidia chinensis var. deliciosa (A.Chev.) A.Chev.,Plantae,VARIETY
152545806,https://www.gbif.org/species/5421385,Sarracenia rubra Walter,Plantae,SPECIES
152545807,https://www.gbif.org/species/5421389,Sarracenia purpurea L.,Plantae,SPECIES
152545810,https://www.gbif.org/species/3646556,Pterostyrax hispidus Siebold & Zucc.,Plantae,SPECIES
152545813,https://www.gbif.org/species/7127354,Cyclamen coum Mill.,Plantae,SPECIES
152545814,https://www.gbif.org/species/7127810,Cyclamen hederifolium Aiton,Plantae,SPECIES
152545816,https://www.gbif.org/species/5640518,Primula florindae Kingdon-Ward,Plantae,SPECIES
152545817,https://www.gbif.org/species/5641274,Primula denticulata Sm.,Plantae,SPECIES
152545820,https://www.gbif.org/species/4005004,Lysimachia fortunei Maxim.,Plantae,SPECIES
152545821,https://www.gbif.org/species/4007682,Lysimachia linum-stellatum L.,Plantae,SPECIES
152545822,https://www.gbif.org/species/3169391,Lysimachia ciliata L.,Plantae,SPECIES
152545823,https://www.gbif.org/species/3169340,Lysimachia punctata L.,Plantae,SPECIES
152545825,https://www.gbif.org/species/3169329,Androsace maxima L.,Plantae,SPECIES
152545828,https://www.gbif.org/species/7223680,Gilia capitata subsp. capitata,Plantae,SUBSPECIES
152545829,https://www.gbif.org/species/5659657,Gilia capitata subsp. mediomontana V.E.Grant,Plantae,SUBSPECIES
152545830,https://www.gbif.org/species/5341558,Gilia tricolor Benth.,Plantae,SPECIES
152545831,https://www.gbif.org/species/5341540,Gilia achilleifolia Benth.,Plantae,SPECIES
152545833,https://www.gbif.org/species/2927850,Polemonium caeruleum L.,Plantae,SPECIES
152545835,https://www.gbif.org/species/2927727,Phlox subulata L.,Plantae,SPECIES
152545836,https://www.gbif.org/species/2927744,Phlox paniculata L.,Plantae,SPECIES
152545837,https://www.gbif.org/species/2927783,Phlox maculata L.,Plantae,SPECIES
152545839,https://www.gbif.org/species/2927684,Navarretia squarrosa (Eschsch.) Hook. & Arn.,Plantae,SPECIES
152545842,https://www.gbif.org/species/2891782,Impatiens parviflora DC.,Plantae,SPECIES
152545843,https://www.gbif.org/species/2891774,Impatiens capensis Meerb.,Plantae,SPECIES
152545844,https://www.gbif.org/species/2891783,Impatiens balfourii Hook.fil.,Plantae,SPECIES
152545845,https://www.gbif.org/species/2891770,Impatiens glandulifera Royle,Plantae,SPECIES
152545850,https://www.gbif.org/species/7135755,Rhododendron luteum Sweet,Plantae,SPECIES
152545851,https://www.gbif.org/species/7327990,Rhododendron ponticum L.,Plantae,SPECIES
152545853,https://www.gbif.org/species/5682465,Erica carnea L.,Plantae,SPECIES
152545854,https://www.gbif.org/species/5333408,Erica vagans L.,Plantae,SPECIES
152545856,https://www.gbif.org/species/5333354,Leucothoe fontanesiana (Steud.) Sleumer,Plantae,SPECIES
152545858,https://www.gbif.org/species/2882753,Gaultheria procumbens L.,Plantae,SPECIES
152545861,https://www.gbif.org/species/2882849,Vaccinium corymbosum L.,Plantae,SPECIES
152545865,https://www.gbif.org/species/2888298,Moneses uniflora (L.) A.Gray,Plantae,SPECIES
152545867,https://www.gbif.org/species/2883007,Kalmia angustifolia L.,Plantae,SPECIES
152545869,https://www.gbif.org/species/2888310,Orthilia secunda (L.) House,Plantae,SPECIES
152545872,https://www.gbif.org/species/2888323,Clethra alnifolia L.,Plantae,SPECIES
152545876,https://www.gbif.org/species/7802465,Nymphaea ×marliacea Lat.-Marl.,Plantae,SPECIES
152545879,https://www.gbif.org/species/2882443,Cabomba caroliniana A.Gray,Plantae,SPECIES
7282357,https://www.gbif.org/species/5621983,Echinopsis albispinosa K.Schum.,Plantae,SPECIES
152545886,https://www.gbif.org/species/3190845,Drosera linearis Goldie,Plantae,SPECIES
152545891,https://www.gbif.org/species/4090836,Armeria maritima subsp. elongata (Hoffm.) Bonnier,Plantae,SUBSPECIES
152545893,https://www.gbif.org/species/3082297,Limonium sinuatum (L.) Mill.,Plantae,SPECIES
152545896,https://www.gbif.org/species/7407436,"Chenopodiastrum simplex (Torr.) S.Fuentes, Uotila & Borsch",Plantae,SPECIES
152545899,https://www.gbif.org/species/7846821,"Oxybasis macrosperma (Hook.fil.) S.Fuentes, Uotila & Borsch",Plantae,SPECIES
152545901,https://www.gbif.org/species/7933495,Sclerolaena muricata (Moq.) Domin,Plantae,SPECIES
152545903,https://www.gbif.org/species/8243150,Spirobassia hirsuta (L.) Freitag & G.Kadereit,Plantae,SPECIES
152545905,https://www.gbif.org/species/6447806,Axyris amaranthoides L.,Plantae,SPECIES
152545907,https://www.gbif.org/species/7323632,Ptilotus spicatus F.Muell. ex Benth.,Plantae,SPECIES
152545909,https://www.gbif.org/species/7707087,Dysphania glomulifera (Nees) Paul G.Wilson,Plantae,SPECIES
152545910,https://www.gbif.org/species/7877091,Dysphania pseudomultiflora (Murr) Verloove & Lambinon,Plantae,SPECIES
152545911,https://www.gbif.org/species/5568446,Dysphania ambrosioides (L.) Mosyakin & Clemants,Plantae,SPECIES
152545912,https://www.gbif.org/species/5568322,Dysphania schraderiana (Schult.) Mosyakin & Clemants,Plantae,SPECIES
152545913,https://www.gbif.org/species/5568339,Dysphania pumilio (R.Br.) Mosyakin & Clemants,Plantae,SPECIES
152545914,https://www.gbif.org/species/5568361,Dysphania multifida (L.) Mosyakin & Clemants,Plantae,SPECIES
152545915,https://www.gbif.org/species/5568415,Dysphania cristata (F.Muell.) Mosyakin & Clemants,Plantae,SPECIES
152545916,https://www.gbif.org/species/5568424,Dysphania carinata (R.Br.) Mosyakin & Clemants,Plantae,SPECIES
152545917,https://www.gbif.org/species/5568428,Dysphania botrys (L.) Mosyakin & Clemants,Plantae,SPECIES
152545918,https://www.gbif.org/species/5568442,Dysphania anthelmintica (L.) Mosyakin & Clemants,Plantae,SPECIES
152545920,https://www.gbif.org/species/5568188,Bassia laniflora (S.G.Gmel.) A.J.Scott,Plantae,SPECIES
152545921,https://www.gbif.org/species/5383909,Bassia hyssopifolia (Pall.) Kuntze,Plantae,SPECIES
152545923,https://www.gbif.org/species/7068845,Beta vulgaris subsp. vulgaris,Plantae,SUBSPECIES
152545924,https://www.gbif.org/species/5567951,Beta macrocarpa Guss.,Plantae,SPECIES
152545925,https://www.gbif.org/species/5383926,Beta trigyna Waldst. & Kit.,Plantae,SPECIES
152545927,https://www.gbif.org/species/5568899,Blitum nuttallianum Roem. & Schult.,Plantae,SPECIES
152545928,https://www.gbif.org/species/5383969,Blitum virgatum L.,Plantae,SPECIES
152545929,https://www.gbif.org/species/5383971,Blitum capitatum L.,Plantae,SPECIES
152545931,https://www.gbif.org/species/9080185,Amaranthus hypochondriacus L.,Plantae,SPECIES
152545932,https://www.gbif.org/species/8911082,Amaranthus blitum L.,Plantae,SPECIES
7576335,https://www.gbif.org/species/7576335,Amaranthus ozanonii Piszter,Plantae,SPECIES
152545934,https://www.gbif.org/species/7905507,Amaranthus albus L.,Plantae,SPECIES
152545935,https://www.gbif.org/species/6109534,Amaranthus retroflexus L.,Plantae,SPECIES
152545936,https://www.gbif.org/species/6109611,Amaranthus caudatus L.,Plantae,SPECIES
152545937,https://www.gbif.org/species/7323834,Amaranthus macrocarpus var. macrocarpus,Plantae,VARIETY
152545938,https://www.gbif.org/species/7323810,Amaranthus mitchellii Benth.,Plantae,SPECIES
152545939,https://www.gbif.org/species/7323711,Amaranthus quitensis Kunth,Plantae,SPECIES
152545940,https://www.gbif.org/species/7323341,Amaranthus capensis subsp. capensis,Plantae,SUBSPECIES
152545941,https://www.gbif.org/species/5384396,Amaranthus deflexus L.,Plantae,SPECIES
152545942,https://www.gbif.org/species/5384395,Amaranthus blitoides S.Watson,Plantae,SPECIES
152545943,https://www.gbif.org/species/5384401,Amaranthus spinosus L.,Plantae,SPECIES
152545944,https://www.gbif.org/species/5548401,Amaranthus standleyanus Parodi ex Covas,Plantae,SPECIES
152545945,https://www.gbif.org/species/5548011,Amaranthus capensis subsp. uncinatus (Thell.) Brenan,Plantae,SUBSPECIES
152545946,https://www.gbif.org/species/5547989,Amaranthus clementii Domin,Plantae,SPECIES
152545947,https://www.gbif.org/species/5384361,Amaranthus bouchonii Thell.,Plantae,SPECIES
152545949,https://www.gbif.org/species/5384370,Amaranthus scleropoides Uline & W.L.Bray,Plantae,SPECIES
152545950,https://www.gbif.org/species/5384364,Amaranthus hybridus L.,Plantae,SPECIES
152545951,https://www.gbif.org/species/5384383,Amaranthus thunbergii Moq.,Plantae,SPECIES
152545952,https://www.gbif.org/species/5384373,Amaranthus graecizans L.,Plantae,SPECIES
152545953,https://www.gbif.org/species/5384393,Amaranthus palmeri S.Watson,Plantae,SPECIES
152545954,https://www.gbif.org/species/5384390,Amaranthus cruentus L.,Plantae,SPECIES
152545955,https://www.gbif.org/species/5384334,Amaranthus viridis L.,Plantae,SPECIES
152545956,https://www.gbif.org/species/5384332,Amaranthus muricatus (Gillies ex Moq.) Hieron.,Plantae,SPECIES
152545957,https://www.gbif.org/species/5384342,Amaranthus polygonoides L.,Plantae,SPECIES
152545958,https://www.gbif.org/species/5384341,Amaranthus crispus (Lesp. & Thévenau) N.Terracc.,Plantae,SPECIES
152545960,https://www.gbif.org/species/3083603,Polycnemum arvense L.,Plantae,SPECIES
152545962,https://www.gbif.org/species/6447496,Atriplex leptocarpa F.Muell.,Plantae,SPECIES
152545963,https://www.gbif.org/species/3760099,Atriplex sagittata Borkh.,Plantae,SPECIES
152545964,https://www.gbif.org/species/3083657,Atriplex oblongifolia Waldst. & Kit.,Plantae,SPECIES
152545965,https://www.gbif.org/species/3083702,Atriplex tatarica L.,Plantae,SPECIES
152545966,https://www.gbif.org/species/3083718,Atriplex halimus L.,Plantae,SPECIES
152545967,https://www.gbif.org/species/3083667,Atriplex semibaccata R.Br.,Plantae,SPECIES
152545968,https://www.gbif.org/species/3083680,Atriplex micrantha Ledeb.,Plantae,SPECIES
152545969,https://www.gbif.org/species/3083761,Atriplex hortensis L.,Plantae,SPECIES
152545970,https://www.gbif.org/species/3083763,Atriplex sibirica L.,Plantae,SPECIES
152545971,https://www.gbif.org/species/3083745,Atriplex rosea L.,Plantae,SPECIES
152545972,https://www.gbif.org/species/3083746,Atriplex holocarpa F.Muell.,Plantae,SPECIES
152545973,https://www.gbif.org/species/3083771,Atriplex suberecta I.Verd.,Plantae,SPECIES
152545974,https://www.gbif.org/species/3083773,Atriplex muelleri Benth.,Plantae,SPECIES
152545976,https://www.gbif.org/species/3083647,Spinacia oleracea L.,Plantae,SPECIES
152545979,https://www.gbif.org/species/7644304,Chenopodium borbasioides A.Ludw.,Plantae,SPECIES
152545980,https://www.gbif.org/species/6035549,Chenopodium striatiforme Murr,Plantae,SPECIES
152545981,https://www.gbif.org/species/3757189,Chenopodium auricomiforme Murr & Thell.,Plantae,SPECIES
152545982,https://www.gbif.org/species/3756650,Chenopodium ×reynieri Ludw. & Aellen,Plantae,SPECIES
152545983,https://www.gbif.org/species/3756077,Chenopodium giganteum D.Don,Plantae,SPECIES
152545984,https://www.gbif.org/species/3083903,Chenopodium opulifolium Schrad. ex W.D.J.Koch & Ziz,Plantae,SPECIES
152545985,https://www.gbif.org/species/3083921,Chenopodium pratericola Rydb.,Plantae,SPECIES
152545986,https://www.gbif.org/species/3083934,Chenopodium hircinum Schrad.,Plantae,SPECIES
152545987,https://www.gbif.org/species/3083905,Chenopodium suecicum Murr,Plantae,SPECIES
152545988,https://www.gbif.org/species/3083920,Chenopodium berlandieri Moq.,Plantae,SPECIES
152545989,https://www.gbif.org/species/3083935,Chenopodium quinoa Willd.,Plantae,SPECIES
152545991,https://www.gbif.org/species/3083975,Corispermum pallasii Steven,Plantae,SPECIES
152545993,https://www.gbif.org/species/7606014,Alternanthera angustifolia R.Br.,Plantae,SPECIES
152545994,https://www.gbif.org/species/3084922,Alternanthera paronychioides A.St.-Hil.,Plantae,SPECIES
152545995,https://www.gbif.org/species/3084939,Alternanthera sessilis (L.) R.Br. ex DC.,Plantae,SPECIES
152545996,https://www.gbif.org/species/3084949,Alternanthera pungens Kunth,Plantae,SPECIES
152545997,https://www.gbif.org/species/3084958,Alternanthera caracasana Kunth,Plantae,SPECIES
152546000,https://www.gbif.org/species/3084611,Mollugo verticillata L.,Plantae,SPECIES
152546002,https://www.gbif.org/species/3084616,Glinus lotoides L.,Plantae,SPECIES
152546005,https://www.gbif.org/species/3084015,Phytolacca americana L.,Plantae,SPECIES
152546006,https://www.gbif.org/species/3084022,Phytolacca acinosa Roxb.,Plantae,SPECIES
152546009,https://www.gbif.org/species/4023424,"Portulaca trituberculata Danin, Domina & Raimondo",Plantae,SPECIES
152546010,https://www.gbif.org/species/4022617,Portulaca nitida (Danin & H.G.Baker) Ricceri & Arrigoni,Plantae,SPECIES
152546011,https://www.gbif.org/species/4023278,Portulaca granulatostellulata (Poelln.) Ricceri & Arrigoni,Plantae,SPECIES
152546012,https://www.gbif.org/species/4021919,Portulaca sativa Haw.,Plantae,SPECIES
152546013,https://www.gbif.org/species/4021920,Portulaca cypria Danin,Plantae,SPECIES
152546014,https://www.gbif.org/species/3084719,Portulaca oleracea L.,Plantae,SPECIES
152546015,https://www.gbif.org/species/3084700,Portulaca grandiflora Hook.,Plantae,SPECIES
152546018,https://www.gbif.org/species/9376410,Delosperma cooperi (Hook.fil.) L.Bolus,Plantae,SPECIES
152546020,https://www.gbif.org/species/5384307,Tetragonia tetragonioides (Pallas) Kuntze,Plantae,SPECIES
152546022,https://www.gbif.org/species/8185812,Mesembryanthemum cordifolium L.fil.,Plantae,SPECIES
152546023,https://www.gbif.org/species/3084837,Mesembryanthemum nodiflorum L.,Plantae,SPECIES
152546024,https://www.gbif.org/species/3084839,Mesembryanthemum crystallinum L.,Plantae,SPECIES
152546026,https://www.gbif.org/species/3084842,Carpobrotus edulis (L.) N.E.Br.,Plantae,SPECIES
152546028,https://www.gbif.org/species/3084883,Sesuvium portulacastrum (L.) L.,Plantae,SPECIES
152546033,https://www.gbif.org/species/3084742,Claytonia sibirica L.,Plantae,SPECIES
152546037,https://www.gbif.org/species/5384459,Gypsophila pilosa Huds.,Plantae,SPECIES
152546038,https://www.gbif.org/species/5384458,Gypsophila paniculata L.,Plantae,SPECIES
152546039,https://www.gbif.org/species/5384466,Gypsophila elegans M.Bieb.,Plantae,SPECIES
152546040,https://www.gbif.org/species/5384465,Gypsophila scorzonerifolia Ser.,Plantae,SPECIES
152546041,https://www.gbif.org/species/5585762,Gypsophila viscosa Murray,Plantae,SPECIES
152546043,https://www.gbif.org/species/8993502,Silene italica (L.) Pers.,Plantae,SPECIES
152546044,https://www.gbif.org/species/7523432,Silene behen L.,Plantae,SPECIES
152546045,https://www.gbif.org/species/7746901,Silene otites (L.) Wibel,Plantae,SPECIES
152546046,https://www.gbif.org/species/8184157,Silene stricta L.,Plantae,SPECIES
152546047,https://www.gbif.org/species/8150863,Silene cretica L.,Plantae,SPECIES
152546048,https://www.gbif.org/species/8279669,Silene viscosa (L.) Pers.,Plantae,SPECIES
152546050,https://www.gbif.org/species/7267492,Silene nocturna subsp. nocturna,Plantae,SUBSPECIES
152546051,https://www.gbif.org/species/5384848,Silene gallica L.,Plantae,SPECIES
152546053,https://www.gbif.org/species/5384852,Silene conoidea L.,Plantae,SPECIES
152546054,https://www.gbif.org/species/5384741,Silene coronaria (L.) Clairv.,Plantae,SPECIES
152546055,https://www.gbif.org/species/5384818,Silene dichotoma Ehrh.,Plantae,SPECIES
152546056,https://www.gbif.org/species/5384773,Silene pendula L.,Plantae,SPECIES
152546057,https://www.gbif.org/species/5585975,Silene muscipula L.,Plantae,SPECIES
152546058,https://www.gbif.org/species/5584240,Silene schafta J.G.Gmel. ex Hohen.,Plantae,SPECIES
152546059,https://www.gbif.org/species/5584611,Silene chalcedonica (L.) E.H.L.Krause,Plantae,SPECIES
152546061,https://www.gbif.org/species/7314281,Paronychia brasiliana DC.,Plantae,SPECIES
152546062,https://www.gbif.org/species/5528747,Paronychia argentea Lam.,Plantae,SPECIES
152546064,https://www.gbif.org/species/3593900,Herniaria cinerea DC.,Plantae,SPECIES
152546066,https://www.gbif.org/species/3085357,Saponaria ocymoides L.,Plantae,SPECIES
152546067,https://www.gbif.org/species/3085360,Saponaria officinalis L.,Plantae,SPECIES
152546069,https://www.gbif.org/species/3085346,Lepyrodiclis holosteoides (C.A.Mey.) Fenzl ex Fisch. & C.A.Mey.,Plantae,SPECIES
152546073,https://www.gbif.org/species/8012084,Dianthus subacaulis Vill.,Plantae,SPECIES
152546074,https://www.gbif.org/species/6363496,Dianthus superbus L.,Plantae,SPECIES
152546075,https://www.gbif.org/species/7267631,Dianthus giganteus subsp. giganteus,Plantae,SUBSPECIES
152546076,https://www.gbif.org/species/3085420,Dianthus caryophyllus L.,Plantae,SPECIES
152546077,https://www.gbif.org/species/3085412,Dianthus plumarius L.,Plantae,SPECIES
152546078,https://www.gbif.org/species/3085421,Dianthus barbatus L.,Plantae,SPECIES
152546080,https://www.gbif.org/species/3085389,Sagina japonica (Sw. ex Steud.) Ohwi,Plantae,SPECIES
152546082,https://www.gbif.org/species/3085381,Polycarpon tetraphyllum (L.) L.,Plantae,SPECIES
152546084,https://www.gbif.org/species/3085623,Petrorhagia saxifraga (L.) Link,Plantae,SPECIES
152546085,https://www.gbif.org/species/3085622,Petrorhagia nanteuilii (Burnat) P.W.Ball & Heywood,Plantae,SPECIES
152546087,https://www.gbif.org/species/3085435,Cerastium dichotomum L.,Plantae,SPECIES
152546088,https://www.gbif.org/species/3085438,Cerastium tomentosum L.,Plantae,SPECIES
152546093,https://www.gbif.org/species/3086240,Mirabilis jalapa L.,Plantae,SPECIES
152546096,https://www.gbif.org/species/8380575,Tamarix gallica L.,Plantae,SPECIES
152546097,https://www.gbif.org/species/2874706,Tamarix parviflora DC.,Plantae,SPECIES
152546098,https://www.gbif.org/species/2874701,Tamarix canariensis Willd.,Plantae,SPECIES
152546101,https://www.gbif.org/species/2874692,Frankenia pulverulenta L.,Plantae,SPECIES
152546104,https://www.gbif.org/species/9018536,Koenigia campanulata (Hook.fil.) T.M.Schust. & Reveal,Plantae,SPECIES
152546105,https://www.gbif.org/species/8773480,Koenigia ×fennica (Reiersen) T.M.Schust. & Reveal,Plantae,SPECIES
152546106,https://www.gbif.org/species/8720751,Koenigia divaricata (L.) T.M.Schust. & Reveal,Plantae,SPECIES
152546108,https://www.gbif.org/species/7510471,Polygonum argyrocoleum Steud. ex Kunze,Plantae,SPECIES
152546110,https://www.gbif.org/species/5652131,Polygonum aviculare subsp. rurivagum (Boreau) Berher,Plantae,SUBSPECIES
152546111,https://www.gbif.org/species/5334386,Polygonum achoreum S.F.Blake,Plantae,SPECIES
152546112,https://www.gbif.org/species/5334439,Polygonum patulum M.Bieb.,Plantae,SPECIES
152546113,https://www.gbif.org/species/5334430,Polygonum bellardii All.,Plantae,SPECIES
152546116,https://www.gbif.org/species/5334351,Fallopia baldschuanica (Regel) Holub,Plantae,SPECIES
152546118,https://www.gbif.org/species/7291264,Bistorta amplexicaulis (D.Don) Greene,Plantae,SPECIES
152546119,https://www.gbif.org/species/4033335,Bistorta affinis (D.Don) Greene,Plantae,SPECIES
152546121,https://www.gbif.org/species/2889378,Fagopyrum tataricum (L.) Gaertn.,Plantae,SPECIES
152546122,https://www.gbif.org/species/2889373,Fagopyrum esculentum Moench,Plantae,SPECIES
152546124,https://www.gbif.org/species/4034001,Persicaria nepalensis (Meisn.) H.Gross,Plantae,SPECIES
152546125,https://www.gbif.org/species/2889229,Persicaria orientalis (L.) Spach,Plantae,SPECIES
152546126,https://www.gbif.org/species/2889304,Persicaria capitata (Buch.-Ham. ex D.Don) H.Gross,Plantae,SPECIES
152546128,https://www.gbif.org/species/4038485,Reynoutria ×bohemica Chrtek & Chrtková,Plantae,SPECIES
152546129,https://www.gbif.org/species/2889173,Reynoutria japonica Houtt.,Plantae,SPECIES
152546130,https://www.gbif.org/species/2889088,Reynoutria sachalinensis (F.Schmidt) Nakai,Plantae,SPECIES
152546132,https://www.gbif.org/species/2888859,Muehlenbeckia complexa (A.Cunn.) Meisn.,Plantae,SPECIES
152546134,https://www.gbif.org/species/2888867,Rheum rhabarbarum L.,Plantae,SPECIES
152546136,https://www.gbif.org/species/7415922,Rumex pulcher subsp. woodsii (De Not.) Arcang.,Plantae,SUBSPECIES
152546137,https://www.gbif.org/species/7911993,Rumex pseudonatronatus (Borbás) Borbás ex Murb.,Plantae,SPECIES
152546138,https://www.gbif.org/species/7901010,Rumex obtusifolius subsp. sylvestris (Lam.) Celak.,Plantae,SUBSPECIES
152546140,https://www.gbif.org/species/8242651,Rumex ×erubescens Simonk.,Plantae,SPECIES
152546141,https://www.gbif.org/species/6391417,Rumex thyrsiflorus Fingerh.,Plantae,SPECIES
152546143,https://www.gbif.org/species/4036957,Rumex pulcher subsp. pulcher,Plantae,SUBSPECIES
152546144,https://www.gbif.org/species/2889037,Rumex rugosus Campd.,Plantae,SPECIES
152546145,https://www.gbif.org/species/2889038,Rumex dentatus L.,Plantae,SPECIES
152546146,https://www.gbif.org/species/2889024,Rumex ×confusus Simonk.,Plantae,SPECIES
152546147,https://www.gbif.org/species/2889030,Rumex altissimus Wood,Plantae,SPECIES
152546148,https://www.gbif.org/species/2889019,Rumex patientia L.,Plantae,SPECIES
152546149,https://www.gbif.org/species/2889023,Rumex stenophyllus Ledeb.,Plantae,SPECIES
152546150,https://www.gbif.org/species/2888943,Rumex confertus Willd.,Plantae,SPECIES
152546151,https://www.gbif.org/species/2888946,Rumex longifolius DC.,Plantae,SPECIES
152546152,https://www.gbif.org/species/2888948,Rumex alpinus L.,Plantae,SPECIES
152546154,https://www.gbif.org/species/2888987,Rumex obovatus Danser,Plantae,SPECIES
152546156,https://www.gbif.org/species/2888993,Rumex bucephalophorus L.,Plantae,SPECIES
152546157,https://www.gbif.org/species/2889005,Rumex kerneri Borbás,Plantae,SPECIES
152546158,https://www.gbif.org/species/2889010,Rumex cristatus DC.,Plantae,SPECIES
152546162,https://www.gbif.org/species/3054368,Juglans regia L.,Plantae,SPECIES
152546163,https://www.gbif.org/species/3054357,Juglans nigra L.,Plantae,SPECIES
152546164,https://www.gbif.org/species/3054352,Juglans cinerea L.,Plantae,SPECIES
152546167,https://www.gbif.org/species/5333294,Castanea sativa Mill.,Plantae,SPECIES
152546169,https://www.gbif.org/species/8313153,Quercus palustris Münchh.,Plantae,SPECIES
152546170,https://www.gbif.org/species/2879098,Quercus ilex L.,Plantae,SPECIES
152546172,https://www.gbif.org/species/2880539,Quercus rubra L.,Plantae,SPECIES
152546173,https://www.gbif.org/species/2880580,Quercus cerris L.,Plantae,SPECIES
152546176,https://www.gbif.org/species/5332004,Betula nana L.,Plantae,SPECIES
152546177,https://www.gbif.org/species/5332120,Betula papyrifera Marshall,Plantae,SPECIES
152546179,https://www.gbif.org/species/2875968,Corylus colurna L.,Plantae,SPECIES
152546180,https://www.gbif.org/species/2876049,Corylus maxima Mill.,Plantae,SPECIES
152546182,https://www.gbif.org/species/9148577,Alnus incana (L.) Moench,Plantae,SPECIES
152546183,https://www.gbif.org/species/4097656,Alnus ×spaethii Callier,Plantae,SPECIES
152546184,https://www.gbif.org/species/2876571,Alnus ×pubescens Tausch,Plantae,SPECIES
152546185,https://www.gbif.org/species/2876607,Alnus cordata (Loisel.) Duby,Plantae,SPECIES
152546189,https://www.gbif.org/species/5331404,Echinocystis lobata (Michx.) Torr. & A.Gray,Plantae,SPECIES
152546191,https://www.gbif.org/species/2874680,Ecballium elaterium (L.) A.Rich.,Plantae,SPECIES
152546193,https://www.gbif.org/species/2874538,Thladiantha dubia Bunge,Plantae,SPECIES
152546196,https://www.gbif.org/species/2874508,Cucurbita pepo L.,Plantae,SPECIES
152546198,https://www.gbif.org/species/2874655,Sicyos angulatus L.,Plantae,SPECIES
152546200,https://www.gbif.org/species/2874621,Citrullus lanatus (Thunb.) Matsum. & Nakai,Plantae,SPECIES
152546202,https://www.gbif.org/species/2874569,Cucumis sativus L.,Plantae,SPECIES
152546203,https://www.gbif.org/species/2874570,Cucumis melo L.,Plantae,SPECIES
152546207,https://www.gbif.org/species/5384931,Houttuynia cordata Thunb.,Plantae,SPECIES
152546209,https://www.gbif.org/species/5384932,Saururus cernuus L.,Plantae,SPECIES
152546212,https://www.gbif.org/species/7313595,Asarum europaeum L.,Plantae,SPECIES
152546214,https://www.gbif.org/species/2873991,Aristolochia clematitis L.,Plantae,SPECIES
152546215,https://www.gbif.org/species/2874019,Aristolochia rotunda L.,Plantae,SPECIES
152546220,https://www.gbif.org/species/8338793,Modiola caroliniana (L.) G.Don,Plantae,SPECIES
152546222,https://www.gbif.org/species/7116158,Sphaeralcea bonariensis (Cav.) Griseb.,Plantae,SPECIES
152546224,https://www.gbif.org/species/5406789,Alcea rosea L.,Plantae,SPECIES
152546225,https://www.gbif.org/species/5617467,Alcea rugosa Alef.,Plantae,SPECIES
152546227,https://www.gbif.org/species/5406741,Sida spinosa L.,Plantae,SPECIES
152546228,https://www.gbif.org/species/5406735,Sida rhombifolia L.,Plantae,SPECIES
152546230,https://www.gbif.org/species/4259350,Tilia tomentosa Moench,Plantae,SPECIES
152546232,https://www.gbif.org/species/4939668,Kitaibela vitifolia Willd.,Plantae,SPECIES
152546234,https://www.gbif.org/species/3937506,Corynabutilon ×suntense (C.D.Brickell) Fryxell,Plantae,SPECIES
152546236,https://www.gbif.org/species/7278926,Malope malacoides L.,Plantae,SPECIES
152546237,https://www.gbif.org/species/3935421,Malope trifida Cav.,Plantae,SPECIES
152546239,https://www.gbif.org/species/3152493,Anoda cristata (L.) Schltdl.,Plantae,SPECIES
152546241,https://www.gbif.org/species/3152560,Hibiscus trionum L.,Plantae,SPECIES
152546242,https://www.gbif.org/species/3152583,Hibiscus syriacus L.,Plantae,SPECIES
152546244,https://www.gbif.org/species/3152264,Malvastrum americanum (L.) Torr.,Plantae,SPECIES
152546245,https://www.gbif.org/species/3152268,Malvastrum coromandelianum (L.) Garcke,Plantae,SPECIES
152546247,https://www.gbif.org/species/7823743,Malva maroccana (Batt. & Trab.) Verloove & Lambinon,Plantae,SPECIES
152546248,https://www.gbif.org/species/8402586,Malva ×clementii (Cheek) Stace,Plantae,SPECIES
152546249,https://www.gbif.org/species/3940960,Malva punctata (All.) Alef.,Plantae,SPECIES
152546250,https://www.gbif.org/species/3940423,Malva thuringiaca (L.) Vis.,Plantae,SPECIES
152546251,https://www.gbif.org/species/3152372,Malva pusilla Sm.,Plantae,SPECIES
152546252,https://www.gbif.org/species/3152377,Malva verticillata L.,Plantae,SPECIES
152546253,https://www.gbif.org/species/3152378,Malva parviflora L.,Plantae,SPECIES
152546254,https://www.gbif.org/species/3152367,Malva nicaeensis All.,Plantae,SPECIES
152546256,https://www.gbif.org/species/3152723,Sidalcea candida A.Gray,Plantae,SPECIES
152546258,https://www.gbif.org/species/3152614,Abutilon theophrasti Medik.,Plantae,SPECIES
152546263,https://www.gbif.org/species/2874024,Tuberaria guttata (L.) Fourr.,Plantae,SPECIES
152546267,https://www.gbif.org/species/6369819,Sambucus canadensis L.,Plantae,SPECIES
152546270,https://www.gbif.org/species/2888585,Viburnum tinus L.,Plantae,SPECIES
152546271,https://www.gbif.org/species/2888625,Viburnum rhytidophyllum Hemsl. ex Forbes & Hemsl.,Plantae,SPECIES
152546272,https://www.gbif.org/species/2888588,Viburnum ×rhytidophylloides Suringar,Plantae,SPECIES
152546278,https://www.gbif.org/species/7902463,Lonicera maackii (Rupr.) Maxim.,Plantae,SPECIES
152546280,https://www.gbif.org/species/8242349,Lonicera chrysantha Turcz.,Plantae,SPECIES
152546281,https://www.gbif.org/species/5598839,Lonicera ×purpusii Rehder,Plantae,SPECIES
152546282,https://www.gbif.org/species/5598598,Lonicera acuminata Wall.,Plantae,SPECIES
152546283,https://www.gbif.org/species/5598915,Lonicera pileata Oliv.,Plantae,SPECIES
152546284,https://www.gbif.org/species/5334253,Lonicera involucrata (Richards.) Banks ex Spreng.,Plantae,SPECIES
152546285,https://www.gbif.org/species/5334275,Lonicera morrowii A.Gray,Plantae,SPECIES
152546286,https://www.gbif.org/species/5334227,Lonicera caprifolium L.,Plantae,SPECIES
152546287,https://www.gbif.org/species/5334239,Lonicera sempervirens L.,Plantae,SPECIES
152546288,https://www.gbif.org/species/5334240,Lonicera japonica Thunb.,Plantae,SPECIES
152546289,https://www.gbif.org/species/5334242,Lonicera tatarica L.,Plantae,SPECIES
152546291,https://www.gbif.org/species/7504215,Knautia integrifolia (L.) Bertol.,Plantae,SPECIES
152546292,https://www.gbif.org/species/4102952,Knautia macedonica Griseb.,Plantae,SPECIES
152546294,https://www.gbif.org/species/4102909,Lomelosia stellata (L.) Raf.,Plantae,SPECIES
152546296,https://www.gbif.org/species/8201823,Valeriana phu L.,Plantae,SPECIES
152546297,https://www.gbif.org/species/4095186,Valeriana pyrenaica L.,Plantae,SPECIES
152546299,https://www.gbif.org/species/2888636,Symphoricarpos orbiculatus Moench,Plantae,SPECIES
152546301,https://www.gbif.org/species/2888706,Kolkwitzia amabilis Graebn.,Plantae,SPECIES
152546304,https://www.gbif.org/species/7298858,Valerianella coronata (L.) DC.,Plantae,SPECIES
152546305,https://www.gbif.org/species/4095244,Valerianella vesicaria (L.) Moench,Plantae,SPECIES
152546306,https://www.gbif.org/species/2888773,Valerianella eriocarpa Desv.,Plantae,SPECIES
152546310,https://www.gbif.org/species/2888797,Cephalaria gigantea (Ledeb.) Bobrov,Plantae,SPECIES
152546312,https://www.gbif.org/species/2888806,Scabiosa ochroleuca L.,Plantae,SPECIES
152546314,https://www.gbif.org/species/7443846,Dipsacus strigosus Willd.,Plantae,SPECIES
152546315,https://www.gbif.org/species/2888816,Dipsacus sativus (L.) Honck.,Plantae,SPECIES
152546316,https://www.gbif.org/species/2888814,Dipsacus laciniatus L.,Plantae,SPECIES
152546318,https://www.gbif.org/species/2888579,Leycesteria formosa Wall.,Plantae,SPECIES
7707872,https://www.gbif.org/species/3922770,Aconitum napellus subsp. lusitanicum Rouy,Plantae,SUBSPECIES
152546324,https://www.gbif.org/species/8246651,Adonis flammea Jacq.,Plantae,SPECIES
152546325,https://www.gbif.org/species/5371709,Adonis annua L.,Plantae,SPECIES
152546327,https://www.gbif.org/species/5371702,Nigella damascena L.,Plantae,SPECIES
152546328,https://www.gbif.org/species/5371700,Nigella sativa L.,Plantae,SPECIES
152546330,https://www.gbif.org/species/7823272,Ranunculus pensylvanicus L.fil.,Plantae,SPECIES
152546331,https://www.gbif.org/species/7826351,Ranunculus lanuginosus L.,Plantae,SPECIES
152546332,https://www.gbif.org/species/3927790,Ranunculus gramineus L.,Plantae,SPECIES
152546333,https://www.gbif.org/species/3033318,Ranunculus muricatus L.,Plantae,SPECIES
152546334,https://www.gbif.org/species/3033460,Ranunculus trilobus Desf.,Plantae,SPECIES
152546335,https://www.gbif.org/species/3033396,Ranunculus marginatus d'Urv.,Plantae,SPECIES
3033434,https://www.gbif.org/species/3033434,Ranunculus parviflorus L.,Plantae,SPECIES
152546338,https://www.gbif.org/species/3033289,Trollius europaeus L.,Plantae,SPECIES
152546340,https://www.gbif.org/species/3927746,Anemone apennina L.,Plantae,SPECIES
152546341,https://www.gbif.org/species/3922888,Anemone sylvestris L.,Plantae,SPECIES
152546343,https://www.gbif.org/species/3033242,Anemone blanda Schott & Kotschy,Plantae,SPECIES
152546344,https://www.gbif.org/species/3033261,Anemone coronaria L.,Plantae,SPECIES
152546346,https://www.gbif.org/species/6376216,Clematis montana Buch.-Ham. ex DC.,Plantae,SPECIES
152546347,https://www.gbif.org/species/6374790,Clematis integrifolia L.,Plantae,SPECIES
152546348,https://www.gbif.org/species/3921611,Clematis flammula L.,Plantae,SPECIES
152546349,https://www.gbif.org/species/3033543,Clematis recta L.,Plantae,SPECIES
152546350,https://www.gbif.org/species/3033584,Clematis ×jackmanii T.Moore,Plantae,SPECIES
152546351,https://www.gbif.org/species/3033518,Clematis viticella L.,Plantae,SPECIES
152546352,https://www.gbif.org/species/3033535,Clematis tangutica (Maxim.) Korsh.,Plantae,SPECIES
152546354,https://www.gbif.org/species/3033227,Eranthis hyemalis (L.) Salisb.,Plantae,SPECIES
152546356,https://www.gbif.org/species/7277286,Thalictrum speciosissimum L.,Plantae,SPECIES
152546360,https://www.gbif.org/species/6374953,Helleborus orientalis Lam.,Plantae,SPECIES
152546361,https://www.gbif.org/species/3033107,Helleborus niger L.,Plantae,SPECIES
152546363,https://www.gbif.org/species/3033757,Delphinium elatum L.,Plantae,SPECIES
152546366,https://www.gbif.org/species/7695021,Epimedium alpinum L.,Plantae,SPECIES
152546367,https://www.gbif.org/species/8044946,Epimedium pinnatum DC.,Plantae,SPECIES
152546369,https://www.gbif.org/species/4938160,Berberis gagnepainii C.K.Schneid.,Plantae,SPECIES
152546370,https://www.gbif.org/species/4938153,Berberis ×hybridogagnepainii Suringar,Plantae,SPECIES
152546371,https://www.gbif.org/species/3981814,Berberis wilsoniae Hemsl.,Plantae,SPECIES
152546372,https://www.gbif.org/species/3981543,Berberis julianae C.K.Schneid.,Plantae,SPECIES
152546373,https://www.gbif.org/species/3981817,Berberis ×interposita Ahrendt,Plantae,SPECIES
152546374,https://www.gbif.org/species/3033896,Berberis thunbergii DC.,Plantae,SPECIES
152546376,https://www.gbif.org/species/3033905,Berberis darwinii Hook.,Plantae,SPECIES
152546377,https://www.gbif.org/species/3033898,Berberis ×ottawensis C.K.Schneid.,Plantae,SPECIES
152546380,https://www.gbif.org/species/5686494,Decaisnea insignis (Griff.) Hook.fil. & Thomson,Plantae,SPECIES
152546382,https://www.gbif.org/species/3033965,Akebia quinata (Houtt.) Decne.,Plantae,SPECIES
152546387,https://www.gbif.org/species/7315023,Roemeria hybrida (L.) DC.,Plantae,SPECIES
152546389,https://www.gbif.org/species/5530881,Corydalis cava (L.) Schweigg. & Körte,Plantae,SPECIES
152546390,https://www.gbif.org/species/5530829,Corydalis cheilanthifolia Hemsl.,Plantae,SPECIES
152546392,https://www.gbif.org/species/5334194,Macleaya cordata (Willd.) R.Br.,Plantae,SPECIES
152546394,https://www.gbif.org/species/7315030,Glaucium grandiflorum Boiss. & A.Huet,Plantae,SPECIES
152546395,https://www.gbif.org/species/5334188,Glaucium corniculatum (L.) Rudolph,Plantae,SPECIES
152546397,https://www.gbif.org/species/2888485,Argemone mexicana L.,Plantae,SPECIES
152546399,https://www.gbif.org/species/8144599,Papaver nudicaule L.,Plantae,SPECIES
152546400,https://www.gbif.org/species/8342911,Papaver setiferum Goldblatt,Plantae,SPECIES
152546401,https://www.gbif.org/species/7315072,Papaver atlanticum (Ball) Coss.,Plantae,SPECIES
152546402,https://www.gbif.org/species/3602069,Papaver somniferum subsp. somniferum,Plantae,SUBSPECIES
152546405,https://www.gbif.org/species/2888553,Dicentra formosa (Andrews) Walp.,Plantae,SPECIES
152546407,https://www.gbif.org/species/7315063,Pseudofumaria alba (Mill.) Lidén,Plantae,SPECIES
152546408,https://www.gbif.org/species/2888513,Pseudofumaria lutea (L.) Borkh.,Plantae,SPECIES
152546410,https://www.gbif.org/species/2888559,Hypecoum pendulum L.,Plantae,SPECIES
152546412,https://www.gbif.org/species/2888380,Eschscholzia californica Cham.,Plantae,SPECIES
152546416,https://www.gbif.org/species/7628663,Viola cornuta L.,Plantae,SPECIES
7901652,https://www.gbif.org/species/7901652,Viola ×wittrockiana Gams ex Kappert,Plantae,SPECIES
152546420,https://www.gbif.org/species/5646136,Elatine alsinastrum L.,Plantae,SPECIES
152546423,https://www.gbif.org/species/8021567,Hypericum olympicum L.,Plantae,SPECIES
152546424,https://www.gbif.org/species/3711846,Hypericum ×hidcoteense Geerinck,Plantae,SPECIES
152546425,https://www.gbif.org/species/3711564,Hypericum ×inodorum Mill.,Plantae,SPECIES
152546426,https://www.gbif.org/species/3189497,Hypericum calycinum L.,Plantae,SPECIES
152546429,https://www.gbif.org/species/5380041,Ricinus communis L.,Plantae,SPECIES
152546431,https://www.gbif.org/species/3056259,Acalypha indica L.,Plantae,SPECIES
152546433,https://www.gbif.org/species/3060710,Manihot grahamii Hook.,Plantae,SPECIES
152546436,https://www.gbif.org/species/3064056,Euphorbia palustris L.,Plantae,SPECIES
152546437,https://www.gbif.org/species/3064669,Euphorbia myrsinites L.,Plantae,SPECIES
152546438,https://www.gbif.org/species/3064495,Euphorbia heterophylla L.,Plantae,SPECIES
152546439,https://www.gbif.org/species/3065883,Euphorbia glyptosperma Engelm.,Plantae,SPECIES
152546440,https://www.gbif.org/species/3065244,Euphorbia amygdaloides subsp. robbiae (Turrill) Stace,Plantae,SUBSPECIES
152546441,https://www.gbif.org/species/3066179,Euphorbia seguieriana Neck.,Plantae,SPECIES
152546442,https://www.gbif.org/species/3066112,Euphorbia epithymoides L.,Plantae,SPECIES
152546443,https://www.gbif.org/species/3066482,Euphorbia peplis L.,Plantae,SPECIES
152546444,https://www.gbif.org/species/3066965,Euphorbia lathyris L.,Plantae,SPECIES
152546445,https://www.gbif.org/species/3066993,Euphorbia dentata Michx.,Plantae,SPECIES
152546446,https://www.gbif.org/species/3067054,Euphorbia humifusa Willd.,Plantae,SPECIES
152546447,https://www.gbif.org/species/3067119,Euphorbia maculata L.,Plantae,SPECIES
152546448,https://www.gbif.org/species/3067353,Euphorbia characias L.,Plantae,SPECIES
152546449,https://www.gbif.org/species/3067869,Euphorbia chamaesyce L.,Plantae,SPECIES
152546450,https://www.gbif.org/species/3067891,Euphorbia prostrata Aiton,Plantae,SPECIES
152546451,https://www.gbif.org/species/3068528,Euphorbia ×pseudoesula Schur,Plantae,SPECIES
152546452,https://www.gbif.org/species/3069300,Euphorbia vermiculata Raf.,Plantae,SPECIES
152546453,https://www.gbif.org/species/3069460,Euphorbia oblongata Griseb.,Plantae,SPECIES
152546454,https://www.gbif.org/species/3070346,Euphorbia nutans Lag.,Plantae,SPECIES
152546457,https://www.gbif.org/species/5381097,Phyllanthus tenellus Roxb.,Plantae,SPECIES
152546459,https://www.gbif.org/species/3079631,Andrachne telephioides L.,Plantae,SPECIES
152546462,https://www.gbif.org/species/9153437,Salix daphnoides Vill.,Plantae,SPECIES
152546463,https://www.gbif.org/species/7645931,Salix acutifolia Willd.,Plantae,SPECIES
152546464,https://www.gbif.org/species/5582033,Salix udensis (Wimm.) Trautv. & C.A.Mey.,Plantae,SPECIES
152546465,https://www.gbif.org/species/5372827,Salix irrorata Andersson,Plantae,SPECIES
152546466,https://www.gbif.org/species/5372854,Salix nigra Marshall,Plantae,SPECIES
152546467,https://www.gbif.org/species/5372875,Salix myrsinifolia Salisb.,Plantae,SPECIES
152546468,https://www.gbif.org/species/5372614,Salix eriocephala Michx.,Plantae,SPECIES
152546469,https://www.gbif.org/species/5372647,Salix pentandra L.,Plantae,SPECIES
152546471,https://www.gbif.org/species/8190077,Populus ×canadensis Moench,Plantae,SPECIES
152546472,https://www.gbif.org/species/3040184,Populus balsamifera L.,Plantae,SPECIES
152546473,https://www.gbif.org/species/3040185,Populus ×canescens (Aiton) Sm.,Plantae,SPECIES
152546474,https://www.gbif.org/species/3040232,Populus deltoides W.Bartram ex Marshall,Plantae,SPECIES
152546475,https://www.gbif.org/species/3040233,Populus alba L.,Plantae,SPECIES
152546478,https://www.gbif.org/species/7293222,Linum austriacum subsp. austriacum,Plantae,SUBSPECIES
152546479,https://www.gbif.org/species/2873926,Linum grandiflorum Desf.,Plantae,SPECIES
152546480,https://www.gbif.org/species/2873861,Linum usitatissimum L.,Plantae,SPECIES
152546483,https://www.gbif.org/species/2874190,Passiflora edulis Sims,Plantae,SPECIES
152546484,https://www.gbif.org/species/2874199,Passiflora caerulea L.,Plantae,SPECIES
152546489,https://www.gbif.org/species/2653321,Ephedra distachya L.,Plantae,SPECIES
152546494,https://www.gbif.org/species/5281901,Campylopus introflexus (Hedw.) Brid.,Plantae,SPECIES
152546498,https://www.gbif.org/species/2677047,Orthodontium lineare Schwägr.,Plantae,SPECIES
152546503,https://www.gbif.org/species/5284950,Picea omorika (Pancic) Purk.,Plantae,SPECIES
152546504,https://www.gbif.org/species/5284884,Picea abies (L.) H.Karst.,Plantae,SPECIES
152546505,https://www.gbif.org/species/5284827,Picea sitchensis (Bong.) Carrière,Plantae,SPECIES
152546507,https://www.gbif.org/species/5825913,Pinus nigra subsp. laricio (Poir.) Maire,Plantae,SUBSPECIES
152546508,https://www.gbif.org/species/7230699,Pinus nigra subsp. nigra,Plantae,SUBSPECIES
152546509,https://www.gbif.org/species/5285565,Pinus pinaster Aiton,Plantae,SPECIES
152546510,https://www.gbif.org/species/5285637,Pinus sylvestris L.,Plantae,SPECIES
152546511,https://www.gbif.org/species/5285074,Pinus wallichiana A.B.Jacks.,Plantae,SPECIES
152546512,https://www.gbif.org/species/5285053,Pinus ponderosa Douglas ex C.Lawson,Plantae,SPECIES
152546513,https://www.gbif.org/species/5284982,Pinus strobus L.,Plantae,SPECIES
152546515,https://www.gbif.org/species/2685552,Abies nordmanniana (Steven) Spach,Plantae,SPECIES
152546516,https://www.gbif.org/species/2685484,Abies alba Mill.,Plantae,SPECIES
152546517,https://www.gbif.org/species/2685361,Abies grandis (Douglas ex D.Don) Lindl.,Plantae,SPECIES
152546519,https://www.gbif.org/species/2685796,Pseudotsuga menziesii (Mirb.) Franco,Plantae,SPECIES
152546521,https://www.gbif.org/species/2686157,Larix kaempferi (Lamb.) Carrière,Plantae,SPECIES
152546522,https://www.gbif.org/species/2686212,Larix decidua Mill.,Plantae,SPECIES
152546524,https://www.gbif.org/species/2687182,Tsuga canadensis (L.) Carrière,Plantae,SPECIES
152546525,https://www.gbif.org/species/2687210,Tsuga heterophylla (Raf.) Sarg.,Plantae,SPECIES
152546528,https://www.gbif.org/species/2684984,Araucaria araucana (Molina) K.Koch,Plantae,SPECIES
152546531,https://www.gbif.org/species/5284237,Cryptomeria japonica (Thunb. ex L.f.) D.Don,Plantae,SPECIES
152546533,https://www.gbif.org/species/2684178,Thuja occidentalis L.,Plantae,SPECIES
152546534,https://www.gbif.org/species/2684171,Thuja plicata Donn ex D.Don,Plantae,SPECIES
152546536,https://www.gbif.org/species/2683894,Xanthocyparis nootkatensis (D.Don) Farjon & Harder,Plantae,SPECIES
152546538,https://www.gbif.org/species/2684191,Taxodium distichum (L.) Rich.,Plantae,SPECIES
152546540,https://www.gbif.org/species/2683866,Chamaecyparis lawsoniana (A.Murray bis) Parl.,Plantae,SPECIES
152546545,https://www.gbif.org/species/2688189,Selaginella kraussiana (Kunze) A.Braun,Plantae,SPECIES
152546553,https://www.gbif.org/species/5303040,Thalia dealbata Fraser,Plantae,SPECIES
152546557,https://www.gbif.org/species/5328593,Aponogeton distachyos L.f.,Plantae,SPECIES
152546560,https://www.gbif.org/species/5328909,Sagittaria latifolia Willd.,Plantae,SPECIES
152546567,https://www.gbif.org/species/2865565,Lagarosiphon major (Ridl.) Moss,Plantae,SPECIES
152546569,https://www.gbif.org/species/2865526,Vallisneria spiralis L.,Plantae,SPECIES
152546570,https://www.gbif.org/species/2865501,Vallisneria americana Michx.,Plantae,SPECIES
152546572,https://www.gbif.org/species/5329212,Elodea nuttallii (Planch.) H.St.John,Plantae,SPECIES
152546573,https://www.gbif.org/species/2865448,Elodea canadensis Michx.,Plantae,SPECIES
152546576,https://www.gbif.org/species/5330661,Arum italicum Mill.,Plantae,SPECIES
152546578,https://www.gbif.org/species/5330085,Wolffia columbiana H.Karst.,Plantae,SPECIES
152546580,https://www.gbif.org/species/2869311,Lysichiton americanus Hultén & H.St.John,Plantae,SPECIES
152546582,https://www.gbif.org/species/2868827,Zantedeschia aethiopica (L.) Spreng.,Plantae,SPECIES
152546583,https://www.gbif.org/species/2868796,Zantedeschia albomaculata (Hook.) Baill.,Plantae,SPECIES
152546585,https://www.gbif.org/species/2867631,Lemna turionifera Landolt,Plantae,SPECIES
152546586,https://www.gbif.org/species/2867614,Lemna minuta Kunth,Plantae,SPECIES
152546588,https://www.gbif.org/species/2870583,Pistia stratiotes L.,Plantae,SPECIES
152546592,https://www.gbif.org/species/2873769,Acorus calamus L.,Plantae,SPECIES
152546596,https://www.gbif.org/species/6109699,Phoenix dactylifera L.,Plantae,SPECIES
152546598,https://www.gbif.org/species/2739071,Trachycarpus fortunei (Hook.) H.Wendl.,Plantae,SPECIES
152546602,https://www.gbif.org/species/5295044,Smilax aspera L.,Plantae,SPECIES
152546603,https://www.gbif.org/species/5295375,Smilax rotundifolia L.,Plantae,SPECIES
152546606,https://www.gbif.org/species/2742119,Veratrum album L.,Plantae,SPECIES
152546609,https://www.gbif.org/species/5299675,Tulipa gesneriana L.,Plantae,SPECIES
152546610,https://www.gbif.org/species/5299536,Tulipa sylvestris L.,Plantae,SPECIES
152546612,https://www.gbif.org/species/5300102,Gagea pratensis (Pers.) Dumort.,Plantae,SPECIES
152546614,https://www.gbif.org/species/2752849,Erythronium dens-canis L.,Plantae,SPECIES
8418777,https://www.gbif.org/species/8418777,Lilium ×hollandicum Woodcock & Stearn,Plantae,SPECIES
152546617,https://www.gbif.org/species/2753146,Lilium martagon L.,Plantae,SPECIES
2771094,https://www.gbif.org/species/2771094,Hosta,Plantae,GENUS
152546622,https://www.gbif.org/species/5305162,Kniphofia ×praecox Baker,Plantae,SPECIES
152546624,https://www.gbif.org/species/2778358,Asphodelus tenuifolius Cav.,Plantae,SPECIES
152546626,https://www.gbif.org/species/2781074,Hemerocallis fulva (L.) L.,Plantae,SPECIES
152546627,https://www.gbif.org/species/2781103,Hemerocallis lilioasphodelus L.,Plantae,SPECIES
152546630,https://www.gbif.org/species/5324959,Himantoglossum robertianum (Loisel.) P.Delforge,Plantae,SPECIES
152546632,https://www.gbif.org/species/5314814,Serapias lingua L.,Plantae,SPECIES
152546634,https://www.gbif.org/species/2784401,Traunsteinera globosa (L.) Rchb.,Plantae,SPECIES
152546636,https://www.gbif.org/species/2840931,Goodyera repens (L.) R.Br.,Plantae,SPECIES
152546639,https://www.gbif.org/species/9177060,Allium scorodoprasum L.,Plantae,SPECIES
152546641,https://www.gbif.org/species/2855705,Allium lusitanicum Lam.,Plantae,SPECIES
152546642,https://www.gbif.org/species/2856456,Allium pendulinum Ten.,Plantae,SPECIES
152546643,https://www.gbif.org/species/2855968,Allium carinatum L.,Plantae,SPECIES
152546644,https://www.gbif.org/species/2856504,Allium fistulosum L.,Plantae,SPECIES
152546645,https://www.gbif.org/species/2856457,Allium triquetrum L.,Plantae,SPECIES
152546646,https://www.gbif.org/species/2855825,Allium moly L.,Plantae,SPECIES
152546647,https://www.gbif.org/species/2855823,Allium nigrum L.,Plantae,SPECIES
152546648,https://www.gbif.org/species/2855893,Allium roseum L.,Plantae,SPECIES
152546649,https://www.gbif.org/species/2855860,Allium schoenoprasum L.,Plantae,SPECIES
152546650,https://www.gbif.org/species/2857679,Allium macleanii Baker,Plantae,SPECIES
152546651,https://www.gbif.org/species/2857697,Allium cepa L.,Plantae,SPECIES
152546652,https://www.gbif.org/species/2856920,Allium hollandicum R.M.Fritsch,Plantae,SPECIES
152546653,https://www.gbif.org/species/2857449,Allium ramosum L.,Plantae,SPECIES
152546655,https://www.gbif.org/species/2855439,Galanthus woronowii Losinsk.,Plantae,SPECIES
152546656,https://www.gbif.org/species/2855374,Galanthus ikariae Baker,Plantae,SPECIES
152546657,https://www.gbif.org/species/2855356,Galanthus nivalis L.,Plantae,SPECIES
152546659,https://www.gbif.org/species/4013762,Narcissus ×cyclazetta Chater & Stace,Plantae,SPECIES
152546660,https://www.gbif.org/species/2858581,Narcissus poeticus L.,Plantae,SPECIES
152546663,https://www.gbif.org/species/5296015,Sisyrinchium angustifolium Mill.,Plantae,SPECIES
152546664,https://www.gbif.org/species/5296178,Sisyrinchium montanum Greene,Plantae,SPECIES
152546665,https://www.gbif.org/species/5296218,Sisyrinchium californicum (Ker Gawl.) Dryand.,Plantae,SPECIES
152546666,https://www.gbif.org/species/5296432,Sisyrinchium striatum Sm.,Plantae,SPECIES
152546668,https://www.gbif.org/species/5298126,Iris sibirica L.,Plantae,SPECIES
152546669,https://www.gbif.org/species/5298069,Iris ×germanica L.,Plantae,SPECIES
152546670,https://www.gbif.org/species/5298765,Iris foetidissima L.,Plantae,SPECIES
152546671,https://www.gbif.org/species/5298675,Iris pumila L.,Plantae,SPECIES
152546672,https://www.gbif.org/species/5298908,Iris graminea L.,Plantae,SPECIES
152546674,https://www.gbif.org/species/2747564,Crocus tommasinianus Herb.,Plantae,SPECIES
152546675,https://www.gbif.org/species/2747489,Crocus chrysanthus (Herb.) Herb.,Plantae,SPECIES
152546676,https://www.gbif.org/species/2747567,Crocus vernus (L.) Hill,Plantae,SPECIES
152546678,https://www.gbif.org/species/2747939,Crocosmia ×crocosmiiflora (Lemoine) N.E.Br.,Plantae,SPECIES
3586046,https://www.gbif.org/species/3586046,Gladiolus ×hortulanus L.H.Bailey,Plantae,SPECIES
152546681,https://www.gbif.org/species/2749791,Gladiolus italicus Mill.,Plantae,SPECIES
152546684,https://www.gbif.org/species/7881150,Polygonatum ×hybridum Brügger,Plantae,SPECIES
152546686,https://www.gbif.org/species/5303891,Danae racemosa (L.) Moench,Plantae,SPECIES
152546688,https://www.gbif.org/species/5304294,Hyacinthoides ×massartiana Geerinck,Plantae,SPECIES
152546689,https://www.gbif.org/species/5304257,Hyacinthoides hispanica (Mill.) Rothm.,Plantae,SPECIES
152546691,https://www.gbif.org/species/2775530,Yucca flaccida Haw.,Plantae,SPECIES
152546692,https://www.gbif.org/species/2775619,Yucca gloriosa L.,Plantae,SPECIES
152546695,https://www.gbif.org/species/2767229,Scilla sardensis (Whittall ex Barr & Sugden) Speta,Plantae,SPECIES
152546696,https://www.gbif.org/species/2767271,Scilla luciliae (Boiss.) Speta,Plantae,SPECIES
152546698,https://www.gbif.org/species/2767031,Agave americana L.,Plantae,SPECIES
152546700,https://www.gbif.org/species/2769493,Maianthemum stellatum (L.) Link,Plantae,SPECIES
152546701,https://www.gbif.org/species/2769435,Maianthemum dilatatum (Alph.Wood) A.Nelson & J.F.Macbr.,Plantae,SPECIES
152546703,https://www.gbif.org/species/2769073,Camassia leichtlinii subsp. suksdorfii (Greenm.) Gould,Plantae,SUBSPECIES
152546705,https://www.gbif.org/species/2769766,Ruscus aculeatus L.,Plantae,SPECIES
2772174,https://www.gbif.org/species/2772174,Muscari armeniacum Leichtlin ex Baker,Plantae,SPECIES
152546708,https://www.gbif.org/species/2772082,Muscari latifolium J.Kirk,Plantae,SPECIES
152546710,https://www.gbif.org/species/2772958,Ornithogalum narbonense L.,Plantae,SPECIES
152546711,https://www.gbif.org/species/2773281,Ornithogalum nutans L.,Plantae,SPECIES
152546712,https://www.gbif.org/species/2773453,Ornithogalum divergens Boreau,Plantae,SPECIES
152546713,https://www.gbif.org/species/2772885,Ornithogalum pyramidale L.,Plantae,SPECIES
152546715,https://www.gbif.org/species/2772666,Hyacinthus orientalis L.,Plantae,SPECIES
152546721,https://www.gbif.org/species/2764179,Commelina communis L.,Plantae,SPECIES
152546723,https://www.gbif.org/species/2764202,Commelina diffusa Burm.f.,Plantae,SPECIES
152546724,https://www.gbif.org/species/2764337,Commelina obliqua Vahl,Plantae,SPECIES
152546726,https://www.gbif.org/species/2765156,Tradescantia fluminensis Vell.,Plantae,SPECIES
152546727,https://www.gbif.org/species/2765272,Tradescantia virginiana L.,Plantae,SPECIES
152546732,https://www.gbif.org/species/2766030,Pontederia cordata L.,Plantae,SPECIES
152546736,https://www.gbif.org/species/5289503,Typha laxmannii Lepech.,Plantae,SPECIES
152546737,https://www.gbif.org/species/5289490,Typha ×provincialis A.Camus,Plantae,SPECIES
152546738,https://www.gbif.org/species/5289492,Typha minima Funck,Plantae,SPECIES
152546741,https://www.gbif.org/species/7961815,Schoenoplectiella bucharica (Roshev.) Hayas.,Plantae,SPECIES
152546743,https://www.gbif.org/species/7421129,Cyperus longus subsp. badius (Desf.) Bonnier & Layens,Plantae,SUBSPECIES
152546744,https://www.gbif.org/species/7070211,Cyperus longus subsp. longus,Plantae,SUBSPECIES
152546745,https://www.gbif.org/species/2714796,Cyperus difformis L.,Plantae,SPECIES
152546746,https://www.gbif.org/species/2714722,Cyperus reflexus Vahl,Plantae,SPECIES
152546747,https://www.gbif.org/species/2714656,Cyperus congestus Vahl,Plantae,SPECIES
152546748,https://www.gbif.org/species/2714453,Cyperus cyperoides (L.) Kuntze,Plantae,SPECIES
152546749,https://www.gbif.org/species/2714301,Cyperus conglomeratus Rottb.,Plantae,SPECIES
152546750,https://www.gbif.org/species/2714233,Cyperus imbricatus Retz.,Plantae,SPECIES
152546751,https://www.gbif.org/species/2713662,Cyperus aggregatus (Willd.) Endl.,Plantae,SPECIES
152546752,https://www.gbif.org/species/2713519,Cyperus rigens J.Presl & C.Presl,Plantae,SPECIES
152546753,https://www.gbif.org/species/2716420,Cyperus virens Michx.,Plantae,SPECIES
152546754,https://www.gbif.org/species/2715482,Cyperus eragrostis Lam.,Plantae,SPECIES
152546755,https://www.gbif.org/species/2716226,Cyperus esculentus L.,Plantae,SPECIES
152546756,https://www.gbif.org/species/2714818,Cyperus rotundus L.,Plantae,SPECIES
152546757,https://www.gbif.org/species/2715206,Cyperus exaltatus Retz.,Plantae,SPECIES
152546759,https://www.gbif.org/species/2708808,Fimbristylis dichotoma (L.) Vahl,Plantae,SPECIES
7795128,https://www.gbif.org/species/7795128,Carex crus-corvi Shuttlew.,Plantae,SPECIES
152546762,https://www.gbif.org/species/7227181,Carex muricata subsp. muricata,Plantae,SUBSPECIES
152546763,https://www.gbif.org/species/2726360,Carex grayi J.Carey,Plantae,SPECIES
152546764,https://www.gbif.org/species/2726538,Carex muskingumensis Schwein.,Plantae,SPECIES
152546765,https://www.gbif.org/species/2726539,Carex scoparia Schkuhr ex Willd.,Plantae,SPECIES
152546766,https://www.gbif.org/species/2727875,Carex secalina Willd. ex Wahlenb.,Plantae,SPECIES
152546767,https://www.gbif.org/species/2728060,Carex vulpinoidea Michx.,Plantae,SPECIES
152546768,https://www.gbif.org/species/2722973,Carex loliacea L.,Plantae,SPECIES
152546769,https://www.gbif.org/species/2723271,Carex melanostachya M.Bieb. ex Willd.,Plantae,SPECIES
152546770,https://www.gbif.org/species/2722380,Carex crawfordii Fernald,Plantae,SPECIES
152546771,https://www.gbif.org/species/2722515,Carex morrowii Boott,Plantae,SPECIES
152546773,https://www.gbif.org/species/2718387,Bolboschoenus glaucus (Lam.) S.G.Sm.,Plantae,SPECIES
152546774,https://www.gbif.org/species/2718302,Bolboschoenus yagara (Ohwi) Y.C.Yang & M.Zhan,Plantae,SPECIES
152546776,https://www.gbif.org/species/2716838,Eleocharis engelmannii Steud.,Plantae,SPECIES
152546777,https://www.gbif.org/species/2717467,Eleocharis obtusa (Willd.) Schult.,Plantae,SPECIES
152546780,https://www.gbif.org/species/7549853,Disakisperma dubium (Kunth) P.M.Peterson & N.Snow,Plantae,SPECIES
7810452,https://www.gbif.org/species/7810452,Dasypyrum villosum (L.) P.Candargy,Plantae,SPECIES
152546784,https://www.gbif.org/species/7998563,Diplachne fusca subsp. fusca,Plantae,SUBSPECIES
152546785,https://www.gbif.org/species/8257546,Diplachne fusca subsp. fascicularis (Lam.) P.M.Peterson & N.Snow,Plantae,SUBSPECIES
152546786,https://www.gbif.org/species/8369366,Diplachne fusca subsp. uninervia (J.Presl) P.M.Peterson & N.Snow,Plantae,SUBSPECIES
152546788,https://www.gbif.org/species/8362005,Sasa palmata (Burb.) E.G.Camus,Plantae,SPECIES
152546790,https://www.gbif.org/species/5679692,Enteropogon acicularis (Lindl.) Lazarides,Plantae,SPECIES
152546792,https://www.gbif.org/species/7361239,Triraphis mollis R.Br.,Plantae,SPECIES
152546794,https://www.gbif.org/species/5676003,Fargesia spathacea Franch.,Plantae,SPECIES
152546796,https://www.gbif.org/species/5674888,Schmidtia kalahariensis Stent,Plantae,SPECIES
152546798,https://www.gbif.org/species/5677636,Cynodon convergens F.Muell.,Plantae,SPECIES
152546799,https://www.gbif.org/species/6109637,Cynodon dactylon (L.) Pers.,Plantae,SPECIES
152546801,https://www.gbif.org/species/5674620,Echinaria capitata (L.) Desf.,Plantae,SPECIES
152546803,https://www.gbif.org/species/5289814,Eustachys neglecta (Nash) Nash,Plantae,SPECIES
152546804,https://www.gbif.org/species/5289819,Eustachys retusa (Lag.) Kunth,Plantae,SPECIES
152546806,https://www.gbif.org/species/5289791,Aegilops ventricosa Tausch,Plantae,SPECIES
152546807,https://www.gbif.org/species/5289793,Aegilops triuncialis L.,Plantae,SPECIES
152546808,https://www.gbif.org/species/5289781,Aegilops geniculata Roth,Plantae,SPECIES
152546809,https://www.gbif.org/species/5289783,Aegilops cylindrica Host,Plantae,SPECIES
152546811,https://www.gbif.org/species/5289762,Lamarckia aurea (L.) Moench,Plantae,SPECIES
152546813,https://www.gbif.org/species/5289764,Gastridium ventricosum (Gouan) Schinz & Thell.,Plantae,SPECIES
152546814,https://www.gbif.org/species/5289763,Gastridium phleoides (Nees & Meyen) C.E.Hubb.,Plantae,SPECIES
152546816,https://www.gbif.org/species/5828216,Cenchrus flaccidus (Griseb.) Morrone,Plantae,SPECIES
152546817,https://www.gbif.org/species/5671747,Cenchrus alopecuroides (L.) Thunb.,Plantae,SPECIES
152546818,https://www.gbif.org/species/5289731,Cenchrus longispinus (Hack.) Fernald,Plantae,SPECIES
152546819,https://www.gbif.org/species/5289739,Cenchrus echinatus L.,Plantae,SPECIES
8420312,https://www.gbif.org/species/8420312,Phalaris platensis Henrard ex Heukels,Plantae,SPECIES
152546822,https://www.gbif.org/species/5289752,Phalaris minor Retz.,Plantae,SPECIES
152546823,https://www.gbif.org/species/5289753,Phalaris angusta Nees ex Trin.,Plantae,SPECIES
152546824,https://www.gbif.org/species/5289756,Phalaris arundinacea L.,Plantae,SPECIES
152546825,https://www.gbif.org/species/5289758,Phalaris paradoxa L.,Plantae,SPECIES
152546826,https://www.gbif.org/species/5289745,Phalaris brachystachys Link,Plantae,SPECIES
152546827,https://www.gbif.org/species/5289744,Phalaris canariensis L.,Plantae,SPECIES
152546828,https://www.gbif.org/species/5289751,Phalaris coerulescens Desf.,Plantae,SPECIES
152546829,https://www.gbif.org/species/5289746,Phalaris aquatica L.,Plantae,SPECIES
152546831,https://www.gbif.org/species/7226776,Setaria verticillata var. verticillata,Plantae,VARIETY
152546832,https://www.gbif.org/species/5674218,Setaria dielsii R.A.W.Herrm.,Plantae,SPECIES
152546833,https://www.gbif.org/species/5289686,Setaria verticillata (L.) P.Beauv.,Plantae,SPECIES
152546834,https://www.gbif.org/species/5289684,Setaria viridis (L.) P.Beauv.,Plantae,SPECIES
152546835,https://www.gbif.org/species/5289709,Setaria sphacelata (Schumach.) Stapf & C.E.Hubb. ex Moss,Plantae,SPECIES
152546836,https://www.gbif.org/species/5289698,Setaria italica (L.) P.Beauv.,Plantae,SPECIES
152546837,https://www.gbif.org/species/5289679,Setaria parviflora (Poir.) Kerguélen,Plantae,SPECIES
152546838,https://www.gbif.org/species/5289666,Setaria faberi R.A.W.Herrm.,Plantae,SPECIES
152546840,https://www.gbif.org/species/5290170,Phyllostachys viridiglaucescens (Carrière) Rivière & C.Rivière,Plantae,SPECIES
152546842,https://www.gbif.org/species/5290143,Brachypodium distachyon (L.) P.Beauv.,Plantae,SPECIES
152546843,https://www.gbif.org/species/5290144,Brachypodium phoenicoides (L.) Roem. & Schult.,Plantae,SPECIES
152546845,https://www.gbif.org/species/5674919,Tragus koelerioides Asch.,Plantae,SPECIES
152546846,https://www.gbif.org/species/5290130,Tragus australianus S.T.Blake,Plantae,SPECIES
152546847,https://www.gbif.org/species/5290126,Tragus racemosus (L.) All.,Plantae,SPECIES
152546848,https://www.gbif.org/species/5290129,Tragus berteronianus Schult.,Plantae,SPECIES
152546850,https://www.gbif.org/species/5290069,Parapholis incurva (L.) C.E.Hubb.,Plantae,SPECIES
152546852,https://www.gbif.org/species/5290059,Beckmannia syzigachne (Steud.) Fernald,Plantae,SPECIES
152546854,https://www.gbif.org/species/5290052,Zea mays L.,Plantae,SPECIES
152546856,https://www.gbif.org/species/5679952,Polypogon chilensis (Kunth) Pilg.,Plantae,SPECIES
152546857,https://www.gbif.org/species/5289919,Polypogon viridis (Gouan) Breistr.,Plantae,SPECIES
152546858,https://www.gbif.org/species/5289917,Polypogon monspeliensis (L.) Desf.,Plantae,SPECIES
152546859,https://www.gbif.org/species/5289913,Polypogon maritimus Willd.,Plantae,SPECIES
152546860,https://www.gbif.org/species/5289912,Polypogon fugax Nees ex Steud.,Plantae,SPECIES
152546861,https://www.gbif.org/species/5289911,Polypogon elongatus Kunth,Plantae,SPECIES
152546863,https://www.gbif.org/species/5289906,Rostraria cristata (L.) Tzvelev,Plantae,SPECIES
152546865,https://www.gbif.org/species/5674047,Nassella hyalina (Nees) Barkworth,Plantae,SPECIES
152546866,https://www.gbif.org/species/5674110,Nassella filiculmis (Delile) Barkworth,Plantae,SPECIES
152546867,https://www.gbif.org/species/5289836,Nassella formicarum (Delile) Barkworth,Plantae,SPECIES
152546868,https://www.gbif.org/species/5289833,Nassella tenuissima (Trin.) Barkworth,Plantae,SPECIES
152546869,https://www.gbif.org/species/5289831,Nassella neesiana (Trin. & Rupr.) Barkworth,Plantae,SPECIES
152546871,https://www.gbif.org/species/5678495,Chloris pycnothrix Trin.,Plantae,SPECIES
152546872,https://www.gbif.org/species/5289620,Chloris truncata R.Br.,Plantae,SPECIES
152546873,https://www.gbif.org/species/5289623,Chloris pectinata Benth.,Plantae,SPECIES
152546874,https://www.gbif.org/species/5289631,Chloris divaricata R.Br.,Plantae,SPECIES
152546875,https://www.gbif.org/species/5289624,Chloris virgata Sw.,Plantae,SPECIES
152546876,https://www.gbif.org/species/5289629,Chloris ventricosa R.Br.,Plantae,SPECIES
152546878,https://www.gbif.org/species/5676903,Apera intermedia Hack.,Plantae,SPECIES
152546879,https://www.gbif.org/species/5289643,Apera interrupta (L.) P.Beauv.,Plantae,SPECIES
152546886,https://www.gbif.org/species/5290177,Lagurus ovatus L.,Plantae,SPECIES
152546888,https://www.gbif.org/species/5290242,Gaudinia fragilis (L.) P.Beauv.,Plantae,SPECIES
152546890,https://www.gbif.org/species/5290282,Elymus canadensis L.,Plantae,SPECIES
152546894,https://www.gbif.org/species/4142326,Achnatherum calamagrostis (L.) P.Beauv.,Plantae,SPECIES
152546896,https://www.gbif.org/species/4142153,Desmazeria sicula (Jacq.) Dumort.,Plantae,SPECIES
152546898,https://www.gbif.org/species/4146512,Puccinellia stricta (Hook.f.) C.H.Blom,Plantae,SPECIES
152546900,https://www.gbif.org/species/4152037,Helictotrichon sempervirens (Vill.) Pilg.,Plantae,SPECIES
152546902,https://www.gbif.org/species/4932431,Crithopsis delileana (Schult.) Roshev.,Plantae,SPECIES
152546904,https://www.gbif.org/species/9484350,Lachnagrostis eriantha (Hack.) A.J.Br.,Plantae,SPECIES
152546905,https://www.gbif.org/species/4135892,Lachnagrostis lachnantha (Nees) Rúgolo & A.M.Molina,Plantae,SPECIES
152546906,https://www.gbif.org/species/4136060,Lachnagrostis billardierei (R.Br.) Trin.,Plantae,SPECIES
152546907,https://www.gbif.org/species/4135963,Lachnagrostis filiformis (G.Forst.) Trin.,Plantae,SPECIES
152546909,https://www.gbif.org/species/4136390,Aeluropus littoralis (Gouan) Parl.,Plantae,SPECIES
152546911,https://www.gbif.org/species/4137839,Koeleria glauca (Spreng.) DC.,Plantae,SPECIES
152546913,https://www.gbif.org/species/4138669,Pholiurus pannonicus (Host) Trin.,Plantae,SPECIES
152546917,https://www.gbif.org/species/4127352,Sasaella ramosa (Makino) Makino,Plantae,SPECIES
152546919,https://www.gbif.org/species/4125930,×Agropogon lutosus (Poir.) P.Fourn.,Plantae,SPECIES
152546921,https://www.gbif.org/species/4127831,Stipa pennata L.,Plantae,SPECIES
152546923,https://www.gbif.org/species/4130246,Stipagrostis pungens (Desf.) De Winter,Plantae,SPECIES
152546925,https://www.gbif.org/species/5676646,Digitaria aequiglumis (Hack. & Arechav.) Parodi,Plantae,SPECIES
152546926,https://www.gbif.org/species/5289995,Digitaria violascens Link,Plantae,SPECIES
152546927,https://www.gbif.org/species/5289972,Digitaria sanguinalis (L.) Scop.,Plantae,SPECIES
152546928,https://www.gbif.org/species/5289957,Digitaria brownii (Roem. & Schult.) Hughes,Plantae,SPECIES
152546929,https://www.gbif.org/species/5289929,Digitaria abyssinica (Hochst. ex A.Rich.) Stapf,Plantae,SPECIES
152546930,https://www.gbif.org/species/4131963,Digitaria acuminatissima Stapf,Plantae,SPECIES
152546932,https://www.gbif.org/species/4120602,Semiarundinaria fastuosa (Lat.-Marl. ex Mitford) Makino,Plantae,SPECIES
152546934,https://www.gbif.org/species/7517279,"Rytidosperma tenuius (Steud.) O.E.Erikss., A.Hansen & Sunding",Plantae,SPECIES
152546935,https://www.gbif.org/species/4136338,Rytidosperma gracile (Hook.f.) Connor & Edgar,Plantae,SPECIES
152546936,https://www.gbif.org/species/4121201,Rytidosperma thomsonii (Buchanan) Connor & Edgar,Plantae,SPECIES
152546938,https://www.gbif.org/species/4125110,Harpachne schimperi Hochst. ex A.Rich.,Plantae,SPECIES
152546940,https://www.gbif.org/species/4125808,Thinopyrum elongatum (Host) D.R.Dewey,Plantae,SPECIES
152546942,https://www.gbif.org/species/6710856,Austrostipa scabra subsp. scabra,Plantae,SUBSPECIES
152546943,https://www.gbif.org/species/4104718,Austrostipa verticillata (Nees ex Spreng.) S.W.L.Jacobs & J.Everett,Plantae,SPECIES
152546944,https://www.gbif.org/species/4104890,Austrostipa scabra subsp. falcata (Hughes) S.W.L.Jacobs & J.Everett,Plantae,SUBSPECIES
152546945,https://www.gbif.org/species/4105208,Austrostipa nitida (Summerh. & C.E.Hubb.) S.W.L.Jacobs & J.Everett,Plantae,SPECIES
152546948,https://www.gbif.org/species/4128347,Bromus intermedius Guss.,Plantae,SPECIES
152546949,https://www.gbif.org/species/4131042,Bromus hordeaceus subsp. longipedicellatus Spalton,Plantae,SUBSPECIES
152546950,https://www.gbif.org/species/4122609,Bromus pectinatus Thunb.,Plantae,SPECIES
152546951,https://www.gbif.org/species/2703765,Bromus arenarius Labill.,Plantae,SPECIES
152546952,https://www.gbif.org/species/2703696,Bromus alopecuros Poir.,Plantae,SPECIES
152546953,https://www.gbif.org/species/2703698,Bromus sitchensis Trin.,Plantae,SPECIES
152546954,https://www.gbif.org/species/2703700,Bromus squarrosus L.,Plantae,SPECIES
152546955,https://www.gbif.org/species/2703704,Bromus danthoniae Trin.,Plantae,SPECIES
152546956,https://www.gbif.org/species/2703670,Bromus inermis Leyss.,Plantae,SPECIES
152546957,https://www.gbif.org/species/2703682,Bromus briziformis Fisch. & C.A.Mey.,Plantae,SPECIES
152546958,https://www.gbif.org/species/2703686,Bromus marginatus Nees ex Steud.,Plantae,SPECIES
152546959,https://www.gbif.org/species/2703731,Bromus brevis Steud.,Plantae,SPECIES
152546960,https://www.gbif.org/species/2703733,Bromus lanceolatus Roth,Plantae,SPECIES
152546961,https://www.gbif.org/species/2703740,Bromus rubens L.,Plantae,SPECIES
152546962,https://www.gbif.org/species/2703760,Bromus diandrus Roth,Plantae,SPECIES
152546963,https://www.gbif.org/species/2703711,Bromus lepidus Holmb.,Plantae,SPECIES
152546964,https://www.gbif.org/species/2703720,Bromus scoparius L.,Plantae,SPECIES
152546965,https://www.gbif.org/species/2703721,Bromus madritensis L.,Plantae,SPECIES
152546966,https://www.gbif.org/species/2703723,Bromus catharticus Vahl,Plantae,SPECIES
152546968,https://www.gbif.org/species/4110879,Poa sieberiana Spreng.,Plantae,SPECIES
152546969,https://www.gbif.org/species/2704234,Poa alpina L.,Plantae,SPECIES
152546970,https://www.gbif.org/species/2704194,Poa infirma Kunth,Plantae,SPECIES
152546972,https://www.gbif.org/species/2704394,Cynosurus echinatus L.,Plantae,SPECIES
152546974,https://www.gbif.org/species/2704341,Schismus barbatus (L.) Thell.,Plantae,SPECIES
152546976,https://www.gbif.org/species/2704038,Muhlenbergia mexicana (L.) Trin.,Plantae,SPECIES
152546978,https://www.gbif.org/species/4152153,Enneapogon scaber Lehm.,Plantae,SPECIES
152546979,https://www.gbif.org/species/2703892,Enneapogon desvauxii P.Beauv.,Plantae,SPECIES
152546981,https://www.gbif.org/species/4136695,Bothriochloa macra (Steud.) S.T.Blake,Plantae,SPECIES
152546982,https://www.gbif.org/species/2704112,Bothriochloa decipiens (Hack.) C.E.Hubb.,Plantae,SPECIES
152546983,https://www.gbif.org/species/2704102,Bothriochloa ischaemum (L.) Keng,Plantae,SPECIES
152546988,https://www.gbif.org/species/2702793,Briza minor L.,Plantae,SPECIES
152546989,https://www.gbif.org/species/2702792,Briza maxima L.,Plantae,SPECIES
152546991,https://www.gbif.org/species/4270675,Echinochloa muricata var. muricata,Plantae,VARIETY
152546992,https://www.gbif.org/species/4118773,Echinochloa inundata Michael & Vickery,Plantae,SPECIES
152546993,https://www.gbif.org/species/4118753,Echinochloa jubata Stapf,Plantae,SPECIES
152546994,https://www.gbif.org/species/2702822,Echinochloa frumentacea Link,Plantae,SPECIES
6313089,https://www.gbif.org/species/2702798,Echinochloa crus-galli subsp. utilis (Ohwi & Yabuno) T.Koyama,Plantae,SUBSPECIES
152546997,https://www.gbif.org/species/2702808,Echinochloa crus-galli (L.) P.Beauv.,Plantae,SPECIES
152546999,https://www.gbif.org/species/4134633,Eriochloa australiensis Stapf & Thell.,Plantae,SPECIES
152547000,https://www.gbif.org/species/4134508,Eriochloa crebra S.T.Blake,Plantae,SPECIES
152547001,https://www.gbif.org/species/2702519,Eriochloa pseudoacrotricha (Stapf ex Thell.) J.M.Black,Plantae,SPECIES
152547002,https://www.gbif.org/species/2702527,Eriochloa procera (Retz.) C.E.Hubb.,Plantae,SPECIES
152547003,https://www.gbif.org/species/2702529,Eriochloa villosa (Thunb.) Kunth,Plantae,SPECIES
152547005,https://www.gbif.org/species/2703109,Melica altissima L.,Plantae,SPECIES
2703231,https://www.gbif.org/species/2703231,Zizania latifolia (Griseb.) Stapf,Plantae,SPECIES
152547009,https://www.gbif.org/species/2703240,Dinebra retroflexa (Vahl) Panz.,Plantae,SPECIES
152547011,https://www.gbif.org/species/2705972,Anthoxanthum aristatum Boiss.,Plantae,SPECIES
152547012,https://www.gbif.org/species/2703346,Anthoxanthum nitens (Weber) Y.Schouten & Veldkamp,Plantae,SPECIES
152547014,https://www.gbif.org/species/2702862,Ehrharta longiflora Sm.,Plantae,SPECIES
152547016,https://www.gbif.org/species/2703041,Arundo donax L.,Plantae,SPECIES
152547018,https://www.gbif.org/species/2703077,Chasmanthium latifolium (Michx.) H.O.Yates,Plantae,SPECIES
152547020,https://www.gbif.org/species/2705737,Oplismenus hirtellus (L.) P.Beauv.,Plantae,SPECIES
152547022,https://www.gbif.org/species/2705666,Taeniatherum caput-medusae (L.) Nevski,Plantae,SPECIES
152547026,https://www.gbif.org/species/2705955,Eleusine tristachya (Lam.) Lam.,Plantae,SPECIES
152547027,https://www.gbif.org/species/2705957,Eleusine coracana (L.) Gaertn.,Plantae,SPECIES
152547028,https://www.gbif.org/species/2705953,Eleusine indica (L.) Gaertn.,Plantae,SPECIES
152547030,https://www.gbif.org/species/2705869,Urochloa panicoides P.Beauv.,Plantae,SPECIES
152547032,https://www.gbif.org/species/2705932,Axonopus fissifolius (Raddi) Kuhlm.,Plantae,SPECIES
152547034,https://www.gbif.org/species/2705587,Paspalum paniculatum L.,Plantae,SPECIES
152547035,https://www.gbif.org/species/2705565,Paspalum dilatatum Poir.,Plantae,SPECIES
152547036,https://www.gbif.org/species/2705622,Paspalum distichum L.,Plantae,SPECIES
152547038,https://www.gbif.org/species/2705512,Glyceria canadensis (Michx.) Trin.,Plantae,SPECIES
152547040,https://www.gbif.org/species/8174035,Avena nuda L.,Plantae,SPECIES
152547041,https://www.gbif.org/species/8322034,Avena ×marquandii Druce,Plantae,SPECIES
152547042,https://www.gbif.org/species/7226804,Avena sterilis subsp. sterilis,Plantae,SUBSPECIES
152547043,https://www.gbif.org/species/4154800,Avena brevis Roth,Plantae,SPECIES
152547044,https://www.gbif.org/species/2705295,Avena strigosa Schreb.,Plantae,SPECIES
152547045,https://www.gbif.org/species/2705300,Avena barbata Pott ex Link,Plantae,SPECIES
152547046,https://www.gbif.org/species/2705290,Avena sativa L.,Plantae,SPECIES
152547048,https://www.gbif.org/species/2705181,Sorghum bicolor (L.) Moench,Plantae,SPECIES
152547049,https://www.gbif.org/species/2705185,Sorghum halepense (L.) Pers.,Plantae,SPECIES
152547051,https://www.gbif.org/species/8018483,Eragrostis neomexicana Vasey,Plantae,SPECIES
8192063,https://www.gbif.org/species/8192063,Eragrostis lacunaria F.Muell. ex Benth.,Plantae,SPECIES
152547053,https://www.gbif.org/species/4143386,Eragrostis papposa (Roem. & Schult.) Steud.,Plantae,SPECIES
152547054,https://www.gbif.org/species/4142741,Eragrostis planiculmis Nees,Plantae,SPECIES
152547055,https://www.gbif.org/species/4142399,Eragrostis procumbens Nees,Plantae,SPECIES
152547056,https://www.gbif.org/species/4145354,Eragrostis leptocarpa Benth.,Plantae,SPECIES
152547057,https://www.gbif.org/species/4143912,Eragrostis neesii Trin.,Plantae,SPECIES
152547058,https://www.gbif.org/species/4143852,Eragrostis nigra Nees ex Steud.,Plantae,SPECIES
152547059,https://www.gbif.org/species/4143702,Eragrostis obtusa Munro ex Ficalho & Hiern,Plantae,SPECIES
152547060,https://www.gbif.org/species/4150636,Eragrostis alveiformis Lazarides,Plantae,SPECIES
152547061,https://www.gbif.org/species/4117648,Eragrostis bicolor Nees,Plantae,SPECIES
152547062,https://www.gbif.org/species/4111606,Eragrostis rotifer Rendle,Plantae,SPECIES
152547063,https://www.gbif.org/species/4113766,Eragrostis dielsii Pilg.,Plantae,SPECIES
152547064,https://www.gbif.org/species/2705325,Eragrostis tef (Zuccagni) Trotter,Plantae,SPECIES
152547065,https://www.gbif.org/species/2705339,Eragrostis mexicana (Hornem.) Link,Plantae,SPECIES
152547066,https://www.gbif.org/species/2705341,Eragrostis atrovirens (Desf.) Trin. ex Steud.,Plantae,SPECIES
152547067,https://www.gbif.org/species/2705350,Eragrostis plana Nees,Plantae,SPECIES
152547068,https://www.gbif.org/species/2705362,Eragrostis elongata (Willd.) J.Jacq.,Plantae,SPECIES
152547069,https://www.gbif.org/species/2705452,Eragrostis bahiensis Schult.,Plantae,SPECIES
152547070,https://www.gbif.org/species/2705449,Eragrostis minor Host,Plantae,SPECIES
152547071,https://www.gbif.org/species/2705431,Eragrostis barrelieri Daveau,Plantae,SPECIES
152547072,https://www.gbif.org/species/2705393,Eragrostis parviflora (R.Br.) Trin.,Plantae,SPECIES
152547073,https://www.gbif.org/species/2705378,Eragrostis curvula (Schrad.) Nees,Plantae,SPECIES
152547074,https://www.gbif.org/species/2705373,Eragrostis ciliaris (L.) R.Br.,Plantae,SPECIES
152547076,https://www.gbif.org/species/2705422,Eragrostis leptostachya (R.Br.) Steud.,Plantae,SPECIES
152547077,https://www.gbif.org/species/2705420,Eragrostis pectinacea (Michx.) Nees,Plantae,SPECIES
152547078,https://www.gbif.org/species/2705401,Eragrostis multicaulis Steud.,Plantae,SPECIES
152547079,https://www.gbif.org/species/2705400,Eragrostis pilosa (L.) P.Beauv.,Plantae,SPECIES
152547081,https://www.gbif.org/species/9393876,Sporobolus ×townsendii (H.Groves & J.Groves) P.M.Peterson & Saarela,Plantae,SPECIES
152547082,https://www.gbif.org/species/8047362,Sporobolus creber De Nardi,Plantae,SPECIES
152547083,https://www.gbif.org/species/4152259,Sporobolus africanus (Poir.) Robyns & Tournay,Plantae,SPECIES
152547084,https://www.gbif.org/species/4151306,Sporobolus caroli Mez,Plantae,SPECIES
152547085,https://www.gbif.org/species/2704778,Sporobolus elongatus R.Br.,Plantae,SPECIES
152547086,https://www.gbif.org/species/2704757,Sporobolus indicus (L.) R.Br.,Plantae,SPECIES
152547088,https://www.gbif.org/species/2704664,Eremopyrum bonaepartis (Spreng.) Nevski,Plantae,SPECIES
152547090,https://www.gbif.org/species/2704523,Cortaderia selloana (Schult. & Schult.f.) Asch. & Graebn.,Plantae,SPECIES
152547092,https://www.gbif.org/species/6449041,Panicum miliaceum subsp. miliaceum,Plantae,SUBSPECIES
152547093,https://www.gbif.org/species/4116709,Panicum laevinode Lindl.,Plantae,SPECIES
152547094,https://www.gbif.org/species/4125308,Panicum schinzii Hack.,Plantae,SPECIES
152547095,https://www.gbif.org/species/4113402,Panicum decompositum R.Br.,Plantae,SPECIES
152547096,https://www.gbif.org/species/2705081,Panicum virgatum L.,Plantae,SPECIES
152547097,https://www.gbif.org/species/2705066,Panicum hirticaule J.Presl,Plantae,SPECIES
152547098,https://www.gbif.org/species/2705092,Panicum coloratum L.,Plantae,SPECIES
152547099,https://www.gbif.org/species/2705090,Panicum miliaceum L.,Plantae,SPECIES
152547100,https://www.gbif.org/species/2705141,Panicum antidotale Retz.,Plantae,SPECIES
152547101,https://www.gbif.org/species/2705144,Panicum dichotomiflorum Michx.,Plantae,SPECIES
152547102,https://www.gbif.org/species/2705162,Panicum capillare L.,Plantae,SPECIES
152547104,https://www.gbif.org/species/4123970,Festuca gautieri (Hack.) K.Richt.,Plantae,SPECIES
152547105,https://www.gbif.org/species/2704966,Festuca valesiaca Schleich. ex Gaudin,Plantae,SPECIES
152547106,https://www.gbif.org/species/2705031,Festuca glauca Vill.,Plantae,SPECIES
2706209,https://www.gbif.org/species/2706209,Pseudosasa japonica (Siebold & Zucc. ex Steud.) Makino,Plantae,SPECIES
152547110,https://www.gbif.org/species/2706195,Milium vernale M.Bieb.,Plantae,SPECIES
152547112,https://www.gbif.org/species/6431764,Aristida longespica Poir.,Plantae,SPECIES
152547113,https://www.gbif.org/species/4126800,Aristida hordeacea Kunth,Plantae,SPECIES
152547114,https://www.gbif.org/species/4128792,Aristida congesta Roem. & Schult.,Plantae,SPECIES
152547115,https://www.gbif.org/species/2706277,Aristida adscensionis L.,Plantae,SPECIES
152547117,https://www.gbif.org/species/4129708,Lolium multiflorum Lam.,Plantae,SPECIES
152547118,https://www.gbif.org/species/4133390,Lolium ×boucheanum Kunth,Plantae,SPECIES
152547119,https://www.gbif.org/species/2706218,Lolium rigidum Gaudin,Plantae,SPECIES
152547120,https://www.gbif.org/species/2706225,Lolium persicum Boiss. & Hohen.,Plantae,SPECIES
152547122,https://www.gbif.org/species/7795888,Triticum aestivum L.,Plantae,SPECIES
152547123,https://www.gbif.org/species/7883427,Triticum monococcum L.,Plantae,SPECIES
152547124,https://www.gbif.org/species/2706403,Triticum aestivum subsp. spelta (L.) Thell.,Plantae,SUBSPECIES
152547125,https://www.gbif.org/species/2706406,Triticum turgidum L.,Plantae,SPECIES
152547128,https://www.gbif.org/species/2706301,Coix lacryma-jobi L.,Plantae,SPECIES
152547131,https://www.gbif.org/species/2706526,Agrostis exarata Trin.,Plantae,SPECIES
152547132,https://www.gbif.org/species/2706501,Agrostis castellana Boiss. & Reut.,Plantae,SPECIES
152547133,https://www.gbif.org/species/2706457,Agrostis nebulosa Boiss. & Reut.,Plantae,SPECIES
152547134,https://www.gbif.org/species/2706444,Agrostis scabra Willd.,Plantae,SPECIES
152547136,https://www.gbif.org/species/4139846,Phleum exaratum Griseb.,Plantae,SPECIES
152547137,https://www.gbif.org/species/4139625,Phleum hirsutum Honck.,Plantae,SPECIES
152547138,https://www.gbif.org/species/4139894,Phleum echinatum Host,Plantae,SPECIES
152547139,https://www.gbif.org/species/2706003,Phleum subulatum (Savi) Asch. & Graebn.,Plantae,SPECIES
152547140,https://www.gbif.org/species/2706002,Phleum paniculatum Huds.,Plantae,SPECIES
152547142,https://www.gbif.org/species/2705966,Secale cereale L.,Plantae,SPECIES
152547144,https://www.gbif.org/species/2706026,Miscanthus sinensis Andersson,Plantae,SPECIES
152547146,https://www.gbif.org/species/8332019,Hordeum distichon L.,Plantae,SPECIES
152547147,https://www.gbif.org/species/4148661,Hordeum flexuosum Nees ex Steud.,Plantae,SPECIES
152547148,https://www.gbif.org/species/4148721,Hordeum euclaston Steud.,Plantae,SPECIES
152547149,https://www.gbif.org/species/4149167,Hordeum comosum J.Presl,Plantae,SPECIES
152547150,https://www.gbif.org/species/2706070,Hordeum pusillum Nutt.,Plantae,SPECIES
152547151,https://www.gbif.org/species/2706052,Hordeum jubatum L.,Plantae,SPECIES
152547152,https://www.gbif.org/species/2706067,Hordeum bulbosum L.,Plantae,SPECIES
152547153,https://www.gbif.org/species/2706056,Hordeum vulgare L.,Plantae,SPECIES
152547155,https://www.gbif.org/species/2706190,Dactyloctenium radulans (R.Br.) P.Beauv.,Plantae,SPECIES
152547156,https://www.gbif.org/species/2706188,Dactyloctenium aegyptium (L.) Willd.,Plantae,SPECIES
152547158,https://www.gbif.org/species/4108297,Oxychloris scariosa (F.Muell.) Lazarides,Plantae,SPECIES
152547160,https://www.gbif.org/species/4107552,Alopecurus magellanicus Lam.,Plantae,SPECIES
152547162,https://www.gbif.org/species/4105652,Amphibromus recurvatus Swallen,Plantae,SPECIES
2701986,https://www.gbif.org/species/2701986,Juncus canadensis J.Gay ex Laharpe,Plantae,SPECIES
152547166,https://www.gbif.org/species/2701618,Juncus imbricatus Laharpe,Plantae,SPECIES
152547167,https://www.gbif.org/species/2701649,Juncus xiphioides E.Mey.,Plantae,SPECIES
152547168,https://www.gbif.org/species/2701578,Juncus foliosus Desf.,Plantae,SPECIES
152547169,https://www.gbif.org/species/2701612,Juncus ensifolius Wikstr.,Plantae,SPECIES
152547170,https://www.gbif.org/species/2700646,Juncus pallescens Lam.,Plantae,SPECIES
152547171,https://www.gbif.org/species/2701304,Juncus radula Buchenau,Plantae,SPECIES
152547172,https://www.gbif.org/species/2701118,Juncus subsecundus N.A.Wakef.,Plantae,SPECIES
152547174,https://www.gbif.org/species/2700768,Luzula nivea (Nathh.) DC.,Plantae,SPECIES
152547179,https://www.gbif.org/species/2687885,Ginkgo biloba L.,Plantae,SPECIES
152547185,https://www.gbif.org/species/2687948,Equisetum scirpoides Michx.,Plantae,SPECIES
152547190,https://www.gbif.org/species/2650180,Botrychium simplex E.Hitchc.,Plantae,SPECIES
152547195,https://www.gbif.org/species/8241853,"Anisocampium niponicum (Mett.) Yea C.Liu, W.L.Chiou & M.Kato",Plantae,SPECIES
152547198,https://www.gbif.org/species/5274964,Polypodium hesperium Maxon,Plantae,SPECIES
152547203,https://www.gbif.org/species/5275398,Pteris vittata L.,Plantae,SPECIES
152547204,https://www.gbif.org/species/5275415,Pteris multifida Poir.,Plantae,SPECIES
152547205,https://www.gbif.org/species/5275404,Pteris cretica L.,Plantae,SPECIES
152547207,https://www.gbif.org/species/2651816,Adiantum capillus-veneris L.,Plantae,SPECIES
152547208,https://www.gbif.org/species/2651843,Adiantum aleuticum (Rupr.) C.A.Paris,Plantae,SPECIES
152547211,https://www.gbif.org/species/2650903,Onoclea sensibilis L.,Plantae,SPECIES
152547214,https://www.gbif.org/species/7157952,Dryopteris erythrosora (D.C.Eaton) Kuntze,Plantae,SPECIES
152547215,https://www.gbif.org/species/7319302,Dryopteris cycadina (Franch. & Sav.) C.Chr.,Plantae,SPECIES
152547217,https://www.gbif.org/species/7158449,Polystichum polyblepharon (Roem. ex Kunze) C.Presl,Plantae,SPECIES
152547218,https://www.gbif.org/species/4046493,Polystichum luctuosum (Kunze) T.Moore,Plantae,SPECIES
152547220,https://www.gbif.org/species/2650944,Rumohra adiantiformis (G.Forst.) Ching,Plantae,SPECIES
152547222,https://www.gbif.org/species/2650829,Cyrtomium falcatum (L.fil.) C.Presl,Plantae,SPECIES
152547223,https://www.gbif.org/species/2650827,Cyrtomium fortunei J.Sm.,Plantae,SPECIES
152547227,https://www.gbif.org/species/5274858,Salvinia natans (L.) All.,Plantae,SPECIES
152547228,https://www.gbif.org/species/5274861,Salvinia auriculata Aubl.,Plantae,SPECIES
152547230,https://www.gbif.org/species/2650107,Azolla filiculoides Lam.,Plantae,SPECIES
154367077,https://www.gbif.org/species/5892120,"Girardia tigrina (Girard, 1850)",Animalia,SPECIES
154367400,https://www.gbif.org/species/5211250,"Micropterus dolomieu Lacepède, 1802",Animalia,SPECIES
154367468,https://www.gbif.org/species/5851603,"Leuciscus aspius (Linnaeus, 1758)",Animalia,SPECIES
154367717,https://www.gbif.org/species/2287073,"Dreissena bugensis (Andrusov, 1897)",Animalia,SPECIES
154367787,https://www.gbif.org/species/8946295,"Pontastacus leptodactylus (Eschscholtz, 1823)",Animalia,SPECIES
154368238,https://www.gbif.org/species/1152186,"Callidiellum rufipennis (Motschulsky, 1861)",Animalia,SPECIES
156872745,https://www.gbif.org/species/9491873,"Dichotomyctere fluviatilis (Hamilton, 1822)",Animalia,SPECIES
2292567,https://www.gbif.org/species/9738098,"Cipangopaludina chinensis (Griffith & Pidgeon, 1865)",Animalia,SPECIES
156872882,https://www.gbif.org/species/9520065,"Ferrissia californica (Rowell, 1863)",Animalia,SPECIES
156872903,https://www.gbif.org/species/8014163,"Ambigolimax valentianus (A.Férussac, 1821)",Animalia,SPECIES
156872991,https://www.gbif.org/species/7820753,"Magallana gigas (Thunberg, 1793)",Animalia,SPECIES
156873354,https://www.gbif.org/species/4467502,"Otiorhynchus indefinitus Reitter, 1912",Animalia,SPECIES
157092273,https://www.gbif.org/species/4568269,"Paralaoma servilis (Shuttleworth, 1852)",Animalia,SPECIES
157092276,https://www.gbif.org/species/4598225,"Tandonia budapestensis (Hazay, 1880)",Animalia,SPECIES
157092288,https://www.gbif.org/species/7520678,"Striosubulina striatella (Rang, 1831)",Animalia,SPECIES
157092291,https://www.gbif.org/species/2294131,"Allopeas clavulinum (Potiez & Michaud, 1838)",Animalia,SPECIES
157092295,https://www.gbif.org/species/4562917,"Cochlicella acuta (O.F.Müller, 1774)",Animalia,SPECIES
157092306,https://www.gbif.org/species/2295309,"Hawaiia minuscula (A.Binney, 1841)",Animalia,SPECIES
157092310,https://www.gbif.org/species/2295425,"Zonitoides arboreus (Say, 1817)",Animalia,SPECIES
159746847,https://www.gbif.org/species/5421557,"Coscinodiscus wailesii Gran & Angst, 1931",Chromista,SPECIES
159746857,https://www.gbif.org/species/5188774,"Barentsia ramosa (Robertson, 1900)",Animalia,SPECIES
7732986,https://www.gbif.org/species/7425750,Stropharia aurantiaca (Cooke) P.D.Orton,Fungi,SPECIES
159746903,https://www.gbif.org/species/2501248,"Mnemiopsis leidyi A.Agassiz, 1865",Animalia,SPECIES
159746912,https://www.gbif.org/species/7461690,"Phragmidium mexicanum (Mains) H.Y.Yun, Minnis & Aime",Fungi,SPECIES
159746940,https://www.gbif.org/species/2495134,"Dromaius novaehollandiae (Latham, 1790)",Animalia,SPECIES
159746945,https://www.gbif.org/species/2495165,"Rhea americana (Linnaeus, 1758)",Animalia,SPECIES
159746950,https://www.gbif.org/species/2495190,"Ocyphaps lophotes (Temminck, 1822)",Animalia,SPECIES
159746953,https://www.gbif.org/species/2495342,"Oena capensis (Linnaeus, 1766)",Animalia,SPECIES
159746956,https://www.gbif.org/species/2495494,"Geopelia cuneata (Latham, 1801)",Animalia,SPECIES
159746959,https://www.gbif.org/species/2495414,"Columba livia J.F.Gmelin, 1789",Animalia,SPECIES
159746963,https://www.gbif.org/species/2495688,"Streptopelia roseogrisea (Sundevall, 1857)",Animalia,SPECIES
159746965,https://www.gbif.org/species/2495699,"Streptopelia lugens (Rüppell, 1837)",Animalia,SPECIES
159746966,https://www.gbif.org/species/2495691,"Streptopelia tranquebarica (Hermann, 1804)",Animalia,SPECIES
159746974,https://www.gbif.org/species/5959118,"Bubo virginianus (J.F.Gmelin, 1788)",Animalia,SPECIES
159746977,https://www.gbif.org/species/2497798,"Ninox connivens (Latham, 1801)",Animalia,SPECIES
159746983,https://www.gbif.org/species/5232465,"Plectropterus gambensis (Linnaeus, 1766)",Animalia,SPECIES
159746987,https://www.gbif.org/species/5232423,"Chloephaga poliocephala P.L.Sclater, 1857",Animalia,SPECIES
159746989,https://www.gbif.org/species/5232422,"Chloephaga melanoptera (Eyton, 1838)",Animalia,SPECIES
159746992,https://www.gbif.org/species/5232432,"Cereopsis novaehollandiae Latham, 1801",Animalia,SPECIES
159746996,https://www.gbif.org/species/5232435,"Malacorhynchus membranaceus (Latham, 1801)",Animalia,SPECIES
159746999,https://www.gbif.org/species/5232445,"Branta sandvicensis (Vigors, 1834)",Animalia,SPECIES
159747001,https://www.gbif.org/species/5232452,"Branta hutchinsii (Richardson, 1832)",Animalia,SPECIES
159747005,https://www.gbif.org/species/9450106,"Anas poecilorhyncha J.R.Forster, 1781",Animalia,SPECIES
159747008,https://www.gbif.org/species/2498084,"Anas superciliosa J.F.Gmelin, 1789",Animalia,SPECIES
159747010,https://www.gbif.org/species/2498090,"Anas bahamensis Linnaeus, 1758",Animalia,SPECIES
159747012,https://www.gbif.org/species/2498094,"Anas capensis J.F.Gmelin, 1789",Animalia,SPECIES
159747013,https://www.gbif.org/species/2498064,"Anas erythrorhyncha J.F.Gmelin, 1789",Animalia,SPECIES
159747014,https://www.gbif.org/species/2498065,"Anas flavirostris Vieillot, 1816",Animalia,SPECIES
159747016,https://www.gbif.org/species/2498108,"Anas luzonica Fraser, 1839",Animalia,SPECIES
159747018,https://www.gbif.org/species/2498109,"Anas laysanensis Rothschild, 1892",Animalia,SPECIES
159747023,https://www.gbif.org/species/2498097,"Anas castanea (Eyton, 1838)",Animalia,SPECIES
159747024,https://www.gbif.org/species/2498104,"Anas gibberifrons S.Müller, 1842",Animalia,SPECIES
159747028,https://www.gbif.org/species/2498156,"Anas undulata C.F.Dubois, 1838",Animalia,SPECIES
2498283,https://www.gbif.org/species/2498283,Cairina moschata (Established Feral),Animalia,SPECIES
159747043,https://www.gbif.org/species/2498288,"Coscoroba coscoroba (Molina, 1782)",Animalia,SPECIES
159747047,https://www.gbif.org/species/2498181,"Netta peposaca (Vieillot, 1816)",Animalia,SPECIES
159747051,https://www.gbif.org/species/2498329,"Bucephala albeola (Linnaeus, 1758)",Animalia,SPECIES
159747054,https://www.gbif.org/species/2498310,"Nettapus coromandelianus (J.F.Gmelin, 1789)",Animalia,SPECIES
159747056,https://www.gbif.org/species/2498313,"Nettapus auritus (Boddaert, 1783)",Animalia,SPECIES
159747060,https://www.gbif.org/species/5232469,"Oxyura vittata (Philippi, 1860)",Animalia,SPECIES
159747065,https://www.gbif.org/species/2498384,"Callonetta leucophrys (Vieillot, 1816)",Animalia,SPECIES
159747067,https://www.gbif.org/species/8050384,"Bonamia ostreae Pichot, Comps, Tigé, Grizel & Rabouin, 1980",Protozoa,SPECIES
159747069,https://www.gbif.org/species/2869597,Sauromatum venosum (Dryand. ex Aiton) Kunth,Plantae,SPECIES
159747070,https://www.gbif.org/species/2498380,"Cyanochen cyanoptera (Rüppell, 1845)",Animalia,SPECIES
159747073,https://www.gbif.org/species/2498345,"Cygnus buccinator Richardson, 1831",Animalia,SPECIES
159747074,https://www.gbif.org/species/2498335,"Cygnus melancoryphus (Molina, 1782)",Animalia,SPECIES
159747077,https://www.gbif.org/species/2498396,"Dendrocygna viduata (Linnaeus, 1766)",Animalia,SPECIES
159747078,https://www.gbif.org/species/2498393,"Dendrocygna autumnalis (Linnaeus, 1758)",Animalia,SPECIES
159747080,https://www.gbif.org/species/2498405,"Dendrocygna eytoni (Eyton, 1838)",Animalia,SPECIES
159747082,https://www.gbif.org/species/2498402,"Dendrocygna bicolor (Vieillot, 1816)",Animalia,SPECIES
159747084,https://www.gbif.org/species/2498398,"Dendrocygna arcuata (Horsfield, 1824)",Animalia,SPECIES
159747092,https://www.gbif.org/species/2498411,"Amazonetta brasiliensis (J.F.Gmelin, 1789)",Animalia,SPECIES
159747094,https://www.gbif.org/species/2498408,"Lophodytes cucullatus (Linnaeus, 1758)",Animalia,SPECIES
159747097,https://www.gbif.org/species/2498011,"Tadorna variegata (J.F.Gmelin, 1789)",Animalia,SPECIES
159747098,https://www.gbif.org/species/2498010,"Tadorna cana (J.F.Gmelin, 1789)",Animalia,SPECIES
159747099,https://www.gbif.org/species/2498007,"Tadorna tadornoides (Jardine & Selby, 1828)",Animalia,SPECIES
159747103,https://www.gbif.org/species/2498001,"Sarkidiornis melanotos (Pennant, 1769)",Animalia,SPECIES
159747106,https://www.gbif.org/species/2498034,"Anser cygnoides (Linnaeus, 1758)",Animalia,SPECIES
159747111,https://www.gbif.org/species/2498054,"Pteronetta hartlaubii (Cassin, 1860)",Animalia,SPECIES
159747114,https://www.gbif.org/species/2498046,"Chenonetta jubata (Latham, 1801)",Animalia,SPECIES
159747121,https://www.gbif.org/species/5788513,"Spizaetus melanoleucus (Vieillot, 1816)",Animalia,SPECIES
159747123,https://www.gbif.org/species/2480514,"Aquila rapax (Temminck, 1828)",Animalia,SPECIES
159747126,https://www.gbif.org/species/2480568,"Buteo auguralis Salvadori, 1865",Animalia,SPECIES
159747128,https://www.gbif.org/species/2480542,"Buteo jamaicensis (Gmelin, 1788)",Animalia,SPECIES
159747130,https://www.gbif.org/species/2480410,"Parabuteo unicinctus (Temminck, 1824)",Animalia,SPECIES
159747133,https://www.gbif.org/species/2480446,"Haliaeetus leucocephalus (Linnaeus, 1766)",Animalia,SPECIES
159747134,https://www.gbif.org/species/2480445,"Haliaeetus pelagicus (Pallas, 1811)",Animalia,SPECIES
159747135,https://www.gbif.org/species/2480454,"Haliaeetus vocifer (Daudin, 1800)",Animalia,SPECIES
159747140,https://www.gbif.org/species/5229136,"Vanellus armatus (Burchell, 1822)",Animalia,SPECIES
159747142,https://www.gbif.org/species/5229142,"Vanellus spinosus (Linnaeus, 1758)",Animalia,SPECIES
159747143,https://www.gbif.org/species/5229134,"Vanellus miles (Boddaert, 1783)",Animalia,SPECIES
159747148,https://www.gbif.org/species/5229128,"Himantopus mexicanus (P.L.S.Müller, 1776)",Animalia,SPECIES
159747153,https://www.gbif.org/species/2480762,"Pluvianus aegyptius (Linnaeus, 1758)",Animalia,SPECIES
159747158,https://www.gbif.org/species/9691034,"Phoenicopterus ruber Linnaeus, 1758",Animalia,SPECIES
159747159,https://www.gbif.org/species/4352332,"Phoenicopterus roseus Pallas, 1811",Animalia,SPECIES
159747160,https://www.gbif.org/species/2481110,"Phoenicopterus chilensis Molina, 1782",Animalia,SPECIES
159747162,https://www.gbif.org/species/2481104,"Phoeniconaias minor (É.Geoffroy Saint-Hilaire, 1798)",Animalia,SPECIES
159747166,https://www.gbif.org/species/2481092,"Phalcoboenus megalopterus (Meyen, 1834)",Animalia,SPECIES
159747168,https://www.gbif.org/species/9685907,"Falco sparverius Linnaeus, 1758",Animalia,SPECIES
159747169,https://www.gbif.org/species/8014966,"Falco biarmicus Temminck, 1825",Animalia,SPECIES
159747170,https://www.gbif.org/species/2481034,"Falco cherrug J.E.Gray, 1834",Animalia,SPECIES
159747172,https://www.gbif.org/species/2856037,Allium ampeloprasum L.,Plantae,SPECIES
159747178,https://www.gbif.org/species/5739357,"Iduna rama (Sykes, 1832)",Animalia,SPECIES
159747181,https://www.gbif.org/species/2859597,Ipheion uniflorum (Graham) Raf.,Plantae,SPECIES
159747184,https://www.gbif.org/species/2494066,"Ploceus jacksoni Shelley, 1888",Animalia,SPECIES
159747185,https://www.gbif.org/species/2494070,"Ploceus melanocephalus (Linnaeus, 1758)",Animalia,SPECIES
159747187,https://www.gbif.org/species/7340811,"Euplectes macroura (Gmelin, 1789)",Animalia,SPECIES
159747189,https://www.gbif.org/species/2494086,"Euplectes franciscanus (Isert, 1789)",Animalia,SPECIES
159747191,https://www.gbif.org/species/2494088,"Euplectes orix (Linnaeus, 1758)",Animalia,SPECIES
159747192,https://www.gbif.org/species/2494097,"Euplectes afer (Gmelin, 1789)",Animalia,SPECIES
159747197,https://www.gbif.org/species/8323485,"Haemorhous mexicanus (P.L.Statius Müller, 1776)",Animalia,SPECIES
159747200,https://www.gbif.org/species/6100996,"Crithagra mozambica (P.L.Statius Müller, 1776)",Animalia,SPECIES
159747203,https://www.gbif.org/species/6101013,"Chloris spinoides (Vigors, 1831)",Animalia,SPECIES
159747206,https://www.gbif.org/species/2494303,"Serinus canaria (Linnaeus, 1758)",Animalia,SPECIES
159747209,https://www.gbif.org/species/2494408,"Mycerobas icterioides (Vigors, 1830)",Animalia,SPECIES
159747211,https://www.gbif.org/species/7690055,"Carpodacus sibiricus (Pallas, 1773)",Animalia,SPECIES
159747213,https://www.gbif.org/species/2494514,"Carpodacus roseus (Pallas, 1776)",Animalia,SPECIES
159747216,https://www.gbif.org/species/2494536,"Pyrrhula erythaca Blyth, 1862",Animalia,SPECIES
159747219,https://www.gbif.org/species/2494787,"Rhodospiza obsoleta (M.H.K.Lichtenstein, 1823)",Animalia,SPECIES
159747223,https://www.gbif.org/species/2484628,"Vidua macroura (Pallas, 1764)",Animalia,SPECIES
159747228,https://www.gbif.org/species/2486131,"Pycnonotus cafer (Linnaeus, 1766)",Animalia,SPECIES
159747229,https://www.gbif.org/species/2486147,"Pycnonotus barbatus (Desfontaines, 1789)",Animalia,SPECIES
159747230,https://www.gbif.org/species/2486132,"Pycnonotus leucotis (Gould, 1836)",Animalia,SPECIES
159747232,https://www.gbif.org/species/2486151,"Pycnonotus jocosus (Linnaeus, 1758)",Animalia,SPECIES
159747235,https://www.gbif.org/species/2484608,"Bombycilla japonica (Siebold, 1824)",Animalia,SPECIES
159747239,https://www.gbif.org/species/2489362,"Zosterops palpebrosus (Temminck, 1824)",Animalia,SPECIES
159747243,https://www.gbif.org/species/5845390,"Gracupica nigricollis (Paykull, 1807)",Animalia,SPECIES
159747246,https://www.gbif.org/species/6091856,"Sturnia sinensis (Gmelin, 1788)",Animalia,SPECIES
159747249,https://www.gbif.org/species/5230734,"Onychognathus tristramii (P.L.Sclater, 1858)",Animalia,SPECIES
159747252,https://www.gbif.org/species/2774846,Chlorophytum comosum (Thunb.) Jacques,Plantae,SPECIES
159747253,https://www.gbif.org/species/2489075,"Lamprotornis superbus Rüppell, 1845",Animalia,SPECIES
159747255,https://www.gbif.org/species/2489080,"Lamprotornis purpureus (Statius Muller, 1776)",Animalia,SPECIES
159747256,https://www.gbif.org/species/2489089,"Lamprotornis splendidus (Vieillot, 1822)",Animalia,SPECIES
159747257,https://www.gbif.org/species/2489071,"Lamprotornis chalybaeus Hemprich & Ehrenberg, 1828",Animalia,SPECIES
159747259,https://www.gbif.org/species/2489073,"Lamprotornis nitens (Linnaeus, 1766)",Animalia,SPECIES
159747261,https://www.gbif.org/species/2489010,"Acridotheres cristatellus (Linnaeus, 1758)",Animalia,SPECIES
159747262,https://www.gbif.org/species/2489004,"Acridotheres ginginianus (Latham, 1790)",Animalia,SPECIES
159747264,https://www.gbif.org/species/2489005,"Acridotheres tristis (Linnaeus, 1766)",Animalia,SPECIES
159747269,https://www.gbif.org/species/2488960,"Oriolus auratus Vieillot, 1817",Animalia,SPECIES
159747275,https://www.gbif.org/species/5231103,"Zonotrichia capensis (P.L.S.Müller, 1776)",Animalia,SPECIES
159747277,https://www.gbif.org/species/2492196,"Melospiza melodia (A.Wilson, 1810)",Animalia,SPECIES
159747281,https://www.gbif.org/species/2492081,"Paroaria coronata (J.F.Miller, 1776)",Animalia,SPECIES
159747285,https://www.gbif.org/species/2490789,"Turdus dissimilis Blyth, 1847",Animalia,SPECIES
159747289,https://www.gbif.org/species/2747750,Crocus ×luteus Lam.,Plantae,SPECIES
159747290,https://www.gbif.org/species/5230862,"Passerina caerulea (Linnaeus, 1758)",Animalia,SPECIES
159747292,https://www.gbif.org/species/2490384,"Cardinalis cardinalis (Linnaeus, 1758)",Animalia,SPECIES
159747296,https://www.gbif.org/species/2489450,"Gymnorhina tibicen (Latham, 1802)",Animalia,SPECIES
159747303,https://www.gbif.org/species/5789082,"Euodice malabarica (Linnaeus, 1758)",Animalia,SPECIES
159747307,https://www.gbif.org/species/2493739,"Neochmia ruficauda (Gould, 1837)",Animalia,SPECIES
159747309,https://www.gbif.org/species/2493697,"Amandava subflava (Vieillot, 1819)",Animalia,SPECIES
159747311,https://www.gbif.org/species/2493698,"Amandava amandava (Linnaeus, 1758)",Animalia,SPECIES
159747313,https://www.gbif.org/species/2493660,"Estrilda astrild (Linnaeus, 1758)",Animalia,SPECIES
159747315,https://www.gbif.org/species/2493633,"Taeniopygia guttata (Vieillot, 1817)",Animalia,SPECIES
159747317,https://www.gbif.org/species/4845776,"Lonchura oryzivora (Linnaeus, 1758)",Animalia,SPECIES
159747318,https://www.gbif.org/species/2493598,"Lonchura punctulata (Linnaeus, 1758)",Animalia,SPECIES
159747321,https://www.gbif.org/species/5231398,"Leiothrix lutea (Scopoli, 1786)",Animalia,SPECIES
159747323,https://www.gbif.org/species/2493447,"Garrulax leucolophus (Hardwicke, 1816)",Animalia,SPECIES
159747326,https://www.gbif.org/species/5844936,"Cyanopica cooki Bonaparte, 1850",Animalia,SPECIES
159747329,https://www.gbif.org/species/6100962,"Urocissa erythroryncha (Boddaert, 1783)",Animalia,SPECIES
159747332,https://www.gbif.org/species/2717402,Eleocharis mamillata subsp. austriaca (Hayek) Strandh.,Plantae,SUBSPECIES
159747333,https://www.gbif.org/species/2482519,"Corvus albus Statius Muller, 1776",Animalia,SPECIES
159747334,https://www.gbif.org/species/2482478,"Corvus albicollis Latham, 1790",Animalia,SPECIES
159747335,https://www.gbif.org/species/2482499,"Corvus splendens Vieillot, 1817",Animalia,SPECIES
159747339,https://www.gbif.org/species/2484103,"Chrysomus icterocephalus (Linnaeus, 1766)",Animalia,SPECIES
159747342,https://www.gbif.org/species/2484155,"Quiscalus quiscula (Linnaeus, 1758)",Animalia,SPECIES
159747343,https://www.gbif.org/species/2484133,"Quiscalus major Vieillot, 1819",Animalia,SPECIES
159747348,https://www.gbif.org/species/2481875,"Phalacrocorax auritus (Lesson, 1831)",Animalia,SPECIES
159747354,https://www.gbif.org/species/5229411,"Anastomus lamelligerus Temminck, 1823",Animalia,SPECIES
159747357,https://www.gbif.org/species/2481936,"Mycteria ibis (Linnaeus, 1766)",Animalia,SPECIES
159747363,https://www.gbif.org/species/5959227,"Ara macao (Linnaeus, 1758)",Animalia,SPECIES
159747364,https://www.gbif.org/species/5959231,"Ara ararauna (Linnaeus, 1758)",Animalia,SPECIES
159747367,https://www.gbif.org/species/5229110,"Cyanoramphus novaezelandiae (Sparrman, 1787)",Animalia,SPECIES
159747368,https://www.gbif.org/species/6559940,Helictochloa bromoides (Gouan) Romero Zarco,Plantae,SPECIES
159747373,https://www.gbif.org/species/5229045,"Psittacula alexandri (Linnaeus, 1758)",Animalia,SPECIES
159747374,https://www.gbif.org/species/5229044,"Psittacula cyanocephala (Linnaeus, 1766)",Animalia,SPECIES
159747376,https://www.gbif.org/species/5229072,"Psittacula derbiana (Fraser, 1852)",Animalia,SPECIES
159747377,https://www.gbif.org/species/5229055,"Psittacula eupatria (Linnaeus, 1766)",Animalia,SPECIES
159747378,https://www.gbif.org/species/2479226,"Psittacula krameri (Scopoli, 1769)",Animalia,SPECIES
159747381,https://www.gbif.org/species/2479407,"Myiopsitta monachus (Boddaert, 1783)",Animalia,SPECIES
159747384,https://www.gbif.org/species/2479329,"Platycercus eximius (Shaw, 1792)",Animalia,SPECIES
159747385,https://www.gbif.org/species/2479320,"Platycercus icterotis (Temminck & Kuhl, 1820)",Animalia,SPECIES
159747387,https://www.gbif.org/species/2479311,"Platycercus elegans (Gmelin, 1788)",Animalia,SPECIES
159747388,https://www.gbif.org/species/2479308,"Platycercus adscitus (Latham, 1790)",Animalia,SPECIES
159747391,https://www.gbif.org/species/2479977,"Nymphicus hollandicus (Kerr, 1792)",Animalia,SPECIES
159747394,https://www.gbif.org/species/2480075,"Eclectus roratus (Statius Muller, 1776)",Animalia,SPECIES
159747397,https://www.gbif.org/species/2479964,"Poicephalus senegalus (Linnaeus, 1766)",Animalia,SPECIES
159747399,https://www.gbif.org/species/2479955,"Poicephalus cryptoxanthus (W.Peters, 1854)",Animalia,SPECIES
159747401,https://www.gbif.org/species/2480181,"Psittacus erithacus Linnaeus, 1758",Animalia,SPECIES
159747404,https://www.gbif.org/species/2480089,"Psephotus haematonotus (Gould, 1838)",Animalia,SPECIES
159747407,https://www.gbif.org/species/2480102,"Nandayus nenday (Vieillot, 1823)",Animalia,SPECIES
159747409,https://www.gbif.org/species/2479498,"Polytelis anthopeplus (Lear, 1831)",Animalia,SPECIES
159747410,https://www.gbif.org/species/2479501,"Polytelis swainsonii (Desmarest, 1826)",Animalia,SPECIES
159747412,https://www.gbif.org/species/2479544,"Agapornis fischeri Reichenow, 1887",Animalia,SPECIES
2479550,https://www.gbif.org/species/2479550,"Agapornis roseicollis (Stanley, 1814)",Animalia,SPECIES
159747415,https://www.gbif.org/species/2479553,"Agapornis personatus Reichenow, 1887",Animalia,SPECIES
159747416,https://www.gbif.org/species/2479555,"Agapornis canus (Gmelin, 1788)",Animalia,SPECIES
159747419,https://www.gbif.org/species/2479798,"Melopsittacus undulatus (Shaw, 1805)",Animalia,SPECIES
159747422,https://www.gbif.org/species/2479851,"Pyrrhura perlata (Spix, 1824)",Animalia,SPECIES
159747425,https://www.gbif.org/species/2479612,"Amazona ochrocephala (Gmelin, 1788)",Animalia,SPECIES
159747426,https://www.gbif.org/species/2479666,"Amazona amazonica (Linnaeus, 1766)",Animalia,SPECIES
159747428,https://www.gbif.org/species/2479686,"Trichoglossus haematodus (Linnaeus, 1771)",Animalia,SPECIES
159747433,https://www.gbif.org/species/2476041,"Bucorvus leadbeateri (Vigors, 1825)",Animalia,SPECIES
159747438,https://www.gbif.org/species/2475212,"Crinifer zonurus (Ruppell, 1835)",Animalia,SPECIES
159747442,https://www.gbif.org/species/2475679,"Ceryle rudis (Linnaeus, 1758)",Animalia,SPECIES
159747445,https://www.gbif.org/species/2475648,"Dacelo novaeguineae (Hermann, 1783)",Animalia,SPECIES
159747449,https://www.gbif.org/species/2475373,"Coracias abyssinicus Hermann, 1783",Animalia,SPECIES
159747453,https://www.gbif.org/species/5229154,"Scopus umbretta Gmelin, 1789",Animalia,SPECIES
159747457,https://www.gbif.org/species/5229205,"Eudocimus albus (Linnaeus, 1758)",Animalia,SPECIES
159747458,https://www.gbif.org/species/5229204,"Eudocimus ruber (Linnaeus, 1758)",Animalia,SPECIES
159747461,https://www.gbif.org/species/5229203,"Bostrychia hagedash (Latham, 1790)",Animalia,SPECIES
159747464,https://www.gbif.org/species/2480770,"Geronticus eremita (Linnaeus, 1758)",Animalia,SPECIES
159747466,https://www.gbif.org/species/2480772,"Plegadis ridgwayi (Allen, 1876)",Animalia,SPECIES
159747468,https://www.gbif.org/species/2480786,"Theristicus melanopis (Gmelin, 1789)",Animalia,SPECIES
159747470,https://www.gbif.org/species/2480800,"Platalea alba Scopoli, 1786",Animalia,SPECIES
159747473,https://www.gbif.org/species/2480764,"Threskiornis aethiopicus (Latham, 1790)",Animalia,SPECIES
159747474,https://www.gbif.org/species/2480766,"Threskiornis spinicollis (Jameson, 1835)",Animalia,SPECIES
159747477,https://www.gbif.org/species/2480897,"Egretta novaehollandiae (Latham, 1790)",Animalia,SPECIES
159747481,https://www.gbif.org/species/5229156,"Pelecanus conspicillatus Temminck, 1824",Animalia,SPECIES
159747482,https://www.gbif.org/species/2480350,"Pelecanus onocrotalus Linnaeus, 1758",Animalia,SPECIES
159747483,https://www.gbif.org/species/2480352,"Pelecanus rufescens Gmelin, 1789",Animalia,SPECIES
159747487,https://www.gbif.org/species/2474416,"Porphyrio porphyrio (Linnaeus, 1758)",Animalia,SPECIES
159747491,https://www.gbif.org/species/5228229,"Balearica regulorum (E.T.Bennett, 1834)",Animalia,SPECIES
159747494,https://www.gbif.org/species/2474942,"Grus vipio Pallas, 1811",Animalia,SPECIES
159747495,https://www.gbif.org/species/2474944,"Grus japonensis (Statius Muller, 1776)",Animalia,SPECIES
159747497,https://www.gbif.org/species/2474937,"Anthropoides paradiseus (A.A.H.Lichtenstein, 1793)",Animalia,SPECIES
159747498,https://www.gbif.org/species/2474936,"Anthropoides virgo (Linnaeus, 1758)",Animalia,SPECIES
159747504,https://www.gbif.org/species/9791464,"Colinus virginianus (Linnaeus, 1758)",Animalia,SPECIES
159747507,https://www.gbif.org/species/5228080,"Callipepla californica (Shaw, 1798)",Animalia,SPECIES
159747511,https://www.gbif.org/species/2473341,"Numida meleagris (Linnaeus, 1758)",Animalia,SPECIES
159747515,https://www.gbif.org/species/9606290,"Meleagris gallopavo Linnaeus, 1758",Animalia,SPECIES
159747518,https://www.gbif.org/species/9451184,"Pavo cristatus Linnaeus, 1758",Animalia,SPECIES
159747521,https://www.gbif.org/species/9326020,"Gallus gallus (Linnaeus, 1758)",Animalia,SPECIES
159747523,https://www.gbif.org/species/5228034,"Chrysolophus pictus (Linnaeus, 1758)",Animalia,SPECIES
159747524,https://www.gbif.org/species/5228033,"Chrysolophus amherstiae (Leadbeater, 1829)",Animalia,SPECIES
159747527,https://www.gbif.org/species/4134265,Anthosachne scabra (R.Br.) Nevski,Plantae,SPECIES
159747528,https://www.gbif.org/species/9752149,"Phasianus colchicus Linnaeus, 1758",Animalia,SPECIES
159747530,https://www.gbif.org/species/5227775,"Phasianus versicolor Vieillot, 1825",Animalia,SPECIES
159747533,https://www.gbif.org/species/5227966,"Lophura nycthemera (Linnaeus, 1758)",Animalia,SPECIES
159747534,https://www.gbif.org/species/5227993,"Lophura leucomelanos (Latham, 1790)",Animalia,SPECIES
159747537,https://www.gbif.org/species/2473477,"Syrmaticus reevesii (J.E.Gray, 1829)",Animalia,SPECIES
159747541,https://www.gbif.org/species/2474051,"Alectoris rufa (Linnaeus, 1758)",Animalia,SPECIES
159747542,https://www.gbif.org/species/2474029,"Alectoris chukar (J.E.Gray, 1830)",Animalia,SPECIES
159747544,https://www.gbif.org/species/2474055,"Alectoris graeca (Meisner, 1804)",Animalia,SPECIES
159747547,https://www.gbif.org/species/2474162,"Coturnix japonica Temminck & Schlegel, 1848",Animalia,SPECIES
159747550,https://www.gbif.org/species/2473421,"Lagopus lagopus (Linnaeus, 1758)",Animalia,SPECIES
159747653,https://www.gbif.org/species/4154259,Paspalum saurae (Parodi) Parodi,Plantae,SPECIES
159747656,https://www.gbif.org/species/2399874,"Micropogonias undulatus (Linnaeus, 1766)",Animalia,SPECIES
159747683,https://www.gbif.org/species/2702820,Echinochloa oryzoides (Ard.) Fritsch,Plantae,SPECIES
159747684,https://www.gbif.org/species/2702816,Echinochloa muricata (P.Beauv.) Fernald,Plantae,SPECIES
159747702,https://www.gbif.org/species/2351271,"Salvelinus fontinalis (Mitchill, 1814)",Animalia,SPECIES
159747716,https://www.gbif.org/species/2331498,"Molgula manhattensis (De Kay, 1843)",Animalia,SPECIES
159747720,https://www.gbif.org/species/4354941,"Botrylloides violaceus Oka, 1927",Animalia,SPECIES
159747723,https://www.gbif.org/species/2331942,"Styela clava Herdman, 1881",Animalia,SPECIES
159747729,https://www.gbif.org/species/5200414,"Diplosoma listerianum (Milne Edwards, 1841)",Animalia,SPECIES
159747732,https://www.gbif.org/species/2330928,"Aplidium glabrum (Verrill, 1871)",Animalia,SPECIES
159747740,https://www.gbif.org/species/4124350,Eleusine africana Kenn.-O'Byrne,Plantae,SPECIES
159747756,https://www.gbif.org/species/2320998,"Boccardiella hamata (Webster, 1879)",Animalia,SPECIES
159747758,https://www.gbif.org/species/2320810,"Boccardia proboscidea Hartman, 1940",Animalia,SPECIES
159747879,https://www.gbif.org/species/4565061,"Cernuella neglecta (Draparnaud, 1805)",Animalia,SPECIES
159747884,https://www.gbif.org/species/2296807,"Cochlicella barbara (Linnaeus, 1758)",Animalia,SPECIES
159747921,https://www.gbif.org/species/8485639,"Ensis leei M.Huber, 2015",Animalia,SPECIES
159747938,https://www.gbif.org/species/4372686,"Ruditapes philippinarum (A.Adams & Reeve, 1850)",Animalia,SPECIES
159747952,https://www.gbif.org/species/4283395,"Diadumene lineata (Verrill, 1869)",Animalia,SPECIES
159747961,https://www.gbif.org/species/2266009,"Cordylophora caspia (Pallas, 1771)",Animalia,SPECIES
159747966,https://www.gbif.org/species/2266561,"Nemopsis bachei L.Agassiz, 1849",Animalia,SPECIES
159747976,https://www.gbif.org/species/2266754,"Gonionemus vertens A.Agassiz, 1862",Animalia,SPECIES
159747985,https://www.gbif.org/species/5166760,"Ammothea hilgendorfi (Böhm, 1879)",Animalia,SPECIES
159747996,https://www.gbif.org/species/2228667,"Sinelobus stanfordi (Richardson, 1901)",Animalia,SPECIES
159748065,https://www.gbif.org/species/3188829,Oenothera elata Kunth,Plantae,SPECIES
159748086,https://www.gbif.org/species/4805565,"Amphibalanus variegatus (Darwin, 1854)",Animalia,SPECIES
159748091,https://www.gbif.org/species/2115724,"Balanus trigonus Darwin, 1854",Animalia,SPECIES
159748095,https://www.gbif.org/species/2115706,"Balanus glandula Darwin, 1854",Animalia,SPECIES
159748101,https://www.gbif.org/species/2110811,"Mytilicola intestinalis Steuer, 1902",Animalia,SPECIES
159748106,https://www.gbif.org/species/2114326,"Eurytemora americana Williams, 1906",Animalia,SPECIES
8244019,https://www.gbif.org/species/8244019,Trachyspermum ammi (L.) Sprague ex Turrill,Plantae,SPECIES
159748111,https://www.gbif.org/species/2114446,"Acartia tonsa Dana, 1849",Animalia,SPECIES
159748136,https://www.gbif.org/species/5371753,Visnaga daucoides Gaertn.,Plantae,SPECIES
159748235,https://www.gbif.org/species/10329298,"Haplodrassus securifer Bosmans & Abrous, 2018",Animalia,SPECIES
159748251,https://www.gbif.org/species/2053954,"Prokelisia marginata (Van Duzee, 1897)",Animalia,SPECIES
159748278,https://www.gbif.org/species/1728965,"Tachycines asynamorus Adelung, 1902",Animalia,SPECIES
159748299,https://www.gbif.org/species/1450317,"Telmatogeton japonicus Tokunaga, 1933",Animalia,SPECIES
159748319,https://www.gbif.org/species/3005039,Rosa chinensis Jacq.,Plantae,SPECIES
159748397,https://www.gbif.org/species/10269496,"Epuraea imperialis (Reitter, 1877)",Animalia,SPECIES
159748459,https://www.gbif.org/species/8428595,"Bugulina stolonifera (Ryland, 1960)",Animalia,SPECIES
159748461,https://www.gbif.org/species/7668385,"Bugulina simplex (Hincks, 1886)",Animalia,SPECIES
159748463,https://www.gbif.org/species/4984851,"Bugula neritina (Linnaeus, 1758)",Animalia,SPECIES
159748466,https://www.gbif.org/species/1008955,"Fenestrulina delicia Winston, Hayward & Craig, 2000",Animalia,SPECIES
159748469,https://www.gbif.org/species/1007534,"Phaeostachys spinifera (Johnston, 1847)",Animalia,SPECIES
159748473,https://www.gbif.org/species/1008610,"Haplopoma graniferum (Johnston, 1847)",Animalia,SPECIES
159748474,https://www.gbif.org/species/1008612,"Haplopoma impressum (Audouin, 1826)",Animalia,SPECIES
159748482,https://www.gbif.org/species/1002621,"Keratella tropica (Apstein, 1907)",Animalia,SPECIES
159748507,https://www.gbif.org/species/2940408,Cytisophyllum sessilifolium (L.) O.Lang,Plantae,SPECIES
159748558,https://www.gbif.org/species/2925870,Amsinckia menziesii (Lehm.) A.Nelson & J.F.Macbr.,Plantae,SPECIES
159748639,https://www.gbif.org/species/2888740,Centranthus ruber (L.) DC.,Plantae,SPECIES
159748656,https://www.gbif.org/species/5371699,Hepatica nobilis Schreb.,Plantae,SPECIES
159748679,https://www.gbif.org/species/3602227,Papaver setigerum DC.,Plantae,SPECIES
159748707,https://www.gbif.org/species/5374922,Arabis caucasica Willd.,Plantae,SPECIES
159748747,https://www.gbif.org/species/2874515,Cucurbita maxima Duchesne,Plantae,SPECIES
3111754,https://www.gbif.org/species/3111758,Zinnia elegans Jacq.,Plantae,SPECIES
159748820,https://www.gbif.org/species/8078031,Artemisia afra Jacq.,Plantae,SPECIES
159748835,https://www.gbif.org/species/5384950,Eclipta prostrata (L.) L.,Plantae,SPECIES
159748857,https://www.gbif.org/species/5402340,Dimorphotheca jucunda E.Phillips,Plantae,SPECIES
159748874,https://www.gbif.org/species/3137686,Rhodanthe stricta (Lindl.) Paul G.Wilson,Plantae,SPECIES
159748883,https://www.gbif.org/species/3147815,Verbesina alternifolia (L.) Britton ex Kearney,Plantae,SPECIES
159748887,https://www.gbif.org/species/3145375,Deinandra fasciculata (DC.) Greene,Plantae,SPECIES
159748902,https://www.gbif.org/species/10411852,Centaurea jacea x nigrescens,Plantae,SPECIES
159748939,https://www.gbif.org/species/6300805,Pilosella bauhini (Schult.) Arv.-Touv.,Plantae,SPECIES
159748955,https://www.gbif.org/species/9419993,Erodium moschatum (L.) L'Hér.,Plantae,SPECIES
159748962,https://www.gbif.org/species/7346102,Erythranthe guttata (DC.) G.L.Nesom,Plantae,SPECIES
159748985,https://www.gbif.org/species/5415009,Linaria supina (L.) Chaz.,Plantae,SPECIES
159748992,https://www.gbif.org/species/3172099,Veronica austriaca L.,Plantae,SPECIES
159749036,https://www.gbif.org/species/3905825,Betonica macrantha K.Koch,Plantae,SPECIES
159749052,https://www.gbif.org/species/7331548,Alonsoa linearis (Jacq.) Ruiz & Pav.,Plantae,SPECIES
159749078,https://www.gbif.org/species/3084693,Calandrinia ciliata (Ruiz & Pav.) DC.,Plantae,SPECIES
159749099,https://www.gbif.org/species/3757457,Chenopodium polygonoides (Murr) Aellen,Plantae,SPECIES
159749116,https://www.gbif.org/species/2888870,Rumex spinosus L.,Plantae,SPECIES
159749125,https://www.gbif.org/species/7938233,Stellaria cupaniana (Jord. & Fourr.) Bég.,Plantae,SPECIES
162644337,https://www.gbif.org/species/2725229,Carex agastachys L.f.,Plantae,SPECIES
162644711,https://www.gbif.org/species/9890104,"Xeroplexa intersecta (Poiret, 1801)",Animalia,SPECIES
162644821,https://www.gbif.org/species/7563173,"Cryptorchestia cavimana (Heller, 1865)",Animalia,SPECIES
164250535,https://www.gbif.org/species/2855338,Galanthus plicatus M.Bieb.,Plantae,SPECIES
164250541,https://www.gbif.org/species/2858963,Narcissus tazetta L.,Plantae,SPECIES
164250635,https://www.gbif.org/species/2720171,Scirpus cyperinus (L.) Kunth,Plantae,SPECIES
164250924,https://www.gbif.org/species/2703459,Oryza sativa L.,Plantae,SPECIES
164251122,https://www.gbif.org/species/3189836,Acer pensylvanicum L.,Plantae,SPECIES
164251179,https://www.gbif.org/species/3667007,Oenothera ×drawertii Renner ex Rostanski,Plantae,SPECIES
164251181,https://www.gbif.org/species/3666776,Oenothera ×ersteinensis H.P.Linder & R.Jean,Plantae,SPECIES
164251733,https://www.gbif.org/species/2888622,Viburnum plicatum Thunb.,Plantae,SPECIES
164251831,https://www.gbif.org/species/2874574,Cucumis dipsaceus Ehrenb. ex Spach,Plantae,SPECIES
164251865,https://www.gbif.org/species/5331238,Viola sororia Willd.,Plantae,SPECIES
164251911,https://www.gbif.org/species/5395559,Ligularia przewalskii (Maxim.) Diels,Plantae,SPECIES
164252030,https://www.gbif.org/species/8116963,Acanthus hungaricus (Borbás) Baen.,Plantae,SPECIES
164252088,https://www.gbif.org/species/5341407,Monarda didyma L.,Plantae,SPECIES
164252115,https://www.gbif.org/species/4086523,Verbena incompta P.W.Michael,Plantae,SPECIES
182132844,https://www.gbif.org/species/8701771,"Obama nungara Carbayo, Alvarez-Presas, Jones & Riutort, 2016",Animalia,SPECIES
182132848,https://www.gbif.org/species/4416161,"Dolichoplana striata Moseley, 1877",Animalia,SPECIES
182132854,https://www.gbif.org/species/2502810,"Caenoplana coerulea Moseley, 1877",Animalia,SPECIES
182132858,https://www.gbif.org/species/2502805,"Kontikia ventrolineata (Dendy, 1892)",Animalia,SPECIES
182132859,https://www.gbif.org/species/5241445,Volvariella volvacea (Bull.) Singer,Fungi,SPECIES
182132869,https://www.gbif.org/species/2527401,Favolaschia calocera R.Heim,Fungi,SPECIES
182132928,https://www.gbif.org/species/2598552,Seifertia azaleae (Peck) Partr. & Morgan-Jones,Fungi,SPECIES
182132946,https://www.gbif.org/species/5270720,Chara braunii C.C.Gmel.,Plantae,SPECIES
182132993,https://www.gbif.org/species/2685663,Abies homolepis Siebold & Zucc.,Plantae,SPECIES
182132997,https://www.gbif.org/species/4938682,Larix ×marschlinsii Coaz,Plantae,SPECIES
182133040,https://www.gbif.org/species/2286388,"Mulinia lateralis (Say, 1822)",Animalia,SPECIES
182133056,https://www.gbif.org/species/2288926,"Potamocorbula amurensis (Schrenck, 1862)",Animalia,SPECIES
182133060,https://www.gbif.org/species/2651826,Adiantum raddianum C.Presl,Plantae,SPECIES
182133073,https://www.gbif.org/species/2651098,Polystichum acrostichoides (Michx.) Schott,Plantae,SPECIES
182133075,https://www.gbif.org/species/2651122,Polystichum munitum (Kaulf.) C.Presl,Plantae,SPECIES
182133082,https://www.gbif.org/species/7581174,"Eucheilota menoni Kramp, 1959",Animalia,SPECIES
182133085,https://www.gbif.org/species/5185859,"Lovenella assimilis (Browne, 1905)",Animalia,SPECIES
182133113,https://www.gbif.org/species/5303524,Tinantia erecta (Jacq.) Fenzl,Plantae,SPECIES
182133135,https://www.gbif.org/species/2762737,Musa basjoo Siebold & Zucc. ex Iinuma,Plantae,SPECIES
182133173,https://www.gbif.org/species/8408816,Colchicum ×byzantinum Ker Gawl.,Plantae,SPECIES
182133180,https://www.gbif.org/species/5300716,Fritillaria imperialis L.,Plantae,SPECIES
182133214,https://www.gbif.org/species/5549949,Liriope muscari (Decne.) L.H.Bailey,Plantae,SPECIES
6101215,https://www.gbif.org/species/6101215,"Leptoptilos crumenifer (Linnaeus, 1758)",Animalia,SPECIES
182133221,https://www.gbif.org/species/5304187,Triteleia laxa Benth.,Plantae,SPECIES
182133241,https://www.gbif.org/species/2774214,Ophiopogon jaburan (Siebold) G.Lodd.,Plantae,SPECIES
182133250,https://www.gbif.org/species/2767428,Puschkinia scilloides Adams,Plantae,SPECIES
182133263,https://www.gbif.org/species/2855398,Galanthus elwesii Hook.f.,Plantae,SPECIES
182133271,https://www.gbif.org/species/2856891,Allium karataviense Regel,Plantae,SPECIES
182133273,https://www.gbif.org/species/2857341,Allium zebdanense Boiss. & Noë,Plantae,SPECIES
182133276,https://www.gbif.org/species/2856780,Allium cristophii Trautv.,Plantae,SPECIES
182133353,https://www.gbif.org/species/2701879,Juncus striatus Schousb. ex E.Mey.,Plantae,SPECIES
6085036,https://www.gbif.org/species/6085036,Vulpia ciliata subsp. ciliata,Plantae,SUBSPECIES
182133493,https://www.gbif.org/species/9529916,"Bufotes viridis (Laurenti, 1768)",Animalia,SPECIES
182133501,https://www.gbif.org/species/2423441,"Bombina orientalis (Boulenger, 1890)",Animalia,SPECIES
5289972,https://www.gbif.org/species/10966302,Digitaria sanguinalis (L.) Scop.,Plantae,SPECIES
182133511,https://www.gbif.org/species/2427555,"Hyla meridionalis Boettger, 1874",Animalia,SPECIES
182133517,https://www.gbif.org/species/2431781,"Salamandra atra Laurenti, 1768",Animalia,SPECIES
182133522,https://www.gbif.org/species/2431965,"Ambystoma macrodactylum Baird, 1850",Animalia,SPECIES
182133525,https://www.gbif.org/species/2432063,"Siren intermedia Barnes, 1826",Animalia,SPECIES
182133530,https://www.gbif.org/species/2703776,Bromus polyanthus Scribn. ex Shear,Plantae,SPECIES
182133584,https://www.gbif.org/species/5218823,"Mustela vison Schreber, 1777",Animalia,SPECIES
182133615,https://www.gbif.org/species/2367919,"Misgurnus anguillicaudatus (Cantor, 1842)",Animalia,SPECIES
182133671,https://www.gbif.org/species/2374521,"Terapon jarbua (Forsskål, 1775)",Animalia,SPECIES
182133699,https://www.gbif.org/species/8953936,"Caiman crocodilus (Linnaeus, 1758)",Animalia,SPECIES
182133704,https://www.gbif.org/species/5221810,"Basiliscus plumifrons Cope, 1875",Animalia,SPECIES
182133709,https://www.gbif.org/species/5223725,"Heterodon nasicus Baird & Girard, 1852",Animalia,SPECIES
182133715,https://www.gbif.org/species/5225137,"Chalcides ocellatus (Forskal, 1775)",Animalia,SPECIES
182133718,https://www.gbif.org/species/5225433,"Trachylepis striata (Peters, 1844)",Animalia,SPECIES
182133721,https://www.gbif.org/species/5221283,"Eublepharis macularius (Blyth, 1854)",Animalia,SPECIES
182133725,https://www.gbif.org/species/8782549,"Anolis Daudin, 1802",Animalia,GENUS
182133728,https://www.gbif.org/species/4287413,"Anolis sagrei Duméril & Bibron, 1837",Animalia,SPECIES
182133732,https://www.gbif.org/species/7582319,"Trioceros hoehnelii (Steindachner, 1891)",Animalia,SPECIES
182133734,https://www.gbif.org/species/5221988,"Furcifer pardalis (Cuvier, 1829)",Animalia,SPECIES
182133737,https://www.gbif.org/species/2449133,"Chamaeleo calyptratus Duméril & Duméril, 1851",Animalia,SPECIES
182133741,https://www.gbif.org/species/9022569,"Chrysopelea ornata (Shaw, 1802)",Animalia,SPECIES
182133743,https://www.gbif.org/species/9195230,"Spilotes pullatus (Linnaeus, 1758)",Animalia,SPECIES
182133745,https://www.gbif.org/species/5222820,"Lycodon capucinus (Boie, 1827)",Animalia,SPECIES
182133747,https://www.gbif.org/species/5224503,"Lampropeltis triangulum (Lacépède, 1789)",Animalia,SPECIES
182133749,https://www.gbif.org/species/9187223,"Pituophis melanoleucus (Daudin, 1803)",Animalia,SPECIES
182133751,https://www.gbif.org/species/2453826,"Pituophis catenifer (Blainville, 1835)",Animalia,SPECIES
182133754,https://www.gbif.org/species/2458386,"Elaphe sauromates (Pallas, 1811)",Animalia,SPECIES
182133755,https://www.gbif.org/species/2458438,"Elaphe schrenckii Strauch, 1873",Animalia,SPECIES
182133757,https://www.gbif.org/species/2458538,"Zamenis longissimus (Laurenti, 1768)",Animalia,SPECIES
182133760,https://www.gbif.org/species/2455615,"Pantherophis guttatus (Linnaeus, 1766)",Animalia,SPECIES
182133761,https://www.gbif.org/species/2455676,"Pantherophis obsoletus (Say, 1823)",Animalia,SPECIES
182133763,https://www.gbif.org/species/2458916,"Hierophis viridiflavus (Lacépède, 1789)",Animalia,SPECIES
182133765,https://www.gbif.org/species/2457378,"Rhamphiophis Peters, 1854",Animalia,GENUS
182133766,https://www.gbif.org/species/2453882,"Boaedon A.M.C.Duméril, Bibron & A.H.A.Duméril, 1854",Animalia,GENUS
182133769,https://www.gbif.org/species/2445034,"Tarentola mauritanica (Linnaeus, 1758)",Animalia,SPECIES
182133773,https://www.gbif.org/species/6161340,"Natrix maura (Linnaeus, 1758)",Animalia,SPECIES
182133774,https://www.gbif.org/species/6161327,"Natrix tessellata (Laurenti, 1768)",Animalia,SPECIES
182133776,https://www.gbif.org/species/2457825,"Thamnophis Fitzinger, 1843",Animalia,GENUS
182133781,https://www.gbif.org/species/5225659,"Morelia spilota (Lacépède, 1804)",Animalia,SPECIES
182133783,https://www.gbif.org/species/2454645,"Python Daudin, 1803",Animalia,GENUS
182133785,https://www.gbif.org/species/2465380,"Python regius (Shaw, 1802)",Animalia,SPECIES
182133787,https://www.gbif.org/species/2465369,"Python molurus (Linnaeus, 1758)",Animalia,SPECIES
182133789,https://www.gbif.org/species/2465003,"Antaresia childreni (Gray, 1842)",Animalia,SPECIES
182133792,https://www.gbif.org/species/3169169,Celastrus orbiculatus Thunb.,Plantae,SPECIES
182133795,https://www.gbif.org/species/5226308,"Agama agama (Linnaeus, 1758)",Animalia,SPECIES
182133797,https://www.gbif.org/species/2465626,"Pogona Storr, 1982",Animalia,GENUS
182133799,https://www.gbif.org/species/2465641,"Pogona vitticeps (Ahl, 1926)",Animalia,SPECIES
182133800,https://www.gbif.org/species/2465649,"Pogona henrylawsoni Wells & Wellington, 1985",Animalia,SPECIES
182133805,https://www.gbif.org/species/2465402,"Physignathus cocincinus Cuvier, 1829",Animalia,SPECIES
182133806,https://www.gbif.org/species/2466496,"Calotes Cuvier, 1817",Animalia,GENUS
182133812,https://www.gbif.org/species/2459658,"Iguana iguana (Linnaeus, 1758)",Animalia,SPECIES
182133813,https://www.gbif.org/species/2459675,"Iguana Laurenti, 1768",Animalia,GENUS
182133818,https://www.gbif.org/species/2470656,"Varanus niloticus (Linnaeus, 1766)",Animalia,SPECIES
182133821,https://www.gbif.org/species/8566446,Aesculus indica (Colebr. ex Cambess.) Hook.,Plantae,SPECIES
182133823,https://www.gbif.org/species/6159223,"Lacerta agilis Linnaeus, 1758",Animalia,SPECIES
182133830,https://www.gbif.org/species/3767816,Acer japonicum Thunb.,Plantae,SPECIES
182133832,https://www.gbif.org/species/2444141,"Boa Linnaeus, 1758",Animalia,GENUS
182133833,https://www.gbif.org/species/2464899,"Boa constrictor Linnaeus, 1758",Animalia,SPECIES
182133834,https://www.gbif.org/species/3189882,Acer palmatum Thunb.,Plantae,SPECIES
182133838,https://www.gbif.org/species/2444356,"Crotalus atrox Baird & Girard, 1853",Animalia,SPECIES
182133841,https://www.gbif.org/species/2444339,"Vipera aspis (Linnaeus, 1758)",Animalia,SPECIES
182133843,https://www.gbif.org/species/2444221,"Sistrurus Garman, 1884",Animalia,GENUS
182133846,https://www.gbif.org/species/2443876,"Echis carinatus (Schneider, 1801)",Animalia,SPECIES
182133849,https://www.gbif.org/species/2447418,"Phelsuma Gray, 1825",Animalia,GENUS
182133852,https://www.gbif.org/species/2447367,"Gekko gecko (Linnaeus, 1758)",Animalia,SPECIES
182133860,https://www.gbif.org/species/5220394,"Sternotherus carinatus (Gray, 1856)",Animalia,SPECIES
182133865,https://www.gbif.org/species/2441454,"Testudo hermanni Gmelin, 1789",Animalia,SPECIES
182133866,https://www.gbif.org/species/2441461,"Testudo graeca Linnaeus, 1758",Animalia,SPECIES
182133869,https://www.gbif.org/species/2441533,"Centrochelys sulcata (Miller, 1779)",Animalia,SPECIES
182133871,https://www.gbif.org/species/2441658,"Testudo Linnaeus, 1758",Animalia,GENUS
182133875,https://www.gbif.org/species/2443597,"Mauremys reevesii (Gray, 1831)",Animalia,SPECIES
182133879,https://www.gbif.org/species/2441905,"Chelydra serpentina (Linnaeus, 1758)",Animalia,SPECIES
182133882,https://www.gbif.org/species/2442664,"Apalone Rafinesque, 1832",Animalia,GENUS
182133884,https://www.gbif.org/species/2442665,"Apalone ferox (Schneider, 1783)",Animalia,SPECIES
182133889,https://www.gbif.org/species/8909809,"Emys orbicularis (Linnaeus, 1758)",Animalia,SPECIES
182133892,https://www.gbif.org/species/2443173,"Terrapene carolina (Linnaeus, 1758)",Animalia,SPECIES
182133895,https://www.gbif.org/species/2443133,"Chrysemys picta (Schneider, 1783)",Animalia,SPECIES
182133900,https://www.gbif.org/species/2443002,"Trachemys scripta (Thunberg In Schoepff, 1792)",Animalia,SPECIES
182133904,https://www.gbif.org/species/9228211,"Graptemys pseudogeographica (Gray, 1831)",Animalia,SPECIES
182133906,https://www.gbif.org/species/2443079,"Graptemys ouachitensis Cagle, 1953",Animalia,SPECIES
182133907,https://www.gbif.org/species/2443074,"Graptemys geographica (Lesueur, 1817)",Animalia,SPECIES
182133908,https://www.gbif.org/species/5362054,Crassula helmsii (Kirk) Cockayne,Plantae,SPECIES
182133911,https://www.gbif.org/species/9601519,"Pseudemys rubriventris (Le Conte, 1830)",Animalia,SPECIES
182133912,https://www.gbif.org/species/7334489,Sedum palmeri S.Watson,Plantae,SPECIES
182133913,https://www.gbif.org/species/8898408,"Pseudemys concinna (Le Conte, 1830)",Animalia,SPECIES
182133914,https://www.gbif.org/species/2442843,"Pseudemys nelsoni Carr, 1938",Animalia,SPECIES
182133916,https://www.gbif.org/species/5362046,Sedum spathulifolium Hook.,Plantae,SPECIES
182133918,https://www.gbif.org/species/9803191,"Pelusios castaneus (Schweigger, 1812)",Animalia,SPECIES
182133937,https://www.gbif.org/species/4194699,Ribes ×nidigrolaria Rud.Bauer & A.Bauer,Plantae,SPECIES
182133941,https://www.gbif.org/species/2308609,"Potamothrix moldaviensis Vejdovský & Mrázek, 1903",Animalia,SPECIES
182133944,https://www.gbif.org/species/2308549,"Limnodrilus maumeensis Brinkhurst & Cook, 1966",Animalia,SPECIES
182133960,https://www.gbif.org/species/2321001,"Boccardiella ligerica (Ferronnière, 1898)",Animalia,SPECIES
182133971,https://www.gbif.org/species/10578411,"Laonome xeprovala Bick & Bastrop, 2018",Animalia,SPECIES
3266899,https://www.gbif.org/species/3266899,"Lampropeltis Öpik, 1967",Animalia,GENUS
182134001,https://www.gbif.org/species/4309705,"Atyaephyra desmarestii (Millet, 1831)",Animalia,SPECIES
182134007,https://www.gbif.org/species/2223840,"Penaeus aztecus Ives, 1891",Animalia,SPECIES
3036157,https://www.gbif.org/species/3036157,Hedera hibernica (G.Kirchn.) Carrière,Plantae,SPECIES
182134042,https://www.gbif.org/species/6027176,Opopanax chironium (L.) W.D.J.Koch,Plantae,SPECIES
182134043,https://www.gbif.org/species/8307577,"Cryptorchestia garbinii Ruffo, Tarocco & Latella, 2014",Animalia,SPECIES
182134074,https://www.gbif.org/species/2219149,"Grandidierella japonica Stephensen, 1938",Animalia,SPECIES
182134080,https://www.gbif.org/species/2220417,"Neomysis americana (S.I.Smith, 1873)",Animalia,SPECIES
182134097,https://www.gbif.org/species/8418338,Hydrocotyle sibthorpioides Lam.,Plantae,SPECIES
182134118,https://www.gbif.org/species/5166487,"Megabalanus tintinnabulum (Linnaeus, 1758)",Animalia,SPECIES
182134126,https://www.gbif.org/species/2114769,"Pseudodiaptomus marinus Sato, 1913",Animalia,SPECIES
182134142,https://www.gbif.org/species/5341797,Physalis grisea (Waterf.) M.Martínez,Plantae,SPECIES
2928759,https://www.gbif.org/species/2928759,Nicotiana langsdorffii Weinm.,Plantae,SPECIES
182134170,https://www.gbif.org/species/2928805,Jaltomata procumbens (Cav.) J.L.Gentry,Plantae,SPECIES
182134180,https://www.gbif.org/species/7645889,Sesbania cannabina (Retz.) Poir.,Plantae,SPECIES
182134182,https://www.gbif.org/species/7484581,Desmanthus illinoensis (Michx.) MacMill. ex B.L.Rob. & Fernald,Plantae,SPECIES
182134198,https://www.gbif.org/species/5632022,Lotus dorycnium L.,Plantae,SPECIES
182134200,https://www.gbif.org/species/5354799,Lotus hirsutus L.,Plantae,SPECIES
182134211,https://www.gbif.org/species/5354530,Chamaecytisus hirsutus (L.) Link,Plantae,SPECIES
182134239,https://www.gbif.org/species/4485843,"Halyomorpha halys (Stål, 1855)",Animalia,SPECIES
182134244,https://www.gbif.org/species/4487799,"Tupiocoris rhododendri (Dolling, 1972)",Animalia,SPECIES
182134253,https://www.gbif.org/species/5156102,"Leptoglossus occidentalis Heidemann, 1910",Animalia,SPECIES
182134256,https://www.gbif.org/species/2020688,"Stephanitis rhododendri Horváth, 1905",Animalia,SPECIES
182134261,https://www.gbif.org/species/2041682,"Graphocephala fennahi Young, 1977",Animalia,SPECIES
4528100,https://www.gbif.org/species/4528099,"Phthorimaea absoluta Meyrick, 1917",Animalia,SPECIES
182134288,https://www.gbif.org/species/3967193,Caragana halodendron (Pall.) Dum.Cours.,Plantae,SPECIES
182134291,https://www.gbif.org/species/7426824,Vicia melanops Sm.,Plantae,SPECIES
182134295,https://www.gbif.org/species/3973636,Vicia dalmatica A.Kern.,Plantae,SPECIES
182134304,https://www.gbif.org/species/1690276,"Eupholidoptera chabrieri (Charpentier, 1825)",Animalia,SPECIES
182134308,https://www.gbif.org/species/2972703,Onobrychis caput-galli (L.) Lam.,Plantae,SPECIES
182134318,https://www.gbif.org/species/5073820,"Drosophila suzukii (Matsumura, 1931)",Animalia,SPECIES
182134322,https://www.gbif.org/species/1551754,"Phytomyza jucunda Frost & Sasakawa, 1954",Animalia,SPECIES
182134330,https://www.gbif.org/species/1548900,"Dohrniphora cornuta (Bigot, 1857)",Animalia,SPECIES
182134332,https://www.gbif.org/species/2965331,Medicago ×varia Martyn,Plantae,SPECIES
182134340,https://www.gbif.org/species/2963569,Styphnolobium japonicum (L.) Schott,Plantae,SPECIES
182134345,https://www.gbif.org/species/1421091,"Lepisma saccharinum Linnaeus, 1758",Animalia,SPECIES
182134346,https://www.gbif.org/species/8193111,Melilotus officinalis (L.) Lam.,Plantae,SPECIES
182134356,https://www.gbif.org/species/2938473,Biserrula pelecinus L.,Plantae,SPECIES
182134368,https://www.gbif.org/species/3966627,Cullen cinereum (Lindl.) J.W.Grimes,Plantae,SPECIES
182134387,https://www.gbif.org/species/1342324,"Xylocopa virginica (Linnaeus, 1771)",Animalia,SPECIES
182134433,https://www.gbif.org/species/5376179,Hornungia petraea (L.) Rchb.,Plantae,SPECIES
182134448,https://www.gbif.org/species/3050595,Hirschfeldia incana (L.) Lagr.-Foss.,Plantae,SPECIES
182134454,https://www.gbif.org/species/1195013,"Otiorhynchus aurifer Boheman, 1842",Animalia,SPECIES
182134455,https://www.gbif.org/species/1194989,"Otiorhynchus cribricollis Gyllenhal, 1834",Animalia,SPECIES
182134456,https://www.gbif.org/species/1194885,"Otiorhynchus meridionalis Gyllenhal, 1834",Animalia,SPECIES
182134464,https://www.gbif.org/species/3045803,Cardamine graeca L.,Plantae,SPECIES
182134475,https://www.gbif.org/species/4460066,"Chrysolina americana (Linnaeus, 1758)",Animalia,SPECIES
182134477,https://www.gbif.org/species/1047536,"Leptinotarsa decemlineata (Say, 1824)",Animalia,SPECIES
182134537,https://www.gbif.org/species/2889980,Geranium ×magnificum Hyl.,Plantae,SPECIES
182134538,https://www.gbif.org/species/2890995,Geranium ×cantabrigiense P.F.Yeo,Plantae,SPECIES
182134539,https://www.gbif.org/species/2890972,Geranium wallichianum D.Don ex Sweet,Plantae,SPECIES
182134562,https://www.gbif.org/species/6070732,Mimulus ringens L.,Plantae,SPECIES
182134565,https://www.gbif.org/species/5415463,Thunbergia alata Bojer ex Sims,Plantae,SPECIES
182134574,https://www.gbif.org/species/8251158,Penstemon digitalis Nutt.,Plantae,SPECIES
182134582,https://www.gbif.org/species/7331874,Veronica repens Clarion ex DC.,Plantae,SPECIES
182134595,https://www.gbif.org/species/5561475,Chaenostoma cordatum Benth.,Plantae,SPECIES
182134599,https://www.gbif.org/species/3170873,Scrophularia canina L.,Plantae,SPECIES
182134600,https://www.gbif.org/species/3170862,Scrophularia peregrina L.,Plantae,SPECIES
182134656,https://www.gbif.org/species/2926613,Origanum onites L.,Plantae,SPECIES
182134658,https://www.gbif.org/species/2926681,Lamium confertum Fr.,Plantae,SPECIES
182134689,https://www.gbif.org/species/4067112,Symphytum orientale L.,Plantae,SPECIES
182134695,https://www.gbif.org/species/7393329,Cucurbita moschata (Duchesne) Duchesne ex Poir.,Plantae,SPECIES
182134719,https://www.gbif.org/species/3596131,Halimium lasianthum subsp. alyssoides (Lam.) Greuter,Plantae,SUBSPECIES
182134726,https://www.gbif.org/species/7296375,Viola hederacea Labill.,Plantae,SPECIES
182134731,https://www.gbif.org/species/5373039,Salix ×sepulcralis var. chrysocoma (Dode) Meikle,Plantae,VARIETY
182134733,https://www.gbif.org/species/3040241,Populus ×jackii Sarg.,Plantae,SPECIES
182134756,https://www.gbif.org/species/4205640,Juglans mandshurica Maxim.,Plantae,SPECIES
182134768,https://www.gbif.org/species/3033865,Mahonia aquifolium (Pursh) Nutt.,Plantae,SPECIES
182134779,https://www.gbif.org/species/3033833,Delphinium ajacis L.,Plantae,SPECIES
182134783,https://www.gbif.org/species/7278040,Thalictrum delavayi Franch.,Plantae,SPECIES
182134793,https://www.gbif.org/species/5530855,Corydalis linstowiana Fedde,Plantae,SPECIES
182134799,https://www.gbif.org/species/7153734,Papaver commutatum Fisch. & C.A.Mey.,Plantae,SPECIES
182134802,https://www.gbif.org/species/2888564,Lamprocapnos spectabilis (L.) Fukuhara,Plantae,SPECIES
182134828,https://www.gbif.org/species/8400045,Daboecia cantabrica (Huds.) K.Koch,Plantae,SPECIES
182134831,https://www.gbif.org/species/7327719,Erica ×darleyensis Bean,Plantae,SPECIES
182134838,https://www.gbif.org/species/2882631,Pieris japonica (Thunb.) D.Don ex G.Don,Plantae,SPECIES
182134854,https://www.gbif.org/species/7475424,Scabiosa lucida Vill.,Plantae,SPECIES
182134890,https://www.gbif.org/species/8210972,Jacobaea ×albescens (Burb. & Colgan) Verloove & Lambinon,Plantae,SPECIES
8199647,https://www.gbif.org/species/8199647,Cichorium calvum Sch.Bip.,Plantae,SPECIES
182134908,https://www.gbif.org/species/5396125,Eurybia divaricata (L.) G.L.Nesom,Plantae,SPECIES
182134916,https://www.gbif.org/species/6076957,Pulicaria arabica subsp. hispanica (Boiss.) Murb.,Plantae,SUBSPECIES
182134919,https://www.gbif.org/species/4211590,Lactuca macrophylla subsp. uralensis (Rouy) N.Kilian & Greuter,Plantae,SUBSPECIES
182134921,https://www.gbif.org/species/4219118,Hieracium glaucinum subsp. recensitum (Jord. ex Boreau) Gottschl.,Plantae,SUBSPECIES
182134934,https://www.gbif.org/species/3105508,Andryala integrifolia L.,Plantae,SPECIES
182134946,https://www.gbif.org/species/7344766,Rudbeckia fulgida Aiton,Plantae,SPECIES
182134955,https://www.gbif.org/species/3089140,Xanthium ambrosioides Hook. & Arn.,Plantae,SPECIES
182134960,https://www.gbif.org/species/3095939,Erigeron ×huelsenii Vatke,Plantae,SPECIES
182134971,https://www.gbif.org/species/3119206,Helianthus maximiliani Schrad.,Plantae,SPECIES
182134977,https://www.gbif.org/species/3115828,Filago congesta Guss. ex DC.,Plantae,SPECIES
182135021,https://www.gbif.org/species/5384889,Abronia fragrans Nutt. ex Hook.,Plantae,SPECIES
182135028,https://www.gbif.org/species/3084872,Drosanthemum floribundum (Haw.) Schwantes,Plantae,SPECIES
182135052,https://www.gbif.org/species/7975549,Amaranthus ×ralletii Contré,Plantae,SPECIES
6429520,https://www.gbif.org/species/3085196,Celosia argentea f. cristata (L.) Schinz,Plantae,FORM
182135060,https://www.gbif.org/species/7655198,Alternanthera denticulata R.Br.,Plantae,SPECIES
182135072,https://www.gbif.org/species/4038524,×Reyllopia conollyana (J.P.Bailey) Galasso,Plantae,SPECIES
182135076,https://www.gbif.org/species/8012649,Rumex ×hybridus Kindb.,Plantae,SPECIES
182135086,https://www.gbif.org/species/8096233,Spergularia bocconei (Scheele) Graebn.,Plantae,SPECIES
182135113,https://www.gbif.org/species/3039270,Elaeagnus pungens Thunb.,Plantae,SPECIES
182135114,https://www.gbif.org/species/3039267,Elaeagnus umbellata Thunb.,Plantae,SPECIES
182135127,https://www.gbif.org/species/5365717,Potentilla indica (Andrews) Th.Wolf,Plantae,SPECIES
182135133,https://www.gbif.org/species/5370829,Acaena caesiiglauca (Bitter) Bergmans,Plantae,SPECIES
182135135,https://www.gbif.org/species/8381801,Dasiphora davurica var. mandshurica (Maxim.) Verloove & Lambinon,Plantae,VARIETY
182135146,https://www.gbif.org/species/9382645,Rosa virginiana Herrm.,Plantae,SPECIES
182135153,https://www.gbif.org/species/3020838,Prunus tomentosa Thunb.,Plantae,SPECIES
182135158,https://www.gbif.org/species/10071055,Scandosorbus ×intermedia (Ehrh.) Sennikov,Plantae,SPECIES
213212204,https://www.gbif.org/species/5422556,Undaria pinnatifida (Harv.) Suringar,Chromista,SPECIES
213212211,https://www.gbif.org/species/7261816,"Eptesicus nilssonii (Keyserling & Blasius, 1839)",Animalia,SPECIES
213212212,https://www.gbif.org/species/3197314,Sargassum muticum (Yendo) Fensholt,Chromista,SPECIES
213212213,https://www.gbif.org/species/2432352,"Eptesicus fuscus (Palisot de Beauvois, 1796)",Animalia,SPECIES
213212227,https://www.gbif.org/species/8699607,Mycosarcoma maydis (DC.) Bref.,Fungi,SPECIES
213212253,https://www.gbif.org/species/2440196,"Macropus rufogriseus (Desmarest, 1817)",Animalia,SPECIES
213212262,https://www.gbif.org/species/5219702,"Cavia porcellus (Linnaeus, 1758)",Animalia,SPECIES
213212272,https://www.gbif.org/species/2439270,"Rattus rattus (Linnaeus, 1758)",Animalia,SPECIES
213212281,https://www.gbif.org/species/10797854,Puccinia grisea (F.Strauss) Bonord.,Fungi,SPECIES
213212296,https://www.gbif.org/species/2437399,"Callosciurus finlaysonii (Horsfield, 1823)",Animalia,SPECIES
213212302,https://www.gbif.org/species/2513637,Entyloma eschscholziae Harkn.,Fungi,SPECIES
213212313,https://www.gbif.org/species/3340858,Lepiota elaiophylla Vellinga & Huijser,Fungi,SPECIES
213212318,https://www.gbif.org/species/5218899,"Amblonyx cinereus (Illiger, 1815)",Animalia,SPECIES
213212319,https://www.gbif.org/species/5240299,Amanita inopinata D.A.Reid & Bas,Fungi,SPECIES
213212327,https://www.gbif.org/species/2434126,"Suricata suricatta (Schreber, 1776)",Animalia,SPECIES
213212335,https://www.gbif.org/species/6164210,"Canis lupus familiaris Linnaeus, 1758",Animalia,SUBSPECIES
213212357,https://www.gbif.org/species/7699567,"Hymenoscyphus pseudoalbidus V.Queloz, C.R.Grünig, R.Berndt, T.Kowalski, T.N.Sieber & O.Holdenrieder",Fungi,SPECIES
213212366,https://www.gbif.org/species/4354937,"Botrylloides diegensis Ritter & Forsyth, 1917",Animalia,SPECIES
213212408,https://www.gbif.org/species/5299590,Tulipa urumiensis Stapf,Plantae,SPECIES
213212412,https://www.gbif.org/species/2473221,"Blanus Wagler, 1830",Animalia,GENUS
213212416,https://www.gbif.org/species/2739769,Colchicum lusitanum Brot.,Plantae,SPECIES
213212438,https://www.gbif.org/species/5298406,Iris reticulata M.Bieb.,Plantae,SPECIES
213212440,https://www.gbif.org/species/5297966,Iris xiphium L.,Plantae,SPECIES
213212442,https://www.gbif.org/species/9340142,Iris ×hollandica H.R.Wehrh.,Plantae,SPECIES
213212443,https://www.gbif.org/species/9416124,"Zamenis scalaris (Schinz, 1822)",Animalia,SPECIES
213212445,https://www.gbif.org/species/2458374,"Zamenis situla (Linnaeus, 1758)",Animalia,SPECIES
213212449,https://www.gbif.org/species/2747718,Crocus speciosus M.Bieb.,Plantae,SPECIES
213212453,https://www.gbif.org/species/9342283,"Thamnophis marcianus (Baird & Girard, 1853)",Animalia,SPECIES
213212456,https://www.gbif.org/species/2457522,"Thamnophis sirtalis (Linnaeus, 1758)",Animalia,SPECIES
213212457,https://www.gbif.org/species/2457577,"Thamnophis saurita (Linnaeus, 1766)",Animalia,SPECIES
5224480,https://www.gbif.org/species/5224480,"Lampropeltis getula (Blainville, 1835)",Animalia,SPECIES
9366139,https://www.gbif.org/species/5224543,"Lampropeltis abnorma (Bocourt, 1886)",Animalia,SPECIES
8170369,https://www.gbif.org/species/5224481,"Lampropeltis californiae (Blainville, 1835)",Animalia,SPECIES
213212473,https://www.gbif.org/species/7576179,"Pantherophis spiloides (Duméril, Bibron & Duméril, 1854)",Animalia,SPECIES
213212475,https://www.gbif.org/species/2457224,"Dolichophis caspius (Gmelin, 1789)",Animalia,SPECIES
213212482,https://www.gbif.org/species/8889878,"Elaphe taeniura (Cope, 1861)",Animalia,SPECIES
213212483,https://www.gbif.org/species/9099408,"Elaphe quatuorlineata Lacepede, 1789",Animalia,SPECIES
213212485,https://www.gbif.org/species/8080743,Scilla siberica Andrews,Plantae,SPECIES
213212488,https://www.gbif.org/species/2767275,Scilla forbesii (Baker) Speta,Plantae,SPECIES
213212490,https://www.gbif.org/species/11205618,"Leptodeira ashmeadii (Hallowell, 1845)",Animalia,SPECIES
213212495,https://www.gbif.org/species/6159238,"Lacerta strigata Eichwald, 1831",Animalia,SPECIES
213212499,https://www.gbif.org/species/7444957,"Podarcis liolepis (Boulenger, 1905)",Animalia,SPECIES
213212500,https://www.gbif.org/species/2772094,Muscari botryoides (L.) Mill.,Plantae,SPECIES
213212501,https://www.gbif.org/species/2769622,Muscari azureum Fenzl,Plantae,SPECIES
213212503,https://www.gbif.org/species/2772206,Muscari aucheri (Boiss.) Baker,Plantae,SPECIES
213212513,https://www.gbif.org/species/2445496,"Pachydactylus Wiegmann, 1834",Animalia,GENUS
213212517,https://www.gbif.org/species/2768763,Asparagus aethiopicus L.,Plantae,SPECIES
213212518,https://www.gbif.org/species/5221394,"Hemidactylus Oken, 1817",Animalia,GENUS
213212520,https://www.gbif.org/species/5221528,"Hemidactylus turcicus (Linnaeus, 1758)",Animalia,SPECIES
213212521,https://www.gbif.org/species/2769069,Camassia leichtlinii (Baker) S.Watson,Plantae,SPECIES
213212531,https://www.gbif.org/species/2858501,Narcissus triandrus L.,Plantae,SPECIES
213212533,https://www.gbif.org/species/2858909,Narcissus jonquilla L.,Plantae,SPECIES
213212535,https://www.gbif.org/species/2858846,Narcissus bulbocodium L.,Plantae,SPECIES
213212537,https://www.gbif.org/species/10755213,Narcissus hispanicus subsp. hispanicus,Plantae,SUBSPECIES
213212540,https://www.gbif.org/species/2459603,"Ctenosaura similis (Gray, 1831)",Animalia,SPECIES
213212543,https://www.gbif.org/species/5666,Gekkonidae,Animalia,FAMILY
213212546,https://www.gbif.org/species/2856681,Allium sativum L.,Plantae,SPECIES
213212549,https://www.gbif.org/species/8228334,"Daboia palaestinae (Werner, 1938)",Animalia,SPECIES
213212550,https://www.gbif.org/species/2857017,Allium paradoxum (M.Bieb.) G.Don,Plantae,SPECIES
213212551,https://www.gbif.org/species/2856204,Allium siculum Ucria,Plantae,SPECIES
213212556,https://www.gbif.org/species/8219807,"Trimeresurus albolabris Gray, 1842",Animalia,SPECIES
213212557,https://www.gbif.org/species/2805420,Spiranthes cernua (L.) Rich.,Plantae,SPECIES
213212570,https://www.gbif.org/species/2481915,"Ciconia abdimii Lichtenstein, 1823",Animalia,SPECIES
213212573,https://www.gbif.org/species/5303515,Tinantia pringlei (S.Watson) Rohweder,Plantae,SPECIES
213212576,https://www.gbif.org/species/2765221,Tradescantia pallida (Rose) D.R.Hunt,Plantae,SPECIES
213212580,https://www.gbif.org/species/8991514,"Caracara plancus cheriway (Jacquin, 1784)",Animalia,SUBSPECIES
213212581,https://www.gbif.org/species/2763962,Commelina tuberosa L.,Plantae,SPECIES
213212582,https://www.gbif.org/species/2480989,"Caracara plancus (J.F.Miller, 1777)",Animalia,SPECIES
213212584,https://www.gbif.org/species/2481066,"Milvago chimachima (Vieillot, 1816)",Animalia,SPECIES
213212588,https://www.gbif.org/species/2765942,Pontederia crassipes Mart.,Plantae,SPECIES
213212594,https://www.gbif.org/species/5329038,Sagittaria graminea Michx.,Plantae,SPECIES
213212605,https://www.gbif.org/species/2870049,Pinellia tripartita (Blume) Schott,Plantae,SPECIES
213212609,https://www.gbif.org/species/2871376,Spirodela punctata (G.Mey.) C.H.Thomps.,Plantae,SPECIES
213212615,https://www.gbif.org/species/5330001,Dracunculus vulgaris Schott,Plantae,SPECIES
213212620,https://www.gbif.org/species/2866850,Arisaema dracontium (L.) Schott,Plantae,SPECIES
213212627,https://www.gbif.org/species/9817629,Lysichiton americanus × camtschatcensis,Plantae,SPECIES
213212629,https://www.gbif.org/species/2869301,Lysichiton camtschatcensis (L.) Schott,Plantae,SPECIES
213212630,https://www.gbif.org/species/2474045,"Alectoris barbara (Bonnaterre, 1790)",Animalia,SPECIES
213212638,https://www.gbif.org/species/11055820,Hydrocharis laevigata (Humb. & Bonpl. ex Willd.) Byng & Christenh.,Plantae,SPECIES
213212639,https://www.gbif.org/species/5227747,"Lophophorus impejanus (Latham, 1790)",Animalia,SPECIES
213212644,https://www.gbif.org/species/5329263,Elodea densa (Planch.) Casp.,Plantae,SPECIES
213212649,https://www.gbif.org/species/2865524,Vallisneria australis S.W.L.Jacobs & Les,Plantae,SPECIES
213212662,https://www.gbif.org/species/2498161,"Anser rossii Cassin, 1861",Animalia,SPECIES
213212663,https://www.gbif.org/species/2498163,"Anser canagicus (Sevastianov, 1802)",Animalia,SPECIES
213212665,https://www.gbif.org/species/2498167,"Anser caerulescens (Linnaeus, 1758)",Animalia,SPECIES
213212668,https://www.gbif.org/species/7529533,Canna ×hybrida Rodigas,Plantae,SPECIES
213212669,https://www.gbif.org/species/9235549,"Sibirionetta formosa (Georgi, 1775)",Animalia,SPECIES
7826520,https://www.gbif.org/species/7826520,"Canna indica Ruiz & Pav., 1798",Plantae,SPECIES
213212678,https://www.gbif.org/species/2702084,Juncus tenuis Willd.,Plantae,SPECIES
213212679,https://www.gbif.org/species/2701120,Juncus dichotomus Elliott,Plantae,SPECIES
213212682,https://www.gbif.org/species/2702058,Juncus anthelatus (Wiegand) R.E.Brooks,Plantae,SPECIES
213212683,https://www.gbif.org/species/2498177,"Netta erythrophthalma (Wied-Neuwied, 1833)",Animalia,SPECIES
213212685,https://www.gbif.org/species/2701831,Juncus dudleyi Wiegand,Plantae,SPECIES
213212686,https://www.gbif.org/species/2701564,Juncus pallidus R.Br.,Plantae,SPECIES
213212687,https://www.gbif.org/species/2498061,"Anas zonorhyncha Swinhoe, 1866",Animalia,SPECIES
213212692,https://www.gbif.org/species/6431411,Echinochloa colonum (L.) Link,Plantae,SPECIES
213212695,https://www.gbif.org/species/4104665,Avellinia festucoides (Link) Valdés & H.Scholz,Plantae,SPECIES
213212700,https://www.gbif.org/species/4135683,Rytidosperma setaceum (R.Br.) Connor & Edgar,Plantae,SPECIES
4135762,https://www.gbif.org/species/4105744,Rytidosperma racemosum (R.Br.) Connor & Edgar,Plantae,SPECIES
213212712,https://www.gbif.org/species/2498155,"Mareca americana (J.F.Gmelin, 1789)",Animalia,SPECIES
213212713,https://www.gbif.org/species/9480191,"Mareca falcata (Georgi, 1775)",Animalia,SPECIES
213212714,https://www.gbif.org/species/9508460,"Mareca sibilatrix (Poeppig, 1829)",Animalia,SPECIES
213212717,https://www.gbif.org/species/9382716,Sporobolus schoenoides (L.) P.M.Peterson,Plantae,SPECIES
213212719,https://www.gbif.org/species/9288935,"Spatula rhynchotis (Latham, 1801)",Animalia,SPECIES
213212720,https://www.gbif.org/species/9583342,"Spatula puna (Tschudi, 1844)",Animalia,SPECIES
213212721,https://www.gbif.org/species/9267300,Sporobolus advenus (Stapf) P.M.Peterson,Plantae,SPECIES
213212722,https://www.gbif.org/species/9496048,"Spatula hottentota (Eyton, 1838)",Animalia,SPECIES
213212723,https://www.gbif.org/species/9632508,Sporobolus alopecuroides (Piller & Mitterp.) P.M.Peterson,Plantae,SPECIES
213212724,https://www.gbif.org/species/9345027,"Spatula cyanoptera (Vieillot, 1816)",Animalia,SPECIES
213212725,https://www.gbif.org/species/9462721,Spatula versicolor versicolor,Animalia,SUBSPECIES
213212726,https://www.gbif.org/species/9405036,Spatula cyanoptera cyanoptera,Animalia,SUBSPECIES
213212727,https://www.gbif.org/species/9305555,"Spatula versicolor (Vieillot, 1816)",Animalia,SPECIES
213212728,https://www.gbif.org/species/9398259,Sporobolus anglicus (C.E.Hubb.) P.M.Peterson & Saarela,Plantae,SPECIES
213212730,https://www.gbif.org/species/9592414,Sporobolus michauxianus (Hitchc.) P.M.Peterson & Saarela,Plantae,SPECIES
213212731,https://www.gbif.org/species/9379326,Sporobolus aculeatus (L.) P.M.Peterson,Plantae,SPECIES
213212733,https://www.gbif.org/species/2498325,"Bucephala islandica (J.F.Gmelin, 1789)",Animalia,SPECIES
213212737,https://www.gbif.org/species/4114502,Trisetaria panicea (Lam.) Paunero,Plantae,SPECIES
213212744,https://www.gbif.org/species/4154206,Polypogon imberbis (Phil.) Johow,Plantae,SPECIES
2493740,https://www.gbif.org/species/4845821,"Neochmia modesta (Gould, 1837)",Animalia,SPECIES
2493739,https://www.gbif.org/species/10920460,"Neochmia ruficauda (Gould, 1837)",Animalia,SPECIES
213212764,https://www.gbif.org/species/12246414,Parapholis cylindrica (Willd.) Romero Zarco,Plantae,SPECIES
213212766,https://www.gbif.org/species/2493618,"Lonchura striata (Linnaeus, 1766)",Animalia,SPECIES
213212768,https://www.gbif.org/species/4123394,Festuca guestfalica subsp. hirtula (Hack. ex Travis) Dengler,Plantae,SUBSPECIES
213212770,https://www.gbif.org/species/2702727,Festuca myuros L.,Plantae,SPECIES
213212772,https://www.gbif.org/species/4129181,Festuca ambigua Le Gall,Plantae,SPECIES
213212773,https://www.gbif.org/species/6431611,Festuca geniculata (L.) Lag. & Rodr.,Plantae,SPECIES
213212775,https://www.gbif.org/species/4129351,Festuca alopecuros Schousb.,Plantae,SPECIES
213212776,https://www.gbif.org/species/4121365,Festuca ligustica (All.) Bertol.,Plantae,SPECIES
213212779,https://www.gbif.org/species/2704949,Festuca trachyphylla (Hack.) Hack.,Plantae,SPECIES
213212780,https://www.gbif.org/species/4128881,Festuca antucensis (Trin.) Steud.,Plantae,SPECIES
213212782,https://www.gbif.org/species/4113111,Festuca octoflora Walter,Plantae,SPECIES
213212788,https://www.gbif.org/species/5230852,"Passerina ciris (Linnaeus, 1758)",Animalia,SPECIES
213212789,https://www.gbif.org/species/5674825,Cynodon incompletus Nees,Plantae,SPECIES
213212796,https://www.gbif.org/species/7341745,"Spinus magellanicus (Vieillot, 1805)",Animalia,SPECIES
213212810,https://www.gbif.org/species/4138275,Zuloagaea bulbosa (Kunth) Bess,Plantae,SPECIES
213212821,https://www.gbif.org/species/2705286,Avena sterilis L.,Plantae,SPECIES
213212822,https://www.gbif.org/species/10937982,"Phonipara canora (J.F.Gmelin, 1789)",Animalia,SPECIES
213212823,https://www.gbif.org/species/2705287,Avena sterilis subsp. ludoviciana (Durieu) Nyman,Plantae,SUBSPECIES
213212827,https://www.gbif.org/species/2704854,Dasypyrum villosum (L.) Borbás,Plantae,SPECIES
213212831,https://www.gbif.org/species/2703867,Leptochloa decipiens (R.Br.) Stapf ex Maiden,Plantae,SPECIES
213212832,https://www.gbif.org/species/6100941,"Sturnia pagodarum (Gmelin, 1789)",Animalia,SPECIES
213212833,https://www.gbif.org/species/4132902,Leptochloa decipiens subsp. peacockii (Maiden & Betche) N.Snow,Plantae,SUBSPECIES
213212834,https://www.gbif.org/species/4132112,Leptochloa panicea subsp. brachiata (Steud.) N.Snow,Plantae,SUBSPECIES
213212838,https://www.gbif.org/species/8010581,Diplachne fusca (L.) P.Beauv. ex Roem. & Schult.,Plantae,SPECIES
213212844,https://www.gbif.org/species/4142335,Achnatherum bromoides (L.) P.Beauv.,Plantae,SPECIES
213212852,https://www.gbif.org/species/8112114,Elymus hystrix L.,Plantae,SPECIES
213212856,https://www.gbif.org/species/5289726,Cenchrus spinifex Cav.,Plantae,SPECIES
213212858,https://www.gbif.org/species/6068804,Cenchrus petiolaris (Hochst.) Morrone,Plantae,SPECIES
213212860,https://www.gbif.org/species/5290192,Cenchrus longisetus M.C.Johnst.,Plantae,SPECIES
213212866,https://www.gbif.org/species/4114858,Poa persica Trin.,Plantae,SPECIES
213212881,https://www.gbif.org/species/2705098,Panicum hillmanii Chase,Plantae,SPECIES
213212885,https://www.gbif.org/species/2475235,"Tauraco leucotis (Ruppell, 1835)",Animalia,SPECIES
213212893,https://www.gbif.org/species/2479509,"Neophema pulchella (Shaw, 1792)",Animalia,SPECIES
213212895,https://www.gbif.org/species/8338571,Hordeum marinum subsp. gussoneanum (Parl.) Thell.,Plantae,SUBSPECIES
213212897,https://www.gbif.org/species/2479925,"Alisterus scapularis (Lichtenstein, 1816)",Animalia,SPECIES
213212899,https://www.gbif.org/species/5959228,"Ara severus (Linnaeus, 1758)",Animalia,SPECIES
213212900,https://www.gbif.org/species/4270548,Hordeum murinum subsp. leporinum (Link) Arcang.,Plantae,SUBSPECIES
213212901,https://www.gbif.org/species/4115425,Hordeum murinum subsp. glaucum (Steud.) Tzvelev,Plantae,SUBSPECIES
6170530,https://www.gbif.org/species/2479694,"Trichoglossus haematodus moluccanus (Gmelin, 1788)",Animalia,SUBSPECIES
213212907,https://www.gbif.org/species/7738766,Miscanthus sacchariflorus (Maxim.) Benth. & Hook.f. ex Franch.,Plantae,SPECIES
213212917,https://www.gbif.org/species/4121791,Molinia arundinacea Schrank,Plantae,SPECIES
213212922,https://www.gbif.org/species/2479598,"Eolophus roseicapilla (Vieillot, 1817)",Animalia,SPECIES
213212924,https://www.gbif.org/species/5289998,Digitaria ciliaris (Retz.) Koeler,Plantae,SPECIES
213212931,https://www.gbif.org/species/2705621,Paspalum notatum Flüggé,Plantae,SPECIES
213212934,https://www.gbif.org/species/2479804,"Pyrrhura molinae (Massena & Souance, 1854)",Animalia,SPECIES
213212937,https://www.gbif.org/species/2479720,"Barnardius zonarius (Shaw, 1805)",Animalia,SPECIES
213212944,https://www.gbif.org/species/2702543,Dichanthelium clandestinum (L.) Gould,Plantae,SPECIES
213212947,https://www.gbif.org/species/4932232,Dactylis glomerata subsp. lobata (Drejer) H.Lindb.,Plantae,SUBSPECIES
7528816,https://www.gbif.org/species/7528816,Avena nuda Thuill.,Plantae,SPECIES
213212957,https://www.gbif.org/species/8389446,Triticum turgidum subsp. dicoccum (Schrank ex Schübl.) Thell.,Plantae,SUBSPECIES
213212959,https://www.gbif.org/species/6313049,Triticum turgidum subsp. polonicum (L.) Thell.,Plantae,SUBSPECIES
213212960,https://www.gbif.org/species/6313051,Triticum turgidum subsp. durum (Desf.) Husn.,Plantae,SUBSPECIES
213212963,https://www.gbif.org/species/12205713,Triticum aestivum subsp. compactum (Host) H.Messik.,Plantae,SUBSPECIES
213212966,https://www.gbif.org/species/2481125,"Larosterna inca (R.Lesson & Garnot, 1827)",Animalia,SPECIES
213212972,https://www.gbif.org/species/4114348,Phyllostachys sulphurea (Carrière) Rivière & C.Rivière,Plantae,SPECIES
213212983,https://www.gbif.org/species/2705828,Urochloa plantaginea (Link) R.D.Webster,Plantae,SPECIES
213212985,https://www.gbif.org/species/2705854,Urochloa platyphylla (Munro ex C.Wright) R.D.Webster,Plantae,SPECIES
213212987,https://www.gbif.org/species/2705848,Urochloa mutica (Forssk.) T.Q.Nguyen,Plantae,SPECIES
213212988,https://www.gbif.org/species/2705875,Urochloa ramosa (L.) T.Q.Nguyen,Plantae,SPECIES
213212993,https://www.gbif.org/species/4123912,Agrostis ×dimorpholemma Ohwi,Plantae,SPECIES
213212997,https://www.gbif.org/species/4155246,Moorochloa eruciformis (Sm.) Veldkamp,Plantae,SPECIES
213213001,https://www.gbif.org/species/2497828,"Ninox boobook (Latham, 1801)",Animalia,SPECIES
213213003,https://www.gbif.org/species/2703712,Bromus carinatus Hook. & Arn.,Plantae,SPECIES
213213005,https://www.gbif.org/species/4124881,Bromus ×ferronii Mabille,Plantae,SPECIES
213213006,https://www.gbif.org/species/2497341,"Megascops kennicottii (D.G.Elliot, 1867)",Animalia,SPECIES
213213008,https://www.gbif.org/species/2703663,Bromus rigidus Roth,Plantae,SPECIES
213213009,https://www.gbif.org/species/2497509,"Strix uralensis Pallas, 1771",Animalia,SPECIES
213213012,https://www.gbif.org/species/8918909,Bromus hordeaceus subsp. divaricatus (Bonnier & Layens) Kerguélen,Plantae,SUBSPECIES
6176735,https://www.gbif.org/species/5739284,"Porphyrio porphyrio poliocephalus (Latham, 1802)",Animalia,SUBSPECIES
213213019,https://www.gbif.org/species/7226794,Bromus japonicus subsp. japonicus,Plantae,SUBSPECIES
2474942,https://www.gbif.org/species/9473367,"Grus vipio Pallas, 1811",Animalia,SPECIES
213213025,https://www.gbif.org/species/2475364,"Coracias cyanogaster Cuvier, 1816",Animalia,SPECIES
213213038,https://www.gbif.org/species/2480668,"Geranoaetus melanoleucus (Vieillot, 1819)",Animalia,SPECIES
213213042,https://www.gbif.org/species/10986555,Thinopyrum obtusiflorum (DC.) Banfi,Plantae,SPECIES
213213046,https://www.gbif.org/species/4132010,Pleioblastus distichus (Mitford) Nakai,Plantae,SPECIES
213213048,https://www.gbif.org/species/4132188,Pleioblastus argenteostriatus (Regel) Nakai,Plantae,SPECIES
213213050,https://www.gbif.org/species/2705196,Agropyron cristatum (L.) Gaertn.,Plantae,SPECIES
213213055,https://www.gbif.org/species/2495840,"Chalcophaps indica (Linnaeus, 1758)",Animalia,SPECIES
213213058,https://www.gbif.org/species/6101223,"Spilopelia senegalensis (Linnaeus, 1766)",Animalia,SPECIES
213213059,https://www.gbif.org/species/6101224,"Spilopelia chinensis (Scopoli, 1786)",Animalia,SPECIES
213213060,https://www.gbif.org/species/4121049,Secale strictum (C.Presl) C.Presl,Plantae,SPECIES
4121360,https://www.gbif.org/species/4121360,Secale ×derzhavinii Tzvelev,Plantae,SPECIES
7747216,https://www.gbif.org/species/6084799,Aira caryophyllea L.,Plantae,SPECIES
213213068,https://www.gbif.org/species/2495869,"Columbina passerina (Linnaeus, 1758)",Animalia,SPECIES
213213069,https://www.gbif.org/species/7948459,Aira elegans Willd. ex Roem. & Schult.,Plantae,SPECIES
213213072,https://www.gbif.org/species/9231612,Lolium subulatum Vis.,Plantae,SPECIES
213213074,https://www.gbif.org/species/10800064,"Lolium ×elongatum (Ehrh.) Banfi, Galasso, Foggi, Kopecký & Ardenghi",Plantae,SPECIES
213213080,https://www.gbif.org/species/12262171,Colpodium pisidicum (Boiss.) Röser & Tkach,Plantae,SPECIES
213213093,https://www.gbif.org/species/7738621,Dinebra divaricatissima (S.T.Blake) P.M.Peterson & N.Snow,Plantae,SPECIES
213213104,https://www.gbif.org/species/4146851,Pentameris airoides (Nees) Steud.,Plantae,SPECIES
213213107,https://www.gbif.org/species/9317568,Oloptum thomasii (Duby) Banfi & Galasso,Plantae,SPECIES
213213109,https://www.gbif.org/species/8335191,Oloptum miliaceum (L.) Röser & Hamasha,Plantae,SPECIES
2367911,https://www.gbif.org/species/2367913,"Misgurnus mohoity (Dybowski, 1869)",Animalia,SPECIES
213213119,https://www.gbif.org/species/2350050,"Poecilia reticulata Peters, 1859",Animalia,SPECIES
2705503,https://www.gbif.org/species/8134874,Glyceria striata (Lam.) Hitchc.,Plantae,SPECIES
2443339,https://www.gbif.org/species/2443339,"Mauremys Gray, 1869",Animalia,GENUS
213213132,https://www.gbif.org/species/5289670,Setaria adhaerens (Forssk.) Chiov.,Plantae,SPECIES
213213133,https://www.gbif.org/species/5289693,Setaria pumila (Poir.) Roem. & Schult.,Plantae,SPECIES
213213141,https://www.gbif.org/species/6156934,"Chrysemys picta bellii (Gray, 1831)",Animalia,SUBSPECIES
213213143,https://www.gbif.org/species/4149175,Eragrostis brownii (Kunth) Nees,Plantae,SPECIES
213213148,https://www.gbif.org/species/2705391,Eragrostis cylindriflora Hochst.,Plantae,SPECIES
213213149,https://www.gbif.org/species/2705369,Eragrostis cilianensis (All.) Vignolo ex Janch.,Plantae,SPECIES
213213150,https://www.gbif.org/species/4139037,Eragrostis virescens J.Presl,Plantae,SPECIES
213213157,https://www.gbif.org/species/5220435,"Pelodiscus sinensis Wiegmann, 1835",Animalia,SPECIES
213213177,https://www.gbif.org/species/7594735,Carex curvata Knaf,Plantae,SPECIES
213213183,https://www.gbif.org/species/2718377,Bolboschoenus planiculmis (F.Schmidt) T.V.Egorova,Plantae,SPECIES
7540482,https://www.gbif.org/species/7540482,"Cyperus longus A.Rich., 1850",Plantae,SPECIES
2714158,https://www.gbif.org/species/2714166,Cyperus alternifolius subsp. flabelliformis Kük.,Plantae,SUBSPECIES
213213199,https://www.gbif.org/species/2720120,Scirpus atrovirens Willd.,Plantae,SPECIES
213213201,https://www.gbif.org/species/2720269,Scirpus georgianus R.M.Harper,Plantae,SPECIES
213213205,https://www.gbif.org/species/2426658,"Pelophylax perezi (López-Seoane, 1885)",Animalia,SPECIES
213213226,https://www.gbif.org/species/3746867,Cheilanthes viridis var. macrophylla (Kunze) Schelpe & N.C.Anthony,Plantae,VARIETY
213213227,https://www.gbif.org/species/10857535,"Dryophytes japonicus (Günther, 1859)",Animalia,SPECIES
213213238,https://www.gbif.org/species/9662775,Gastoniella chaerophylla (Desv.) Li Bing Zhang & Liang Zhang,Plantae,SPECIES
213213239,https://www.gbif.org/species/10701161,"Paramesotriton labiatus (Unterstein, 1930)",Animalia,SPECIES
213213243,https://www.gbif.org/species/2650479,Phlebodium aureum (L.) J.Sm.,Plantae,SPECIES
213213247,https://www.gbif.org/species/2431993,"Ambystoma tigrinum (Green, 1825)",Animalia,SPECIES
213213266,https://www.gbif.org/species/7536754,"Dryopteris lacunosa S.Jess., Zenner, Chr.Stark & Bujnoch",Plantae,SPECIES
213213267,https://www.gbif.org/species/7577557,"Bispira polyomma Giangrande & Faasse, 2012",Animalia,SPECIES
213213278,https://www.gbif.org/species/6387003,Equisetum praealtum Raf.,Plantae,SPECIES
213213295,https://www.gbif.org/species/2684120,Sequoiadendron giganteum (Lindl.) J.T.Buchholz,Plantae,SPECIES
213213300,https://www.gbif.org/species/5284231,Metasequoia glyptostroboides H.H.Hu & W.C.Cheng,Plantae,SPECIES
213213312,https://www.gbif.org/species/2307726,"Microscolex phosphoreus (Dugès, 1837)",Animalia,SPECIES
213213317,https://www.gbif.org/species/2307447,"Barbronia weberi (Blanchard, 1897)",Animalia,SPECIES
213213321,https://www.gbif.org/species/5284702,Cedrus atlantica (Endl.) Manetti ex Carriere,Plantae,SPECIES
213213323,https://www.gbif.org/species/5284698,Cedrus deodara (Lamb.) G.Don,Plantae,SPECIES
213213324,https://www.gbif.org/species/2307929,"Placobdella ornata (Verrill, 1872)",Animalia,SPECIES
213213328,https://www.gbif.org/species/5285750,Pinus contorta Douglas ex Loudon,Plantae,SPECIES
213213332,https://www.gbif.org/species/5284809,Pinus nigra J.F.Arnold,Plantae,SPECIES
213213333,https://www.gbif.org/species/5285385,Pinus mugo Turra,Plantae,SPECIES
213213335,https://www.gbif.org/species/5285635,Pinus rigida Mill.,Plantae,SPECIES
213213341,https://www.gbif.org/species/6476704,"Parakontikia ventrolineata (Dendy, 1892)",Animalia,SPECIES
9085904,https://www.gbif.org/species/6476579,"Anisorhynchodemus signata (Graff, 1899)",Animalia,SPECIES
213213351,https://www.gbif.org/species/2653256,Ephedra intermedia Schrenk & C.A.Mey.,Plantae,SPECIES
213213352,https://www.gbif.org/species/6476679,"Caenoplana variegata (Fletcher & Hamilton, 1888)",Animalia,SPECIES
2653389,https://www.gbif.org/species/2653389,Ephedra gerardiana Wall. ex Stapf,Plantae,SPECIES
213213355,https://www.gbif.org/species/2653392,Ephedra gerardiana var. sikkimensis Stapf,Plantae,VARIETY
213213359,https://www.gbif.org/species/8740315,"Marionfyfea adventor Jones & Sluys, 2016",Animalia,SPECIES
3697259,https://www.gbif.org/species/3697259,Nymphaea ×marliacea Wildsmith,Plantae,SPECIES
213213397,https://www.gbif.org/species/2873995,Isotrema macrophyllum (Lam.) C.F.Reed,Plantae,SPECIES
213213417,https://www.gbif.org/species/3666422,Chamaenerion dodonaei (Vill.) Schur ex Fuss.,Plantae,SPECIES
213213418,https://www.gbif.org/species/4561827,"Cochlostoma septemspirale (Razoumowsky, 1789)",Animalia,SPECIES
213213423,https://www.gbif.org/species/5420957,Clarkia unguiculata Lindl.,Plantae,SPECIES
213213425,https://www.gbif.org/species/4362883,"Cerithium vulgatum Bruguière, 1792",Animalia,SPECIES
213213429,https://www.gbif.org/species/5421040,"Ludwigia hexapetala (Hook. & Arn.) Zardini, H.Y.Gu & P.H.Raven",Plantae,SPECIES
213213431,https://www.gbif.org/species/4368880,"Columbella rustica (Linnaeus, 1758)",Animalia,SPECIES
213213435,https://www.gbif.org/species/4366527,"Hexaplex cichoreum (Gmelin, 1791)",Animalia,SPECIES
213213436,https://www.gbif.org/species/4366460,"Hexaplex trunculus (Linnaeus, 1758)",Animalia,SPECIES
213213437,https://www.gbif.org/species/3188847,Oenothera affinis Cambess.,Plantae,SPECIES
3188894,https://www.gbif.org/species/7440977,Oenothera glazioviana Micheli,Plantae,SPECIES
213213446,https://www.gbif.org/species/3188896,Oenothera villosa Thunb.,Plantae,SPECIES
213213452,https://www.gbif.org/species/3666059,Oenothera glazioviana f. rubricalyx (R.R.Gates) Lambinon,Plantae,FORM
213213455,https://www.gbif.org/species/4567449,"Gittenbergia sororcula (Benoit, 1859)",Animalia,SPECIES
213213458,https://www.gbif.org/species/6427785,Oenothera tetragona Roth,Plantae,SPECIES
213213459,https://www.gbif.org/species/2295442,"Limacus flavus (Linnaeus, 1758)",Animalia,SPECIES
213213461,https://www.gbif.org/species/6427623,Oenothera villosa subsp. villosa,Plantae,SUBSPECIES
213213472,https://www.gbif.org/species/8305409,"Achatina achatina (Linnaeus, 1758)",Animalia,SPECIES
213213476,https://www.gbif.org/species/8790531,"Lissachatina fulica (Bowdich, 1822)",Animalia,SPECIES
213213482,https://www.gbif.org/species/4562529,"Morlina glabra (Rossmässler, 1835)",Animalia,SPECIES
213213485,https://www.gbif.org/species/3797084,Alkekengi officinarum Moench,Plantae,SPECIES
213213487,https://www.gbif.org/species/9537212,Alkekengi officinarum var. franchetii (Mast.) R.J.Wang,Plantae,VARIETY
213213490,https://www.gbif.org/species/2928859,Petunia ×atkinsiana D.Don ex Loudon,Plantae,SPECIES
213213493,https://www.gbif.org/species/5190912,"Testacella haliotidea Draparnaud, 1801",Animalia,SPECIES
213213497,https://www.gbif.org/species/5795017,"Ferussacia folliculum (Schröter, 1784)",Animalia,SPECIES
213213501,https://www.gbif.org/species/3799170,Nicotiana ×sanderae W.Watson,Plantae,SPECIES
213213509,https://www.gbif.org/species/7505521,"Zebrina detrita (O.F.Müller, 1774)",Animalia,SPECIES
8791507,https://www.gbif.org/species/8791507,Physalis philadelphica Lambert,Plantae,SPECIES
213213513,https://www.gbif.org/species/2294275,"Eobania vermiculata (O.F.Müller, 1774)",Animalia,SPECIES
5581168,https://www.gbif.org/species/6402873,Physalis philadelphica subsp. ixocarpa (Brot. ex Hornem.) Sobr.-Vesp. & Sanz-Elorza,Plantae,SUBSPECIES
213213517,https://www.gbif.org/species/5341792,Physalis angulata L.,Plantae,SPECIES
213213518,https://www.gbif.org/species/7753992,"Helix lucorum Linnaeus, 1758",Animalia,SPECIES
213213519,https://www.gbif.org/species/5581279,Physalis longifolia var. subglabrata (Mack. & Bush) Cronquist,Plantae,VARIETY
213213522,https://www.gbif.org/species/2294284,"Otala lactea (O.F.Müller, 1774)",Animalia,SPECIES
213213526,https://www.gbif.org/species/2928905,Calibrachoa parviflora (Juss.) D' Arcy,Plantae,SPECIES
213213531,https://www.gbif.org/species/2930222,Solanum americanum Mill.,Plantae,SPECIES
8624880,https://www.gbif.org/species/8624880,"Cernuella virgata (Muller, 1774)",Animalia,SPECIES
213213534,https://www.gbif.org/species/2929800,Solanum angustifolium Houst. ex Mill.,Plantae,SPECIES
213213536,https://www.gbif.org/species/2932147,Solanum nitidibaccatum Bitter,Plantae,SPECIES
213213539,https://www.gbif.org/species/2931738,Solanum pimpinellifolium L.,Plantae,SPECIES
213213540,https://www.gbif.org/species/7384449,"Radix rubiginosa (Michelin, 1831)",Animalia,SPECIES
213213541,https://www.gbif.org/species/2932872,Solanum decipiens Opiz,Plantae,SPECIES
213213543,https://www.gbif.org/species/2931237,Solanum triflorum Nutt.,Plantae,SPECIES
213213545,https://www.gbif.org/species/2929505,Solanum villosum Mill.,Plantae,SPECIES
213213546,https://www.gbif.org/species/4362965,"Melanoides tuberculata (O.F.Müller, 1774)",Animalia,SPECIES
213213547,https://www.gbif.org/species/2929847,Solanum aethiopicum L.,Plantae,SPECIES
213213559,https://www.gbif.org/species/3610757,Cuscuta campestris Yunck.,Plantae,SPECIES
213213560,https://www.gbif.org/species/2927492,Cuscuta gronovii Willd. ex Schult.,Plantae,SPECIES
213213564,https://www.gbif.org/species/5724924,"Charonia lampas (Linnaeus, 1758)",Animalia,SPECIES
213213565,https://www.gbif.org/species/2928534,Ipomoea nil (L.) Roth,Plantae,SPECIES
213213568,https://www.gbif.org/species/2928584,Ipomoea lacunosa L.,Plantae,SPECIES
213213569,https://www.gbif.org/species/8059430,"Heleobia charruana (d'Orbigny, 1841)",Animalia,SPECIES
213213570,https://www.gbif.org/species/9060332,Ipomoea heptaphylla Sweet,Plantae,SPECIES
213213572,https://www.gbif.org/species/2928560,Ipomoea coccinea L.,Plantae,SPECIES
2928584,https://www.gbif.org/species/7324507,Ipomoea lacunosa L.,Plantae,SPECIES
213213578,https://www.gbif.org/species/7162908,Convolvulus tricolor L.,Plantae,SPECIES
213213583,https://www.gbif.org/species/7225712,Calystegia silvatica subsp. silvatica,Plantae,SUBSPECIES
213213596,https://www.gbif.org/species/7293727,Ampelopsis glandulosa (Wall.) Momiy.,Plantae,SPECIES
213213599,https://www.gbif.org/species/3039203,Parthenocissus inserta (A.Kern.) Fritsch,Plantae,SPECIES
213213603,https://www.gbif.org/species/5855746,"Meretrix lyrata (G.B.Sowerby II, 1851)",Animalia,SPECIES
213213615,https://www.gbif.org/species/5729018,"Donax serra Röding, 1798",Animalia,SPECIES
213213618,https://www.gbif.org/species/8864505,"Macomopsis melo (G.B.Sowerby II, 1866)",Animalia,SPECIES
213213619,https://www.gbif.org/species/4194303,Ribes aureum var. villosum DC.,Plantae,VARIETY
213213621,https://www.gbif.org/species/2986111,Ribes aureum Pursh,Plantae,SPECIES
3152839,https://www.gbif.org/species/3152839,"Cercidiphyllum japonicum, 1852",Plantae,SPECIES
213213638,https://www.gbif.org/species/4201709,Sempervivum arachnoideum L.,Plantae,SPECIES
213213642,https://www.gbif.org/species/4202184,Hylotelephium anacampseros (L.) H.Ohba,Plantae,SPECIES
213213646,https://www.gbif.org/species/11162940,Phedimus spurius subsp. spurius,Plantae,SUBSPECIES
213213648,https://www.gbif.org/species/7768495,Phedimus stolonifer (S.G.Gmel.) 't Hart,Plantae,SPECIES
213213650,https://www.gbif.org/species/4201695,Phedimus hybridus (L.) 't Hart,Plantae,SPECIES
213213653,https://www.gbif.org/species/4201688,Phedimus kamtschaticus (Fisch.) 't Hart,Plantae,SPECIES
213213654,https://www.gbif.org/species/7172831,Phedimus aizoon (L.) 't Hart,Plantae,SPECIES
213213655,https://www.gbif.org/species/2285504,"Yoldia limatula (Say, 1831)",Animalia,SPECIES
213213660,https://www.gbif.org/species/5361977,Sedum mexicanum Britton,Plantae,SPECIES
213213662,https://www.gbif.org/species/5690814,Sedum lydium Boiss.,Plantae,SPECIES
213213666,https://www.gbif.org/species/7863397,Petrosedum ochroleucum (Chaix) Niederle,Plantae,SPECIES
11206887,https://www.gbif.org/species/5688347,Petrosedum sediforme subsp. sediforme,Plantae,SUBSPECIES
213213671,https://www.gbif.org/species/10933479,"Haliclona xena de Weerdt, 1986",Animalia,SPECIES
213213675,https://www.gbif.org/species/10730110,Crassula peduncularis (Sm.) Cambess.,Plantae,SPECIES
213213677,https://www.gbif.org/species/2242011,"Mycale micracanthoxea Buizer & van Soest, 1977",Animalia,SPECIES
213213689,https://www.gbif.org/species/3032762,Saxifraga stolonifera Curtis,Plantae,SPECIES
213213694,https://www.gbif.org/species/4346612,"Anguillicola crassus Kuwahara, Niimi & Itagaki, 1974",Animalia,SPECIES
213213723,https://www.gbif.org/species/3169137,Euonymus fortunei (Turcz.) Hand.-Mazz.,Plantae,SPECIES
213213724,https://www.gbif.org/species/3790832,Euonymus oxyphyllus Miq.,Plantae,SPECIES
213213740,https://www.gbif.org/species/10773250,Melilotus siculus (Turra) Steud.,Plantae,SPECIES
2971024,https://www.gbif.org/species/2971024,Melilotus officinalis (L.) Pallas,Plantae,SPECIES
213213744,https://www.gbif.org/species/6098843,"Ctenolepisma longicaudatum Escherich, 1905",Animalia,SPECIES
213213747,https://www.gbif.org/species/3973495,Vicia eriocarpa (Hausskn.) Halácsy,Plantae,SPECIES
213213749,https://www.gbif.org/species/3973001,Vicia lens (L.) Coss. & Germ.,Plantae,SPECIES
213213754,https://www.gbif.org/species/7769230,Vicia lentoides (Ten.) Coss. & Germ.,Plantae,SPECIES
213213755,https://www.gbif.org/species/1707320,"Schistocerca gregaria (Forskål, 1775)",Animalia,SPECIES
213213757,https://www.gbif.org/species/2974811,Vicia pannonica Crantz,Plantae,SPECIES
2975132,https://www.gbif.org/species/7225456,Vicia narbonensis L.,Plantae,SPECIES
213213759,https://www.gbif.org/species/1714140,"Oedaleus decorus (Germar, 1825)",Animalia,SPECIES
213213764,https://www.gbif.org/species/7302355,Vicia benghalensis subsp. benghalensis,Plantae,SUBSPECIES
213213771,https://www.gbif.org/species/2975132,Vicia narbonensis L.,Plantae,SPECIES
213213773,https://www.gbif.org/species/1683815,"Rhacocleis annulata Fieber, 1853",Animalia,SPECIES
2974811,https://www.gbif.org/species/9603492,Vicia pannonica Crantz,Plantae,SPECIES
213213777,https://www.gbif.org/species/1720196,"Homoeogryllus reticulatus (Fabricius, 1781)",Animalia,SPECIES
213213779,https://www.gbif.org/species/2975135,Vicia serratifolia Jacq.,Plantae,SPECIES
213213785,https://www.gbif.org/species/1411953,"Carausius morosus Brunner von Wattenwyl, 1907",Animalia,SPECIES
213213797,https://www.gbif.org/species/2945513,Cladrastis kentukea (Dum.Cours.) Rudd,Plantae,SPECIES
213213804,https://www.gbif.org/species/5347846,Lathyrus oleraceus Lam.,Plantae,SPECIES
213213812,https://www.gbif.org/species/5359068,Trifolium sylvaticum Gérard,Plantae,SPECIES
213213824,https://www.gbif.org/species/6109535,Trifolium hybridum L.,Plantae,SPECIES
213213825,https://www.gbif.org/species/5041422,"Sceliphron curvatum (F.Smith, 1870)",Animalia,SPECIES
213213826,https://www.gbif.org/species/5041471,"Sceliphron destillatorium (Illiger, 1807)",Animalia,SPECIES
213213830,https://www.gbif.org/species/1346919,"Isodontia mexicana (de Saussure, 1867)",Animalia,SPECIES
213213836,https://www.gbif.org/species/5356892,Lotus parviflorus Desf.,Plantae,SPECIES
7111792,https://www.gbif.org/species/7753114,Lotus corniculatus subsp. corniculatus,Plantae,SUBSPECIES
213213840,https://www.gbif.org/species/9551728,"Tapinoma magnum Mayr, 1861",Animalia,SPECIES
5360221,https://www.gbif.org/species/5360221,Thermopsis montana Torr. & A.Gray,Plantae,SPECIES
213213847,https://www.gbif.org/species/2976091,Baptisia australis (L.) R.Br.,Plantae,SPECIES
8261015,https://www.gbif.org/species/8261015,Trigonella foenum-graecum (Habl.),Plantae,SPECIES
213213860,https://www.gbif.org/species/5349991,Coronilla securidaca L.,Plantae,SPECIES
213213861,https://www.gbif.org/species/5350005,Coronilla varia L.,Plantae,SPECIES
213213865,https://www.gbif.org/species/1276876,"Ctenochares bicolorus (Linnaeus, 1767)",Animalia,SPECIES
213213869,https://www.gbif.org/species/5869933,"Laelius pedatus (Say, 1836)",Animalia,SPECIES
213213871,https://www.gbif.org/species/2956442,Colutea orientalis Mill.,Plantae,SPECIES
213213877,https://www.gbif.org/species/5354675,Chamaecytisus elongatus (Waldst. & Kit.) Link,Plantae,SPECIES
213213878,https://www.gbif.org/species/1371011,"Megastigmus spermotrophus Wachtl, 1893",Animalia,SPECIES
213213882,https://www.gbif.org/species/4496869,"Neuroterus saliens (Kollar, 1857)",Animalia,SPECIES
213213885,https://www.gbif.org/species/5928735,Sulla coronaria (L.) B.H.Choi & H.Ohashi,Plantae,SPECIES
1309635,https://www.gbif.org/species/1309635,"Aphelonyx cerricola (Giraud, 1859)",Animalia,SPECIES
213213889,https://www.gbif.org/species/2943190,Caragana arborescens Lam.,Plantae,SPECIES
213213890,https://www.gbif.org/species/4496973,"Andricus gemmeus (Giraud, 1859)",Animalia,SPECIES
213213891,https://www.gbif.org/species/1309606,"Andricus grossulariae Giraud, 1859",Animalia,SPECIES
213213893,https://www.gbif.org/species/4497054,"Andricus lignicolus (Hartig, 1840)",Animalia,SPECIES
213213894,https://www.gbif.org/species/4497120,"Andricus corruptrix (Schlechtendal, 1870)",Animalia,SPECIES
213213895,https://www.gbif.org/species/4497124,"Andricus quercuscalicis (Burgsdorff, 1783)",Animalia,SPECIES
213213896,https://www.gbif.org/species/4497180,"Andricus aries (Giraud, 1859)",Animalia,SPECIES
213213897,https://www.gbif.org/species/1309600,"Andricus kollari (Hartig, 1843)",Animalia,SPECIES
213213900,https://www.gbif.org/species/1309652,"Dryocosmus kuriphilus Yasumatsu, 1951",Animalia,SPECIES
213213908,https://www.gbif.org/species/1795068,"Thysanoplusia orichalcea (Fabricius, 1775)",Animalia,SPECIES
213213914,https://www.gbif.org/species/1873903,"Cadra figulilella (Gregson, 1871)",Animalia,SPECIES
213213915,https://www.gbif.org/species/1873890,"Cadra cautella (Walker, 1863)",Animalia,SPECIES
213213918,https://www.gbif.org/species/8766638,"Hypsopygia nostralis (Guenée, 1854)",Animalia,SPECIES
213213920,https://www.gbif.org/species/1873051,"Cryptoblabes gnidiella Millière, 1867",Animalia,SPECIES
213213924,https://www.gbif.org/species/2970585,Sesbania herbacea (Mill.) McVaugh,Plantae,SPECIES
213213926,https://www.gbif.org/species/1886729,"Maruca vitrata (Fabricius, 1787)",Animalia,SPECIES
213213928,https://www.gbif.org/species/1891245,"Sufetula diminutalis Walker, 1865",Animalia,SPECIES
213213929,https://www.gbif.org/species/2965250,Medicago tornata (L.) Mill.,Plantae,SPECIES
213213931,https://www.gbif.org/species/2965354,Medicago falcata L.,Plantae,SPECIES
213213932,https://www.gbif.org/species/1885213,"Crocidophora butleri South, 1901",Animalia,SPECIES
213213933,https://www.gbif.org/species/7373959,Medicago ciliaris (L.) All.,Plantae,SPECIES
213213935,https://www.gbif.org/species/2965405,Medicago intertexta (L.) Mill.,Plantae,SPECIES
213213938,https://www.gbif.org/species/9776414,"Acharia stimulea (Clemens, 1860)",Animalia,SPECIES
213213942,https://www.gbif.org/species/8741260,"Macrosaccus robiniella (Clemens, 1859)",Animalia,SPECIES
213213945,https://www.gbif.org/species/1749580,"Phyllocnistis citrella Stainton, 1856",Animalia,SPECIES
213213949,https://www.gbif.org/species/1829659,"Lepidotarphius perornatella Walker, 1864",Animalia,SPECIES
213213953,https://www.gbif.org/species/4530608,"Clepsis peritana (Clemens, 1860)",Animalia,SPECIES
213213954,https://www.gbif.org/species/5358302,Scorpiurus muricatus L.,Plantae,SPECIES
213213957,https://www.gbif.org/species/11141765,"Tetramoera langmaidi Plant, 2014",Animalia,SPECIES
213213962,https://www.gbif.org/species/8149049,Wisteria sinensis (Sims) DC.,Plantae,SPECIES
213213963,https://www.gbif.org/species/1737131,"Epiphyas postvittana (Walker, 1863)",Animalia,SPECIES
213213967,https://www.gbif.org/species/1866356,"Samia cynthia Drury, 1773",Animalia,SPECIES
213213970,https://www.gbif.org/species/1865660,"Actias selene Hübner, 1806",Animalia,SPECIES
213213973,https://www.gbif.org/species/5124716,"Attacus atlas (Linnaeus, 1758)",Animalia,SPECIES
213213977,https://www.gbif.org/species/1910629,"Hypolimnas bolina (Linnaeus, 1758)",Animalia,SPECIES
213213979,https://www.gbif.org/species/5128034,"Dryas iulia (Fabricius, 1775)",Animalia,SPECIES
213213981,https://www.gbif.org/species/5130444,"Junonia iphita (Cramer, 1782)",Animalia,SPECIES
213213984,https://www.gbif.org/species/5133523,"Morpho menelaus (Linnaeus, 1758)",Animalia,SPECIES
213213988,https://www.gbif.org/species/2984306,Gunnera tinctoria (Molina) Mirb.,Plantae,SPECIES
7926816,https://www.gbif.org/species/7926816,Monsonia angustifolia E.Mey. ex A.Rich.,Plantae,SPECIES
213213998,https://www.gbif.org/species/3826854,Erodium manescavi Coss.,Plantae,SPECIES
213214000,https://www.gbif.org/species/1830823,"Prays citri Millière, 1873",Animalia,SPECIES
8391331,https://www.gbif.org/species/8391331,Erodium moschatum (L.) Aiton,Plantae,SPECIES
213214004,https://www.gbif.org/species/3826756,Erodium meynieri Maire,Plantae,SPECIES
213214005,https://www.gbif.org/species/5123474,"Anthophila nemorana (Hübner, 1799)",Animalia,SPECIES
213214007,https://www.gbif.org/species/2891624,Erodium cygnorum Nees,Plantae,SPECIES
2891621,https://www.gbif.org/species/2891621,"Erodium malacoides (L.) Willd., 1794",Plantae,SPECIES
213214010,https://www.gbif.org/species/1835422,"Schiffermuelleria bruandella (Ragonot, 1889)",Animalia,SPECIES
213214015,https://www.gbif.org/species/1852787,"Blastobasis lacticolella Rebel, 1939",Animalia,SPECIES
213214016,https://www.gbif.org/species/3828342,"Erodium carolinianum Aldasoro, Aedo, C.Navarro & L.Sáez",Plantae,SPECIES
213214017,https://www.gbif.org/species/1852831,"Blastobasis adustella Walsingham, 1894",Animalia,SPECIES
213214021,https://www.gbif.org/species/1830284,"Argyresthia thuiella Packard, 1871",Animalia,SPECIES
213214022,https://www.gbif.org/species/2890739,Geranium versicolor L.,Plantae,SPECIES
213214025,https://www.gbif.org/species/1971998,"Nepytia phantasmaria (Strecker, 1899)",Animalia,SPECIES
213214028,https://www.gbif.org/species/4535888,"Bucculatrix chrysanthemella Rebel, 1896",Animalia,SPECIES
213214029,https://www.gbif.org/species/1751299,"Bucculatrix ainsliella Murtfeldt, 1905",Animalia,SPECIES
213214033,https://www.gbif.org/species/2890957,Geranium renardii Trautv.,Plantae,SPECIES
213214034,https://www.gbif.org/species/2049732,"Adelges cooleyi (Gillette, 1907)",Animalia,SPECIES
213214035,https://www.gbif.org/species/2049722,"Adelges laricis Vallot, 1836",Animalia,SPECIES
213214036,https://www.gbif.org/species/2049661,"Adelges abietis (Linnaeus, 1758)",Animalia,SPECIES
213214039,https://www.gbif.org/species/5152543,"Raglius alboacuminatus (Goeze, 1778)",Animalia,SPECIES
213214042,https://www.gbif.org/species/9711656,Pelargonium capitatum (L.) L'Hér.,Plantae,SPECIES
213214043,https://www.gbif.org/species/4486432,"Dieuches armatipes (Walker, 1872)",Animalia,SPECIES
213214047,https://www.gbif.org/species/5152536,"Gastrodes abietum Bergroth, 1914",Animalia,SPECIES
213214050,https://www.gbif.org/species/3034002,Sassafras albidum (Nutt.) Nees,Plantae,SPECIES
213214053,https://www.gbif.org/species/4483961,"Viridicerus ustulatus (Mulsant & Rey, 1855)",Animalia,SPECIES
213214056,https://www.gbif.org/species/2037925,"Orientus ishidae (Matsumura, 1902)",Animalia,SPECIES
213214059,https://www.gbif.org/species/2049296,"Pithyotettix abietinus (Fallén, 1806)",Animalia,SPECIES
213214064,https://www.gbif.org/species/2928026,Nemophila menziesii Hook. & Arn.,Plantae,SPECIES
213214065,https://www.gbif.org/species/4484009,"Tremulicerus distinguendus (Kirschbaum, 1868)",Animalia,SPECIES
213214066,https://www.gbif.org/species/6420901,Nemophila menziesii var. menziesii,Plantae,VARIETY
213214069,https://www.gbif.org/species/2037991,"Liguropia juniperi (Lethierry, 1876)",Animalia,SPECIES
213214071,https://www.gbif.org/species/2047706,"Stragania apicalis (Osborn & Ball, 1898)",Animalia,SPECIES
213214074,https://www.gbif.org/species/2029899,"Japananus hyalinus (Osborn, 1900)",Animalia,SPECIES
213214077,https://www.gbif.org/species/9405645,Lycopsis arvensis subsp. orientalis (L.) Kusn.,Plantae,SUBSPECIES
213214078,https://www.gbif.org/species/4483971,"Populicerus albicans (Kirschbaum, 1868)",Animalia,SPECIES
213214081,https://www.gbif.org/species/2029273,"Zygina nivea (Mulsant & Rey, 1855)",Animalia,SPECIES
213214082,https://www.gbif.org/species/2925874,Amsinckia lycopsoides Lehm.,Plantae,SPECIES
213214084,https://www.gbif.org/species/2038171,"Opsius stactogalus Fieber, 1866",Animalia,SPECIES
213214087,https://www.gbif.org/species/4273336,Amsinckia menziesii var. intermedia (Fisch. & C.A.Mey.) Ganders,Plantae,VARIETY
213214088,https://www.gbif.org/species/2088481,"Unaspis euonymi (Comstock, 1881)",Animalia,SPECIES
213214091,https://www.gbif.org/species/4068166,Echium pininana Webb & Berthel.,Plantae,SPECIES
213214092,https://www.gbif.org/species/9139578,"Aulacaspis rosae (Bouché, 1833)",Animalia,SPECIES
213214096,https://www.gbif.org/species/4063383,Trachystemon orientale (L.) D.Don,Plantae,SPECIES
213214097,https://www.gbif.org/species/4486243,"Oxycarenus lavaterae (Fabricius, 1787)",Animalia,SPECIES
213214101,https://www.gbif.org/species/2049512,"Daktulosphaira vitifoliae (Fitch, 1855)",Animalia,SPECIES
7600329,https://www.gbif.org/species/7600329,Pulmonaria mollis Wulfen,Plantae,SPECIES
213214110,https://www.gbif.org/species/9629001,"Iberodes linifolia (L.) Serrano, R.Carbajal & S.Ortiz",Plantae,SPECIES
213214111,https://www.gbif.org/species/5152721,"Tuponia mixticolor (A.Costa, 1862)",Animalia,SPECIES
213214119,https://www.gbif.org/species/2010226,"Sthenarus rotermundi (Scholtz, 1847)",Animalia,SPECIES
213214121,https://www.gbif.org/species/4487598,"Closterotomus trivialis (A.Costa, 1853)",Animalia,SPECIES
213214126,https://www.gbif.org/species/8052025,"Dicyphus escalerae Lindberg, 1934",Animalia,SPECIES
213214130,https://www.gbif.org/species/4488821,"Deraeocoris flavilinea (A.Costa, 1862)",Animalia,SPECIES
213214137,https://www.gbif.org/species/2008616,"Empicoris rubromaculatus (Blackburn, 1888)",Animalia,SPECIES
213214139,https://www.gbif.org/species/4059971,Glandora diffusa (Lag.) D.C.Thomas,Plantae,SPECIES
10972541,https://www.gbif.org/species/10972541,"Cicada barbara (Stål, 1866)",Animalia,SPECIES
11104870,https://www.gbif.org/species/11104870,"Cicada orni Linnaeus, 1758",Animalia,SPECIES
213214145,https://www.gbif.org/species/5661914,Anchusa thessala Boiss. & Spruner,Plantae,SPECIES
213214148,https://www.gbif.org/species/5341201,Anchusa officinalis L.,Plantae,SPECIES
213214149,https://www.gbif.org/species/9078997,"Saissetia oleae (Olivier, 1791)",Animalia,SPECIES
213214151,https://www.gbif.org/species/2091932,"Pulvinaria hydrangeae Steinweden, 1946",Animalia,SPECIES
213214153,https://www.gbif.org/species/2092040,"Pulvinaria regalis Canard, 1968",Animalia,SPECIES
213214154,https://www.gbif.org/species/8255921,"Pulvinaria floccifera (Westwood, 1870)",Animalia,SPECIES
213214157,https://www.gbif.org/species/5712981,"Coccus hesperidum Linnaeus, 1758",Animalia,SPECIES
213214161,https://www.gbif.org/species/4488933,"Stephanitis oberti (Kolenati, 1856)",Animalia,SPECIES
213214162,https://www.gbif.org/species/2020686,"Stephanitis takeyai Drake & Maa, 1955",Animalia,SPECIES
213214165,https://www.gbif.org/species/2020655,"Corythucha ciliata (Say, 1832)",Animalia,SPECIES
213214169,https://www.gbif.org/species/5153082,"Homotoma ficus (Linnaeus, 1758)",Animalia,SPECIES
213214175,https://www.gbif.org/species/4484176,"Cacopsylla fulguralis (Kuwayama, 1908)",Animalia,SPECIES
213214183,https://www.gbif.org/species/2078852,"Nezara viridula (Linnaeus, 1758)",Animalia,SPECIES
7318199,https://www.gbif.org/species/7318199,"Oxalis tetraphylla Link & Otto, 1828",Plantae,SPECIES
213214186,https://www.gbif.org/species/9823072,Oxalis stricta L.,Plantae,SPECIES
213214189,https://www.gbif.org/species/7318131,Oxalis valdiviensis Barnéoud,Plantae,SPECIES
213214190,https://www.gbif.org/species/7763534,"Lauritrioza alacris (Flor, 1861)",Animalia,SPECIES
213214193,https://www.gbif.org/species/2080592,"Icerya purchasi Maskell, 1879",Animalia,SPECIES
213214197,https://www.gbif.org/species/2077985,"Impatientinum asiaticum Nevsky, 1929",Animalia,SPECIES
213214201,https://www.gbif.org/species/5159101,"Myzocallis walshii (Monell, 1879)",Animalia,SPECIES
213214202,https://www.gbif.org/species/3988179,Sarcococca coriacea (Hook.) Sweet,Plantae,SPECIES
213214206,https://www.gbif.org/species/2095283,"Pseudococcus longispinus (Targioni Tozzetti, 1867)",Animalia,SPECIES
9767566,https://www.gbif.org/species/9767566,"Agonoscena succincta (Heeger, 1856)",Animalia,SPECIES
213214214,https://www.gbif.org/species/3189824,Aesculus flava Sol.,Plantae,SPECIES
213214217,https://www.gbif.org/species/2012132,"Trialeurodes vaporariorum (Westwood, 1856)",Animalia,SPECIES
213214218,https://www.gbif.org/species/3189807,Aesculus pavia L.,Plantae,SPECIES
213214221,https://www.gbif.org/species/3189843,Acer tataricum L.,Plantae,SPECIES
213214222,https://www.gbif.org/species/7427542,"Aleurotuba jelinekii (Frauenfeld, 1867)",Animalia,SPECIES
213214225,https://www.gbif.org/species/2007665,"Belonochilus numenius (Say, 1831)",Animalia,SPECIES
213214226,https://www.gbif.org/species/7262943,Acer davidii Franch.,Plantae,SPECIES
213214228,https://www.gbif.org/species/4486297,"Arocatus longiceps Stal, 1872",Animalia,SPECIES
213214229,https://www.gbif.org/species/3189835,Acer macrophyllum Pursh,Plantae,SPECIES
213214231,https://www.gbif.org/species/11107889,"Graptostethus servus (Fabricius, 1787)",Animalia,SPECIES
213214232,https://www.gbif.org/species/3768287,Acer cissifolium (Siebold & Zucc.) K.Koch,Plantae,SPECIES
213214235,https://www.gbif.org/species/4486382,"Orsillus depressus Dallas, 1852",Animalia,SPECIES
213214236,https://www.gbif.org/species/7100404,Acer buergerianum Miq.,Plantae,SPECIES
213214240,https://www.gbif.org/species/2020832,"Xylocoris galactinus (Fieber, 1836)",Animalia,SPECIES
213214243,https://www.gbif.org/species/2020779,"Buchananiella continua (White, 1880)",Animalia,SPECIES
213214246,https://www.gbif.org/species/4487243,"Amphiareus obscuriceps (Poppius, 1909)",Animalia,SPECIES
213214249,https://www.gbif.org/species/2020879,"Lyctocoris campestris (Fabricius, 1794)",Animalia,SPECIES
213214250,https://www.gbif.org/species/3190544,Rhus glabra L.,Plantae,SPECIES
213214253,https://www.gbif.org/species/2064632,"Acanalonia conica (Say, 1830)",Animalia,SPECIES
213214262,https://www.gbif.org/species/5154481,"Stictocephala bisonia Kopp & Yonke, 1977",Animalia,SPECIES
213214266,https://www.gbif.org/species/3837891,Skimmia reevesiana (Fortune) Fortune,Plantae,SPECIES
213214273,https://www.gbif.org/species/3833284,Choisya ternata Kunth,Plantae,SPECIES
213214287,https://www.gbif.org/species/4293134,"Neoclytus acuminatus (Fabricius, 1775)",Animalia,SPECIES
213214293,https://www.gbif.org/species/1111797,"Chlorophorus annularis (Fabricius, 1787)",Animalia,SPECIES
213214294,https://www.gbif.org/species/9228111,Fumaria bastardii Boreau,Plantae,SPECIES
213214296,https://www.gbif.org/species/7315286,Fumaria muralis Koch,Plantae,SPECIES
213214299,https://www.gbif.org/species/1119292,"Morimus asper (Sulzer, 1776)",Animalia,SPECIES
213214302,https://www.gbif.org/species/8265082,"Monochamus sartor (Fabricius, 1787)",Animalia,SPECIES
213214304,https://www.gbif.org/species/8062758,"Monochamus galloprovincialis (Olivier, 1795)",Animalia,SPECIES
213214305,https://www.gbif.org/species/9587676,Roemeria hispida Stace,Plantae,SPECIES
213214307,https://www.gbif.org/species/5997154,"Merionoeda hirsuta (Mitono & Nishimura, 1936)",Animalia,SPECIES
213214310,https://www.gbif.org/species/7569075,"Rosalia alpina (Linnaeus, 1758)",Animalia,SPECIES
213214313,https://www.gbif.org/species/1133603,"Batocera lineolata Chevrolat, 1852",Animalia,SPECIES
213214316,https://www.gbif.org/species/4427283,"Anthrenocerus australis (Hope, 1843)",Animalia,SPECIES
213214319,https://www.gbif.org/species/4427319,"Anthrenus angustefasciatus Ganglbauer, 1904",Animalia,SPECIES
213214322,https://www.gbif.org/species/1095946,"Reesa vespulae (Milliron, 1939)",Animalia,SPECIES
213214323,https://www.gbif.org/species/3602683,Papaver cambricum L.,Plantae,SPECIES
213214325,https://www.gbif.org/species/2888435,Papaver bracteatum Lindl.,Plantae,SPECIES
213214327,https://www.gbif.org/species/5806954,"Tarsostenus carus (Newman, 1840)",Animalia,SPECIES
213214330,https://www.gbif.org/species/2888439,Papaver somniferum L.,Plantae,SPECIES
213214331,https://www.gbif.org/species/2888437,Papaver orientale L.,Plantae,SPECIES
213214336,https://www.gbif.org/species/1045323,"Pycnomerus sulcicollis LeConte, 1863",Animalia,SPECIES
7300414,https://www.gbif.org/species/7300414,Epimedium pinnatum Fisch.,Plantae,SPECIES
213214346,https://www.gbif.org/species/3982013,Epimedium pubigerum (DC.) C.Mooren & Decne.,Plantae,SPECIES
213214349,https://www.gbif.org/species/1247584,"Stenopelmus rufinasus Gyllenhal, 1835",Animalia,SPECIES
213214350,https://www.gbif.org/species/3033839,Podophyllum peltatum L.,Plantae,SPECIES
213214354,https://www.gbif.org/species/6132234,"Rhynchophorus ferrugineus (A.G.Olivier, 1791)",Animalia,SPECIES
213214357,https://www.gbif.org/species/7882289,"Zophobas atratus (Fabricius, 1775)",Animalia,SPECIES
213214361,https://www.gbif.org/species/7380533,"Ceratomegilla notata (Laicharting, 1781)",Animalia,SPECIES
213214363,https://www.gbif.org/species/3033888,Mahonia bealei (Fortune) Carrière,Plantae,SPECIES
3033865,https://www.gbif.org/species/3033868,Mahonia aquifolium (Pursh) Nutt.,Plantae,SPECIES
213214366,https://www.gbif.org/species/3982284,Mahonia ×wagneri (Jouin) Rehder,Plantae,SPECIES
213214372,https://www.gbif.org/species/4990175,"Rhyzobius lophanthae (Blaisdell, 1892)",Animalia,SPECIES
213214375,https://www.gbif.org/species/4470640,"Carabus rutilans Dejean, 1826",Animalia,SPECIES
213214380,https://www.gbif.org/species/2000152,"Periplaneta americana (Linnaeus, 1758)",Animalia,SPECIES
213214381,https://www.gbif.org/species/2000204,"Periplaneta australasiae (Fabricius, 1775)",Animalia,SPECIES
213214383,https://www.gbif.org/species/5151589,"Blatta orientalis Linnaeus, 1758",Animalia,SPECIES
213214387,https://www.gbif.org/species/7967494,Aconitum ×cammarum L.,Plantae,SPECIES
213214388,https://www.gbif.org/species/1995681,"Blaptica dubia (Serville, 1838)",Animalia,SPECIES
213214391,https://www.gbif.org/species/1995489,"Panchlora nivea (Linnaeus, 1758)",Animalia,SPECIES
213214395,https://www.gbif.org/species/1998599,"Cariblatta lutea (Saussure & Zehntner, 1893)",Animalia,SPECIES
213214398,https://www.gbif.org/species/7277946,Adonis aestivalis subsp. aestivalis,Plantae,SUBSPECIES
213214399,https://www.gbif.org/species/1998083,"Ectobius vittiventris (Costa, 1847)",Animalia,SPECIES
213214401,https://www.gbif.org/species/1997215,"Blattella germanica (Linnaeus, 1767)",Animalia,SPECIES
213214404,https://www.gbif.org/species/9419395,Anemonastrum canadense (L.) Mosyakin,Plantae,SPECIES
213214410,https://www.gbif.org/species/6376340,Thalictrum aquilegiifolium L.,Plantae,SPECIES
213214411,https://www.gbif.org/species/1623077,"Tephritis carmen Hering, 1937",Animalia,SPECIES
213214414,https://www.gbif.org/species/1623354,"Capitites ramulosa (Loew, 1844)",Animalia,SPECIES
7277106,https://www.gbif.org/species/7277106,Helleborus lividus Aiton,Plantae,SPECIES
213214418,https://www.gbif.org/species/1622599,"Rhagoletis cingulata (Loew, 1862)",Animalia,SPECIES
213214419,https://www.gbif.org/species/3924221,Helleborus argutifolius Viv.,Plantae,SPECIES
213214420,https://www.gbif.org/species/1622658,"Rhagoletis completa Cresson, 1929",Animalia,SPECIES
213214423,https://www.gbif.org/species/1626096,"Ceratitis capitata (Wiedemann, 1824)",Animalia,SPECIES
213214427,https://www.gbif.org/species/1579447,"Exaireta spinigera (Wiedemann, 1830)",Animalia,SPECIES
213214428,https://www.gbif.org/species/9673106,Eriocapitella ×hybrida (L.H.Bailey) Christenh. & Byng,Plantae,SPECIES
213214430,https://www.gbif.org/species/1577153,"Hermetia illucens (Linnaeus, 1758)",Animalia,SPECIES
213214431,https://www.gbif.org/species/9675867,Eriocapitella tomentosa (Maxim.) Christenh. & Byng,Plantae,SPECIES
213214435,https://www.gbif.org/species/1523628,"Callopistromyia annulipes (Macquart, 1855)",Animalia,SPECIES
213214442,https://www.gbif.org/species/8429167,Delphinium hispanicum Costa,Plantae,SPECIES
213214455,https://www.gbif.org/species/1521740,"Atypophthalmus umbratus (de Meijere, 1911)",Animalia,SPECIES
213214464,https://www.gbif.org/species/2211487,"Porcellionides cingendus (Kinahan, 1857)",Animalia,SPECIES
213214465,https://www.gbif.org/species/12187916,Tarenaya houtteana (Schltdl.) Soares Neto & Roalson,Plantae,SPECIES
213214472,https://www.gbif.org/species/5375020,Arabis alpina L.,Plantae,SPECIES
213214480,https://www.gbif.org/species/2204981,"Trichorhina tomentosa (Budde-Lund, 1893)",Animalia,SPECIES
213214484,https://www.gbif.org/species/2211599,"Ianiropsis serricaudis Gurjanova, 1936",Animalia,SPECIES
213214486,https://www.gbif.org/species/5928306,Lepidium draba subsp. chalepense (L.) Thell.,Plantae,SUBSPECIES
213214489,https://www.gbif.org/species/5376961,Lepidium draba L.,Plantae,SPECIES
213214495,https://www.gbif.org/species/5178052,"Caprella equilibra Say, 1818",Animalia,SPECIES
213214497,https://www.gbif.org/species/10944522,Mummenhoffia alliacea (L.) Esmailbegi & Al-Shehbaz,Plantae,SPECIES
213214511,https://www.gbif.org/species/4417132,"Chaetogammarus trichiatus Martynov, 1932",Animalia,SPECIES
213214517,https://www.gbif.org/species/3045473,Noccaea brachypetala (Jord.) F.K.Mey.,Plantae,SPECIES
213214535,https://www.gbif.org/species/5375920,Eruca vesicaria (L.) Cav.,Plantae,SPECIES
213214551,https://www.gbif.org/species/5373440,Strigosella africana (L.) Botsch.,Plantae,SPECIES
213214557,https://www.gbif.org/species/3693541,Odontarrhena muralis (Waldst. & Kit.) Endl.,Plantae,SPECIES
213214560,https://www.gbif.org/species/5373483,Crambe hispanica subsp. abyssinica (Hochst. ex R.E.Fr.) Prina,Plantae,SUBSPECIES
213214562,https://www.gbif.org/species/5373475,Crambe hispanica L.,Plantae,SPECIES
213214564,https://www.gbif.org/species/3693336,Rorippa anceps (Wahlenb.) Rchb.,Plantae,SPECIES
213214566,https://www.gbif.org/species/3053399,Rorippa pyrenaica (L.) Rchb.,Plantae,SPECIES
213214569,https://www.gbif.org/species/2227289,"Procambarus acutus (Girard, 1852)",Animalia,SPECIES
213214571,https://www.gbif.org/species/3046929,Sisymbrium chrysanthum Jord.,Plantae,SPECIES
213214572,https://www.gbif.org/species/8909595,"Faxonius limosus (Rafinesque, 1817)",Animalia,SPECIES
213214577,https://www.gbif.org/species/3049314,Euclidium syriacum (L.) W.T.Aiton,Plantae,SPECIES
213214583,https://www.gbif.org/species/5972004,"Homarus americanus H.Milne Edwards, 1837",Animalia,SPECIES
213214584,https://www.gbif.org/species/5376158,Hornungia procumbens (L.) Hayek,Plantae,SPECIES
213214589,https://www.gbif.org/species/5373124,Malcolmia maritima (L.) W.T.Aiton,Plantae,SPECIES
213214591,https://www.gbif.org/species/5373160,Malcolmia flexuosa (Sm.) Sm.,Plantae,SPECIES
213214594,https://www.gbif.org/species/5377163,Iberis amara L.,Plantae,SPECIES
213214601,https://www.gbif.org/species/1014565,"Amphitomeus attemsi (Schubart, 1934)",Animalia,SPECIES
213214605,https://www.gbif.org/species/1016841,"Orthomorpha coarctata (Saussure, 1860)",Animalia,SPECIES
213214608,https://www.gbif.org/species/1017419,"Oxidus gracilis (C.L.Koch, 1847)",Animalia,SPECIES
213214614,https://www.gbif.org/species/3045082,Alyssum turkestanicum Regel & Schmalh.,Plantae,SPECIES
213214617,https://www.gbif.org/species/5377378,Matthiola incana (L.) W.T.Aiton,Plantae,SPECIES
213214619,https://www.gbif.org/species/5377395,Matthiola longipetala (Vent.) DC.,Plantae,SPECIES
213214621,https://www.gbif.org/species/7740944,Matthiola longipetala subsp. bicornis (Sm.) P.W.Ball,Plantae,SUBSPECIES
213214625,https://www.gbif.org/species/3048397,Erysimum bicolor (Hornem.) DC.,Plantae,SPECIES
213214628,https://www.gbif.org/species/3048073,Erysimum collisparsum Jord.,Plantae,SPECIES
213214644,https://www.gbif.org/species/9040863,Neslia paniculata (L.) Desv.,Plantae,SPECIES
213214646,https://www.gbif.org/species/2234836,"Daphnia ambigua Scourfield, 1947",Animalia,SPECIES
213214647,https://www.gbif.org/species/3047147,Neslia paniculata subsp. thracica (Velen.) Bornm.,Plantae,SUBSPECIES
213214651,https://www.gbif.org/species/7711892,"Isatis quadrialata Al-Shehbaz, Moazzeni & Mummenhoff",Plantae,SPECIES
213214657,https://www.gbif.org/species/2152793,"Cupiennius getazi Simon, 1891",Animalia,SPECIES
213214664,https://www.gbif.org/species/3082270,Cornus canadensis L.,Plantae,SPECIES
213214669,https://www.gbif.org/species/7322122,Davidia involucrata Baill.,Plantae,SPECIES
213214673,https://www.gbif.org/species/9067615,Mentzelia albicaulis (Douglas ex Hook.) Douglas ex Torr. & A.Gray,Plantae,SPECIES
213214674,https://www.gbif.org/species/2138688,"Mermessus trilobatus (Emerton, 1882)",Animalia,SPECIES
213214681,https://www.gbif.org/species/2141622,"Amaurobius erberi (Keyserling, 1863)",Animalia,SPECIES
213214682,https://www.gbif.org/species/2986010,Philadelphus microphyllus A.Gray,Plantae,SPECIES
213214687,https://www.gbif.org/species/2985986,Hydrangea arborescens L.,Plantae,SPECIES
213214690,https://www.gbif.org/species/2985963,Deutzia crenata Siebold & Zucc.,Plantae,SPECIES
213214692,https://www.gbif.org/species/11528335,"Tliltocatl albopilosus (Valerio, 1980)",Animalia,SPECIES
213214693,https://www.gbif.org/species/2985964,Deutzia gracilis Siebold & Zucc.,Plantae,SPECIES
213214700,https://www.gbif.org/species/8264893,"Nephilingis cruentata (Fabricius, 1775)",Animalia,SPECIES
213214715,https://www.gbif.org/species/3064221,Euphorbia serpens Kunth,Plantae,SPECIES
213214718,https://www.gbif.org/species/3069053,Euphorbia verrucosa L.,Plantae,SPECIES
213214720,https://www.gbif.org/species/3066321,Euphorbia hypericifolia L.,Plantae,SPECIES
213214723,https://www.gbif.org/species/8427207,"Eratigena fuesslini (Pavesi, 1873)",Animalia,SPECIES
213214727,https://www.gbif.org/species/3064282,Euphorbia tommasiniana Bertol.,Plantae,SPECIES
213214730,https://www.gbif.org/species/3056384,Acalypha rhomboidea Raf.,Plantae,SPECIES
213214732,https://www.gbif.org/species/2173887,"Icius subinermis Simon, 1937",Animalia,SPECIES
213214736,https://www.gbif.org/species/2873877,Linum austriacum L.,Plantae,SPECIES
213214743,https://www.gbif.org/species/7358677,Populus nigra var. italica (Moench) Koehne,Plantae,VARIETY
213214744,https://www.gbif.org/species/6362904,Populus trichocarpa Torr. & A.Gray ex Hook.,Plantae,SPECIES
213214746,https://www.gbif.org/species/8345607,Populus ×berolinensis K.Koch,Plantae,SPECIES
213214751,https://www.gbif.org/species/5372655,Salix eleagnos Scop.,Plantae,SPECIES
213214752,https://www.gbif.org/species/8257857,Salix elaeagnos subsp. angustifolia (Cariot) Rech.f.,Plantae,SUBSPECIES
213214754,https://www.gbif.org/species/5372559,Salix exigua Nutt.,Plantae,SPECIES
213214756,https://www.gbif.org/species/7104074,Salix lapponum L.,Plantae,SPECIES
213214759,https://www.gbif.org/species/7266656,Salix rorida Laksch.,Plantae,SPECIES
213214761,https://www.gbif.org/species/7266343,Salix purpurea subsp. purpurea,Plantae,SUBSPECIES
213214763,https://www.gbif.org/species/5583195,Salix dolichostachya Flod.,Plantae,SPECIES
213214764,https://www.gbif.org/species/7266329,Salix alba subsp. alba,Plantae,SUBSPECIES
213214765,https://www.gbif.org/species/5372917,Salix interior Rowlee,Plantae,SPECIES
213214766,https://www.gbif.org/species/5372639,Salix babylonica L.,Plantae,SPECIES
213214768,https://www.gbif.org/species/8183217,Salix gmelinii Pall.,Plantae,SPECIES
213214773,https://www.gbif.org/species/7427741,Cratoxylum sumatranum subsp. blancoi (Blume) Gogelein,Plantae,SUBSPECIES
213214776,https://www.gbif.org/species/6436603,Hypericum hircinum L.,Plantae,SPECIES
213214777,https://www.gbif.org/species/2164198,"Cheiracanthium mildei L.Koch, 1864",Animalia,SPECIES
213214780,https://www.gbif.org/species/3189457,Hypericum densiflorum Pursh,Plantae,SPECIES
213214781,https://www.gbif.org/species/3189474,Hypericum ×moserianum André,Plantae,SPECIES
213214793,https://www.gbif.org/species/4553535,"Megabunus diadema (Fabricius, 1779)",Animalia,SPECIES
213214794,https://www.gbif.org/species/8332078,Viola gracilis Sibth. & Sm.,Plantae,SPECIES
213214796,https://www.gbif.org/species/4553469,"Leiobunum Koch, 1839",Animalia,GENUS
213214803,https://www.gbif.org/species/6913500,"Eriophyes alniincanae Nalepa, 1919",Animalia,SPECIES
213214805,https://www.gbif.org/species/5774728,"Eriophyes pyri (H.A.Pagenstecher, 1857)",Animalia,SPECIES
213214809,https://www.gbif.org/species/4544661,"Aceria ilicis (Canestrini, 1890)",Animalia,SPECIES
213214810,https://www.gbif.org/species/4544517,"Aceria tristriata (Nalepa, 1890)",Animalia,SPECIES
213214812,https://www.gbif.org/species/2128502,"Aceria erinea (Nalepa, 1891)",Animalia,SPECIES
213214813,https://www.gbif.org/species/6913023,"Aceria brachytarsus (Keifer, 1939)",Animalia,SPECIES
213214815,https://www.gbif.org/species/4544759,"Aceria heteronyx (Nalepa, 1891)",Animalia,SPECIES
213214818,https://www.gbif.org/species/2128482,"Colomerus vitis (Pagenstecher, 1857)",Animalia,SPECIES
213214823,https://www.gbif.org/species/4553805,"Euscorpius carpathicus (Linnaeus, 1767)",Animalia,SPECIES
213214825,https://www.gbif.org/species/4553820,"Euscorpius flavicaudis (DeGeer, 1778)",Animalia,SPECIES
213214826,https://www.gbif.org/species/3707631,Delosperma aberdeenense (L.Bolus) L.Bolus,Plantae,SPECIES
3707394,https://www.gbif.org/species/3707394,Delosperma cooperi L.Bol.Forma Cooperi,Plantae,SPECIES
213214832,https://www.gbif.org/species/4549071,"Varroa jacobsoni Oudemans, 1904",Animalia,SPECIES
213214834,https://www.gbif.org/species/2188249,"Varroa destructor Anderson & Trueman, 2000",Animalia,SPECIES
213214842,https://www.gbif.org/species/4022910,Portulaca macrantha (Maire) Ricceri & Arrigoni,Plantae,SPECIES
9554442,https://www.gbif.org/species/9554442,Tamarix gallica (Habl.),Plantae,SPECIES
213214848,https://www.gbif.org/species/2874702,Tamarix africana Poir.,Plantae,SPECIES
7095665,https://www.gbif.org/species/3084748,Claytonia perfoliata subsp. perfoliata,Plantae,SUBSPECIES
213214856,https://www.gbif.org/species/7288892,Calandrinia pilosiuscula DC.,Plantae,SPECIES
213214862,https://www.gbif.org/species/7624620,Rumex crispus var. robustus Rech.,Plantae,VARIETY
213214869,https://www.gbif.org/species/2888978,Rumex pulcher L.,Plantae,SPECIES
6391377,https://www.gbif.org/species/4036350,Rumex triangulivalvis (Danser) Rech.fil.,Plantae,SPECIES
213214875,https://www.gbif.org/species/2888945,Rumex brownii Campd.,Plantae,SPECIES
213214878,https://www.gbif.org/species/2888982,Rumex fueginus Phil.,Plantae,SPECIES
2888955,https://www.gbif.org/species/2888955,Rumex pseudonatronatus Borbás,Plantae,SPECIES
213214887,https://www.gbif.org/species/8909872,Rumex hypogaeus T.M.Schust. & Reveal,Plantae,SPECIES
213214891,https://www.gbif.org/species/6709291,Reynoutria compacta (Hook.fil.) Nakai,Plantae,SPECIES
213214894,https://www.gbif.org/species/1003567,"Pectinatella magnifica (Leidy, 1851)",Animalia,SPECIES
213214903,https://www.gbif.org/species/2889358,Oxyria digyna (L.) Hill,Plantae,SPECIES
213214906,https://www.gbif.org/species/5334315,Polygonum arenarium Waldst. & Kit.,Plantae,SPECIES
213214907,https://www.gbif.org/species/8336551,Polygonum arenarium subsp. pulchellum (Loisel.) Thell.,Plantae,SUBSPECIES
213214908,https://www.gbif.org/species/5334440,Polygonum plebeium R.Br.,Plantae,SPECIES
213214913,https://www.gbif.org/species/8848208,Koenigia polystachya (Wall. ex Meisn.) T.M.Schust. & Reveal,Plantae,SPECIES
213214915,https://www.gbif.org/species/2889198,Persicaria pensylvanica (L.) M.Gómez,Plantae,SPECIES
213214916,https://www.gbif.org/species/6391450,Persicaria glabra (Willd.) M.Gómez,Plantae,SPECIES
213214917,https://www.gbif.org/species/7291643,Persicaria filiformis (Thunb.) Nakai,Plantae,SPECIES
213214920,https://www.gbif.org/species/3082279,Ceratostigma plumbaginoides Bunge,Plantae,SPECIES
213214922,https://www.gbif.org/species/4088624,Limonium platyphyllum Lincz.,Plantae,SPECIES
7297998,https://www.gbif.org/species/8129694,Armeria arenaria subsp. arenaria,Plantae,SUBSPECIES
213214932,https://www.gbif.org/species/3755928,Chenopodium album var. missouriense (Aellen) Bassett & Crompton,Plantae,VARIETY
213214933,https://www.gbif.org/species/6035638,Chenopodium probstii Aellen,Plantae,SPECIES
213214934,https://www.gbif.org/species/3757050,Chenopodium berlandieri var. bushianum (Aellen) Cronquist,Plantae,VARIETY
3757660,https://www.gbif.org/species/3757660,Chenopodium ×pelgrimsianum Aellen,Plantae,SPECIES
213214939,https://www.gbif.org/species/9454901,Amaranthus macrocarpus subsp. pallidus (Benth.) N.Bayón,Plantae,SUBSPECIES
213214940,https://www.gbif.org/species/5384359,Amaranthus powellii S.Watson,Plantae,SPECIES
213214941,https://www.gbif.org/species/7323251,Amaranthus emarginatus subsp. emarginatus,Plantae,SUBSPECIES
213214942,https://www.gbif.org/species/8577467,Amaranthus tuberculatus (Moq.) J.D.Sauer,Plantae,SPECIES
213214947,https://www.gbif.org/species/3083888,Teloxys aristata (L.) Moq.,Plantae,SPECIES
213214949,https://www.gbif.org/species/3759032,Corispermum tylocarpum Hance,Plantae,SPECIES
213214952,https://www.gbif.org/species/5383936,Bassia scoparia (L.) A.J.Scott,Plantae,SPECIES
213214956,https://www.gbif.org/species/7685459,Atriplex pseudocampanulata Aellen ex Blom,Plantae,SPECIES
213214957,https://www.gbif.org/species/3083659,Atriplex eardleyae Aellen,Plantae,SPECIES
213214959,https://www.gbif.org/species/8160803,Alternanthera ficoidea (L.) R.Br.,Plantae,SPECIES
10714947,https://www.gbif.org/species/9567226,Oxybasis salina (Standl.) Uotila,Plantae,SPECIES
213214974,https://www.gbif.org/species/7282357,Echinopsis albispinosa K.Schum.,Plantae,SPECIES
213214980,https://www.gbif.org/species/8091998,Gypsophila vaccaria (L.) Sm.,Plantae,SPECIES
213214981,https://www.gbif.org/species/5384464,Gypsophila repens L.,Plantae,SPECIES
213214983,https://www.gbif.org/species/7925372,Cerastium ×maureri M.Schulze,Plantae,SPECIES
213214985,https://www.gbif.org/species/9440906,Sagina alexandrae Iamonico,Plantae,SPECIES
213214988,https://www.gbif.org/species/6363863,Arenaria montana L.,Plantae,SPECIES
213214990,https://www.gbif.org/species/5587011,Sabulina mediterranea (Ledeb. ex Link) Rchb.,Plantae,SPECIES
213214996,https://www.gbif.org/species/3085366,Agrostemma brachyloba (Fenzl) K.Hammer,Plantae,SPECIES
213214999,https://www.gbif.org/species/5586656,Silene linicola C.C.Gmel.,Plantae,SPECIES
213215000,https://www.gbif.org/species/5384782,Silene csereii Baumg.,Plantae,SPECIES
213215001,https://www.gbif.org/species/5587240,Silene vulgaris subsp. vulgaris,Plantae,SUBSPECIES
213215002,https://www.gbif.org/species/8406661,Silene uniflora Roth,Plantae,SPECIES
213215003,https://www.gbif.org/species/10953644,Silene baccifera (L.) Durande,Plantae,SPECIES
213215004,https://www.gbif.org/species/8419625,Silene scabriflora Brot.,Plantae,SPECIES
213215005,https://www.gbif.org/species/7757300,Silene badaroi Breistr.,Plantae,SPECIES
213215010,https://www.gbif.org/species/3814157,Eudianthe coeli-rosa (L.) Fenzl ex Endl.,Plantae,SPECIES
213215013,https://www.gbif.org/species/7267630,Dianthus giganteus d'Urv.,Plantae,SPECIES
213215021,https://www.gbif.org/species/9254355,Lithotoma axillaris (Lindl.) E.B.Knox,Plantae,SPECIES
213215025,https://www.gbif.org/species/5411353,Campanula garganica Ten.,Plantae,SPECIES
213215026,https://www.gbif.org/species/5410661,Campanula pyramidalis L.,Plantae,SPECIES
213215030,https://www.gbif.org/species/4211074,Carduus ×theriotii Rouy,Plantae,SPECIES
213215033,https://www.gbif.org/species/3099650,Shinnersia rivularis (A.Gray) R.M.King & H.Rob.,Plantae,SPECIES
213215037,https://www.gbif.org/species/3088623,Guizotia scabra (Vis.) Chiov.,Plantae,SPECIES
213215039,https://www.gbif.org/species/3117449,Erigeron annuus (L.) Pers.,Plantae,SPECIES
213215042,https://www.gbif.org/species/10852031,Oncosiphon pilulifer (L.fil.) Källersjö,Plantae,SPECIES
213215046,https://www.gbif.org/species/3086845,Flaveria trinervia (Spreng.) C.Mohr,Plantae,SPECIES
213215050,https://www.gbif.org/species/5391928,Bidens triplinervia Kunth,Plantae,SPECIES
213215055,https://www.gbif.org/species/3133446,Ammobium alatum R.Br.,Plantae,SPECIES
213215057,https://www.gbif.org/species/5392271,Cichorium calvum Sch.Bip. ex Asch.,Plantae,SPECIES
213215060,https://www.gbif.org/species/3108121,Senecio glossanthus (Sond.) Belcher,Plantae,SPECIES
3107362,https://www.gbif.org/species/3107362,Senecio saracenicus W.D.J.Koch,Plantae,SPECIES
213215062,https://www.gbif.org/species/3107661,Senecio quadridentatus Labill.,Plantae,SPECIES
213215070,https://www.gbif.org/species/5403605,Crepis sancta (L.) Bornm.,Plantae,SPECIES
213215071,https://www.gbif.org/species/7223177,Crepis sancta subsp. sancta,Plantae,SUBSPECIES
213215073,https://www.gbif.org/species/7222255,Lactuca macrophylla subsp. macrophylla,Plantae,SUBSPECIES
213215074,https://www.gbif.org/species/3140436,Lactuca macrophylla (Willd.) A.Gray,Plantae,SPECIES
213215078,https://www.gbif.org/species/3144603,Brachyscome iberidifolia Benth.,Plantae,SPECIES
213215080,https://www.gbif.org/species/5406261,Calocephalus brownii (Cass.) F.Muell.,Plantae,SPECIES
213215082,https://www.gbif.org/species/10629881,"Pentanema hirtum (L.) D.Gut.Larr., Santos-Vicente, Anderb., E.Rico & M.M.Mart.Ort.",Plantae,SPECIES
213215083,https://www.gbif.org/species/10108775,"Pentanema spiraeifolium (L.) D.Gut.Larr., Santos-Vicente, Anderb., E.Rico & M.M.Mart.Ort.",Plantae,SPECIES
213215085,https://www.gbif.org/species/3121474,Artemisia rubripes Nakai,Plantae,SPECIES
3121547,https://www.gbif.org/species/3121547,"Artemisia mongolica Fisch. ex Besser, 1834",Plantae,SPECIES
213215087,https://www.gbif.org/species/3121228,Artemisia tournefortiana Rchb.,Plantae,SPECIES
213215088,https://www.gbif.org/species/3121593,Artemisia gmelinii Weber ex Stechm.,Plantae,SPECIES
213215089,https://www.gbif.org/species/3121088,Artemisia alba Turra,Plantae,SPECIES
213215090,https://www.gbif.org/species/3120692,Artemisia crithmifolia L.,Plantae,SPECIES
213215091,https://www.gbif.org/species/3120790,Artemisia verlotiorum Lamotte,Plantae,SPECIES
213215099,https://www.gbif.org/species/8370958,Matricaria chamomilla L.,Plantae,SPECIES
213215103,https://www.gbif.org/species/3092083,Coleostephus myconis (L.) Rchb.fil.,Plantae,SPECIES
213215120,https://www.gbif.org/species/3137579,Galactites tomentosa Moench,Plantae,SPECIES
213215122,https://www.gbif.org/species/4233822,Vittadinia dentata (Gaudich.) DC.,Plantae,SPECIES
213215124,https://www.gbif.org/species/3111754,Zinnia elegans Jacq.,Plantae,SPECIES
213215126,https://www.gbif.org/species/3104106,Sanvitalia procumbens Lam.,Plantae,SPECIES
213215131,https://www.gbif.org/species/11136683,Pulicaria arabica subsp. arabica,Plantae,SUBSPECIES
213215134,https://www.gbif.org/species/4250676,Sonchus asper subsp. glaucescens (Jord.) Ball,Plantae,SUBSPECIES
213215142,https://www.gbif.org/species/3123262,Pilosella flagellaris (Willd.) Arv.-Touv.,Plantae,SPECIES
213215143,https://www.gbif.org/species/9541940,Pilosella visianii F.W.Schultz & Sch.Bip.,Plantae,SPECIES
213215151,https://www.gbif.org/species/3125893,Sigesbeckia jorullensis Kunth,Plantae,SPECIES
213215159,https://www.gbif.org/species/5387537,Aster indamellus Grierson,Plantae,SPECIES
213215160,https://www.gbif.org/species/5387396,Aster alpinus L.,Plantae,SPECIES
213215166,https://www.gbif.org/species/3103158,Gamochaeta americana (Mill.) Wedd.,Plantae,SPECIES
213215173,https://www.gbif.org/species/10948891,Podolepis aristata subsp. auriculata (DC.) Jeanes,Plantae,SUBSPECIES
213215176,https://www.gbif.org/species/3092691,Soliva sessilis Ruiz & Pav.,Plantae,SPECIES
213215178,https://www.gbif.org/species/3136320,Hieracium amplexicaule L.,Plantae,SPECIES
213215179,https://www.gbif.org/species/4248063,Hieracium pulmonarioides subsp. spelaeum (Arv.-Touv.) Greuter,Plantae,SUBSPECIES
213215181,https://www.gbif.org/species/4207403,Centaurea adami Willd.,Plantae,SPECIES
213215184,https://www.gbif.org/species/6076279,Centaurea diluta subsp. algeriensis (Coss. & Durieu) Maire,Plantae,SUBSPECIES
213215185,https://www.gbif.org/species/3128601,Centaurea napifolia L.,Plantae,SPECIES
213215186,https://www.gbif.org/species/3128225,Centaurea nigra L.,Plantae,SPECIES
213215187,https://www.gbif.org/species/3128888,Centaurea solstitialis L.,Plantae,SPECIES
213215190,https://www.gbif.org/species/6302047,Kalimeris incisa subsp. incisa,Plantae,SUBSPECIES
213215195,https://www.gbif.org/species/8421156,Symphyotrichum laeve (L.) Á.Löve & D.Löve,Plantae,SPECIES
213215196,https://www.gbif.org/species/3151434,Symphyotrichum dumosum (L.) G.L.Nesom,Plantae,SPECIES
213215199,https://www.gbif.org/species/6300531,Petasites japonicus subsp. japonicus,Plantae,SUBSPECIES
213215208,https://www.gbif.org/species/10676000,Leuzea repens (L.) D.J.N.Hind,Plantae,SPECIES
213215210,https://www.gbif.org/species/3097496,Leptinella dispersa (D.G.Lloyd) D.G.Lloyd & C.J.Webb,Plantae,SPECIES
213215211,https://www.gbif.org/species/3097504,Leptinella squalida Hook.fil.,Plantae,SPECIES
3132567,https://www.gbif.org/species/3132567,Galinsoga quadriradiata Cav.,Plantae,SPECIES
10769750,https://www.gbif.org/species/3110905,Pseudopodospermum hispanicum subsp. hispanicum,Plantae,SUBSPECIES
213215218,https://www.gbif.org/species/3150935,Echinacea purpurea (L.) Moench,Plantae,SPECIES
213215222,https://www.gbif.org/species/3142967,Doronicum orientale Hoffm.,Plantae,SPECIES
213215223,https://www.gbif.org/species/4230874,Doronicum ×willdenowii (Rouy) A.W.Hill,Plantae,SPECIES
213215227,https://www.gbif.org/species/3089142,Xanthium albinum (Holuby) Holub,Plantae,SPECIES
213215228,https://www.gbif.org/species/11794300,Xanthium orientale var. saccharatum (Wallr.) M.Hassl.,Plantae,VARIETY
213215231,https://www.gbif.org/species/3138949,Melampodium divaricatum (Rich.) DC.,Plantae,SPECIES
213215246,https://www.gbif.org/species/3169713,Trachelospermum jasminoides (Lindl.) Lem.,Plantae,SPECIES
213215248,https://www.gbif.org/species/3169756,Nerium oleander L.,Plantae,SPECIES
213215253,https://www.gbif.org/species/3170260,Asclepias speciosa Torr.,Plantae,SPECIES
213215257,https://www.gbif.org/species/7671397,Phuopsis stylosa (Trin.) G.Nicholson,Plantae,SPECIES
213215259,https://www.gbif.org/species/8925248,Galium parisiense var. parisiense,Plantae,VARIETY
213215260,https://www.gbif.org/species/2913219,Galium anglicum Huds.,Plantae,SPECIES
213215261,https://www.gbif.org/species/2913169,Galium parisiense L.,Plantae,SPECIES
213215263,https://www.gbif.org/species/12254070,Cynanchica aristata (L.f.) P.Caputo & Del Guacchio,Plantae,SPECIES
213215270,https://www.gbif.org/species/7480365,Hydrocotyle moschata G.Forst.,Plantae,SPECIES
213215272,https://www.gbif.org/species/3035420,Eleutherococcus simonii (Simon-Louis ex C.K.Schneid.) Hesse,Plantae,SPECIES
213215274,https://www.gbif.org/species/8168344,Hedera hibernica Poit.,Plantae,SPECIES
213215275,https://www.gbif.org/species/12218002,Hedera maroccana Mc All.,Plantae,SPECIES
213215279,https://www.gbif.org/species/7224069,Petroselinum crispum subsp. crispum,Plantae,SUBSPECIES
213215280,https://www.gbif.org/species/7828157,Petroselinum crispum (Mill.) Fuss,Plantae,SPECIES
213215283,https://www.gbif.org/species/3639337,Sanicula epipactis (Scop.) E.H.L.Krause,Plantae,SPECIES
213215287,https://www.gbif.org/species/6026420,Seseli montanum L.,Plantae,SPECIES
213215292,https://www.gbif.org/species/11921804,Anethum ridolfia Spalik & Reduron,Plantae,SPECIES
213215299,https://www.gbif.org/species/6550056,Daucus carota var. sativus Hoffm.,Plantae,VARIETY
213215300,https://www.gbif.org/species/6027290,Daucus littoralis Sm.,Plantae,SPECIES
213215302,https://www.gbif.org/species/3638303,Orlaya daucoides (L.) Greuter,Plantae,SPECIES
7412216,https://www.gbif.org/species/5371869,Bifora testiculata (L.) Roth,Plantae,SPECIES
213215309,https://www.gbif.org/species/5539680,Pimpinella aromatica M.Bieb.,Plantae,SPECIES
213215312,https://www.gbif.org/species/3034782,Smyrnium olusatrum L.,Plantae,SPECIES
213215316,https://www.gbif.org/species/8350395,Cyclospermum leptophyllum (Pers.) Sprague,Plantae,SPECIES
213215324,https://www.gbif.org/species/7400250,Platanus ×hispanica Mill. ex Münchh.,Plantae,SPECIES
213215328,https://www.gbif.org/species/8428499,Sidalcea oregana (Nutt. ex Torr. & A.Gray) A.Gray,Plantae,SPECIES
213215332,https://www.gbif.org/species/3152519,Althaea cannabina L.,Plantae,SPECIES
213215333,https://www.gbif.org/species/3152521,Althaea hirsuta L.,Plantae,SPECIES
213215335,https://www.gbif.org/species/3941038,Malva preissiana Miq.,Plantae,SPECIES
213215336,https://www.gbif.org/species/3940326,Malva trimestris (L.) Salisb.,Plantae,SPECIES
213215337,https://www.gbif.org/species/3935079,Malva arborea (L.) Webb & Berthel.,Plantae,SPECIES
213215338,https://www.gbif.org/species/3933415,"Malva multiflora (Cav.) Soldano, Banfi & Galasso",Plantae,SPECIES
213215339,https://www.gbif.org/species/12132283,Malva alcea var. ribifolia (Viv.) Paol.,Plantae,VARIETY
213215352,https://www.gbif.org/species/8237223,Halimium lasianthum (Lam.) Spach,Plantae,SPECIES
213215358,https://www.gbif.org/species/5332305,Ostrya carpinifolia Scop.,Plantae,SPECIES
213215363,https://www.gbif.org/species/8326061,Quercus coccinea Münchh.,Plantae,SPECIES
213215364,https://www.gbif.org/species/2879411,Quercus suber L.,Plantae,SPECIES
213215365,https://www.gbif.org/species/2878826,Quercus pyrenaica Willd.,Plantae,SPECIES
213215366,https://www.gbif.org/species/2879520,Quercus conferta Kit.,Plantae,SPECIES
213215368,https://www.gbif.org/species/2882360,Fagus orientalis Lipsky,Plantae,SPECIES
213215374,https://www.gbif.org/species/4205304,Pterocarya ×rehderiana C.K.Schneid.,Plantae,SPECIES
213215375,https://www.gbif.org/species/8288647,Pterocarya fraxinifolia (Poir.) Spach,Plantae,SPECIES
213215379,https://www.gbif.org/species/3856436,Viburnum davidi Franch.,Plantae,SPECIES
213215383,https://www.gbif.org/species/4103685,Scabiosa nitens Roem. & Schult.,Plantae,SPECIES
213215386,https://www.gbif.org/species/8012439,Symphoricarpos albus (L.) K.Koch,Plantae,SPECIES
8212772,https://www.gbif.org/species/8212772,Symphoricarpos ×doorenbosii Krüssm.,Plantae,SPECIES
7301011,https://www.gbif.org/species/2888805,Sixalix atropurpurea subsp. atropurpurea,Plantae,SUBSPECIES
213215395,https://www.gbif.org/species/7298987,Centranthus calcitrapae (L.) Dufr.,Plantae,SPECIES
7764700,https://www.gbif.org/species/5599249,Lonicera pileata var. yunnanensis (Franch.) Bernd Schulz,Plantae,VARIETY
213215399,https://www.gbif.org/species/5334247,Lonicera etrusca Santi,Plantae,SPECIES
213215401,https://www.gbif.org/species/2888799,Cephalaria alpina (L.) Roem. & Schult.,Plantae,SPECIES
213215403,https://www.gbif.org/species/9771172,Valerianella locusta subsp. locusta,Plantae,SUBSPECIES
213215405,https://www.gbif.org/species/4103351,Lomelosia caucasica (M.Bieb.) Greuter & Burdet,Plantae,SPECIES
213215407,https://www.gbif.org/species/8011733,Weigela floribunda (Siebold & Zucc.) C.A.Mey.,Plantae,SPECIES
2888796,https://www.gbif.org/species/2888796,Cephalaria syriaca (L.) Roem. & Schult.,Plantae,SPECIES
213215417,https://www.gbif.org/species/3172276,Osmanthus heterophyllus (G.Don) P.S.Green,Plantae,SPECIES
213215419,https://www.gbif.org/species/3172327,Fraxinus americana L.,Plantae,SPECIES
213215420,https://www.gbif.org/species/7325877,Fraxinus angustifolia Vahl,Plantae,SPECIES
5549698,https://www.gbif.org/species/5549698,Syringa josikaea J.Jacquin,Plantae,SPECIES
213215427,https://www.gbif.org/species/5414976,Bellardia trixago (L.) All.,Plantae,SPECIES
213215428,https://www.gbif.org/species/7733140,Bellardia viscosa (L.) Fisch. & C.A.Mey.,Plantae,SPECIES
213215431,https://www.gbif.org/species/7332517,Orobanche flava subsp. flava,Plantae,SUBSPECIES
7359335,https://www.gbif.org/species/7359335,Odontites luteus Steven,Plantae,SPECIES
213215444,https://www.gbif.org/species/7757431,Clinopodium nepeta subsp. spruneri (Boiss.) Bartolucci & F.Conti,Plantae,SUBSPECIES
213215445,https://www.gbif.org/species/11007246,Clinopodium menthifolium (Host) Merino,Plantae,SPECIES
213215446,https://www.gbif.org/species/7437438,Clinopodium grandiflorum (L.) Kuntze,Plantae,SPECIES
213215448,https://www.gbif.org/species/7308335,Mentha spicata subsp. spicata,Plantae,SUBSPECIES
213215449,https://www.gbif.org/species/3893979,Mentha ×wirtgeniana F.W.Schultz,Plantae,SPECIES
213215451,https://www.gbif.org/species/10646747,Caryopteris incana x mongholica,Plantae,SPECIES
213215453,https://www.gbif.org/species/3890974,Pycnanthemum verticillatum var. pilosum (Nutt.) Cooperr.,Plantae,VARIETY
213215454,https://www.gbif.org/species/2927363,Pycnanthemum verticillatum (Michx.) Pers.,Plantae,SPECIES
213215467,https://www.gbif.org/species/11064584,Salvia abrotanoides (Kar.) Sytsma,Plantae,SPECIES
213215468,https://www.gbif.org/species/10801424,Salvia yangii B.T.Drew,Plantae,SPECIES
6411218,https://www.gbif.org/species/3898065,"Salvia officinalis subsp. gallica (W.Lippert) Reales, D.Rivera & Obón",Plantae,SUBSPECIES
213215470,https://www.gbif.org/species/10902460,Salvia rosmarinus Spenn.,Plantae,SPECIES
2927029,https://www.gbif.org/species/2927029,Salvia splendens Sellow ex Schult.,Plantae,SPECIES
213215472,https://www.gbif.org/species/3882686,Salvia uliginosa Benth.,Plantae,SPECIES
213215475,https://www.gbif.org/species/5609603,Nepeta subsessilis Maxim.,Plantae,SPECIES
213215477,https://www.gbif.org/species/3896203,Teucrium hyrcanicum Steud.,Plantae,SPECIES
7420038,https://www.gbif.org/species/7420038,Prunella grandiflora (L.) Scholler,Plantae,SPECIES
213215482,https://www.gbif.org/species/5341447,Thymus pannonicus All.,Plantae,SPECIES
213215486,https://www.gbif.org/species/5609719,Scutellaria columnae All.,Plantae,SPECIES
213215497,https://www.gbif.org/species/3736228,Scrophularia pyrenaica Benth.,Plantae,SPECIES
213215500,https://www.gbif.org/species/5563116,Nemesia caerulea Hiern,Plantae,SPECIES
213215503,https://www.gbif.org/species/9629891,Verbascum ×angulosum Teyber,Plantae,SPECIES
213215510,https://www.gbif.org/species/8602699,Lindernia procumbens (Krock.) Borbás,Plantae,SPECIES
213215517,https://www.gbif.org/species/7878507,Erythranthe cuprea (Dombrain) G.L.Nesom,Plantae,SPECIES
213215518,https://www.gbif.org/species/7730307,Erythranthe lutea (L.) G.L.Nesom,Plantae,SPECIES
213215523,https://www.gbif.org/species/2925303,Lantana camara L.,Plantae,SPECIES
213215525,https://www.gbif.org/species/5341112,Phyla nodiflora (L.) Greene,Plantae,SPECIES
213215527,https://www.gbif.org/species/4083707,Verbena aristigera S.Moore,Plantae,SPECIES
213215528,https://www.gbif.org/species/2925616,Verbena ×hybrida Groenland & Rümpler,Plantae,SPECIES
213215536,https://www.gbif.org/species/3727713,Veronica pinguifolia Hook.fil.,Plantae,SPECIES
3725062,https://www.gbif.org/species/8983123,Veronica teucrium L.,Plantae,SPECIES
213215541,https://www.gbif.org/species/5414991,Digitalis ferruginea L.,Plantae,SPECIES
213215544,https://www.gbif.org/species/5415006,Linaria bipartita (Vent.) Willd.,Plantae,SPECIES
213215546,https://www.gbif.org/species/8006893,Kickxia elatine subsp. sieberi (Rchb.) Hayek,Plantae,SUBSPECIES
213215549,https://www.gbif.org/species/3189696,Plantago aristata Michx.,Plantae,SPECIES
213215552,https://www.gbif.org/species/7332416,Chaenorhinum origanifolium subsp. origanifolium,Plantae,SUBSPECIES
213215553,https://www.gbif.org/species/7332415,Chaenorhinum origanifolium (L.) Fourr.,Plantae,SPECIES
213215556,https://www.gbif.org/species/5559825,Cymbalaria pubescens (C.Presl) Cufod.,Plantae,SPECIES
213215557,https://www.gbif.org/species/8200663,"Cymbalaria muralis G.Gaertn., B.Mey. & Scherb.",Plantae,SPECIES
213215560,https://www.gbif.org/species/3171302,Mazus miquelii Makino,Plantae,SPECIES
213215563,https://www.gbif.org/species/4091345,Incarvillea delavayi Bureau & Franch.,Plantae,SPECIES
213215566,https://www.gbif.org/species/3172549,Campsis radicans (L.) Bureau,Plantae,SPECIES
213215567,https://www.gbif.org/species/4094511,Campsis grandiflora (Thunb.) K.Schum.,Plantae,SPECIES
213215574,https://www.gbif.org/species/5341548,Gilia capitata Sims,Plantae,SPECIES
213215584,https://www.gbif.org/species/5371655,Halesia carolina L.,Plantae,SPECIES
213215589,https://www.gbif.org/species/2882841,Vaccinium macrocarpon Aiton,Plantae,SPECIES
213215596,https://www.gbif.org/species/7327959,Daboecia cantabrica subsp. cantabrica,Plantae,SUBSPECIES
213215599,https://www.gbif.org/species/6400569,Rhododendron tomentosum (Stokes) Harmaja,Plantae,SPECIES
213215608,https://www.gbif.org/species/3169331,Lysimachia clethroides Duby,Plantae,SPECIES
213215609,https://www.gbif.org/species/8076173,Lysimachia monelli (L.) U.Manns & Anderb.,Plantae,SPECIES
213215616,https://www.gbif.org/species/2874718,Begonia semperflorens Link & Otto,Plantae,SPECIES
213215622,https://www.gbif.org/species/7885624,Cucumis myriocarpus Naudin,Plantae,SPECIES
213215624,https://www.gbif.org/species/2874512,Cucurbita ficifolia Bouché,Plantae,SPECIES
213215639,https://www.gbif.org/species/6371424,Rhamnus alaternus L.,Plantae,SPECIES
5671095,https://www.gbif.org/species/5671095,"Urtica membranacea Barbieri ex Blume, 1856",Plantae,SPECIES
213215651,https://www.gbif.org/species/2984537,Humulus scandens (Lour.) Merr.,Plantae,SPECIES
213215654,https://www.gbif.org/species/2984492,Celtis australis L.,Plantae,SPECIES
213215657,https://www.gbif.org/species/3025889,Cotoneaster beimashanensis J.Fryer & B.Hylmö,Plantae,SPECIES
213215658,https://www.gbif.org/species/3026035,Cotoneaster coriaceus Franch.,Plantae,SPECIES
213215659,https://www.gbif.org/species/3025764,Cotoneaster adpressus Bois,Plantae,SPECIES
213215660,https://www.gbif.org/species/3025770,Cotoneaster acutifolius Turcz.,Plantae,SPECIES
213215661,https://www.gbif.org/species/3025986,Cotoneaster fruticosus J.Fryer & B.Hylmö,Plantae,SPECIES
213215664,https://www.gbif.org/species/11844792,Geum ternatum subsp. ternatum,Plantae,SUBSPECIES
213215666,https://www.gbif.org/species/5363613,Aronia ×prunifolia (Marshall) Rehder,Plantae,SPECIES
213215668,https://www.gbif.org/species/8356787,Pourthiaea villosa (Thunb.) Decne.,Plantae,SPECIES
213215669,https://www.gbif.org/species/3000384,Pourthiaea beauverdiana (C.K.Schneid.) Hatus.,Plantae,SPECIES
213215673,https://www.gbif.org/species/10786206,Rhaphiolepis bibas (Lour.) Galasso & Banfi,Plantae,SPECIES
213215675,https://www.gbif.org/species/2988188,Pyracantha coccinea M.Roem.,Plantae,SPECIES
213215676,https://www.gbif.org/species/2988224,Pyracantha fortuneana (Maxim.) H.L.Li,Plantae,SPECIES
213215679,https://www.gbif.org/species/7790614,Crataegus coccinea L.,Plantae,SPECIES
213215681,https://www.gbif.org/species/3000679,Chaenomeles speciosa (Sweet) Nakai,Plantae,SPECIES
213215683,https://www.gbif.org/species/5362573,Pyrus communis L.,Plantae,SPECIES
213215684,https://www.gbif.org/species/5363119,Pyrus calleryana Decne.,Plantae,SPECIES
213215686,https://www.gbif.org/species/5370832,Acaena magellanica (Lam.) Vahl,Plantae,SPECIES
213215687,https://www.gbif.org/species/5370688,Acaena microphylla Hook.fil.,Plantae,SPECIES
213215693,https://www.gbif.org/species/2987780,Holodiscus discolor (Pursh) Maxim.,Plantae,SPECIES
213215695,https://www.gbif.org/species/7848132,Malus toringo (Siebold) de Vriese,Plantae,SPECIES
213215696,https://www.gbif.org/species/3001362,Malus baccata (L.) Borkh.,Plantae,SPECIES
213215697,https://www.gbif.org/species/3001244,Malus domestica (Suckow) Borkh.,Plantae,SPECIES
213215699,https://www.gbif.org/species/3023903,Amelanchier humilis Wiegand,Plantae,SPECIES
213215701,https://www.gbif.org/species/3013215,Cormus domestica (L.) Spach,Plantae,SPECIES
213215704,https://www.gbif.org/species/2988040,Filipendula digitata (Willd.) Bergmans,Plantae,SPECIES
213215706,https://www.gbif.org/species/2996897,Rubus setchuenensis Bureau & Franch.,Plantae,SPECIES
213215707,https://www.gbif.org/species/2994229,Rubus nutkanus Moc. ex Ser.,Plantae,SPECIES
213215709,https://www.gbif.org/species/4926534,Sibbaldia tridentata (Aiton) Paule & Soják,Plantae,SPECIES
213215712,https://www.gbif.org/species/7925720,Poterium sanguisorba subsp. polygamum (Waldst. & Kit.) Asch. & Graebn.,Plantae,SUBSPECIES
213215714,https://www.gbif.org/species/7409013,Prunus domestica subsp. insititia (L.) Bonnier & Layens,Plantae,SUBSPECIES
7882872,https://www.gbif.org/species/7882872,Prunus domestica A.Sav.,Plantae,SPECIES
213215716,https://www.gbif.org/species/3023671,Prunus domestica subsp. syriaca (Borkh.) Janch.,Plantae,SUBSPECIES
7499940,https://www.gbif.org/species/7499940,Prunus armeniaca Thunb.,Plantae,SPECIES
213215718,https://www.gbif.org/species/8149923,Prunus persica (L.) Stokes,Plantae,SPECIES
213215719,https://www.gbif.org/species/3022609,Prunus serrulata Lindl.,Plantae,SPECIES
213215720,https://www.gbif.org/species/3021955,Prunus incisa Thunb.,Plantae,SPECIES
213215722,https://www.gbif.org/species/7272185,Rosa carolina subsp. carolina,Plantae,SUBSPECIES
213215723,https://www.gbif.org/species/3003244,Rosa multiflora Thunb.,Plantae,SPECIES
213215724,https://www.gbif.org/species/3002530,Rosa gallica L.,Plantae,SPECIES
213215726,https://www.gbif.org/species/3026454,Spiraea salicifolia L.,Plantae,SPECIES
213215727,https://www.gbif.org/species/3026622,Spiraea ×vanhouttei (Briot) Zabel,Plantae,SPECIES
213215728,https://www.gbif.org/species/3026402,Spiraea thunbergii Siebold ex Blume,Plantae,SPECIES
213215729,https://www.gbif.org/species/3026906,Spiraea cantoniensis Lour.,Plantae,SPECIES
213215730,https://www.gbif.org/species/3026426,Spiraea ×brachybotrys Lange,Plantae,SPECIES
213215731,https://www.gbif.org/species/3026406,Spiraea chamaedryfolia L.,Plantae,SPECIES
213215733,https://www.gbif.org/species/8031875,Dasiphora davurica (Nestl.) Kom. & Aliss.,Plantae,SPECIES
213215736,https://www.gbif.org/species/9245228,Hedlundia hybrida (L.) Sennikov & Kurtto,Plantae,SPECIES
213215738,https://www.gbif.org/species/9306058,Karpatiosorbus latifolia (Lam.) Sennikov & Kurtto,Plantae,SPECIES
3012426,https://www.gbif.org/species/3012426,Sorbus latifolia K.Koch,Plantae,SPECIES
213215743,https://www.gbif.org/species/5367294,Potentilla recta L.,Plantae,SPECIES
213215744,https://www.gbif.org/species/5365494,Potentilla argyrophylla var. atrosanguinea (G.Lodd. ex D.Don) Hook.fil.,Plantae,VARIETY
310015165,https://www.gbif.org/species/5855054,"Cephalothrix simula (Iwata, 1952)",Animalia,SPECIES
310015173,https://www.gbif.org/species/2327326,"Neodexiospira brasiliensis (Grube, 1872)",Animalia,SPECIES
310015179,https://www.gbif.org/species/2328383,"Hydroides ezoensis Okuda, 1934",Animalia,SPECIES
11403089,https://www.gbif.org/species/11403089,Gongolaria baccata (S.G.Gmelin) Molinari & Guiry,Chromista,SPECIES
310015194,https://www.gbif.org/species/5422716,Halidrys siliquosa (L.) Lyngb.,Chromista,SPECIES
310015208,https://www.gbif.org/species/3195749,Chorda filum (L.) Stackh.,Chromista,SPECIES
310015214,https://www.gbif.org/species/5422479,Laminaria digitata (Huds.) J.V.Lamour.,Chromista,SPECIES
310015215,https://www.gbif.org/species/8845441,"Hirudo verbana Carena, 1820",Animalia,SPECIES
310015219,https://www.gbif.org/species/4377207,"Saccharina latissima (L.) C.E.Lane, C.Mayes, Druehl & G.W.Saunders",Chromista,SPECIES
310015325,https://www.gbif.org/species/5166341,"Lepas anserifera Linnaeus, 1767",Animalia,SPECIES
310015327,https://www.gbif.org/species/5166345,"Lepas pectinata Spengler, 1793",Animalia,SPECIES
310015329,https://www.gbif.org/species/5166339,"Lepas anatifera Linnaeus, 1758",Animalia,SPECIES
310015332,https://www.gbif.org/species/2113862,"Dosima fascicularis (Ellis & Solander, 1786)",Animalia,SPECIES
310015336,https://www.gbif.org/species/2113864,"Conchoderma virgatum Spengler, 1789",Animalia,SPECIES
310015345,https://www.gbif.org/species/5895429,Natantiella ligneola (Berk. & Broome) Réblová,Fungi,SPECIES
310015372,https://www.gbif.org/species/5281739,Grimmia elatior Bruch ex Bals.-Criv. & De Not.,Plantae,SPECIES
310015389,https://www.gbif.org/species/4544445,Aceria cerrea Nalepa,Animalia,SPECIES
310015394,https://www.gbif.org/species/4544238,"Acalitus phyllereus (Nalepa, 1919)",Animalia,SPECIES
310015406,https://www.gbif.org/species/2653394,Ephedra saxatilis (Stapf) Royle ex Florin,Plantae,SPECIES
310015410,https://www.gbif.org/species/2150501,"Spermophorides mediterranea (Senglet, 1973)",Animalia,SPECIES
310015439,https://www.gbif.org/species/2168363,"Salticus mutabilis Lucas, 1846",Animalia,SPECIES
310015447,https://www.gbif.org/species/2169069,"Menemerus semilimbatus (Hahn, 1829)",Animalia,SPECIES
310015499,https://www.gbif.org/species/2687940,Equisetum ramosissimum Desf.,Plantae,SPECIES
310015525,https://www.gbif.org/species/4505917,"Megascolia maculata (Drury, 1773)",Animalia,SPECIES
310015547,https://www.gbif.org/species/1309561,"Plagiotrochus quercusilicis (Fabricius, 1798)",Animalia,SPECIES
310015562,https://www.gbif.org/species/5330496,Arum concinnatum Schott,Plantae,SPECIES
310015564,https://www.gbif.org/species/4504757,"Tapinoma nigerrimum (Nylander, 1856)",Animalia,SPECIES
310015565,https://www.gbif.org/species/2871650,Amorphophallus albus P.Y.Liu & J.F.Chen,Plantae,SPECIES
310015573,https://www.gbif.org/species/1325120,"Crematogaster scutellaris (Olivier, 1792)",Animalia,SPECIES
310015603,https://www.gbif.org/species/2772020,Muscari neglectum Guss. ex Ten.,Plantae,SPECIES
310015606,https://www.gbif.org/species/1523193,"Euxesta pechumani Curran, 1938",Animalia,SPECIES
310015625,https://www.gbif.org/species/5048690,"Ameles decolor Charpentier, 1825",Animalia,SPECIES
310015637,https://www.gbif.org/species/4423350,"Cyrtaspis scutata (Charpentier, 1825)",Animalia,SPECIES
310015655,https://www.gbif.org/species/1713418,"Locusta migratoria (Linnaeus, 1758)",Animalia,SPECIES
310015660,https://www.gbif.org/species/1700335,"Oedipoda germanica (Latreille, 1804)",Animalia,SPECIES
310015673,https://www.gbif.org/species/2107724,"Mantispa styriaca (Poda, 1761)",Animalia,SPECIES
310015677,https://www.gbif.org/species/5791733,"Anax ephippiger (Burmeister, 1839)",Animalia,SPECIES
310015680,https://www.gbif.org/species/5051955,"Gomphus simillimus Selys, 1840",Animalia,SPECIES
310015688,https://www.gbif.org/species/1428861,"Trithemis kirbyi Selys, 1891",Animalia,SPECIES
310015690,https://www.gbif.org/species/1429199,"Leucorrhinia albifrons (Burmeister, 1839)",Animalia,SPECIES
310015696,https://www.gbif.org/species/1080709,"Protaetia morio (Fabricius, 1781)",Animalia,SPECIES
310015699,https://www.gbif.org/species/1112380,"Mallodon downesii Hope, 1843",Animalia,SPECIES
310015704,https://www.gbif.org/species/2857829,Allium unifolium Kellogg,Plantae,SPECIES
310015706,https://www.gbif.org/species/1146023,"Aegosoma scabricorne (Scopoli, 1763)",Animalia,SPECIES
310015712,https://www.gbif.org/species/1102800,"Penichroa fasciata (Stephens, 1831)",Animalia,SPECIES
310015732,https://www.gbif.org/species/1047525,"Acanthoscelides obtectus (Say, 1831)",Animalia,SPECIES
310015734,https://www.gbif.org/species/4461680,"Bruchidius imbricornis (Panzer, 1795)",Animalia,SPECIES
310015736,https://www.gbif.org/species/6950919,"Bruchidius siliquastri Delobel, 2007",Animalia,SPECIES
310015740,https://www.gbif.org/species/6950681,"Megabruchidius dorsalis (Fåhraeus, 1839)",Animalia,SPECIES
310015743,https://www.gbif.org/species/8498959,"Luperomorpha xanthodera (Fairmaire, 1888)",Animalia,SPECIES
310015745,https://www.gbif.org/species/1047343,"Callosobruchus maculatus (Fabricius, 1775)",Animalia,SPECIES
310015748,https://www.gbif.org/species/5752143,"Bruchus rufimanus Boheman, 1833",Animalia,SPECIES
310015749,https://www.gbif.org/species/5752145,"Bruchus brachialis Fåhraeus, 1839",Animalia,SPECIES
310015750,https://www.gbif.org/species/5752155,"Bruchus pisorum Linnaeus, 1758",Animalia,SPECIES
310015756,https://www.gbif.org/species/1176471,"Polydrusus picus (Fabricius, 1792)",Animalia,SPECIES
310015758,https://www.gbif.org/species/1224025,"Lixus ochraceus Boheman, 1843",Animalia,SPECIES
310015790,https://www.gbif.org/species/2008840,"Zelus renardii Kolenati, 1857",Animalia,SPECIES
310015804,https://www.gbif.org/species/4486330,"Spilostethus pandurus (Scopoli, 1763)",Animalia,SPECIES
310015805,https://www.gbif.org/species/2715830,Cyperus vaginatus R.Br.,Plantae,SPECIES
310015812,https://www.gbif.org/species/2077209,"Idiopterus nephrelepidis Davis, 1909",Animalia,SPECIES
310015814,https://www.gbif.org/species/2078259,"Neotoxoptera formosana (Takahashi, 1921)",Animalia,SPECIES
310015816,https://www.gbif.org/species/2072196,"Aphis nerii Boyer de Fonscolombe, 1841",Animalia,SPECIES
310015817,https://www.gbif.org/species/4485136,"Aphis aurantii Boyer de Fonscolombe, 1841",Animalia,SPECIES
310015828,https://www.gbif.org/species/5867595,"Platypleura kaempferi (Fabricius, 1794)",Animalia,SPECIES
310015832,https://www.gbif.org/species/2013904,"Ctenarytaina eucalypti (Maskell, 1890)",Animalia,SPECIES
310015836,https://www.gbif.org/species/2014352,"Livilla variegata (Löw, 1881)",Animalia,SPECIES
310015847,https://www.gbif.org/species/2051533,"Agalmatium bilobum (Fieber, 1877)",Animalia,SPECIES
310015861,https://www.gbif.org/species/2701281,Juncus australis Hook.fil.,Plantae,SPECIES
310015864,https://www.gbif.org/species/2702056,Juncus vaginatus R.Br.,Plantae,SPECIES
310015866,https://www.gbif.org/species/2701838,Juncus edgariae L.A.S.Johnson & K.L.Wilson,Plantae,SPECIES
310015871,https://www.gbif.org/species/2049688,"Adelges tardus (Dreyfus, 1888)",Animalia,SPECIES
310015872,https://www.gbif.org/species/2702004,Juncus usitatus L.A.S.Johnson,Plantae,SPECIES
310015875,https://www.gbif.org/species/2702012,Juncus firmus L.A.S.Johnson,Plantae,SPECIES
310015881,https://www.gbif.org/species/2701176,Juncus subglaucus L.A.S.Johnson,Plantae,SPECIES
310015883,https://www.gbif.org/species/2701410,Juncus aridicola L.A.S.Johnson,Plantae,SPECIES
310015884,https://www.gbif.org/species/8636371,"Hauptidia maroccana (Melichar, 1907)",Animalia,SPECIES
310015886,https://www.gbif.org/species/2039881,"Macropsis vicina (Horváth, 1897)",Animalia,SPECIES
310015887,https://www.gbif.org/species/7548011,Juncus microcephalus Kunth,Plantae,SPECIES
310015890,https://www.gbif.org/species/2026623,"Pediopsoides sharmai (Viraktamath, 1981)",Animalia,SPECIES
310015894,https://www.gbif.org/species/2036052,"Hishimonus hamatus Kuoh, 1976",Animalia,SPECIES
310015907,https://www.gbif.org/species/4485837,"Dryadocoris apicalis (Herrich-Schäffer, 1842)",Animalia,SPECIES
310015911,https://www.gbif.org/species/4485921,"Mecidea lindbergi Wagner, 1954",Animalia,SPECIES
310015976,https://www.gbif.org/species/1994767,"Pycnoscelus surinamensis (Linnaeus, 1758)",Animalia,SPECIES
310015986,https://www.gbif.org/species/2000167,"Periplaneta fuliginosa Serville, 1838",Animalia,SPECIES
310015989,https://www.gbif.org/species/2000335,"Neostylopyga rhombifolia (Stoll, 1813)",Animalia,SPECIES
310016017,https://www.gbif.org/species/1920491,"Pieris mannii (Mayer, 1851)",Animalia,SPECIES
310016021,https://www.gbif.org/species/1737850,"Cydia interscindana (Möschler, 1866)",Animalia,SPECIES
310016033,https://www.gbif.org/species/1857143,"Opogona omoscopa (Meyrick, 1893)",Animalia,SPECIES
310016038,https://www.gbif.org/species/1882905,"Diplopseustis perieresalis (Walker, 1859)",Animalia,SPECIES
310016040,https://www.gbif.org/species/1879408,"Hellula undalis (Fabricius, 1781)",Animalia,SPECIES
310016045,https://www.gbif.org/species/1879691,"Eudonia angustea Curtis, 1827",Animalia,SPECIES
310016049,https://www.gbif.org/species/1889905,"Pseudobissetia terrestrellus Christoph, 1885",Animalia,SPECIES
310016051,https://www.gbif.org/species/1890776,Pyrausta virginalis Duponchel,Animalia,SPECIES
310016055,https://www.gbif.org/species/1803163,"Utetheisa pulchella Linnaeus, 1758",Animalia,SPECIES
310016057,https://www.gbif.org/species/1814653,"Dysauxes punctata Fabricius, 1781",Animalia,SPECIES
310016059,https://www.gbif.org/species/1797333,"Catocala nymphagoga Esper, 1787",Animalia,SPECIES
310016061,https://www.gbif.org/species/1798504,"Dysgonia algira Linnaeus, 1767",Animalia,SPECIES
310016068,https://www.gbif.org/species/4533345,"Mniotype solieri (Boisduval, 1829)",Animalia,SPECIES
310016071,https://www.gbif.org/species/1792768,Dryobota labecula Esper,Animalia,SPECIES
310016073,https://www.gbif.org/species/5109931,"Spodoptera littoralis (Boisduval, 1833)",Animalia,SPECIES
310016075,https://www.gbif.org/species/1770416,Ochropleura leucogaster Freyer,Animalia,SPECIES
310016077,https://www.gbif.org/species/5113853,"Aedia leucomelas (Linnaeus, 1758)",Animalia,SPECIES
310016078,https://www.gbif.org/species/5113847,Aedia funesta Esper,Animalia,SPECIES
310016081,https://www.gbif.org/species/1786515,Paradiarsia punicea Hübner,Animalia,SPECIES
310016104,https://www.gbif.org/species/5133088,"Danaus plexippus (Linnaeus, 1758)",Animalia,SPECIES
310016116,https://www.gbif.org/species/1876624,"Elegia atrifasciella Ragonot, 1887",Animalia,SPECIES
310016122,https://www.gbif.org/species/1890065,Musotima nitidalis (Walker),Animalia,SPECIES
310016130,https://www.gbif.org/species/1830822,"Prays oleae Bernard, 1788",Animalia,SPECIES
310016141,https://www.gbif.org/species/5716906,"Zeuxo holdichi Bamber, 1990",Animalia,SPECIES
310016165,https://www.gbif.org/species/6461590,"Ptilohyale littoralis (Stimpson, 1853)",Animalia,SPECIES
310016195,https://www.gbif.org/species/2203614,"Armadillidium maculatum (Risso, 1816)",Animalia,SPECIES
310016217,https://www.gbif.org/species/9442269,"Procambarus virginalis Lyko, 2017",Animalia,SPECIES
310016254,https://www.gbif.org/species/5290161,Phyllostachys aureosulcata McClure,Plantae,SPECIES
310016257,https://www.gbif.org/species/5290167,Phyllostachys aurea (André) Rivière & C.Rivière,Plantae,SPECIES
310016267,https://www.gbif.org/species/5185431,"Aurelia coerulea von Lendenfeld, 1884",Animalia,SPECIES
310016289,https://www.gbif.org/species/2290489,"Todarodes sagittatus (Lamarck, 1798)",Animalia,SPECIES
310016295,https://www.gbif.org/species/5189038,"Theora lubrica Gould, 1861",Animalia,SPECIES
310016305,https://www.gbif.org/species/5729351,"Bucardium ringens (Bruguière, 1789)",Animalia,SPECIES
310016319,https://www.gbif.org/species/4372673,"Venus casina Linnaeus, 1758",Animalia,SPECIES
310016321,https://www.gbif.org/species/2287689,"Clausinella fasciata (da Costa, 1778)",Animalia,SPECIES
310016325,https://www.gbif.org/species/4372803,"Gafrarium pectinatum (Linnaeus, 1758)",Animalia,SPECIES
310016335,https://www.gbif.org/species/2285746,"Ischadium recurvum (Rafinesque, 1820)",Animalia,SPECIES
310016339,https://www.gbif.org/species/5189500,"Limaria loscombi (G.B.Sowerby I, 1823)",Animalia,SPECIES
310016353,https://www.gbif.org/species/4373699,"Talochlamys pusio (Linnaeus, 1758)",Animalia,SPECIES
310016377,https://www.gbif.org/species/6126571,"Haloa japonica (Pilsbry, 1895)",Animalia,SPECIES
310016383,https://www.gbif.org/species/5828232,Cenchrus setaceus (Forssk.) Morrone,Plantae,SPECIES
310016418,https://www.gbif.org/species/2294129,"Rumina decollata (Linnaeus, 1758)",Animalia,SPECIES
310016437,https://www.gbif.org/species/5191102,"Monacha cantiana (Montagu, 1803)",Animalia,SPECIES
310016451,https://www.gbif.org/species/4564216,"Otala punctata (O.F.Müller, 1774)",Animalia,SPECIES
310016460,https://www.gbif.org/species/2293404,"Tricolia pullus (Linnaeus, 1758)",Animalia,SPECIES
310016465,https://www.gbif.org/species/10800497,"Steromphala tumida (Montagu, 1803)",Animalia,SPECIES
310016467,https://www.gbif.org/species/7992320,"Phorcus lineatus (da Costa, 1778)",Animalia,SPECIES
2292567,https://www.gbif.org/species/2292567,"Cipangopaludina chinensis (Griffith & Pidgeon, 1865)",Animalia,SPECIES
310016511,https://www.gbif.org/species/2300980,"Graphis albida (Kanmacher, 1798)",Animalia,SPECIES
310016516,https://www.gbif.org/species/2765359,Tradescantia zebrina Bosse,Plantae,SPECIES
310016554,https://www.gbif.org/species/2685265,Cephalotaxus fortunei Hook.,Plantae,SPECIES
310016560,https://www.gbif.org/species/5284682,Cedrus libani A.Rich.,Plantae,SPECIES
310016599,https://www.gbif.org/species/2684102,Thujopsis dolabrata (Thunb. ex L.f.) Siebold & Zucc.,Plantae,SPECIES
310016603,https://www.gbif.org/species/9990542,"Naja subfulva Laurent, 1955",Animalia,SPECIES
310016608,https://www.gbif.org/species/6159243,"Lacerta bilineata Daudin, 1802",Animalia,SPECIES
310016639,https://www.gbif.org/species/5788062,"Babka gymnotrachelus (Kessler, 1857)",Animalia,SPECIES
310016647,https://www.gbif.org/species/2376461,"Tridentiger bifasciatus Steindachner, 1881",Animalia,SPECIES
310016656,https://www.gbif.org/species/2393382,"Eleutheronema tetradactylum (Shaw, 1804)",Animalia,SPECIES
310016668,https://www.gbif.org/species/5211975,"Istiophorus albicans (Latreille, 1804)",Animalia,SPECIES
310016695,https://www.gbif.org/species/2498259,"Aythya nyroca (Güldenstädt, 1770)",Animalia,SPECIES
310016697,https://www.gbif.org/species/2498257,"Aythya affinis (Eyton, 1838)",Animalia,SPECIES
310016698,https://www.gbif.org/species/2498264,"Aythya collaris (Donovan, 1809)",Animalia,SPECIES
310016706,https://www.gbif.org/species/2498350,"Somateria spectabilis (Linnaeus, 1758)",Animalia,SPECIES
310016708,https://www.gbif.org/species/5232451,"Branta ruficollis (Pallas, 1769)",Animalia,SPECIES
310016714,https://www.gbif.org/species/9422220,"Spatula discors (Linnaeus, 1766)",Animalia,SPECIES
310016722,https://www.gbif.org/species/2498246,"Melanitta perspicillata (Linnaeus, 1758)",Animalia,SPECIES
310016728,https://www.gbif.org/species/2498125,"Anas carolinensis J.F.Gmelin, 1789",Animalia,SPECIES
310016732,https://www.gbif.org/species/2498302,"Oxyura leucocephala (Scopoli, 1769)",Animalia,SPECIES
310016749,https://www.gbif.org/species/2498294,"Lophonetta specularioides (P.P.King, 1828)",Animalia,SPECIES
310016765,https://www.gbif.org/species/2498026,"Anser erythropus (Linnaeus, 1758)",Animalia,SPECIES
310016766,https://www.gbif.org/species/2917001,Asperula orientalis Boiss. & Hohen.,Plantae,SPECIES
310016787,https://www.gbif.org/species/8069880,"Falco rusticolus Linnaeus, 1758",Animalia,SPECIES
310016789,https://www.gbif.org/species/9584698,"Falco naumanni J.G.Fleischer, 1818",Animalia,SPECIES
310016790,https://www.gbif.org/species/2481062,"Falco vespertinus Linnaeus, 1766",Animalia,SPECIES
310016798,https://www.gbif.org/species/2496287,"Coccyzus americanus (Linnaeus, 1758)",Animalia,SPECIES
310016801,https://www.gbif.org/species/2496464,"Clamator glandarius (Linnaeus, 1758)",Animalia,SPECIES
310016820,https://www.gbif.org/species/2474863,"Chlamydotis macqueenii (J.E.Gray, 1832)",Animalia,SPECIES
310016824,https://www.gbif.org/species/5228228,"Tetrax tetrax (Linnaeus, 1758)",Animalia,SPECIES
310016826,https://www.gbif.org/species/2474921,"Otis tarda Linnaeus, 1758",Animalia,SPECIES
310016830,https://www.gbif.org/species/2475419,"Merops persicus Pallas, 1773",Animalia,SPECIES
310016840,https://www.gbif.org/species/3189912,Peganum harmala L.,Plantae,SPECIES
310016841,https://www.gbif.org/species/2475365,"Coracias garrulus Linnaeus, 1758",Animalia,SPECIES
310016848,https://www.gbif.org/species/2480353,"Pelecanus crispus Bruch, 1832",Animalia,SPECIES
310016861,https://www.gbif.org/species/2480773,"Plegadis falcinellus (Linnaeus, 1766)",Animalia,SPECIES
310016870,https://www.gbif.org/species/2480906,"Ardeola ralloides (Scopoli, 1769)",Animalia,SPECIES
310016878,https://www.gbif.org/species/2481962,"Gavia immer (Brunnich, 1764)",Animalia,SPECIES
310016879,https://www.gbif.org/species/2481957,"Gavia adamsii (G.R.Gray, 1859)",Animalia,SPECIES
310016880,https://www.gbif.org/species/2481959,"Gavia arctica (Linnaeus, 1758)",Animalia,SPECIES
310016884,https://www.gbif.org/species/3768452,Acer griseum (Franch.) Pax,Plantae,SPECIES
310016886,https://www.gbif.org/species/2495681,"Streptopelia orientalis (Latham, 1790)",Animalia,SPECIES
310016889,https://www.gbif.org/species/3189884,Acer circinatum Pursh,Plantae,SPECIES
310016919,https://www.gbif.org/species/2891607,Pelargonium panduriforme Eckl. & Zeyh.,Plantae,SPECIES
310016920,https://www.gbif.org/species/2891614,Pelargonium grossularioides (L.) L'Hér.,Plantae,SPECIES
310016928,https://www.gbif.org/species/7841302,Erodium geoides A.St.-Hil.,Plantae,SPECIES
310016933,https://www.gbif.org/species/2482077,"Podilymbus podiceps (Linnaeus, 1758)",Animalia,SPECIES
310016975,https://www.gbif.org/species/5414248,Ilex opaca Aiton,Plantae,SPECIES
310016977,https://www.gbif.org/species/5414267,Ilex verticillata (L.) A.Gray,Plantae,SPECIES
310016980,https://www.gbif.org/species/5228695,"Apus pallidus (Shelley, 1870)",Animalia,SPECIES
310016982,https://www.gbif.org/species/5228662,"Apus affinis (J.E.Gray, 1830)",Animalia,SPECIES
310016985,https://www.gbif.org/species/2477411,"Tachymarptis melba (Linnaeus, 1758)",Animalia,SPECIES
310016992,https://www.gbif.org/species/5959111,"Bubo africanus (Temminck, 1821)",Animalia,SPECIES
310016993,https://www.gbif.org/species/5959143,"Bubo scandiacus (Linnaeus, 1758)",Animalia,SPECIES
310016994,https://www.gbif.org/species/2888490,Argemone ochroleuca Sweet,Plantae,SPECIES
310016998,https://www.gbif.org/species/2497701,"Otus scops (Linnaeus, 1758)",Animalia,SPECIES
310017005,https://www.gbif.org/species/10095118,"Microcarbo pygmaeus (Pallas, 1773)",Animalia,SPECIES
310017010,https://www.gbif.org/species/2481930,"Cathartes aura (Linnaeus, 1758)",Animalia,SPECIES
310017013,https://www.gbif.org/species/2480491,"Circus macrourus (S.G.Gmelin, 1770)",Animalia,SPECIES
310017015,https://www.gbif.org/species/2480696,"Neophron percnopterus (Linnaeus, 1758)",Animalia,SPECIES
310017020,https://www.gbif.org/species/2480649,"Gypaetus barbatus (Linnaeus, 1758)",Animalia,SPECIES
310017022,https://www.gbif.org/species/2480524,"Buteo lagopus (Pontoppidan, 1763)",Animalia,SPECIES
310017024,https://www.gbif.org/species/2480564,"Buteo rufinus (Cretzschmar, 1829)",Animalia,SPECIES
310017029,https://www.gbif.org/species/2480666,"Circaetus gallicus (Gmelin, 1788)",Animalia,SPECIES
310017032,https://www.gbif.org/species/5229165,"Aegypius monachus (Linnaeus, 1766)",Animalia,SPECIES
310017036,https://www.gbif.org/species/2480685,"Hieraaetus pennatus (Gmelin, 1788)",Animalia,SPECIES
310017039,https://www.gbif.org/species/2480513,"Aquila nipalensis Hodgson, 1833",Animalia,SPECIES
310017040,https://www.gbif.org/species/2480506,"Aquila chrysaetos (Linnaeus, 1758)",Animalia,SPECIES
310017041,https://www.gbif.org/species/2480500,"Aquila heliaca Savigny, 1809",Animalia,SPECIES
310017043,https://www.gbif.org/species/5844449,"Aquila fasciata Vieillot, 1822",Animalia,SPECIES
310017046,https://www.gbif.org/species/2480372,"Elanus caeruleus (Desfontaines, 1789)",Animalia,SPECIES
310017048,https://www.gbif.org/species/2480659,"Polyboroides typus A.Smith, 1829",Animalia,SPECIES
310017050,https://www.gbif.org/species/2480389,"Gyps fulvus (Hablizl, 1783)",Animalia,SPECIES
310017051,https://www.gbif.org/species/2480384,"Gyps rueppellii (A.E.Brehm, 1852)",Animalia,SPECIES
310017055,https://www.gbif.org/species/2490681,"Calandrella brachydactyla (Leisler, 1814)",Animalia,SPECIES
310017065,https://www.gbif.org/species/2493060,"Phylloscopus coronatus (Temminck & Schlegel, 1847)",Animalia,SPECIES
310017066,https://www.gbif.org/species/7341522,"Phylloscopus humei (W.E.Brooks, 1878)",Animalia,SPECIES
310017070,https://www.gbif.org/species/5846290,"Saxicola maurus (Pallas, 1773)",Animalia,SPECIES
310017082,https://www.gbif.org/species/2482515,"Corvus cornix Linnaeus, 1758",Animalia,SPECIES
310017087,https://www.gbif.org/species/7277720,Thalictrum lucidum L.,Plantae,SPECIES
310017094,https://www.gbif.org/species/11081628,"Stilpnia vitriolina (Cabanis, 1851)",Animalia,SPECIES
310017112,https://www.gbif.org/species/2487430,"Vireo olivaceus (Linnaeus, 1766)",Animalia,SPECIES
310017124,https://www.gbif.org/species/5231640,"Spinus tristis (Linnaeus, 1758)",Animalia,SPECIES
310017137,https://www.gbif.org/species/6100888,"Geokichla sibirica (Pallas, 1776)",Animalia,SPECIES
310017143,https://www.gbif.org/species/2487877,"Cyanistes cyanus (Pallas, 1770)",Animalia,SPECIES
310017148,https://www.gbif.org/species/2492854,"Lanius minor Gmelin, 1788",Animalia,SPECIES
310017150,https://www.gbif.org/species/4408670,"Lanius phoenicuroides (Schalow, 1875)",Animalia,SPECIES
310017151,https://www.gbif.org/species/9273219,"Lanius schach Linnaeus, 1758",Animalia,SPECIES
310017152,https://www.gbif.org/species/2492867,"Lanius senator Linnaeus, 1758",Animalia,SPECIES
310017153,https://www.gbif.org/species/2492865,"Lanius isabellinus Hemprich & Ehrenberg, 1833",Animalia,SPECIES
310017155,https://www.gbif.org/species/2492846,"Lanius cristatus Linnaeus, 1758",Animalia,SPECIES
310017158,https://www.gbif.org/species/2484605,"Bombycilla garrulus (Linnaeus, 1758)",Animalia,SPECIES
310017169,https://www.gbif.org/species/2493987,"Quelea quelea (Linnaeus, 1758)",Animalia,SPECIES
310017177,https://www.gbif.org/species/7340335,"Euodice cantans (Gmelin, 1789)",Animalia,SPECIES
310017186,https://www.gbif.org/species/4408455,"Hydrobates pelagicus (Linnaeus, 1758)",Animalia,SPECIES
310017190,https://www.gbif.org/species/2481410,"Thalassarche melanophris (Temminck, 1828)",Animalia,SPECIES
310017194,https://www.gbif.org/species/5229360,"Puffinus mauretanicus Lowe, 1921",Animalia,SPECIES
310017211,https://www.gbif.org/species/2481312,"Cepphus grylle (Linnaeus, 1758)",Animalia,SPECIES
310017214,https://www.gbif.org/species/2481339,"Uria lomvia (Linnaeus, 1758)",Animalia,SPECIES
310017217,https://www.gbif.org/species/7406504,"Ichthyaetus audouinii (Payraudeau, 1826)",Animalia,SPECIES
310017218,https://www.gbif.org/species/8028588,"Ichthyaetus ichthyaetus (Pallas, 1773)",Animalia,SPECIES
310017221,https://www.gbif.org/species/2481263,"Gelochelidon nilotica (J.F.Gmelin, 1789)",Animalia,SPECIES
310017223,https://www.gbif.org/species/6065818,"Chroicocephalus philadelphia (Ord, 1815)",Animalia,SPECIES
310017225,https://www.gbif.org/species/6065810,"Chroicocephalus genei (Brème, 1839)",Animalia,SPECIES
310017228,https://www.gbif.org/species/2481285,"Thalasseus elegans (Gambel, 1849)",Animalia,SPECIES
310017230,https://www.gbif.org/species/5229249,"Sterna dougallii Montagu, 1813",Animalia,SPECIES
310017231,https://www.gbif.org/species/5229247,"Sterna forsteri Nuttall, 1834",Animalia,SPECIES
310017234,https://www.gbif.org/species/2481218,"Rhodostethia rosea (W.MacGillivray, 1824)",Animalia,SPECIES
310017236,https://www.gbif.org/species/5846430,"Leucophaeus pipixcan (Wagler, 1831)",Animalia,SPECIES
310017237,https://www.gbif.org/species/6065844,"Leucophaeus atricilla (Linnaeus, 1758)",Animalia,SPECIES
310017240,https://www.gbif.org/species/2481156,"Larus glaucoides B.Meyer, 1822",Animalia,SPECIES
310017241,https://www.gbif.org/species/2481134,"Larus delawarensis Ord, 1815",Animalia,SPECIES
310017242,https://www.gbif.org/species/2481127,"Larus hyperboreus Gunnerus, 1767",Animalia,SPECIES
310017245,https://www.gbif.org/species/5789286,"Onychoprion anaethetus (Scopoli, 1786)",Animalia,SPECIES
310017249,https://www.gbif.org/species/2481831,"Gallinago media (Latham, 1787)",Animalia,SPECIES
310017252,https://www.gbif.org/species/2481782,"Numenius minutus Gould, 1841",Animalia,SPECIES
310017253,https://www.gbif.org/species/2481789,"Numenius tenuirostris Vieillot, 1817",Animalia,SPECIES
310017255,https://www.gbif.org/species/2481670,"Limnodromus scolopaceus (Say, 1822)",Animalia,SPECIES
310017257,https://www.gbif.org/species/5229389,"Phalaropus tricolor (Vieillot, 1819)",Animalia,SPECIES
310017259,https://www.gbif.org/species/7537888,"Calidris falcinellus (Pontoppidan, 1763)",Animalia,SPECIES
310017260,https://www.gbif.org/species/2481770,"Calidris bairdii (Coues, 1861)",Animalia,SPECIES
310017261,https://www.gbif.org/species/2481745,"Calidris minutilla (Vieillot, 1819)",Animalia,SPECIES
310017262,https://www.gbif.org/species/2481744,"Calidris melanotos (Vieillot, 1819)",Animalia,SPECIES
310017263,https://www.gbif.org/species/2481756,"Calidris fuscicollis (Vieillot, 1819)",Animalia,SPECIES
310017264,https://www.gbif.org/species/8292425,"Calidris subruficollis (Vieillot, 1819)",Animalia,SPECIES
310017266,https://www.gbif.org/species/2481769,"Calidris acuminata (Horsfield, 1821)",Animalia,SPECIES
310017267,https://www.gbif.org/species/2481746,"Calidris ruficollis (Pallas, 1776)",Animalia,SPECIES
310017269,https://www.gbif.org/species/2481703,"Xenus cinereus (Güldenstädt, 1775)",Animalia,SPECIES
310017272,https://www.gbif.org/species/2481719,"Tringa stagnatilis (Bechstein, 1803)",Animalia,SPECIES
310017273,https://www.gbif.org/species/2481720,"Tringa melanoleuca (J.F.Gmelin, 1789)",Animalia,SPECIES
310017275,https://www.gbif.org/species/2481721,"Tringa flavipes (J.F.Gmelin, 1789)",Animalia,SPECIES
310017277,https://www.gbif.org/species/2481798,"Actitis macularius (Linnaeus, 1766)",Animalia,SPECIES
310017281,https://www.gbif.org/species/2480757,"Glareola pratincola (Linnaeus, 1766)",Animalia,SPECIES
310017282,https://www.gbif.org/species/2480758,"Glareola nordmanni Fischer von Waldheim, 1842",Animalia,SPECIES
310017289,https://www.gbif.org/species/2480328,"Pluvialis dominica (P.L.S.Müller, 1776)",Animalia,SPECIES
310017290,https://www.gbif.org/species/2480331,"Pluvialis fulva (J.F.Gmelin, 1789)",Animalia,SPECIES
310017293,https://www.gbif.org/species/5229147,"Vanellus leucurus (M.H.K.Lichtenstein, 1823)",Animalia,SPECIES
310017294,https://www.gbif.org/species/5229131,"Vanellus indicus (Boddaert, 1783)",Animalia,SPECIES
310017296,https://www.gbif.org/species/5229138,"Vanellus gregarius (Pallas, 1771)",Animalia,SPECIES
310017318,https://www.gbif.org/species/3042809,Brassica fruticulosa Cirillo,Plantae,SPECIES
310017340,https://www.gbif.org/species/2442165,"Lepidochelys kempii Garman, 1880",Animalia,SPECIES
310017343,https://www.gbif.org/species/8894817,"Caretta caretta (Linnaeus, 1758)",Animalia,SPECIES
310017388,https://www.gbif.org/species/2422538,"Duttaphrynus melanostictus (Schneider, 1799)",Animalia,SPECIES
310017423,https://www.gbif.org/species/5220003,"Delphinapterus leucas (Pallas, 1776)",Animalia,SPECIES
310017425,https://www.gbif.org/species/5220008,"Monodon monoceros Linnaeus, 1758",Animalia,SPECIES
310017429,https://www.gbif.org/species/2440483,"Orcinus orca (Linnaeus, 1758)",Animalia,SPECIES
310017433,https://www.gbif.org/species/5220086,"Megaptera novaeangliae (Borowski, 1781)",Animalia,SPECIES
310017440,https://www.gbif.org/species/5218525,"Nyctalus lasiopterus (Schreber, 1780)",Animalia,SPECIES
310017448,https://www.gbif.org/species/2441055,"Capra ibex Linnaeus, 1758",Animalia,SPECIES
310017462,https://www.gbif.org/species/5334269,Lonicera caerulea L.,Plantae,SPECIES
310017465,https://www.gbif.org/species/5334268,Lonicera fragrantissima Lindl. & Paxton,Plantae,SPECIES
310017474,https://www.gbif.org/species/5219369,"Pusa hispida (Schreber, 1775)",Animalia,SPECIES
310017479,https://www.gbif.org/species/3856322,Weigela japonica Thunb.,Plantae,SPECIES
310017555,https://www.gbif.org/species/6479063,"Prosthiostomum wagurensis Kato, 1944",Animalia,SPECIES
310017560,https://www.gbif.org/species/2503215,"Euplana gracilis Girard, 1853",Animalia,SPECIES
310017562,https://www.gbif.org/species/5382780,Phyllanthus urinaria L.,Plantae,SPECIES
310017592,https://www.gbif.org/species/8155634,"Watersipora subatra (Ortmann, 1890)",Animalia,SPECIES
310017601,https://www.gbif.org/species/3066495,Euphorbia segetalis L.,Plantae,SPECIES
310017604,https://www.gbif.org/species/1007512,"Pacificincola perforata (Okada & Mawatari, 1937)",Animalia,SPECIES
310017624,https://www.gbif.org/species/2874529,Cyclanthera pedata (L.) Schrad.,Plantae,SPECIES
310017641,https://www.gbif.org/species/3082274,Cornus kousa Bürger ex Hance,Plantae,SPECIES
310017651,https://www.gbif.org/species/3966592,Cullen leucanthum (F.Muell.) J.W.Grimes,Plantae,SPECIES
310017652,https://www.gbif.org/species/3966547,Cullen tenax (Lindl.) J.W.Grimes,Plantae,SPECIES
310017658,https://www.gbif.org/species/2972983,Albizia julibrissin Durazz.,Plantae,SPECIES
310017668,https://www.gbif.org/species/2971499,Indigofera linnaei Ali,Plantae,SPECIES
310017680,https://www.gbif.org/species/5358823,Trifolium leucanthum M.Bieb.,Plantae,SPECIES
310017681,https://www.gbif.org/species/5359414,Trifolium cernuum Brot.,Plantae,SPECIES
310017684,https://www.gbif.org/species/2952882,Bituminaria bituminosa (L.) C.H.Stirt.,Plantae,SPECIES
310017692,https://www.gbif.org/species/2965747,Glycyrrhiza acanthocarpa (Lindl.) J.M.Black,Plantae,SPECIES
310017696,https://www.gbif.org/species/2942291,Crotalaria medicaginea Lam.,Plantae,SPECIES
310017703,https://www.gbif.org/species/5356354,Ceratonia siliqua L.,Plantae,SPECIES
310017709,https://www.gbif.org/species/2956964,Senna barclayana (Sweet) Randell,Plantae,SPECIES
310017710,https://www.gbif.org/species/2956979,Senna planitiicola (Domin) Randell,Plantae,SPECIES
310017721,https://www.gbif.org/species/4090162,Armeria pseudarmeria (Murray) Mansf.,Plantae,SPECIES
310017752,https://www.gbif.org/species/5554574,Tetragonia tetragonoides (Pall.) Kuntze,Plantae,SPECIES
310017790,https://www.gbif.org/species/6391377,Rumex triangulivalvis (Danser) Rech.fil.,Plantae,SPECIES
310017792,https://www.gbif.org/species/2889320,Persicaria virginiana (L.) Gaertn.,Plantae,SPECIES
310017799,https://www.gbif.org/species/3084740,Claytonia rubra (Howell) Tidestr.,Plantae,SPECIES
310017806,https://www.gbif.org/species/7912535,Falkia repens L.fil.,Plantae,SPECIES
310017808,https://www.gbif.org/species/3680974,Ipomoea lonchophylla J.M.Black,Plantae,SPECIES
310017812,https://www.gbif.org/species/3678785,Convolvulus graminetinus R.W.Johnson,Plantae,SPECIES
310017813,https://www.gbif.org/species/3679569,Convolvulus farinosus L.,Plantae,SPECIES
310017814,https://www.gbif.org/species/7324396,Convolvulus clementii Domin,Plantae,SPECIES
310017862,https://www.gbif.org/species/3145311,Smallanthus sonchifolius (Poepp. & Endl.) H.Rob.,Plantae,SPECIES
310017871,https://www.gbif.org/species/3128725,Centaurea varnensis Velen.,Plantae,SPECIES
310017898,https://www.gbif.org/species/3121525,Artemisia gilvescens Miq.,Plantae,SPECIES
310018006,https://www.gbif.org/species/5414975,Scoparia montevidensis (Spreng.) R.E.Fr.,Plantae,SPECIES
310018045,https://www.gbif.org/species/2925562,Vitex agnus-castus L.,Plantae,SPECIES
310018060,https://www.gbif.org/species/2927045,Salvia microphylla Kunth,Plantae,SPECIES
310018137,https://www.gbif.org/species/2891661,Oxalis pes-caprae L.,Plantae,SPECIES
310018148,https://www.gbif.org/species/2882758,Gaultheria shallon Pursh,Plantae,SPECIES
310018162,https://www.gbif.org/species/3032980,Diospyros lotus L.,Plantae,SPECIES
310018177,https://www.gbif.org/species/3189636,Camellia japonica L.,Plantae,SPECIES
310018192,https://www.gbif.org/species/5362063,Crassula ovata (Mill.) Druce,Plantae,SPECIES
310018195,https://www.gbif.org/species/3702764,Corylopsis spicata Siebold & Zucc.,Plantae,SPECIES
310018211,https://www.gbif.org/species/11742641,Myriophyllum rubricaule Valk. & Duist.,Plantae,SPECIES
310018218,https://www.gbif.org/species/3940858,Abelmoschus ficulneus (L.) Wight & Arn. ex Wight,Plantae,SPECIES
310018222,https://www.gbif.org/species/3937556,Abutilon malvifolium (Benth.) J.M.Black,Plantae,SPECIES
310018223,https://www.gbif.org/species/3937065,Abutilon nobile Domin,Plantae,SPECIES
310018224,https://www.gbif.org/species/7279347,Abutilon guineense (Schum.) Baker fil. & Exell,Plantae,SPECIES
310018225,https://www.gbif.org/species/3937851,Abutilon lepidum (F.Muell.) A.S.Mitch.,Plantae,SPECIES
310018226,https://www.gbif.org/species/3935859,Abutilon sonneratianum (Cav.) Sweet,Plantae,SPECIES
310018227,https://www.gbif.org/species/7279119,Abutilon oxycarpum (F.Muell.) Benth.,Plantae,SPECIES
310018229,https://www.gbif.org/species/5619178,Pavonia columella Cav.,Plantae,SPECIES
310018230,https://www.gbif.org/species/5617982,Pavonia urens Cav.,Plantae,SPECIES
310018232,https://www.gbif.org/species/3935695,Fuertesimalva echinata (J.Presl) Fryxell,Plantae,SPECIES
310018234,https://www.gbif.org/species/3937996,Sphaeralcea purpurata (Lindl.) Krapov.,Plantae,SPECIES
310018237,https://www.gbif.org/species/3152514,Herissantia crispa (L.) Brizicky,Plantae,SPECIES
310018239,https://www.gbif.org/species/3152084,Corchorus olitorius L.,Plantae,SPECIES
310018240,https://www.gbif.org/species/3152090,Corchorus tridens L.,Plantae,SPECIES
310018241,https://www.gbif.org/species/3152081,Corchorus trilocularis L.,Plantae,SPECIES
310018245,https://www.gbif.org/species/3152253,Urena lobata L.,Plantae,SPECIES
310018251,https://www.gbif.org/species/4261116,Triumfetta annua L.,Plantae,SPECIES
310018253,https://www.gbif.org/species/5618579,Sida hackettiana W.Fitzg.,Plantae,SPECIES
310018254,https://www.gbif.org/species/5617809,Sida platycalyx F.Muell. ex Benth.,Plantae,SPECIES
310018255,https://www.gbif.org/species/7278666,Sida atherophora Domin,Plantae,SPECIES
310018256,https://www.gbif.org/species/5619128,Sida cerradoensis Krapov.,Plantae,SPECIES
310018257,https://www.gbif.org/species/5619253,Sida brachypoda A.E.Holland & S.T.Reynolds,Plantae,SPECIES
310018258,https://www.gbif.org/species/7278839,Sida rohlenae Domin,Plantae,SPECIES
310018259,https://www.gbif.org/species/5406755,Sida cordifolia L.,Plantae,SPECIES
310018260,https://www.gbif.org/species/5617151,Sida variegata (Griseb.) Krapov.,Plantae,SPECIES
310018261,https://www.gbif.org/species/3933670,Sida acuta Burm.fil.,Plantae,SPECIES
310018263,https://www.gbif.org/species/5618470,Lawrencia glomerata Hook.,Plantae,SPECIES
310018265,https://www.gbif.org/species/7579470,Hibiscus verdcourtii Craven,Plantae,SPECIES
310018266,https://www.gbif.org/species/3152547,Hibiscus cannabinus L.,Plantae,SPECIES
310018267,https://www.gbif.org/species/3940696,Hibiscus tridactylites Lindl.,Plantae,SPECIES
310018269,https://www.gbif.org/species/3152125,Melochia corchorifolia L.,Plantae,SPECIES
310018271,https://www.gbif.org/species/7931233,Waltheria rotundifolia Schrank,Plantae,SPECIES
310018273,https://www.gbif.org/species/8248445,Malva weinmanniana (Besser ex Rchb.) Conran,Plantae,SPECIES
310018275,https://www.gbif.org/species/4261619,Tilia henryana Szyszyl.,Plantae,SPECIES
310018301,https://www.gbif.org/species/7141655,Celtis caucasica Willd.,Plantae,SPECIES
310018302,https://www.gbif.org/species/2984481,Celtis occidentalis L.,Plantae,SPECIES
310018309,https://www.gbif.org/species/3025684,Cotoneaster gamblei G.Klotz,Plantae,SPECIES
310018320,https://www.gbif.org/species/3021357,Prunus nipponica Matsum.,Plantae,SPECIES
310018337,https://www.gbif.org/species/3013404,Crataegus crus-galli L.,Plantae,SPECIES
