taxonKey,taxonID,scientificName,taxonomicStatus,acceptedKey,acceptedName,acceptedTaxonRank,acceptedKingdom
152543101,https://www.gbif.org/species/5740285,"Gyrodactylus proterorhini Ergens, 1967",ACCEPTED,5740285,"Gyrodactylus proterorhini Ergens, 1967",SPECIES,Animalia
152543102,https://www.gbif.org/species/3202936,Aphanomyces astaci Schikora,ACCEPTED,3202936,Aphanomyces astaci Schikora,SPECIES,Chromista
152543110,https://www.gbif.org/species/5179027,"Scutigera coleoptrata Linnaeus, 1758",ACCEPTED,5179027,"Scutigera coleoptrata Linnaeus, 1758",SPECIES,Animalia
152543115,https://www.gbif.org/species/5250069,"Thecaphora oxalidis (Ellis & Tracy) M.Lutz, R.Bauer & Piątek",ACCEPTED,5250069,"Thecaphora oxalidis (Ellis & Tracy) M.Lutz, R.Bauer & Piątek",SPECIES,Fungi
152543120,https://www.gbif.org/species/4985072,"Tricellaria inopinata d'Hondt & Occhipinti Ambrogi, 1985",ACCEPTED,4985072,"Tricellaria inopinata d'Hondt & Occhipinti Ambrogi, 1985",SPECIES,Animalia
152543121,https://www.gbif.org/species/5250090,Urocystis trollii Nannf.,ACCEPTED,5250090,Urocystis trollii Nannf.,SPECIES,Fungi
152543128,https://www.gbif.org/species/2557730,Sporisorium destruens (Schltdl.) Vánky,ACCEPTED,2557730,Sporisorium destruens (Schltdl.) Vánky,SPECIES,Fungi
152543132,https://www.gbif.org/species/6157050,"Graptemys pseudogeographica kohnii (Baur, 1890)",ACCEPTED,6157050,"Graptemys pseudogeographica kohnii (Baur, 1890)",SUBSPECIES,Animalia
152543136,https://www.gbif.org/species/7190901,Graptemys pseudogeographica pseudogeographica,ACCEPTED,7190901,Graptemys pseudogeographica pseudogeographica,SUBSPECIES,Animalia
152543139,https://www.gbif.org/species/6157035,"Trachemys scripta troostii (Holbrook, 1836)",ACCEPTED,6157035,"Trachemys scripta troostii (Holbrook, 1836)",SUBSPECIES,Animalia
152543140,https://www.gbif.org/species/6157026,"Trachemys scripta elegans (Wied, 1838)",ACCEPTED,6157026,"Trachemys scripta elegans (Wied, 1838)",SUBSPECIES,Animalia
152543141,https://www.gbif.org/species/7062200,Trachemys scripta scripta,ACCEPTED,7062200,Trachemys scripta scripta,SUBSPECIES,Animalia
152543142,https://www.gbif.org/species/2537743,Lentinula edodes (Berk.) Pegler,ACCEPTED,2537743,Lentinula edodes (Berk.) Pegler,SPECIES,Fungi
152543147,https://www.gbif.org/species/9350124,"Natrix helvetica (Lacépède, 1789)",ACCEPTED,9350124,"Natrix helvetica (Lacépède, 1789)",SPECIES,Animalia
152543152,https://www.gbif.org/species/2516809,Melampsoridium betulinum (Pers.) Kleb.,ACCEPTED,2516809,Melampsoridium betulinum (Pers.) Kleb.,SPECIES,Fungi
152543157,https://www.gbif.org/species/2516419,Tranzschelia discolor (Fuckel) Tranzschel & M.A.Litv.,ACCEPTED,2516419,Tranzschelia discolor (Fuckel) Tranzschel & M.A.Litv.,SPECIES,Fungi
152543162,https://www.gbif.org/species/7239373,Uromyces veratri (DC.) J.Schröt.,ACCEPTED,7239373,Uromyces veratri (DC.) J.Schröt.,SPECIES,Fungi
152543166,https://www.gbif.org/species/2516117,Gymnosporangium confusum Plowr.,ACCEPTED,2516117,Gymnosporangium confusum Plowr.,SPECIES,Fungi
152543167,https://www.gbif.org/species/2516137,Gymnosporangium sabinae (Dicks.) G.Winter,ACCEPTED,2516137,Gymnosporangium sabinae (Dicks.) G.Winter,SPECIES,Fungi
152543168,https://www.gbif.org/species/9185677,"Podarcis siculus (Rafinesque-Schmaltz, 1810)",ACCEPTED,9185677,"Podarcis siculus (Rafinesque-Schmaltz, 1810)",SPECIES,Animalia
152543169,https://www.gbif.org/species/2469188,"Podarcis muralis (Laurenti, 1768)",ACCEPTED,2469188,"Podarcis muralis (Laurenti, 1768)",SPECIES,Animalia
152543171,https://www.gbif.org/species/2516075,Cumminsiella mirabilissima (Peck) Nannf.,ACCEPTED,2516075,Cumminsiella mirabilissima (Peck) Nannf.,SPECIES,Fungi
152543176,https://www.gbif.org/species/3376286,Puccinia pazschkei Dietel,ACCEPTED,3376286,Puccinia pazschkei Dietel,SPECIES,Fungi
152543178,https://www.gbif.org/species/4344674,"Dendrocoelum romanodanubiale (Codreanu, 1949)",ACCEPTED,4344674,"Dendrocoelum romanodanubiale (Codreanu, 1949)",SPECIES,Animalia
152543181,https://www.gbif.org/species/2515351,Puccinia oxalidis Dietel & Ellis,ACCEPTED,2515351,Puccinia oxalidis Dietel & Ellis,SPECIES,Fungi
152543183,https://www.gbif.org/species/2515236,Puccinia antirrhini Dietel & Holw.,ACCEPTED,2515236,Puccinia antirrhini Dietel & Holw.,SPECIES,Fungi
152543185,https://www.gbif.org/species/2514972,Puccinia komarovii Tranzschel,DOUBTFUL,2514972,Puccinia komarovii Tranzschel,SPECIES,Fungi
152543187,https://www.gbif.org/species/2514966,Puccinia sorghi Schwein.,ACCEPTED,2514966,Puccinia sorghi Schwein.,SPECIES,Fungi
152543192,https://www.gbif.org/species/2502938,"Bipalium kewense Moseley, 1878",ACCEPTED,2502938,"Bipalium kewense Moseley, 1878",SPECIES,Animalia
152543197,https://www.gbif.org/species/2513609,Entyloma calendulae (Oudem.) de Bary,ACCEPTED,2513609,Entyloma calendulae (Oudem.) de Bary,SPECIES,Fungi
152543200,https://www.gbif.org/species/5232428,"Chloephaga picta (J.F.Gmelin, 1789)",ACCEPTED,5232428,"Chloephaga picta (J.F.Gmelin, 1789)",SPECIES,Animalia
152543206,https://www.gbif.org/species/5232437,"Branta canadensis (Linnaeus, 1758)",ACCEPTED,5232437,"Branta canadensis (Linnaeus, 1758)",SPECIES,Animalia
152543207,https://www.gbif.org/species/7670473,"Batrachochytrium salamandrivorans A.Martel, Blooi, Bossuyt & Pasmans",ACCEPTED,7670473,"Batrachochytrium salamandrivorans A.Martel, Blooi, Bossuyt & Pasmans",SPECIES,Fungi
152543209,https://www.gbif.org/species/2627503,"Batrachochytrium dendrobatidis Longcore, Pessier & D.K.Nichols",ACCEPTED,2627503,"Batrachochytrium dendrobatidis Longcore, Pessier & D.K.Nichols",SPECIES,Fungi
152543210,https://www.gbif.org/species/2498387,"Aix sponsa (Linnaeus, 1758)",ACCEPTED,2498387,"Aix sponsa (Linnaeus, 1758)",SPECIES,Animalia
152543211,https://www.gbif.org/species/2498388,"Aix galericulata (Linnaeus, 1758)",ACCEPTED,2498388,"Aix galericulata (Linnaeus, 1758)",SPECIES,Animalia
152543214,https://www.gbif.org/species/2498390,"Marmaronetta angustirostris (Ménétries, 1832)",ACCEPTED,2498390,"Marmaronetta angustirostris (Ménétries, 1832)",SPECIES,Animalia
152543218,https://www.gbif.org/species/2498252,"Alopochen aegyptiaca (Linnaeus, 1766)",ACCEPTED,2498252,"Alopochen aegyptiaca (Linnaeus, 1766)",SPECIES,Animalia
152543221,https://www.gbif.org/species/2498305,"Oxyura jamaicensis (J.F.Gmelin, 1789)",ACCEPTED,2498305,"Oxyura jamaicensis (J.F.Gmelin, 1789)",SPECIES,Animalia
152543224,https://www.gbif.org/species/2498344,"Cygnus atratus (Latham, 1790)",ACCEPTED,2498344,"Cygnus atratus (Latham, 1790)",SPECIES,Animalia
152543227,https://www.gbif.org/species/2498015,"Tadorna ferruginea (Pallas, 1764)",ACCEPTED,2498015,"Tadorna ferruginea (Pallas, 1764)",SPECIES,Animalia
152543235,https://www.gbif.org/species/2498035,"Anser indicus (Latham, 1790)",ACCEPTED,2498035,"Anser indicus (Latham, 1790)",SPECIES,Animalia
152543236,https://www.gbif.org/species/6096602,Lophocolea semiteres (Lehm.) Mitt.,ACCEPTED,6096602,Lophocolea semiteres (Lehm.) Mitt.,SPECIES,Plantae
152543248,https://www.gbif.org/species/5930559,Ilex ×altaclerensis (Loudon) Dallim.,ACCEPTED,5930559,Ilex ×altaclerensis (Loudon) Dallim.,SPECIES,Plantae
152543250,https://www.gbif.org/species/5414239,Ilex crenata Thunb.,ACCEPTED,5414239,Ilex crenata Thunb.,SPECIES,Plantae
152543251,https://www.gbif.org/species/5533814,Ilex ×meserveae S.Y.Hu,ACCEPTED,5533814,Ilex ×meserveae S.Y.Hu,SPECIES,Plantae
152543252,https://www.gbif.org/species/5220170,"Rupicapra rupicapra (Linnaeus, 1758)",ACCEPTED,5220170,"Rupicapra rupicapra (Linnaeus, 1758)",SPECIES,Animalia
152543258,https://www.gbif.org/species/5220136,"Dama dama (Linnaeus, 1758)",ACCEPTED,5220136,"Dama dama (Linnaeus, 1758)",SPECIES,Animalia
152543260,https://www.gbif.org/species/2440954,"Cervus nippon Temminck, 1838",ACCEPTED,2440954,"Cervus nippon Temminck, 1838",SPECIES,Animalia
152543264,https://www.gbif.org/species/2440946,"Muntiacus reevesi (Ogilby, 1839)",ACCEPTED,2440946,"Muntiacus reevesi (Ogilby, 1839)",SPECIES,Animalia
152543266,https://www.gbif.org/species/5421116,Tribulus terrestris L.,ACCEPTED,5421116,Tribulus terrestris L.,SPECIES,Plantae
152543269,https://www.gbif.org/species/5219858,"Ondatra zibethicus (Linnaeus, 1766)",ACCEPTED,5219858,"Ondatra zibethicus (Linnaeus, 1766)",SPECIES,Animalia
152543273,https://www.gbif.org/species/4264680,"Myocastor coypus (Molina, 1782)",ACCEPTED,4264680,"Myocastor coypus (Molina, 1782)",SPECIES,Animalia
152543277,https://www.gbif.org/species/2439838,"Castor canadensis Kuhl, 1820",ACCEPTED,2439838,"Castor canadensis Kuhl, 1820",SPECIES,Animalia
152543281,https://www.gbif.org/species/3686235,Staphylea pinnata L.,ACCEPTED,3686235,Staphylea pinnata L.,SPECIES,Plantae
152543284,https://www.gbif.org/species/2437619,"Dolichotis patagonum (Zimmermann, 1780)",ACCEPTED,2437619,"Dolichotis patagonum (Zimmermann, 1780)",SPECIES,Animalia
152543289,https://www.gbif.org/species/5219721,"Meriones unguiculatus (Milne-Edwards, 1867)",ACCEPTED,5219721,"Meriones unguiculatus (Milne-Edwards, 1867)",SPECIES,Animalia
152543292,https://www.gbif.org/species/5914287,Melia azedarach L.,ACCEPTED,5914287,Melia azedarach L.,SPECIES,Plantae
152543293,https://www.gbif.org/species/2439261,"Rattus norvegicus (Berkenhout, 1769)",ACCEPTED,2439261,"Rattus norvegicus (Berkenhout, 1769)",SPECIES,Animalia
152543298,https://www.gbif.org/species/3190653,Ailanthus altissima (Mill.) Swingle,ACCEPTED,3190653,Ailanthus altissima (Mill.) Swingle,SPECIES,Plantae
152543299,https://www.gbif.org/species/5219681,"Sciurus carolinensis Gmelin, 1788",ACCEPTED,5219681,"Sciurus carolinensis Gmelin, 1788",SPECIES,Animalia
152543300,https://www.gbif.org/species/5219683,"Sciurus niger Linnaeus, 1758",ACCEPTED,5219683,"Sciurus niger Linnaeus, 1758",SPECIES,Animalia
152543304,https://www.gbif.org/species/2437450,"Tamias sibiricus (Laxmann, 1769)",ACCEPTED,2437450,"Tamias sibiricus (Laxmann, 1769)",SPECIES,Animalia
152543305,https://www.gbif.org/species/3190538,Rhus typhina L.,ACCEPTED,3190538,Rhus typhina L.,SPECIES,Plantae
152543306,https://www.gbif.org/species/3190551,Rhus ×pulvinata Greene,ACCEPTED,3190551,Rhus ×pulvinata Greene,SPECIES,Plantae
152543309,https://www.gbif.org/species/2437232,"Cynomys ludovicianus (Ord, 1815)",ACCEPTED,2437232,"Cynomys ludovicianus (Ord, 1815)",SPECIES,Animalia
152543310,https://www.gbif.org/species/3190522,Cotinus coggygria Scop.,ACCEPTED,3190522,Cotinus coggygria Scop.,SPECIES,Plantae
152543313,https://www.gbif.org/species/2437397,"Callosciurus prevostii (Desmarest, 1822)",ACCEPTED,2437397,"Callosciurus prevostii (Desmarest, 1822)",SPECIES,Animalia
152543314,https://www.gbif.org/species/2437394,"Callosciurus erythraeus (Pallas, 1779)",ACCEPTED,2437394,"Callosciurus erythraeus (Pallas, 1779)",SPECIES,Animalia
152543316,https://www.gbif.org/species/2437282,"Tamiasciurus hudsonicus (Erxleben, 1777)",ACCEPTED,2437282,"Tamiasciurus hudsonicus (Erxleben, 1777)",SPECIES,Animalia
152543320,https://www.gbif.org/species/7740617,Skimmia japonica Thunb.,ACCEPTED,7740617,Skimmia japonica Thunb.,SPECIES,Plantae
152543323,https://www.gbif.org/species/5219380,"Mephitis mephitis (Schreber, 1776)",ACCEPTED,5219380,"Mephitis mephitis (Schreber, 1776)",SPECIES,Animalia
152543324,https://www.gbif.org/species/8077391,Citrus ×aurantium L.,ACCEPTED,8077391,Citrus ×aurantium L.,SPECIES,Plantae
152543329,https://www.gbif.org/species/5218786,"Procyon lotor (Linnaeus, 1758)",ACCEPTED,5218786,"Procyon lotor (Linnaeus, 1758)",SPECIES,Animalia
152543330,https://www.gbif.org/species/3190382,Ruta graveolens L.,ACCEPTED,3190382,Ruta graveolens L.,SPECIES,Plantae
152543334,https://www.gbif.org/species/3190411,Ptelea trifoliata L.,ACCEPTED,3190411,Ptelea trifoliata L.,SPECIES,Plantae
152543337,https://www.gbif.org/species/2435035,"Felis catus Linnaeus, 1758",ACCEPTED,2435035,"Felis catus Linnaeus, 1758",SPECIES,Animalia
152543341,https://www.gbif.org/species/2434552,"Nyctereutes procyonoides (Gray, 1834)",ACCEPTED,2434552,"Nyctereutes procyonoides (Gray, 1834)",SPECIES,Animalia
152543345,https://www.gbif.org/species/5421180,Koelreuteria paniculata Laxm.,ACCEPTED,5421180,Koelreuteria paniculata Laxm.,SPECIES,Plantae
152543350,https://www.gbif.org/species/3189939,Cardiospermum halicacabum L.,ACCEPTED,3189939,Cardiospermum halicacabum L.,SPECIES,Plantae
152543351,https://www.gbif.org/species/3189935,Cardiospermum grandiflorum Sw.,ACCEPTED,3189935,Cardiospermum grandiflorum Sw.,SPECIES,Plantae
152543356,https://www.gbif.org/species/2436940,"Oryctolagus cuniculus (Linnaeus, 1758)",ACCEPTED,2436940,"Oryctolagus cuniculus (Linnaeus, 1758)",SPECIES,Animalia
152543358,https://www.gbif.org/species/2436886,"Sylvilagus floridanus (J.A.Allen, 1890)",ACCEPTED,2436886,"Sylvilagus floridanus (J.A.Allen, 1890)",SPECIES,Animalia
152543363,https://www.gbif.org/species/7263145,Acer rufinerve Siebold & Zucc.,ACCEPTED,7263145,Acer rufinerve Siebold & Zucc.,SPECIES,Plantae
152543365,https://www.gbif.org/species/2431875,"Pleurodeles waltl Michahelles, 1830",ACCEPTED,2431875,"Pleurodeles waltl Michahelles, 1830",SPECIES,Animalia
152543366,https://www.gbif.org/species/7262958,Acer monspessulanum L.,ACCEPTED,7262958,Acer monspessulanum L.,SPECIES,Plantae
152543368,https://www.gbif.org/species/7262908,Acer cappadocicum Gled.,ACCEPTED,7262908,Acer cappadocicum Gled.,SPECIES,Plantae
152543370,https://www.gbif.org/species/4925890,Acer tataricum subsp. ginnala (Maxim.) Wesm.,ACCEPTED,4925890,Acer tataricum subsp. ginnala (Maxim.) Wesm.,SUBSPECIES,Plantae
152543372,https://www.gbif.org/species/2431886,"Triturus marmoratus (Latreille, 1800)",ACCEPTED,2431886,"Triturus marmoratus (Latreille, 1800)",SPECIES,Animalia
152543377,https://www.gbif.org/species/5216933,"Rhinella marina (Linnaeus, 1758)",ACCEPTED,5216933,"Rhinella marina (Linnaeus, 1758)",SPECIES,Animalia
152543379,https://www.gbif.org/species/3189883,Acer rubrum L.,ACCEPTED,3189883,Acer rubrum L.,SPECIES,Plantae
152543380,https://www.gbif.org/species/3189866,Acer negundo L.,ACCEPTED,3189866,Acer negundo L.,SPECIES,Plantae
152543382,https://www.gbif.org/species/3189837,Acer saccharinum L.,ACCEPTED,3189837,Acer saccharinum L.,SPECIES,Plantae
152543383,https://www.gbif.org/species/5217334,"Xenopus laevis (Daudin, 1802)",ACCEPTED,5217334,"Xenopus laevis (Daudin, 1802)",SPECIES,Animalia
152543388,https://www.gbif.org/species/2427091,"Lithobates catesbeianus (Shaw, 1802)",ACCEPTED,2427091,"Lithobates catesbeianus (Shaw, 1802)",SPECIES,Animalia
152543390,https://www.gbif.org/species/2426661,"Pelophylax ridibundus (Pallas, 1771)",ACCEPTED,2426661,"Pelophylax ridibundus (Pallas, 1771)",SPECIES,Animalia
152543391,https://www.gbif.org/species/3189828,Aesculus parviflora Walter,ACCEPTED,3189828,Aesculus parviflora Walter,SPECIES,Plantae
152543392,https://www.gbif.org/species/2426640,"Pelophylax bedriagae (Camerano, 1882)",ACCEPTED,2426640,"Pelophylax bedriagae (Camerano, 1882)",SPECIES,Animalia
152543393,https://www.gbif.org/species/3189815,Aesculus hippocastanum L.,ACCEPTED,3189815,Aesculus hippocastanum L.,SPECIES,Plantae
152543399,https://www.gbif.org/species/3188711,Ammannia coccinea Rottb.,ACCEPTED,3188711,Ammannia coccinea Rottb.,SPECIES,Plantae
152543401,https://www.gbif.org/species/3989886,Lythrum acutangulum Lag.,ACCEPTED,3989886,Lythrum acutangulum Lag.,SPECIES,Plantae
152543404,https://www.gbif.org/species/3988701,Lythrum junceum Banks & Sol.,ACCEPTED,3988701,Lythrum junceum Banks & Sol.,SPECIES,Plantae
152543405,https://www.gbif.org/species/3188735,Lythrum virgatum L.,ACCEPTED,3188735,Lythrum virgatum L.,SPECIES,Plantae
152543406,https://www.gbif.org/species/5203111,"Umbra pygmaea (DeKay, 1842)",ACCEPTED,5203111,"Umbra pygmaea (DeKay, 1842)",SPECIES,Animalia
152543409,https://www.gbif.org/species/3188757,Trapa natans L.,ACCEPTED,3188757,Trapa natans L.,SPECIES,Plantae
152543413,https://www.gbif.org/species/7161168,Lopezia racemosa Cav.,ACCEPTED,7161168,Lopezia racemosa Cav.,SPECIES,Plantae
152543416,https://www.gbif.org/species/7814921,Clarkia bottae (Spach) F.H.Lewis & M.E.Lewis,ACCEPTED,7814921,Clarkia bottae (Spach) F.H.Lewis & M.E.Lewis,SPECIES,Plantae
152543417,https://www.gbif.org/species/4285694,"Oreochromis niloticus (Linnaeus, 1758)",ACCEPTED,4285694,"Oreochromis niloticus (Linnaeus, 1758)",SPECIES,Animalia
152543418,https://www.gbif.org/species/5544928,Clarkia purpurea subsp. quadrivulnera (Douglas) F.H.Lewis & M.E.Lewis,ACCEPTED,5544928,Clarkia purpurea subsp. quadrivulnera (Douglas) F.H.Lewis & M.E.Lewis,SUBSPECIES,Plantae
152543421,https://www.gbif.org/species/4285968,"Ponticola kessleri (Günther, 1861)",ACCEPTED,4285968,"Ponticola kessleri (Günther, 1861)",SPECIES,Animalia
152543422,https://www.gbif.org/species/5420978,Clarkia amoena (Lehm.) A.Nelson & J.F.Macbr.,ACCEPTED,5420978,Clarkia amoena (Lehm.) A.Nelson & J.F.Macbr.,SPECIES,Plantae
152543423,https://www.gbif.org/species/5420982,Clarkia pulchella Pursh,ACCEPTED,5420982,Clarkia pulchella Pursh,SPECIES,Plantae
152543426,https://www.gbif.org/species/5208832,"Gobiosoma bosc (Lacepède, 1800)",ACCEPTED,5208832,"Gobiosoma bosc (Lacepède, 1800)",SPECIES,Animalia
152543427,https://www.gbif.org/species/5545159,Ludwigia peploides subsp. montevidensis (Spreng.) P.H.Raven,ACCEPTED,5545159,Ludwigia peploides subsp. montevidensis (Spreng.) P.H.Raven,SUBSPECIES,Plantae
152543429,https://www.gbif.org/species/5421039,Ludwigia grandiflora (Michx.) Greuter & Burdet,ACCEPTED,5421039,Ludwigia grandiflora (Michx.) Greuter & Burdet,SPECIES,Plantae
152543430,https://www.gbif.org/species/2379089,"Neogobius melanostomus (Pallas, 1814)",ACCEPTED,2379089,"Neogobius melanostomus (Pallas, 1814)",SPECIES,Animalia
152543431,https://www.gbif.org/species/5420991,Ludwigia peploides (Kunth) P.H.Raven,ACCEPTED,5420991,Ludwigia peploides (Kunth) P.H.Raven,SPECIES,Plantae
152543432,https://www.gbif.org/species/2379105,"Neogobius fluviatilis (Pallas, 1814)",ACCEPTED,2379105,"Neogobius fluviatilis (Pallas, 1814)",SPECIES,Animalia
152543434,https://www.gbif.org/species/8994150,Oenothera parviflora L.,ACCEPTED,8994150,Oenothera parviflora L.,SPECIES,Plantae
152543436,https://www.gbif.org/species/2379245,"Proterorhinus semilunaris (Heckel, 1837)",ACCEPTED,2379245,"Proterorhinus semilunaris (Heckel, 1837)",SPECIES,Animalia
152543437,https://www.gbif.org/species/7915783,Oenothera ×fallax Renner,ACCEPTED,7915783,Oenothera ×fallax Renner,SPECIES,Plantae
152543438,https://www.gbif.org/species/8153538,Oenothera ×oehlkersii Kappus,ACCEPTED,8153538,Oenothera ×oehlkersii Kappus,SPECIES,Plantae
152543440,https://www.gbif.org/species/8302634,Oenothera suaveolens Desf. ex Pers.,ACCEPTED,8302634,Oenothera suaveolens Desf. ex Pers.,SPECIES,Plantae
152543443,https://www.gbif.org/species/2382155,"Sander lucioperca (Linnaeus, 1758)",ACCEPTED,2382155,"Sander lucioperca (Linnaeus, 1758)",SPECIES,Animalia
152543447,https://www.gbif.org/species/7322292,Oenothera ×cambrica Rostanski,ACCEPTED,7322292,Oenothera ×cambrica Rostanski,SPECIES,Plantae
152543450,https://www.gbif.org/species/2394486,"Lepomis gibbosus (Linnaeus, 1758)",ACCEPTED,2394486,"Lepomis gibbosus (Linnaeus, 1758)",SPECIES,Animalia
152543451,https://www.gbif.org/species/7322529,Oenothera ×rubricaulis Kleb.,ACCEPTED,7322529,Oenothera ×rubricaulis Kleb.,SPECIES,Plantae
152543452,https://www.gbif.org/species/7322393,Oenothera indecora Cambess.,ACCEPTED,7322393,Oenothera indecora Cambess.,SPECIES,Plantae
152543454,https://www.gbif.org/species/7322373,Oenothera ×issleri Renner ex Rostanski,ACCEPTED,7322373,Oenothera ×issleri Renner ex Rostanski,SPECIES,Plantae
152543455,https://www.gbif.org/species/2394563,"Micropterus salmoides (Lacepède, 1802)",ACCEPTED,2394563,"Micropterus salmoides (Lacepède, 1802)",SPECIES,Animalia
152543458,https://www.gbif.org/species/3667406,Oenothera curtiflora W.L.Wagner & Hoch,ACCEPTED,3667406,Oenothera curtiflora W.L.Wagner & Hoch,SPECIES,Plantae
152543459,https://www.gbif.org/species/3667238,Oenothera ×paradoxa Hudziok,ACCEPTED,3667238,Oenothera ×paradoxa Hudziok,SPECIES,Plantae
152543462,https://www.gbif.org/species/3667721,Oenothera ×wratislaviensis Rostanski,ACCEPTED,3667721,Oenothera ×wratislaviensis Rostanski,SPECIES,Plantae
152543463,https://www.gbif.org/species/3667628,Oenothera ×nuda Renner ex Rostanski,ACCEPTED,3667628,Oenothera ×nuda Renner ex Rostanski,SPECIES,Plantae
152543465,https://www.gbif.org/species/4287131,"Acipenser baerii Brandt, 1869",ACCEPTED,4287131,"Acipenser baerii Brandt, 1869",SPECIES,Animalia
152543467,https://www.gbif.org/species/3665817,Oenothera ×rubricauloides Rostanski,ACCEPTED,3665817,Oenothera ×rubricauloides Rostanski,SPECIES,Plantae
152543468,https://www.gbif.org/species/2402129,"Acipenser gueldenstaedtii Brandt & Ratzeburg, 1833",ACCEPTED,2402129,"Acipenser gueldenstaedtii Brandt & Ratzeburg, 1833",SPECIES,Animalia
152543469,https://www.gbif.org/species/3664287,Oenothera ×casimiri Rostanski,ACCEPTED,3664287,Oenothera ×casimiri Rostanski,SPECIES,Plantae
152543470,https://www.gbif.org/species/2402168,"Acipenser ruthenus Linnaeus, 1758",ACCEPTED,2402168,"Acipenser ruthenus Linnaeus, 1758",SPECIES,Animalia
152543471,https://www.gbif.org/species/3664589,Oenothera lindheimeri (Engelm. & A.Gray) W.L.Wagner & Hoch,ACCEPTED,3664589,Oenothera lindheimeri (Engelm. & A.Gray) W.L.Wagner & Hoch,SPECIES,Plantae
152543473,https://www.gbif.org/species/3663772,Oenothera ×moravica V.Jehlík & Rostanski,ACCEPTED,3663772,Oenothera ×moravica V.Jehlík & Rostanski,SPECIES,Plantae
152543475,https://www.gbif.org/species/3188830,Oenothera stricta Link,ACCEPTED,3188830,Oenothera stricta Link,SPECIES,Plantae
152543476,https://www.gbif.org/species/3188838,Oenothera perennis L.,ACCEPTED,3188838,Oenothera perennis L.,SPECIES,Plantae
152543477,https://www.gbif.org/species/3188859,Oenothera speciosa Nutt.,ACCEPTED,3188859,Oenothera speciosa Nutt.,SPECIES,Plantae
152543478,https://www.gbif.org/species/3188867,Oenothera laciniata Hill,ACCEPTED,3188867,Oenothera laciniata Hill,SPECIES,Plantae
152543480,https://www.gbif.org/species/3188875,Oenothera rosea Aiton,ACCEPTED,3188875,Oenothera rosea Aiton,SPECIES,Plantae
152543481,https://www.gbif.org/species/5202793,"Clarias gariepinus (Burchell, 1822)",ACCEPTED,5202793,"Clarias gariepinus (Burchell, 1822)",SPECIES,Animalia
152543482,https://www.gbif.org/species/3188884,Oenothera oakesiana (A.Gray) J.W.Robbins ex S.Watson,ACCEPTED,3188884,Oenothera oakesiana (A.Gray) J.W.Robbins ex S.Watson,SPECIES,Plantae
152543486,https://www.gbif.org/species/3188924,Oenothera biennis L.,ACCEPTED,3188924,Oenothera biennis L.,SPECIES,Plantae
152543487,https://www.gbif.org/species/3188894,Oenothera glazioviana Micheli,ACCEPTED,3188894,Oenothera glazioviana Micheli,SPECIES,Plantae
152543488,https://www.gbif.org/species/2337607,"Silurus glanis Linnaeus, 1758",ACCEPTED,2337607,"Silurus glanis Linnaeus, 1758",SPECIES,Animalia
152543493,https://www.gbif.org/species/5202520,"Ictalurus punctatus (Rafinesque, 1818)",ACCEPTED,5202520,"Ictalurus punctatus (Rafinesque, 1818)",SPECIES,Animalia
152543494,https://www.gbif.org/species/9188840,Epilobium ciliatum Raf.,ACCEPTED,9188840,Epilobium ciliatum Raf.,SPECIES,Plantae
152543496,https://www.gbif.org/species/2340977,"Ameiurus melas (Rafinesque, 1820)",ACCEPTED,2340977,"Ameiurus melas (Rafinesque, 1820)",SPECIES,Animalia
152543498,https://www.gbif.org/species/2340989,"Ameiurus nebulosus (Lesueur, 1819)",ACCEPTED,2340989,"Ameiurus nebulosus (Lesueur, 1819)",SPECIES,Animalia
152543500,https://www.gbif.org/species/3665966,Epilobium ×floridulum Smejkal,ACCEPTED,3665966,Epilobium ×floridulum Smejkal,SPECIES,Plantae
152543502,https://www.gbif.org/species/3189073,Epilobium brachycarpum C.Presl,ACCEPTED,3189073,Epilobium brachycarpum C.Presl,SPECIES,Plantae
152543505,https://www.gbif.org/species/5204019,"Oncorhynchus mykiss (Walbaum, 1792)",ACCEPTED,5204019,"Oncorhynchus mykiss (Walbaum, 1792)",SPECIES,Animalia
152543507,https://www.gbif.org/species/5204034,"Oncorhynchus kisutch (Walbaum, 1792)",ACCEPTED,5204034,"Oncorhynchus kisutch (Walbaum, 1792)",SPECIES,Animalia
152543510,https://www.gbif.org/species/2351064,"Coregonus nasus (Pallas, 1776)",ACCEPTED,2351064,"Coregonus nasus (Pallas, 1776)",SPECIES,Animalia
152543511,https://www.gbif.org/species/3152816,Platanus orientalis L.,ACCEPTED,3152816,Platanus orientalis L.,SPECIES,Plantae
152543512,https://www.gbif.org/species/2351211,"Coregonus lavaretus (Linnaeus, 1758)",ACCEPTED,2351211,"Coregonus lavaretus (Linnaeus, 1758)",SPECIES,Animalia
152543513,https://www.gbif.org/species/2351136,"Coregonus peled (Gmelin, 1789)",ACCEPTED,2351136,"Coregonus peled (Gmelin, 1789)",SPECIES,Animalia
152543517,https://www.gbif.org/species/2351413,"Hucho hucho (Linnaeus, 1758)",ACCEPTED,2351413,"Hucho hucho (Linnaeus, 1758)",SPECIES,Animalia
152543521,https://www.gbif.org/species/3152861,Liriodendron tulipifera L.,ACCEPTED,3152861,Liriodendron tulipifera L.,SPECIES,Plantae
152543524,https://www.gbif.org/species/4409643,"Leuciscus idus (Linnaeus, 1758)",ACCEPTED,4409643,"Leuciscus idus (Linnaeus, 1758)",SPECIES,Animalia
152543526,https://www.gbif.org/species/4286975,"Cyprinus carpio Linnaeus, 1758",ACCEPTED,4286975,"Cyprinus carpio Linnaeus, 1758",SPECIES,Animalia
152543532,https://www.gbif.org/species/4286942,"Carassius auratus (Linnaeus, 1758)",ACCEPTED,4286942,"Carassius auratus (Linnaeus, 1758)",SPECIES,Animalia
152543533,https://www.gbif.org/species/2366634,"Carassius gibelio (Bloch, 1782)",ACCEPTED,2366634,"Carassius gibelio (Bloch, 1782)",SPECIES,Animalia
152543535,https://www.gbif.org/species/2367033,"Ballerus ballerus (Linnaeus, 1758)",ACCEPTED,2367033,"Ballerus ballerus (Linnaeus, 1758)",SPECIES,Animalia
152543537,https://www.gbif.org/species/7433196,Euonymus latifolius (L.) Mill.,ACCEPTED,7433196,Euonymus latifolius (L.) Mill.,SPECIES,Plantae
152543538,https://www.gbif.org/species/2367742,"Pimephales promelas Rafinesque, 1820",ACCEPTED,2367742,"Pimephales promelas Rafinesque, 1820",SPECIES,Animalia
152543540,https://www.gbif.org/species/2360504,"Vimba vimba (Linnaeus, 1758)",ACCEPTED,2360504,"Vimba vimba (Linnaeus, 1758)",SPECIES,Animalia
152543541,https://www.gbif.org/species/7102937,Euonymus japonicus Thunb.,ACCEPTED,7102937,Euonymus japonicus Thunb.,SPECIES,Plantae
152543543,https://www.gbif.org/species/2362881,"Leucaspius delineatus (Heckel, 1843)",ACCEPTED,2362881,"Leucaspius delineatus (Heckel, 1843)",SPECIES,Animalia
152543545,https://www.gbif.org/species/3169120,Euonymus alatus (Thunb.) Siebold,ACCEPTED,3169120,Euonymus alatus (Thunb.) Siebold,SPECIES,Plantae
152543546,https://www.gbif.org/species/2362868,"Pseudorasbora parva (Temminck & Schlegel, 1846)",ACCEPTED,2362868,"Pseudorasbora parva (Temminck & Schlegel, 1846)",SPECIES,Animalia
152543548,https://www.gbif.org/species/2362486,"Hypophthalmichthys nobilis (Richardson, 1845)",ACCEPTED,2362486,"Hypophthalmichthys nobilis (Richardson, 1845)",SPECIES,Animalia
152543550,https://www.gbif.org/species/2362473,"Hypophthalmichthys molitrix (Valenciennes, 1844)",ACCEPTED,2362473,"Hypophthalmichthys molitrix (Valenciennes, 1844)",SPECIES,Animalia
152543553,https://www.gbif.org/species/2362030,"Ctenopharyngodon idella (Valenciennes, 1844)",ACCEPTED,2362030,"Ctenopharyngodon idella (Valenciennes, 1844)",SPECIES,Animalia
152543557,https://www.gbif.org/species/5569367,Scaevola aemula R.Br.,ACCEPTED,5569367,Scaevola aemula R.Br.,SPECIES,Plantae
152543560,https://www.gbif.org/species/4363583,"Rapana venosa (Valenciennes, 1846)",ACCEPTED,4363583,"Rapana venosa (Valenciennes, 1846)",SPECIES,Animalia
152543565,https://www.gbif.org/species/5189713,"Menetus dilatatus (A.Gould, 1841)",ACCEPTED,5189713,"Menetus dilatatus (A.Gould, 1841)",SPECIES,Animalia
152543566,https://www.gbif.org/species/5410151,Campanula poscharskyana Degen,ACCEPTED,5410151,Campanula poscharskyana Degen,SPECIES,Plantae
152543569,https://www.gbif.org/species/5410210,Campanula fenestrellata Feer,ACCEPTED,5410210,Campanula fenestrellata Feer,SPECIES,Plantae
152543570,https://www.gbif.org/species/5409852,Campanula erinus L.,ACCEPTED,5409852,Campanula erinus L.,SPECIES,Plantae
152543572,https://www.gbif.org/species/5777912,"Lithoglyphus naticoides (C.Pfeiffer, 1828)",ACCEPTED,5777912,"Lithoglyphus naticoides (C.Pfeiffer, 1828)",SPECIES,Animalia
152543573,https://www.gbif.org/species/5410826,Campanula carpatica Jacq.,ACCEPTED,5410826,Campanula carpatica Jacq.,SPECIES,Plantae
152543575,https://www.gbif.org/species/5411392,Campanula lactiflora M.Bieb.,ACCEPTED,5411392,Campanula lactiflora M.Bieb.,SPECIES,Plantae
152543576,https://www.gbif.org/species/5410411,Campanula portenschlagiana Schult.,ACCEPTED,5410411,Campanula portenschlagiana Schult.,SPECIES,Plantae
152543577,https://www.gbif.org/species/5410480,Campanula rhomboidalis L.,ACCEPTED,5410480,Campanula rhomboidalis L.,SPECIES,Plantae
152543578,https://www.gbif.org/species/5411408,Campanula latifolia L.,ACCEPTED,5411408,Campanula latifolia L.,SPECIES,Plantae
152543579,https://www.gbif.org/species/5411453,Campanula medium L.,ACCEPTED,5411453,Campanula medium L.,SPECIES,Plantae
152543581,https://www.gbif.org/species/5192470,"Potamopyrgus antipodarum (J.E.Gray, 1843)",ACCEPTED,5192470,"Potamopyrgus antipodarum (J.E.Gray, 1843)",SPECIES,Animalia
152543585,https://www.gbif.org/species/5192789,"Crepidula fornicata (Linnaeus, 1758)",ACCEPTED,5192789,"Crepidula fornicata (Linnaeus, 1758)",SPECIES,Animalia
152543586,https://www.gbif.org/species/5409120,Lobelia siphilitica L.,ACCEPTED,5409120,Lobelia siphilitica L.,SPECIES,Plantae
152543587,https://www.gbif.org/species/5408775,Lobelia sessilifolia Lamb.,ACCEPTED,5408775,Lobelia sessilifolia Lamb.,SPECIES,Plantae
152543589,https://www.gbif.org/species/5408682,Lobelia pedunculata R.Br.,ACCEPTED,5408682,Lobelia pedunculata R.Br.,SPECIES,Plantae
152543592,https://www.gbif.org/species/5408087,Lobelia erinus L.,ACCEPTED,5408087,Lobelia erinus L.,SPECIES,Plantae
152543593,https://www.gbif.org/species/7540164,"Arion vulgaris Moquin-Tandon, 1855",ACCEPTED,7540164,"Arion vulgaris Moquin-Tandon, 1855",SPECIES,Animalia
152543596,https://www.gbif.org/species/5407810,Trachelium caeruleum L.,ACCEPTED,5407810,Trachelium caeruleum L.,SPECIES,Plantae
152543600,https://www.gbif.org/species/4562566,"Aegopinella nitens (Michaud, 1831)",ACCEPTED,4562566,"Aegopinella nitens (Michaud, 1831)",SPECIES,Animalia
152543602,https://www.gbif.org/species/3167003,Triodanis perfoliata (L.) Nieuwl.,ACCEPTED,3167003,Triodanis perfoliata (L.) Nieuwl.,SPECIES,Plantae
152543605,https://www.gbif.org/species/3164340,Platycodon grandiflorus (Jacq.) A.DC.,ACCEPTED,3164340,Platycodon grandiflorus (Jacq.) A.DC.,SPECIES,Plantae
152543607,https://www.gbif.org/species/8745918,"Deroceras invadens Reise, Hutchinson, Schunack & Schlitt, 2011",ACCEPTED,8745918,"Deroceras invadens Reise, Hutchinson, Schunack & Schlitt, 2011",SPECIES,Animalia
152543609,https://www.gbif.org/species/5190777,"Deroceras panormitanum (Lessona & Pollonera, 1882)",ACCEPTED,5190777,"Deroceras panormitanum (Lessona & Pollonera, 1882)",SPECIES,Animalia
152543611,https://www.gbif.org/species/5386028,Cyanus triumfettii (All.) Dostál ex Á.Löve & D.Löve,SYNONYM,7338495,Centaurea triumfettii subsp. triumfettii,SUBSPECIES,Plantae
152543613,https://www.gbif.org/species/3138230,Carthamus lanatus L.,ACCEPTED,3138230,Carthamus lanatus L.,SPECIES,Plantae
152543615,https://www.gbif.org/species/5189806,"Physella acuta (Draparnaud, 1805)",ACCEPTED,5189806,"Physella acuta (Draparnaud, 1805)",SPECIES,Animalia
152543618,https://www.gbif.org/species/7505045,Soliva anthemifolia R.Br.,ACCEPTED,7505045,Soliva anthemifolia R.Br.,SPECIES,Plantae
152543624,https://www.gbif.org/species/4565039,"Hygromia cinctella (Draparnaud, 1801)",ACCEPTED,4565039,"Hygromia cinctella (Draparnaud, 1801)",SPECIES,Animalia
152543625,https://www.gbif.org/species/7403263,Lactuca sativa L.,ACCEPTED,7403263,Lactuca sativa L.,SPECIES,Plantae
152543629,https://www.gbif.org/species/4567717,"Boettgerilla pallens Simroth, 1912",ACCEPTED,4567717,"Boettgerilla pallens Simroth, 1912",SPECIES,Animalia
152543631,https://www.gbif.org/species/7587923,Euchiton sphaericus (Willd.) Holub,ACCEPTED,7587923,Euchiton sphaericus (Willd.) Holub,SPECIES,Plantae
152543633,https://www.gbif.org/species/2294277,"Theba pisana (O.F.Müller, 1774)",ACCEPTED,2294277,"Theba pisana (O.F.Müller, 1774)",SPECIES,Animalia
152543636,https://www.gbif.org/species/7627205,Glebionis coronaria (L.) Tzvelev,ACCEPTED,7627205,Glebionis coronaria (L.) Tzvelev,SPECIES,Plantae
152543639,https://www.gbif.org/species/4598226,"Tandonia sowerbyi (A.Férussac, 1823)",ACCEPTED,4598226,"Tandonia sowerbyi (A.Férussac, 1823)",SPECIES,Animalia
152543641,https://www.gbif.org/species/2297108,"Milax gagates (Draparnaud, 1801)",ACCEPTED,2297108,"Milax gagates (Draparnaud, 1801)",SPECIES,Animalia
152543646,https://www.gbif.org/species/4564944,"Xerosecta cespitum (Draparnaud, 1801)",ACCEPTED,4564944,"Xerosecta cespitum (Draparnaud, 1801)",SPECIES,Animalia
152543648,https://www.gbif.org/species/8346536,Schkuhria pinnata (Lam.) Kuntze,ACCEPTED,8346536,Schkuhria pinnata (Lam.) Kuntze,SPECIES,Plantae
152543649,https://www.gbif.org/species/4565134,"Cernuella aginnica (Locard, 1882)",ACCEPTED,4565134,"Cernuella aginnica (Locard, 1882)",SPECIES,Animalia
152543651,https://www.gbif.org/species/4565140,"Cernuella cisalpina (Rossmässler, 1837)",ACCEPTED,4565140,"Cernuella cisalpina (Rossmässler, 1837)",SPECIES,Animalia
152543652,https://www.gbif.org/species/8537667,Chondrilla juncea L.,ACCEPTED,8537667,Chondrilla juncea L.,SPECIES,Plantae
152543656,https://www.gbif.org/species/2296805,"Trochoidea elegans (Gmelin, 1791)",ACCEPTED,2296805,"Trochoidea elegans (Gmelin, 1791)",SPECIES,Animalia
152543660,https://www.gbif.org/species/7066596,Zinnia angustifolia var. angustifolia,ACCEPTED,7066596,Zinnia angustifolia var. angustifolia,VARIETY,Plantae
152543663,https://www.gbif.org/species/9479629,"Tasserkidrilus americanus (Brinkhurst & Cook, 1966)",ACCEPTED,9479629,"Tasserkidrilus americanus (Brinkhurst & Cook, 1966)",SPECIES,Animalia
152543666,https://www.gbif.org/species/5391599,Chamaemelum nobile (L.) All.,ACCEPTED,5391599,Chamaemelum nobile (L.) All.,SPECIES,Plantae
152543667,https://www.gbif.org/species/9442679,"Bratislavia dadayi (Michaelsen, 1905)",ACCEPTED,9442679,"Bratislavia dadayi (Michaelsen, 1905)",SPECIES,Animalia
152543670,https://www.gbif.org/species/5392859,Echinops bannaticus Rochel ex Schrad.,ACCEPTED,5392859,Echinops bannaticus Rochel ex Schrad.,SPECIES,Plantae
152543671,https://www.gbif.org/species/4410150,"Monopylephorus limosus (Hatai, 1898)",ACCEPTED,4410150,"Monopylephorus limosus (Hatai, 1898)",SPECIES,Animalia
152543672,https://www.gbif.org/species/5392883,Echinops sphaerocephalus L.,ACCEPTED,5392883,Echinops sphaerocephalus L.,SPECIES,Plantae
152543673,https://www.gbif.org/species/5392683,Echinops exaltatus Schrad.,ACCEPTED,5392683,Echinops exaltatus Schrad.,SPECIES,Plantae
152543676,https://www.gbif.org/species/4410088,"Quistadrilus multisetosus (Smith, 1900)",ACCEPTED,4410088,"Quistadrilus multisetosus (Smith, 1900)",SPECIES,Animalia
152543677,https://www.gbif.org/species/5392270,Cichorium pumilum Jacq.,ACCEPTED,5392270,Cichorium pumilum Jacq.,SPECIES,Plantae
152543679,https://www.gbif.org/species/5392243,Cichorium endivia L.,ACCEPTED,5392243,Cichorium endivia L.,SPECIES,Plantae
152543682,https://www.gbif.org/species/4410056,"Psammoryctides moravicus (Hrabĕ, 1934)",ACCEPTED,4410056,"Psammoryctides moravicus (Hrabĕ, 1934)",SPECIES,Animalia
152543683,https://www.gbif.org/species/8323119,Bidens triplinervia var. macrantha (Wedd.) Sherff,ACCEPTED,8323119,Bidens triplinervia var. macrantha (Wedd.) Sherff,VARIETY,Plantae
152543685,https://www.gbif.org/species/5392145,Bidens radiata Thuill.,ACCEPTED,5392145,Bidens radiata Thuill.,SPECIES,Plantae
152543686,https://www.gbif.org/species/4812260,"Branchiodrilus hortensis (Stephenson, 1910)",ACCEPTED,4812260,"Branchiodrilus hortensis (Stephenson, 1910)",SPECIES,Animalia
152543687,https://www.gbif.org/species/5392174,Bidens frondosa L.,ACCEPTED,5392174,Bidens frondosa L.,SPECIES,Plantae
152543689,https://www.gbif.org/species/5391882,Bidens subalternans DC.,ACCEPTED,5391882,Bidens subalternans DC.,SPECIES,Plantae
152543690,https://www.gbif.org/species/2308574,"Branchiura sowerbyi Beddard, 1892",ACCEPTED,2308574,"Branchiura sowerbyi Beddard, 1892",SPECIES,Animalia
152543692,https://www.gbif.org/species/4307880,"Potamothrix heuscheri (Bretscher, 1900)",ACCEPTED,4307880,"Potamothrix heuscheri (Bretscher, 1900)",SPECIES,Animalia
152543693,https://www.gbif.org/species/5392083,Bidens connata Muhl. ex Willd.,ACCEPTED,5392083,Bidens connata Muhl. ex Willd.,SPECIES,Plantae
152543694,https://www.gbif.org/species/5391810,Bidens vulgata Greene,ACCEPTED,5391810,Bidens vulgata Greene,SPECIES,Plantae
152543695,https://www.gbif.org/species/2308605,"Potamothrix vejdovskyi (Hrabĕ, 1941)",ACCEPTED,2308605,"Potamothrix vejdovskyi (Hrabĕ, 1941)",SPECIES,Animalia
152543697,https://www.gbif.org/species/5391845,Bidens pilosa L.,ACCEPTED,5391845,Bidens pilosa L.,SPECIES,Plantae
152543698,https://www.gbif.org/species/5389402,Bidens bipinnata L.,ACCEPTED,5389402,Bidens bipinnata L.,SPECIES,Plantae
152543699,https://www.gbif.org/species/2308541,"Limnodrilus cervix Brinkhurst, 1963",ACCEPTED,2308541,"Limnodrilus cervix Brinkhurst, 1963",SPECIES,Animalia
152543705,https://www.gbif.org/species/5389173,Telekia speciosa (Schreb.) Baumg.,ACCEPTED,5389173,Telekia speciosa (Schreb.) Baumg.,SPECIES,Plantae
152543706,https://www.gbif.org/species/5199161,"Hypania invalida (Grube, 1860)",ACCEPTED,5199161,"Hypania invalida (Grube, 1860)",SPECIES,Animalia
152543710,https://www.gbif.org/species/5389058,Solidago altissima L.,ACCEPTED,5389058,Solidago altissima L.,SPECIES,Plantae
152543712,https://www.gbif.org/species/7009279,"Laonome calida Capa, 2007",ACCEPTED,7009279,"Laonome calida Capa, 2007",SPECIES,Animalia
152543713,https://www.gbif.org/species/5389029,Solidago canadensis L.,ACCEPTED,5389029,Solidago canadensis L.,SPECIES,Plantae
152543714,https://www.gbif.org/species/5389017,Solidago gigantea Aiton,ACCEPTED,5389017,Solidago gigantea Aiton,SPECIES,Plantae
152543717,https://www.gbif.org/species/5388967,Solidago rugosa Mill.,ACCEPTED,5388967,Solidago rugosa Mill.,SPECIES,Plantae
152543718,https://www.gbif.org/species/2327735,"Ficopomatus enigmaticus (Fauvel, 1923)",ACCEPTED,2327735,"Ficopomatus enigmaticus (Fauvel, 1923)",SPECIES,Animalia
152543722,https://www.gbif.org/species/9182765,Calendula arvensis L.,ACCEPTED,9182765,Calendula arvensis L.,SPECIES,Plantae
152543724,https://www.gbif.org/species/5391480,Calendula officinalis L.,ACCEPTED,5391480,Calendula officinalis L.,SPECIES,Plantae
152543725,https://www.gbif.org/species/2321010,"Marenzelleria neglecta Sikorski & Bick, 2004",ACCEPTED,2321010,"Marenzelleria neglecta Sikorski & Bick, 2004",SPECIES,Animalia
152543727,https://www.gbif.org/species/2321012,"Marenzelleria viridis (Verrill, 1873)",ACCEPTED,2321012,"Marenzelleria viridis (Verrill, 1873)",SPECIES,Animalia
152543728,https://www.gbif.org/species/5391292,Centipeda minima (L.) A.Br. & Asch.,ACCEPTED,5391292,Centipeda minima (L.) A.Br. & Asch.,SPECIES,Plantae
152543731,https://www.gbif.org/species/5390636,Cota austriaca (Jacq.) Sch.Bip.,ACCEPTED,5390636,Cota austriaca (Jacq.) Sch.Bip.,SPECIES,Plantae
152543733,https://www.gbif.org/species/5390611,Cota altissima (L.) J.Gay,ACCEPTED,5390611,Cota altissima (L.) J.Gay,SPECIES,Plantae
152543736,https://www.gbif.org/species/5709400,Tragopogon ×mirabilis Rouy,ACCEPTED,5709400,Tragopogon ×mirabilis Rouy,SPECIES,Plantae
152543738,https://www.gbif.org/species/4559541,"Sinanodonta woodiana (I.Lea, 1834)",ACCEPTED,4559541,"Sinanodonta woodiana (I.Lea, 1834)",SPECIES,Animalia
152543740,https://www.gbif.org/species/6443709,Tragopogon dubius Scop.,ACCEPTED,6443709,Tragopogon dubius Scop.,SPECIES,Plantae
152543743,https://www.gbif.org/species/5386938,Tragopogon porrifolius L.,ACCEPTED,5386938,Tragopogon porrifolius L.,SPECIES,Plantae
152543744,https://www.gbif.org/species/2286079,"Crassostrea virginica (Gmelin, 1791)",ACCEPTED,2286079,"Crassostrea virginica (Gmelin, 1791)",SPECIES,Animalia
152543747,https://www.gbif.org/species/5387817,Gaillardia ×grandiflora Van Houtte,ACCEPTED,5387817,Gaillardia ×grandiflora Van Houtte,SPECIES,Plantae
152543750,https://www.gbif.org/species/7791733,"Mya arenaria Linnaeus, 1758",ACCEPTED,7791733,"Mya arenaria Linnaeus, 1758",SPECIES,Animalia
152543752,https://www.gbif.org/species/5388595,Jacobaea maritima (L.) Pelser & Meijden,ACCEPTED,5388595,Jacobaea maritima (L.) Pelser & Meijden,SPECIES,Plantae
152543756,https://www.gbif.org/species/5701337,Dahlia ×cultorum Thorsrud & Reisaeter,ACCEPTED,5701337,Dahlia ×cultorum Thorsrud & Reisaeter,SPECIES,Plantae
152543757,https://www.gbif.org/species/2287076,"Mytilopsis leucophaeata (Conrad, 1831)",ACCEPTED,2287076,"Mytilopsis leucophaeata (Conrad, 1831)",SPECIES,Animalia
152543758,https://www.gbif.org/species/5387098,Dahlia coccinea Cav.,ACCEPTED,5387098,Dahlia coccinea Cav.,SPECIES,Plantae
152543761,https://www.gbif.org/species/2287072,"Dreissena polymorpha (Pallas, 1771)",ACCEPTED,2287072,"Dreissena polymorpha (Pallas, 1771)",SPECIES,Animalia
152543762,https://www.gbif.org/species/8133114,Aster amellus L.,ACCEPTED,8133114,Aster amellus L.,SPECIES,Plantae
152543765,https://www.gbif.org/species/5387639,Aster ageratoides Turcz.,ACCEPTED,5387639,Aster ageratoides Turcz.,SPECIES,Plantae
152543766,https://www.gbif.org/species/2288859,"Psiloteredo megotara (Hanley, 1848)",ACCEPTED,2288859,"Psiloteredo megotara (Hanley, 1848)",SPECIES,Animalia
152543768,https://www.gbif.org/species/2288847,"Teredo navalis Linnaeus, 1758",ACCEPTED,2288847,"Teredo navalis Linnaeus, 1758",SPECIES,Animalia
152543770,https://www.gbif.org/species/5403743,Scolymus maculatus L.,ACCEPTED,5403743,Scolymus maculatus L.,SPECIES,Plantae
152543772,https://www.gbif.org/species/5403742,Scolymus hispanicus L.,ACCEPTED,5403742,Scolymus hispanicus L.,SPECIES,Plantae
152543776,https://www.gbif.org/species/5401239,Felicia tenella (L.) Nees,ACCEPTED,5401239,Felicia tenella (L.) Nees,SPECIES,Plantae
152543778,https://www.gbif.org/species/8190231,"Corbicula fluminea (O.F.Müller, 1774)",ACCEPTED,8190231,"Corbicula fluminea (O.F.Müller, 1774)",SPECIES,Animalia
152543779,https://www.gbif.org/species/5401508,Emilia fosbergii Nicolson,ACCEPTED,5401508,Emilia fosbergii Nicolson,SPECIES,Plantae
152543781,https://www.gbif.org/species/5189032,"Corbicula fluminalis (O.F.Müller, 1774)",ACCEPTED,5189032,"Corbicula fluminalis (O.F.Müller, 1774)",SPECIES,Animalia
152543782,https://www.gbif.org/species/5401760,Ageratum houstonianum Mill.,ACCEPTED,5401760,Ageratum houstonianum Mill.,SPECIES,Plantae
152543786,https://www.gbif.org/species/5704991,Helenium ×clementii Verloove & Lambinon,ACCEPTED,5704991,Helenium ×clementii Verloove & Lambinon,SPECIES,Plantae
152543787,https://www.gbif.org/species/5188971,"Rangia cuneata (G.B.Sowerby I, 1832)",ACCEPTED,5188971,"Rangia cuneata (G.B.Sowerby I, 1832)",SPECIES,Animalia
152543788,https://www.gbif.org/species/5401877,Helenium autumnale L.,ACCEPTED,5401877,Helenium autumnale L.,SPECIES,Plantae
152543792,https://www.gbif.org/species/2287615,"Petricolaria pholadiformis (Lamarck, 1818)",ACCEPTED,2287615,"Petricolaria pholadiformis (Lamarck, 1818)",SPECIES,Animalia
152543793,https://www.gbif.org/species/5402363,Dimorphotheca pluvialis (L.) Moench,ACCEPTED,5402363,Dimorphotheca pluvialis (L.) Moench,SPECIES,Plantae
152543796,https://www.gbif.org/species/5402627,Iva annua L.,ACCEPTED,5402627,Iva annua L.,SPECIES,Plantae
152543797,https://www.gbif.org/species/2287668,"Mercenaria mercenaria (Linnaeus, 1758)",ACCEPTED,2287668,"Mercenaria mercenaria (Linnaeus, 1758)",SPECIES,Animalia
152543800,https://www.gbif.org/species/5402874,Eupatorium perfoliatum L.,ACCEPTED,5402874,Eupatorium perfoliatum L.,SPECIES,Plantae
152543803,https://www.gbif.org/species/5393689,Asteriscus aquaticus (L.) Less.,ACCEPTED,5393689,Asteriscus aquaticus (L.) Less.,SPECIES,Plantae
152543805,https://www.gbif.org/species/2287249,"Ensis directus (Conrad, 1844)",ACCEPTED,2287249,"Ensis directus (Conrad, 1844)",SPECIES,Animalia
152543809,https://www.gbif.org/species/5395475,Ligularia dentata (A.Gray) H.Hara,ACCEPTED,5395475,Ligularia dentata (A.Gray) H.Hara,SPECIES,Plantae
152543811,https://www.gbif.org/species/5396474,Heliopsis helianthoides (L.) Sweet,ACCEPTED,5396474,Heliopsis helianthoides (L.) Sweet,SPECIES,Plantae
152543814,https://www.gbif.org/species/4556286,"Meloidogyne artiellia Franklin, 1961",ACCEPTED,4556286,"Meloidogyne artiellia Franklin, 1961",SPECIES,Animalia
152543818,https://www.gbif.org/species/5396551,Tithonia rotundifolia (Mill.) S.F.Blake,ACCEPTED,5396551,Tithonia rotundifolia (Mill.) S.F.Blake,SPECIES,Plantae
152543820,https://www.gbif.org/species/2284443,"Mastophorus Diesing, 1853",ACCEPTED,2284443,"Mastophorus Diesing, 1853",GENUS,Animalia
152543821,https://www.gbif.org/species/5397564,Vernonia fasciculata Michx.,ACCEPTED,5397564,Vernonia fasciculata Michx.,SPECIES,Plantae
152543823,https://www.gbif.org/species/5399550,Rhagadiolus stellatus (L.) Gaertn.,ACCEPTED,5399550,Rhagadiolus stellatus (L.) Gaertn.,SPECIES,Plantae
152543827,https://www.gbif.org/species/5400552,Ageratina altissima (L.) R.M.King & H.Rob.,ACCEPTED,5400552,Ageratina altissima (L.) R.M.King & H.Rob.,SPECIES,Plantae
152543830,https://www.gbif.org/species/5401007,Leucanthemum ×superbum (Bergmans ex J.W.Ingram) D.H.Kent,ACCEPTED,5401007,Leucanthemum ×superbum (Bergmans ex J.W.Ingram) D.H.Kent,SPECIES,Plantae
152543833,https://www.gbif.org/species/7547256,"Sinelobus vanhaareni Bamber, 2014",ACCEPTED,7547256,"Sinelobus vanhaareni Bamber, 2014",SPECIES,Animalia
152543839,https://www.gbif.org/species/2220312,"Hemimysis anomala G.O.Sars, 1907",ACCEPTED,2220312,"Hemimysis anomala G.O.Sars, 1907",SPECIES,Animalia
152543842,https://www.gbif.org/species/2220347,"Limnomysis benedeni Czerniavsky, 1882",ACCEPTED,2220347,"Limnomysis benedeni Czerniavsky, 1882",SPECIES,Animalia
152543843,https://www.gbif.org/species/7569785,Hieracium pilosum Schleich. ex Froel.,ACCEPTED,7569785,Hieracium pilosum Schleich. ex Froel.,SPECIES,Plantae
152543845,https://www.gbif.org/species/4243464,Hieracium speciosum Willd. ex Hornem.,ACCEPTED,4243464,Hieracium speciosum Willd. ex Hornem.,SPECIES,Plantae
152543849,https://www.gbif.org/species/2227663,"Rhithropanopeus harrisii (Gould, 1841)",ACCEPTED,2227663,"Rhithropanopeus harrisii (Gould, 1841)",SPECIES,Animalia
152543850,https://www.gbif.org/species/7706146,Crepis nicaeensis Balb.,DOUBTFUL,7706146,Crepis nicaeensis Balb.,SPECIES,Plantae
152543854,https://www.gbif.org/species/2224970,"Palaemon macrodactylus M.J.Rathbun, 1902",ACCEPTED,2224970,"Palaemon macrodactylus M.J.Rathbun, 1902",SPECIES,Animalia
152543856,https://www.gbif.org/species/5831060,Crepis foetida subsp. rhoeadifolia (M.Bieb.) Celak.,ACCEPTED,5831060,Crepis foetida subsp. rhoeadifolia (M.Bieb.) Celak.,SUBSPECIES,Plantae
152543858,https://www.gbif.org/species/5403541,Crepis bursifolia L.,ACCEPTED,5403541,Crepis bursifolia L.,SPECIES,Plantae
152543859,https://www.gbif.org/species/2226990,"Pacifastacus leniusculus (Dana, 1852)",ACCEPTED,2226990,"Pacifastacus leniusculus (Dana, 1852)",SPECIES,Animalia
152543860,https://www.gbif.org/species/5403272,Crepis pulchra L.,ACCEPTED,5403272,Crepis pulchra L.,SPECIES,Plantae
152543861,https://www.gbif.org/species/5403508,Crepis tectorum L.,ACCEPTED,5403508,Crepis tectorum L.,SPECIES,Plantae
152543863,https://www.gbif.org/species/4245384,Crepis setosa Haller fil.,ACCEPTED,4245384,Crepis setosa Haller fil.,SPECIES,Plantae
152543866,https://www.gbif.org/species/2227300,"Procambarus clarkii (Girard, 1852)",ACCEPTED,2227300,"Procambarus clarkii (Girard, 1852)",SPECIES,Animalia
152543867,https://www.gbif.org/species/3148548,Anacyclus ×valentinus L.,ACCEPTED,3148548,Anacyclus ×valentinus L.,SPECIES,Plantae
152543868,https://www.gbif.org/species/3148589,Anacyclus clavatus (Desf.) Pers.,ACCEPTED,3148589,Anacyclus clavatus (Desf.) Pers.,SPECIES,Plantae
152543870,https://www.gbif.org/species/3148560,Anacyclus radiatus Loisel.,ACCEPTED,3148560,Anacyclus radiatus Loisel.,SPECIES,Plantae
152543874,https://www.gbif.org/species/3147913,Verbesina encelioides (Cav.) Benth. & Hook.fil. ex A.Gray,ACCEPTED,3147913,Verbesina encelioides (Cav.) Benth. & Hook.fil. ex A.Gray,SPECIES,Plantae
152543877,https://www.gbif.org/species/2225646,"Callinectes sapidus Rathbun, 1896",ACCEPTED,2225646,"Callinectes sapidus Rathbun, 1896",SPECIES,Animalia
152543880,https://www.gbif.org/species/4933624,Inula racemosa Hook.fil.,ACCEPTED,4933624,Inula racemosa Hook.fil.,SPECIES,Plantae
152543883,https://www.gbif.org/species/2225776,"Eriocheir sinensis H.Milne Edwards, 1853",ACCEPTED,2225776,"Eriocheir sinensis H.Milne Edwards, 1853",SPECIES,Animalia
152543885,https://www.gbif.org/species/3148340,Inula helenium L.,ACCEPTED,3148340,Inula helenium L.,SPECIES,Plantae
152543886,https://www.gbif.org/species/4382841,"Hemigrapsus takanoi Asakura & Watanabe, 2005",ACCEPTED,4382841,"Hemigrapsus takanoi Asakura & Watanabe, 2005",SPECIES,Animalia
152543888,https://www.gbif.org/species/3139003,Melampodium montanum Benth.,ACCEPTED,3139003,Melampodium montanum Benth.,SPECIES,Plantae
152543889,https://www.gbif.org/species/2225772,"Hemigrapsus sanguineus (De Haan, 1835)",ACCEPTED,2225772,"Hemigrapsus sanguineus (De Haan, 1835)",SPECIES,Animalia
152543890,https://www.gbif.org/species/3138953,Melampodium perfoliatum (Cav.) Kunth,ACCEPTED,3138953,Melampodium perfoliatum (Cav.) Kunth,SPECIES,Plantae
152543893,https://www.gbif.org/species/3141046,Centromadia pungens (Hook. & Arn.) Greene,ACCEPTED,3141046,Centromadia pungens (Hook. & Arn.) Greene,SPECIES,Plantae
152543897,https://www.gbif.org/species/5177089,"Jaera istri Veuille, 1979",ACCEPTED,5177089,"Jaera istri Veuille, 1979",SPECIES,Animalia
152543898,https://www.gbif.org/species/3140910,Madia sativa Molina,ACCEPTED,3140910,Madia sativa Molina,SPECIES,Plantae
152543901,https://www.gbif.org/species/3138195,Eutrochium maculatum (L.) E.E.Lamont,ACCEPTED,3138195,Eutrochium maculatum (L.) E.E.Lamont,SPECIES,Plantae
152543903,https://www.gbif.org/species/3138192,Eutrochium purpureum (L.) E.E.Lamont,ACCEPTED,3138192,Eutrochium purpureum (L.) E.E.Lamont,SPECIES,Plantae
152543904,https://www.gbif.org/species/2203165,"Cordioniscus stebbingi (Patience, 1907)",ACCEPTED,2203165,"Cordioniscus stebbingi (Patience, 1907)",SPECIES,Animalia
152543907,https://www.gbif.org/species/2202786,"Synarmadillo Dollfus, 1892",ACCEPTED,2202786,"Synarmadillo Dollfus, 1892",GENUS,Animalia
152543908,https://www.gbif.org/species/3137829,Psephellus dealbatus (Willd.) K.Koch,ACCEPTED,3137829,Psephellus dealbatus (Willd.) K.Koch,SPECIES,Plantae
152543911,https://www.gbif.org/species/2202641,"Reductoniscus costulatus Kesselyak, 1930",ACCEPTED,2202641,"Reductoniscus costulatus Kesselyak, 1930",SPECIES,Animalia
152543912,https://www.gbif.org/species/3138327,Carthamus tinctorius L.,ACCEPTED,3138327,Carthamus tinctorius L.,SPECIES,Plantae
152543915,https://www.gbif.org/species/3146219,Grindelia squarrosa (Pursh) Dunal,ACCEPTED,3146219,Grindelia squarrosa (Pursh) Dunal,SPECIES,Plantae
152543918,https://www.gbif.org/species/2209044,"Nagurus cristatus (Dollfus, 1889)",ACCEPTED,2209044,"Nagurus cristatus (Dollfus, 1889)",SPECIES,Animalia
152543919,https://www.gbif.org/species/3145214,Silybum marianum (L.) Gaertn.,ACCEPTED,3145214,Silybum marianum (L.) Gaertn.,SPECIES,Plantae
152543922,https://www.gbif.org/species/3141890,Cyclachaena xanthiifolia (Nutt.) Fresen.,ACCEPTED,3141890,Cyclachaena xanthiifolia (Nutt.) Fresen.,SPECIES,Plantae
152543924,https://www.gbif.org/species/2205951,"Proasellus coxalis (Dollfus, 1892)",ACCEPTED,2205951,"Proasellus coxalis (Dollfus, 1892)",SPECIES,Animalia
152543925,https://www.gbif.org/species/2206086,"Proasellus meridianus (Racovitza, 1919)",ACCEPTED,2206086,"Proasellus meridianus (Racovitza, 1919)",SPECIES,Animalia
152543929,https://www.gbif.org/species/2204831,"Synidotea laticauda Benedict, 1897",ACCEPTED,2204831,"Synidotea laticauda Benedict, 1897",SPECIES,Animalia
152543930,https://www.gbif.org/species/3141571,Mantisalca salmantica (L.) Briq. & Cavill.,ACCEPTED,3141571,Mantisalca salmantica (L.) Briq. & Cavill.,SPECIES,Plantae
152543934,https://www.gbif.org/species/3143034,Doronicum columnae Ten.,ACCEPTED,3143034,Doronicum columnae Ten.,SPECIES,Plantae
152543935,https://www.gbif.org/species/3142974,Doronicum ×excelsum (N.E.Br.) Stace,ACCEPTED,3142974,Doronicum ×excelsum (N.E.Br.) Stace,SPECIES,Plantae
152543938,https://www.gbif.org/species/4314683,"Chelicorophium curvispinum (G.O.Sars, 1895)",ACCEPTED,4314683,"Chelicorophium curvispinum (G.O.Sars, 1895)",SPECIES,Animalia
152543942,https://www.gbif.org/species/4314702,"Monocorophium sextonae (Crawford, 1937)",ACCEPTED,4314702,"Monocorophium sextonae (Crawford, 1937)",SPECIES,Animalia
152543943,https://www.gbif.org/species/3129663,Baccharis halimifolia L.,ACCEPTED,3129663,Baccharis halimifolia L.,SPECIES,Plantae
152543947,https://www.gbif.org/species/5178057,"Caprella mutica Schurin, 1935",ACCEPTED,5178057,"Caprella mutica Schurin, 1935",SPECIES,Animalia
152543950,https://www.gbif.org/species/8018277,Centaurea pectinata L.,ACCEPTED,8018277,Centaurea pectinata L.,SPECIES,Plantae
152543951,https://www.gbif.org/species/8305028,Centaurea phrygia L.,ACCEPTED,8305028,Centaurea phrygia L.,SPECIES,Plantae
152543953,https://www.gbif.org/species/5177825,"Incisocalliope aestuarius (Watling & Maurer, 1973)",ACCEPTED,5177825,"Incisocalliope aestuarius (Watling & Maurer, 1973)",SPECIES,Animalia
152543956,https://www.gbif.org/species/7223276,Centaurea solstitialis subsp. solstitialis,ACCEPTED,7223276,Centaurea solstitialis subsp. solstitialis,SUBSPECIES,Plantae
152543957,https://www.gbif.org/species/4250826,Centaurea nemenyiana J.Wagner,DOUBTFUL,4250826,Centaurea nemenyiana J.Wagner,SPECIES,Plantae
152543960,https://www.gbif.org/species/3129064,Centaurea macrocephala Muss.Puschk. ex Willd.,ACCEPTED,3129064,Centaurea macrocephala Muss.Puschk. ex Willd.,SPECIES,Plantae
152543961,https://www.gbif.org/species/3129010,Centaurea diluta Aiton,ACCEPTED,3129010,Centaurea diluta Aiton,SPECIES,Plantae
152543963,https://www.gbif.org/species/3128279,Centaurea calocephala Willd.,ACCEPTED,3128279,Centaurea calocephala Willd.,SPECIES,Plantae
152543964,https://www.gbif.org/species/3128228,Centaurea nigrescens Willd.,ACCEPTED,3128228,Centaurea nigrescens Willd.,SPECIES,Plantae
152543966,https://www.gbif.org/species/3128962,Centaurea diffusa Lam.,ACCEPTED,3128962,Centaurea diffusa Lam.,SPECIES,Plantae
152543967,https://www.gbif.org/species/4315760,"Echinogammarus berilloni (Catta, 1878)",ACCEPTED,4315760,"Echinogammarus berilloni (Catta, 1878)",SPECIES,Animalia
152543969,https://www.gbif.org/species/3128437,Centaurea glaberrima Tausch,ACCEPTED,3128437,Centaurea glaberrima Tausch,SPECIES,Plantae
152543970,https://www.gbif.org/species/3128007,Centaurea orientalis L.,ACCEPTED,3128007,Centaurea orientalis L.,SPECIES,Plantae
152543971,https://www.gbif.org/species/3127837,Centaurea hyalolepis Boiss.,ACCEPTED,3127837,Centaurea hyalolepis Boiss.,SPECIES,Plantae
152543973,https://www.gbif.org/species/3128166,Centaurea aspera L.,ACCEPTED,3128166,Centaurea aspera L.,SPECIES,Plantae
152543974,https://www.gbif.org/species/3128091,Centaurea melitensis L.,ACCEPTED,3128091,Centaurea melitensis L.,SPECIES,Plantae
152543975,https://www.gbif.org/species/4315705,"Dikerogammarus villosus (Sowinsky, 1894)",ACCEPTED,4315705,"Dikerogammarus villosus (Sowinsky, 1894)",SPECIES,Animalia
152543976,https://www.gbif.org/species/3127613,Centaurea paniculata L.,ACCEPTED,3127613,Centaurea paniculata L.,SPECIES,Plantae
152543977,https://www.gbif.org/species/3127727,Centaurea stoebe L.,ACCEPTED,3127727,Centaurea stoebe L.,SPECIES,Plantae
152543979,https://www.gbif.org/species/3127691,Centaurea benedicta (L.) L.,ACCEPTED,3127691,Centaurea benedicta (L.) L.,SPECIES,Plantae
152543981,https://www.gbif.org/species/5864277,"Gammarus roeselii Gervais, 1835",ACCEPTED,5864277,"Gammarus roeselii Gervais, 1835",SPECIES,Animalia
152543982,https://www.gbif.org/species/4926336,Anaphalis margaritacea (L.) Benth.,ACCEPTED,4926336,Anaphalis margaritacea (L.) Benth.,SPECIES,Plantae
152543983,https://www.gbif.org/species/2219863,"Gammarus tigrinus Sexton, 1939",ACCEPTED,2219863,"Gammarus tigrinus Sexton, 1939",SPECIES,Animalia
152543986,https://www.gbif.org/species/3136929,Anaphalis triplinervis (Sims) C.B.Clarke,ACCEPTED,3136929,Anaphalis triplinervis (Sims) C.B.Clarke,SPECIES,Plantae
152543987,https://www.gbif.org/species/4416920,"Synurella ambulans (F.Müller, 1846)",ACCEPTED,4416920,"Synurella ambulans (F.Müller, 1846)",SPECIES,Animalia
152543990,https://www.gbif.org/species/3137629,Rhodanthe floribunda (DC.) Paul G.Wilson,ACCEPTED,3137629,Rhodanthe floribunda (DC.) Paul G.Wilson,SPECIES,Plantae
152543992,https://www.gbif.org/species/2217982,"Crangonyx pseudogracilis Bousfield, 1958",ACCEPTED,2217982,"Crangonyx pseudogracilis Bousfield, 1958",SPECIES,Animalia
152543993,https://www.gbif.org/species/3134867,Catananche caerulea L.,ACCEPTED,3134867,Catananche caerulea L.,SPECIES,Plantae
152543997,https://www.gbif.org/species/3133702,Adenostyles alliariae (Gouan) A.Kern.,ACCEPTED,3133702,Adenostyles alliariae (Gouan) A.Kern.,SPECIES,Plantae
152543999,https://www.gbif.org/species/2215949,"Melita nitida S.I.Smith, 1873",ACCEPTED,2215949,"Melita nitida S.I.Smith, 1873",SPECIES,Animalia
152544000,https://www.gbif.org/species/3133887,Coreopsis verticillata L.,ACCEPTED,3133887,Coreopsis verticillata L.,SPECIES,Plantae
152544002,https://www.gbif.org/species/3133938,Coreopsis lanceolata L.,ACCEPTED,3133938,Coreopsis lanceolata L.,SPECIES,Plantae
152544004,https://www.gbif.org/species/3133950,Coreopsis tinctoria Nutt.,ACCEPTED,3133950,Coreopsis tinctoria Nutt.,SPECIES,Plantae
152544007,https://www.gbif.org/species/3131367,Helichrysum petiolare Hilliard & B.L.Burtt,ACCEPTED,3131367,Helichrysum petiolare Hilliard & B.L.Burtt,SPECIES,Plantae
152544009,https://www.gbif.org/species/3131614,Helichrysum italicum (Roth) G.Don,ACCEPTED,3131614,Helichrysum italicum (Roth) G.Don,SPECIES,Plantae
152544011,https://www.gbif.org/species/6128436,"Amphibalanus reticulatus (Utinomi, 1967)",ACCEPTED,6128436,"Amphibalanus reticulatus (Utinomi, 1967)",SPECIES,Animalia
152544012,https://www.gbif.org/species/8298495,Galinsoga quadriradiata Ruiz & Pav.,ACCEPTED,8298495,Galinsoga quadriradiata Ruiz & Pav.,SPECIES,Plantae
152544013,https://www.gbif.org/species/3132570,Galinsoga parviflora Cav.,ACCEPTED,3132570,Galinsoga parviflora Cav.,SPECIES,Plantae
152544015,https://www.gbif.org/species/6467647,"Amphibalanus improvisus (Darwin, 1854)",ACCEPTED,6467647,"Amphibalanus improvisus (Darwin, 1854)",SPECIES,Animalia
152544016,https://www.gbif.org/species/3122190,Amberboa moschata (L.) DC.,ACCEPTED,3122190,Amberboa moschata (L.) DC.,SPECIES,Plantae
152544017,https://www.gbif.org/species/4805564,"Amphibalanus amphitrite (Darwin, 1854)",ACCEPTED,4805564,"Amphibalanus amphitrite (Darwin, 1854)",SPECIES,Animalia
152544020,https://www.gbif.org/species/8042568,Artemisia abrotanum L.,ACCEPTED,8042568,Artemisia abrotanum L.,SPECIES,Plantae
152544021,https://www.gbif.org/species/8195160,Artemisia pontica L.,ACCEPTED,8195160,Artemisia pontica L.,SPECIES,Plantae
152544022,https://www.gbif.org/species/8373355,Artemisia annua L.,ACCEPTED,8373355,Artemisia annua L.,SPECIES,Plantae
152544023,https://www.gbif.org/species/5166489,"Megabalanus coccopoma (Darwin, 1854)",ACCEPTED,5166489,"Megabalanus coccopoma (Darwin, 1854)",SPECIES,Animalia
152544026,https://www.gbif.org/species/3121668,Artemisia austriaca Jacq.,ACCEPTED,3121668,Artemisia austriaca Jacq.,SPECIES,Plantae
152544027,https://www.gbif.org/species/3121581,Artemisia dracunculus L.,ACCEPTED,3121581,Artemisia dracunculus L.,SPECIES,Plantae
152544030,https://www.gbif.org/species/3121562,Artemisia sieversiana Ehrh. ex Willd.,ACCEPTED,3121562,Artemisia sieversiana Ehrh. ex Willd.,SPECIES,Plantae
152544031,https://www.gbif.org/species/3121258,Artemisia princeps Pamp.,ACCEPTED,3121258,Artemisia princeps Pamp.,SPECIES,Plantae
152544033,https://www.gbif.org/species/3121226,Artemisia biennis Willd.,ACCEPTED,3121226,Artemisia biennis Willd.,SPECIES,Plantae
152544034,https://www.gbif.org/species/3120950,Artemisia ludoviciana Nutt.,ACCEPTED,3120950,Artemisia ludoviciana Nutt.,SPECIES,Plantae
152544035,https://www.gbif.org/species/2115769,"Austrominius modestus (Darwin, 1854)",ACCEPTED,2115769,"Austrominius modestus (Darwin, 1854)",SPECIES,Animalia
152544036,https://www.gbif.org/species/3120713,Artemisia scoparia Waldst. & Kit.,ACCEPTED,3120713,Artemisia scoparia Waldst. & Kit.,SPECIES,Plantae
152544039,https://www.gbif.org/species/7222196,Achillea salicifolia subsp. salicifolia,ACCEPTED,7222196,Achillea salicifolia subsp. salicifolia,SUBSPECIES,Plantae
152544041,https://www.gbif.org/species/3120391,Achillea ageratum L.,ACCEPTED,3120391,Achillea ageratum L.,SPECIES,Plantae
152544042,https://www.gbif.org/species/3120284,Achillea filipendulina Lam.,ACCEPTED,3120284,Achillea filipendulina Lam.,SPECIES,Plantae
152544045,https://www.gbif.org/species/3120066,Achillea setacea Waldst. & Kit.,ACCEPTED,3120066,Achillea setacea Waldst. & Kit.,SPECIES,Plantae
152544046,https://www.gbif.org/species/3120024,Achillea nobilis L.,ACCEPTED,3120024,Achillea nobilis L.,SPECIES,Plantae
152544052,https://www.gbif.org/species/3147146,Erigeron speciosus (Lindl.) DC.,ACCEPTED,3147146,Erigeron speciosus (Lindl.) DC.,SPECIES,Plantae
152544053,https://www.gbif.org/species/3147018,Erigeron floribundus (Kunth) Sch.Bip.,ACCEPTED,3147018,Erigeron floribundus (Kunth) Sch.Bip.,SPECIES,Plantae
152544054,https://www.gbif.org/species/3147168,Erigeron karvinskianus DC.,ACCEPTED,3147168,Erigeron karvinskianus DC.,SPECIES,Plantae
152544056,https://www.gbif.org/species/3146717,Erigeron bonariensis L.,ACCEPTED,3146717,Erigeron bonariensis L.,SPECIES,Plantae
152544057,https://www.gbif.org/species/3146791,Erigeron canadensis L.,ACCEPTED,3146791,Erigeron canadensis L.,SPECIES,Plantae
152544058,https://www.gbif.org/species/3146683,Erigeron sumatrensis Retz.,ACCEPTED,3146683,Erigeron sumatrensis Retz.,SPECIES,Plantae
152544060,https://www.gbif.org/species/3119285,Erigeron philadelphicus L.,ACCEPTED,3119285,Erigeron philadelphicus L.,SPECIES,Plantae
152544062,https://www.gbif.org/species/3126046,Erigeron pampeanus Parodi,ACCEPTED,3126046,Erigeron pampeanus Parodi,SPECIES,Plantae
152544065,https://www.gbif.org/species/3125944,Santolina rosmarinifolia L.,ACCEPTED,3125944,Santolina rosmarinifolia L.,SPECIES,Plantae
152544067,https://www.gbif.org/species/3125933,Santolina chamaecyparissus L.,ACCEPTED,3125933,Santolina chamaecyparissus L.,SPECIES,Plantae
152544069,https://www.gbif.org/species/3125901,Sigesbeckia orientalis L.,ACCEPTED,3125901,Sigesbeckia orientalis L.,SPECIES,Plantae
152544070,https://www.gbif.org/species/2162464,"Uroctea durandi (Latreille, 1809)",ACCEPTED,2162464,"Uroctea durandi (Latreille, 1809)",SPECIES,Animalia
152544073,https://www.gbif.org/species/3125765,Stuartina muelleri Sond.,ACCEPTED,3125765,Stuartina muelleri Sond.,SPECIES,Plantae
152544075,https://www.gbif.org/species/2162525,"Oecobius amboseli Shear & Benoit, 1974",ACCEPTED,2162525,"Oecobius amboseli Shear & Benoit, 1974",SPECIES,Animalia
152544076,https://www.gbif.org/species/2162537,"Oecobius navus Blackwall, 1859",ACCEPTED,2162537,"Oecobius navus Blackwall, 1859",SPECIES,Animalia
152544079,https://www.gbif.org/species/9321334,Pilosella prussica (Nägeli & Peter) Soják,ACCEPTED,9321334,Pilosella prussica (Nägeli & Peter) Soják,SPECIES,Plantae
152544080,https://www.gbif.org/species/2161710,"Heteropoda venatoria (Linnaeus, 1767)",ACCEPTED,2161710,"Heteropoda venatoria (Linnaeus, 1767)",SPECIES,Animalia
152544082,https://www.gbif.org/species/8288930,Pilosella piloselloides (Vill.) Soják,ACCEPTED,8288930,Pilosella piloselloides (Vill.) Soják,SPECIES,Plantae
152544083,https://www.gbif.org/species/2162049,"Olios argelasius (Walckenaer, 1806)",ACCEPTED,2162049,"Olios argelasius (Walckenaer, 1806)",SPECIES,Animalia
152544084,https://www.gbif.org/species/2161911,"Nolavia Kammerer, 2006",ACCEPTED,2161911,"Nolavia Kammerer, 2006",GENUS,Animalia
152544085,https://www.gbif.org/species/2161467,"Cerbalus Simon, 1897",ACCEPTED,2161467,"Cerbalus Simon, 1897",GENUS,Animalia
152544087,https://www.gbif.org/species/3123300,Pilosella fuscoatra (Nägeli & Peter) Soják,ACCEPTED,3123300,Pilosella fuscoatra (Nägeli & Peter) Soják,SPECIES,Plantae
152544088,https://www.gbif.org/species/3123663,Pilosella caespitosa (Dumort.) P.D.Sell & C.West,ACCEPTED,3123663,Pilosella caespitosa (Dumort.) P.D.Sell & C.West,SPECIES,Plantae
152544089,https://www.gbif.org/species/7652364,"Nephila Leach, 1815",ACCEPTED,7652364,"Nephila Leach, 1815",GENUS,Animalia
152544090,https://www.gbif.org/species/3122924,Pilosella aurantiaca (L.) F.W.Schultz & Sch.Bip.,ACCEPTED,3122924,Pilosella aurantiaca (L.) F.W.Schultz & Sch.Bip.,SPECIES,Plantae
152544091,https://www.gbif.org/species/3123249,Pilosella stoloniflora (Waldst. & Kit.) F.W.Schultz & Sch.Bip.,ACCEPTED,3123249,Pilosella stoloniflora (Waldst. & Kit.) F.W.Schultz & Sch.Bip.,SPECIES,Plantae
152544093,https://www.gbif.org/species/2158821,"Neoscona nautica (L.Koch, 1875)",ACCEPTED,2158821,"Neoscona nautica (L.Koch, 1875)",SPECIES,Animalia
152544096,https://www.gbif.org/species/3122323,Notobasis syriaca (L.) Cass.,ACCEPTED,3122323,Notobasis syriaca (L.) Cass.,SPECIES,Plantae
152544098,https://www.gbif.org/species/2177741,"Hasarius adansoni (Audouin, 1826)",ACCEPTED,2177741,"Hasarius adansoni (Audouin, 1826)",SPECIES,Animalia
152544102,https://www.gbif.org/species/3089146,Xanthium orientale L.,ACCEPTED,3089146,Xanthium orientale L.,SPECIES,Plantae
152544103,https://www.gbif.org/species/2176858,"Philaeus chrysops (Poda, 1761)",ACCEPTED,2176858,"Philaeus chrysops (Poda, 1761)",SPECIES,Animalia
152544104,https://www.gbif.org/species/3089150,Xanthium spinosum L.,ACCEPTED,3089150,Xanthium spinosum L.,SPECIES,Plantae
152544105,https://www.gbif.org/species/2176168,"Phidippus C.L.Koch, 1846",ACCEPTED,2176168,"Phidippus C.L.Koch, 1846",GENUS,Animalia
152544106,https://www.gbif.org/species/3089154,Xanthium strumarium L.,ACCEPTED,3089154,Xanthium strumarium L.,SPECIES,Plantae
152544108,https://www.gbif.org/species/2174528,"Saitis barbipes (Simon, 1868)",ACCEPTED,2174528,"Saitis barbipes (Simon, 1868)",SPECIES,Animalia
152544111,https://www.gbif.org/species/3086784,Parthenium hysterophorus L.,ACCEPTED,3086784,Parthenium hysterophorus L.,SPECIES,Plantae
152544112,https://www.gbif.org/species/2172282,"Pellenes geniculatus (Simon, 1868)",ACCEPTED,2172282,"Pellenes geniculatus (Simon, 1868)",SPECIES,Animalia
152544115,https://www.gbif.org/species/2172885,"Evarcha jucunda (Lucas, 1846)",ACCEPTED,2172885,"Evarcha jucunda (Lucas, 1846)",SPECIES,Animalia
152544116,https://www.gbif.org/species/7749287,Petasites albus (L.) Gaertn.,ACCEPTED,7749287,Petasites albus (L.) Gaertn.,SPECIES,Plantae
152544118,https://www.gbif.org/species/2171214,"Plexippus paykulli (Audouin, 1826)",ACCEPTED,2171214,"Plexippus paykulli (Audouin, 1826)",SPECIES,Animalia
152544120,https://www.gbif.org/species/3088310,Petasites japonicus (Siebold & Zucc.) Maxim.,ACCEPTED,3088310,Petasites japonicus (Siebold & Zucc.) Maxim.,SPECIES,Plantae
152544121,https://www.gbif.org/species/3088282,Petasites pyrenaicus (L.) G.López,ACCEPTED,3088282,Petasites pyrenaicus (L.) G.López,SPECIES,Plantae
152544122,https://www.gbif.org/species/2172103,"Heliophanus kochii Simon, 1868",ACCEPTED,2172103,"Heliophanus kochii Simon, 1868",SPECIES,Animalia
152544125,https://www.gbif.org/species/3114986,Arctotheca calendula (L.) Levyns,ACCEPTED,3114986,Arctotheca calendula (L.) Levyns,SPECIES,Plantae
152544126,https://www.gbif.org/species/2169430,"Macaroeris nidicolens (Walckenaer, 1802)",ACCEPTED,2169430,"Macaroeris nidicolens (Walckenaer, 1802)",SPECIES,Animalia
152544130,https://www.gbif.org/species/3115131,Sinacalia tangutica (Maxim.) B.Nord.,ACCEPTED,3115131,Sinacalia tangutica (Maxim.) B.Nord.,SPECIES,Plantae
152544131,https://www.gbif.org/species/2164194,"Cheiracanthium furculatum Karsch, 1879",ACCEPTED,2164194,"Cheiracanthium furculatum Karsch, 1879",SPECIES,Animalia
152544135,https://www.gbif.org/species/6718178,"Cryptachaea blattea (Urquhart, 1886)",ACCEPTED,6718178,"Cryptachaea blattea (Urquhart, 1886)",SPECIES,Animalia
152544136,https://www.gbif.org/species/4550810,"Cryptachaea veruculata (Urquhart, 1886)",ACCEPTED,4550810,"Cryptachaea veruculata (Urquhart, 1886)",SPECIES,Animalia
152544137,https://www.gbif.org/species/3118526,Tanacetum macrophyllum (Waldst. & Kit.) Sch.Bip.,ACCEPTED,3118526,Tanacetum macrophyllum (Waldst. & Kit.) Sch.Bip.,SPECIES,Plantae
152544138,https://www.gbif.org/species/3118430,Tanacetum parthenium (L.) Sch.Bip.,ACCEPTED,3118430,Tanacetum parthenium (L.) Sch.Bip.,SPECIES,Plantae
152544140,https://www.gbif.org/species/3118254,Tanacetum balsamita L.,ACCEPTED,3118254,Tanacetum balsamita L.,SPECIES,Plantae
152544141,https://www.gbif.org/species/2157984,"Nesticodes rufipes (Lucas, 1846)",ACCEPTED,2157984,"Nesticodes rufipes (Lucas, 1846)",SPECIES,Animalia
152544142,https://www.gbif.org/species/3118216,Tanacetum corymbosum (L.) Sch.Bip.,ACCEPTED,3118216,Tanacetum corymbosum (L.) Sch.Bip.,SPECIES,Plantae
152544145,https://www.gbif.org/species/2155807,"Euryopis episinoides (Walckenaer, 1847)",ACCEPTED,2155807,"Euryopis episinoides (Walckenaer, 1847)",SPECIES,Animalia
152544146,https://www.gbif.org/species/9206251,Helianthus annuus L.,ACCEPTED,9206251,Helianthus annuus L.,SPECIES,Plantae
152544148,https://www.gbif.org/species/2155867,"Coleosoma floridanum Banks, 1900",ACCEPTED,2155867,"Coleosoma floridanum Banks, 1900",SPECIES,Animalia
152544150,https://www.gbif.org/species/3119225,Helianthus petiolaris Nutt.,ACCEPTED,3119225,Helianthus petiolaris Nutt.,SPECIES,Plantae
152544151,https://www.gbif.org/species/2157203,"Steatoda nobilis (Thorell, 1875)",ACCEPTED,2157203,"Steatoda nobilis (Thorell, 1875)",SPECIES,Animalia
152544152,https://www.gbif.org/species/2157278,"Steatoda paykulliana (Walckenaer, 1806)",ACCEPTED,2157278,"Steatoda paykulliana (Walckenaer, 1806)",SPECIES,Animalia
152544153,https://www.gbif.org/species/3119219,Helianthus salicifolius A.Dietr.,ACCEPTED,3119219,Helianthus salicifolius A.Dietr.,SPECIES,Plantae
152544154,https://www.gbif.org/species/3119191,Helianthus debilis Nutt.,ACCEPTED,3119191,Helianthus debilis Nutt.,SPECIES,Plantae
152544155,https://www.gbif.org/species/2157245,"Steatoda grossa (C.L.Koch, 1838)",ACCEPTED,2157245,"Steatoda grossa (C.L.Koch, 1838)",SPECIES,Animalia
152544156,https://www.gbif.org/species/3119185,Helianthus decapetalus L.,ACCEPTED,3119185,Helianthus decapetalus L.,SPECIES,Plantae
152544157,https://www.gbif.org/species/3119181,Helianthus ×laetiflorus Pers.,ACCEPTED,3119181,Helianthus ×laetiflorus Pers.,SPECIES,Plantae
152544158,https://www.gbif.org/species/3119175,Helianthus tuberosus L.,ACCEPTED,3119175,Helianthus tuberosus L.,SPECIES,Plantae
152544161,https://www.gbif.org/species/2157335,"Hadrotarsus ornatus Hickman, 1943",ACCEPTED,2157335,"Hadrotarsus ornatus Hickman, 1943",SPECIES,Animalia
152544162,https://www.gbif.org/species/3113637,Cirsium rivulare (Jacq.) All.,ACCEPTED,3113637,Cirsium rivulare (Jacq.) All.,SPECIES,Plantae
152544164,https://www.gbif.org/species/3113745,Cirsium heterophyllum (L.) Hill,ACCEPTED,3113745,Cirsium heterophyllum (L.) Hill,SPECIES,Plantae
152544165,https://www.gbif.org/species/2157949,"Latrodectus mactans (Fabricius, 1775)",ACCEPTED,2157949,"Latrodectus mactans (Fabricius, 1775)",SPECIES,Animalia
152544166,https://www.gbif.org/species/3112994,Cirsium ×subalpinum Gaudin,ACCEPTED,3112994,Cirsium ×subalpinum Gaudin,SPECIES,Plantae
152544167,https://www.gbif.org/species/2157928,"Latrodectus hasselti Thorell, 1870",ACCEPTED,2157928,"Latrodectus hasselti Thorell, 1870",SPECIES,Animalia
152544168,https://www.gbif.org/species/2157944,"Latrodectus geometricus C.L.Koch, 1841",ACCEPTED,2157944,"Latrodectus geometricus C.L.Koch, 1841",SPECIES,Animalia
152544170,https://www.gbif.org/species/2157942,"Latrodectus hesperus Chamberlin & Ivie, 1935",ACCEPTED,2157942,"Latrodectus hesperus Chamberlin & Ivie, 1935",SPECIES,Animalia
152544172,https://www.gbif.org/species/3113852,Gutenbergia rueppellii Sch.Bip.,ACCEPTED,3113852,Gutenbergia rueppellii Sch.Bip.,SPECIES,Plantae
152544174,https://www.gbif.org/species/2153287,"Zoropsis spinimana (Dufour, 1820)",ACCEPTED,2153287,"Zoropsis spinimana (Dufour, 1820)",SPECIES,Animalia
152544178,https://www.gbif.org/species/4255472,Rudbeckia amplexicaulis Vahl,ACCEPTED,4255472,Rudbeckia amplexicaulis Vahl,SPECIES,Plantae
152544181,https://www.gbif.org/species/3114229,Rudbeckia laciniata L.,ACCEPTED,3114229,Rudbeckia laciniata L.,SPECIES,Plantae
152544182,https://www.gbif.org/species/2153712,"Grammostola rosea (Walckenaer, 1837)",ACCEPTED,2153712,"Grammostola rosea (Walckenaer, 1837)",SPECIES,Animalia
152544185,https://www.gbif.org/species/3114225,Rudbeckia hirta L.,ACCEPTED,3114225,Rudbeckia hirta L.,SPECIES,Plantae
152544186,https://www.gbif.org/species/2153759,"Phormictopus cancerides (Latreille, 1806)",ACCEPTED,2153759,"Phormictopus cancerides (Latreille, 1806)",SPECIES,Animalia
152544188,https://www.gbif.org/species/2153791,"Chaetopelma olivaceum (C.L.Koch, 1841)",ACCEPTED,2153791,"Chaetopelma olivaceum (C.L.Koch, 1841)",SPECIES,Animalia
152544191,https://www.gbif.org/species/3114343,Athanasia trifurcata (L.) L.,ACCEPTED,3114343,Athanasia trifurcata (L.) L.,SPECIES,Plantae
152544194,https://www.gbif.org/species/2155557,"Selenops radiatus Latreille, 1819",ACCEPTED,2155557,"Selenops radiatus Latreille, 1819",SPECIES,Animalia
152544195,https://www.gbif.org/species/9448191,Carduus nutans subsp. leiophyllus (Petrovic) Arènes,ACCEPTED,9448191,Carduus nutans subsp. leiophyllus (Petrovic) Arènes,SUBSPECIES,Plantae
152544198,https://www.gbif.org/species/4210773,Carduus vivariensis Jord.,ACCEPTED,4210773,Carduus vivariensis Jord.,SPECIES,Plantae
152544199,https://www.gbif.org/species/2149679,"Holocnemus pluchei (Scopoli, 1763)",ACCEPTED,2149679,"Holocnemus pluchei (Scopoli, 1763)",SPECIES,Animalia
152544200,https://www.gbif.org/species/3114667,Carduus pycnocephalus L.,ACCEPTED,3114667,Carduus pycnocephalus L.,SPECIES,Plantae
152544202,https://www.gbif.org/species/2149847,"Spermophora senoculata (Dugès, 1836)",ACCEPTED,2149847,"Spermophora senoculata (Dugès, 1836)",SPECIES,Animalia
152544203,https://www.gbif.org/species/3114679,Carduus hamulosus Ehrh.,ACCEPTED,3114679,Carduus hamulosus Ehrh.,SPECIES,Plantae
152544205,https://www.gbif.org/species/2149761,"Micropholcus fauroti (Simon, 1887)",ACCEPTED,2149761,"Micropholcus fauroti (Simon, 1887)",SPECIES,Animalia
152544206,https://www.gbif.org/species/3114643,Carduus acanthoides L.,ACCEPTED,3114643,Carduus acanthoides L.,SPECIES,Plantae
152544209,https://www.gbif.org/species/2150043,"Crossopriza lyoni (Blackwall, 1867)",ACCEPTED,2150043,"Crossopriza lyoni (Blackwall, 1867)",SPECIES,Animalia
152544211,https://www.gbif.org/species/8002952,Ambrosia artemisiifolia L.,ACCEPTED,8002952,Ambrosia artemisiifolia L.,SPECIES,Plantae
152544212,https://www.gbif.org/species/2149992,"Pholcus opilionoides (Schrank, 1781)",ACCEPTED,2149992,"Pholcus opilionoides (Schrank, 1781)",SPECIES,Animalia
152544214,https://www.gbif.org/species/2150089,"Artema atlanta Walckenaer, 1837",ACCEPTED,2150089,"Artema atlanta Walckenaer, 1837",SPECIES,Animalia
152544215,https://www.gbif.org/species/3110686,Ambrosia psilostachya DC.,ACCEPTED,3110686,Ambrosia psilostachya DC.,SPECIES,Plantae
152544217,https://www.gbif.org/species/3110588,Ambrosia trifida L.,ACCEPTED,3110588,Ambrosia trifida L.,SPECIES,Plantae
152544220,https://www.gbif.org/species/5170395,"Phoneutria boliviensis (F.O.Pickard-Cambridge, 1897)",ACCEPTED,5170395,"Phoneutria boliviensis (F.O.Pickard-Cambridge, 1897)",SPECIES,Animalia
152544221,https://www.gbif.org/species/2152822,"Phoneutria nigriventer (Keyserling, 1891)",ACCEPTED,2152822,"Phoneutria nigriventer (Keyserling, 1891)",SPECIES,Animalia
152544222,https://www.gbif.org/species/3110293,Facelis retusa (Lam.) Sch.Bip.,ACCEPTED,3110293,Facelis retusa (Lam.) Sch.Bip.,SPECIES,Plantae
152544228,https://www.gbif.org/species/3110767,Cladanthus mixtus (L.) Chevall.,ACCEPTED,3110767,Cladanthus mixtus (L.) Chevall.,SPECIES,Plantae
152544229,https://www.gbif.org/species/2140406,"Triaeris stenaspis Simon, 1892",ACCEPTED,2140406,"Triaeris stenaspis Simon, 1892",SPECIES,Animalia
152544233,https://www.gbif.org/species/8542672,Cotula australis (Sieber ex Spreng.) Hook.fil.,ACCEPTED,8542672,Cotula australis (Sieber ex Spreng.) Hook.fil.,SPECIES,Plantae
152544234,https://www.gbif.org/species/5168461,"Erigone dentosa O.Pickard-Cambridge, 1894",ACCEPTED,5168461,"Erigone dentosa O.Pickard-Cambridge, 1894",SPECIES,Animalia
152544235,https://www.gbif.org/species/3112123,Cotula anthemoides L.,ACCEPTED,3112123,Cotula anthemoides L.,SPECIES,Plantae
152544237,https://www.gbif.org/species/3112110,Cotula coronopifolia L.,ACCEPTED,3112110,Cotula coronopifolia L.,SPECIES,Plantae
152544238,https://www.gbif.org/species/2138649,"Mermessus denticulatus (Banks, 1898)",ACCEPTED,2138649,"Mermessus denticulatus (Banks, 1898)",SPECIES,Animalia
152544239,https://www.gbif.org/species/3112098,Cotula turbinata L.,ACCEPTED,3112098,Cotula turbinata L.,SPECIES,Plantae
152544242,https://www.gbif.org/species/3112364,Cynara cardunculus L.,ACCEPTED,3112364,Cynara cardunculus L.,SPECIES,Plantae
152544244,https://www.gbif.org/species/3112361,Cynara scolymus L.,ACCEPTED,3112361,Cynara scolymus L.,SPECIES,Plantae
152544246,https://www.gbif.org/species/2141241,"Callobius nomeus (Chamberlin, 1919)",ACCEPTED,2141241,"Callobius nomeus (Chamberlin, 1919)",SPECIES,Animalia
152544249,https://www.gbif.org/species/3104491,Argyranthemum frutescens (L.) Sch.Bip.,ACCEPTED,3104491,Argyranthemum frutescens (L.) Sch.Bip.,SPECIES,Plantae
152544250,https://www.gbif.org/species/2142456,"Uloborus plumipes Lucas, 1846",ACCEPTED,2142456,"Uloborus plumipes Lucas, 1846",SPECIES,Animalia
152544253,https://www.gbif.org/species/2148040,"Thanatus vulgaris Simon, 1870",ACCEPTED,2148040,"Thanatus vulgaris Simon, 1870",SPECIES,Animalia
152544257,https://www.gbif.org/species/2145078,"Macrothele calpeiana (Walckenaer, 1805)",ACCEPTED,2145078,"Macrothele calpeiana (Walckenaer, 1805)",SPECIES,Animalia
152544258,https://www.gbif.org/species/3104314,Liatris spicata (L.) Willd.,ACCEPTED,3104314,Liatris spicata (L.) Willd.,SPECIES,Plantae
152544262,https://www.gbif.org/species/7903764,Senecio sarracenicus L.,ACCEPTED,7903764,Senecio sarracenicus L.,SPECIES,Plantae
152544267,https://www.gbif.org/species/6063730,Senecio vernalis Waldst. & Kit.,ACCEPTED,6063730,Senecio vernalis Waldst. & Kit.,SPECIES,Plantae
152544269,https://www.gbif.org/species/3109086,Senecio inaequidens DC.,ACCEPTED,3109086,Senecio inaequidens DC.,SPECIES,Plantae
152544270,https://www.gbif.org/species/7481364,"Fulvius subnitens Poppius, 1909",ACCEPTED,7481364,"Fulvius subnitens Poppius, 1909",SPECIES,Animalia
152544271,https://www.gbif.org/species/3109117,Senecio squalidus L.,ACCEPTED,3109117,Senecio squalidus L.,SPECIES,Plantae
152544272,https://www.gbif.org/species/4487282,"Fulvius anthocoroides (Reuter, 1875)",ACCEPTED,4487282,"Fulvius anthocoroides (Reuter, 1875)",SPECIES,Animalia
152544273,https://www.gbif.org/species/3107896,Senecio gallicus Chaix,ACCEPTED,3107896,Senecio gallicus Chaix,SPECIES,Plantae
152544274,https://www.gbif.org/species/3107177,Senecio pterophorus DC.,ACCEPTED,3107177,Senecio pterophorus DC.,SPECIES,Plantae
152544277,https://www.gbif.org/species/4487370,"Tropidosteptes pacificus (Van Duzee, 1921)",ACCEPTED,4487370,"Tropidosteptes pacificus (Van Duzee, 1921)",SPECIES,Animalia
152544278,https://www.gbif.org/species/3105768,Sonchus tenerrimus L.,ACCEPTED,3105768,Sonchus tenerrimus L.,SPECIES,Plantae
152544283,https://www.gbif.org/species/4486365,"Nysius huttoni White, 1878",ACCEPTED,4486365,"Nysius huttoni White, 1878",SPECIES,Animalia
152544288,https://www.gbif.org/species/5879783,"Thaumatotibia leucotreta (Meyrick, 1913)",ACCEPTED,5879783,"Thaumatotibia leucotreta (Meyrick, 1913)",SPECIES,Animalia
152544292,https://www.gbif.org/species/3110041,Amphiachyris dracunculoides (DC.) Nutt.,ACCEPTED,3110041,Amphiachyris dracunculoides (DC.) Nutt.,SPECIES,Plantae
152544293,https://www.gbif.org/species/4532122,"Cydalima perspectalis (Walker, 1859)",ACCEPTED,4532122,"Cydalima perspectalis (Walker, 1859)",SPECIES,Animalia
152544296,https://www.gbif.org/species/3102871,Xerochrysum bracteatum (Vent.) Tzvelev,ACCEPTED,3102871,Xerochrysum bracteatum (Vent.) Tzvelev,SPECIES,Plantae
152544299,https://www.gbif.org/species/5108665,"Callopistria floridensis Guenée, 1852",ACCEPTED,5108665,"Callopistria floridensis Guenée, 1852",SPECIES,Animalia
152544300,https://www.gbif.org/species/3103180,Gamochaeta antillana (Urb.) Anderb.,ACCEPTED,3103180,Gamochaeta antillana (Urb.) Anderb.,SPECIES,Plantae
152544302,https://www.gbif.org/species/3103082,Gamochaeta pensylvanica (Willd.) Cabrera,ACCEPTED,3103082,Gamochaeta pensylvanica (Willd.) Cabrera,SPECIES,Plantae
152544304,https://www.gbif.org/species/1932752,"Cacyreus marshalli Butler, 1897",ACCEPTED,1932752,"Cacyreus marshalli Butler, 1897",SPECIES,Animalia
152544308,https://www.gbif.org/species/3102823,Anthemis ruthenica M.Bieb.,ACCEPTED,3102823,Anthemis ruthenica M.Bieb.,SPECIES,Plantae
152544309,https://www.gbif.org/species/1941864,"Paysandisia archon (Burmeister, 1880)",ACCEPTED,1941864,"Paysandisia archon (Burmeister, 1880)",SPECIES,Animalia
152544312,https://www.gbif.org/species/3104078,Heteranthemis viscidehirta Schott,ACCEPTED,3104078,Heteranthemis viscidehirta Schott,SPECIES,Plantae
152544314,https://www.gbif.org/species/5104748,"Cameraria gaultheriella (Walsingham, 1889)",ACCEPTED,5104748,"Cameraria gaultheriella (Walsingham, 1889)",SPECIES,Animalia
152544315,https://www.gbif.org/species/1749449,"Cameraria ohridella Deschka & Dimić, 1986",ACCEPTED,1749449,"Cameraria ohridella Deschka & Dimić, 1986",SPECIES,Animalia
152544320,https://www.gbif.org/species/3104150,Tripleurospermum decipiens (Fisch. & C.A.Mey.) Bornm.,ACCEPTED,3104150,Tripleurospermum decipiens (Fisch. & C.A.Mey.) Bornm.,SPECIES,Plantae
152544321,https://www.gbif.org/species/1651430,"Aedes albopictus (Skuse, 1894)",ACCEPTED,1651430,"Aedes albopictus (Skuse, 1894)",SPECIES,Animalia
152544324,https://www.gbif.org/species/1652212,"Aedes japonicus (Theobald, 1901)",ACCEPTED,1652212,"Aedes japonicus (Theobald, 1901)",SPECIES,Animalia
152544325,https://www.gbif.org/species/3103791,Matricaria discoidea DC.,ACCEPTED,3103791,Matricaria discoidea DC.,SPECIES,Plantae
152544327,https://www.gbif.org/species/1652150,"Aedes koreicus (Edwards, 1917)",ACCEPTED,1652150,"Aedes koreicus (Edwards, 1917)",SPECIES,Animalia
152544328,https://www.gbif.org/species/3098951,Cosmos sulphureus Cav.,ACCEPTED,3098951,Cosmos sulphureus Cav.,SPECIES,Plantae
152544329,https://www.gbif.org/species/3098912,Cosmos bipinnatus Cav.,ACCEPTED,3098912,Cosmos bipinnatus Cav.,SPECIES,Plantae
152544332,https://www.gbif.org/species/1650106,"Anopheles pharoensis Theobald, 1901",ACCEPTED,1650106,"Anopheles pharoensis Theobald, 1901",SPECIES,Animalia
152544333,https://www.gbif.org/species/3096529,Mauranthemum paludosum (Poir.) Vogt & Oberpr.,ACCEPTED,3096529,Mauranthemum paludosum (Poir.) Vogt & Oberpr.,SPECIES,Plantae
152544336,https://www.gbif.org/species/3098176,Calotis hispidula (F.Muell.) F.Muell.,ACCEPTED,3098176,Calotis hispidula (F.Muell.) F.Muell.,SPECIES,Plantae
152544338,https://www.gbif.org/species/3098183,Calotis lappulacea Benth.,ACCEPTED,3098183,Calotis lappulacea Benth.,SPECIES,Plantae
152544339,https://www.gbif.org/species/3098186,Calotis cuneifolia R.Br.,ACCEPTED,3098186,Calotis cuneifolia R.Br.,SPECIES,Plantae
152544342,https://www.gbif.org/species/1718308,"Acheta domesticus (Linnaeus, 1758)",ACCEPTED,1718308,"Acheta domesticus (Linnaeus, 1758)",SPECIES,Animalia
152544343,https://www.gbif.org/species/3100968,Pseudognaphalium undulatum (L.) Hilliard & B.L.Burtt,ACCEPTED,3100968,Pseudognaphalium undulatum (L.) Hilliard & B.L.Burtt,SPECIES,Plantae
152544345,https://www.gbif.org/species/3101193,Dittrichia graveolens (L.) Greuter,ACCEPTED,3101193,Dittrichia graveolens (L.) Greuter,SPECIES,Plantae
152544346,https://www.gbif.org/species/3101184,Dittrichia viscosa (L.) Greuter,ACCEPTED,3101184,Dittrichia viscosa (L.) Greuter,SPECIES,Plantae
152544350,https://www.gbif.org/species/1719204,"Gryllomorpha dalmatina (Ocskay, 1832)",ACCEPTED,1719204,"Gryllomorpha dalmatina (Ocskay, 1832)",SPECIES,Animalia
152544353,https://www.gbif.org/species/3100375,Acanthospermum hispidum DC.,ACCEPTED,3100375,Acanthospermum hispidum DC.,SPECIES,Plantae
152544355,https://www.gbif.org/species/3093891,Hypochaeris microcephala (Sch.Bip.) Cabrera,ACCEPTED,3093891,Hypochaeris microcephala (Sch.Bip.) Cabrera,SPECIES,Plantae
152544356,https://www.gbif.org/species/1713034,"Gryllus bimaculatus De Geer, 1773",ACCEPTED,1713034,"Gryllus bimaculatus De Geer, 1773",SPECIES,Animalia
152544359,https://www.gbif.org/species/1722140,"Eumodicogryllus bordigalensis (Latreille, 1804)",ACCEPTED,1722140,"Eumodicogryllus bordigalensis (Latreille, 1804)",SPECIES,Animalia
152544360,https://www.gbif.org/species/3092946,Callistephus chinensis (L.) Nees,ACCEPTED,3092946,Callistephus chinensis (L.) Nees,SPECIES,Plantae
152544363,https://www.gbif.org/species/3092782,Euthamia graminifolia (L.) Nutt.,ACCEPTED,3092782,Euthamia graminifolia (L.) Nutt.,SPECIES,Plantae
152544364,https://www.gbif.org/species/1722299,"Gryllodes sigillatus (Walker, 1869)",ACCEPTED,1722299,"Gryllodes sigillatus (Walker, 1869)",SPECIES,Animalia
152544368,https://www.gbif.org/species/3092604,Leysera tenella DC.,ACCEPTED,3092604,Leysera tenella DC.,SPECIES,Plantae
152544369,https://www.gbif.org/species/1702101,"Anacridium aegyptium (Linnaeus, 1764)",ACCEPTED,1702101,"Anacridium aegyptium (Linnaeus, 1764)",SPECIES,Animalia
152544374,https://www.gbif.org/species/4423428,"Yersinella raymondii (Yersin, 1860)",ACCEPTED,4423428,"Yersinella raymondii (Yersin, 1860)",SPECIES,Animalia
152544377,https://www.gbif.org/species/1690429,"Meconema meridionale Costa, 1860",ACCEPTED,1690429,"Meconema meridionale Costa, 1860",SPECIES,Animalia
152544378,https://www.gbif.org/species/4206362,Onopordum beckianum A.John,DOUBTFUL,4206362,Onopordum beckianum A.John,SPECIES,Plantae
152544379,https://www.gbif.org/species/3094939,Onopordum tauricum Willd.,ACCEPTED,3094939,Onopordum tauricum Willd.,SPECIES,Plantae
152544381,https://www.gbif.org/species/3094899,Onopordum macracanthum Schousb.,ACCEPTED,3094899,Onopordum macracanthum Schousb.,SPECIES,Plantae
152544385,https://www.gbif.org/species/9202318,Symphyotrichum lanceolatum (Willd.) G.L.Nesom,ACCEPTED,9202318,Symphyotrichum lanceolatum (Willd.) G.L.Nesom,SPECIES,Plantae
152544386,https://www.gbif.org/species/6931186,"Nicoletia phytophila Gervais, 1844",ACCEPTED,6931186,"Nicoletia phytophila Gervais, 1844",SPECIES,Animalia
152544387,https://www.gbif.org/species/7832723,Symphyotrichum lateriflorum (L.) Á.Löve & D.Löve,ACCEPTED,7832723,Symphyotrichum lateriflorum (L.) Á.Löve & D.Löve,SPECIES,Plantae
152544388,https://www.gbif.org/species/3151618,Symphyotrichum novae-angliae (L.) G.L.Nesom,ACCEPTED,3151618,Symphyotrichum novae-angliae (L.) G.L.Nesom,SPECIES,Plantae
152544390,https://www.gbif.org/species/3151558,Symphyotrichum novi-belgii (L.) G.L.Nesom,ACCEPTED,3151558,Symphyotrichum novi-belgii (L.) G.L.Nesom,SPECIES,Plantae
152544392,https://www.gbif.org/species/3151692,Symphyotrichum ciliatum (Ledeb.) G.L.Nesom,ACCEPTED,3151692,Symphyotrichum ciliatum (Ledeb.) G.L.Nesom,SPECIES,Plantae
152544393,https://www.gbif.org/species/1421105,"Thermobia domestica (Packard, 1837)",ACCEPTED,1421105,"Thermobia domestica (Packard, 1837)",SPECIES,Animalia
152544394,https://www.gbif.org/species/3151666,Symphyotrichum racemosum (Elliott) G.L.Nesom,ACCEPTED,3151666,Symphyotrichum racemosum (Elliott) G.L.Nesom,SPECIES,Plantae
152544396,https://www.gbif.org/species/3151755,Symphyotrichum pilosum (Willd.) G.L.Nesom,ACCEPTED,3151755,Symphyotrichum pilosum (Willd.) G.L.Nesom,SPECIES,Plantae
152544397,https://www.gbif.org/species/1421095,"Ctenolepisma lineata (Fabricius, 1775)",ACCEPTED,1421095,"Ctenolepisma lineata (Fabricius, 1775)",SPECIES,Animalia
152544398,https://www.gbif.org/species/3151811,Symphyotrichum ×salignum (Willd.) G.L.Nesom,ACCEPTED,3151811,Symphyotrichum ×salignum (Willd.) G.L.Nesom,SPECIES,Plantae
152544399,https://www.gbif.org/species/3094253,Symphyotrichum subulatum (Michx.) G.L.Nesom,ACCEPTED,3094253,Symphyotrichum subulatum (Michx.) G.L.Nesom,SPECIES,Plantae
152544402,https://www.gbif.org/species/8584304,Guizotia abyssinica (L.fil.) Cass.,ACCEPTED,8584304,Guizotia abyssinica (L.fil.) Cass.,SPECIES,Plantae
152544404,https://www.gbif.org/species/3088652,Guizotia schimperi Sch.Bip.,ACCEPTED,3088652,Guizotia schimperi Sch.Bip.,SPECIES,Plantae
152544407,https://www.gbif.org/species/1423286,"Ischnura senegalensis (Rambur, 1842)",ACCEPTED,1423286,"Ischnura senegalensis (Rambur, 1842)",SPECIES,Animalia
152544408,https://www.gbif.org/species/7497356,Tagetes tenuifolia Cav.,ACCEPTED,7497356,Tagetes tenuifolia Cav.,SPECIES,Plantae
152544410,https://www.gbif.org/species/3088481,Tagetes minuta L.,ACCEPTED,3088481,Tagetes minuta L.,SPECIES,Plantae
152544411,https://www.gbif.org/species/3088488,Tagetes erecta L.,ACCEPTED,3088488,Tagetes erecta L.,SPECIES,Plantae
152544412,https://www.gbif.org/species/1422818,"Pseudagrion microcephalum (Rambur, 1842)",ACCEPTED,1422818,"Pseudagrion microcephalum (Rambur, 1842)",SPECIES,Animalia
152544415,https://www.gbif.org/species/3088405,Leucanthemella serotina (L.) Tzvelev,ACCEPTED,3088405,Leucanthemella serotina (L.) Tzvelev,SPECIES,Plantae
152544418,https://www.gbif.org/species/3092576,Silphium perfoliatum L.,ACCEPTED,3092576,Silphium perfoliatum L.,SPECIES,Plantae
152544419,https://www.gbif.org/species/3092125,"Acmella Rich., 1807",DOUBTFUL,3092125,"Acmella Rich., 1807",GENUS,Plantae
152544421,https://www.gbif.org/species/5386764,Acmella oleracea (L.) R.K.Jansen,ACCEPTED,5386764,Acmella oleracea (L.) R.K.Jansen,SPECIES,Plantae
152544422,https://www.gbif.org/species/1420197,"Aleurodothrips fasciapennis (Franklin, 1908)",ACCEPTED,1420197,"Aleurodothrips fasciapennis (Franklin, 1908)",SPECIES,Animalia
152544425,https://www.gbif.org/species/8351995,"Frankliniella occidentalis (Pergande, 1895)",ACCEPTED,8351995,"Frankliniella occidentalis (Pergande, 1895)",SPECIES,Animalia
152544428,https://www.gbif.org/species/1420857,"Parthenothrips dracaenae (Heeger, 1854)",ACCEPTED,1420857,"Parthenothrips dracaenae (Heeger, 1854)",SPECIES,Animalia
152544430,https://www.gbif.org/species/3090783,Prenanthes purpurea L.,ACCEPTED,3090783,Prenanthes purpurea L.,SPECIES,Plantae
152544431,https://www.gbif.org/species/1420846,"Echinothrips americanus Morgan, 1913",ACCEPTED,1420846,"Echinothrips americanus Morgan, 1913",SPECIES,Animalia
152544436,https://www.gbif.org/species/1420769,"Aurantothrips orchidaceus (Bagnall, 1909)",ACCEPTED,1420769,"Aurantothrips orchidaceus (Bagnall, 1909)",SPECIES,Animalia
152544438,https://www.gbif.org/species/1420791,"Leucothrips nigripennis Reuter, 1904",ACCEPTED,1420791,"Leucothrips nigripennis Reuter, 1904",SPECIES,Animalia
152544439,https://www.gbif.org/species/5372392,Vitis vinifera L.,ACCEPTED,5372392,Vitis vinifera L.,SPECIES,Plantae
152544441,https://www.gbif.org/species/1420795,"Heliothrips haemorrhoidalis (Bouché, 1833)",ACCEPTED,1420795,"Heliothrips haemorrhoidalis (Bouché, 1833)",SPECIES,Animalia
152544443,https://www.gbif.org/species/1420828,"Hercinothrips bicinctus (Bagnall, 1919)",ACCEPTED,1420828,"Hercinothrips bicinctus (Bagnall, 1919)",SPECIES,Animalia
152544445,https://www.gbif.org/species/1420829,"Hercinothrips femoralis (Reuter, 1891)",ACCEPTED,1420829,"Hercinothrips femoralis (Reuter, 1891)",SPECIES,Animalia
152544447,https://www.gbif.org/species/3039209,Parthenocissus tricuspidata (Siebold & Zucc.) Planch.,ACCEPTED,3039209,Parthenocissus tricuspidata (Siebold & Zucc.) Planch.,SPECIES,Plantae
152544448,https://www.gbif.org/species/1420612,"Scirtothrips longipennis (Bagnall, 1909)",ACCEPTED,1420612,"Scirtothrips longipennis (Bagnall, 1909)",SPECIES,Animalia
152544449,https://www.gbif.org/species/3039194,Parthenocissus quinquefolia (L.) Planch.,ACCEPTED,3039194,Parthenocissus quinquefolia (L.) Planch.,SPECIES,Plantae
152544453,https://www.gbif.org/species/1420765,"Chaetanaphothrips orchidii (Moulton, 1907)",ACCEPTED,1420765,"Chaetanaphothrips orchidii (Moulton, 1907)",SPECIES,Animalia
152544459,https://www.gbif.org/species/1419894,"Euborellia annulipes (Lucas, 1847)",ACCEPTED,1419894,"Euborellia annulipes (Lucas, 1847)",SPECIES,Animalia
152544461,https://www.gbif.org/species/3033077,Aucuba japonica Thunb.,ACCEPTED,3033077,Aucuba japonica Thunb.,SPECIES,Plantae
152544465,https://www.gbif.org/species/8599762,"Aproceros leucopoda Takeuchi, 1939",ACCEPTED,8599762,"Aproceros leucopoda Takeuchi, 1939",SPECIES,Animalia
152544468,https://www.gbif.org/species/3039046,Fatsia japonica (Thunb.) Decne. & Planch.,ACCEPTED,3039046,Fatsia japonica (Thunb.) Decne. & Planch.,SPECIES,Plantae
152544473,https://www.gbif.org/species/3036033,Hedera colchica (K.Koch) K.Koch,ACCEPTED,3036033,Hedera colchica (K.Koch) K.Koch,SPECIES,Plantae
152544474,https://www.gbif.org/species/5041466,"Sceliphron caementarium (Drury, 1773)",ACCEPTED,5041466,"Sceliphron caementarium (Drury, 1773)",SPECIES,Animalia
152544478,https://www.gbif.org/species/3037015,Aralia cordata Thunb.,ACCEPTED,3037015,Aralia cordata Thunb.,SPECIES,Plantae
152544480,https://www.gbif.org/species/3036958,Aralia racemosa L.,ACCEPTED,3036958,Aralia racemosa L.,SPECIES,Plantae
152544481,https://www.gbif.org/species/1311477,"Vespa velutina Lepeletier, 1836",ACCEPTED,1311477,"Vespa velutina Lepeletier, 1836",SPECIES,Animalia
152544482,https://www.gbif.org/species/3036892,Aralia elata (Miq.) Seem.,ACCEPTED,3036892,Aralia elata (Miq.) Seem.,SPECIES,Plantae
152544487,https://www.gbif.org/species/7664179,"Technomyrmex vitiensis Mann, 1921",ACCEPTED,7664179,"Technomyrmex vitiensis Mann, 1921",SPECIES,Animalia
152544490,https://www.gbif.org/species/7358948,"Lasius neglectus Van Loon, Boomsma & Andrasfalvy, 1990",ACCEPTED,7358948,"Lasius neglectus Van Loon, Boomsma & Andrasfalvy, 1990",SPECIES,Animalia
152544492,https://www.gbif.org/species/8364220,Torilis leptophylla (L.) Rchb.fil.,ACCEPTED,8364220,Torilis leptophylla (L.) Rchb.fil.,SPECIES,Plantae
152544494,https://www.gbif.org/species/1325561,"Paratrechina longicornis (Latreille, 1802)",ACCEPTED,1325561,"Paratrechina longicornis (Latreille, 1802)",SPECIES,Animalia
152544495,https://www.gbif.org/species/6026665,Torilis africana Spreng.,ACCEPTED,6026665,Torilis africana Spreng.,SPECIES,Plantae
152544498,https://www.gbif.org/species/8455382,"Hypoponera schauinslandi (Emery, 1899)",ACCEPTED,8455382,"Hypoponera schauinslandi (Emery, 1899)",SPECIES,Animalia
152544499,https://www.gbif.org/species/6027089,Smyrnium perfoliatum L.,ACCEPTED,6027089,Smyrnium perfoliatum L.,SPECIES,Plantae
152544500,https://www.gbif.org/species/1326634,"Hypoponera punctatissima (Roger, 1859)",ACCEPTED,1326634,"Hypoponera punctatissima (Roger, 1859)",SPECIES,Animalia
152544503,https://www.gbif.org/species/1320777,"Plagiolepis pygmaea (Latreille, 1798)",ACCEPTED,1320777,"Plagiolepis pygmaea (Latreille, 1798)",SPECIES,Animalia
152544504,https://www.gbif.org/species/7466434,Pastinaca sativa subsp. urens (Req. ex Godr.) Celak.,ACCEPTED,7466434,Pastinaca sativa subsp. urens (Req. ex Godr.) Celak.,SUBSPECIES,Plantae
152544506,https://www.gbif.org/species/7224157,Pastinaca sativa subsp. sativa,ACCEPTED,7224157,Pastinaca sativa subsp. sativa,SUBSPECIES,Plantae
152544507,https://www.gbif.org/species/1322674,"Pheidole anastasii Emery, 1896",ACCEPTED,1322674,"Pheidole anastasii Emery, 1896",SPECIES,Animalia
152544508,https://www.gbif.org/species/1321805,"Pheidole bilimeki Mayr, 1870",ACCEPTED,1321805,"Pheidole bilimeki Mayr, 1870",SPECIES,Animalia
152544511,https://www.gbif.org/species/8080300,Pimpinella anisum L.,ACCEPTED,8080300,Pimpinella anisum L.,SPECIES,Plantae
152544512,https://www.gbif.org/species/1323402,"Tetramorium bicarinatum (Nylander, 1846)",ACCEPTED,1323402,"Tetramorium bicarinatum (Nylander, 1846)",SPECIES,Animalia
152544514,https://www.gbif.org/species/1316805,"Tapinoma melanocephalum (Fabricius, 1793)",ACCEPTED,1316805,"Tapinoma melanocephalum (Fabricius, 1793)",SPECIES,Animalia
152544515,https://www.gbif.org/species/5538946,Pimpinella peregrina L.,ACCEPTED,5538946,Pimpinella peregrina L.,SPECIES,Plantae
152544518,https://www.gbif.org/species/1314773,"Monomorium pharaonis (Linnaeus, 1758)",ACCEPTED,1314773,"Monomorium pharaonis (Linnaeus, 1758)",SPECIES,Animalia
152544520,https://www.gbif.org/species/1319260,"Tetraponera allaborans (Walker, 1859)",ACCEPTED,1319260,"Tetraponera allaborans (Walker, 1859)",SPECIES,Animalia
152544521,https://www.gbif.org/species/5538108,Imperatoria ostruthium L.,ACCEPTED,5538108,Imperatoria ostruthium L.,SPECIES,Plantae
152544523,https://www.gbif.org/species/1316908,"Linepithema humile (Mayr, 1868)",ACCEPTED,1316908,"Linepithema humile (Mayr, 1868)",SPECIES,Animalia
152544526,https://www.gbif.org/species/1313740,"Camponotus vagus (Scopoli, 1763)",ACCEPTED,1313740,"Camponotus vagus (Scopoli, 1763)",SPECIES,Animalia
152544527,https://www.gbif.org/species/5371870,Bifora radians M.Bieb.,ACCEPTED,5371870,Bifora radians M.Bieb.,SPECIES,Plantae
152544532,https://www.gbif.org/species/5371889,Oenanthe pimpinelloides L.,ACCEPTED,5371889,Oenanthe pimpinelloides L.,SPECIES,Plantae
152544533,https://www.gbif.org/species/7572133,"Anoplophora glabripennis (Motschulsky, 1854)",ACCEPTED,7572133,"Anoplophora glabripennis (Motschulsky, 1854)",SPECIES,Animalia
152544535,https://www.gbif.org/species/5371808,Angelica archangelica L.,ACCEPTED,5371808,Angelica archangelica L.,SPECIES,Plantae
152544536,https://www.gbif.org/species/7987143,"Anoplophora chinensis (Forster, 1771)",ACCEPTED,7987143,"Anoplophora chinensis (Forster, 1771)",SPECIES,Animalia
152544539,https://www.gbif.org/species/5371772,Levisticum officinale W.D.J.Koch,ACCEPTED,5371772,Levisticum officinale W.D.J.Koch,SPECIES,Plantae
152544541,https://www.gbif.org/species/4453195,"Carpophilus obsoletus Erichson, 1843",ACCEPTED,4453195,"Carpophilus obsoletus Erichson, 1843",SPECIES,Animalia
152544543,https://www.gbif.org/species/5371746,Anthriscus cerefolium (L.) Hoffm.,ACCEPTED,5371746,Anthriscus cerefolium (L.) Hoffm.,SPECIES,Plantae
152544545,https://www.gbif.org/species/1043978,"Stelidota geminata (Say, 1825)",ACCEPTED,1043978,"Stelidota geminata (Say, 1825)",SPECIES,Animalia
152544549,https://www.gbif.org/species/6027313,"Daucus glochidiatus (Labill.) Fisch., C.A.Mey. & Avé-Lall.",ACCEPTED,6027313,"Daucus glochidiatus (Labill.) Fisch., C.A.Mey. & Avé-Lall.",SPECIES,Plantae
152544550,https://www.gbif.org/species/6027382,Daucus aureus Desf.,ACCEPTED,6027382,Daucus aureus Desf.,SPECIES,Plantae
152544551,https://www.gbif.org/species/8765358,"Coccinella miranda Wollaston, 1864",ACCEPTED,8765358,"Coccinella miranda Wollaston, 1864",SPECIES,Animalia
152544552,https://www.gbif.org/species/3641853,Daucus durieua Lange,ACCEPTED,3641853,Daucus durieua Lange,SPECIES,Plantae
152544554,https://www.gbif.org/species/4989894,"Hippodamia convergens Guérin-Méneville, 1842",ACCEPTED,4989894,"Hippodamia convergens Guérin-Méneville, 1842",SPECIES,Animalia
152544558,https://www.gbif.org/species/4989904,"Harmonia axyridis (Pallas, 1773)",ACCEPTED,4989904,"Harmonia axyridis (Pallas, 1773)",SPECIES,Animalia
152544562,https://www.gbif.org/species/6026954,Scandix stellata Banks & Sol.,ACCEPTED,6026954,Scandix stellata Banks & Sol.,SPECIES,Plantae
152544563,https://www.gbif.org/species/4990176,"Rhyzobius forestieri (Mulsant, 1853)",ACCEPTED,4990176,"Rhyzobius forestieri (Mulsant, 1853)",SPECIES,Animalia
152544565,https://www.gbif.org/species/6308164,Scandix australis subsp. grandiflora (L.) Thell.,ACCEPTED,6308164,Scandix australis subsp. grandiflora (L.) Thell.,SUBSPECIES,Plantae
152544566,https://www.gbif.org/species/1043717,"Cryptolaemus montrouzieri Mulsant, 1853",ACCEPTED,1043717,"Cryptolaemus montrouzieri Mulsant, 1853",SPECIES,Animalia
152544567,https://www.gbif.org/species/3637507,Scandix balansae Reut. ex Boiss.,ACCEPTED,3637507,Scandix balansae Reut. ex Boiss.,SPECIES,Plantae
152544569,https://www.gbif.org/species/3637112,Scandix iberica M.Bieb.,ACCEPTED,3637112,Scandix iberica M.Bieb.,SPECIES,Plantae
152544571,https://www.gbif.org/species/3633319,Tordylium maximum L.,ACCEPTED,3633319,Tordylium maximum L.,SPECIES,Plantae
152544573,https://www.gbif.org/species/3034922,Foeniculum vulgare Mill.,ACCEPTED,3034922,Foeniculum vulgare Mill.,SPECIES,Plantae
152544576,https://www.gbif.org/species/4271356,Heracleum sphondylium subsp. sibiricum (L.) Simonk.,ACCEPTED,4271356,Heracleum sphondylium subsp. sibiricum (L.) Simonk.,SUBSPECIES,Plantae
152544578,https://www.gbif.org/species/4400961,"Badonnelia titei Pearman, 1953",ACCEPTED,4400961,"Badonnelia titei Pearman, 1953",SPECIES,Animalia
152544579,https://www.gbif.org/species/3034825,Heracleum mantegazzianum Sommier & Levier,ACCEPTED,3034825,Heracleum mantegazzianum Sommier & Levier,SPECIES,Plantae
152544582,https://www.gbif.org/species/4987920,"Trichopsocus clarus (Banks, 1908)",ACCEPTED,4987920,"Trichopsocus clarus (Banks, 1908)",SPECIES,Animalia
152544586,https://www.gbif.org/species/3034681,Myrrhis odorata (L.) Scop.,ACCEPTED,3034681,Myrrhis odorata (L.) Scop.,SPECIES,Plantae
152544587,https://www.gbif.org/species/1032377,"Hoplopleura erismata Ferris, 1921",ACCEPTED,1032377,"Hoplopleura erismata Ferris, 1921",SPECIES,Animalia
152544591,https://www.gbif.org/species/1032262,"Enderleinellus kumadai Kaneko, 1954",ACCEPTED,1032262,"Enderleinellus kumadai Kaneko, 1954",SPECIES,Animalia
152544592,https://www.gbif.org/species/3034915,Astrantia major L.,ACCEPTED,3034915,Astrantia major L.,SPECIES,Plantae
152544595,https://www.gbif.org/species/3034871,Coriandrum sativum L.,ACCEPTED,3034871,Coriandrum sativum L.,SPECIES,Plantae
152544597,https://www.gbif.org/species/4401285,"Dorypteryx longipennis Smithers, 1991",ACCEPTED,4401285,"Dorypteryx longipennis Smithers, 1991",SPECIES,Animalia
152544599,https://www.gbif.org/species/1031742,"Dorypteryx domestica (Smithers, 1958)",ACCEPTED,1031742,"Dorypteryx domestica (Smithers, 1958)",SPECIES,Animalia
152544600,https://www.gbif.org/species/1031743,"Dorypteryx pallida Aaron, 1883",ACCEPTED,1031743,"Dorypteryx pallida Aaron, 1883",SPECIES,Animalia
152544601,https://www.gbif.org/species/7318448,Eryngium bourgatii Gouan,ACCEPTED,7318448,Eryngium bourgatii Gouan,SPECIES,Plantae
152544603,https://www.gbif.org/species/1031737,"Psyllipsocus ramburii Selys-Longchamps, 1872",ACCEPTED,1031737,"Psyllipsocus ramburii Selys-Longchamps, 1872",SPECIES,Animalia
152544605,https://www.gbif.org/species/3631129,Eryngium giganteum M.Bieb.,ACCEPTED,3631129,Eryngium giganteum M.Bieb.,SPECIES,Plantae
152544607,https://www.gbif.org/species/1031564,"Psoquilla marginepunctata Hagen, 1865",ACCEPTED,1031564,"Psoquilla marginepunctata Hagen, 1865",SPECIES,Animalia
152544609,https://www.gbif.org/species/3034393,Eryngium planum L.,ACCEPTED,3034393,Eryngium planum L.,SPECIES,Plantae
152544612,https://www.gbif.org/species/1031684,"Lepinotus patruelis Pearman, 1931",ACCEPTED,1031684,"Lepinotus patruelis Pearman, 1931",SPECIES,Animalia
152544613,https://www.gbif.org/species/1031685,"Lepinotus reticulatus Enderlein, 1904",ACCEPTED,1031685,"Lepinotus reticulatus Enderlein, 1904",SPECIES,Animalia
152544614,https://www.gbif.org/species/5831906,Bupleurum gerardi All.,ACCEPTED,5831906,Bupleurum gerardi All.,SPECIES,Plantae
152544616,https://www.gbif.org/species/1031677,"Trogium pulsatorium (Linnaeus, 1758)",ACCEPTED,1031677,"Trogium pulsatorium (Linnaeus, 1758)",SPECIES,Animalia
152544617,https://www.gbif.org/species/6026972,Bupleurum praealtum L.,ACCEPTED,6026972,Bupleurum praealtum L.,SPECIES,Plantae
152544619,https://www.gbif.org/species/3639326,Bupleurum croceum Fenzl,ACCEPTED,3639326,Bupleurum croceum Fenzl,SPECIES,Plantae
152544620,https://www.gbif.org/species/1031680,"Cerobasis annulata (Hagen, 1865)",ACCEPTED,1031680,"Cerobasis annulata (Hagen, 1865)",SPECIES,Animalia
152544622,https://www.gbif.org/species/3638793,Bupleurum fruticosum L.,ACCEPTED,3638793,Bupleurum fruticosum L.,SPECIES,Plantae
152544624,https://www.gbif.org/species/3034552,Bupleurum odontites L.,ACCEPTED,3034552,Bupleurum odontites L.,SPECIES,Plantae
152544625,https://www.gbif.org/species/3034558,Bupleurum subovatum Link ex Spreng.,ACCEPTED,3034558,Bupleurum subovatum Link ex Spreng.,SPECIES,Plantae
152544627,https://www.gbif.org/species/1031512,"Liposcelis brunnea Motschulsky, 1852",ACCEPTED,1031512,"Liposcelis brunnea Motschulsky, 1852",SPECIES,Animalia
152544628,https://www.gbif.org/species/1031520,"Liposcelis bostrychophila Badonnel, 1931",ACCEPTED,1031520,"Liposcelis bostrychophila Badonnel, 1931",SPECIES,Animalia
152544629,https://www.gbif.org/species/3034182,Ammi majus L.,ACCEPTED,3034182,Ammi majus L.,SPECIES,Plantae
152544630,https://www.gbif.org/species/1031524,"Liposcelis paeta Pearman, 1942",ACCEPTED,1031524,"Liposcelis paeta Pearman, 1942",SPECIES,Animalia
152544634,https://www.gbif.org/species/1031394,"Ectopsocus petersi Smithers, 1978",ACCEPTED,1031394,"Ectopsocus petersi Smithers, 1978",SPECIES,Animalia
152544635,https://www.gbif.org/species/3034646,Anethum graveolens L.,ACCEPTED,3034646,Anethum graveolens L.,SPECIES,Plantae
152544636,https://www.gbif.org/species/1031400,"Ectopsocus briggsi McLachlan, 1899",ACCEPTED,1031400,"Ectopsocus briggsi McLachlan, 1899",SPECIES,Animalia
152544639,https://www.gbif.org/species/3642339,Chaerophyllum byzantinum Boiss.,ACCEPTED,3642339,Chaerophyllum byzantinum Boiss.,SPECIES,Plantae
152544642,https://www.gbif.org/species/3642531,Chaerophyllum aureum L.,ACCEPTED,3642531,Chaerophyllum aureum L.,SPECIES,Plantae
152544644,https://www.gbif.org/species/3034653,Chaerophyllum bulbosum L.,ACCEPTED,3034653,Chaerophyllum bulbosum L.,SPECIES,Plantae
152544645,https://www.gbif.org/species/1013526,"Cylindroiulus britannicus (Verhoeff, 1891)",ACCEPTED,1013526,"Cylindroiulus britannicus (Verhoeff, 1891)",SPECIES,Animalia
152544647,https://www.gbif.org/species/7978544,Hydrocotyle ranunculoides L.fil.,ACCEPTED,7978544,Hydrocotyle ranunculoides L.fil.,SPECIES,Plantae
152544652,https://www.gbif.org/species/3034602,Hydrocotyle verticillata Thunb.,ACCEPTED,3034602,Hydrocotyle verticillata Thunb.,SPECIES,Plantae
152544653,https://www.gbif.org/species/1010644,"Hanseniella caldaria (Hansen, 1903)",ACCEPTED,1010644,"Hanseniella caldaria (Hansen, 1903)",SPECIES,Animalia
152544657,https://www.gbif.org/species/3034015,Laurus nobilis L.,ACCEPTED,3034015,Laurus nobilis L.,SPECIES,Plantae
152544659,https://www.gbif.org/species/3034046,Persea americana Mill.,ACCEPTED,3034046,Persea americana Mill.,SPECIES,Plantae
152544663,https://www.gbif.org/species/8060423,Cercidiphyllum japonicum Siebold & Zucc.,ACCEPTED,8060423,Cercidiphyllum japonicum Siebold & Zucc.,SPECIES,Plantae
152544666,https://www.gbif.org/species/5361762,Myriophyllum heterophyllum Michx.,ACCEPTED,5361762,Myriophyllum heterophyllum Michx.,SPECIES,Plantae
152544667,https://www.gbif.org/species/5361785,Myriophyllum aquaticum (Vell.) Verdc.,ACCEPTED,5361785,Myriophyllum aquaticum (Vell.) Verdc.,SPECIES,Plantae
152544670,https://www.gbif.org/species/3152824,Liquidambar styraciflua L.,ACCEPTED,3152824,Liquidambar styraciflua L.,SPECIES,Plantae
152544673,https://www.gbif.org/species/3083486,Paeonia lactiflora Pall.,ACCEPTED,3083486,Paeonia lactiflora Pall.,SPECIES,Plantae
152544674,https://www.gbif.org/species/3083488,Paeonia officinalis L.,ACCEPTED,3083488,Paeonia officinalis L.,SPECIES,Plantae
152544677,https://www.gbif.org/species/5567657,Bergenia schmidtii (Regel) Silva Tar.,SYNONYM,8330218,Bergenia ciliata (Haw.) Sternb.,SPECIES,Plantae
152544679,https://www.gbif.org/species/5567694,Bergenia crassifolia (L.) Fritsch,ACCEPTED,5567694,Bergenia crassifolia (L.) Fritsch,SPECIES,Plantae
152544681,https://www.gbif.org/species/5371610,Tiarella cordifolia L.,ACCEPTED,5371610,Tiarella cordifolia L.,SPECIES,Plantae
152544683,https://www.gbif.org/species/5371605,Tolmiea menziesii (Pursh) Torr. & A.Gray,ACCEPTED,5371605,Tolmiea menziesii (Pursh) Torr. & A.Gray,SPECIES,Plantae
152544685,https://www.gbif.org/species/7339492,Rodgersia aesculifolia Batalin,ACCEPTED,7339492,Rodgersia aesculifolia Batalin,SPECIES,Plantae
152544686,https://www.gbif.org/species/3754587,Rodgersia podophylla A.Gray,ACCEPTED,3754587,Rodgersia podophylla A.Gray,SPECIES,Plantae
152544688,https://www.gbif.org/species/7544073,Saxifraga ×arendsii Engl.,ACCEPTED,7544073,Saxifraga ×arendsii Engl.,SPECIES,Plantae
152544689,https://www.gbif.org/species/8223023,Saxifraga ×geum L.,ACCEPTED,8223023,Saxifraga ×geum L.,SPECIES,Plantae
152544690,https://www.gbif.org/species/7339396,Saxifraga rotundifolia L.,ACCEPTED,7339396,Saxifraga rotundifolia L.,SPECIES,Plantae
152544691,https://www.gbif.org/species/3754353,Saxifraga ×urbium D.A.Webb,ACCEPTED,3754353,Saxifraga ×urbium D.A.Webb,SPECIES,Plantae
152544692,https://www.gbif.org/species/3753098,Saxifraga cymbalaria L.,ACCEPTED,3753098,Saxifraga cymbalaria L.,SPECIES,Plantae
152544694,https://www.gbif.org/species/3032611,Darmera peltata (Torr. ex Benth.) Voss,ACCEPTED,3032611,Darmera peltata (Torr. ex Benth.) Voss,SPECIES,Plantae
152544696,https://www.gbif.org/species/3032698,Tellima grandiflora (Pursh) Douglas ex Lindl.,ACCEPTED,3032698,Tellima grandiflora (Pursh) Douglas ex Lindl.,SPECIES,Plantae
152544698,https://www.gbif.org/species/3032653,Heuchera sanguinea Engelm.,ACCEPTED,3032653,Heuchera sanguinea Engelm.,SPECIES,Plantae
152544699,https://www.gbif.org/species/3032646,Heuchera micrantha Lindl.,DOUBTFUL,3032646,Heuchera micrantha Lindl.,SPECIES,Plantae
152544703,https://www.gbif.org/species/7334263,Crassula decumbens Thunb.,ACCEPTED,7334263,Crassula decumbens Thunb.,SPECIES,Plantae
152544705,https://www.gbif.org/species/7334368,Umbilicus rupestris (Salisb.) Dandy,ACCEPTED,7334368,Umbilicus rupestris (Salisb.) Dandy,SPECIES,Plantae
152544707,https://www.gbif.org/species/5690287,Sedum cepaea L.,ACCEPTED,5690287,Sedum cepaea L.,SPECIES,Plantae
152544708,https://www.gbif.org/species/7172720,Sedum dasyphyllum L.,ACCEPTED,7172720,Sedum dasyphyllum L.,SPECIES,Plantae
152544709,https://www.gbif.org/species/5361982,Sedum hispanicum L.,ACCEPTED,5361982,Sedum hispanicum L.,SPECIES,Plantae
152544710,https://www.gbif.org/species/5362004,Sedum sarmentosum Bunge,ACCEPTED,5362004,Sedum sarmentosum Bunge,SPECIES,Plantae
152544714,https://www.gbif.org/species/4201607,Phedimus spurius (M.Bieb.) 't Hart,ACCEPTED,4201607,Phedimus spurius (M.Bieb.) 't Hart,SPECIES,Plantae
152544717,https://www.gbif.org/species/7334631,Hylotelephium maximum (L.) Holub,ACCEPTED,7334631,Hylotelephium maximum (L.) Holub,SPECIES,Plantae
152544718,https://www.gbif.org/species/2985863,Hylotelephium spectabile (Boreau) H.Ohba,ACCEPTED,2985863,Hylotelephium spectabile (Boreau) H.Ohba,SPECIES,Plantae
152544720,https://www.gbif.org/species/2985944,Kalanchoe blossfeldiana Poelln.,ACCEPTED,2985944,Kalanchoe blossfeldiana Poelln.,SPECIES,Plantae
152544722,https://www.gbif.org/species/8091002,Sempervivum globiferum L.,ACCEPTED,8091002,Sempervivum globiferum L.,SPECIES,Plantae
152544723,https://www.gbif.org/species/7334576,Sempervivum ×barbulatum Schott,ACCEPTED,7334576,Sempervivum ×barbulatum Schott,SPECIES,Plantae
152544724,https://www.gbif.org/species/2985949,Sempervivum tectorum L.,ACCEPTED,2985949,Sempervivum tectorum L.,SPECIES,Plantae
152544727,https://www.gbif.org/species/2986129,Ribes spicatum E.Robson,ACCEPTED,2986129,Ribes spicatum E.Robson,SPECIES,Plantae
152544728,https://www.gbif.org/species/2986132,Ribes divaricatum Douglas,ACCEPTED,2986132,Ribes divaricatum Douglas,SPECIES,Plantae
152544729,https://www.gbif.org/species/2986130,Ribes sanguineum Pursh,ACCEPTED,2986130,Ribes sanguineum Pursh,SPECIES,Plantae
152544730,https://www.gbif.org/species/2986184,Ribes alpinum L.,ACCEPTED,2986184,Ribes alpinum L.,SPECIES,Plantae
152544734,https://www.gbif.org/species/2984676,Pachysandra terminalis Siebold & Zucc.,ACCEPTED,2984676,Pachysandra terminalis Siebold & Zucc.,SPECIES,Plantae
152544738,https://www.gbif.org/species/5361880,Cannabis sativa L.,ACCEPTED,5361880,Cannabis sativa L.,SPECIES,Plantae
152544741,https://www.gbif.org/species/5361888,Morus nigra L.,ACCEPTED,5361888,Morus nigra L.,SPECIES,Plantae
152544742,https://www.gbif.org/species/5361889,Morus alba L.,ACCEPTED,5361889,Morus alba L.,SPECIES,Plantae
152544744,https://www.gbif.org/species/5361909,Ficus carica L.,ACCEPTED,5361909,Ficus carica L.,SPECIES,Plantae
152544746,https://www.gbif.org/species/5361944,Broussonetia papyrifera (L.) L'Hér. ex Vent.,ACCEPTED,5361944,Broussonetia papyrifera (L.) L'Hér. ex Vent.,SPECIES,Plantae
152544749,https://www.gbif.org/species/4048052,Hippophae rhamnoides subsp. caucasica Rousi,ACCEPTED,4048052,Hippophae rhamnoides subsp. caucasica Rousi,SUBSPECIES,Plantae
152544751,https://www.gbif.org/species/7293094,Elaeagnus macrophylla Thunb.,ACCEPTED,7293094,Elaeagnus macrophylla Thunb.,SPECIES,Plantae
152544752,https://www.gbif.org/species/4048240,Elaeagnus ×submacrophylla Servett.,ACCEPTED,4048240,Elaeagnus ×submacrophylla Servett.,SPECIES,Plantae
152544753,https://www.gbif.org/species/3039272,Elaeagnus multiflora Thunb.,ACCEPTED,3039272,Elaeagnus multiflora Thunb.,SPECIES,Plantae
152544754,https://www.gbif.org/species/3039269,Elaeagnus angustifolia L.,ACCEPTED,3039269,Elaeagnus angustifolia L.,SPECIES,Plantae
152544757,https://www.gbif.org/species/5372457,Paliurus spina-christi Mill.,ACCEPTED,5372457,Paliurus spina-christi Mill.,SPECIES,Plantae
152544759,https://www.gbif.org/species/3875113,Ceanothus ×delilianus Spach,DOUBTFUL,3875113,Ceanothus ×delilianus Spach,SPECIES,Plantae
152544761,https://www.gbif.org/species/3039418,Ziziphus lotus (L.) Lam.,ACCEPTED,3039418,Ziziphus lotus (L.) Lam.,SPECIES,Plantae
152544764,https://www.gbif.org/species/2984532,Zelkova serrata (Thunb.) Makino,ACCEPTED,2984532,Zelkova serrata (Thunb.) Makino,SPECIES,Plantae
152544767,https://www.gbif.org/species/7437751,Urtica membranacea Poir. ex Savigny,DOUBTFUL,7437751,Urtica membranacea Poir. ex Savigny,SPECIES,Plantae
152544768,https://www.gbif.org/species/7602322,Urtica incisa Poir.,ACCEPTED,7602322,Urtica incisa Poir.,SPECIES,Plantae
152544769,https://www.gbif.org/species/5670646,Urtica pilulifera L.,ACCEPTED,5670646,Urtica pilulifera L.,SPECIES,Plantae
152544771,https://www.gbif.org/species/7300922,Pilea hyalina Fenzl,ACCEPTED,7300922,Pilea hyalina Fenzl,SPECIES,Plantae
152544772,https://www.gbif.org/species/5669632,Pilea peperomioides Diels,ACCEPTED,5669632,Pilea peperomioides Diels,SPECIES,Plantae
152544773,https://www.gbif.org/species/5361841,Pilea microphylla (L.) Liebm.,ACCEPTED,5361841,Pilea microphylla (L.) Liebm.,SPECIES,Plantae
152544775,https://www.gbif.org/species/2984466,Laportea aestuans (L.) Chew,ACCEPTED,2984466,Laportea aestuans (L.) Chew,SPECIES,Plantae
152544777,https://www.gbif.org/species/2984366,Soleirolia soleirolii (Req.) Dandy,ACCEPTED,2984366,Soleirolia soleirolii (Req.) Dandy,SPECIES,Plantae
152544780,https://www.gbif.org/species/3021922,Prunus cerasus L.,ACCEPTED,3021922,Prunus cerasus L.,SPECIES,Plantae
152544784,https://www.gbif.org/species/7272312,Filipendula camtschatica (Pall.) Maxim.,ACCEPTED,7272312,Filipendula camtschatica (Pall.) Maxim.,SPECIES,Plantae
152544786,https://www.gbif.org/species/7271631,Pyrus communis subsp. communis,ACCEPTED,7271631,Pyrus communis subsp. communis,SUBSPECIES,Plantae
152544788,https://www.gbif.org/species/5362136,Aruncus dioicus (Walter) Fernald,ACCEPTED,5362136,Aruncus dioicus (Walter) Fernald,SPECIES,Plantae
152544790,https://www.gbif.org/species/5362215,Cydonia oblonga Mill.,ACCEPTED,5362215,Cydonia oblonga Mill.,SPECIES,Plantae
152544792,https://www.gbif.org/species/5363627,Aronia melanocarpa (Michx.) Elliott,ACCEPTED,5363627,Aronia melanocarpa (Michx.) Elliott,SPECIES,Plantae
152544794,https://www.gbif.org/species/5370380,Dasiphora fruticosa (L.) Rydb.,ACCEPTED,5370380,Dasiphora fruticosa (L.) Rydb.,SPECIES,Plantae
152544796,https://www.gbif.org/species/5370006,Geum ternatum (Stephan) Smedmark,ACCEPTED,5370006,Geum ternatum (Stephan) Smedmark,SPECIES,Plantae
152544797,https://www.gbif.org/species/5370043,Geum quellyon Sweet,ACCEPTED,5370043,Geum quellyon Sweet,SPECIES,Plantae
152544798,https://www.gbif.org/species/5369784,Geum macrophyllum Willd.,ACCEPTED,5369784,Geum macrophyllum Willd.,SPECIES,Plantae
152544800,https://www.gbif.org/species/8045533,Potentilla supina subsp. costata Soják,ACCEPTED,8045533,Potentilla supina subsp. costata Soják,SUBSPECIES,Plantae
152544802,https://www.gbif.org/species/8358048,Potentilla recta subsp. obscura (Willd.) Arcang.,ACCEPTED,8358048,Potentilla recta subsp. obscura (Willd.) Arcang.,SUBSPECIES,Plantae
152544803,https://www.gbif.org/species/7272439,Potentilla recta subsp. recta,ACCEPTED,7272439,Potentilla recta subsp. recta,SUBSPECIES,Plantae
152544804,https://www.gbif.org/species/5367186,Potentilla rivalis Nutt. ex Torr. & A.Gray,ACCEPTED,5367186,Potentilla rivalis Nutt. ex Torr. & A.Gray,SPECIES,Plantae
152544805,https://www.gbif.org/species/5367214,Potentilla nepalensis Hook.,ACCEPTED,5367214,Potentilla nepalensis Hook.,SPECIES,Plantae
152544806,https://www.gbif.org/species/5365888,Potentilla inclinata Vill.,ACCEPTED,5365888,Potentilla inclinata Vill.,SPECIES,Plantae
152544807,https://www.gbif.org/species/5366327,Potentilla montana Brot.,ACCEPTED,5366327,Potentilla montana Brot.,SPECIES,Plantae
152544808,https://www.gbif.org/species/5365305,Potentilla norvegica L.,ACCEPTED,5365305,Potentilla norvegica L.,SPECIES,Plantae
152544809,https://www.gbif.org/species/5365705,Potentilla intermedia L.,ACCEPTED,5365705,Potentilla intermedia L.,SPECIES,Plantae
152544813,https://www.gbif.org/species/5371450,Kerria japonica (L.) DC.,ACCEPTED,5371450,Kerria japonica (L.) DC.,SPECIES,Plantae
152544815,https://www.gbif.org/species/3024109,Amelanchier ×lamarckii F.G.Schroed.,ACCEPTED,3024109,Amelanchier ×lamarckii F.G.Schroed.,SPECIES,Plantae
152544821,https://www.gbif.org/species/3025858,Cotoneaster ambiguus Rehder & E.H.Wilson,ACCEPTED,3025858,Cotoneaster ambiguus Rehder & E.H.Wilson,SPECIES,Plantae
152544822,https://www.gbif.org/species/3025731,Cotoneaster moupinensis Franch.,ACCEPTED,3025731,Cotoneaster moupinensis Franch.,SPECIES,Plantae
152544824,https://www.gbif.org/species/3025907,Cotoneaster qungbixiensis J.Fryer & B.Hylmö,ACCEPTED,3025907,Cotoneaster qungbixiensis J.Fryer & B.Hylmö,SPECIES,Plantae
152544826,https://www.gbif.org/species/3025875,Cotoneaster conspicuus Comber ex Marquand,ACCEPTED,3025875,Cotoneaster conspicuus Comber ex Marquand,SPECIES,Plantae
152544827,https://www.gbif.org/species/3025896,Cotoneaster dielsianus E.Pritz.,ACCEPTED,3025896,Cotoneaster dielsianus E.Pritz.,SPECIES,Plantae
152544828,https://www.gbif.org/species/3025989,Cotoneaster ganghobaensis J.Fryer & B.Hylmö,ACCEPTED,3025989,Cotoneaster ganghobaensis J.Fryer & B.Hylmö,SPECIES,Plantae
152544829,https://www.gbif.org/species/3026004,Cotoneaster ×watereri Exell,ACCEPTED,3026004,Cotoneaster ×watereri Exell,SPECIES,Plantae
152544832,https://www.gbif.org/species/3026049,Cotoneaster dammeri C.K.Schneid.,ACCEPTED,3026049,Cotoneaster dammeri C.K.Schneid.,SPECIES,Plantae
152544833,https://www.gbif.org/species/3026074,Cotoneaster salicifolius Franch.,ACCEPTED,3026074,Cotoneaster salicifolius Franch.,SPECIES,Plantae
152544834,https://www.gbif.org/species/3026024,Cotoneaster ascendens Flinck & B.Hylmö,ACCEPTED,3026024,Cotoneaster ascendens Flinck & B.Hylmö,SPECIES,Plantae
152544835,https://www.gbif.org/species/3026040,Cotoneaster ×suecicus G.Klotz,ACCEPTED,3026040,Cotoneaster ×suecicus G.Klotz,SPECIES,Plantae
152544836,https://www.gbif.org/species/3025617,Cotoneaster horizontalis Decne.,ACCEPTED,3025617,Cotoneaster horizontalis Decne.,SPECIES,Plantae
152544837,https://www.gbif.org/species/3025605,Cotoneaster zabelii C.K.Schneid.,ACCEPTED,3025605,Cotoneaster zabelii C.K.Schneid.,SPECIES,Plantae
152544839,https://www.gbif.org/species/3026105,Cotoneaster integrifolius (Roxb.) G.Klotz,ACCEPTED,3026105,Cotoneaster integrifolius (Roxb.) G.Klotz,SPECIES,Plantae
152544840,https://www.gbif.org/species/3026092,Cotoneaster hjelmqvistii Flinck & B.Hylmö,ACCEPTED,3026092,Cotoneaster hjelmqvistii Flinck & B.Hylmö,SPECIES,Plantae
152544842,https://www.gbif.org/species/3026107,Cotoneaster simonsii Baker,ACCEPTED,3026107,Cotoneaster simonsii Baker,SPECIES,Plantae
152544843,https://www.gbif.org/species/3026162,Cotoneaster franchetii Boiss.,ACCEPTED,3026162,Cotoneaster franchetii Boiss.,SPECIES,Plantae
152544847,https://www.gbif.org/species/3026334,Cotoneaster divaricatus Rehder & E.H.Wilson,ACCEPTED,3026334,Cotoneaster divaricatus Rehder & E.H.Wilson,SPECIES,Plantae
152544848,https://www.gbif.org/species/3026294,Cotoneaster bullatus Bois ex Bilm. & Bois,ACCEPTED,3026294,Cotoneaster bullatus Bois ex Bilm. & Bois,SPECIES,Plantae
152544850,https://www.gbif.org/species/3027791,Alchemilla micans Buser,ACCEPTED,3027791,Alchemilla micans Buser,SPECIES,Plantae
152544851,https://www.gbif.org/species/3028431,Alchemilla conjuncta Bab.,ACCEPTED,3028431,Alchemilla conjuncta Bab.,SPECIES,Plantae
152544852,https://www.gbif.org/species/3028528,Alchemilla mollis (Buser) Rothm.,ACCEPTED,3028528,Alchemilla mollis (Buser) Rothm.,SPECIES,Plantae
152544853,https://www.gbif.org/species/3028586,Alchemilla tytthantha Juz.,ACCEPTED,3028586,Alchemilla tytthantha Juz.,SPECIES,Plantae
152544855,https://www.gbif.org/species/3029912,Fragaria ×ananassa (Weston) Rozier,ACCEPTED,3029912,Fragaria ×ananassa (Weston) Rozier,SPECIES,Plantae
152544857,https://www.gbif.org/species/3031774,Mespilus germanica L.,ACCEPTED,3031774,Mespilus germanica L.,SPECIES,Plantae
152544859,https://www.gbif.org/species/3032442,Rhodotypos scandens (Thunb.) Makino,ACCEPTED,3032442,Rhodotypos scandens (Thunb.) Makino,SPECIES,Plantae
152544861,https://www.gbif.org/species/7889822,Spiraea ×billardii Hérincq,ACCEPTED,7889822,Spiraea ×billardii Hérincq,SPECIES,Plantae
152544862,https://www.gbif.org/species/8170635,Spiraea japonica L.fil.,ACCEPTED,8170635,Spiraea japonica L.fil.,SPECIES,Plantae
152544863,https://www.gbif.org/species/3027332,Spiraea ×rosalba Dippel,ACCEPTED,3027332,Spiraea ×rosalba Dippel,SPECIES,Plantae
152544864,https://www.gbif.org/species/3027341,Spiraea nipponica Maxim.,ACCEPTED,3027341,Spiraea nipponica Maxim.,SPECIES,Plantae
152544865,https://www.gbif.org/species/3027355,Spiraea ×macrothyrsa (Zabel) Dippel,ACCEPTED,3027355,Spiraea ×macrothyrsa (Zabel) Dippel,SPECIES,Plantae
152544866,https://www.gbif.org/species/3026431,Spiraea hypericifolia L.,ACCEPTED,3026431,Spiraea hypericifolia L.,SPECIES,Plantae
152544867,https://www.gbif.org/species/3026819,Spiraea tomentosa L.,ACCEPTED,3026819,Spiraea tomentosa L.,SPECIES,Plantae
152544868,https://www.gbif.org/species/3026585,Spiraea alba Du Roi,ACCEPTED,3026585,Spiraea alba Du Roi,SPECIES,Plantae
152544869,https://www.gbif.org/species/3027159,Spiraea douglasii Hook.,ACCEPTED,3027159,Spiraea douglasii Hook.,SPECIES,Plantae
152544870,https://www.gbif.org/species/3027138,Spiraea canescens D.Don,ACCEPTED,3027138,Spiraea canescens D.Don,SPECIES,Plantae
152544872,https://www.gbif.org/species/3001978,Agrimonia repens L.,ACCEPTED,3001978,Agrimonia repens L.,SPECIES,Plantae
152544875,https://www.gbif.org/species/7501634,Rosa multiflora Murray,DOUBTFUL,7501634,Rosa multiflora Murray,SPECIES,Plantae
152544876,https://www.gbif.org/species/3002263,Rosa majalis Herrm.,ACCEPTED,3002263,Rosa majalis Herrm.,SPECIES,Plantae
152544877,https://www.gbif.org/species/3002372,Rosa blanda Aiton,ACCEPTED,3002372,Rosa blanda Aiton,SPECIES,Plantae
152544878,https://www.gbif.org/species/3011247,Rosa nitida Willd.,ACCEPTED,3011247,Rosa nitida Willd.,SPECIES,Plantae
152544879,https://www.gbif.org/species/3006974,Rosa pendulina L.,ACCEPTED,3006974,Rosa pendulina L.,SPECIES,Plantae
152544880,https://www.gbif.org/species/3003979,Rosa rugosa Thunb.,ACCEPTED,3003979,Rosa rugosa Thunb.,SPECIES,Plantae
152544881,https://www.gbif.org/species/3003709,Rosa glauca Pourr.,ACCEPTED,3003709,Rosa glauca Pourr.,SPECIES,Plantae
152544883,https://www.gbif.org/species/3000406,Stranvaesia davidiana Decne.,ACCEPTED,3000406,Stranvaesia davidiana Decne.,SPECIES,Plantae
152544886,https://www.gbif.org/species/3001270,Malus ×purpurea (A.Barbier) Rehder,ACCEPTED,3001270,Malus ×purpurea (A.Barbier) Rehder,SPECIES,Plantae
152544889,https://www.gbif.org/species/3000610,Chaenomeles japonica (Thunb.) Lindl. ex Spach,ACCEPTED,3000610,Chaenomeles japonica (Thunb.) Lindl. ex Spach,SPECIES,Plantae
152544896,https://www.gbif.org/species/7818643,Prunus armeniaca L.,ACCEPTED,7818643,Prunus armeniaca L.,SPECIES,Plantae
152544898,https://www.gbif.org/species/6369140,Prunus domestica subsp. domestica,ACCEPTED,6369140,Prunus domestica subsp. domestica,SUBSPECIES,Plantae
152544899,https://www.gbif.org/species/3021850,Prunus serotina Ehrh.,ACCEPTED,3021850,Prunus serotina Ehrh.,SPECIES,Plantae
152544900,https://www.gbif.org/species/3022668,Prunus virginiana L.,ACCEPTED,3022668,Prunus virginiana L.,SPECIES,Plantae
152544901,https://www.gbif.org/species/3021730,Prunus cerasifera Ehrh.,ACCEPTED,3021730,Prunus cerasifera Ehrh.,SPECIES,Plantae
152544902,https://www.gbif.org/species/3021496,Prunus laurocerasus L.,ACCEPTED,3021496,Prunus laurocerasus L.,SPECIES,Plantae
152544903,https://www.gbif.org/species/3020871,Prunus lusitanica L.,ACCEPTED,3020871,Prunus lusitanica L.,SPECIES,Plantae
152544904,https://www.gbif.org/species/3022203,Prunus ×fruticans Weihe,ACCEPTED,3022203,Prunus ×fruticans Weihe,SPECIES,Plantae
152544907,https://www.gbif.org/species/3015457,Crataegus persimilis Sarg.,ACCEPTED,3015457,Crataegus persimilis Sarg.,SPECIES,Plantae
152544909,https://www.gbif.org/species/3012117,Sorbaria tomentosa (Lindl.) Rehder,ACCEPTED,3012117,Sorbaria tomentosa (Lindl.) Rehder,SPECIES,Plantae
152544910,https://www.gbif.org/species/3012103,Sorbaria kirilowii (Regel) Maxim.,ACCEPTED,3012103,Sorbaria kirilowii (Regel) Maxim.,SPECIES,Plantae
152544911,https://www.gbif.org/species/3012089,Sorbaria sorbifolia (L.) A.Braun,ACCEPTED,3012089,Sorbaria sorbifolia (L.) A.Braun,SPECIES,Plantae
152544913,https://www.gbif.org/species/2988354,Physocarpus opulifolius (L.) Maxim.,ACCEPTED,2988354,Physocarpus opulifolius (L.) Maxim.,SPECIES,Plantae
152544915,https://www.gbif.org/species/2996525,Rubus armeniacus Focke,ACCEPTED,2996525,Rubus armeniacus Focke,SPECIES,Plantae
152544916,https://www.gbif.org/species/2994912,Rubus odoratus L.,ACCEPTED,2994912,Rubus odoratus L.,SPECIES,Plantae
152544917,https://www.gbif.org/species/2995149,Rubus phoenicolasius Maxim.,ACCEPTED,2995149,Rubus phoenicolasius Maxim.,SPECIES,Plantae
152544918,https://www.gbif.org/species/2989222,Rubus tricolor Focke,ACCEPTED,2989222,Rubus tricolor Focke,SPECIES,Plantae
152544919,https://www.gbif.org/species/2992543,Rubus laciniatus Willd.,ACCEPTED,2992543,Rubus laciniatus Willd.,SPECIES,Plantae
152544921,https://www.gbif.org/species/2994120,Rubus cockburnianus Hemsl.,ACCEPTED,2994120,Rubus cockburnianus Hemsl.,SPECIES,Plantae
152544922,https://www.gbif.org/species/2993761,Rubus spectabilis Pursh,ACCEPTED,2993761,Rubus spectabilis Pursh,SPECIES,Plantae
152544924,https://www.gbif.org/species/3853033,Neillia incisa (Thunb.) S.H.Oh,ACCEPTED,3853033,Neillia incisa (Thunb.) S.H.Oh,SPECIES,Plantae
152544925,https://www.gbif.org/species/2987948,Neillia tanakae Franch. & Sav.,ACCEPTED,2987948,Neillia tanakae Franch. & Sav.,SPECIES,Plantae
152544931,https://www.gbif.org/species/5646410,Blumenbachia hieronymi Urb.,ACCEPTED,5646410,Blumenbachia hieronymi Urb.,SPECIES,Plantae
152544934,https://www.gbif.org/species/8421432,Cornus sanguinea subsp. hungarica (Kárpáti) Soó,ACCEPTED,8421432,Cornus sanguinea subsp. hungarica (Kárpáti) Soó,SUBSPECIES,Plantae
152544935,https://www.gbif.org/species/3663237,Cornus sanguinea subsp. australis (C.A.Mey.) Jáv.,ACCEPTED,3663237,Cornus sanguinea subsp. australis (C.A.Mey.) Jáv.,SUBSPECIES,Plantae
152544936,https://www.gbif.org/species/3082244,Cornus sericea L.,ACCEPTED,3082244,Cornus sericea L.,SPECIES,Plantae
152544939,https://www.gbif.org/species/2985994,Hydrangea macrophylla (Thunb.) Ser.,ACCEPTED,2985994,Hydrangea macrophylla (Thunb.) Ser.,SPECIES,Plantae
152544940,https://www.gbif.org/species/2985995,Hydrangea paniculata Siebold,ACCEPTED,2985995,Hydrangea paniculata Siebold,SPECIES,Plantae
152544942,https://www.gbif.org/species/3645346,Philadelphus ×virginalis Rehder,ACCEPTED,3645346,Philadelphus ×virginalis Rehder,SPECIES,Plantae
152544943,https://www.gbif.org/species/2986022,Philadelphus pubescens Loisel.,ACCEPTED,2986022,Philadelphus pubescens Loisel.,SPECIES,Plantae
152544944,https://www.gbif.org/species/2986045,Philadelphus coronarius L.,ACCEPTED,2986045,Philadelphus coronarius L.,SPECIES,Plantae
152544946,https://www.gbif.org/species/2985965,Deutzia scabra Thunb.,ACCEPTED,2985965,Deutzia scabra Thunb.,SPECIES,Plantae
152544950,https://www.gbif.org/species/2929710,Solanum chenopodioides Lam.,ACCEPTED,2929710,Solanum chenopodioides Lam.,SPECIES,Plantae
152544953,https://www.gbif.org/species/8969026,Physalis philadelphica Lam.,ACCEPTED,8969026,Physalis philadelphica Lam.,SPECIES,Plantae
152544954,https://www.gbif.org/species/5341768,Physalis cinerascens (Dunal) Hitchc.,ACCEPTED,5341768,Physalis cinerascens (Dunal) Hitchc.,SPECIES,Plantae
152544955,https://www.gbif.org/species/5341819,Physalis pubescens L.,ACCEPTED,5341819,Physalis pubescens L.,SPECIES,Plantae
152544956,https://www.gbif.org/species/5341784,Physalis peruviana L.,ACCEPTED,5341784,Physalis peruviana L.,SPECIES,Plantae
152544958,https://www.gbif.org/species/5341754,Nicandra physalodes (L.) Gaertn.,ACCEPTED,5341754,Nicandra physalodes (L.) Gaertn.,SPECIES,Plantae
152544961,https://www.gbif.org/species/3798835,Nicotiana velutina H.-M.Wheeler,ACCEPTED,3798835,Nicotiana velutina H.-M.Wheeler,SPECIES,Plantae
152544962,https://www.gbif.org/species/2928783,Nicotiana glauca Graham,ACCEPTED,2928783,Nicotiana glauca Graham,SPECIES,Plantae
152544963,https://www.gbif.org/species/2928775,Nicotiana rustica L.,ACCEPTED,2928775,Nicotiana rustica L.,SPECIES,Plantae
152544964,https://www.gbif.org/species/2928779,Nicotiana forgetiana Hemsl.,DOUBTFUL,2928779,Nicotiana forgetiana Hemsl.,SPECIES,Plantae
152544965,https://www.gbif.org/species/2928767,Nicotiana sylvestris Speg.,ACCEPTED,2928767,Nicotiana sylvestris Speg.,SPECIES,Plantae
152544966,https://www.gbif.org/species/2928774,Nicotiana tabacum L.,ACCEPTED,2928774,Nicotiana tabacum L.,SPECIES,Plantae
152544967,https://www.gbif.org/species/2928761,Nicotiana alata Link & Otto,ACCEPTED,2928761,Nicotiana alata Link & Otto,SPECIES,Plantae
152544968,https://www.gbif.org/species/2928766,Nicotiana longiflora Cav.,ACCEPTED,2928766,Nicotiana longiflora Cav.,SPECIES,Plantae
152544970,https://www.gbif.org/species/7894250,Datura ferox L.,ACCEPTED,7894250,Datura ferox L.,SPECIES,Plantae
152544971,https://www.gbif.org/species/2928755,Datura innoxia Mill.,ACCEPTED,2928755,Datura innoxia Mill.,SPECIES,Plantae
152544972,https://www.gbif.org/species/2928751,Datura stramonium L.,ACCEPTED,2928751,Datura stramonium L.,SPECIES,Plantae
152544974,https://www.gbif.org/species/2928835,Lycium barbarum L.,ACCEPTED,2928835,Lycium barbarum L.,SPECIES,Plantae
152544975,https://www.gbif.org/species/2928809,Lycium chinense Mill.,ACCEPTED,2928809,Lycium chinense Mill.,SPECIES,Plantae
152544978,https://www.gbif.org/species/2928861,Petunia integrifolia (Hook.) Schinz & Thell.,ACCEPTED,2928861,Petunia integrifolia (Hook.) Schinz & Thell.,SPECIES,Plantae
152544980,https://www.gbif.org/species/2928979,Hyoscyamus albus L.,ACCEPTED,2928979,Hyoscyamus albus L.,SPECIES,Plantae
152544984,https://www.gbif.org/species/3802956,Solanum villosum subsp. villosum,ACCEPTED,3802956,Solanum villosum subsp. villosum,SUBSPECIES,Plantae
152544986,https://www.gbif.org/species/2929892,Solanum elaeagnifolium Cav.,ACCEPTED,2929892,Solanum elaeagnifolium Cav.,SPECIES,Plantae
152544987,https://www.gbif.org/species/2930262,Solanum tuberosum L.,ACCEPTED,2930262,Solanum tuberosum L.,SPECIES,Plantae
152544988,https://www.gbif.org/species/2930137,Solanum lycopersicum L.,ACCEPTED,2930137,Solanum lycopersicum L.,SPECIES,Plantae
152544989,https://www.gbif.org/species/2931104,Solanum pseudocapsicum L.,ACCEPTED,2931104,Solanum pseudocapsicum L.,SPECIES,Plantae
152544990,https://www.gbif.org/species/2930805,Solanum sarrachoides Sendtn.,ACCEPTED,2930805,Solanum sarrachoides Sendtn.,SPECIES,Plantae
152544991,https://www.gbif.org/species/2932011,Solanum carolinense L.,ACCEPTED,2932011,Solanum carolinense L.,SPECIES,Plantae
152544992,https://www.gbif.org/species/2931914,Solanum viarum Dunal,ACCEPTED,2931914,Solanum viarum Dunal,SPECIES,Plantae
152544994,https://www.gbif.org/species/2932184,Solanum sisymbriifolium Lam.,ACCEPTED,2932184,Solanum sisymbriifolium Lam.,SPECIES,Plantae
152544995,https://www.gbif.org/species/2932501,Solanum pygmaeum Cav.,ACCEPTED,2932501,Solanum pygmaeum Cav.,SPECIES,Plantae
152544997,https://www.gbif.org/species/2932905,Salpiglossis sinuata Ruiz & Pav.,ACCEPTED,2932905,Salpiglossis sinuata Ruiz & Pav.,SPECIES,Plantae
152544999,https://www.gbif.org/species/2932944,Capsicum annuum L.,ACCEPTED,2932944,Capsicum annuum L.,SPECIES,Plantae
152545002,https://www.gbif.org/species/7427650,Convolvulus tricolor subsp. cupanianus (Tod.) Cavara & Grande,ACCEPTED,7427650,Convolvulus tricolor subsp. cupanianus (Tod.) Cavara & Grande,SUBSPECIES,Plantae
152545003,https://www.gbif.org/species/7323906,Convolvulus tricolor subsp. tricolor,ACCEPTED,7323906,Convolvulus tricolor subsp. tricolor,SUBSPECIES,Plantae
152545005,https://www.gbif.org/species/3678949,Calystegia ×pulchra Brumm. & Heywood,ACCEPTED,3678949,Calystegia ×pulchra Brumm. & Heywood,SPECIES,Plantae
152545008,https://www.gbif.org/species/2928624,Ipomoea hederifolia L.,ACCEPTED,2928624,Ipomoea hederifolia L.,SPECIES,Plantae
152545010,https://www.gbif.org/species/2928589,Ipomoea tricolor Cav.,ACCEPTED,2928589,Ipomoea tricolor Cav.,SPECIES,Plantae
152545011,https://www.gbif.org/species/2928583,Ipomoea ×leucantha Jacq.,ACCEPTED,2928583,Ipomoea ×leucantha Jacq.,SPECIES,Plantae
152545012,https://www.gbif.org/species/2928576,Ipomoea purpurea (L.) Roth,ACCEPTED,2928576,Ipomoea purpurea (L.) Roth,SPECIES,Plantae
152545013,https://www.gbif.org/species/2928538,Ipomoea hederacea Jacq.,ACCEPTED,2928538,Ipomoea hederacea Jacq.,SPECIES,Plantae
152545015,https://www.gbif.org/species/2928668,Dichondra argentea Humb. & Bonpl. ex Willd.,ACCEPTED,2928668,Dichondra argentea Humb. & Bonpl. ex Willd.,SPECIES,Plantae
152545016,https://www.gbif.org/species/2928666,Dichondra micrantha Urb.,ACCEPTED,2928666,Dichondra micrantha Urb.,SPECIES,Plantae
152545019,https://www.gbif.org/species/3678256,Cuscuta lupuliformis Krock.,ACCEPTED,3678256,Cuscuta lupuliformis Krock.,SPECIES,Plantae
152545020,https://www.gbif.org/species/2927484,Cuscuta suaveolens Ser.,ACCEPTED,2927484,Cuscuta suaveolens Ser.,SPECIES,Plantae
152545021,https://www.gbif.org/species/2927522,Cuscuta planiflora Ten.,ACCEPTED,2927522,Cuscuta planiflora Ten.,SPECIES,Plantae
152545022,https://www.gbif.org/species/2927530,Cuscuta epilinum Weihe,ACCEPTED,2927530,Cuscuta epilinum Weihe,SPECIES,Plantae
152545026,https://www.gbif.org/species/5356345,Laburnum anagyroides Medik.,ACCEPTED,5356345,Laburnum anagyroides Medik.,SPECIES,Plantae
152545028,https://www.gbif.org/species/5356429,Lathyrus angulatus L.,ACCEPTED,5356429,Lathyrus angulatus L.,SPECIES,Plantae
152545029,https://www.gbif.org/species/5356407,Lathyrus clymenum L.,ACCEPTED,5356407,Lathyrus clymenum L.,SPECIES,Plantae
152545030,https://www.gbif.org/species/5356441,Lathyrus ochrus (L.) DC.,ACCEPTED,5356441,Lathyrus ochrus (L.) DC.,SPECIES,Plantae
152545031,https://www.gbif.org/species/5356361,Lathyrus annuus L.,ACCEPTED,5356361,Lathyrus annuus L.,SPECIES,Plantae
152545032,https://www.gbif.org/species/5356662,Lathyrus niger (L.) Bernh.,ACCEPTED,5356662,Lathyrus niger (L.) Bernh.,SPECIES,Plantae
152545033,https://www.gbif.org/species/5356614,Lathyrus inconspicuus L.,ACCEPTED,5356614,Lathyrus inconspicuus L.,SPECIES,Plantae
152545034,https://www.gbif.org/species/5356704,Lathyrus vernus (L.) Bernh.,ACCEPTED,5356704,Lathyrus vernus (L.) Bernh.,SPECIES,Plantae
152545035,https://www.gbif.org/species/5356680,Lathyrus sphaericus Retz.,ACCEPTED,5356680,Lathyrus sphaericus Retz.,SPECIES,Plantae
152545036,https://www.gbif.org/species/5356514,Lathyrus odoratus L.,ACCEPTED,5356514,Lathyrus odoratus L.,SPECIES,Plantae
152545037,https://www.gbif.org/species/5356488,Lathyrus sativus L.,ACCEPTED,5356488,Lathyrus sativus L.,SPECIES,Plantae
152545038,https://www.gbif.org/species/5356541,Lathyrus heterophyllus L.,ACCEPTED,5356541,Lathyrus heterophyllus L.,SPECIES,Plantae
152545039,https://www.gbif.org/species/5356517,Lathyrus latifolius L.,ACCEPTED,5356517,Lathyrus latifolius L.,SPECIES,Plantae
152545041,https://www.gbif.org/species/5357407,Amorpha fruticosa L.,ACCEPTED,5357407,Amorpha fruticosa L.,SPECIES,Plantae
152545043,https://www.gbif.org/species/5358265,Ornithopus compressus L.,ACCEPTED,5358265,Ornithopus compressus L.,SPECIES,Plantae
152545044,https://www.gbif.org/species/5358266,Ornithopus sativus Brot.,ACCEPTED,5358266,Ornithopus sativus Brot.,SPECIES,Plantae
152545046,https://www.gbif.org/species/5356973,Lotus maritimus L.,ACCEPTED,5356973,Lotus maritimus L.,SPECIES,Plantae
152545047,https://www.gbif.org/species/5356862,Lotus tetragonolobus L.,ACCEPTED,5356862,Lotus tetragonolobus L.,SPECIES,Plantae
152545048,https://www.gbif.org/species/5356931,Lotus angustissimus L.,ACCEPTED,5356931,Lotus angustissimus L.,SPECIES,Plantae
152545049,https://www.gbif.org/species/5356971,Lotus conimbricensis Brot.,ACCEPTED,5356971,Lotus conimbricensis Brot.,SPECIES,Plantae
152545051,https://www.gbif.org/species/7600608,Trifolium sylvaticum Gérard ex Loisel.,DOUBTFUL,7600608,Trifolium sylvaticum Gérard ex Loisel.,SPECIES,Plantae
152545052,https://www.gbif.org/species/7224427,Trifolium hybridum subsp. hybridum,ACCEPTED,7224427,Trifolium hybridum subsp. hybridum,SUBSPECIES,Plantae
152545053,https://www.gbif.org/species/5358694,Trifolium glomeratum L.,ACCEPTED,5358694,Trifolium glomeratum L.,SPECIES,Plantae
152545054,https://www.gbif.org/species/5358774,Trifolium nigrescens Viv.,ACCEPTED,5358774,Trifolium nigrescens Viv.,SPECIES,Plantae
152545055,https://www.gbif.org/species/5358906,Trifolium constantinopolitanum Ser.,ACCEPTED,5358906,Trifolium constantinopolitanum Ser.,SPECIES,Plantae
152545056,https://www.gbif.org/species/5359037,Trifolium stellatum L.,ACCEPTED,5359037,Trifolium stellatum L.,SPECIES,Plantae
152545057,https://www.gbif.org/species/5358913,Trifolium lappaceum L.,ACCEPTED,5358913,Trifolium lappaceum L.,SPECIES,Plantae
152545058,https://www.gbif.org/species/5358912,Trifolium diffusum Ehrh.,ACCEPTED,5358912,Trifolium diffusum Ehrh.,SPECIES,Plantae
152545059,https://www.gbif.org/species/5358907,Trifolium alexandrinum L.,ACCEPTED,5358907,Trifolium alexandrinum L.,SPECIES,Plantae
152545060,https://www.gbif.org/species/5359118,Trifolium retusum L.,ACCEPTED,5359118,Trifolium retusum L.,SPECIES,Plantae
152545061,https://www.gbif.org/species/5359109,Trifolium squarrosum L.,ACCEPTED,5359109,Trifolium squarrosum L.,SPECIES,Plantae
152545062,https://www.gbif.org/species/5359099,Trifolium suffocatum L.,ACCEPTED,5359099,Trifolium suffocatum L.,SPECIES,Plantae
152545063,https://www.gbif.org/species/5359067,Trifolium pannonicum Jacq.,ACCEPTED,5359067,Trifolium pannonicum Jacq.,SPECIES,Plantae
152545064,https://www.gbif.org/species/5359249,Trifolium rubens L.,ACCEPTED,5359249,Trifolium rubens L.,SPECIES,Plantae
152545065,https://www.gbif.org/species/5359194,Trifolium squamosum L.,ACCEPTED,5359194,Trifolium squamosum L.,SPECIES,Plantae
152545066,https://www.gbif.org/species/5359175,Trifolium resupinatum L.,ACCEPTED,5359175,Trifolium resupinatum L.,SPECIES,Plantae
152545067,https://www.gbif.org/species/5359169,Trifolium michelianum Savi,ACCEPTED,5359169,Trifolium michelianum Savi,SPECIES,Plantae
152545068,https://www.gbif.org/species/5359345,Trifolium echinatum M.Bieb.,ACCEPTED,5359345,Trifolium echinatum M.Bieb.,SPECIES,Plantae
152545069,https://www.gbif.org/species/5359334,Trifolium vesiculosum Savi,ACCEPTED,5359334,Trifolium vesiculosum Savi,SPECIES,Plantae
152545070,https://www.gbif.org/species/5359263,Trifolium spumosum L.,ACCEPTED,5359263,Trifolium spumosum L.,SPECIES,Plantae
152545071,https://www.gbif.org/species/5359260,Trifolium patens Schreb.,ACCEPTED,5359260,Trifolium patens Schreb.,SPECIES,Plantae
152545072,https://www.gbif.org/species/5359402,Trifolium hybridum subsp. elegans (Savi) Asch. & Graebn.,ACCEPTED,5359402,Trifolium hybridum subsp. elegans (Savi) Asch. & Graebn.,SUBSPECIES,Plantae
152545073,https://www.gbif.org/species/5359411,Trifolium pallidum Waldst. & Kit.,ACCEPTED,5359411,Trifolium pallidum Waldst. & Kit.,SPECIES,Plantae
152545074,https://www.gbif.org/species/5359378,Trifolium incarnatum L.,ACCEPTED,5359378,Trifolium incarnatum L.,SPECIES,Plantae
152545075,https://www.gbif.org/species/5359395,Trifolium angustifolium L.,ACCEPTED,5359395,Trifolium angustifolium L.,SPECIES,Plantae
152545076,https://www.gbif.org/species/5359475,Trifolium strictum L.,ACCEPTED,5359475,Trifolium strictum L.,SPECIES,Plantae
152545077,https://www.gbif.org/species/5359499,Trifolium alpestre L.,ACCEPTED,5359499,Trifolium alpestre L.,SPECIES,Plantae
152545078,https://www.gbif.org/species/5359445,Trifolium hirtum All.,ACCEPTED,5359445,Trifolium hirtum All.,SPECIES,Plantae
152545079,https://www.gbif.org/species/5359447,Trifolium isthmocarpum Brot.,ACCEPTED,5359447,Trifolium isthmocarpum Brot.,SPECIES,Plantae
152545080,https://www.gbif.org/species/5359510,Trifolium tomentosum L.,ACCEPTED,5359510,Trifolium tomentosum L.,SPECIES,Plantae
152545081,https://www.gbif.org/species/5359526,Trifolium purpureum Loisel.,ACCEPTED,5359526,Trifolium purpureum Loisel.,SPECIES,Plantae
152545083,https://www.gbif.org/species/5358301,Scorpiurus vermiculatus L.,ACCEPTED,5358301,Scorpiurus vermiculatus L.,SPECIES,Plantae
152545088,https://www.gbif.org/species/5348644,Coronilla scorpioides (L.) W.D.J.Koch,ACCEPTED,5348644,Coronilla scorpioides (L.) W.D.J.Koch,SPECIES,Plantae
152545091,https://www.gbif.org/species/5347854,Pisum sativum var. sativum,SYNONYM,10683509,Lathyrus oleraceus var. oleraceus,VARIETY,Plantae
152545093,https://www.gbif.org/species/5352251,Robinia pseudoacacia L.,ACCEPTED,5352251,Robinia pseudoacacia L.,SPECIES,Plantae
152545095,https://www.gbif.org/species/5350466,Phaseolus coccineus L.,ACCEPTED,5350466,Phaseolus coccineus L.,SPECIES,Plantae
152545096,https://www.gbif.org/species/5350452,Phaseolus vulgaris L.,ACCEPTED,5350452,Phaseolus vulgaris L.,SPECIES,Plantae
152545101,https://www.gbif.org/species/5353705,Hippocrepis emerus (L.) Lassen,ACCEPTED,5353705,Hippocrepis emerus (L.) Lassen,SPECIES,Plantae
152545103,https://www.gbif.org/species/5353590,Cercis siliquastrum L.,ACCEPTED,5353590,Cercis siliquastrum L.,SPECIES,Plantae
152545105,https://www.gbif.org/species/5352372,Anthyllis vulneraria subsp. polyphylla (DC.) Nyman,ACCEPTED,5352372,Anthyllis vulneraria subsp. polyphylla (DC.) Nyman,SUBSPECIES,Plantae
152545106,https://www.gbif.org/species/5352425,Anthyllis vulneraria subsp. carpatica (Pant.) Nyman,ACCEPTED,5352425,Anthyllis vulneraria subsp. carpatica (Pant.) Nyman,SUBSPECIES,Plantae
152545108,https://www.gbif.org/species/5355395,Spartium junceum L.,ACCEPTED,5355395,Spartium junceum L.,SPECIES,Plantae
152545110,https://www.gbif.org/species/7681436,Cytisus multiflorus (L'Hér.) Sweet,ACCEPTED,7681436,Cytisus multiflorus (L'Hér.) Sweet,SPECIES,Plantae
152545111,https://www.gbif.org/species/5354676,Cytisus decumbens (Durande) Spach,ACCEPTED,5354676,Cytisus decumbens (Durande) Spach,SPECIES,Plantae
152545112,https://www.gbif.org/species/5354707,Cytisus striatus (Hill) Rothm.,ACCEPTED,5354707,Cytisus striatus (Hill) Rothm.,SPECIES,Plantae
152545115,https://www.gbif.org/species/5353770,Arachis hypogaea L.,ACCEPTED,5353770,Arachis hypogaea L.,SPECIES,Plantae
152545117,https://www.gbif.org/species/5359660,Glycine max (L.) Merr.,ACCEPTED,5359660,Glycine max (L.) Merr.,SPECIES,Plantae
152545119,https://www.gbif.org/species/5632334,Trigonella hierosolymitana Boiss.,ACCEPTED,5632334,Trigonella hierosolymitana Boiss.,SPECIES,Plantae
152545120,https://www.gbif.org/species/5360451,Trigonella esculenta Willd.,ACCEPTED,5360451,Trigonella esculenta Willd.,SPECIES,Plantae
152545121,https://www.gbif.org/species/5360429,Trigonella caelesyriaca Boiss.,ACCEPTED,5360429,Trigonella caelesyriaca Boiss.,SPECIES,Plantae
152545122,https://www.gbif.org/species/5360475,Trigonella foenum-graecum L.,ACCEPTED,5360475,Trigonella foenum-graecum L.,SPECIES,Plantae
152545123,https://www.gbif.org/species/5360465,Trigonella arabica Delile,ACCEPTED,5360465,Trigonella arabica Delile,SPECIES,Plantae
152545124,https://www.gbif.org/species/5360508,Trigonella maritima Delile ex Poir.,DOUBTFUL,5360508,Trigonella maritima Delile ex Poir.,SPECIES,Plantae
152545125,https://www.gbif.org/species/5360498,Trigonella caerulea (L.) Ser.,ACCEPTED,5360498,Trigonella caerulea (L.) Ser.,SPECIES,Plantae
152545126,https://www.gbif.org/species/5360523,Trigonella spinosa L.,ACCEPTED,5360523,Trigonella spinosa L.,SPECIES,Plantae
152545127,https://www.gbif.org/species/5360415,Trigonella calliceras Fisch.,DOUBTFUL,5360415,Trigonella calliceras Fisch.,SPECIES,Plantae
152545128,https://www.gbif.org/species/5360417,Trigonella stellata Forssk.,ACCEPTED,5360417,Trigonella stellata Forssk.,SPECIES,Plantae
152545129,https://www.gbif.org/species/5360402,Trigonella procumbens (Besser) Rchb.,ACCEPTED,5360402,Trigonella procumbens (Besser) Rchb.,SPECIES,Plantae
152545131,https://www.gbif.org/species/5345430,Astragalus oxyglottis Steven ex M.Bieb.,ACCEPTED,5345430,Astragalus oxyglottis Steven ex M.Bieb.,SPECIES,Plantae
152545132,https://www.gbif.org/species/5345210,Astragalus stella L.,ACCEPTED,5345210,Astragalus stella L.,SPECIES,Plantae
152545133,https://www.gbif.org/species/5344663,Astragalus boeticus L.,ACCEPTED,5344663,Astragalus boeticus L.,SPECIES,Plantae
152545134,https://www.gbif.org/species/5344424,Astragalus cymbicarpos Brot.,ACCEPTED,5344424,Astragalus cymbicarpos Brot.,SPECIES,Plantae
152545135,https://www.gbif.org/species/5343253,Astragalus cicer L.,ACCEPTED,5343253,Astragalus cicer L.,SPECIES,Plantae
152545136,https://www.gbif.org/species/5356481,Lathyrus cicera L.,ACCEPTED,5356481,Lathyrus cicera L.,SPECIES,Plantae
152545137,https://www.gbif.org/species/5342681,Astragalus hamosus L.,ACCEPTED,5342681,Astragalus hamosus L.,SPECIES,Plantae
152545138,https://www.gbif.org/species/5342618,Astragalus onobrychis L.,ACCEPTED,5342618,Astragalus onobrychis L.,SPECIES,Plantae
152545142,https://www.gbif.org/species/2982380,Vigna radiata (L.) R.Wilczek,ACCEPTED,2982380,Vigna radiata (L.) R.Wilczek,SPECIES,Plantae
152545144,https://www.gbif.org/species/2977222,Ononis alopecuroides L.,ACCEPTED,2977222,Ononis alopecuroides L.,SPECIES,Plantae
152545145,https://www.gbif.org/species/2977234,Ononis natrix L.,ACCEPTED,2977234,Ononis natrix L.,SPECIES,Plantae
152545147,https://www.gbif.org/species/2975667,Galega officinalis L.,ACCEPTED,2975667,Galega officinalis L.,SPECIES,Plantae
152545150,https://www.gbif.org/species/2972595,Onobrychis viciifolia Scop.,ACCEPTED,2972595,Onobrychis viciifolia Scop.,SPECIES,Plantae
152545154,https://www.gbif.org/species/2971095,Melilotus albus Medik.,ACCEPTED,2971095,Melilotus albus Medik.,SPECIES,Plantae
152545156,https://www.gbif.org/species/2971112,Melilotus sulcatus Desf.,ACCEPTED,2971112,Melilotus sulcatus Desf.,SPECIES,Plantae
152545157,https://www.gbif.org/species/2971016,Melilotus indicus (L.) All.,ACCEPTED,2971016,Melilotus indicus (L.) All.,SPECIES,Plantae
152545158,https://www.gbif.org/species/2971033,Melilotus infestus Guss.,ACCEPTED,2971033,Melilotus infestus Guss.,SPECIES,Plantae
152545159,https://www.gbif.org/species/2971036,Melilotus elegans Salzm. ex Ser.,ACCEPTED,2971036,Melilotus elegans Salzm. ex Ser.,SPECIES,Plantae
152545160,https://www.gbif.org/species/2971068,Melilotus wolgicus Poir.,ACCEPTED,2971068,Melilotus wolgicus Poir.,SPECIES,Plantae
152545163,https://www.gbif.org/species/7068379,Vicia sativa subsp. sativa,ACCEPTED,7068379,Vicia sativa subsp. sativa,SUBSPECIES,Plantae
152545165,https://www.gbif.org/species/7225471,Vicia villosa subsp. villosa,ACCEPTED,7225471,Vicia villosa subsp. villosa,SUBSPECIES,Plantae
152545166,https://www.gbif.org/species/2975416,Vicia monantha Retz.,ACCEPTED,2975416,Vicia monantha Retz.,SPECIES,Plantae
152545167,https://www.gbif.org/species/2975384,Vicia benghalensis L.,ACCEPTED,2975384,Vicia benghalensis L.,SPECIES,Plantae
152545168,https://www.gbif.org/species/2975393,Vicia sicula (Raf.) Guss.,ACCEPTED,2975393,Vicia sicula (Raf.) Guss.,SPECIES,Plantae
152545169,https://www.gbif.org/species/2975262,Vicia peregrina L.,ACCEPTED,2975262,Vicia peregrina L.,SPECIES,Plantae
152545170,https://www.gbif.org/species/2975309,Vicia bithynica (L.) L.,ACCEPTED,2975309,Vicia bithynica (L.) L.,SPECIES,Plantae
152545171,https://www.gbif.org/species/2975187,Vicia cuspidata Boiss.,ACCEPTED,2975187,Vicia cuspidata Boiss.,SPECIES,Plantae
152545172,https://www.gbif.org/species/2975257,Vicia hybrida L.,ACCEPTED,2975257,Vicia hybrida L.,SPECIES,Plantae
152545173,https://www.gbif.org/species/2974946,Vicia dumetorum L.,ACCEPTED,2974946,Vicia dumetorum L.,SPECIES,Plantae
152545176,https://www.gbif.org/species/2975097,Vicia noeana Boiss. & Reut.,ACCEPTED,2975097,Vicia noeana Boiss. & Reut.,SPECIES,Plantae
152545177,https://www.gbif.org/species/2974887,Vicia ervilia (L.) Willd.,ACCEPTED,2974887,Vicia ervilia (L.) Willd.,SPECIES,Plantae
152545178,https://www.gbif.org/species/2974876,Vicia assyriaca Boiss.,ACCEPTED,2974876,Vicia assyriaca Boiss.,SPECIES,Plantae
152545179,https://www.gbif.org/species/2974921,Vicia villosa subsp. varia (Host) Corb.,ACCEPTED,2974921,Vicia villosa subsp. varia (Host) Corb.,SUBSPECIES,Plantae
152545180,https://www.gbif.org/species/2974901,Vicia grandiflora Scop.,ACCEPTED,2974901,Vicia grandiflora Scop.,SPECIES,Plantae
152545182,https://www.gbif.org/species/2974793,Vicia sylvatica L.,ACCEPTED,2974793,Vicia sylvatica L.,SPECIES,Plantae
152545183,https://www.gbif.org/species/2974832,Vicia faba L.,ACCEPTED,2974832,Vicia faba L.,SPECIES,Plantae
152545184,https://www.gbif.org/species/2974826,Vicia hyrcanica Fisch. & C.A.Mey.,ACCEPTED,2974826,Vicia hyrcanica Fisch. & C.A.Mey.,SPECIES,Plantae
152545185,https://www.gbif.org/species/2974753,Vicia lutea L.,ACCEPTED,2974753,Vicia lutea L.,SPECIES,Plantae
152545187,https://www.gbif.org/species/7844167,Colutea arborescens L.,ACCEPTED,7844167,Colutea arborescens L.,SPECIES,Plantae
152545188,https://www.gbif.org/species/2956441,Colutea ×media Willd.,ACCEPTED,2956441,Colutea ×media Willd.,SPECIES,Plantae
152545190,https://www.gbif.org/species/2951998,Ulex gallii Planch.,ACCEPTED,2951998,Ulex gallii Planch.,SPECIES,Plantae
152545191,https://www.gbif.org/species/2951968,Ulex minor Roth,ACCEPTED,2951968,Ulex minor Roth,SPECIES,Plantae
152545193,https://www.gbif.org/species/2957966,Senna occidentalis (L.) Link,ACCEPTED,2957966,Senna occidentalis (L.) Link,SPECIES,Plantae
152545194,https://www.gbif.org/species/2957408,Senna obtusifolia (L.) H.S.Irwin & Barneby,ACCEPTED,2957408,Senna obtusifolia (L.) H.S.Irwin & Barneby,SPECIES,Plantae
152545196,https://www.gbif.org/species/2959443,Gleditsia triacanthos L.,ACCEPTED,2959443,Gleditsia triacanthos L.,SPECIES,Plantae
152545201,https://www.gbif.org/species/2964025,Lupinus angustifolius L.,ACCEPTED,2964025,Lupinus angustifolius L.,SPECIES,Plantae
152545202,https://www.gbif.org/species/2963817,Lupinus luteus L.,ACCEPTED,2963817,Lupinus luteus L.,SPECIES,Plantae
152545203,https://www.gbif.org/species/2964167,Lupinus albus L.,ACCEPTED,2964167,Lupinus albus L.,SPECIES,Plantae
152545204,https://www.gbif.org/species/2964355,Lupinus polyphyllus Lindl.,ACCEPTED,2964355,Lupinus polyphyllus Lindl.,SPECIES,Plantae
152545206,https://www.gbif.org/species/9151957,Medicago sativa L.,ACCEPTED,9151957,Medicago sativa L.,SPECIES,Plantae
152545207,https://www.gbif.org/species/2965531,Medicago polymorpha L.,ACCEPTED,2965531,Medicago polymorpha L.,SPECIES,Plantae
152545208,https://www.gbif.org/species/2965438,Medicago rigidula (L.) All.,ACCEPTED,2965438,Medicago rigidula (L.) All.,SPECIES,Plantae
152545209,https://www.gbif.org/species/2965459,Medicago doliata Carmign.,ACCEPTED,2965459,Medicago doliata Carmign.,SPECIES,Plantae
152545210,https://www.gbif.org/species/2965461,Medicago turbinata (L.) All.,ACCEPTED,2965461,Medicago turbinata (L.) All.,SPECIES,Plantae
152545211,https://www.gbif.org/species/2965485,Medicago littoralis Rohde ex Loisel.,ACCEPTED,2965485,Medicago littoralis Rohde ex Loisel.,SPECIES,Plantae
152545212,https://www.gbif.org/species/2965209,Medicago murex Willd.,ACCEPTED,2965209,Medicago murex Willd.,SPECIES,Plantae
152545213,https://www.gbif.org/species/2965232,Medicago carstiensis Wulfen,ACCEPTED,2965232,Medicago carstiensis Wulfen,SPECIES,Plantae
152545214,https://www.gbif.org/species/2965233,Medicago fischeriana (Ser.) Trautv.,ACCEPTED,2965233,Medicago fischeriana (Ser.) Trautv.,SPECIES,Plantae
152545215,https://www.gbif.org/species/2965221,Medicago laciniata (L.) Mill.,ACCEPTED,2965221,Medicago laciniata (L.) Mill.,SPECIES,Plantae
152545216,https://www.gbif.org/species/2965226,Medicago monantha (C.A.Mey.) Trautv.,ACCEPTED,2965226,Medicago monantha (C.A.Mey.) Trautv.,SPECIES,Plantae
152545217,https://www.gbif.org/species/2965299,Medicago orbicularis (L.) Bartal.,ACCEPTED,2965299,Medicago orbicularis (L.) Bartal.,SPECIES,Plantae
152545218,https://www.gbif.org/species/2965397,Medicago scutellata (L.) Mill.,ACCEPTED,2965397,Medicago scutellata (L.) Mill.,SPECIES,Plantae
152545220,https://www.gbif.org/species/2965280,Medicago truncatula Gaertn.,ACCEPTED,2965280,Medicago truncatula Gaertn.,SPECIES,Plantae
152545221,https://www.gbif.org/species/2965419,Medicago praecox DC.,ACCEPTED,2965419,Medicago praecox DC.,SPECIES,Plantae
152545222,https://www.gbif.org/species/2965434,Medicago monspeliaca (L.) Trautv.,ACCEPTED,2965434,Medicago monspeliaca (L.) Trautv.,SPECIES,Plantae
152545226,https://www.gbif.org/species/2947311,Cicer arietinum L.,ACCEPTED,2947311,Cicer arietinum L.,SPECIES,Plantae
152545228,https://www.gbif.org/species/2948921,Cullen americanum (L.) Rydb.,ACCEPTED,2948921,Cullen americanum (L.) Rydb.,SPECIES,Plantae
152545230,https://www.gbif.org/species/2949235,Aeschynomene americana L.,ACCEPTED,2949235,Aeschynomene americana L.,SPECIES,Plantae
152545231,https://www.gbif.org/species/2949250,Aeschynomene indica L.,ACCEPTED,2949250,Aeschynomene indica L.,SPECIES,Plantae
152545235,https://www.gbif.org/species/6366597,Gentiana acaulis L.,ACCEPTED,6366597,Gentiana acaulis L.,SPECIES,Plantae
152545236,https://www.gbif.org/species/7270381,Gentiana asclepiadea L.,ACCEPTED,7270381,Gentiana asclepiadea L.,SPECIES,Plantae
152545237,https://www.gbif.org/species/3170040,Gentiana lutea L.,ACCEPTED,3170040,Gentiana lutea L.,SPECIES,Plantae
152545240,https://www.gbif.org/species/7150619,Gomphocarpus fruticosus (L.) W.T.Aiton,ACCEPTED,7150619,Gomphocarpus fruticosus (L.) W.T.Aiton,SPECIES,Plantae
152545242,https://www.gbif.org/species/5414545,Periploca graeca L.,ACCEPTED,5414545,Periploca graeca L.,SPECIES,Plantae
152545244,https://www.gbif.org/species/5414550,Vincetoxicum rossicum (Kleopow) Barbar.,ACCEPTED,5414550,Vincetoxicum rossicum (Kleopow) Barbar.,SPECIES,Plantae
152545245,https://www.gbif.org/species/5414551,Vincetoxicum nigrum (L.) Moench,ACCEPTED,5414551,Vincetoxicum nigrum (L.) Moench,SPECIES,Plantae
152545247,https://www.gbif.org/species/3170247,Asclepias syriaca L.,ACCEPTED,3170247,Asclepias syriaca L.,SPECIES,Plantae
152545248,https://www.gbif.org/species/3170266,Asclepias incarnata L.,ACCEPTED,3170266,Asclepias incarnata L.,SPECIES,Plantae
152545250,https://www.gbif.org/species/3169708,Vinca major L.,ACCEPTED,3169708,Vinca major L.,SPECIES,Plantae
152545253,https://www.gbif.org/species/5336632,Crucianella angustifolia L.,ACCEPTED,5336632,Crucianella angustifolia L.,SPECIES,Plantae
152545255,https://www.gbif.org/species/2916767,Asperula tinctoria L.,ACCEPTED,2916767,Asperula tinctoria L.,SPECIES,Plantae
152545256,https://www.gbif.org/species/2916662,Asperula arvensis L.,ACCEPTED,2916662,Asperula arvensis L.,SPECIES,Plantae
152545257,https://www.gbif.org/species/2916822,Asperula laevigata L.,ACCEPTED,2916822,Asperula laevigata L.,SPECIES,Plantae
152545258,https://www.gbif.org/species/2916975,Asperula taurina L.,ACCEPTED,2916975,Asperula taurina L.,SPECIES,Plantae
152545260,https://www.gbif.org/species/2892272,Rubia tinctorum L.,ACCEPTED,2892272,Rubia tinctorum L.,SPECIES,Plantae
152545263,https://www.gbif.org/species/2914754,Galium verrucosum Huds.,ACCEPTED,2914754,Galium verrucosum Huds.,SPECIES,Plantae
152545264,https://www.gbif.org/species/2914404,Galium verum subsp. wirtgenii (F.W.Schultz) Oborny,ACCEPTED,2914404,Galium verum subsp. wirtgenii (F.W.Schultz) Oborny,SUBSPECIES,Plantae
152545265,https://www.gbif.org/species/2908428,Galium divaricatum Pourr. ex Lam.,ACCEPTED,2908428,Galium divaricatum Pourr. ex Lam.,SPECIES,Plantae
152545266,https://www.gbif.org/species/2914590,Galium murale (L.) All.,ACCEPTED,2914590,Galium murale (L.) All.,SPECIES,Plantae
152545267,https://www.gbif.org/species/2914501,Galium tenuissimum M.Bieb.,ACCEPTED,2914501,Galium tenuissimum M.Bieb.,SPECIES,Plantae
152545271,https://www.gbif.org/species/7560711,Oxalis tetraphylla Cav.,ACCEPTED,7560711,Oxalis tetraphylla Cav.,SPECIES,Plantae
152545272,https://www.gbif.org/species/8427624,Oxalis corniculata L.,ACCEPTED,8427624,Oxalis corniculata L.,SPECIES,Plantae
152545273,https://www.gbif.org/species/7156971,Oxalis triangularis A.St.-Hil.,ACCEPTED,7156971,Oxalis triangularis A.St.-Hil.,SPECIES,Plantae
152545275,https://www.gbif.org/species/2891755,Oxalis latifolia Kunth,ACCEPTED,2891755,Oxalis latifolia Kunth,SPECIES,Plantae
152545276,https://www.gbif.org/species/2891664,Oxalis articulata Savigny,ACCEPTED,2891664,Oxalis articulata Savigny,SPECIES,Plantae
152545277,https://www.gbif.org/species/2891677,Oxalis dillenii Jacq.,ACCEPTED,2891677,Oxalis dillenii Jacq.,SPECIES,Plantae
152545279,https://www.gbif.org/species/2891707,Oxalis debilis Kunth,ACCEPTED,2891707,Oxalis debilis Kunth,SPECIES,Plantae
152545284,https://www.gbif.org/species/3827967,Monsonia brevirostrata R.Knuth,ACCEPTED,3827967,Monsonia brevirostrata R.Knuth,SPECIES,Plantae
152545286,https://www.gbif.org/species/3827975,Pelargonium candicans Spreng.,ACCEPTED,3827975,Pelargonium candicans Spreng.,SPECIES,Plantae
152545289,https://www.gbif.org/species/9429152,Erodium ciconium (L.) L'Hér.,ACCEPTED,9429152,Erodium ciconium (L.) L'Hér.,SPECIES,Plantae
152545290,https://www.gbif.org/species/9297163,Erodium malacoides (L.) L'Hér.,ACCEPTED,9297163,Erodium malacoides (L.) L'Hér.,SPECIES,Plantae
152545291,https://www.gbif.org/species/7619206,Erodium trifolium (Cav.) Cav.,ACCEPTED,7619206,Erodium trifolium (Cav.) Cav.,SPECIES,Plantae
152545292,https://www.gbif.org/species/4934102,Erodium salzmannii Delile,ACCEPTED,4934102,Erodium salzmannii Delile,SPECIES,Plantae
152545294,https://www.gbif.org/species/3829143,Erodium stephanianum Willd.,ACCEPTED,3829143,Erodium stephanianum Willd.,SPECIES,Plantae
152545295,https://www.gbif.org/species/3828217,Erodium chium (Burm.fil.) Willd.,ACCEPTED,3828217,Erodium chium (Burm.fil.) Willd.,SPECIES,Plantae
152545296,https://www.gbif.org/species/3827980,Erodium crinitum Carolin,ACCEPTED,3827980,Erodium crinitum Carolin,SPECIES,Plantae
152545297,https://www.gbif.org/species/2891628,Erodium botrys (Cav.) Bertol.,ACCEPTED,2891628,Erodium botrys (Cav.) Bertol.,SPECIES,Plantae
152545298,https://www.gbif.org/species/2891617,Erodium brachycarpum (Godr.) Thell.,ACCEPTED,2891617,Erodium brachycarpum (Godr.) Thell.,SPECIES,Plantae
152545300,https://www.gbif.org/species/2891390,Geranium phaeum L.,ACCEPTED,2891390,Geranium phaeum L.,SPECIES,Plantae
152545301,https://www.gbif.org/species/2891079,Geranium macrorrhizum L.,ACCEPTED,2891079,Geranium macrorrhizum L.,SPECIES,Plantae
152545302,https://www.gbif.org/species/2890651,Geranium psilostemon Ledeb.,ACCEPTED,2890651,Geranium psilostemon Ledeb.,SPECIES,Plantae
152545303,https://www.gbif.org/species/2890623,Geranium carolinianum L.,ACCEPTED,2890623,Geranium carolinianum L.,SPECIES,Plantae
152545304,https://www.gbif.org/species/2890541,Geranium purpureum Vill.,ACCEPTED,2890541,Geranium purpureum Vill.,SPECIES,Plantae
152545305,https://www.gbif.org/species/2890502,Geranium endressii J.Gay,ACCEPTED,2890502,Geranium endressii J.Gay,SPECIES,Plantae
152545306,https://www.gbif.org/species/2890287,Geranium nodosum L.,ACCEPTED,2890287,Geranium nodosum L.,SPECIES,Plantae
152545307,https://www.gbif.org/species/2890122,Geranium pyrenaicum Burm.f.,ACCEPTED,2890122,Geranium pyrenaicum Burm.f.,SPECIES,Plantae
152545308,https://www.gbif.org/species/2890035,Geranium ×oxonianum P.F.Yeo,ACCEPTED,2890035,Geranium ×oxonianum P.F.Yeo,SPECIES,Plantae
152545309,https://www.gbif.org/species/2890013,Geranium divaricatum Ehrh.,ACCEPTED,2890013,Geranium divaricatum Ehrh.,SPECIES,Plantae
152545313,https://www.gbif.org/species/5334527,Limnanthes douglasii R.Br.,ACCEPTED,5334527,Limnanthes douglasii R.Br.,SPECIES,Plantae
152545319,https://www.gbif.org/species/8207952,Matthiola incana (L.) R.Br.,DOUBTFUL,8207952,Matthiola incana (L.) R.Br.,SPECIES,Plantae
152545323,https://www.gbif.org/species/7225621,Neslia paniculata subsp. paniculata,ACCEPTED,7225621,Neslia paniculata subsp. paniculata,SUBSPECIES,Plantae
152545325,https://www.gbif.org/species/7372514,Malcolmia maritima (L.) R.Br.,DOUBTFUL,7372514,Malcolmia maritima (L.) R.Br.,SPECIES,Plantae
152545327,https://www.gbif.org/species/5373324,Lunaria annua L.,ACCEPTED,5373324,Lunaria annua L.,SPECIES,Plantae
152545329,https://www.gbif.org/species/5374614,Barbarea stricta Andrz. ex Besser,ACCEPTED,5374614,Barbarea stricta Andrz. ex Besser,SPECIES,Plantae
152545330,https://www.gbif.org/species/5374672,Barbarea verna (Mill.) Asch.,ACCEPTED,5374672,Barbarea verna (Mill.) Asch.,SPECIES,Plantae
152545332,https://www.gbif.org/species/5374998,Arabis collina Ten.,ACCEPTED,5374998,Arabis collina Ten.,SPECIES,Plantae
152545333,https://www.gbif.org/species/5374933,Arabis planisiliqua (Pers.) Rchb.,ACCEPTED,5374933,Arabis planisiliqua (Pers.) Rchb.,SPECIES,Plantae
152545334,https://www.gbif.org/species/5375105,Arabis auriculata Lam.,ACCEPTED,5375105,Arabis auriculata Lam.,SPECIES,Plantae
152545335,https://www.gbif.org/species/5375012,Arabis procurrens Waldst. & Kit.,ACCEPTED,5375012,Arabis procurrens Waldst. & Kit.,SPECIES,Plantae
152545337,https://www.gbif.org/species/5374118,Isatis tinctoria L.,ACCEPTED,5374118,Isatis tinctoria L.,SPECIES,Plantae
152545339,https://www.gbif.org/species/5373358,Lobularia maritima (L.) Desv.,ACCEPTED,5373358,Lobularia maritima (L.) Desv.,SPECIES,Plantae
152545341,https://www.gbif.org/species/5373368,Rapistrum rugosum (L.) All.,ACCEPTED,5373368,Rapistrum rugosum (L.) All.,SPECIES,Plantae
152545342,https://www.gbif.org/species/5373365,Rapistrum perenne (L.) All.,ACCEPTED,5373365,Rapistrum perenne (L.) All.,SPECIES,Plantae
152545344,https://www.gbif.org/species/5377678,Erucaria hispanica (L.) Druce,ACCEPTED,5377678,Erucaria hispanica (L.) Druce,SPECIES,Plantae
152545346,https://www.gbif.org/species/5377778,Aurinia saxatilis (L.) Desv.,ACCEPTED,5377778,Aurinia saxatilis (L.) Desv.,SPECIES,Plantae
152545348,https://www.gbif.org/species/5376309,Diplotaxis erucoides (L.) DC.,ACCEPTED,5376309,Diplotaxis erucoides (L.) DC.,SPECIES,Plantae
152545349,https://www.gbif.org/species/5376326,Diplotaxis virgata (Cav.) DC.,ACCEPTED,5376326,Diplotaxis virgata (Cav.) DC.,SPECIES,Plantae
152545351,https://www.gbif.org/species/5376139,Hornungia alpina (L.) O.Appel,ACCEPTED,5376139,Hornungia alpina (L.) O.Appel,SPECIES,Plantae
152545353,https://www.gbif.org/species/5376481,Lepidium schinzii Thell.,ACCEPTED,5376481,Lepidium schinzii Thell.,SPECIES,Plantae
152545354,https://www.gbif.org/species/5376994,Lepidium graminifolium L.,ACCEPTED,5376994,Lepidium graminifolium L.,SPECIES,Plantae
152545356,https://www.gbif.org/species/5376925,Lepidium bonariense L.,ACCEPTED,5376925,Lepidium bonariense L.,SPECIES,Plantae
152545357,https://www.gbif.org/species/5376874,Lepidium hirtum (L.) Sm.,ACCEPTED,5376874,Lepidium hirtum (L.) Sm.,SPECIES,Plantae
152545358,https://www.gbif.org/species/5377064,Lepidium densiflorum Schrad.,ACCEPTED,5377064,Lepidium densiflorum Schrad.,SPECIES,Plantae
152545359,https://www.gbif.org/species/5377060,Lepidium didymum L.,ACCEPTED,5377060,Lepidium didymum L.,SPECIES,Plantae
152545360,https://www.gbif.org/species/5376648,Lepidium virginicum L.,ACCEPTED,5376648,Lepidium virginicum L.,SPECIES,Plantae
152545361,https://www.gbif.org/species/5376565,Lepidium sativum L.,ACCEPTED,5376565,Lepidium sativum L.,SPECIES,Plantae
152545362,https://www.gbif.org/species/5376530,Lepidium africanum (Burm.f.) DC.,ACCEPTED,5376530,Lepidium africanum (Burm.f.) DC.,SPECIES,Plantae
152545363,https://www.gbif.org/species/5376494,Lepidium desertorum Eckl. & Zeyh.,ACCEPTED,5376494,Lepidium desertorum Eckl. & Zeyh.,SPECIES,Plantae
152545364,https://www.gbif.org/species/5376846,Lepidium heterophyllum Benth.,ACCEPTED,5376846,Lepidium heterophyllum Benth.,SPECIES,Plantae
152545365,https://www.gbif.org/species/5376816,Lepidium perfoliatum L.,ACCEPTED,5376816,Lepidium perfoliatum L.,SPECIES,Plantae
152545366,https://www.gbif.org/species/5376785,Lepidium fasciculatum Thell.,ACCEPTED,5376785,Lepidium fasciculatum Thell.,SPECIES,Plantae
152545367,https://www.gbif.org/species/5376692,Lepidium latifolium L.,ACCEPTED,5376692,Lepidium latifolium L.,SPECIES,Plantae
152545369,https://www.gbif.org/species/5375547,Erucastrum gallicum (Willd.) O.E.Schulz,ACCEPTED,5375547,Erucastrum gallicum (Willd.) O.E.Schulz,SPECIES,Plantae
152545370,https://www.gbif.org/species/5375555,Erucastrum nasturtiifolium (Poir.) O.E.Schulz,ACCEPTED,5375555,Erucastrum nasturtiifolium (Poir.) O.E.Schulz,SPECIES,Plantae
152545372,https://www.gbif.org/species/5375285,Carrichtera annua (L.) DC.,ACCEPTED,5375285,Carrichtera annua (L.) DC.,SPECIES,Plantae
152545374,https://www.gbif.org/species/5376035,Moricandia arvensis (L.) DC.,ACCEPTED,5376035,Moricandia arvensis (L.) DC.,SPECIES,Plantae
152545378,https://www.gbif.org/species/5551241,Iberis sempervirens L.,ACCEPTED,5551241,Iberis sempervirens L.,SPECIES,Plantae
152545379,https://www.gbif.org/species/5377286,Iberis pinnata L.,ACCEPTED,5377286,Iberis pinnata L.,SPECIES,Plantae
152545380,https://www.gbif.org/species/5377303,Iberis umbellata L.,ACCEPTED,5377303,Iberis umbellata L.,SPECIES,Plantae
152545381,https://www.gbif.org/species/5377196,Iberis odorata L.,ACCEPTED,5377196,Iberis odorata L.,SPECIES,Plantae
152545383,https://www.gbif.org/species/3042291,Hesperis matronalis L.,ACCEPTED,3042291,Hesperis matronalis L.,SPECIES,Plantae
152545385,https://www.gbif.org/species/9073641,Camelina sativa (L.) Crantz,ACCEPTED,9073641,Camelina sativa (L.) Crantz,SPECIES,Plantae
152545386,https://www.gbif.org/species/3042416,Camelina microcarpa Andrz. ex DC.,ACCEPTED,3042416,Camelina microcarpa Andrz. ex DC.,SPECIES,Plantae
152545387,https://www.gbif.org/species/3042399,Camelina alyssum (Mill.) Thell.,ACCEPTED,3042399,Camelina alyssum (Mill.) Thell.,SPECIES,Plantae
152545388,https://www.gbif.org/species/3042439,Camelina rumelica Velen.,ACCEPTED,3042439,Camelina rumelica Velen.,SPECIES,Plantae
152545390,https://www.gbif.org/species/7903057,Brassica rapa L.,ACCEPTED,7903057,Brassica rapa L.,SPECIES,Plantae
152545391,https://www.gbif.org/species/3042925,Brassica carinata A.Braun,ACCEPTED,3042925,Brassica carinata A.Braun,SPECIES,Plantae
152545392,https://www.gbif.org/species/3042845,Brassica oleracea L.,ACCEPTED,3042845,Brassica oleracea L.,SPECIES,Plantae
152545393,https://www.gbif.org/species/3042889,Brassica elongata subsp. integrifolia (Boiss.) Breistr.,ACCEPTED,3042889,Brassica elongata subsp. integrifolia (Boiss.) Breistr.,SUBSPECIES,Plantae
152545394,https://www.gbif.org/species/3042751,Brassica juncea (L.) Czern.,ACCEPTED,3042751,Brassica juncea (L.) Czern.,SPECIES,Plantae
152545395,https://www.gbif.org/species/3042799,Brassica barrelieri (L.) Janka,ACCEPTED,3042799,Brassica barrelieri (L.) Janka,SPECIES,Plantae
152545396,https://www.gbif.org/species/3042624,Brassica tournefortii Gouan,ACCEPTED,3042624,Brassica tournefortii Gouan,SPECIES,Plantae
152545397,https://www.gbif.org/species/3042636,Brassica napus L.,ACCEPTED,3042636,Brassica napus L.,SPECIES,Plantae
152545399,https://www.gbif.org/species/7678610,Raphanus sativus L.,ACCEPTED,7678610,Raphanus sativus L.,SPECIES,Plantae
152545400,https://www.gbif.org/species/3040999,Raphanus raphanistrum subsp. landra (Moretti ex DC.) Bonnier & Layens,ACCEPTED,3040999,Raphanus raphanistrum subsp. landra (Moretti ex DC.) Bonnier & Layens,SUBSPECIES,Plantae
152545402,https://www.gbif.org/species/3041022,"Armoracia rusticana P.Gaertn., B.Mey. & Scherb.",ACCEPTED,3041022,"Armoracia rusticana P.Gaertn., B.Mey. & Scherb.",SPECIES,Plantae
152545404,https://www.gbif.org/species/3041109,Cordylocarpus muricatus Desf.,ACCEPTED,3041109,Cordylocarpus muricatus Desf.,SPECIES,Plantae
152545406,https://www.gbif.org/species/3042086,Pseudoturritis turrita (L.) Al-Shehbaz,ACCEPTED,3042086,Pseudoturritis turrita (L.) Al-Shehbaz,SPECIES,Plantae
152545408,https://www.gbif.org/species/3040928,Conringia planisiliqua Fisch. & C.A.Mey.,ACCEPTED,3040928,Conringia planisiliqua Fisch. & C.A.Mey.,SPECIES,Plantae
152545409,https://www.gbif.org/species/3040913,Conringia orientalis (L.) Dumort.,ACCEPTED,3040913,Conringia orientalis (L.) Dumort.,SPECIES,Plantae
152545410,https://www.gbif.org/species/3040923,Conringia austriaca (Jacq.) Sweet,ACCEPTED,3040923,Conringia austriaca (Jacq.) Sweet,SPECIES,Plantae
152545412,https://www.gbif.org/species/3046875,Sisymbrium loeselii L.,ACCEPTED,3046875,Sisymbrium loeselii L.,SPECIES,Plantae
152545413,https://www.gbif.org/species/3046851,Sisymbrium irio L.,ACCEPTED,3046851,Sisymbrium irio L.,SPECIES,Plantae
152545414,https://www.gbif.org/species/3046850,Sisymbrium strictissimum L.,ACCEPTED,3046850,Sisymbrium strictissimum L.,SPECIES,Plantae
152545415,https://www.gbif.org/species/3046839,Sisymbrium runcinatum Lag. ex DC.,ACCEPTED,3046839,Sisymbrium runcinatum Lag. ex DC.,SPECIES,Plantae
152545416,https://www.gbif.org/species/3046812,Sisymbrium orientale L.,ACCEPTED,3046812,Sisymbrium orientale L.,SPECIES,Plantae
152545417,https://www.gbif.org/species/3046778,Sisymbrium septulatum DC.,ACCEPTED,3046778,Sisymbrium septulatum DC.,SPECIES,Plantae
152545418,https://www.gbif.org/species/3046765,Sisymbrium erysimoides Desf.,ACCEPTED,3046765,Sisymbrium erysimoides Desf.,SPECIES,Plantae
152545419,https://www.gbif.org/species/3046744,Sisymbrium volgense M.Bieb. ex E.Fourn.,ACCEPTED,3046744,Sisymbrium volgense M.Bieb. ex E.Fourn.,SPECIES,Plantae
152545420,https://www.gbif.org/species/3046736,Sisymbrium altissimum L.,ACCEPTED,3046736,Sisymbrium altissimum L.,SPECIES,Plantae
152545423,https://www.gbif.org/species/3690997,Cardamine occulta Hornem.,ACCEPTED,3690997,Cardamine occulta Hornem.,SPECIES,Plantae
152545424,https://www.gbif.org/species/3046092,Cardamine parviflora L.,ACCEPTED,3046092,Cardamine parviflora L.,SPECIES,Plantae
152545425,https://www.gbif.org/species/3046015,Cardamine corymbosa Hook.f.,ACCEPTED,3046015,Cardamine corymbosa Hook.f.,SPECIES,Plantae
152545427,https://www.gbif.org/species/3045193,Alyssum strigosum Banks & Sol.,ACCEPTED,3045193,Alyssum strigosum Banks & Sol.,SPECIES,Plantae
152545429,https://www.gbif.org/species/3045042,Alyssum simplex Rudolphi,ACCEPTED,3045042,Alyssum simplex Rudolphi,SPECIES,Plantae
152545430,https://www.gbif.org/species/3044912,Alyssum montanum L.,ACCEPTED,3044912,Alyssum montanum L.,SPECIES,Plantae
152545431,https://www.gbif.org/species/3045006,Alyssum hirsutum M.Bieb.,ACCEPTED,3045006,Alyssum hirsutum M.Bieb.,SPECIES,Plantae
152545434,https://www.gbif.org/species/3044349,Chorispora tenella (Pall.) DC.,ACCEPTED,3044349,Chorispora tenella (Pall.) DC.,SPECIES,Plantae
152545436,https://www.gbif.org/species/3044133,Descurainia pinnata (Walter) Britton,ACCEPTED,3044133,Descurainia pinnata (Walter) Britton,SPECIES,Plantae
152545437,https://www.gbif.org/species/3044201,Descurainia incisa (Engelm. ex A.Gray) Britton,ACCEPTED,3044201,Descurainia incisa (Engelm. ex A.Gray) Britton,SPECIES,Plantae
152545439,https://www.gbif.org/species/3053950,Enarthrocarpus lyratus (Forssk.) DC.,ACCEPTED,3053950,Enarthrocarpus lyratus (Forssk.) DC.,SPECIES,Plantae
152545441,https://www.gbif.org/species/3054117,Aubrieta deltoidea (L.) DC.,ACCEPTED,3054117,Aubrieta deltoidea (L.) DC.,SPECIES,Plantae
152545442,https://www.gbif.org/species/3054110,Aubrieta columnae Guss.,ACCEPTED,3054110,Aubrieta columnae Guss.,SPECIES,Plantae
152545444,https://www.gbif.org/species/3053406,Rorippa austriaca (Crantz) Besser,ACCEPTED,3053406,Rorippa austriaca (Crantz) Besser,SPECIES,Plantae
152545446,https://www.gbif.org/species/3053522,Berteroa incana (L.) DC.,ACCEPTED,3053522,Berteroa incana (L.) DC.,SPECIES,Plantae
152545448,https://www.gbif.org/species/7068732,Arabidopsis arenosa subsp. arenosa,ACCEPTED,7068732,Arabidopsis arenosa subsp. arenosa,SUBSPECIES,Plantae
152545449,https://www.gbif.org/species/3052450,Arabidopsis halleri (L.) O'Kane & Al-Shehbaz,ACCEPTED,3052450,Arabidopsis halleri (L.) O'Kane & Al-Shehbaz,SPECIES,Plantae
152545455,https://www.gbif.org/species/3050357,Bunias erucago L.,ACCEPTED,3050357,Bunias erucago L.,SPECIES,Plantae
152545456,https://www.gbif.org/species/3050364,Bunias orientalis L.,ACCEPTED,3050364,Bunias orientalis L.,SPECIES,Plantae
152545458,https://www.gbif.org/species/3047811,Myagrum perfoliatum L.,ACCEPTED,3047811,Myagrum perfoliatum L.,SPECIES,Plantae
152545460,https://www.gbif.org/species/3048203,Erysimum cheiri (L.) Crantz,ACCEPTED,3048203,Erysimum cheiri (L.) Crantz,SPECIES,Plantae
152545461,https://www.gbif.org/species/3048288,Erysimum diffusum Ehrh.,ACCEPTED,3048288,Erysimum diffusum Ehrh.,SPECIES,Plantae
152545462,https://www.gbif.org/species/3048532,Erysimum marshallii Bois,ACCEPTED,3048532,Erysimum marshallii Bois,SPECIES,Plantae
152545463,https://www.gbif.org/species/3048166,Erysimum repandum L.,ACCEPTED,3048166,Erysimum repandum L.,SPECIES,Plantae
152545465,https://www.gbif.org/species/3047621,Sinapis alba L.,ACCEPTED,3047621,Sinapis alba L.,SPECIES,Plantae
152545466,https://www.gbif.org/species/3047633,Sinapis alba subsp. dissecta (Lag.) Simonk.,ACCEPTED,3047633,Sinapis alba subsp. dissecta (Lag.) Simonk.,SUBSPECIES,Plantae
152545469,https://www.gbif.org/species/3916499,Caylusea abyssinica (Fresen.) Fisch. & C.A.Mey.,ACCEPTED,3916499,Caylusea abyssinica (Fresen.) Fisch. & C.A.Mey.,SPECIES,Plantae
152545471,https://www.gbif.org/species/7853188,Reseda lutea subsp. vivantii (P.Monts.) Rovira,ACCEPTED,7853188,Reseda lutea subsp. vivantii (P.Monts.) Rovira,SUBSPECIES,Plantae
152545472,https://www.gbif.org/species/3040253,Reseda phyteuma L.,ACCEPTED,3040253,Reseda phyteuma L.,SPECIES,Plantae
152545473,https://www.gbif.org/species/3040254,Reseda alba L.,ACCEPTED,3040254,Reseda alba L.,SPECIES,Plantae
152545474,https://www.gbif.org/species/3040255,Reseda odorata L.,ACCEPTED,3040255,Reseda odorata L.,SPECIES,Plantae
152545477,https://www.gbif.org/species/2889934,Tropaeolum majus L.,ACCEPTED,2889934,Tropaeolum majus L.,SPECIES,Plantae
152545481,https://www.gbif.org/species/2928226,Phacelia tanacetifolia Benth.,ACCEPTED,2928226,Phacelia tanacetifolia Benth.,SPECIES,Plantae
152545482,https://www.gbif.org/species/2928153,Phacelia purshii Buckley,ACCEPTED,2928153,Phacelia purshii Buckley,SPECIES,Plantae
152545483,https://www.gbif.org/species/2928238,Phacelia campanularia A.Gray,ACCEPTED,2928238,Phacelia campanularia A.Gray,SPECIES,Plantae
152545485,https://www.gbif.org/species/7536406,Nemophila menziesii var. integrifolia Brand,ACCEPTED,7536406,Nemophila menziesii var. integrifolia Brand,VARIETY,Plantae
152545487,https://www.gbif.org/species/2928034,Nemophila maculata Benth. ex Lindl.,ACCEPTED,2928034,Nemophila maculata Benth. ex Lindl.,SPECIES,Plantae
152545490,https://www.gbif.org/species/7806790,Arnebia decumbens (Vent.) Coss. & Kralik,ACCEPTED,7806790,Arnebia decumbens (Vent.) Coss. & Kralik,SPECIES,Plantae
152545492,https://www.gbif.org/species/8227753,Anchusa procera Besser,DOUBTFUL,8227753,Anchusa procera Besser,SPECIES,Plantae
152545493,https://www.gbif.org/species/7295374,Anchusa officinalis subsp. officinalis,ACCEPTED,7295374,Anchusa officinalis subsp. officinalis,SUBSPECIES,Plantae
152545494,https://www.gbif.org/species/5662089,Anchusa ochroleuca M.Bieb.,ACCEPTED,5662089,Anchusa ochroleuca M.Bieb.,SPECIES,Plantae
152545495,https://www.gbif.org/species/5341198,Anchusa azurea Mill.,ACCEPTED,5341198,Anchusa azurea Mill.,SPECIES,Plantae
152545497,https://www.gbif.org/species/7958783,Pulmonaria mollis Wulfen ex Hornem.,ACCEPTED,7958783,Pulmonaria mollis Wulfen ex Hornem.,SPECIES,Plantae
152545498,https://www.gbif.org/species/7294681,Pulmonaria longifolia (Bastard) Boreau,ACCEPTED,7294681,Pulmonaria longifolia (Bastard) Boreau,SPECIES,Plantae
152545499,https://www.gbif.org/species/5660450,Pulmonaria rubra Schott,ACCEPTED,5660450,Pulmonaria rubra Schott,SPECIES,Plantae
152545500,https://www.gbif.org/species/5341203,Pulmonaria saccharata Mill.,ACCEPTED,5341203,Pulmonaria saccharata Mill.,SPECIES,Plantae
152545501,https://www.gbif.org/species/5341204,Pulmonaria officinalis L.,ACCEPTED,5341204,Pulmonaria officinalis L.,SPECIES,Plantae
152545503,https://www.gbif.org/species/5341187,Myosotis alpestris F.W.Schmidt,ACCEPTED,5341187,Myosotis alpestris F.W.Schmidt,SPECIES,Plantae
152545507,https://www.gbif.org/species/2926130,Pentaglottis sempervirens (L.) Tausch ex L.H.Bailey,ACCEPTED,2926130,Pentaglottis sempervirens (L.) Tausch ex L.H.Bailey,SPECIES,Plantae
152545509,https://www.gbif.org/species/2926055,Asperugo procumbens L.,ACCEPTED,2926055,Asperugo procumbens L.,SPECIES,Plantae
152545511,https://www.gbif.org/species/7989836,Symphytum caucasicum M.Bieb.,ACCEPTED,7989836,Symphytum caucasicum M.Bieb.,SPECIES,Plantae
152545512,https://www.gbif.org/species/4067302,Symphytum grandiflorum DC.,ACCEPTED,4067302,Symphytum grandiflorum DC.,SPECIES,Plantae
152545513,https://www.gbif.org/species/4067281,Symphytum ×hidcotense P.D.Sell,ACCEPTED,4067281,Symphytum ×hidcotense P.D.Sell,SPECIES,Plantae
152545514,https://www.gbif.org/species/2926066,Symphytum asperum Lepech.,ACCEPTED,2926066,Symphytum asperum Lepech.,SPECIES,Plantae
152545516,https://www.gbif.org/species/7294722,Cerinthe minor L.,ACCEPTED,7294722,Cerinthe minor L.,SPECIES,Plantae
152545517,https://www.gbif.org/species/2926108,Cerinthe major L.,ACCEPTED,2926108,Cerinthe major L.,SPECIES,Plantae
152545519,https://www.gbif.org/species/2926110,Borago officinalis L.,ACCEPTED,2926110,Borago officinalis L.,SPECIES,Plantae
152545521,https://www.gbif.org/species/7294644,Nonea pulla (L.) DC.,ACCEPTED,7294644,Nonea pulla (L.) DC.,SPECIES,Plantae
152545522,https://www.gbif.org/species/2926041,Nonea rosea (M.Bieb.) Link,ACCEPTED,2926041,Nonea rosea (M.Bieb.) Link,SPECIES,Plantae
152545523,https://www.gbif.org/species/2926042,Nonea lutea (Desr.) DC.,ACCEPTED,2926042,Nonea lutea (Desr.) DC.,SPECIES,Plantae
152545525,https://www.gbif.org/species/2926045,Brunnera macrophylla (Adams) I.M.Johnst.,ACCEPTED,2926045,Brunnera macrophylla (Adams) I.M.Johnst.,SPECIES,Plantae
152545527,https://www.gbif.org/species/2926048,Omphalodes verna Moench,ACCEPTED,2926048,Omphalodes verna Moench,SPECIES,Plantae
152545529,https://www.gbif.org/species/4064572,Cynoglossum clandestinum Desf.,ACCEPTED,4064572,Cynoglossum clandestinum Desf.,SPECIES,Plantae
152545530,https://www.gbif.org/species/2925816,Cynoglossum amabile Stapf & J.R.Drumm.,ACCEPTED,2925816,Cynoglossum amabile Stapf & J.R.Drumm.,SPECIES,Plantae
152545532,https://www.gbif.org/species/2925895,Echium plantagineum L.,ACCEPTED,2925895,Echium plantagineum L.,SPECIES,Plantae
152545534,https://www.gbif.org/species/8386733,Amsinckia lycopsoides Lehm. ex Fisch. & C.A.Mey.,DOUBTFUL,8386733,Amsinckia lycopsoides Lehm. ex Fisch. & C.A.Mey.,SPECIES,Plantae
152545535,https://www.gbif.org/species/2925879,Amsinckia eastwoodiae J.F.Macbr.,ACCEPTED,2925879,Amsinckia eastwoodiae J.F.Macbr.,SPECIES,Plantae
152545536,https://www.gbif.org/species/2925877,Amsinckia tessellata A.Gray,ACCEPTED,2925877,Amsinckia tessellata A.Gray,SPECIES,Plantae
152545538,https://www.gbif.org/species/2925756,Lappula squarrosa (Retz.) Dumort.,ACCEPTED,2925756,Lappula squarrosa (Retz.) Dumort.,SPECIES,Plantae
152545539,https://www.gbif.org/species/2925754,Lappula marginata (M.Bieb.) Gürke,ACCEPTED,2925754,Lappula marginata (M.Bieb.) Gürke,SPECIES,Plantae
152545542,https://www.gbif.org/species/7294771,Heliotropium suaveolens M.Bieb.,ACCEPTED,7294771,Heliotropium suaveolens M.Bieb.,SPECIES,Plantae
152545543,https://www.gbif.org/species/2925790,Heliotropium amplexicaule Vahl,ACCEPTED,2925790,Heliotropium amplexicaule Vahl,SPECIES,Plantae
152545544,https://www.gbif.org/species/2925767,Heliotropium europaeum L.,ACCEPTED,2925767,Heliotropium europaeum L.,SPECIES,Plantae
152545548,https://www.gbif.org/species/7346090,Erythranthe moschata (Douglas ex Lindl.) G.L.Nesom,ACCEPTED,7346090,Erythranthe moschata (Douglas ex Lindl.) G.L.Nesom,SPECIES,Plantae
152545551,https://www.gbif.org/species/5415455,Acanthus mollis L.,ACCEPTED,5415455,Acanthus mollis L.,SPECIES,Plantae
152545552,https://www.gbif.org/species/5415453,Acanthus spinosus L.,ACCEPTED,5415453,Acanthus spinosus L.,SPECIES,Plantae
152545555,https://www.gbif.org/species/7564934,Odontites jaubertianus (Boreau) D.Dietr. ex Walp.,ACCEPTED,7564934,Odontites jaubertianus (Boreau) D.Dietr. ex Walp.,SPECIES,Plantae
152545556,https://www.gbif.org/species/7855120,Odontites luteus (L.) Clairv.,ACCEPTED,7855120,Odontites luteus (L.) Clairv.,SPECIES,Plantae
152545558,https://www.gbif.org/species/8049400,Parentucellia latifolia (L.) Caruel,ACCEPTED,8049400,Parentucellia latifolia (L.) Caruel,SPECIES,Plantae
152545560,https://www.gbif.org/species/7519710,Orobanche amethystea Thuill.,ACCEPTED,7519710,Orobanche amethystea Thuill.,SPECIES,Plantae
152545563,https://www.gbif.org/species/7331666,Melampyrum nemorosum L.,ACCEPTED,7331666,Melampyrum nemorosum L.,SPECIES,Plantae
152545565,https://www.gbif.org/species/3728894,Phelipanche ramosa (L.) Pomel,ACCEPTED,3728894,Phelipanche ramosa (L.) Pomel,SPECIES,Plantae
152545568,https://www.gbif.org/species/3172127,Calceolaria chelidonioides Kunth,ACCEPTED,3172127,Calceolaria chelidonioides Kunth,SPECIES,Plantae
152545571,https://www.gbif.org/species/7636833,Syringa josikaea J.Jacq. ex Rchb.,ACCEPTED,7636833,Syringa josikaea J.Jacq. ex Rchb.,SPECIES,Plantae
152545572,https://www.gbif.org/species/5415039,Syringa vulgaris L.,ACCEPTED,5415039,Syringa vulgaris L.,SPECIES,Plantae
152545574,https://www.gbif.org/species/5415054,Forsythia ×intermedia Zabel,ACCEPTED,5415054,Forsythia ×intermedia Zabel,SPECIES,Plantae
152545575,https://www.gbif.org/species/5415053,Forsythia viridissima Lindl.,ACCEPTED,5415053,Forsythia viridissima Lindl.,SPECIES,Plantae
152545576,https://www.gbif.org/species/5415056,Forsythia suspensa (Thunb.) Vahl,ACCEPTED,5415056,Forsythia suspensa (Thunb.) Vahl,SPECIES,Plantae
152545578,https://www.gbif.org/species/3172266,Jasminum nudiflorum Lindl.,ACCEPTED,3172266,Jasminum nudiflorum Lindl.,SPECIES,Plantae
152545580,https://www.gbif.org/species/6432925,Fraxinus angustifolia subsp. oxycarpa (M.Bieb. ex Willd.) Franco & Rocha Afonso,ACCEPTED,6432925,Fraxinus angustifolia subsp. oxycarpa (M.Bieb. ex Willd.) Franco & Rocha Afonso,SUBSPECIES,Plantae
152545581,https://www.gbif.org/species/3172348,Fraxinus pennsylvanica Marshall,ACCEPTED,3172348,Fraxinus pennsylvanica Marshall,SPECIES,Plantae
152545582,https://www.gbif.org/species/3172347,Fraxinus ornus L.,ACCEPTED,3172347,Fraxinus ornus L.,SPECIES,Plantae
152545583,https://www.gbif.org/species/3172343,Fraxinus latifolia Benth.,ACCEPTED,3172343,Fraxinus latifolia Benth.,SPECIES,Plantae
152545585,https://www.gbif.org/species/3685073,Ligustrum ×vicaryi Rehder,ACCEPTED,3685073,Ligustrum ×vicaryi Rehder,SPECIES,Plantae
152545586,https://www.gbif.org/species/3172294,Ligustrum sinense Lour.,ACCEPTED,3172294,Ligustrum sinense Lour.,SPECIES,Plantae
152545587,https://www.gbif.org/species/3172291,Ligustrum ovalifolium Hassk.,ACCEPTED,3172291,Ligustrum ovalifolium Hassk.,SPECIES,Plantae
152545590,https://www.gbif.org/species/4926977,Catalpa ×erubescens Carrière,ACCEPTED,4926977,Catalpa ×erubescens Carrière,SPECIES,Plantae
152545591,https://www.gbif.org/species/3172615,Catalpa bignonioides Walter,ACCEPTED,3172615,Catalpa bignonioides Walter,SPECIES,Plantae
152545592,https://www.gbif.org/species/3172613,Catalpa ovata G.Don,ACCEPTED,3172613,Catalpa ovata G.Don,SPECIES,Plantae
152545595,https://www.gbif.org/species/3172622,Sesamum indicum L.,ACCEPTED,3172622,Sesamum indicum L.,SPECIES,Plantae
152545598,https://www.gbif.org/species/5415100,Proboscidea louisianica (Mill.) Thell.,ACCEPTED,5415100,Proboscidea louisianica (Mill.) Thell.,SPECIES,Plantae
152545600,https://www.gbif.org/species/3172647,Ibicella lutea (Lindl.) Van Eselt.,ACCEPTED,3172647,Ibicella lutea (Lindl.) Van Eselt.,SPECIES,Plantae
152545603,https://www.gbif.org/species/3170823,Paulownia tomentosa (Thunb.) Steud.,ACCEPTED,3170823,Paulownia tomentosa (Thunb.) Steud.,SPECIES,Plantae
152545606,https://www.gbif.org/species/3171304,Mazus pumilus (Burm.fil.) Steenis,ACCEPTED,3171304,Mazus pumilus (Burm.fil.) Steenis,SPECIES,Plantae
152545609,https://www.gbif.org/species/3725805,Hebenstretia integrifolia L.,ACCEPTED,3725805,Hebenstretia integrifolia L.,SPECIES,Plantae
152545611,https://www.gbif.org/species/4055853,Buddleja albiflora Hemsl.,ACCEPTED,4055853,Buddleja albiflora Hemsl.,SPECIES,Plantae
152545612,https://www.gbif.org/species/3173338,Buddleja davidii Franch.,ACCEPTED,3173338,Buddleja davidii Franch.,SPECIES,Plantae
152545614,https://www.gbif.org/species/7477038,Scrophularia scorodonia L.,ACCEPTED,7477038,Scrophularia scorodonia L.,SPECIES,Plantae
152545615,https://www.gbif.org/species/7810918,Scrophularia vernalis L.,ACCEPTED,7810918,Scrophularia vernalis L.,SPECIES,Plantae
152545616,https://www.gbif.org/species/8186932,Scrophularia scopolii Hoppe ex Pers.,DOUBTFUL,8186932,Scrophularia scopolii Hoppe ex Pers.,SPECIES,Plantae
152545617,https://www.gbif.org/species/3170878,Scrophularia lanceolata Pursh,ACCEPTED,3170878,Scrophularia lanceolata Pursh,SPECIES,Plantae
152545619,https://www.gbif.org/species/8949622,Verbascum chaixii Vill.,ACCEPTED,8949622,Verbascum chaixii Vill.,SPECIES,Plantae
152545620,https://www.gbif.org/species/7353862,Verbascum ×divaricatum Kitt.,ACCEPTED,7353862,Verbascum ×divaricatum Kitt.,SPECIES,Plantae
152545621,https://www.gbif.org/species/3740974,Verbascum ×brockmuelleri Ruhmer,ACCEPTED,3740974,Verbascum ×brockmuelleri Ruhmer,SPECIES,Plantae
152545622,https://www.gbif.org/species/3741432,Verbascum banaticum Schrad.,ACCEPTED,3741432,Verbascum banaticum Schrad.,SPECIES,Plantae
152545623,https://www.gbif.org/species/3171948,Verbascum phlomoides L.,ACCEPTED,3171948,Verbascum phlomoides L.,SPECIES,Plantae
152545624,https://www.gbif.org/species/3171946,Verbascum sinuatum L.,ACCEPTED,3171946,Verbascum sinuatum L.,SPECIES,Plantae
152545625,https://www.gbif.org/species/3171952,Verbascum speciosum Schrad.,ACCEPTED,3171952,Verbascum speciosum Schrad.,SPECIES,Plantae
152545626,https://www.gbif.org/species/3171951,Verbascum phoeniceum L.,ACCEPTED,3171951,Verbascum phoeniceum L.,SPECIES,Plantae
152545627,https://www.gbif.org/species/3171954,Verbascum virgatum Stokes,ACCEPTED,3171954,Verbascum virgatum Stokes,SPECIES,Plantae
152545630,https://www.gbif.org/species/3171888,Lindernia dubia (L.) Pennell,ACCEPTED,3171888,Lindernia dubia (L.) Pennell,SPECIES,Plantae
152545635,https://www.gbif.org/species/8114833,Anarrhinum bellidifolium (L.) Willd.,ACCEPTED,8114833,Anarrhinum bellidifolium (L.) Willd.,SPECIES,Plantae
152545637,https://www.gbif.org/species/7333320,Ellisiophyllum pinnatum (Wall. ex Benth.) Makino,ACCEPTED,7333320,Ellisiophyllum pinnatum (Wall. ex Benth.) Makino,SPECIES,Plantae
152545641,https://www.gbif.org/species/7331861,Cymbalaria muralis subsp. muralis,ACCEPTED,7331861,Cymbalaria muralis subsp. muralis,SUBSPECIES,Plantae
152545643,https://www.gbif.org/species/5559837,Cymbalaria pallida (Ten.) Wettst.,ACCEPTED,5559837,Cymbalaria pallida (Ten.) Wettst.,SPECIES,Plantae
152545645,https://www.gbif.org/species/5414959,Collinsia heterophylla Buist ex Graham,ACCEPTED,5414959,Collinsia heterophylla Buist ex Graham,SPECIES,Plantae
152545647,https://www.gbif.org/species/7683374,Linaria hirta (L.) Moench,ACCEPTED,7683374,Linaria hirta (L.) Moench,SPECIES,Plantae
152545648,https://www.gbif.org/species/7848321,Linaria triornithophora (L.) Willd.,ACCEPTED,7848321,Linaria triornithophora (L.) Willd.,SPECIES,Plantae
152545649,https://www.gbif.org/species/7963687,Linaria chalepensis (L.) Mill.,ACCEPTED,7963687,Linaria chalepensis (L.) Mill.,SPECIES,Plantae
152545650,https://www.gbif.org/species/8287616,Linaria simplex (Willd.) DC.,ACCEPTED,8287616,Linaria simplex (Willd.) DC.,SPECIES,Plantae
152545652,https://www.gbif.org/species/5415018,Linaria incarnata (Vent.) Spreng.,ACCEPTED,5415018,Linaria incarnata (Vent.) Spreng.,SPECIES,Plantae
152545653,https://www.gbif.org/species/5415012,Linaria purpurea (L.) Mill.,ACCEPTED,5415012,Linaria purpurea (L.) Mill.,SPECIES,Plantae
152545654,https://www.gbif.org/species/5415013,Linaria genistifolia (L.) Mill.,ACCEPTED,5415013,Linaria genistifolia (L.) Mill.,SPECIES,Plantae
152545655,https://www.gbif.org/species/5415014,Linaria angustissima (Loisel.) Borbás,ACCEPTED,5415014,Linaria angustissima (Loisel.) Borbás,SPECIES,Plantae
152545656,https://www.gbif.org/species/5415016,Linaria maroccana Hook.fil.,ACCEPTED,5415016,Linaria maroccana Hook.fil.,SPECIES,Plantae
152545658,https://www.gbif.org/species/5414932,Chelone obliqua L.,ACCEPTED,5414932,Chelone obliqua L.,SPECIES,Plantae
152545660,https://www.gbif.org/species/3738796,Misopates calycinum (Lange) Rothm.,ACCEPTED,3738796,Misopates calycinum (Lange) Rothm.,SPECIES,Plantae
152545662,https://www.gbif.org/species/3741446,Erinus alpinus L.,ACCEPTED,3741446,Erinus alpinus L.,SPECIES,Plantae
152545664,https://www.gbif.org/species/3729273,Asarina procumbens Mill.,ACCEPTED,3729273,Asarina procumbens Mill.,SPECIES,Plantae
152545666,https://www.gbif.org/species/7727786,Plantago loeflingii L.,ACCEPTED,7727786,Plantago loeflingii L.,SPECIES,Plantae
152545667,https://www.gbif.org/species/8022932,Plantago lagopus L.,ACCEPTED,8022932,Plantago lagopus L.,SPECIES,Plantae
152545668,https://www.gbif.org/species/7303104,Plantago afra L.,ACCEPTED,7303104,Plantago afra L.,SPECIES,Plantae
152545669,https://www.gbif.org/species/7303024,Plantago myosuros Lam.,ACCEPTED,7303024,Plantago myosuros Lam.,SPECIES,Plantae
152545670,https://www.gbif.org/species/7303117,Plantago sempervirens Crantz,ACCEPTED,7303117,Plantago sempervirens Crantz,SPECIES,Plantae
152545671,https://www.gbif.org/species/3189723,Plantago ovata Forssk.,ACCEPTED,3189723,Plantago ovata Forssk.,SPECIES,Plantae
152545672,https://www.gbif.org/species/3189762,Plantago arenaria Waldst. & Kit.,ACCEPTED,3189762,Plantago arenaria Waldst. & Kit.,SPECIES,Plantae
152545673,https://www.gbif.org/species/3189760,Plantago heterophylla Nutt.,ACCEPTED,3189760,Plantago heterophylla Nutt.,SPECIES,Plantae
152545675,https://www.gbif.org/species/3172206,Veronicastrum virginicum (L.) Farw.,ACCEPTED,3172206,Veronicastrum virginicum (L.) Farw.,SPECIES,Plantae
152545677,https://www.gbif.org/species/7784175,Veronica glauca Sibth. & Sm.,ACCEPTED,7784175,Veronica glauca Sibth. & Sm.,SPECIES,Plantae
152545678,https://www.gbif.org/species/3732995,Veronica ceratocarpa C.A.Mey.,ACCEPTED,3732995,Veronica ceratocarpa C.A.Mey.,SPECIES,Plantae
152545679,https://www.gbif.org/species/3172104,Veronica peregrina L.,ACCEPTED,3172104,Veronica peregrina L.,SPECIES,Plantae
152545680,https://www.gbif.org/species/3172118,Veronica longifolia L.,ACCEPTED,3172118,Veronica longifolia L.,SPECIES,Plantae
152545681,https://www.gbif.org/species/3172077,Veronica persica Poir.,ACCEPTED,3172077,Veronica persica Poir.,SPECIES,Plantae
152545682,https://www.gbif.org/species/3172100,Veronica filiformis Sm.,ACCEPTED,3172100,Veronica filiformis Sm.,SPECIES,Plantae
152545683,https://www.gbif.org/species/3172059,Veronica spicata L.,ACCEPTED,3172059,Veronica spicata L.,SPECIES,Plantae
152545684,https://www.gbif.org/species/3172068,Veronica cymbalaria Bodard,ACCEPTED,3172068,Veronica cymbalaria Bodard,SPECIES,Plantae
152545685,https://www.gbif.org/species/3172066,Veronica campylopoda Boiss.,ACCEPTED,3172066,Veronica campylopoda Boiss.,SPECIES,Plantae
152545687,https://www.gbif.org/species/7333212,Antirrhinum graniticum Rothm.,ACCEPTED,7333212,Antirrhinum graniticum Rothm.,SPECIES,Plantae
152545688,https://www.gbif.org/species/3172001,Antirrhinum majus L.,ACCEPTED,3172001,Antirrhinum majus L.,SPECIES,Plantae
152545691,https://www.gbif.org/species/9508942,Origanum vulgare subsp. hirtum (Link) A.Terracc.,ACCEPTED,9508942,Origanum vulgare subsp. hirtum (Link) A.Terracc.,SUBSPECIES,Plantae
152545693,https://www.gbif.org/species/6410563,Leonurus japonicus Houtt.,ACCEPTED,6410563,Leonurus japonicus Houtt.,SPECIES,Plantae
152545694,https://www.gbif.org/species/7307492,Leonurus quinquelobatus Gilib.,ACCEPTED,7307492,Leonurus quinquelobatus Gilib.,SPECIES,Plantae
152545696,https://www.gbif.org/species/6409536,Ballota nigra subsp. nigra,ACCEPTED,6409536,Ballota nigra subsp. nigra,SUBSPECIES,Plantae
152545698,https://www.gbif.org/species/7307327,Agastache rugosa (Fisch. & C.A.Mey.) Kuntze,ACCEPTED,7307327,Agastache rugosa (Fisch. & C.A.Mey.) Kuntze,SPECIES,Plantae
152545700,https://www.gbif.org/species/7309012,Callicarpa bodinieri H.Lév.,ACCEPTED,7309012,Callicarpa bodinieri H.Lév.,SPECIES,Plantae
152545702,https://www.gbif.org/species/7308640,Caryopteris incana (Thunb. ex Houtt.) Miq.,ACCEPTED,7308640,Caryopteris incana (Thunb. ex Houtt.) Miq.,SPECIES,Plantae
152545704,https://www.gbif.org/species/5605751,Lycopus exaltatus L.f.,ACCEPTED,5605751,Lycopus exaltatus L.f.,SPECIES,Plantae
152545706,https://www.gbif.org/species/5608183,Lallemantia iberica (M.Bieb.) Fisch. & C.A.Mey.,ACCEPTED,5608183,Lallemantia iberica (M.Bieb.) Fisch. & C.A.Mey.,SPECIES,Plantae
152545708,https://www.gbif.org/species/5341387,Hyssopus officinalis L.,ACCEPTED,5341387,Hyssopus officinalis L.,SPECIES,Plantae
152545710,https://www.gbif.org/species/5341373,Scutellaria altissima L.,ACCEPTED,5341373,Scutellaria altissima L.,SPECIES,Plantae
152545712,https://www.gbif.org/species/5341310,Galeopsis pubescens Besser,ACCEPTED,5341310,Galeopsis pubescens Besser,SPECIES,Plantae
152545714,https://www.gbif.org/species/5341501,Melissa officinalis L.,ACCEPTED,5341501,Melissa officinalis L.,SPECIES,Plantae
152545716,https://www.gbif.org/species/7350989,Nepeta ×faassenii Bergmans ex Stearn,ACCEPTED,7350989,Nepeta ×faassenii Bergmans ex Stearn,SPECIES,Plantae
152545717,https://www.gbif.org/species/5341498,Nepeta grandiflora M.Bieb.,ACCEPTED,5341498,Nepeta grandiflora M.Bieb.,SPECIES,Plantae
152545718,https://www.gbif.org/species/5341497,Nepeta racemosa Lam.,ACCEPTED,5341497,Nepeta racemosa Lam.,SPECIES,Plantae
152545720,https://www.gbif.org/species/5607452,Thymus ×citriodorus (Pers.) Schreb.,ACCEPTED,5607452,Thymus ×citriodorus (Pers.) Schreb.,SPECIES,Plantae
152545721,https://www.gbif.org/species/5341442,Thymus vulgaris L.,ACCEPTED,5341442,Thymus vulgaris L.,SPECIES,Plantae
152545723,https://www.gbif.org/species/5341394,Perilla frutescens (L.) Britton,ACCEPTED,5341394,Perilla frutescens (L.) Britton,SPECIES,Plantae
152545725,https://www.gbif.org/species/4930999,Amethystea caerulea L.,ACCEPTED,4930999,Amethystea caerulea L.,SPECIES,Plantae
152545727,https://www.gbif.org/species/7096205,Clinopodium nepeta subsp. nepeta,ACCEPTED,7096205,Clinopodium nepeta subsp. nepeta,SUBSPECIES,Plantae
152545733,https://www.gbif.org/species/3886505,Phlomis russeliana (Sims) Lag. ex Benth.,ACCEPTED,3886505,Phlomis russeliana (Sims) Lag. ex Benth.,SPECIES,Plantae
152545735,https://www.gbif.org/species/8118326,Teucrium resupinatum Desf.,ACCEPTED,8118326,Teucrium resupinatum Desf.,SPECIES,Plantae
152545736,https://www.gbif.org/species/3895710,Teucrium ×lucidrys Boom,ACCEPTED,3895710,Teucrium ×lucidrys Boom,SPECIES,Plantae
152545737,https://www.gbif.org/species/3896282,Teucrium hircanicum L.,ACCEPTED,3896282,Teucrium hircanicum L.,SPECIES,Plantae
152545739,https://www.gbif.org/species/6411098,Lamium galeobdolon subsp. argentatum (Smejkal) J.Duvign.,ACCEPTED,6411098,Lamium galeobdolon subsp. argentatum (Smejkal) J.Duvign.,SUBSPECIES,Plantae
152545740,https://www.gbif.org/species/7308043,Lamium garganicum subsp. garganicum,ACCEPTED,7308043,Lamium garganicum subsp. garganicum,SUBSPECIES,Plantae
152545741,https://www.gbif.org/species/3892732,Lamium orvala L.,ACCEPTED,3892732,Lamium orvala L.,SPECIES,Plantae
152545743,https://www.gbif.org/species/3905970,Marrubium peregrinum L.,ACCEPTED,3905970,Marrubium peregrinum L.,SPECIES,Plantae
152545745,https://www.gbif.org/species/2927096,Ocimum basilicum L.,ACCEPTED,2927096,Ocimum basilicum L.,SPECIES,Plantae
152545747,https://www.gbif.org/species/3902360,Mentha cervina L.,ACCEPTED,3902360,Mentha cervina L.,SPECIES,Plantae
152545748,https://www.gbif.org/species/2927174,Mentha requienii Benth.,ACCEPTED,2927174,Mentha requienii Benth.,SPECIES,Plantae
152545750,https://www.gbif.org/species/2927075,Elsholtzia ciliata (Thunb.) Hyl.,ACCEPTED,2927075,Elsholtzia ciliata (Thunb.) Hyl.,SPECIES,Plantae
152545752,https://www.gbif.org/species/3885185,Stachys atherocalyx K.Koch,ACCEPTED,3885185,Stachys atherocalyx K.Koch,SPECIES,Plantae
152545753,https://www.gbif.org/species/2927296,Stachys cretica L.,ACCEPTED,2927296,Stachys cretica L.,SPECIES,Plantae
152545754,https://www.gbif.org/species/2927230,Stachys byzantina K.Koch,ACCEPTED,2927230,Stachys byzantina K.Koch,SPECIES,Plantae
152545756,https://www.gbif.org/species/2927224,Dracocephalum thymiflorum L.,ACCEPTED,2927224,Dracocephalum thymiflorum L.,SPECIES,Plantae
152545757,https://www.gbif.org/species/2927222,Dracocephalum moldavica L.,ACCEPTED,2927222,Dracocephalum moldavica L.,SPECIES,Plantae
152545758,https://www.gbif.org/species/2927220,Dracocephalum parviflorum Nutt.,ACCEPTED,2927220,Dracocephalum parviflorum Nutt.,SPECIES,Plantae
152545760,https://www.gbif.org/species/7307829,Lavandula dentata L.,ACCEPTED,7307829,Lavandula dentata L.,SPECIES,Plantae
152545761,https://www.gbif.org/species/2927303,Lavandula stoechas L.,ACCEPTED,2927303,Lavandula stoechas L.,SPECIES,Plantae
152545762,https://www.gbif.org/species/2927305,Lavandula angustifolia Mill.,ACCEPTED,2927305,Lavandula angustifolia Mill.,SPECIES,Plantae
152545764,https://www.gbif.org/species/6409706,Salvia verbenaca L.,ACCEPTED,6409706,Salvia verbenaca L.,SPECIES,Plantae
152545765,https://www.gbif.org/species/3883959,Salvia viridis L.,ACCEPTED,3883959,Salvia viridis L.,SPECIES,Plantae
152545766,https://www.gbif.org/species/2927028,Salvia nemorosa L.,ACCEPTED,2927028,Salvia nemorosa L.,SPECIES,Plantae
152545767,https://www.gbif.org/species/2927026,Salvia glutinosa L.,ACCEPTED,2927026,Salvia glutinosa L.,SPECIES,Plantae
152545768,https://www.gbif.org/species/2927030,Salvia aethiopis L.,ACCEPTED,2927030,Salvia aethiopis L.,SPECIES,Plantae
152545769,https://www.gbif.org/species/2926992,Salvia hispanica L.,ACCEPTED,2926992,Salvia hispanica L.,SPECIES,Plantae
152545770,https://www.gbif.org/species/2927000,Salvia sclarea L.,ACCEPTED,2927000,Salvia sclarea L.,SPECIES,Plantae
152545771,https://www.gbif.org/species/2926995,Salvia verticillata L.,ACCEPTED,2926995,Salvia verticillata L.,SPECIES,Plantae
152545772,https://www.gbif.org/species/2927004,Salvia officinalis L.,ACCEPTED,2927004,Salvia officinalis L.,SPECIES,Plantae
152545773,https://www.gbif.org/species/2927001,Salvia reflexa Hornem.,ACCEPTED,2927001,Salvia reflexa Hornem.,SPECIES,Plantae
152545775,https://www.gbif.org/species/2926572,Physostegia virginiana (L.) Benth.,ACCEPTED,2926572,Physostegia virginiana (L.) Benth.,SPECIES,Plantae
152545777,https://www.gbif.org/species/2926686,Sideritis lanata L.,ACCEPTED,2926686,Sideritis lanata L.,SPECIES,Plantae
152545778,https://www.gbif.org/species/2926688,Sideritis montana L.,ACCEPTED,2926688,Sideritis montana L.,SPECIES,Plantae
152545780,https://www.gbif.org/species/2926885,Satureja hortensis L.,ACCEPTED,2926885,Satureja hortensis L.,SPECIES,Plantae
152545781,https://www.gbif.org/species/2926884,Satureja montana L.,ACCEPTED,2926884,Satureja montana L.,SPECIES,Plantae
152545783,https://www.gbif.org/species/2925366,Clerodendrum trichotomum Thunb.,ACCEPTED,2925366,Clerodendrum trichotomum Thunb.,SPECIES,Plantae
152545784,https://www.gbif.org/species/2925351,Clerodendrum bungei Steud.,ACCEPTED,2925351,Clerodendrum bungei Steud.,SPECIES,Plantae
152545787,https://www.gbif.org/species/7455425,Phyla nodiflora var. minor (Gillies & Hook.) N.O'Leary & Múlgura,ACCEPTED,7455425,Phyla nodiflora var. minor (Gillies & Hook.) N.O'Leary & Múlgura,VARIETY,Plantae
152545792,https://www.gbif.org/species/2925532,Verbena bracteata Cav. ex Lag. & Rodr.,ACCEPTED,2925532,Verbena bracteata Cav. ex Lag. & Rodr.,SPECIES,Plantae
152545793,https://www.gbif.org/species/2925496,Verbena rigida Spreng.,ACCEPTED,2925496,Verbena rigida Spreng.,SPECIES,Plantae
152545794,https://www.gbif.org/species/2925514,Verbena bonariensis L.,ACCEPTED,2925514,Verbena bonariensis L.,SPECIES,Plantae
152545795,https://www.gbif.org/species/2925492,Verbena supina L.,ACCEPTED,2925492,Verbena supina L.,SPECIES,Plantae
152545796,https://www.gbif.org/species/2925527,Verbena hastata L.,ACCEPTED,2925527,Verbena hastata L.,SPECIES,Plantae
152545797,https://www.gbif.org/species/2925530,Verbena urticifolia L.,ACCEPTED,2925530,Verbena urticifolia L.,SPECIES,Plantae
152545798,https://www.gbif.org/species/2925515,Verbena halei Small,ACCEPTED,2925515,Verbena halei Small,SPECIES,Plantae
152545799,https://www.gbif.org/species/2925518,Verbena brasiliensis Vell.,ACCEPTED,2925518,Verbena brasiliensis Vell.,SPECIES,Plantae
152545803,https://www.gbif.org/species/7270761,Actinidia deliciosa (A.Chev.) C.F.Liang & A.R.Ferguson,SYNONYM,6550091,Actinidia chinensis var. deliciosa (A.Chev.) A.Chev.,VARIETY,Plantae
152545806,https://www.gbif.org/species/5421385,Sarracenia rubra Walter,ACCEPTED,5421385,Sarracenia rubra Walter,SPECIES,Plantae
152545807,https://www.gbif.org/species/5421389,Sarracenia purpurea L.,ACCEPTED,5421389,Sarracenia purpurea L.,SPECIES,Plantae
152545810,https://www.gbif.org/species/3646556,Pterostyrax hispidus Siebold & Zucc.,ACCEPTED,3646556,Pterostyrax hispidus Siebold & Zucc.,SPECIES,Plantae
152545813,https://www.gbif.org/species/7127354,Cyclamen coum Mill.,ACCEPTED,7127354,Cyclamen coum Mill.,SPECIES,Plantae
152545814,https://www.gbif.org/species/7127810,Cyclamen hederifolium Aiton,ACCEPTED,7127810,Cyclamen hederifolium Aiton,SPECIES,Plantae
152545816,https://www.gbif.org/species/5640518,Primula florindae Kingdon-Ward,ACCEPTED,5640518,Primula florindae Kingdon-Ward,SPECIES,Plantae
152545817,https://www.gbif.org/species/5641274,Primula denticulata Sm.,ACCEPTED,5641274,Primula denticulata Sm.,SPECIES,Plantae
152545820,https://www.gbif.org/species/4005004,Lysimachia fortunei Maxim.,ACCEPTED,4005004,Lysimachia fortunei Maxim.,SPECIES,Plantae
152545821,https://www.gbif.org/species/4007682,Lysimachia linum-stellatum L.,ACCEPTED,4007682,Lysimachia linum-stellatum L.,SPECIES,Plantae
152545822,https://www.gbif.org/species/3169391,Lysimachia ciliata L.,ACCEPTED,3169391,Lysimachia ciliata L.,SPECIES,Plantae
152545823,https://www.gbif.org/species/3169340,Lysimachia punctata L.,ACCEPTED,3169340,Lysimachia punctata L.,SPECIES,Plantae
152545825,https://www.gbif.org/species/3169329,Androsace maxima L.,ACCEPTED,3169329,Androsace maxima L.,SPECIES,Plantae
152545828,https://www.gbif.org/species/7223680,Gilia capitata subsp. capitata,ACCEPTED,7223680,Gilia capitata subsp. capitata,SUBSPECIES,Plantae
152545829,https://www.gbif.org/species/5659657,Gilia capitata subsp. mediomontana V.E.Grant,ACCEPTED,5659657,Gilia capitata subsp. mediomontana V.E.Grant,SUBSPECIES,Plantae
152545830,https://www.gbif.org/species/5341558,Gilia tricolor Benth.,ACCEPTED,5341558,Gilia tricolor Benth.,SPECIES,Plantae
152545831,https://www.gbif.org/species/5341540,Gilia achilleifolia Benth.,ACCEPTED,5341540,Gilia achilleifolia Benth.,SPECIES,Plantae
152545833,https://www.gbif.org/species/2927850,Polemonium caeruleum L.,ACCEPTED,2927850,Polemonium caeruleum L.,SPECIES,Plantae
152545835,https://www.gbif.org/species/2927727,Phlox subulata L.,ACCEPTED,2927727,Phlox subulata L.,SPECIES,Plantae
152545836,https://www.gbif.org/species/2927744,Phlox paniculata L.,ACCEPTED,2927744,Phlox paniculata L.,SPECIES,Plantae
152545837,https://www.gbif.org/species/2927783,Phlox maculata L.,ACCEPTED,2927783,Phlox maculata L.,SPECIES,Plantae
152545839,https://www.gbif.org/species/2927684,Navarretia squarrosa (Eschsch.) Hook. & Arn.,ACCEPTED,2927684,Navarretia squarrosa (Eschsch.) Hook. & Arn.,SPECIES,Plantae
152545842,https://www.gbif.org/species/2891782,Impatiens parviflora DC.,ACCEPTED,2891782,Impatiens parviflora DC.,SPECIES,Plantae
152545843,https://www.gbif.org/species/2891774,Impatiens capensis Meerb.,ACCEPTED,2891774,Impatiens capensis Meerb.,SPECIES,Plantae
152545844,https://www.gbif.org/species/2891783,Impatiens balfourii Hook.fil.,ACCEPTED,2891783,Impatiens balfourii Hook.fil.,SPECIES,Plantae
152545845,https://www.gbif.org/species/2891770,Impatiens glandulifera Royle,ACCEPTED,2891770,Impatiens glandulifera Royle,SPECIES,Plantae
152545850,https://www.gbif.org/species/7135755,Rhododendron luteum Sweet,ACCEPTED,7135755,Rhododendron luteum Sweet,SPECIES,Plantae
152545851,https://www.gbif.org/species/7327990,Rhododendron ponticum L.,ACCEPTED,7327990,Rhododendron ponticum L.,SPECIES,Plantae
152545853,https://www.gbif.org/species/5682465,Erica carnea L.,ACCEPTED,5682465,Erica carnea L.,SPECIES,Plantae
152545854,https://www.gbif.org/species/5333408,Erica vagans L.,ACCEPTED,5333408,Erica vagans L.,SPECIES,Plantae
152545856,https://www.gbif.org/species/5333354,Leucothoe fontanesiana (Steud.) Sleumer,ACCEPTED,5333354,Leucothoe fontanesiana (Steud.) Sleumer,SPECIES,Plantae
152545858,https://www.gbif.org/species/2882753,Gaultheria procumbens L.,ACCEPTED,2882753,Gaultheria procumbens L.,SPECIES,Plantae
152545861,https://www.gbif.org/species/2882849,Vaccinium corymbosum L.,ACCEPTED,2882849,Vaccinium corymbosum L.,SPECIES,Plantae
152545865,https://www.gbif.org/species/2888298,Moneses uniflora (L.) A.Gray,ACCEPTED,2888298,Moneses uniflora (L.) A.Gray,SPECIES,Plantae
152545867,https://www.gbif.org/species/2883007,Kalmia angustifolia L.,ACCEPTED,2883007,Kalmia angustifolia L.,SPECIES,Plantae
152545869,https://www.gbif.org/species/2888310,Orthilia secunda (L.) House,ACCEPTED,2888310,Orthilia secunda (L.) House,SPECIES,Plantae
152545872,https://www.gbif.org/species/2888323,Clethra alnifolia L.,ACCEPTED,2888323,Clethra alnifolia L.,SPECIES,Plantae
152545876,https://www.gbif.org/species/7802465,Nymphaea ×marliacea Lat.-Marl.,ACCEPTED,7802465,Nymphaea ×marliacea Lat.-Marl.,SPECIES,Plantae
152545879,https://www.gbif.org/species/2882443,Cabomba caroliniana A.Gray,ACCEPTED,2882443,Cabomba caroliniana A.Gray,SPECIES,Plantae
152545883,https://www.gbif.org/species/5621983,Echinopsis silvestrii Speg.,SYNONYM,7282357,Echinopsis albispinosa K.Schum.,SPECIES,Plantae
152545886,https://www.gbif.org/species/3190845,Drosera linearis Goldie,ACCEPTED,3190845,Drosera linearis Goldie,SPECIES,Plantae
152545891,https://www.gbif.org/species/4090836,Armeria maritima subsp. elongata (Hoffm.) Bonnier,ACCEPTED,4090836,Armeria maritima subsp. elongata (Hoffm.) Bonnier,SUBSPECIES,Plantae
152545893,https://www.gbif.org/species/3082297,Limonium sinuatum (L.) Mill.,ACCEPTED,3082297,Limonium sinuatum (L.) Mill.,SPECIES,Plantae
152545896,https://www.gbif.org/species/7407436,"Chenopodiastrum simplex (Torr.) S.Fuentes, Uotila & Borsch",ACCEPTED,7407436,"Chenopodiastrum simplex (Torr.) S.Fuentes, Uotila & Borsch",SPECIES,Plantae
152545899,https://www.gbif.org/species/7846821,"Oxybasis macrosperma (Hook.fil.) S.Fuentes, Uotila & Borsch",ACCEPTED,7846821,"Oxybasis macrosperma (Hook.fil.) S.Fuentes, Uotila & Borsch",SPECIES,Plantae
152545901,https://www.gbif.org/species/7933495,Sclerolaena muricata (Moq.) Domin,ACCEPTED,7933495,Sclerolaena muricata (Moq.) Domin,SPECIES,Plantae
152545903,https://www.gbif.org/species/8243150,Spirobassia hirsuta (L.) Freitag & G.Kadereit,ACCEPTED,8243150,Spirobassia hirsuta (L.) Freitag & G.Kadereit,SPECIES,Plantae
152545905,https://www.gbif.org/species/6447806,Axyris amaranthoides L.,ACCEPTED,6447806,Axyris amaranthoides L.,SPECIES,Plantae
152545907,https://www.gbif.org/species/7323632,Ptilotus spicatus F.Muell. ex Benth.,ACCEPTED,7323632,Ptilotus spicatus F.Muell. ex Benth.,SPECIES,Plantae
152545909,https://www.gbif.org/species/7707087,Dysphania glomulifera (Nees) Paul G.Wilson,ACCEPTED,7707087,Dysphania glomulifera (Nees) Paul G.Wilson,SPECIES,Plantae
152545910,https://www.gbif.org/species/7877091,Dysphania pseudomultiflora (Murr) Verloove & Lambinon,ACCEPTED,7877091,Dysphania pseudomultiflora (Murr) Verloove & Lambinon,SPECIES,Plantae
152545911,https://www.gbif.org/species/5568446,Dysphania ambrosioides (L.) Mosyakin & Clemants,ACCEPTED,5568446,Dysphania ambrosioides (L.) Mosyakin & Clemants,SPECIES,Plantae
152545912,https://www.gbif.org/species/5568322,Dysphania schraderiana (Schult.) Mosyakin & Clemants,ACCEPTED,5568322,Dysphania schraderiana (Schult.) Mosyakin & Clemants,SPECIES,Plantae
152545913,https://www.gbif.org/species/5568339,Dysphania pumilio (R.Br.) Mosyakin & Clemants,ACCEPTED,5568339,Dysphania pumilio (R.Br.) Mosyakin & Clemants,SPECIES,Plantae
152545914,https://www.gbif.org/species/5568361,Dysphania multifida (L.) Mosyakin & Clemants,ACCEPTED,5568361,Dysphania multifida (L.) Mosyakin & Clemants,SPECIES,Plantae
152545915,https://www.gbif.org/species/5568415,Dysphania cristata (F.Muell.) Mosyakin & Clemants,ACCEPTED,5568415,Dysphania cristata (F.Muell.) Mosyakin & Clemants,SPECIES,Plantae
152545916,https://www.gbif.org/species/5568424,Dysphania carinata (R.Br.) Mosyakin & Clemants,ACCEPTED,5568424,Dysphania carinata (R.Br.) Mosyakin & Clemants,SPECIES,Plantae
152545917,https://www.gbif.org/species/5568428,Dysphania botrys (L.) Mosyakin & Clemants,ACCEPTED,5568428,Dysphania botrys (L.) Mosyakin & Clemants,SPECIES,Plantae
152545918,https://www.gbif.org/species/5568442,Dysphania anthelmintica (L.) Mosyakin & Clemants,ACCEPTED,5568442,Dysphania anthelmintica (L.) Mosyakin & Clemants,SPECIES,Plantae
152545920,https://www.gbif.org/species/5568188,Bassia laniflora (S.G.Gmel.) A.J.Scott,ACCEPTED,5568188,Bassia laniflora (S.G.Gmel.) A.J.Scott,SPECIES,Plantae
152545921,https://www.gbif.org/species/5383909,Bassia hyssopifolia (Pall.) Kuntze,ACCEPTED,5383909,Bassia hyssopifolia (Pall.) Kuntze,SPECIES,Plantae
152545923,https://www.gbif.org/species/7068845,Beta vulgaris subsp. vulgaris,ACCEPTED,7068845,Beta vulgaris subsp. vulgaris,SUBSPECIES,Plantae
152545924,https://www.gbif.org/species/5567951,Beta macrocarpa Guss.,ACCEPTED,5567951,Beta macrocarpa Guss.,SPECIES,Plantae
152545925,https://www.gbif.org/species/5383926,Beta trigyna Waldst. & Kit.,ACCEPTED,5383926,Beta trigyna Waldst. & Kit.,SPECIES,Plantae
152545927,https://www.gbif.org/species/5568899,Blitum nuttallianum Roem. & Schult.,ACCEPTED,5568899,Blitum nuttallianum Roem. & Schult.,SPECIES,Plantae
152545928,https://www.gbif.org/species/5383969,Blitum virgatum L.,ACCEPTED,5383969,Blitum virgatum L.,SPECIES,Plantae
152545929,https://www.gbif.org/species/5383971,Blitum capitatum L.,ACCEPTED,5383971,Blitum capitatum L.,SPECIES,Plantae
152545931,https://www.gbif.org/species/9080185,Amaranthus hypochondriacus L.,ACCEPTED,9080185,Amaranthus hypochondriacus L.,SPECIES,Plantae
152545932,https://www.gbif.org/species/8911082,Amaranthus blitum L.,ACCEPTED,8911082,Amaranthus blitum L.,SPECIES,Plantae
152545933,https://www.gbif.org/species/7576335,Amaranthus ozanonii Piszter,DOUBTFUL,7576335,Amaranthus ozanonii Piszter,SPECIES,Plantae
152545934,https://www.gbif.org/species/7905507,Amaranthus albus L.,ACCEPTED,7905507,Amaranthus albus L.,SPECIES,Plantae
152545935,https://www.gbif.org/species/6109534,Amaranthus retroflexus L.,ACCEPTED,6109534,Amaranthus retroflexus L.,SPECIES,Plantae
152545936,https://www.gbif.org/species/6109611,Amaranthus caudatus L.,ACCEPTED,6109611,Amaranthus caudatus L.,SPECIES,Plantae
152545937,https://www.gbif.org/species/7323834,Amaranthus macrocarpus var. macrocarpus,ACCEPTED,7323834,Amaranthus macrocarpus var. macrocarpus,VARIETY,Plantae
152545938,https://www.gbif.org/species/7323810,Amaranthus mitchellii Benth.,ACCEPTED,7323810,Amaranthus mitchellii Benth.,SPECIES,Plantae
152545939,https://www.gbif.org/species/7323711,Amaranthus quitensis Kunth,ACCEPTED,7323711,Amaranthus quitensis Kunth,SPECIES,Plantae
152545940,https://www.gbif.org/species/7323341,Amaranthus capensis subsp. capensis,ACCEPTED,7323341,Amaranthus capensis subsp. capensis,SUBSPECIES,Plantae
152545941,https://www.gbif.org/species/5384396,Amaranthus deflexus L.,ACCEPTED,5384396,Amaranthus deflexus L.,SPECIES,Plantae
152545942,https://www.gbif.org/species/5384395,Amaranthus blitoides S.Watson,ACCEPTED,5384395,Amaranthus blitoides S.Watson,SPECIES,Plantae
152545943,https://www.gbif.org/species/5384401,Amaranthus spinosus L.,ACCEPTED,5384401,Amaranthus spinosus L.,SPECIES,Plantae
152545944,https://www.gbif.org/species/5548401,Amaranthus standleyanus Parodi ex Covas,ACCEPTED,5548401,Amaranthus standleyanus Parodi ex Covas,SPECIES,Plantae
152545945,https://www.gbif.org/species/5548011,Amaranthus capensis subsp. uncinatus (Thell.) Brenan,ACCEPTED,5548011,Amaranthus capensis subsp. uncinatus (Thell.) Brenan,SUBSPECIES,Plantae
152545946,https://www.gbif.org/species/5547989,Amaranthus clementii Domin,ACCEPTED,5547989,Amaranthus clementii Domin,SPECIES,Plantae
152545947,https://www.gbif.org/species/5384361,Amaranthus bouchonii Thell.,ACCEPTED,5384361,Amaranthus bouchonii Thell.,SPECIES,Plantae
152545949,https://www.gbif.org/species/5384370,Amaranthus scleropoides Uline & W.L.Bray,ACCEPTED,5384370,Amaranthus scleropoides Uline & W.L.Bray,SPECIES,Plantae
152545950,https://www.gbif.org/species/5384364,Amaranthus hybridus L.,ACCEPTED,5384364,Amaranthus hybridus L.,SPECIES,Plantae
152545951,https://www.gbif.org/species/5384383,Amaranthus thunbergii Moq.,ACCEPTED,5384383,Amaranthus thunbergii Moq.,SPECIES,Plantae
152545952,https://www.gbif.org/species/5384373,Amaranthus graecizans L.,ACCEPTED,5384373,Amaranthus graecizans L.,SPECIES,Plantae
152545953,https://www.gbif.org/species/5384393,Amaranthus palmeri S.Watson,ACCEPTED,5384393,Amaranthus palmeri S.Watson,SPECIES,Plantae
152545954,https://www.gbif.org/species/5384390,Amaranthus cruentus L.,ACCEPTED,5384390,Amaranthus cruentus L.,SPECIES,Plantae
152545955,https://www.gbif.org/species/5384334,Amaranthus viridis L.,ACCEPTED,5384334,Amaranthus viridis L.,SPECIES,Plantae
152545956,https://www.gbif.org/species/5384332,Amaranthus muricatus (Gillies ex Moq.) Hieron.,ACCEPTED,5384332,Amaranthus muricatus (Gillies ex Moq.) Hieron.,SPECIES,Plantae
152545957,https://www.gbif.org/species/5384342,Amaranthus polygonoides L.,ACCEPTED,5384342,Amaranthus polygonoides L.,SPECIES,Plantae
152545958,https://www.gbif.org/species/5384341,Amaranthus crispus (Lesp. & Thévenau) N.Terracc.,ACCEPTED,5384341,Amaranthus crispus (Lesp. & Thévenau) N.Terracc.,SPECIES,Plantae
152545960,https://www.gbif.org/species/3083603,Polycnemum arvense L.,ACCEPTED,3083603,Polycnemum arvense L.,SPECIES,Plantae
152545962,https://www.gbif.org/species/6447496,Atriplex leptocarpa F.Muell.,ACCEPTED,6447496,Atriplex leptocarpa F.Muell.,SPECIES,Plantae
152545963,https://www.gbif.org/species/3760099,Atriplex sagittata Borkh.,ACCEPTED,3760099,Atriplex sagittata Borkh.,SPECIES,Plantae
152545964,https://www.gbif.org/species/3083657,Atriplex oblongifolia Waldst. & Kit.,ACCEPTED,3083657,Atriplex oblongifolia Waldst. & Kit.,SPECIES,Plantae
152545965,https://www.gbif.org/species/3083702,Atriplex tatarica L.,ACCEPTED,3083702,Atriplex tatarica L.,SPECIES,Plantae
152545966,https://www.gbif.org/species/3083718,Atriplex halimus L.,ACCEPTED,3083718,Atriplex halimus L.,SPECIES,Plantae
152545967,https://www.gbif.org/species/3083667,Atriplex semibaccata R.Br.,ACCEPTED,3083667,Atriplex semibaccata R.Br.,SPECIES,Plantae
152545968,https://www.gbif.org/species/3083680,Atriplex micrantha Ledeb.,ACCEPTED,3083680,Atriplex micrantha Ledeb.,SPECIES,Plantae
152545969,https://www.gbif.org/species/3083761,Atriplex hortensis L.,ACCEPTED,3083761,Atriplex hortensis L.,SPECIES,Plantae
152545970,https://www.gbif.org/species/3083763,Atriplex sibirica L.,ACCEPTED,3083763,Atriplex sibirica L.,SPECIES,Plantae
152545971,https://www.gbif.org/species/3083745,Atriplex rosea L.,ACCEPTED,3083745,Atriplex rosea L.,SPECIES,Plantae
152545972,https://www.gbif.org/species/3083746,Atriplex holocarpa F.Muell.,ACCEPTED,3083746,Atriplex holocarpa F.Muell.,SPECIES,Plantae
152545973,https://www.gbif.org/species/3083771,Atriplex suberecta I.Verd.,ACCEPTED,3083771,Atriplex suberecta I.Verd.,SPECIES,Plantae
152545974,https://www.gbif.org/species/3083773,Atriplex muelleri Benth.,ACCEPTED,3083773,Atriplex muelleri Benth.,SPECIES,Plantae
152545976,https://www.gbif.org/species/3083647,Spinacia oleracea L.,ACCEPTED,3083647,Spinacia oleracea L.,SPECIES,Plantae
152545979,https://www.gbif.org/species/7644304,Chenopodium borbasioides A.Ludw.,ACCEPTED,7644304,Chenopodium borbasioides A.Ludw.,SPECIES,Plantae
152545980,https://www.gbif.org/species/6035549,Chenopodium striatiforme Murr,ACCEPTED,6035549,Chenopodium striatiforme Murr,SPECIES,Plantae
152545981,https://www.gbif.org/species/3757189,Chenopodium auricomiforme Murr & Thell.,ACCEPTED,3757189,Chenopodium auricomiforme Murr & Thell.,SPECIES,Plantae
152545982,https://www.gbif.org/species/3756650,Chenopodium ×reynieri Ludw. & Aellen,ACCEPTED,3756650,Chenopodium ×reynieri Ludw. & Aellen,SPECIES,Plantae
152545983,https://www.gbif.org/species/3756077,Chenopodium giganteum D.Don,ACCEPTED,3756077,Chenopodium giganteum D.Don,SPECIES,Plantae
152545984,https://www.gbif.org/species/3083903,Chenopodium opulifolium Schrad. ex W.D.J.Koch & Ziz,ACCEPTED,3083903,Chenopodium opulifolium Schrad. ex W.D.J.Koch & Ziz,SPECIES,Plantae
152545985,https://www.gbif.org/species/3083921,Chenopodium pratericola Rydb.,ACCEPTED,3083921,Chenopodium pratericola Rydb.,SPECIES,Plantae
152545986,https://www.gbif.org/species/3083934,Chenopodium hircinum Schrad.,ACCEPTED,3083934,Chenopodium hircinum Schrad.,SPECIES,Plantae
152545987,https://www.gbif.org/species/3083905,Chenopodium suecicum Murr,ACCEPTED,3083905,Chenopodium suecicum Murr,SPECIES,Plantae
152545988,https://www.gbif.org/species/3083920,Chenopodium berlandieri Moq.,ACCEPTED,3083920,Chenopodium berlandieri Moq.,SPECIES,Plantae
152545989,https://www.gbif.org/species/3083935,Chenopodium quinoa Willd.,ACCEPTED,3083935,Chenopodium quinoa Willd.,SPECIES,Plantae
152545991,https://www.gbif.org/species/3083975,Corispermum pallasii Steven,ACCEPTED,3083975,Corispermum pallasii Steven,SPECIES,Plantae
152545993,https://www.gbif.org/species/7606014,Alternanthera angustifolia R.Br.,ACCEPTED,7606014,Alternanthera angustifolia R.Br.,SPECIES,Plantae
152545994,https://www.gbif.org/species/3084922,Alternanthera paronychioides A.St.-Hil.,ACCEPTED,3084922,Alternanthera paronychioides A.St.-Hil.,SPECIES,Plantae
152545995,https://www.gbif.org/species/3084939,Alternanthera sessilis (L.) R.Br. ex DC.,ACCEPTED,3084939,Alternanthera sessilis (L.) R.Br. ex DC.,SPECIES,Plantae
152545996,https://www.gbif.org/species/3084949,Alternanthera pungens Kunth,ACCEPTED,3084949,Alternanthera pungens Kunth,SPECIES,Plantae
152545997,https://www.gbif.org/species/3084958,Alternanthera caracasana Kunth,ACCEPTED,3084958,Alternanthera caracasana Kunth,SPECIES,Plantae
152546000,https://www.gbif.org/species/3084611,Mollugo verticillata L.,ACCEPTED,3084611,Mollugo verticillata L.,SPECIES,Plantae
152546002,https://www.gbif.org/species/3084616,Glinus lotoides L.,ACCEPTED,3084616,Glinus lotoides L.,SPECIES,Plantae
152546005,https://www.gbif.org/species/3084015,Phytolacca americana L.,ACCEPTED,3084015,Phytolacca americana L.,SPECIES,Plantae
152546006,https://www.gbif.org/species/3084022,Phytolacca acinosa Roxb.,ACCEPTED,3084022,Phytolacca acinosa Roxb.,SPECIES,Plantae
152546009,https://www.gbif.org/species/4023424,"Portulaca trituberculata Danin, Domina & Raimondo",ACCEPTED,4023424,"Portulaca trituberculata Danin, Domina & Raimondo",SPECIES,Plantae
152546010,https://www.gbif.org/species/4022617,Portulaca nitida (Danin & H.G.Baker) Ricceri & Arrigoni,ACCEPTED,4022617,Portulaca nitida (Danin & H.G.Baker) Ricceri & Arrigoni,SPECIES,Plantae
152546011,https://www.gbif.org/species/4023278,Portulaca granulatostellulata (Poelln.) Ricceri & Arrigoni,ACCEPTED,4023278,Portulaca granulatostellulata (Poelln.) Ricceri & Arrigoni,SPECIES,Plantae
152546012,https://www.gbif.org/species/4021919,Portulaca sativa Haw.,ACCEPTED,4021919,Portulaca sativa Haw.,SPECIES,Plantae
152546013,https://www.gbif.org/species/4021920,Portulaca cypria Danin,ACCEPTED,4021920,Portulaca cypria Danin,SPECIES,Plantae
152546014,https://www.gbif.org/species/3084719,Portulaca oleracea L.,ACCEPTED,3084719,Portulaca oleracea L.,SPECIES,Plantae
152546015,https://www.gbif.org/species/3084700,Portulaca grandiflora Hook.,ACCEPTED,3084700,Portulaca grandiflora Hook.,SPECIES,Plantae
152546018,https://www.gbif.org/species/9376410,Delosperma cooperi (Hook.fil.) L.Bolus,ACCEPTED,9376410,Delosperma cooperi (Hook.fil.) L.Bolus,SPECIES,Plantae
152546020,https://www.gbif.org/species/5384307,Tetragonia tetragonioides (Pallas) Kuntze,ACCEPTED,5384307,Tetragonia tetragonioides (Pallas) Kuntze,SPECIES,Plantae
152546022,https://www.gbif.org/species/8185812,Mesembryanthemum cordifolium L.fil.,ACCEPTED,8185812,Mesembryanthemum cordifolium L.fil.,SPECIES,Plantae
152546023,https://www.gbif.org/species/3084837,Mesembryanthemum nodiflorum L.,ACCEPTED,3084837,Mesembryanthemum nodiflorum L.,SPECIES,Plantae
152546024,https://www.gbif.org/species/3084839,Mesembryanthemum crystallinum L.,ACCEPTED,3084839,Mesembryanthemum crystallinum L.,SPECIES,Plantae
152546026,https://www.gbif.org/species/3084842,Carpobrotus edulis (L.) N.E.Br.,ACCEPTED,3084842,Carpobrotus edulis (L.) N.E.Br.,SPECIES,Plantae
152546028,https://www.gbif.org/species/3084883,Sesuvium portulacastrum (L.) L.,ACCEPTED,3084883,Sesuvium portulacastrum (L.) L.,SPECIES,Plantae
152546033,https://www.gbif.org/species/3084742,Claytonia sibirica L.,ACCEPTED,3084742,Claytonia sibirica L.,SPECIES,Plantae
152546037,https://www.gbif.org/species/5384459,Gypsophila pilosa Huds.,ACCEPTED,5384459,Gypsophila pilosa Huds.,SPECIES,Plantae
152546038,https://www.gbif.org/species/5384458,Gypsophila paniculata L.,ACCEPTED,5384458,Gypsophila paniculata L.,SPECIES,Plantae
152546039,https://www.gbif.org/species/5384466,Gypsophila elegans M.Bieb.,ACCEPTED,5384466,Gypsophila elegans M.Bieb.,SPECIES,Plantae
152546040,https://www.gbif.org/species/5384465,Gypsophila scorzonerifolia Ser.,ACCEPTED,5384465,Gypsophila scorzonerifolia Ser.,SPECIES,Plantae
152546041,https://www.gbif.org/species/5585762,Gypsophila viscosa Murray,ACCEPTED,5585762,Gypsophila viscosa Murray,SPECIES,Plantae
152546043,https://www.gbif.org/species/8993502,Silene italica (L.) Pers.,ACCEPTED,8993502,Silene italica (L.) Pers.,SPECIES,Plantae
152546044,https://www.gbif.org/species/7523432,Silene behen L.,ACCEPTED,7523432,Silene behen L.,SPECIES,Plantae
152546045,https://www.gbif.org/species/7746901,Silene otites (L.) Wibel,ACCEPTED,7746901,Silene otites (L.) Wibel,SPECIES,Plantae
152546046,https://www.gbif.org/species/8184157,Silene stricta L.,ACCEPTED,8184157,Silene stricta L.,SPECIES,Plantae
152546047,https://www.gbif.org/species/8150863,Silene cretica L.,ACCEPTED,8150863,Silene cretica L.,SPECIES,Plantae
152546048,https://www.gbif.org/species/8279669,Silene viscosa (L.) Pers.,ACCEPTED,8279669,Silene viscosa (L.) Pers.,SPECIES,Plantae
152546050,https://www.gbif.org/species/7267492,Silene nocturna subsp. nocturna,ACCEPTED,7267492,Silene nocturna subsp. nocturna,SUBSPECIES,Plantae
152546051,https://www.gbif.org/species/5384848,Silene gallica L.,ACCEPTED,5384848,Silene gallica L.,SPECIES,Plantae
152546053,https://www.gbif.org/species/5384852,Silene conoidea L.,ACCEPTED,5384852,Silene conoidea L.,SPECIES,Plantae
152546054,https://www.gbif.org/species/5384741,Silene coronaria (L.) Clairv.,ACCEPTED,5384741,Silene coronaria (L.) Clairv.,SPECIES,Plantae
152546055,https://www.gbif.org/species/5384818,Silene dichotoma Ehrh.,ACCEPTED,5384818,Silene dichotoma Ehrh.,SPECIES,Plantae
152546056,https://www.gbif.org/species/5384773,Silene pendula L.,ACCEPTED,5384773,Silene pendula L.,SPECIES,Plantae
152546057,https://www.gbif.org/species/5585975,Silene muscipula L.,ACCEPTED,5585975,Silene muscipula L.,SPECIES,Plantae
152546058,https://www.gbif.org/species/5584240,Silene schafta J.G.Gmel. ex Hohen.,ACCEPTED,5584240,Silene schafta J.G.Gmel. ex Hohen.,SPECIES,Plantae
152546059,https://www.gbif.org/species/5584611,Silene chalcedonica (L.) E.H.L.Krause,ACCEPTED,5584611,Silene chalcedonica (L.) E.H.L.Krause,SPECIES,Plantae
152546061,https://www.gbif.org/species/7314281,Paronychia brasiliana DC.,ACCEPTED,7314281,Paronychia brasiliana DC.,SPECIES,Plantae
152546062,https://www.gbif.org/species/5528747,Paronychia argentea Lam.,ACCEPTED,5528747,Paronychia argentea Lam.,SPECIES,Plantae
152546064,https://www.gbif.org/species/3593900,Herniaria cinerea DC.,ACCEPTED,3593900,Herniaria cinerea DC.,SPECIES,Plantae
152546066,https://www.gbif.org/species/3085357,Saponaria ocymoides L.,ACCEPTED,3085357,Saponaria ocymoides L.,SPECIES,Plantae
152546067,https://www.gbif.org/species/3085360,Saponaria officinalis L.,ACCEPTED,3085360,Saponaria officinalis L.,SPECIES,Plantae
152546069,https://www.gbif.org/species/3085346,Lepyrodiclis holosteoides (C.A.Mey.) Fenzl ex Fisch. & C.A.Mey.,ACCEPTED,3085346,Lepyrodiclis holosteoides (C.A.Mey.) Fenzl ex Fisch. & C.A.Mey.,SPECIES,Plantae
152546073,https://www.gbif.org/species/8012084,Dianthus subacaulis Vill.,ACCEPTED,8012084,Dianthus subacaulis Vill.,SPECIES,Plantae
152546074,https://www.gbif.org/species/6363496,Dianthus superbus L.,ACCEPTED,6363496,Dianthus superbus L.,SPECIES,Plantae
152546075,https://www.gbif.org/species/7267631,Dianthus giganteus subsp. giganteus,ACCEPTED,7267631,Dianthus giganteus subsp. giganteus,SUBSPECIES,Plantae
152546076,https://www.gbif.org/species/3085420,Dianthus caryophyllus L.,ACCEPTED,3085420,Dianthus caryophyllus L.,SPECIES,Plantae
152546077,https://www.gbif.org/species/3085412,Dianthus plumarius L.,ACCEPTED,3085412,Dianthus plumarius L.,SPECIES,Plantae
152546078,https://www.gbif.org/species/3085421,Dianthus barbatus L.,ACCEPTED,3085421,Dianthus barbatus L.,SPECIES,Plantae
152546080,https://www.gbif.org/species/3085389,Sagina japonica (Sw. ex Steud.) Ohwi,ACCEPTED,3085389,Sagina japonica (Sw. ex Steud.) Ohwi,SPECIES,Plantae
152546082,https://www.gbif.org/species/3085381,Polycarpon tetraphyllum (L.) L.,ACCEPTED,3085381,Polycarpon tetraphyllum (L.) L.,SPECIES,Plantae
152546084,https://www.gbif.org/species/3085623,Petrorhagia saxifraga (L.) Link,ACCEPTED,3085623,Petrorhagia saxifraga (L.) Link,SPECIES,Plantae
152546085,https://www.gbif.org/species/3085622,Petrorhagia nanteuilii (Burnat) P.W.Ball & Heywood,ACCEPTED,3085622,Petrorhagia nanteuilii (Burnat) P.W.Ball & Heywood,SPECIES,Plantae
152546087,https://www.gbif.org/species/3085435,Cerastium dichotomum L.,ACCEPTED,3085435,Cerastium dichotomum L.,SPECIES,Plantae
152546088,https://www.gbif.org/species/3085438,Cerastium tomentosum L.,ACCEPTED,3085438,Cerastium tomentosum L.,SPECIES,Plantae
152546093,https://www.gbif.org/species/3086240,Mirabilis jalapa L.,ACCEPTED,3086240,Mirabilis jalapa L.,SPECIES,Plantae
152546096,https://www.gbif.org/species/8380575,Tamarix gallica L.,ACCEPTED,8380575,Tamarix gallica L.,SPECIES,Plantae
152546097,https://www.gbif.org/species/2874706,Tamarix parviflora DC.,ACCEPTED,2874706,Tamarix parviflora DC.,SPECIES,Plantae
152546098,https://www.gbif.org/species/2874701,Tamarix canariensis Willd.,ACCEPTED,2874701,Tamarix canariensis Willd.,SPECIES,Plantae
152546101,https://www.gbif.org/species/2874692,Frankenia pulverulenta L.,ACCEPTED,2874692,Frankenia pulverulenta L.,SPECIES,Plantae
152546104,https://www.gbif.org/species/9018536,Koenigia campanulata (Hook.fil.) T.M.Schust. & Reveal,ACCEPTED,9018536,Koenigia campanulata (Hook.fil.) T.M.Schust. & Reveal,SPECIES,Plantae
152546105,https://www.gbif.org/species/8773480,Koenigia ×fennica (Reiersen) T.M.Schust. & Reveal,ACCEPTED,8773480,Koenigia ×fennica (Reiersen) T.M.Schust. & Reveal,SPECIES,Plantae
152546106,https://www.gbif.org/species/8720751,Koenigia divaricata (L.) T.M.Schust. & Reveal,ACCEPTED,8720751,Koenigia divaricata (L.) T.M.Schust. & Reveal,SPECIES,Plantae
152546108,https://www.gbif.org/species/7510471,Polygonum argyrocoleum Steud. ex Kunze,ACCEPTED,7510471,Polygonum argyrocoleum Steud. ex Kunze,SPECIES,Plantae
152546110,https://www.gbif.org/species/5652131,Polygonum aviculare subsp. rurivagum (Boreau) Berher,ACCEPTED,5652131,Polygonum aviculare subsp. rurivagum (Boreau) Berher,SUBSPECIES,Plantae
152546111,https://www.gbif.org/species/5334386,Polygonum achoreum S.F.Blake,ACCEPTED,5334386,Polygonum achoreum S.F.Blake,SPECIES,Plantae
152546112,https://www.gbif.org/species/5334439,Polygonum patulum M.Bieb.,ACCEPTED,5334439,Polygonum patulum M.Bieb.,SPECIES,Plantae
152546113,https://www.gbif.org/species/5334430,Polygonum bellardii All.,ACCEPTED,5334430,Polygonum bellardii All.,SPECIES,Plantae
152546116,https://www.gbif.org/species/5334351,Fallopia baldschuanica (Regel) Holub,ACCEPTED,5334351,Fallopia baldschuanica (Regel) Holub,SPECIES,Plantae
152546118,https://www.gbif.org/species/7291264,Bistorta amplexicaulis (D.Don) Greene,ACCEPTED,7291264,Bistorta amplexicaulis (D.Don) Greene,SPECIES,Plantae
152546119,https://www.gbif.org/species/4033335,Bistorta affinis (D.Don) Greene,ACCEPTED,4033335,Bistorta affinis (D.Don) Greene,SPECIES,Plantae
152546121,https://www.gbif.org/species/2889378,Fagopyrum tataricum (L.) Gaertn.,ACCEPTED,2889378,Fagopyrum tataricum (L.) Gaertn.,SPECIES,Plantae
152546122,https://www.gbif.org/species/2889373,Fagopyrum esculentum Moench,ACCEPTED,2889373,Fagopyrum esculentum Moench,SPECIES,Plantae
152546124,https://www.gbif.org/species/4034001,Persicaria nepalensis (Meisn.) H.Gross,ACCEPTED,4034001,Persicaria nepalensis (Meisn.) H.Gross,SPECIES,Plantae
152546125,https://www.gbif.org/species/2889229,Persicaria orientalis (L.) Spach,ACCEPTED,2889229,Persicaria orientalis (L.) Spach,SPECIES,Plantae
152546126,https://www.gbif.org/species/2889304,Persicaria capitata (Buch.-Ham. ex D.Don) H.Gross,ACCEPTED,2889304,Persicaria capitata (Buch.-Ham. ex D.Don) H.Gross,SPECIES,Plantae
152546128,https://www.gbif.org/species/4038485,Reynoutria ×bohemica Chrtek & Chrtková,ACCEPTED,4038485,Reynoutria ×bohemica Chrtek & Chrtková,SPECIES,Plantae
152546129,https://www.gbif.org/species/2889173,Reynoutria japonica Houtt.,ACCEPTED,2889173,Reynoutria japonica Houtt.,SPECIES,Plantae
152546130,https://www.gbif.org/species/2889088,Reynoutria sachalinensis (F.Schmidt) Nakai,ACCEPTED,2889088,Reynoutria sachalinensis (F.Schmidt) Nakai,SPECIES,Plantae
152546132,https://www.gbif.org/species/2888859,Muehlenbeckia complexa (A.Cunn.) Meisn.,ACCEPTED,2888859,Muehlenbeckia complexa (A.Cunn.) Meisn.,SPECIES,Plantae
152546134,https://www.gbif.org/species/2888867,Rheum rhabarbarum L.,ACCEPTED,2888867,Rheum rhabarbarum L.,SPECIES,Plantae
152546136,https://www.gbif.org/species/7415922,Rumex pulcher subsp. woodsii (De Not.) Arcang.,ACCEPTED,7415922,Rumex pulcher subsp. woodsii (De Not.) Arcang.,SUBSPECIES,Plantae
152546137,https://www.gbif.org/species/7911993,Rumex pseudonatronatus (Borbás) Borbás ex Murb.,ACCEPTED,7911993,Rumex pseudonatronatus (Borbás) Borbás ex Murb.,SPECIES,Plantae
152546138,https://www.gbif.org/species/7901010,Rumex obtusifolius subsp. sylvestris (Lam.) Celak.,ACCEPTED,7901010,Rumex obtusifolius subsp. sylvestris (Lam.) Celak.,SUBSPECIES,Plantae
152546140,https://www.gbif.org/species/8242651,Rumex ×erubescens Simonk.,ACCEPTED,8242651,Rumex ×erubescens Simonk.,SPECIES,Plantae
152546141,https://www.gbif.org/species/6391417,Rumex thyrsiflorus Fingerh.,ACCEPTED,6391417,Rumex thyrsiflorus Fingerh.,SPECIES,Plantae
152546143,https://www.gbif.org/species/4036957,Rumex pulcher subsp. pulcher,ACCEPTED,4036957,Rumex pulcher subsp. pulcher,SUBSPECIES,Plantae
152546144,https://www.gbif.org/species/2889037,Rumex rugosus Campd.,ACCEPTED,2889037,Rumex rugosus Campd.,SPECIES,Plantae
152546145,https://www.gbif.org/species/2889038,Rumex dentatus L.,ACCEPTED,2889038,Rumex dentatus L.,SPECIES,Plantae
152546146,https://www.gbif.org/species/2889024,Rumex ×confusus Simonk.,ACCEPTED,2889024,Rumex ×confusus Simonk.,SPECIES,Plantae
152546147,https://www.gbif.org/species/2889030,Rumex altissimus Wood,ACCEPTED,2889030,Rumex altissimus Wood,SPECIES,Plantae
152546148,https://www.gbif.org/species/2889019,Rumex patientia L.,ACCEPTED,2889019,Rumex patientia L.,SPECIES,Plantae
152546149,https://www.gbif.org/species/2889023,Rumex stenophyllus Ledeb.,ACCEPTED,2889023,Rumex stenophyllus Ledeb.,SPECIES,Plantae
152546150,https://www.gbif.org/species/2888943,Rumex confertus Willd.,ACCEPTED,2888943,Rumex confertus Willd.,SPECIES,Plantae
152546151,https://www.gbif.org/species/2888946,Rumex longifolius DC.,ACCEPTED,2888946,Rumex longifolius DC.,SPECIES,Plantae
152546152,https://www.gbif.org/species/2888948,Rumex alpinus L.,ACCEPTED,2888948,Rumex alpinus L.,SPECIES,Plantae
152546154,https://www.gbif.org/species/2888987,Rumex obovatus Danser,ACCEPTED,2888987,Rumex obovatus Danser,SPECIES,Plantae
152546156,https://www.gbif.org/species/2888993,Rumex bucephalophorus L.,ACCEPTED,2888993,Rumex bucephalophorus L.,SPECIES,Plantae
152546157,https://www.gbif.org/species/2889005,Rumex kerneri Borbás,ACCEPTED,2889005,Rumex kerneri Borbás,SPECIES,Plantae
152546158,https://www.gbif.org/species/2889010,Rumex cristatus DC.,ACCEPTED,2889010,Rumex cristatus DC.,SPECIES,Plantae
152546162,https://www.gbif.org/species/3054368,Juglans regia L.,ACCEPTED,3054368,Juglans regia L.,SPECIES,Plantae
152546163,https://www.gbif.org/species/3054357,Juglans nigra L.,ACCEPTED,3054357,Juglans nigra L.,SPECIES,Plantae
152546164,https://www.gbif.org/species/3054352,Juglans cinerea L.,ACCEPTED,3054352,Juglans cinerea L.,SPECIES,Plantae
152546167,https://www.gbif.org/species/5333294,Castanea sativa Mill.,ACCEPTED,5333294,Castanea sativa Mill.,SPECIES,Plantae
152546169,https://www.gbif.org/species/8313153,Quercus palustris Münchh.,ACCEPTED,8313153,Quercus palustris Münchh.,SPECIES,Plantae
152546170,https://www.gbif.org/species/2879098,Quercus ilex L.,ACCEPTED,2879098,Quercus ilex L.,SPECIES,Plantae
152546172,https://www.gbif.org/species/2880539,Quercus rubra L.,ACCEPTED,2880539,Quercus rubra L.,SPECIES,Plantae
152546173,https://www.gbif.org/species/2880580,Quercus cerris L.,ACCEPTED,2880580,Quercus cerris L.,SPECIES,Plantae
152546176,https://www.gbif.org/species/5332004,Betula nana L.,ACCEPTED,5332004,Betula nana L.,SPECIES,Plantae
152546177,https://www.gbif.org/species/5332120,Betula papyrifera Marshall,ACCEPTED,5332120,Betula papyrifera Marshall,SPECIES,Plantae
152546179,https://www.gbif.org/species/2875968,Corylus colurna L.,ACCEPTED,2875968,Corylus colurna L.,SPECIES,Plantae
152546180,https://www.gbif.org/species/2876049,Corylus maxima Mill.,ACCEPTED,2876049,Corylus maxima Mill.,SPECIES,Plantae
152546182,https://www.gbif.org/species/9148577,Alnus incana (L.) Moench,ACCEPTED,9148577,Alnus incana (L.) Moench,SPECIES,Plantae
152546183,https://www.gbif.org/species/4097656,Alnus ×spaethii Callier,ACCEPTED,4097656,Alnus ×spaethii Callier,SPECIES,Plantae
152546184,https://www.gbif.org/species/2876571,Alnus ×pubescens Tausch,ACCEPTED,2876571,Alnus ×pubescens Tausch,SPECIES,Plantae
152546185,https://www.gbif.org/species/2876607,Alnus cordata (Loisel.) Duby,ACCEPTED,2876607,Alnus cordata (Loisel.) Duby,SPECIES,Plantae
152546189,https://www.gbif.org/species/5331404,Echinocystis lobata (Michx.) Torr. & A.Gray,ACCEPTED,5331404,Echinocystis lobata (Michx.) Torr. & A.Gray,SPECIES,Plantae
152546191,https://www.gbif.org/species/2874680,Ecballium elaterium (L.) A.Rich.,ACCEPTED,2874680,Ecballium elaterium (L.) A.Rich.,SPECIES,Plantae
152546193,https://www.gbif.org/species/2874538,Thladiantha dubia Bunge,ACCEPTED,2874538,Thladiantha dubia Bunge,SPECIES,Plantae
152546196,https://www.gbif.org/species/2874508,Cucurbita pepo L.,ACCEPTED,2874508,Cucurbita pepo L.,SPECIES,Plantae
152546198,https://www.gbif.org/species/2874655,Sicyos angulatus L.,ACCEPTED,2874655,Sicyos angulatus L.,SPECIES,Plantae
152546200,https://www.gbif.org/species/2874621,Citrullus lanatus (Thunb.) Matsum. & Nakai,ACCEPTED,2874621,Citrullus lanatus (Thunb.) Matsum. & Nakai,SPECIES,Plantae
152546202,https://www.gbif.org/species/2874569,Cucumis sativus L.,ACCEPTED,2874569,Cucumis sativus L.,SPECIES,Plantae
152546203,https://www.gbif.org/species/2874570,Cucumis melo L.,ACCEPTED,2874570,Cucumis melo L.,SPECIES,Plantae
152546207,https://www.gbif.org/species/5384931,Houttuynia cordata Thunb.,ACCEPTED,5384931,Houttuynia cordata Thunb.,SPECIES,Plantae
152546209,https://www.gbif.org/species/5384932,Saururus cernuus L.,ACCEPTED,5384932,Saururus cernuus L.,SPECIES,Plantae
152546212,https://www.gbif.org/species/7313595,Asarum europaeum L.,ACCEPTED,7313595,Asarum europaeum L.,SPECIES,Plantae
152546214,https://www.gbif.org/species/2873991,Aristolochia clematitis L.,ACCEPTED,2873991,Aristolochia clematitis L.,SPECIES,Plantae
152546215,https://www.gbif.org/species/2874019,Aristolochia rotunda L.,ACCEPTED,2874019,Aristolochia rotunda L.,SPECIES,Plantae
152546220,https://www.gbif.org/species/8338793,Modiola caroliniana (L.) G.Don,ACCEPTED,8338793,Modiola caroliniana (L.) G.Don,SPECIES,Plantae
152546222,https://www.gbif.org/species/7116158,Sphaeralcea bonariensis (Cav.) Griseb.,ACCEPTED,7116158,Sphaeralcea bonariensis (Cav.) Griseb.,SPECIES,Plantae
152546224,https://www.gbif.org/species/5406789,Alcea rosea L.,ACCEPTED,5406789,Alcea rosea L.,SPECIES,Plantae
152546225,https://www.gbif.org/species/5617467,Alcea rugosa Alef.,ACCEPTED,5617467,Alcea rugosa Alef.,SPECIES,Plantae
152546227,https://www.gbif.org/species/5406741,Sida spinosa L.,ACCEPTED,5406741,Sida spinosa L.,SPECIES,Plantae
152546228,https://www.gbif.org/species/5406735,Sida rhombifolia L.,ACCEPTED,5406735,Sida rhombifolia L.,SPECIES,Plantae
152546230,https://www.gbif.org/species/4259350,Tilia tomentosa Moench,ACCEPTED,4259350,Tilia tomentosa Moench,SPECIES,Plantae
152546232,https://www.gbif.org/species/4939668,Kitaibela vitifolia Willd.,ACCEPTED,4939668,Kitaibela vitifolia Willd.,SPECIES,Plantae
152546234,https://www.gbif.org/species/3937506,Corynabutilon ×suntense (C.D.Brickell) Fryxell,ACCEPTED,3937506,Corynabutilon ×suntense (C.D.Brickell) Fryxell,SPECIES,Plantae
152546236,https://www.gbif.org/species/7278926,Malope malacoides L.,ACCEPTED,7278926,Malope malacoides L.,SPECIES,Plantae
152546237,https://www.gbif.org/species/3935421,Malope trifida Cav.,ACCEPTED,3935421,Malope trifida Cav.,SPECIES,Plantae
152546239,https://www.gbif.org/species/3152493,Anoda cristata (L.) Schltdl.,ACCEPTED,3152493,Anoda cristata (L.) Schltdl.,SPECIES,Plantae
152546241,https://www.gbif.org/species/3152560,Hibiscus trionum L.,ACCEPTED,3152560,Hibiscus trionum L.,SPECIES,Plantae
152546242,https://www.gbif.org/species/3152583,Hibiscus syriacus L.,ACCEPTED,3152583,Hibiscus syriacus L.,SPECIES,Plantae
152546244,https://www.gbif.org/species/3152264,Malvastrum americanum (L.) Torr.,ACCEPTED,3152264,Malvastrum americanum (L.) Torr.,SPECIES,Plantae
152546245,https://www.gbif.org/species/3152268,Malvastrum coromandelianum (L.) Garcke,ACCEPTED,3152268,Malvastrum coromandelianum (L.) Garcke,SPECIES,Plantae
152546247,https://www.gbif.org/species/7823743,Malva maroccana (Batt. & Trab.) Verloove & Lambinon,ACCEPTED,7823743,Malva maroccana (Batt. & Trab.) Verloove & Lambinon,SPECIES,Plantae
152546248,https://www.gbif.org/species/8402586,Malva ×clementii (Cheek) Stace,ACCEPTED,8402586,Malva ×clementii (Cheek) Stace,SPECIES,Plantae
152546249,https://www.gbif.org/species/3940960,Malva punctata (All.) Alef.,ACCEPTED,3940960,Malva punctata (All.) Alef.,SPECIES,Plantae
152546250,https://www.gbif.org/species/3940423,Malva thuringiaca (L.) Vis.,ACCEPTED,3940423,Malva thuringiaca (L.) Vis.,SPECIES,Plantae
152546251,https://www.gbif.org/species/3152372,Malva pusilla Sm.,ACCEPTED,3152372,Malva pusilla Sm.,SPECIES,Plantae
152546252,https://www.gbif.org/species/3152377,Malva verticillata L.,ACCEPTED,3152377,Malva verticillata L.,SPECIES,Plantae
152546253,https://www.gbif.org/species/3152378,Malva parviflora L.,ACCEPTED,3152378,Malva parviflora L.,SPECIES,Plantae
152546254,https://www.gbif.org/species/3152367,Malva nicaeensis All.,ACCEPTED,3152367,Malva nicaeensis All.,SPECIES,Plantae
152546256,https://www.gbif.org/species/3152723,Sidalcea candida A.Gray,ACCEPTED,3152723,Sidalcea candida A.Gray,SPECIES,Plantae
152546258,https://www.gbif.org/species/3152614,Abutilon theophrasti Medik.,ACCEPTED,3152614,Abutilon theophrasti Medik.,SPECIES,Plantae
152546263,https://www.gbif.org/species/2874024,Tuberaria guttata (L.) Fourr.,ACCEPTED,2874024,Tuberaria guttata (L.) Fourr.,SPECIES,Plantae
152546267,https://www.gbif.org/species/6369819,Sambucus canadensis L.,ACCEPTED,6369819,Sambucus canadensis L.,SPECIES,Plantae
152546270,https://www.gbif.org/species/2888585,Viburnum tinus L.,ACCEPTED,2888585,Viburnum tinus L.,SPECIES,Plantae
152546271,https://www.gbif.org/species/2888625,Viburnum rhytidophyllum Hemsl. ex Forbes & Hemsl.,ACCEPTED,2888625,Viburnum rhytidophyllum Hemsl. ex Forbes & Hemsl.,SPECIES,Plantae
152546272,https://www.gbif.org/species/2888588,Viburnum ×rhytidophylloides Suringar,ACCEPTED,2888588,Viburnum ×rhytidophylloides Suringar,SPECIES,Plantae
152546278,https://www.gbif.org/species/7902463,Lonicera maackii (Rupr.) Maxim.,ACCEPTED,7902463,Lonicera maackii (Rupr.) Maxim.,SPECIES,Plantae
152546280,https://www.gbif.org/species/8242349,Lonicera chrysantha Turcz.,ACCEPTED,8242349,Lonicera chrysantha Turcz.,SPECIES,Plantae
152546281,https://www.gbif.org/species/5598839,Lonicera ×purpusii Rehder,ACCEPTED,5598839,Lonicera ×purpusii Rehder,SPECIES,Plantae
152546282,https://www.gbif.org/species/5598598,Lonicera acuminata Wall.,ACCEPTED,5598598,Lonicera acuminata Wall.,SPECIES,Plantae
152546283,https://www.gbif.org/species/5598915,Lonicera pileata Oliv.,ACCEPTED,5598915,Lonicera pileata Oliv.,SPECIES,Plantae
152546284,https://www.gbif.org/species/5334253,Lonicera involucrata (Richards.) Banks ex Spreng.,ACCEPTED,5334253,Lonicera involucrata (Richards.) Banks ex Spreng.,SPECIES,Plantae
152546285,https://www.gbif.org/species/5334275,Lonicera morrowii A.Gray,ACCEPTED,5334275,Lonicera morrowii A.Gray,SPECIES,Plantae
152546286,https://www.gbif.org/species/5334227,Lonicera caprifolium L.,ACCEPTED,5334227,Lonicera caprifolium L.,SPECIES,Plantae
152546287,https://www.gbif.org/species/5334239,Lonicera sempervirens L.,ACCEPTED,5334239,Lonicera sempervirens L.,SPECIES,Plantae
152546288,https://www.gbif.org/species/5334240,Lonicera japonica Thunb.,ACCEPTED,5334240,Lonicera japonica Thunb.,SPECIES,Plantae
152546289,https://www.gbif.org/species/5334242,Lonicera tatarica L.,ACCEPTED,5334242,Lonicera tatarica L.,SPECIES,Plantae
152546291,https://www.gbif.org/species/7504215,Knautia integrifolia (L.) Bertol.,ACCEPTED,7504215,Knautia integrifolia (L.) Bertol.,SPECIES,Plantae
152546292,https://www.gbif.org/species/4102952,Knautia macedonica Griseb.,ACCEPTED,4102952,Knautia macedonica Griseb.,SPECIES,Plantae
152546294,https://www.gbif.org/species/4102909,Lomelosia stellata (L.) Raf.,ACCEPTED,4102909,Lomelosia stellata (L.) Raf.,SPECIES,Plantae
152546296,https://www.gbif.org/species/8201823,Valeriana phu L.,ACCEPTED,8201823,Valeriana phu L.,SPECIES,Plantae
152546297,https://www.gbif.org/species/4095186,Valeriana pyrenaica L.,ACCEPTED,4095186,Valeriana pyrenaica L.,SPECIES,Plantae
152546299,https://www.gbif.org/species/2888636,Symphoricarpos orbiculatus Moench,ACCEPTED,2888636,Symphoricarpos orbiculatus Moench,SPECIES,Plantae
152546301,https://www.gbif.org/species/2888706,Kolkwitzia amabilis Graebn.,ACCEPTED,2888706,Kolkwitzia amabilis Graebn.,SPECIES,Plantae
152546304,https://www.gbif.org/species/7298858,Valerianella coronata (L.) DC.,ACCEPTED,7298858,Valerianella coronata (L.) DC.,SPECIES,Plantae
152546305,https://www.gbif.org/species/4095244,Valerianella vesicaria (L.) Moench,ACCEPTED,4095244,Valerianella vesicaria (L.) Moench,SPECIES,Plantae
152546306,https://www.gbif.org/species/2888773,Valerianella eriocarpa Desv.,ACCEPTED,2888773,Valerianella eriocarpa Desv.,SPECIES,Plantae
152546310,https://www.gbif.org/species/2888797,Cephalaria gigantea (Ledeb.) Bobrov,ACCEPTED,2888797,Cephalaria gigantea (Ledeb.) Bobrov,SPECIES,Plantae
152546312,https://www.gbif.org/species/2888806,Scabiosa ochroleuca L.,ACCEPTED,2888806,Scabiosa ochroleuca L.,SPECIES,Plantae
152546314,https://www.gbif.org/species/7443846,Dipsacus strigosus Willd.,ACCEPTED,7443846,Dipsacus strigosus Willd.,SPECIES,Plantae
152546315,https://www.gbif.org/species/2888816,Dipsacus sativus (L.) Honck.,ACCEPTED,2888816,Dipsacus sativus (L.) Honck.,SPECIES,Plantae
152546316,https://www.gbif.org/species/2888814,Dipsacus laciniatus L.,ACCEPTED,2888814,Dipsacus laciniatus L.,SPECIES,Plantae
152546318,https://www.gbif.org/species/2888579,Leycesteria formosa Wall.,ACCEPTED,2888579,Leycesteria formosa Wall.,SPECIES,Plantae
152546322,https://www.gbif.org/species/3922770,Aconitum napellus var. giganteum (Dumort. ex Thielens) J.Duvign.,SYNONYM,7707872,Aconitum napellus subsp. lusitanicum Rouy,SUBSPECIES,Plantae
152546324,https://www.gbif.org/species/8246651,Adonis flammea Jacq.,ACCEPTED,8246651,Adonis flammea Jacq.,SPECIES,Plantae
152546325,https://www.gbif.org/species/5371709,Adonis annua L.,ACCEPTED,5371709,Adonis annua L.,SPECIES,Plantae
152546327,https://www.gbif.org/species/5371702,Nigella damascena L.,ACCEPTED,5371702,Nigella damascena L.,SPECIES,Plantae
152546328,https://www.gbif.org/species/5371700,Nigella sativa L.,ACCEPTED,5371700,Nigella sativa L.,SPECIES,Plantae
152546330,https://www.gbif.org/species/7823272,Ranunculus pensylvanicus L.fil.,ACCEPTED,7823272,Ranunculus pensylvanicus L.fil.,SPECIES,Plantae
152546331,https://www.gbif.org/species/7826351,Ranunculus lanuginosus L.,ACCEPTED,7826351,Ranunculus lanuginosus L.,SPECIES,Plantae
152546332,https://www.gbif.org/species/3927790,Ranunculus gramineus L.,ACCEPTED,3927790,Ranunculus gramineus L.,SPECIES,Plantae
152546333,https://www.gbif.org/species/3033318,Ranunculus muricatus L.,ACCEPTED,3033318,Ranunculus muricatus L.,SPECIES,Plantae
152546334,https://www.gbif.org/species/3033460,Ranunculus trilobus Desf.,ACCEPTED,3033460,Ranunculus trilobus Desf.,SPECIES,Plantae
152546335,https://www.gbif.org/species/3033396,Ranunculus marginatus d'Urv.,ACCEPTED,3033396,Ranunculus marginatus d'Urv.,SPECIES,Plantae
152546336,https://www.gbif.org/species/3033434,Ranunculus parviflorus L.,DOUBTFUL,3033434,Ranunculus parviflorus L.,SPECIES,Plantae
152546338,https://www.gbif.org/species/3033289,Trollius europaeus L.,ACCEPTED,3033289,Trollius europaeus L.,SPECIES,Plantae
152546340,https://www.gbif.org/species/3927746,Anemone apennina L.,ACCEPTED,3927746,Anemone apennina L.,SPECIES,Plantae
152546341,https://www.gbif.org/species/3922888,Anemone sylvestris L.,ACCEPTED,3922888,Anemone sylvestris L.,SPECIES,Plantae
152546343,https://www.gbif.org/species/3033242,Anemone blanda Schott & Kotschy,ACCEPTED,3033242,Anemone blanda Schott & Kotschy,SPECIES,Plantae
152546344,https://www.gbif.org/species/3033261,Anemone coronaria L.,ACCEPTED,3033261,Anemone coronaria L.,SPECIES,Plantae
152546346,https://www.gbif.org/species/6376216,Clematis montana Buch.-Ham. ex DC.,ACCEPTED,6376216,Clematis montana Buch.-Ham. ex DC.,SPECIES,Plantae
152546347,https://www.gbif.org/species/6374790,Clematis integrifolia L.,ACCEPTED,6374790,Clematis integrifolia L.,SPECIES,Plantae
152546348,https://www.gbif.org/species/3921611,Clematis flammula L.,ACCEPTED,3921611,Clematis flammula L.,SPECIES,Plantae
152546349,https://www.gbif.org/species/3033543,Clematis recta L.,ACCEPTED,3033543,Clematis recta L.,SPECIES,Plantae
152546350,https://www.gbif.org/species/3033584,Clematis ×jackmanii T.Moore,ACCEPTED,3033584,Clematis ×jackmanii T.Moore,SPECIES,Plantae
152546351,https://www.gbif.org/species/3033518,Clematis viticella L.,ACCEPTED,3033518,Clematis viticella L.,SPECIES,Plantae
152546352,https://www.gbif.org/species/3033535,Clematis tangutica (Maxim.) Korsh.,ACCEPTED,3033535,Clematis tangutica (Maxim.) Korsh.,SPECIES,Plantae
152546354,https://www.gbif.org/species/3033227,Eranthis hyemalis (L.) Salisb.,ACCEPTED,3033227,Eranthis hyemalis (L.) Salisb.,SPECIES,Plantae
152546356,https://www.gbif.org/species/7277286,Thalictrum speciosissimum L.,ACCEPTED,7277286,Thalictrum speciosissimum L.,SPECIES,Plantae
152546360,https://www.gbif.org/species/6374953,Helleborus orientalis Lam.,ACCEPTED,6374953,Helleborus orientalis Lam.,SPECIES,Plantae
152546361,https://www.gbif.org/species/3033107,Helleborus niger L.,ACCEPTED,3033107,Helleborus niger L.,SPECIES,Plantae
152546363,https://www.gbif.org/species/3033757,Delphinium elatum L.,ACCEPTED,3033757,Delphinium elatum L.,SPECIES,Plantae
152546366,https://www.gbif.org/species/7695021,Epimedium alpinum L.,ACCEPTED,7695021,Epimedium alpinum L.,SPECIES,Plantae
152546367,https://www.gbif.org/species/8044946,Epimedium pinnatum DC.,ACCEPTED,8044946,Epimedium pinnatum DC.,SPECIES,Plantae
152546369,https://www.gbif.org/species/4938160,Berberis gagnepainii C.K.Schneid.,ACCEPTED,4938160,Berberis gagnepainii C.K.Schneid.,SPECIES,Plantae
152546370,https://www.gbif.org/species/4938153,Berberis ×hybridogagnepainii Suringar,ACCEPTED,4938153,Berberis ×hybridogagnepainii Suringar,SPECIES,Plantae
152546371,https://www.gbif.org/species/3981814,Berberis wilsoniae Hemsl.,ACCEPTED,3981814,Berberis wilsoniae Hemsl.,SPECIES,Plantae
152546372,https://www.gbif.org/species/3981543,Berberis julianae C.K.Schneid.,ACCEPTED,3981543,Berberis julianae C.K.Schneid.,SPECIES,Plantae
152546373,https://www.gbif.org/species/3981817,Berberis ×interposita Ahrendt,ACCEPTED,3981817,Berberis ×interposita Ahrendt,SPECIES,Plantae
152546374,https://www.gbif.org/species/3033896,Berberis thunbergii DC.,ACCEPTED,3033896,Berberis thunbergii DC.,SPECIES,Plantae
152546376,https://www.gbif.org/species/3033905,Berberis darwinii Hook.,ACCEPTED,3033905,Berberis darwinii Hook.,SPECIES,Plantae
152546377,https://www.gbif.org/species/3033898,Berberis ×ottawensis C.K.Schneid.,ACCEPTED,3033898,Berberis ×ottawensis C.K.Schneid.,SPECIES,Plantae
152546380,https://www.gbif.org/species/5686494,Decaisnea insignis (Griff.) Hook.fil. & Thomson,ACCEPTED,5686494,Decaisnea insignis (Griff.) Hook.fil. & Thomson,SPECIES,Plantae
152546382,https://www.gbif.org/species/3033965,Akebia quinata (Houtt.) Decne.,ACCEPTED,3033965,Akebia quinata (Houtt.) Decne.,SPECIES,Plantae
152546387,https://www.gbif.org/species/7315023,Roemeria hybrida (L.) DC.,ACCEPTED,7315023,Roemeria hybrida (L.) DC.,SPECIES,Plantae
152546389,https://www.gbif.org/species/5530881,Corydalis cava (L.) Schweigg. & Körte,ACCEPTED,5530881,Corydalis cava (L.) Schweigg. & Körte,SPECIES,Plantae
152546390,https://www.gbif.org/species/5530829,Corydalis cheilanthifolia Hemsl.,ACCEPTED,5530829,Corydalis cheilanthifolia Hemsl.,SPECIES,Plantae
152546392,https://www.gbif.org/species/5334194,Macleaya cordata (Willd.) R.Br.,ACCEPTED,5334194,Macleaya cordata (Willd.) R.Br.,SPECIES,Plantae
152546394,https://www.gbif.org/species/7315030,Glaucium grandiflorum Boiss. & A.Huet,ACCEPTED,7315030,Glaucium grandiflorum Boiss. & A.Huet,SPECIES,Plantae
152546395,https://www.gbif.org/species/5334188,Glaucium corniculatum (L.) Rudolph,ACCEPTED,5334188,Glaucium corniculatum (L.) Rudolph,SPECIES,Plantae
152546397,https://www.gbif.org/species/2888485,Argemone mexicana L.,ACCEPTED,2888485,Argemone mexicana L.,SPECIES,Plantae
152546399,https://www.gbif.org/species/8144599,Papaver nudicaule L.,ACCEPTED,8144599,Papaver nudicaule L.,SPECIES,Plantae
152546400,https://www.gbif.org/species/8342911,Papaver setiferum Goldblatt,ACCEPTED,8342911,Papaver setiferum Goldblatt,SPECIES,Plantae
152546401,https://www.gbif.org/species/7315072,Papaver atlanticum (Ball) Coss.,ACCEPTED,7315072,Papaver atlanticum (Ball) Coss.,SPECIES,Plantae
152546402,https://www.gbif.org/species/3602069,Papaver somniferum subsp. somniferum,ACCEPTED,3602069,Papaver somniferum subsp. somniferum,SUBSPECIES,Plantae
152546405,https://www.gbif.org/species/2888553,Dicentra formosa (Andrews) Walp.,ACCEPTED,2888553,Dicentra formosa (Andrews) Walp.,SPECIES,Plantae
152546407,https://www.gbif.org/species/7315063,Pseudofumaria alba (Mill.) Lidén,ACCEPTED,7315063,Pseudofumaria alba (Mill.) Lidén,SPECIES,Plantae
152546408,https://www.gbif.org/species/2888513,Pseudofumaria lutea (L.) Borkh.,ACCEPTED,2888513,Pseudofumaria lutea (L.) Borkh.,SPECIES,Plantae
152546410,https://www.gbif.org/species/2888559,Hypecoum pendulum L.,ACCEPTED,2888559,Hypecoum pendulum L.,SPECIES,Plantae
152546412,https://www.gbif.org/species/2888380,Eschscholzia californica Cham.,ACCEPTED,2888380,Eschscholzia californica Cham.,SPECIES,Plantae
152546416,https://www.gbif.org/species/7628663,Viola cornuta L.,ACCEPTED,7628663,Viola cornuta L.,SPECIES,Plantae
152546417,https://www.gbif.org/species/7901652,Viola ×wittrockiana Gams ex Kappert,DOUBTFUL,7901652,Viola ×wittrockiana Gams ex Kappert,SPECIES,Plantae
152546420,https://www.gbif.org/species/5646136,Elatine alsinastrum L.,ACCEPTED,5646136,Elatine alsinastrum L.,SPECIES,Plantae
152546423,https://www.gbif.org/species/8021567,Hypericum olympicum L.,ACCEPTED,8021567,Hypericum olympicum L.,SPECIES,Plantae
152546424,https://www.gbif.org/species/3711846,Hypericum ×hidcoteense Geerinck,ACCEPTED,3711846,Hypericum ×hidcoteense Geerinck,SPECIES,Plantae
152546425,https://www.gbif.org/species/3711564,Hypericum ×inodorum Mill.,ACCEPTED,3711564,Hypericum ×inodorum Mill.,SPECIES,Plantae
152546426,https://www.gbif.org/species/3189497,Hypericum calycinum L.,ACCEPTED,3189497,Hypericum calycinum L.,SPECIES,Plantae
152546429,https://www.gbif.org/species/5380041,Ricinus communis L.,ACCEPTED,5380041,Ricinus communis L.,SPECIES,Plantae
152546431,https://www.gbif.org/species/3056259,Acalypha indica L.,ACCEPTED,3056259,Acalypha indica L.,SPECIES,Plantae
152546433,https://www.gbif.org/species/3060710,Manihot grahamii Hook.,ACCEPTED,3060710,Manihot grahamii Hook.,SPECIES,Plantae
152546436,https://www.gbif.org/species/3064056,Euphorbia palustris L.,ACCEPTED,3064056,Euphorbia palustris L.,SPECIES,Plantae
152546437,https://www.gbif.org/species/3064669,Euphorbia myrsinites L.,ACCEPTED,3064669,Euphorbia myrsinites L.,SPECIES,Plantae
152546438,https://www.gbif.org/species/3064495,Euphorbia heterophylla L.,ACCEPTED,3064495,Euphorbia heterophylla L.,SPECIES,Plantae
152546439,https://www.gbif.org/species/3065883,Euphorbia glyptosperma Engelm.,ACCEPTED,3065883,Euphorbia glyptosperma Engelm.,SPECIES,Plantae
152546440,https://www.gbif.org/species/3065244,Euphorbia amygdaloides subsp. robbiae (Turrill) Stace,ACCEPTED,3065244,Euphorbia amygdaloides subsp. robbiae (Turrill) Stace,SUBSPECIES,Plantae
152546441,https://www.gbif.org/species/3066179,Euphorbia seguieriana Neck.,ACCEPTED,3066179,Euphorbia seguieriana Neck.,SPECIES,Plantae
152546442,https://www.gbif.org/species/3066112,Euphorbia epithymoides L.,ACCEPTED,3066112,Euphorbia epithymoides L.,SPECIES,Plantae
152546443,https://www.gbif.org/species/3066482,Euphorbia peplis L.,ACCEPTED,3066482,Euphorbia peplis L.,SPECIES,Plantae
152546444,https://www.gbif.org/species/3066965,Euphorbia lathyris L.,ACCEPTED,3066965,Euphorbia lathyris L.,SPECIES,Plantae
152546445,https://www.gbif.org/species/3066993,Euphorbia dentata Michx.,ACCEPTED,3066993,Euphorbia dentata Michx.,SPECIES,Plantae
152546446,https://www.gbif.org/species/3067054,Euphorbia humifusa Willd.,ACCEPTED,3067054,Euphorbia humifusa Willd.,SPECIES,Plantae
152546447,https://www.gbif.org/species/3067119,Euphorbia maculata L.,ACCEPTED,3067119,Euphorbia maculata L.,SPECIES,Plantae
152546448,https://www.gbif.org/species/3067353,Euphorbia characias L.,ACCEPTED,3067353,Euphorbia characias L.,SPECIES,Plantae
152546449,https://www.gbif.org/species/3067869,Euphorbia chamaesyce L.,ACCEPTED,3067869,Euphorbia chamaesyce L.,SPECIES,Plantae
152546450,https://www.gbif.org/species/3067891,Euphorbia prostrata Aiton,ACCEPTED,3067891,Euphorbia prostrata Aiton,SPECIES,Plantae
152546451,https://www.gbif.org/species/3068528,Euphorbia ×pseudoesula Schur,ACCEPTED,3068528,Euphorbia ×pseudoesula Schur,SPECIES,Plantae
152546452,https://www.gbif.org/species/3069300,Euphorbia vermiculata Raf.,ACCEPTED,3069300,Euphorbia vermiculata Raf.,SPECIES,Plantae
152546453,https://www.gbif.org/species/3069460,Euphorbia oblongata Griseb.,ACCEPTED,3069460,Euphorbia oblongata Griseb.,SPECIES,Plantae
152546454,https://www.gbif.org/species/3070346,Euphorbia nutans Lag.,ACCEPTED,3070346,Euphorbia nutans Lag.,SPECIES,Plantae
152546457,https://www.gbif.org/species/5381097,Phyllanthus tenellus Roxb.,ACCEPTED,5381097,Phyllanthus tenellus Roxb.,SPECIES,Plantae
152546459,https://www.gbif.org/species/3079631,Andrachne telephioides L.,ACCEPTED,3079631,Andrachne telephioides L.,SPECIES,Plantae
152546462,https://www.gbif.org/species/9153437,Salix daphnoides Vill.,ACCEPTED,9153437,Salix daphnoides Vill.,SPECIES,Plantae
152546463,https://www.gbif.org/species/7645931,Salix acutifolia Willd.,ACCEPTED,7645931,Salix acutifolia Willd.,SPECIES,Plantae
152546464,https://www.gbif.org/species/5582033,Salix udensis (Wimm.) Trautv. & C.A.Mey.,ACCEPTED,5582033,Salix udensis (Wimm.) Trautv. & C.A.Mey.,SPECIES,Plantae
152546465,https://www.gbif.org/species/5372827,Salix irrorata Andersson,ACCEPTED,5372827,Salix irrorata Andersson,SPECIES,Plantae
152546466,https://www.gbif.org/species/5372854,Salix nigra Marshall,ACCEPTED,5372854,Salix nigra Marshall,SPECIES,Plantae
152546467,https://www.gbif.org/species/5372875,Salix myrsinifolia Salisb.,ACCEPTED,5372875,Salix myrsinifolia Salisb.,SPECIES,Plantae
152546468,https://www.gbif.org/species/5372614,Salix eriocephala Michx.,ACCEPTED,5372614,Salix eriocephala Michx.,SPECIES,Plantae
152546469,https://www.gbif.org/species/5372647,Salix pentandra L.,ACCEPTED,5372647,Salix pentandra L.,SPECIES,Plantae
152546471,https://www.gbif.org/species/8190077,Populus ×canadensis Moench,ACCEPTED,8190077,Populus ×canadensis Moench,SPECIES,Plantae
152546472,https://www.gbif.org/species/3040184,Populus balsamifera L.,ACCEPTED,3040184,Populus balsamifera L.,SPECIES,Plantae
152546473,https://www.gbif.org/species/3040185,Populus ×canescens (Aiton) Sm.,ACCEPTED,3040185,Populus ×canescens (Aiton) Sm.,SPECIES,Plantae
152546474,https://www.gbif.org/species/3040232,Populus deltoides W.Bartram ex Marshall,ACCEPTED,3040232,Populus deltoides W.Bartram ex Marshall,SPECIES,Plantae
152546475,https://www.gbif.org/species/3040233,Populus alba L.,ACCEPTED,3040233,Populus alba L.,SPECIES,Plantae
152546478,https://www.gbif.org/species/7293222,Linum austriacum subsp. austriacum,ACCEPTED,7293222,Linum austriacum subsp. austriacum,SUBSPECIES,Plantae
152546479,https://www.gbif.org/species/2873926,Linum grandiflorum Desf.,ACCEPTED,2873926,Linum grandiflorum Desf.,SPECIES,Plantae
152546480,https://www.gbif.org/species/2873861,Linum usitatissimum L.,ACCEPTED,2873861,Linum usitatissimum L.,SPECIES,Plantae
152546483,https://www.gbif.org/species/2874190,Passiflora edulis Sims,ACCEPTED,2874190,Passiflora edulis Sims,SPECIES,Plantae
152546484,https://www.gbif.org/species/2874199,Passiflora caerulea L.,ACCEPTED,2874199,Passiflora caerulea L.,SPECIES,Plantae
152546489,https://www.gbif.org/species/2653321,Ephedra distachya L.,ACCEPTED,2653321,Ephedra distachya L.,SPECIES,Plantae
152546494,https://www.gbif.org/species/5281901,Campylopus introflexus (Hedw.) Brid.,ACCEPTED,5281901,Campylopus introflexus (Hedw.) Brid.,SPECIES,Plantae
152546498,https://www.gbif.org/species/2677047,Orthodontium lineare Schwägr.,ACCEPTED,2677047,Orthodontium lineare Schwägr.,SPECIES,Plantae
152546503,https://www.gbif.org/species/5284950,Picea omorika (Pancic) Purk.,ACCEPTED,5284950,Picea omorika (Pancic) Purk.,SPECIES,Plantae
152546504,https://www.gbif.org/species/5284884,Picea abies (L.) H.Karst.,ACCEPTED,5284884,Picea abies (L.) H.Karst.,SPECIES,Plantae
152546505,https://www.gbif.org/species/5284827,Picea sitchensis (Bong.) Carrière,ACCEPTED,5284827,Picea sitchensis (Bong.) Carrière,SPECIES,Plantae
152546507,https://www.gbif.org/species/5825913,Pinus nigra subsp. laricio (Poir.) Maire,ACCEPTED,5825913,Pinus nigra subsp. laricio (Poir.) Maire,SUBSPECIES,Plantae
152546508,https://www.gbif.org/species/7230699,Pinus nigra subsp. nigra,ACCEPTED,7230699,Pinus nigra subsp. nigra,SUBSPECIES,Plantae
152546509,https://www.gbif.org/species/5285565,Pinus pinaster Aiton,ACCEPTED,5285565,Pinus pinaster Aiton,SPECIES,Plantae
152546510,https://www.gbif.org/species/5285637,Pinus sylvestris L.,ACCEPTED,5285637,Pinus sylvestris L.,SPECIES,Plantae
152546511,https://www.gbif.org/species/5285074,Pinus wallichiana A.B.Jacks.,ACCEPTED,5285074,Pinus wallichiana A.B.Jacks.,SPECIES,Plantae
152546512,https://www.gbif.org/species/5285053,Pinus ponderosa Douglas ex C.Lawson,ACCEPTED,5285053,Pinus ponderosa Douglas ex C.Lawson,SPECIES,Plantae
152546513,https://www.gbif.org/species/5284982,Pinus strobus L.,ACCEPTED,5284982,Pinus strobus L.,SPECIES,Plantae
152546515,https://www.gbif.org/species/2685552,Abies nordmanniana (Steven) Spach,ACCEPTED,2685552,Abies nordmanniana (Steven) Spach,SPECIES,Plantae
152546516,https://www.gbif.org/species/2685484,Abies alba Mill.,ACCEPTED,2685484,Abies alba Mill.,SPECIES,Plantae
152546517,https://www.gbif.org/species/2685361,Abies grandis (Douglas ex D.Don) Lindl.,ACCEPTED,2685361,Abies grandis (Douglas ex D.Don) Lindl.,SPECIES,Plantae
152546519,https://www.gbif.org/species/2685796,Pseudotsuga menziesii (Mirb.) Franco,ACCEPTED,2685796,Pseudotsuga menziesii (Mirb.) Franco,SPECIES,Plantae
152546521,https://www.gbif.org/species/2686157,Larix kaempferi (Lamb.) Carrière,ACCEPTED,2686157,Larix kaempferi (Lamb.) Carrière,SPECIES,Plantae
152546522,https://www.gbif.org/species/2686212,Larix decidua Mill.,ACCEPTED,2686212,Larix decidua Mill.,SPECIES,Plantae
152546524,https://www.gbif.org/species/2687182,Tsuga canadensis (L.) Carrière,ACCEPTED,2687182,Tsuga canadensis (L.) Carrière,SPECIES,Plantae
152546525,https://www.gbif.org/species/2687210,Tsuga heterophylla (Raf.) Sarg.,ACCEPTED,2687210,Tsuga heterophylla (Raf.) Sarg.,SPECIES,Plantae
152546528,https://www.gbif.org/species/2684984,Araucaria araucana (Molina) K.Koch,ACCEPTED,2684984,Araucaria araucana (Molina) K.Koch,SPECIES,Plantae
152546531,https://www.gbif.org/species/5284237,Cryptomeria japonica (Thunb. ex L.f.) D.Don,ACCEPTED,5284237,Cryptomeria japonica (Thunb. ex L.f.) D.Don,SPECIES,Plantae
152546533,https://www.gbif.org/species/2684178,Thuja occidentalis L.,ACCEPTED,2684178,Thuja occidentalis L.,SPECIES,Plantae
152546534,https://www.gbif.org/species/2684171,Thuja plicata Donn ex D.Don,ACCEPTED,2684171,Thuja plicata Donn ex D.Don,SPECIES,Plantae
152546536,https://www.gbif.org/species/2683894,Xanthocyparis nootkatensis (D.Don) Farjon & Harder,ACCEPTED,2683894,Xanthocyparis nootkatensis (D.Don) Farjon & Harder,SPECIES,Plantae
152546538,https://www.gbif.org/species/2684191,Taxodium distichum (L.) Rich.,ACCEPTED,2684191,Taxodium distichum (L.) Rich.,SPECIES,Plantae
152546540,https://www.gbif.org/species/2683866,Chamaecyparis lawsoniana (A.Murray bis) Parl.,ACCEPTED,2683866,Chamaecyparis lawsoniana (A.Murray bis) Parl.,SPECIES,Plantae
152546545,https://www.gbif.org/species/2688189,Selaginella kraussiana (Kunze) A.Braun,ACCEPTED,2688189,Selaginella kraussiana (Kunze) A.Braun,SPECIES,Plantae
152546553,https://www.gbif.org/species/5303040,Thalia dealbata Fraser,ACCEPTED,5303040,Thalia dealbata Fraser,SPECIES,Plantae
152546557,https://www.gbif.org/species/5328593,Aponogeton distachyos L.f.,ACCEPTED,5328593,Aponogeton distachyos L.f.,SPECIES,Plantae
152546560,https://www.gbif.org/species/5328909,Sagittaria latifolia Willd.,ACCEPTED,5328909,Sagittaria latifolia Willd.,SPECIES,Plantae
152546567,https://www.gbif.org/species/2865565,Lagarosiphon major (Ridl.) Moss,ACCEPTED,2865565,Lagarosiphon major (Ridl.) Moss,SPECIES,Plantae
152546569,https://www.gbif.org/species/2865526,Vallisneria spiralis L.,ACCEPTED,2865526,Vallisneria spiralis L.,SPECIES,Plantae
152546570,https://www.gbif.org/species/2865501,Vallisneria americana Michx.,ACCEPTED,2865501,Vallisneria americana Michx.,SPECIES,Plantae
152546572,https://www.gbif.org/species/5329212,Elodea nuttallii (Planch.) H.St.John,ACCEPTED,5329212,Elodea nuttallii (Planch.) H.St.John,SPECIES,Plantae
152546573,https://www.gbif.org/species/2865448,Elodea canadensis Michx.,ACCEPTED,2865448,Elodea canadensis Michx.,SPECIES,Plantae
152546576,https://www.gbif.org/species/5330661,Arum italicum Mill.,ACCEPTED,5330661,Arum italicum Mill.,SPECIES,Plantae
152546578,https://www.gbif.org/species/5330085,Wolffia columbiana H.Karst.,ACCEPTED,5330085,Wolffia columbiana H.Karst.,SPECIES,Plantae
152546580,https://www.gbif.org/species/2869311,Lysichiton americanus Hultén & H.St.John,ACCEPTED,2869311,Lysichiton americanus Hultén & H.St.John,SPECIES,Plantae
152546582,https://www.gbif.org/species/2868827,Zantedeschia aethiopica (L.) Spreng.,ACCEPTED,2868827,Zantedeschia aethiopica (L.) Spreng.,SPECIES,Plantae
152546583,https://www.gbif.org/species/2868796,Zantedeschia albomaculata (Hook.) Baill.,ACCEPTED,2868796,Zantedeschia albomaculata (Hook.) Baill.,SPECIES,Plantae
152546585,https://www.gbif.org/species/2867631,Lemna turionifera Landolt,ACCEPTED,2867631,Lemna turionifera Landolt,SPECIES,Plantae
152546586,https://www.gbif.org/species/2867614,Lemna minuta Kunth,ACCEPTED,2867614,Lemna minuta Kunth,SPECIES,Plantae
152546588,https://www.gbif.org/species/2870583,Pistia stratiotes L.,ACCEPTED,2870583,Pistia stratiotes L.,SPECIES,Plantae
152546592,https://www.gbif.org/species/2873769,Acorus calamus L.,ACCEPTED,2873769,Acorus calamus L.,SPECIES,Plantae
152546596,https://www.gbif.org/species/6109699,Phoenix dactylifera L.,ACCEPTED,6109699,Phoenix dactylifera L.,SPECIES,Plantae
152546598,https://www.gbif.org/species/2739071,Trachycarpus fortunei (Hook.) H.Wendl.,ACCEPTED,2739071,Trachycarpus fortunei (Hook.) H.Wendl.,SPECIES,Plantae
152546602,https://www.gbif.org/species/5295044,Smilax aspera L.,ACCEPTED,5295044,Smilax aspera L.,SPECIES,Plantae
152546603,https://www.gbif.org/species/5295375,Smilax rotundifolia L.,ACCEPTED,5295375,Smilax rotundifolia L.,SPECIES,Plantae
152546606,https://www.gbif.org/species/2742119,Veratrum album L.,ACCEPTED,2742119,Veratrum album L.,SPECIES,Plantae
152546609,https://www.gbif.org/species/5299675,Tulipa gesneriana L.,ACCEPTED,5299675,Tulipa gesneriana L.,SPECIES,Plantae
152546610,https://www.gbif.org/species/5299536,Tulipa sylvestris L.,ACCEPTED,5299536,Tulipa sylvestris L.,SPECIES,Plantae
152546612,https://www.gbif.org/species/5300102,Gagea pratensis (Pers.) Dumort.,ACCEPTED,5300102,Gagea pratensis (Pers.) Dumort.,SPECIES,Plantae
152546614,https://www.gbif.org/species/2752849,Erythronium dens-canis L.,ACCEPTED,2752849,Erythronium dens-canis L.,SPECIES,Plantae
152546616,https://www.gbif.org/species/8418777,Lilium ×hollandicum Woodcock & Stearn,DOUBTFUL,8418777,Lilium ×hollandicum Woodcock & Stearn,SPECIES,Plantae
152546617,https://www.gbif.org/species/2753146,Lilium martagon L.,ACCEPTED,2753146,Lilium martagon L.,SPECIES,Plantae
152546618,https://www.gbif.org/species/2771094,Hosta,DOUBTFUL,2771094,Hosta,GENUS,Plantae
152546622,https://www.gbif.org/species/5305162,Kniphofia ×praecox Baker,ACCEPTED,5305162,Kniphofia ×praecox Baker,SPECIES,Plantae
152546624,https://www.gbif.org/species/2778358,Asphodelus tenuifolius Cav.,ACCEPTED,2778358,Asphodelus tenuifolius Cav.,SPECIES,Plantae
152546626,https://www.gbif.org/species/2781074,Hemerocallis fulva (L.) L.,ACCEPTED,2781074,Hemerocallis fulva (L.) L.,SPECIES,Plantae
152546627,https://www.gbif.org/species/2781103,Hemerocallis lilioasphodelus L.,ACCEPTED,2781103,Hemerocallis lilioasphodelus L.,SPECIES,Plantae
152546630,https://www.gbif.org/species/5324959,Himantoglossum robertianum (Loisel.) P.Delforge,ACCEPTED,5324959,Himantoglossum robertianum (Loisel.) P.Delforge,SPECIES,Plantae
152546632,https://www.gbif.org/species/5314814,Serapias lingua L.,ACCEPTED,5314814,Serapias lingua L.,SPECIES,Plantae
152546634,https://www.gbif.org/species/2784401,Traunsteinera globosa (L.) Rchb.,ACCEPTED,2784401,Traunsteinera globosa (L.) Rchb.,SPECIES,Plantae
152546636,https://www.gbif.org/species/2840931,Goodyera repens (L.) R.Br.,ACCEPTED,2840931,Goodyera repens (L.) R.Br.,SPECIES,Plantae
152546639,https://www.gbif.org/species/9177060,Allium scorodoprasum L.,ACCEPTED,9177060,Allium scorodoprasum L.,SPECIES,Plantae
152546641,https://www.gbif.org/species/2855705,Allium lusitanicum Lam.,ACCEPTED,2855705,Allium lusitanicum Lam.,SPECIES,Plantae
152546642,https://www.gbif.org/species/2856456,Allium pendulinum Ten.,ACCEPTED,2856456,Allium pendulinum Ten.,SPECIES,Plantae
152546643,https://www.gbif.org/species/2855968,Allium carinatum L.,ACCEPTED,2855968,Allium carinatum L.,SPECIES,Plantae
152546644,https://www.gbif.org/species/2856504,Allium fistulosum L.,ACCEPTED,2856504,Allium fistulosum L.,SPECIES,Plantae
152546645,https://www.gbif.org/species/2856457,Allium triquetrum L.,ACCEPTED,2856457,Allium triquetrum L.,SPECIES,Plantae
152546646,https://www.gbif.org/species/2855825,Allium moly L.,ACCEPTED,2855825,Allium moly L.,SPECIES,Plantae
152546647,https://www.gbif.org/species/2855823,Allium nigrum L.,ACCEPTED,2855823,Allium nigrum L.,SPECIES,Plantae
152546648,https://www.gbif.org/species/2855893,Allium roseum L.,ACCEPTED,2855893,Allium roseum L.,SPECIES,Plantae
152546649,https://www.gbif.org/species/2855860,Allium schoenoprasum L.,ACCEPTED,2855860,Allium schoenoprasum L.,SPECIES,Plantae
152546650,https://www.gbif.org/species/2857679,Allium macleanii Baker,ACCEPTED,2857679,Allium macleanii Baker,SPECIES,Plantae
152546651,https://www.gbif.org/species/2857697,Allium cepa L.,ACCEPTED,2857697,Allium cepa L.,SPECIES,Plantae
152546652,https://www.gbif.org/species/2856920,Allium hollandicum R.M.Fritsch,ACCEPTED,2856920,Allium hollandicum R.M.Fritsch,SPECIES,Plantae
152546653,https://www.gbif.org/species/2857449,Allium ramosum L.,ACCEPTED,2857449,Allium ramosum L.,SPECIES,Plantae
152546655,https://www.gbif.org/species/2855439,Galanthus woronowii Losinsk.,ACCEPTED,2855439,Galanthus woronowii Losinsk.,SPECIES,Plantae
152546656,https://www.gbif.org/species/2855374,Galanthus ikariae Baker,ACCEPTED,2855374,Galanthus ikariae Baker,SPECIES,Plantae
152546657,https://www.gbif.org/species/2855356,Galanthus nivalis L.,ACCEPTED,2855356,Galanthus nivalis L.,SPECIES,Plantae
152546659,https://www.gbif.org/species/4013762,Narcissus ×cyclazetta Chater & Stace,ACCEPTED,4013762,Narcissus ×cyclazetta Chater & Stace,SPECIES,Plantae
152546660,https://www.gbif.org/species/2858581,Narcissus poeticus L.,ACCEPTED,2858581,Narcissus poeticus L.,SPECIES,Plantae
152546663,https://www.gbif.org/species/5296015,Sisyrinchium angustifolium Mill.,ACCEPTED,5296015,Sisyrinchium angustifolium Mill.,SPECIES,Plantae
152546664,https://www.gbif.org/species/5296178,Sisyrinchium montanum Greene,ACCEPTED,5296178,Sisyrinchium montanum Greene,SPECIES,Plantae
152546665,https://www.gbif.org/species/5296218,Sisyrinchium californicum (Ker Gawl.) Dryand.,ACCEPTED,5296218,Sisyrinchium californicum (Ker Gawl.) Dryand.,SPECIES,Plantae
152546666,https://www.gbif.org/species/5296432,Sisyrinchium striatum Sm.,ACCEPTED,5296432,Sisyrinchium striatum Sm.,SPECIES,Plantae
152546668,https://www.gbif.org/species/5298126,Iris sibirica L.,ACCEPTED,5298126,Iris sibirica L.,SPECIES,Plantae
152546669,https://www.gbif.org/species/5298069,Iris ×germanica L.,ACCEPTED,5298069,Iris ×germanica L.,SPECIES,Plantae
152546670,https://www.gbif.org/species/5298765,Iris foetidissima L.,ACCEPTED,5298765,Iris foetidissima L.,SPECIES,Plantae
152546671,https://www.gbif.org/species/5298675,Iris pumila L.,ACCEPTED,5298675,Iris pumila L.,SPECIES,Plantae
152546672,https://www.gbif.org/species/5298908,Iris graminea L.,ACCEPTED,5298908,Iris graminea L.,SPECIES,Plantae
152546674,https://www.gbif.org/species/2747564,Crocus tommasinianus Herb.,ACCEPTED,2747564,Crocus tommasinianus Herb.,SPECIES,Plantae
152546675,https://www.gbif.org/species/2747489,Crocus chrysanthus (Herb.) Herb.,ACCEPTED,2747489,Crocus chrysanthus (Herb.) Herb.,SPECIES,Plantae
152546676,https://www.gbif.org/species/2747567,Crocus vernus (L.) Hill,ACCEPTED,2747567,Crocus vernus (L.) Hill,SPECIES,Plantae
152546678,https://www.gbif.org/species/2747939,Crocosmia ×crocosmiiflora (Lemoine) N.E.Br.,ACCEPTED,2747939,Crocosmia ×crocosmiiflora (Lemoine) N.E.Br.,SPECIES,Plantae
152546680,https://www.gbif.org/species/3586046,Gladiolus ×hortulanus L.H.Bailey,DOUBTFUL,3586046,Gladiolus ×hortulanus L.H.Bailey,SPECIES,Plantae
152546681,https://www.gbif.org/species/2749791,Gladiolus italicus Mill.,ACCEPTED,2749791,Gladiolus italicus Mill.,SPECIES,Plantae
152546684,https://www.gbif.org/species/7881150,Polygonatum ×hybridum Brügger,ACCEPTED,7881150,Polygonatum ×hybridum Brügger,SPECIES,Plantae
152546686,https://www.gbif.org/species/5303891,Danae racemosa (L.) Moench,ACCEPTED,5303891,Danae racemosa (L.) Moench,SPECIES,Plantae
152546688,https://www.gbif.org/species/5304294,Hyacinthoides ×massartiana Geerinck,ACCEPTED,5304294,Hyacinthoides ×massartiana Geerinck,SPECIES,Plantae
152546689,https://www.gbif.org/species/5304257,Hyacinthoides hispanica (Mill.) Rothm.,ACCEPTED,5304257,Hyacinthoides hispanica (Mill.) Rothm.,SPECIES,Plantae
152546691,https://www.gbif.org/species/2775530,Yucca flaccida Haw.,ACCEPTED,2775530,Yucca flaccida Haw.,SPECIES,Plantae
152546692,https://www.gbif.org/species/2775619,Yucca gloriosa L.,ACCEPTED,2775619,Yucca gloriosa L.,SPECIES,Plantae
152546695,https://www.gbif.org/species/2767229,Scilla sardensis (Whittall ex Barr & Sugden) Speta,ACCEPTED,2767229,Scilla sardensis (Whittall ex Barr & Sugden) Speta,SPECIES,Plantae
152546696,https://www.gbif.org/species/2767271,Scilla luciliae (Boiss.) Speta,ACCEPTED,2767271,Scilla luciliae (Boiss.) Speta,SPECIES,Plantae
152546698,https://www.gbif.org/species/2767031,Agave americana L.,ACCEPTED,2767031,Agave americana L.,SPECIES,Plantae
152546700,https://www.gbif.org/species/2769493,Maianthemum stellatum (L.) Link,ACCEPTED,2769493,Maianthemum stellatum (L.) Link,SPECIES,Plantae
152546701,https://www.gbif.org/species/2769435,Maianthemum dilatatum (Alph.Wood) A.Nelson & J.F.Macbr.,ACCEPTED,2769435,Maianthemum dilatatum (Alph.Wood) A.Nelson & J.F.Macbr.,SPECIES,Plantae
152546703,https://www.gbif.org/species/2769073,Camassia leichtlinii subsp. suksdorfii (Greenm.) Gould,ACCEPTED,2769073,Camassia leichtlinii subsp. suksdorfii (Greenm.) Gould,SUBSPECIES,Plantae
152546705,https://www.gbif.org/species/2769766,Ruscus aculeatus L.,ACCEPTED,2769766,Ruscus aculeatus L.,SPECIES,Plantae
152546707,https://www.gbif.org/species/2772174,Muscari armeniacum Leichtlin ex Baker,DOUBTFUL,2772174,Muscari armeniacum Leichtlin ex Baker,SPECIES,Plantae
152546708,https://www.gbif.org/species/2772082,Muscari latifolium J.Kirk,ACCEPTED,2772082,Muscari latifolium J.Kirk,SPECIES,Plantae
152546710,https://www.gbif.org/species/2772958,Ornithogalum narbonense L.,ACCEPTED,2772958,Ornithogalum narbonense L.,SPECIES,Plantae
152546711,https://www.gbif.org/species/2773281,Ornithogalum nutans L.,ACCEPTED,2773281,Ornithogalum nutans L.,SPECIES,Plantae
152546712,https://www.gbif.org/species/2773453,Ornithogalum divergens Boreau,ACCEPTED,2773453,Ornithogalum divergens Boreau,SPECIES,Plantae
152546713,https://www.gbif.org/species/2772885,Ornithogalum pyramidale L.,ACCEPTED,2772885,Ornithogalum pyramidale L.,SPECIES,Plantae
152546715,https://www.gbif.org/species/2772666,Hyacinthus orientalis L.,ACCEPTED,2772666,Hyacinthus orientalis L.,SPECIES,Plantae
152546721,https://www.gbif.org/species/2764179,Commelina communis L.,ACCEPTED,2764179,Commelina communis L.,SPECIES,Plantae
152546723,https://www.gbif.org/species/2764202,Commelina diffusa Burm.f.,ACCEPTED,2764202,Commelina diffusa Burm.f.,SPECIES,Plantae
152546724,https://www.gbif.org/species/2764337,Commelina obliqua Vahl,ACCEPTED,2764337,Commelina obliqua Vahl,SPECIES,Plantae
152546726,https://www.gbif.org/species/2765156,Tradescantia fluminensis Vell.,ACCEPTED,2765156,Tradescantia fluminensis Vell.,SPECIES,Plantae
152546727,https://www.gbif.org/species/2765272,Tradescantia virginiana L.,ACCEPTED,2765272,Tradescantia virginiana L.,SPECIES,Plantae
152546732,https://www.gbif.org/species/2766030,Pontederia cordata L.,ACCEPTED,2766030,Pontederia cordata L.,SPECIES,Plantae
152546736,https://www.gbif.org/species/5289503,Typha laxmannii Lepech.,ACCEPTED,5289503,Typha laxmannii Lepech.,SPECIES,Plantae
152546737,https://www.gbif.org/species/5289490,Typha ×provincialis A.Camus,ACCEPTED,5289490,Typha ×provincialis A.Camus,SPECIES,Plantae
152546738,https://www.gbif.org/species/5289492,Typha minima Funck,ACCEPTED,5289492,Typha minima Funck,SPECIES,Plantae
152546741,https://www.gbif.org/species/7961815,Schoenoplectiella bucharica (Roshev.) Hayas.,ACCEPTED,7961815,Schoenoplectiella bucharica (Roshev.) Hayas.,SPECIES,Plantae
152546743,https://www.gbif.org/species/7421129,Cyperus longus subsp. badius (Desf.) Bonnier & Layens,ACCEPTED,7421129,Cyperus longus subsp. badius (Desf.) Bonnier & Layens,SUBSPECIES,Plantae
152546744,https://www.gbif.org/species/7070211,Cyperus longus subsp. longus,ACCEPTED,7070211,Cyperus longus subsp. longus,SUBSPECIES,Plantae
152546745,https://www.gbif.org/species/2714796,Cyperus difformis L.,ACCEPTED,2714796,Cyperus difformis L.,SPECIES,Plantae
152546746,https://www.gbif.org/species/2714722,Cyperus reflexus Vahl,ACCEPTED,2714722,Cyperus reflexus Vahl,SPECIES,Plantae
152546747,https://www.gbif.org/species/2714656,Cyperus congestus Vahl,ACCEPTED,2714656,Cyperus congestus Vahl,SPECIES,Plantae
152546748,https://www.gbif.org/species/2714453,Cyperus cyperoides (L.) Kuntze,ACCEPTED,2714453,Cyperus cyperoides (L.) Kuntze,SPECIES,Plantae
152546749,https://www.gbif.org/species/2714301,Cyperus conglomeratus Rottb.,ACCEPTED,2714301,Cyperus conglomeratus Rottb.,SPECIES,Plantae
152546750,https://www.gbif.org/species/2714233,Cyperus imbricatus Retz.,ACCEPTED,2714233,Cyperus imbricatus Retz.,SPECIES,Plantae
152546751,https://www.gbif.org/species/2713662,Cyperus aggregatus (Willd.) Endl.,ACCEPTED,2713662,Cyperus aggregatus (Willd.) Endl.,SPECIES,Plantae
152546752,https://www.gbif.org/species/2713519,Cyperus rigens J.Presl & C.Presl,ACCEPTED,2713519,Cyperus rigens J.Presl & C.Presl,SPECIES,Plantae
152546753,https://www.gbif.org/species/2716420,Cyperus virens Michx.,ACCEPTED,2716420,Cyperus virens Michx.,SPECIES,Plantae
152546754,https://www.gbif.org/species/2715482,Cyperus eragrostis Lam.,ACCEPTED,2715482,Cyperus eragrostis Lam.,SPECIES,Plantae
152546755,https://www.gbif.org/species/2716226,Cyperus esculentus L.,ACCEPTED,2716226,Cyperus esculentus L.,SPECIES,Plantae
152546756,https://www.gbif.org/species/2714818,Cyperus rotundus L.,ACCEPTED,2714818,Cyperus rotundus L.,SPECIES,Plantae
152546757,https://www.gbif.org/species/2715206,Cyperus exaltatus Retz.,ACCEPTED,2715206,Cyperus exaltatus Retz.,SPECIES,Plantae
152546759,https://www.gbif.org/species/2708808,Fimbristylis dichotoma (L.) Vahl,ACCEPTED,2708808,Fimbristylis dichotoma (L.) Vahl,SPECIES,Plantae
152546761,https://www.gbif.org/species/7795128,Carex crus-corvi Shuttlew.,DOUBTFUL,7795128,Carex crus-corvi Shuttlew.,SPECIES,Plantae
152546762,https://www.gbif.org/species/7227181,Carex muricata subsp. muricata,ACCEPTED,7227181,Carex muricata subsp. muricata,SUBSPECIES,Plantae
152546763,https://www.gbif.org/species/2726360,Carex grayi J.Carey,ACCEPTED,2726360,Carex grayi J.Carey,SPECIES,Plantae
152546764,https://www.gbif.org/species/2726538,Carex muskingumensis Schwein.,ACCEPTED,2726538,Carex muskingumensis Schwein.,SPECIES,Plantae
152546765,https://www.gbif.org/species/2726539,Carex scoparia Schkuhr ex Willd.,ACCEPTED,2726539,Carex scoparia Schkuhr ex Willd.,SPECIES,Plantae
152546766,https://www.gbif.org/species/2727875,Carex secalina Willd. ex Wahlenb.,ACCEPTED,2727875,Carex secalina Willd. ex Wahlenb.,SPECIES,Plantae
152546767,https://www.gbif.org/species/2728060,Carex vulpinoidea Michx.,ACCEPTED,2728060,Carex vulpinoidea Michx.,SPECIES,Plantae
152546768,https://www.gbif.org/species/2722973,Carex loliacea L.,ACCEPTED,2722973,Carex loliacea L.,SPECIES,Plantae
152546769,https://www.gbif.org/species/2723271,Carex melanostachya M.Bieb. ex Willd.,ACCEPTED,2723271,Carex melanostachya M.Bieb. ex Willd.,SPECIES,Plantae
152546770,https://www.gbif.org/species/2722380,Carex crawfordii Fernald,ACCEPTED,2722380,Carex crawfordii Fernald,SPECIES,Plantae
152546771,https://www.gbif.org/species/2722515,Carex morrowii Boott,ACCEPTED,2722515,Carex morrowii Boott,SPECIES,Plantae
152546773,https://www.gbif.org/species/2718387,Bolboschoenus glaucus (Lam.) S.G.Sm.,ACCEPTED,2718387,Bolboschoenus glaucus (Lam.) S.G.Sm.,SPECIES,Plantae
152546774,https://www.gbif.org/species/2718302,Bolboschoenus yagara (Ohwi) Y.C.Yang & M.Zhan,ACCEPTED,2718302,Bolboschoenus yagara (Ohwi) Y.C.Yang & M.Zhan,SPECIES,Plantae
152546776,https://www.gbif.org/species/2716838,Eleocharis engelmannii Steud.,ACCEPTED,2716838,Eleocharis engelmannii Steud.,SPECIES,Plantae
152546777,https://www.gbif.org/species/2717467,Eleocharis obtusa (Willd.) Schult.,ACCEPTED,2717467,Eleocharis obtusa (Willd.) Schult.,SPECIES,Plantae
152546780,https://www.gbif.org/species/7549853,Disakisperma dubium (Kunth) P.M.Peterson & N.Snow,ACCEPTED,7549853,Disakisperma dubium (Kunth) P.M.Peterson & N.Snow,SPECIES,Plantae
152546782,https://www.gbif.org/species/7810452,Dasypyrum villosum (L.) P.Candargy,DOUBTFUL,7810452,Dasypyrum villosum (L.) P.Candargy,SPECIES,Plantae
152546784,https://www.gbif.org/species/7998563,Diplachne fusca subsp. fusca,ACCEPTED,7998563,Diplachne fusca subsp. fusca,SUBSPECIES,Plantae
152546785,https://www.gbif.org/species/8257546,Diplachne fusca subsp. fascicularis (Lam.) P.M.Peterson & N.Snow,ACCEPTED,8257546,Diplachne fusca subsp. fascicularis (Lam.) P.M.Peterson & N.Snow,SUBSPECIES,Plantae
152546786,https://www.gbif.org/species/8369366,Diplachne fusca subsp. uninervia (J.Presl) P.M.Peterson & N.Snow,ACCEPTED,8369366,Diplachne fusca subsp. uninervia (J.Presl) P.M.Peterson & N.Snow,SUBSPECIES,Plantae
152546788,https://www.gbif.org/species/8362005,Sasa palmata (Burb.) E.G.Camus,ACCEPTED,8362005,Sasa palmata (Burb.) E.G.Camus,SPECIES,Plantae
152546790,https://www.gbif.org/species/5679692,Enteropogon acicularis (Lindl.) Lazarides,ACCEPTED,5679692,Enteropogon acicularis (Lindl.) Lazarides,SPECIES,Plantae
152546792,https://www.gbif.org/species/7361239,Triraphis mollis R.Br.,ACCEPTED,7361239,Triraphis mollis R.Br.,SPECIES,Plantae
152546794,https://www.gbif.org/species/5676003,Fargesia spathacea Franch.,ACCEPTED,5676003,Fargesia spathacea Franch.,SPECIES,Plantae
152546796,https://www.gbif.org/species/5674888,Schmidtia kalahariensis Stent,ACCEPTED,5674888,Schmidtia kalahariensis Stent,SPECIES,Plantae
152546798,https://www.gbif.org/species/5677636,Cynodon convergens F.Muell.,ACCEPTED,5677636,Cynodon convergens F.Muell.,SPECIES,Plantae
152546799,https://www.gbif.org/species/6109637,Cynodon dactylon (L.) Pers.,ACCEPTED,6109637,Cynodon dactylon (L.) Pers.,SPECIES,Plantae
152546801,https://www.gbif.org/species/5674620,Echinaria capitata (L.) Desf.,ACCEPTED,5674620,Echinaria capitata (L.) Desf.,SPECIES,Plantae
152546803,https://www.gbif.org/species/5289814,Eustachys neglecta (Nash) Nash,ACCEPTED,5289814,Eustachys neglecta (Nash) Nash,SPECIES,Plantae
152546804,https://www.gbif.org/species/5289819,Eustachys retusa (Lag.) Kunth,ACCEPTED,5289819,Eustachys retusa (Lag.) Kunth,SPECIES,Plantae
152546806,https://www.gbif.org/species/5289791,Aegilops ventricosa Tausch,ACCEPTED,5289791,Aegilops ventricosa Tausch,SPECIES,Plantae
152546807,https://www.gbif.org/species/5289793,Aegilops triuncialis L.,ACCEPTED,5289793,Aegilops triuncialis L.,SPECIES,Plantae
152546808,https://www.gbif.org/species/5289781,Aegilops geniculata Roth,ACCEPTED,5289781,Aegilops geniculata Roth,SPECIES,Plantae
152546809,https://www.gbif.org/species/5289783,Aegilops cylindrica Host,ACCEPTED,5289783,Aegilops cylindrica Host,SPECIES,Plantae
152546811,https://www.gbif.org/species/5289762,Lamarckia aurea (L.) Moench,ACCEPTED,5289762,Lamarckia aurea (L.) Moench,SPECIES,Plantae
152546813,https://www.gbif.org/species/5289764,Gastridium ventricosum (Gouan) Schinz & Thell.,ACCEPTED,5289764,Gastridium ventricosum (Gouan) Schinz & Thell.,SPECIES,Plantae
152546814,https://www.gbif.org/species/5289763,Gastridium phleoides (Nees & Meyen) C.E.Hubb.,ACCEPTED,5289763,Gastridium phleoides (Nees & Meyen) C.E.Hubb.,SPECIES,Plantae
152546816,https://www.gbif.org/species/5828216,Cenchrus flaccidus (Griseb.) Morrone,ACCEPTED,5828216,Cenchrus flaccidus (Griseb.) Morrone,SPECIES,Plantae
152546817,https://www.gbif.org/species/5671747,Cenchrus alopecuroides (L.) Thunb.,ACCEPTED,5671747,Cenchrus alopecuroides (L.) Thunb.,SPECIES,Plantae
152546818,https://www.gbif.org/species/5289731,Cenchrus longispinus (Hack.) Fernald,ACCEPTED,5289731,Cenchrus longispinus (Hack.) Fernald,SPECIES,Plantae
152546819,https://www.gbif.org/species/5289739,Cenchrus echinatus L.,ACCEPTED,5289739,Cenchrus echinatus L.,SPECIES,Plantae
152546821,https://www.gbif.org/species/8420312,Phalaris platensis Henrard ex Heukels,DOUBTFUL,8420312,Phalaris platensis Henrard ex Heukels,SPECIES,Plantae
152546822,https://www.gbif.org/species/5289752,Phalaris minor Retz.,ACCEPTED,5289752,Phalaris minor Retz.,SPECIES,Plantae
152546823,https://www.gbif.org/species/5289753,Phalaris angusta Nees ex Trin.,ACCEPTED,5289753,Phalaris angusta Nees ex Trin.,SPECIES,Plantae
152546824,https://www.gbif.org/species/5289756,Phalaris arundinacea L.,ACCEPTED,5289756,Phalaris arundinacea L.,SPECIES,Plantae
152546825,https://www.gbif.org/species/5289758,Phalaris paradoxa L.,ACCEPTED,5289758,Phalaris paradoxa L.,SPECIES,Plantae
152546826,https://www.gbif.org/species/5289745,Phalaris brachystachys Link,ACCEPTED,5289745,Phalaris brachystachys Link,SPECIES,Plantae
152546827,https://www.gbif.org/species/5289744,Phalaris canariensis L.,ACCEPTED,5289744,Phalaris canariensis L.,SPECIES,Plantae
152546828,https://www.gbif.org/species/5289751,Phalaris coerulescens Desf.,ACCEPTED,5289751,Phalaris coerulescens Desf.,SPECIES,Plantae
152546829,https://www.gbif.org/species/5289746,Phalaris aquatica L.,ACCEPTED,5289746,Phalaris aquatica L.,SPECIES,Plantae
152546831,https://www.gbif.org/species/7226776,Setaria verticillata var. verticillata,ACCEPTED,7226776,Setaria verticillata var. verticillata,VARIETY,Plantae
152546832,https://www.gbif.org/species/5674218,Setaria dielsii R.A.W.Herrm.,ACCEPTED,5674218,Setaria dielsii R.A.W.Herrm.,SPECIES,Plantae
152546833,https://www.gbif.org/species/5289686,Setaria verticillata (L.) P.Beauv.,ACCEPTED,5289686,Setaria verticillata (L.) P.Beauv.,SPECIES,Plantae
152546834,https://www.gbif.org/species/5289684,Setaria viridis (L.) P.Beauv.,ACCEPTED,5289684,Setaria viridis (L.) P.Beauv.,SPECIES,Plantae
152546835,https://www.gbif.org/species/5289709,Setaria sphacelata (Schumach.) Stapf & C.E.Hubb. ex Moss,ACCEPTED,5289709,Setaria sphacelata (Schumach.) Stapf & C.E.Hubb. ex Moss,SPECIES,Plantae
152546836,https://www.gbif.org/species/5289698,Setaria italica (L.) P.Beauv.,ACCEPTED,5289698,Setaria italica (L.) P.Beauv.,SPECIES,Plantae
152546837,https://www.gbif.org/species/5289679,Setaria parviflora (Poir.) Kerguélen,ACCEPTED,5289679,Setaria parviflora (Poir.) Kerguélen,SPECIES,Plantae
152546838,https://www.gbif.org/species/5289666,Setaria faberi R.A.W.Herrm.,ACCEPTED,5289666,Setaria faberi R.A.W.Herrm.,SPECIES,Plantae
152546840,https://www.gbif.org/species/5290170,Phyllostachys viridiglaucescens (Carrière) Rivière & C.Rivière,ACCEPTED,5290170,Phyllostachys viridiglaucescens (Carrière) Rivière & C.Rivière,SPECIES,Plantae
152546842,https://www.gbif.org/species/5290143,Brachypodium distachyon (L.) P.Beauv.,ACCEPTED,5290143,Brachypodium distachyon (L.) P.Beauv.,SPECIES,Plantae
152546843,https://www.gbif.org/species/5290144,Brachypodium phoenicoides (L.) Roem. & Schult.,ACCEPTED,5290144,Brachypodium phoenicoides (L.) Roem. & Schult.,SPECIES,Plantae
152546845,https://www.gbif.org/species/5674919,Tragus koelerioides Asch.,ACCEPTED,5674919,Tragus koelerioides Asch.,SPECIES,Plantae
152546846,https://www.gbif.org/species/5290130,Tragus australianus S.T.Blake,ACCEPTED,5290130,Tragus australianus S.T.Blake,SPECIES,Plantae
152546847,https://www.gbif.org/species/5290126,Tragus racemosus (L.) All.,ACCEPTED,5290126,Tragus racemosus (L.) All.,SPECIES,Plantae
152546848,https://www.gbif.org/species/5290129,Tragus berteronianus Schult.,ACCEPTED,5290129,Tragus berteronianus Schult.,SPECIES,Plantae
152546850,https://www.gbif.org/species/5290069,Parapholis incurva (L.) C.E.Hubb.,ACCEPTED,5290069,Parapholis incurva (L.) C.E.Hubb.,SPECIES,Plantae
152546852,https://www.gbif.org/species/5290059,Beckmannia syzigachne (Steud.) Fernald,ACCEPTED,5290059,Beckmannia syzigachne (Steud.) Fernald,SPECIES,Plantae
152546854,https://www.gbif.org/species/5290052,Zea mays L.,ACCEPTED,5290052,Zea mays L.,SPECIES,Plantae
152546856,https://www.gbif.org/species/5679952,Polypogon chilensis (Kunth) Pilg.,ACCEPTED,5679952,Polypogon chilensis (Kunth) Pilg.,SPECIES,Plantae
152546857,https://www.gbif.org/species/5289919,Polypogon viridis (Gouan) Breistr.,ACCEPTED,5289919,Polypogon viridis (Gouan) Breistr.,SPECIES,Plantae
152546858,https://www.gbif.org/species/5289917,Polypogon monspeliensis (L.) Desf.,ACCEPTED,5289917,Polypogon monspeliensis (L.) Desf.,SPECIES,Plantae
152546859,https://www.gbif.org/species/5289913,Polypogon maritimus Willd.,ACCEPTED,5289913,Polypogon maritimus Willd.,SPECIES,Plantae
152546860,https://www.gbif.org/species/5289912,Polypogon fugax Nees ex Steud.,ACCEPTED,5289912,Polypogon fugax Nees ex Steud.,SPECIES,Plantae
152546861,https://www.gbif.org/species/5289911,Polypogon elongatus Kunth,ACCEPTED,5289911,Polypogon elongatus Kunth,SPECIES,Plantae
152546863,https://www.gbif.org/species/5289906,Rostraria cristata (L.) Tzvelev,ACCEPTED,5289906,Rostraria cristata (L.) Tzvelev,SPECIES,Plantae
152546865,https://www.gbif.org/species/5674047,Nassella hyalina (Nees) Barkworth,ACCEPTED,5674047,Nassella hyalina (Nees) Barkworth,SPECIES,Plantae
152546866,https://www.gbif.org/species/5674110,Nassella filiculmis (Delile) Barkworth,ACCEPTED,5674110,Nassella filiculmis (Delile) Barkworth,SPECIES,Plantae
152546867,https://www.gbif.org/species/5289836,Nassella formicarum (Delile) Barkworth,ACCEPTED,5289836,Nassella formicarum (Delile) Barkworth,SPECIES,Plantae
152546868,https://www.gbif.org/species/5289833,Nassella tenuissima (Trin.) Barkworth,ACCEPTED,5289833,Nassella tenuissima (Trin.) Barkworth,SPECIES,Plantae
152546869,https://www.gbif.org/species/5289831,Nassella neesiana (Trin. & Rupr.) Barkworth,ACCEPTED,5289831,Nassella neesiana (Trin. & Rupr.) Barkworth,SPECIES,Plantae
152546871,https://www.gbif.org/species/5678495,Chloris pycnothrix Trin.,ACCEPTED,5678495,Chloris pycnothrix Trin.,SPECIES,Plantae
152546872,https://www.gbif.org/species/5289620,Chloris truncata R.Br.,ACCEPTED,5289620,Chloris truncata R.Br.,SPECIES,Plantae
152546873,https://www.gbif.org/species/5289623,Chloris pectinata Benth.,ACCEPTED,5289623,Chloris pectinata Benth.,SPECIES,Plantae
152546874,https://www.gbif.org/species/5289631,Chloris divaricata R.Br.,ACCEPTED,5289631,Chloris divaricata R.Br.,SPECIES,Plantae
152546875,https://www.gbif.org/species/5289624,Chloris virgata Sw.,ACCEPTED,5289624,Chloris virgata Sw.,SPECIES,Plantae
152546876,https://www.gbif.org/species/5289629,Chloris ventricosa R.Br.,ACCEPTED,5289629,Chloris ventricosa R.Br.,SPECIES,Plantae
152546878,https://www.gbif.org/species/5676903,Apera intermedia Hack.,ACCEPTED,5676903,Apera intermedia Hack.,SPECIES,Plantae
152546879,https://www.gbif.org/species/5289643,Apera interrupta (L.) P.Beauv.,ACCEPTED,5289643,Apera interrupta (L.) P.Beauv.,SPECIES,Plantae
152546886,https://www.gbif.org/species/5290177,Lagurus ovatus L.,ACCEPTED,5290177,Lagurus ovatus L.,SPECIES,Plantae
152546888,https://www.gbif.org/species/5290242,Gaudinia fragilis (L.) P.Beauv.,ACCEPTED,5290242,Gaudinia fragilis (L.) P.Beauv.,SPECIES,Plantae
152546890,https://www.gbif.org/species/5290282,Elymus canadensis L.,ACCEPTED,5290282,Elymus canadensis L.,SPECIES,Plantae
152546894,https://www.gbif.org/species/4142326,Achnatherum calamagrostis (L.) P.Beauv.,ACCEPTED,4142326,Achnatherum calamagrostis (L.) P.Beauv.,SPECIES,Plantae
152546896,https://www.gbif.org/species/4142153,Desmazeria sicula (Jacq.) Dumort.,ACCEPTED,4142153,Desmazeria sicula (Jacq.) Dumort.,SPECIES,Plantae
152546898,https://www.gbif.org/species/4146512,Puccinellia stricta (Hook.f.) C.H.Blom,ACCEPTED,4146512,Puccinellia stricta (Hook.f.) C.H.Blom,SPECIES,Plantae
152546900,https://www.gbif.org/species/4152037,Helictotrichon sempervirens (Vill.) Pilg.,ACCEPTED,4152037,Helictotrichon sempervirens (Vill.) Pilg.,SPECIES,Plantae
152546902,https://www.gbif.org/species/4932431,Crithopsis delileana (Schult.) Roshev.,ACCEPTED,4932431,Crithopsis delileana (Schult.) Roshev.,SPECIES,Plantae
152546904,https://www.gbif.org/species/9484350,Lachnagrostis eriantha (Hack.) A.J.Br.,ACCEPTED,9484350,Lachnagrostis eriantha (Hack.) A.J.Br.,SPECIES,Plantae
152546905,https://www.gbif.org/species/4135892,Lachnagrostis lachnantha (Nees) Rúgolo & A.M.Molina,ACCEPTED,4135892,Lachnagrostis lachnantha (Nees) Rúgolo & A.M.Molina,SPECIES,Plantae
152546906,https://www.gbif.org/species/4136060,Lachnagrostis billardierei (R.Br.) Trin.,ACCEPTED,4136060,Lachnagrostis billardierei (R.Br.) Trin.,SPECIES,Plantae
152546907,https://www.gbif.org/species/4135963,Lachnagrostis filiformis (G.Forst.) Trin.,ACCEPTED,4135963,Lachnagrostis filiformis (G.Forst.) Trin.,SPECIES,Plantae
152546909,https://www.gbif.org/species/4136390,Aeluropus littoralis (Gouan) Parl.,ACCEPTED,4136390,Aeluropus littoralis (Gouan) Parl.,SPECIES,Plantae
152546911,https://www.gbif.org/species/4137839,Koeleria glauca (Spreng.) DC.,ACCEPTED,4137839,Koeleria glauca (Spreng.) DC.,SPECIES,Plantae
152546913,https://www.gbif.org/species/4138669,Pholiurus pannonicus (Host) Trin.,ACCEPTED,4138669,Pholiurus pannonicus (Host) Trin.,SPECIES,Plantae
152546917,https://www.gbif.org/species/4127352,Sasaella ramosa (Makino) Makino,ACCEPTED,4127352,Sasaella ramosa (Makino) Makino,SPECIES,Plantae
152546919,https://www.gbif.org/species/4125930,×Agropogon lutosus (Poir.) P.Fourn.,ACCEPTED,4125930,×Agropogon lutosus (Poir.) P.Fourn.,SPECIES,Plantae
152546921,https://www.gbif.org/species/4127831,Stipa pennata L.,ACCEPTED,4127831,Stipa pennata L.,SPECIES,Plantae
152546923,https://www.gbif.org/species/4130246,Stipagrostis pungens (Desf.) De Winter,ACCEPTED,4130246,Stipagrostis pungens (Desf.) De Winter,SPECIES,Plantae
152546925,https://www.gbif.org/species/5676646,Digitaria aequiglumis (Hack. & Arechav.) Parodi,ACCEPTED,5676646,Digitaria aequiglumis (Hack. & Arechav.) Parodi,SPECIES,Plantae
152546926,https://www.gbif.org/species/5289995,Digitaria violascens Link,ACCEPTED,5289995,Digitaria violascens Link,SPECIES,Plantae
152546927,https://www.gbif.org/species/5289972,Digitaria sanguinalis (L.) Scop.,ACCEPTED,5289972,Digitaria sanguinalis (L.) Scop.,SPECIES,Plantae
152546928,https://www.gbif.org/species/5289957,Digitaria brownii (Roem. & Schult.) Hughes,ACCEPTED,5289957,Digitaria brownii (Roem. & Schult.) Hughes,SPECIES,Plantae
152546929,https://www.gbif.org/species/5289929,Digitaria abyssinica (Hochst. ex A.Rich.) Stapf,ACCEPTED,5289929,Digitaria abyssinica (Hochst. ex A.Rich.) Stapf,SPECIES,Plantae
152546930,https://www.gbif.org/species/4131963,Digitaria acuminatissima Stapf,ACCEPTED,4131963,Digitaria acuminatissima Stapf,SPECIES,Plantae
152546932,https://www.gbif.org/species/4120602,Semiarundinaria fastuosa (Lat.-Marl. ex Mitford) Makino,ACCEPTED,4120602,Semiarundinaria fastuosa (Lat.-Marl. ex Mitford) Makino,SPECIES,Plantae
152546934,https://www.gbif.org/species/7517279,"Rytidosperma tenuius (Steud.) O.E.Erikss., A.Hansen & Sunding",ACCEPTED,7517279,"Rytidosperma tenuius (Steud.) O.E.Erikss., A.Hansen & Sunding",SPECIES,Plantae
152546935,https://www.gbif.org/species/4136338,Rytidosperma gracile (Hook.f.) Connor & Edgar,ACCEPTED,4136338,Rytidosperma gracile (Hook.f.) Connor & Edgar,SPECIES,Plantae
152546936,https://www.gbif.org/species/4121201,Rytidosperma thomsonii (Buchanan) Connor & Edgar,ACCEPTED,4121201,Rytidosperma thomsonii (Buchanan) Connor & Edgar,SPECIES,Plantae
152546938,https://www.gbif.org/species/4125110,Harpachne schimperi Hochst. ex A.Rich.,ACCEPTED,4125110,Harpachne schimperi Hochst. ex A.Rich.,SPECIES,Plantae
152546940,https://www.gbif.org/species/4125808,Thinopyrum elongatum (Host) D.R.Dewey,ACCEPTED,4125808,Thinopyrum elongatum (Host) D.R.Dewey,SPECIES,Plantae
152546942,https://www.gbif.org/species/6710856,Austrostipa scabra subsp. scabra,ACCEPTED,6710856,Austrostipa scabra subsp. scabra,SUBSPECIES,Plantae
152546943,https://www.gbif.org/species/4104718,Austrostipa verticillata (Nees ex Spreng.) S.W.L.Jacobs & J.Everett,ACCEPTED,4104718,Austrostipa verticillata (Nees ex Spreng.) S.W.L.Jacobs & J.Everett,SPECIES,Plantae
152546944,https://www.gbif.org/species/4104890,Austrostipa scabra subsp. falcata (Hughes) S.W.L.Jacobs & J.Everett,ACCEPTED,4104890,Austrostipa scabra subsp. falcata (Hughes) S.W.L.Jacobs & J.Everett,SUBSPECIES,Plantae
152546945,https://www.gbif.org/species/4105208,Austrostipa nitida (Summerh. & C.E.Hubb.) S.W.L.Jacobs & J.Everett,ACCEPTED,4105208,Austrostipa nitida (Summerh. & C.E.Hubb.) S.W.L.Jacobs & J.Everett,SPECIES,Plantae
152546948,https://www.gbif.org/species/4128347,Bromus intermedius Guss.,ACCEPTED,4128347,Bromus intermedius Guss.,SPECIES,Plantae
152546949,https://www.gbif.org/species/4131042,Bromus hordeaceus subsp. longipedicellatus Spalton,ACCEPTED,4131042,Bromus hordeaceus subsp. longipedicellatus Spalton,SUBSPECIES,Plantae
152546950,https://www.gbif.org/species/4122609,Bromus pectinatus Thunb.,ACCEPTED,4122609,Bromus pectinatus Thunb.,SPECIES,Plantae
152546951,https://www.gbif.org/species/2703765,Bromus arenarius Labill.,ACCEPTED,2703765,Bromus arenarius Labill.,SPECIES,Plantae
152546952,https://www.gbif.org/species/2703696,Bromus alopecuros Poir.,ACCEPTED,2703696,Bromus alopecuros Poir.,SPECIES,Plantae
152546953,https://www.gbif.org/species/2703698,Bromus sitchensis Trin.,ACCEPTED,2703698,Bromus sitchensis Trin.,SPECIES,Plantae
152546954,https://www.gbif.org/species/2703700,Bromus squarrosus L.,ACCEPTED,2703700,Bromus squarrosus L.,SPECIES,Plantae
152546955,https://www.gbif.org/species/2703704,Bromus danthoniae Trin.,ACCEPTED,2703704,Bromus danthoniae Trin.,SPECIES,Plantae
152546956,https://www.gbif.org/species/2703670,Bromus inermis Leyss.,ACCEPTED,2703670,Bromus inermis Leyss.,SPECIES,Plantae
152546957,https://www.gbif.org/species/2703682,Bromus briziformis Fisch. & C.A.Mey.,ACCEPTED,2703682,Bromus briziformis Fisch. & C.A.Mey.,SPECIES,Plantae
152546958,https://www.gbif.org/species/2703686,Bromus marginatus Nees ex Steud.,ACCEPTED,2703686,Bromus marginatus Nees ex Steud.,SPECIES,Plantae
152546959,https://www.gbif.org/species/2703731,Bromus brevis Steud.,ACCEPTED,2703731,Bromus brevis Steud.,SPECIES,Plantae
152546960,https://www.gbif.org/species/2703733,Bromus lanceolatus Roth,ACCEPTED,2703733,Bromus lanceolatus Roth,SPECIES,Plantae
152546961,https://www.gbif.org/species/2703740,Bromus rubens L.,ACCEPTED,2703740,Bromus rubens L.,SPECIES,Plantae
152546962,https://www.gbif.org/species/2703760,Bromus diandrus Roth,ACCEPTED,2703760,Bromus diandrus Roth,SPECIES,Plantae
152546963,https://www.gbif.org/species/2703711,Bromus lepidus Holmb.,ACCEPTED,2703711,Bromus lepidus Holmb.,SPECIES,Plantae
152546964,https://www.gbif.org/species/2703720,Bromus scoparius L.,ACCEPTED,2703720,Bromus scoparius L.,SPECIES,Plantae
152546965,https://www.gbif.org/species/2703721,Bromus madritensis L.,ACCEPTED,2703721,Bromus madritensis L.,SPECIES,Plantae
152546966,https://www.gbif.org/species/2703723,Bromus catharticus Vahl,ACCEPTED,2703723,Bromus catharticus Vahl,SPECIES,Plantae
152546968,https://www.gbif.org/species/4110879,Poa sieberiana Spreng.,ACCEPTED,4110879,Poa sieberiana Spreng.,SPECIES,Plantae
152546969,https://www.gbif.org/species/2704234,Poa alpina L.,ACCEPTED,2704234,Poa alpina L.,SPECIES,Plantae
152546970,https://www.gbif.org/species/2704194,Poa infirma Kunth,ACCEPTED,2704194,Poa infirma Kunth,SPECIES,Plantae
152546972,https://www.gbif.org/species/2704394,Cynosurus echinatus L.,ACCEPTED,2704394,Cynosurus echinatus L.,SPECIES,Plantae
152546974,https://www.gbif.org/species/2704341,Schismus barbatus (L.) Thell.,ACCEPTED,2704341,Schismus barbatus (L.) Thell.,SPECIES,Plantae
152546976,https://www.gbif.org/species/2704038,Muhlenbergia mexicana (L.) Trin.,ACCEPTED,2704038,Muhlenbergia mexicana (L.) Trin.,SPECIES,Plantae
152546978,https://www.gbif.org/species/4152153,Enneapogon scaber Lehm.,ACCEPTED,4152153,Enneapogon scaber Lehm.,SPECIES,Plantae
152546979,https://www.gbif.org/species/2703892,Enneapogon desvauxii P.Beauv.,ACCEPTED,2703892,Enneapogon desvauxii P.Beauv.,SPECIES,Plantae
152546981,https://www.gbif.org/species/4136695,Bothriochloa macra (Steud.) S.T.Blake,ACCEPTED,4136695,Bothriochloa macra (Steud.) S.T.Blake,SPECIES,Plantae
152546982,https://www.gbif.org/species/2704112,Bothriochloa decipiens (Hack.) C.E.Hubb.,ACCEPTED,2704112,Bothriochloa decipiens (Hack.) C.E.Hubb.,SPECIES,Plantae
152546983,https://www.gbif.org/species/2704102,Bothriochloa ischaemum (L.) Keng,ACCEPTED,2704102,Bothriochloa ischaemum (L.) Keng,SPECIES,Plantae
152546988,https://www.gbif.org/species/2702793,Briza minor L.,ACCEPTED,2702793,Briza minor L.,SPECIES,Plantae
152546989,https://www.gbif.org/species/2702792,Briza maxima L.,ACCEPTED,2702792,Briza maxima L.,SPECIES,Plantae
152546991,https://www.gbif.org/species/4270675,Echinochloa muricata var. muricata,ACCEPTED,4270675,Echinochloa muricata var. muricata,VARIETY,Plantae
152546992,https://www.gbif.org/species/4118773,Echinochloa inundata Michael & Vickery,ACCEPTED,4118773,Echinochloa inundata Michael & Vickery,SPECIES,Plantae
152546993,https://www.gbif.org/species/4118753,Echinochloa jubata Stapf,ACCEPTED,4118753,Echinochloa jubata Stapf,SPECIES,Plantae
152546994,https://www.gbif.org/species/2702822,Echinochloa frumentacea Link,ACCEPTED,2702822,Echinochloa frumentacea Link,SPECIES,Plantae
152546996,https://www.gbif.org/species/2702798,Echinochloa esculenta (A.Braun) H.Scholz,SYNONYM,6313089,Echinochloa crus-galli subsp. utilis (Ohwi & Yabuno) T.Koyama,SUBSPECIES,Plantae
152546997,https://www.gbif.org/species/2702808,Echinochloa crus-galli (L.) P.Beauv.,ACCEPTED,2702808,Echinochloa crus-galli (L.) P.Beauv.,SPECIES,Plantae
152546999,https://www.gbif.org/species/4134633,Eriochloa australiensis Stapf & Thell.,ACCEPTED,4134633,Eriochloa australiensis Stapf & Thell.,SPECIES,Plantae
152547000,https://www.gbif.org/species/4134508,Eriochloa crebra S.T.Blake,ACCEPTED,4134508,Eriochloa crebra S.T.Blake,SPECIES,Plantae
152547001,https://www.gbif.org/species/2702519,Eriochloa pseudoacrotricha (Stapf ex Thell.) J.M.Black,ACCEPTED,2702519,Eriochloa pseudoacrotricha (Stapf ex Thell.) J.M.Black,SPECIES,Plantae
152547002,https://www.gbif.org/species/2702527,Eriochloa procera (Retz.) C.E.Hubb.,ACCEPTED,2702527,Eriochloa procera (Retz.) C.E.Hubb.,SPECIES,Plantae
152547003,https://www.gbif.org/species/2702529,Eriochloa villosa (Thunb.) Kunth,ACCEPTED,2702529,Eriochloa villosa (Thunb.) Kunth,SPECIES,Plantae
152547005,https://www.gbif.org/species/2703109,Melica altissima L.,ACCEPTED,2703109,Melica altissima L.,SPECIES,Plantae
152547007,https://www.gbif.org/species/2703231,Zizania latifolia (Griseb.) Stapf,DOUBTFUL,2703231,Zizania latifolia (Griseb.) Stapf,SPECIES,Plantae
152547009,https://www.gbif.org/species/2703240,Dinebra retroflexa (Vahl) Panz.,ACCEPTED,2703240,Dinebra retroflexa (Vahl) Panz.,SPECIES,Plantae
152547011,https://www.gbif.org/species/2705972,Anthoxanthum aristatum Boiss.,ACCEPTED,2705972,Anthoxanthum aristatum Boiss.,SPECIES,Plantae
152547012,https://www.gbif.org/species/2703346,Anthoxanthum nitens (Weber) Y.Schouten & Veldkamp,ACCEPTED,2703346,Anthoxanthum nitens (Weber) Y.Schouten & Veldkamp,SPECIES,Plantae
152547014,https://www.gbif.org/species/2702862,Ehrharta longiflora Sm.,ACCEPTED,2702862,Ehrharta longiflora Sm.,SPECIES,Plantae
152547016,https://www.gbif.org/species/2703041,Arundo donax L.,ACCEPTED,2703041,Arundo donax L.,SPECIES,Plantae
152547018,https://www.gbif.org/species/2703077,Chasmanthium latifolium (Michx.) H.O.Yates,ACCEPTED,2703077,Chasmanthium latifolium (Michx.) H.O.Yates,SPECIES,Plantae
152547020,https://www.gbif.org/species/2705737,Oplismenus hirtellus (L.) P.Beauv.,ACCEPTED,2705737,Oplismenus hirtellus (L.) P.Beauv.,SPECIES,Plantae
152547022,https://www.gbif.org/species/2705666,Taeniatherum caput-medusae (L.) Nevski,ACCEPTED,2705666,Taeniatherum caput-medusae (L.) Nevski,SPECIES,Plantae
152547026,https://www.gbif.org/species/2705955,Eleusine tristachya (Lam.) Lam.,ACCEPTED,2705955,Eleusine tristachya (Lam.) Lam.,SPECIES,Plantae
152547027,https://www.gbif.org/species/2705957,Eleusine coracana (L.) Gaertn.,ACCEPTED,2705957,Eleusine coracana (L.) Gaertn.,SPECIES,Plantae
152547028,https://www.gbif.org/species/2705953,Eleusine indica (L.) Gaertn.,ACCEPTED,2705953,Eleusine indica (L.) Gaertn.,SPECIES,Plantae
152547030,https://www.gbif.org/species/2705869,Urochloa panicoides P.Beauv.,ACCEPTED,2705869,Urochloa panicoides P.Beauv.,SPECIES,Plantae
152547032,https://www.gbif.org/species/2705932,Axonopus fissifolius (Raddi) Kuhlm.,ACCEPTED,2705932,Axonopus fissifolius (Raddi) Kuhlm.,SPECIES,Plantae
152547034,https://www.gbif.org/species/2705587,Paspalum paniculatum L.,ACCEPTED,2705587,Paspalum paniculatum L.,SPECIES,Plantae
152547035,https://www.gbif.org/species/2705565,Paspalum dilatatum Poir.,ACCEPTED,2705565,Paspalum dilatatum Poir.,SPECIES,Plantae
152547036,https://www.gbif.org/species/2705622,Paspalum distichum L.,ACCEPTED,2705622,Paspalum distichum L.,SPECIES,Plantae
152547038,https://www.gbif.org/species/2705512,Glyceria canadensis (Michx.) Trin.,ACCEPTED,2705512,Glyceria canadensis (Michx.) Trin.,SPECIES,Plantae
152547040,https://www.gbif.org/species/8174035,Avena nuda L.,ACCEPTED,8174035,Avena nuda L.,SPECIES,Plantae
152547041,https://www.gbif.org/species/8322034,Avena ×marquandii Druce,ACCEPTED,8322034,Avena ×marquandii Druce,SPECIES,Plantae
152547042,https://www.gbif.org/species/7226804,Avena sterilis subsp. sterilis,ACCEPTED,7226804,Avena sterilis subsp. sterilis,SUBSPECIES,Plantae
152547043,https://www.gbif.org/species/4154800,Avena brevis Roth,ACCEPTED,4154800,Avena brevis Roth,SPECIES,Plantae
152547044,https://www.gbif.org/species/2705295,Avena strigosa Schreb.,ACCEPTED,2705295,Avena strigosa Schreb.,SPECIES,Plantae
152547045,https://www.gbif.org/species/2705300,Avena barbata Pott ex Link,ACCEPTED,2705300,Avena barbata Pott ex Link,SPECIES,Plantae
152547046,https://www.gbif.org/species/2705290,Avena sativa L.,ACCEPTED,2705290,Avena sativa L.,SPECIES,Plantae
152547048,https://www.gbif.org/species/2705181,Sorghum bicolor (L.) Moench,ACCEPTED,2705181,Sorghum bicolor (L.) Moench,SPECIES,Plantae
152547049,https://www.gbif.org/species/2705185,Sorghum halepense (L.) Pers.,ACCEPTED,2705185,Sorghum halepense (L.) Pers.,SPECIES,Plantae
152547051,https://www.gbif.org/species/8018483,Eragrostis neomexicana Vasey,ACCEPTED,8018483,Eragrostis neomexicana Vasey,SPECIES,Plantae
152547052,https://www.gbif.org/species/8192063,Eragrostis lacunaria F.Muell. ex Benth.,DOUBTFUL,8192063,Eragrostis lacunaria F.Muell. ex Benth.,SPECIES,Plantae
152547053,https://www.gbif.org/species/4143386,Eragrostis papposa (Roem. & Schult.) Steud.,ACCEPTED,4143386,Eragrostis papposa (Roem. & Schult.) Steud.,SPECIES,Plantae
152547054,https://www.gbif.org/species/4142741,Eragrostis planiculmis Nees,ACCEPTED,4142741,Eragrostis planiculmis Nees,SPECIES,Plantae
152547055,https://www.gbif.org/species/4142399,Eragrostis procumbens Nees,ACCEPTED,4142399,Eragrostis procumbens Nees,SPECIES,Plantae
152547056,https://www.gbif.org/species/4145354,Eragrostis leptocarpa Benth.,ACCEPTED,4145354,Eragrostis leptocarpa Benth.,SPECIES,Plantae
152547057,https://www.gbif.org/species/4143912,Eragrostis neesii Trin.,ACCEPTED,4143912,Eragrostis neesii Trin.,SPECIES,Plantae
152547058,https://www.gbif.org/species/4143852,Eragrostis nigra Nees ex Steud.,ACCEPTED,4143852,Eragrostis nigra Nees ex Steud.,SPECIES,Plantae
152547059,https://www.gbif.org/species/4143702,Eragrostis obtusa Munro ex Ficalho & Hiern,ACCEPTED,4143702,Eragrostis obtusa Munro ex Ficalho & Hiern,SPECIES,Plantae
152547060,https://www.gbif.org/species/4150636,Eragrostis alveiformis Lazarides,ACCEPTED,4150636,Eragrostis alveiformis Lazarides,SPECIES,Plantae
152547061,https://www.gbif.org/species/4117648,Eragrostis bicolor Nees,ACCEPTED,4117648,Eragrostis bicolor Nees,SPECIES,Plantae
152547062,https://www.gbif.org/species/4111606,Eragrostis rotifer Rendle,ACCEPTED,4111606,Eragrostis rotifer Rendle,SPECIES,Plantae
152547063,https://www.gbif.org/species/4113766,Eragrostis dielsii Pilg.,ACCEPTED,4113766,Eragrostis dielsii Pilg.,SPECIES,Plantae
152547064,https://www.gbif.org/species/2705325,Eragrostis tef (Zuccagni) Trotter,ACCEPTED,2705325,Eragrostis tef (Zuccagni) Trotter,SPECIES,Plantae
152547065,https://www.gbif.org/species/2705339,Eragrostis mexicana (Hornem.) Link,ACCEPTED,2705339,Eragrostis mexicana (Hornem.) Link,SPECIES,Plantae
152547066,https://www.gbif.org/species/2705341,Eragrostis atrovirens (Desf.) Trin. ex Steud.,ACCEPTED,2705341,Eragrostis atrovirens (Desf.) Trin. ex Steud.,SPECIES,Plantae
152547067,https://www.gbif.org/species/2705350,Eragrostis plana Nees,ACCEPTED,2705350,Eragrostis plana Nees,SPECIES,Plantae
152547068,https://www.gbif.org/species/2705362,Eragrostis elongata (Willd.) J.Jacq.,ACCEPTED,2705362,Eragrostis elongata (Willd.) J.Jacq.,SPECIES,Plantae
152547069,https://www.gbif.org/species/2705452,Eragrostis bahiensis Schult.,ACCEPTED,2705452,Eragrostis bahiensis Schult.,SPECIES,Plantae
152547070,https://www.gbif.org/species/2705449,Eragrostis minor Host,ACCEPTED,2705449,Eragrostis minor Host,SPECIES,Plantae
152547071,https://www.gbif.org/species/2705431,Eragrostis barrelieri Daveau,ACCEPTED,2705431,Eragrostis barrelieri Daveau,SPECIES,Plantae
152547072,https://www.gbif.org/species/2705393,Eragrostis parviflora (R.Br.) Trin.,ACCEPTED,2705393,Eragrostis parviflora (R.Br.) Trin.,SPECIES,Plantae
152547073,https://www.gbif.org/species/2705378,Eragrostis curvula (Schrad.) Nees,ACCEPTED,2705378,Eragrostis curvula (Schrad.) Nees,SPECIES,Plantae
152547074,https://www.gbif.org/species/2705373,Eragrostis ciliaris (L.) R.Br.,ACCEPTED,2705373,Eragrostis ciliaris (L.) R.Br.,SPECIES,Plantae
152547076,https://www.gbif.org/species/2705422,Eragrostis leptostachya (R.Br.) Steud.,ACCEPTED,2705422,Eragrostis leptostachya (R.Br.) Steud.,SPECIES,Plantae
152547077,https://www.gbif.org/species/2705420,Eragrostis pectinacea (Michx.) Nees,ACCEPTED,2705420,Eragrostis pectinacea (Michx.) Nees,SPECIES,Plantae
152547078,https://www.gbif.org/species/2705401,Eragrostis multicaulis Steud.,ACCEPTED,2705401,Eragrostis multicaulis Steud.,SPECIES,Plantae
152547079,https://www.gbif.org/species/2705400,Eragrostis pilosa (L.) P.Beauv.,ACCEPTED,2705400,Eragrostis pilosa (L.) P.Beauv.,SPECIES,Plantae
152547081,https://www.gbif.org/species/9393876,Sporobolus ×townsendii (H.Groves & J.Groves) P.M.Peterson & Saarela,ACCEPTED,9393876,Sporobolus ×townsendii (H.Groves & J.Groves) P.M.Peterson & Saarela,SPECIES,Plantae
152547082,https://www.gbif.org/species/8047362,Sporobolus creber De Nardi,ACCEPTED,8047362,Sporobolus creber De Nardi,SPECIES,Plantae
152547083,https://www.gbif.org/species/4152259,Sporobolus africanus (Poir.) Robyns & Tournay,ACCEPTED,4152259,Sporobolus africanus (Poir.) Robyns & Tournay,SPECIES,Plantae
152547084,https://www.gbif.org/species/4151306,Sporobolus caroli Mez,ACCEPTED,4151306,Sporobolus caroli Mez,SPECIES,Plantae
152547085,https://www.gbif.org/species/2704778,Sporobolus elongatus R.Br.,ACCEPTED,2704778,Sporobolus elongatus R.Br.,SPECIES,Plantae
152547086,https://www.gbif.org/species/2704757,Sporobolus indicus (L.) R.Br.,ACCEPTED,2704757,Sporobolus indicus (L.) R.Br.,SPECIES,Plantae
152547088,https://www.gbif.org/species/2704664,Eremopyrum bonaepartis (Spreng.) Nevski,ACCEPTED,2704664,Eremopyrum bonaepartis (Spreng.) Nevski,SPECIES,Plantae
152547090,https://www.gbif.org/species/2704523,Cortaderia selloana (Schult. & Schult.f.) Asch. & Graebn.,ACCEPTED,2704523,Cortaderia selloana (Schult. & Schult.f.) Asch. & Graebn.,SPECIES,Plantae
152547092,https://www.gbif.org/species/6449041,Panicum miliaceum subsp. miliaceum,ACCEPTED,6449041,Panicum miliaceum subsp. miliaceum,SUBSPECIES,Plantae
152547093,https://www.gbif.org/species/4116709,Panicum laevinode Lindl.,ACCEPTED,4116709,Panicum laevinode Lindl.,SPECIES,Plantae
152547094,https://www.gbif.org/species/4125308,Panicum schinzii Hack.,ACCEPTED,4125308,Panicum schinzii Hack.,SPECIES,Plantae
152547095,https://www.gbif.org/species/4113402,Panicum decompositum R.Br.,ACCEPTED,4113402,Panicum decompositum R.Br.,SPECIES,Plantae
152547096,https://www.gbif.org/species/2705081,Panicum virgatum L.,ACCEPTED,2705081,Panicum virgatum L.,SPECIES,Plantae
152547097,https://www.gbif.org/species/2705066,Panicum hirticaule J.Presl,ACCEPTED,2705066,Panicum hirticaule J.Presl,SPECIES,Plantae
152547098,https://www.gbif.org/species/2705092,Panicum coloratum L.,ACCEPTED,2705092,Panicum coloratum L.,SPECIES,Plantae
152547099,https://www.gbif.org/species/2705090,Panicum miliaceum L.,ACCEPTED,2705090,Panicum miliaceum L.,SPECIES,Plantae
152547100,https://www.gbif.org/species/2705141,Panicum antidotale Retz.,ACCEPTED,2705141,Panicum antidotale Retz.,SPECIES,Plantae
152547101,https://www.gbif.org/species/2705144,Panicum dichotomiflorum Michx.,ACCEPTED,2705144,Panicum dichotomiflorum Michx.,SPECIES,Plantae
152547102,https://www.gbif.org/species/2705162,Panicum capillare L.,ACCEPTED,2705162,Panicum capillare L.,SPECIES,Plantae
152547104,https://www.gbif.org/species/4123970,Festuca gautieri (Hack.) K.Richt.,ACCEPTED,4123970,Festuca gautieri (Hack.) K.Richt.,SPECIES,Plantae
152547105,https://www.gbif.org/species/2704966,Festuca valesiaca Schleich. ex Gaudin,ACCEPTED,2704966,Festuca valesiaca Schleich. ex Gaudin,SPECIES,Plantae
152547106,https://www.gbif.org/species/2705031,Festuca glauca Vill.,ACCEPTED,2705031,Festuca glauca Vill.,SPECIES,Plantae
152547108,https://www.gbif.org/species/2706209,Pseudosasa japonica (Siebold & Zucc. ex Steud.) Makino,DOUBTFUL,2706209,Pseudosasa japonica (Siebold & Zucc. ex Steud.) Makino,SPECIES,Plantae
152547110,https://www.gbif.org/species/2706195,Milium vernale M.Bieb.,ACCEPTED,2706195,Milium vernale M.Bieb.,SPECIES,Plantae
152547112,https://www.gbif.org/species/6431764,Aristida longespica Poir.,ACCEPTED,6431764,Aristida longespica Poir.,SPECIES,Plantae
152547113,https://www.gbif.org/species/4126800,Aristida hordeacea Kunth,ACCEPTED,4126800,Aristida hordeacea Kunth,SPECIES,Plantae
152547114,https://www.gbif.org/species/4128792,Aristida congesta Roem. & Schult.,ACCEPTED,4128792,Aristida congesta Roem. & Schult.,SPECIES,Plantae
152547115,https://www.gbif.org/species/2706277,Aristida adscensionis L.,ACCEPTED,2706277,Aristida adscensionis L.,SPECIES,Plantae
152547117,https://www.gbif.org/species/4129708,Lolium multiflorum Lam.,ACCEPTED,4129708,Lolium multiflorum Lam.,SPECIES,Plantae
152547118,https://www.gbif.org/species/4133390,Lolium ×boucheanum Kunth,ACCEPTED,4133390,Lolium ×boucheanum Kunth,SPECIES,Plantae
152547119,https://www.gbif.org/species/2706218,Lolium rigidum Gaudin,ACCEPTED,2706218,Lolium rigidum Gaudin,SPECIES,Plantae
152547120,https://www.gbif.org/species/2706225,Lolium persicum Boiss. & Hohen.,ACCEPTED,2706225,Lolium persicum Boiss. & Hohen.,SPECIES,Plantae
152547122,https://www.gbif.org/species/7795888,Triticum aestivum L.,ACCEPTED,7795888,Triticum aestivum L.,SPECIES,Plantae
152547123,https://www.gbif.org/species/7883427,Triticum monococcum L.,ACCEPTED,7883427,Triticum monococcum L.,SPECIES,Plantae
152547124,https://www.gbif.org/species/2706403,Triticum aestivum subsp. spelta (L.) Thell.,ACCEPTED,2706403,Triticum aestivum subsp. spelta (L.) Thell.,SUBSPECIES,Plantae
152547125,https://www.gbif.org/species/2706406,Triticum turgidum L.,ACCEPTED,2706406,Triticum turgidum L.,SPECIES,Plantae
152547128,https://www.gbif.org/species/2706301,Coix lacryma-jobi L.,ACCEPTED,2706301,Coix lacryma-jobi L.,SPECIES,Plantae
152547131,https://www.gbif.org/species/2706526,Agrostis exarata Trin.,ACCEPTED,2706526,Agrostis exarata Trin.,SPECIES,Plantae
152547132,https://www.gbif.org/species/2706501,Agrostis castellana Boiss. & Reut.,ACCEPTED,2706501,Agrostis castellana Boiss. & Reut.,SPECIES,Plantae
152547133,https://www.gbif.org/species/2706457,Agrostis nebulosa Boiss. & Reut.,ACCEPTED,2706457,Agrostis nebulosa Boiss. & Reut.,SPECIES,Plantae
152547134,https://www.gbif.org/species/2706444,Agrostis scabra Willd.,ACCEPTED,2706444,Agrostis scabra Willd.,SPECIES,Plantae
152547136,https://www.gbif.org/species/4139846,Phleum exaratum Griseb.,ACCEPTED,4139846,Phleum exaratum Griseb.,SPECIES,Plantae
152547137,https://www.gbif.org/species/4139625,Phleum hirsutum Honck.,ACCEPTED,4139625,Phleum hirsutum Honck.,SPECIES,Plantae
152547138,https://www.gbif.org/species/4139894,Phleum echinatum Host,ACCEPTED,4139894,Phleum echinatum Host,SPECIES,Plantae
152547139,https://www.gbif.org/species/2706003,Phleum subulatum (Savi) Asch. & Graebn.,ACCEPTED,2706003,Phleum subulatum (Savi) Asch. & Graebn.,SPECIES,Plantae
152547140,https://www.gbif.org/species/2706002,Phleum paniculatum Huds.,ACCEPTED,2706002,Phleum paniculatum Huds.,SPECIES,Plantae
152547142,https://www.gbif.org/species/2705966,Secale cereale L.,ACCEPTED,2705966,Secale cereale L.,SPECIES,Plantae
152547144,https://www.gbif.org/species/2706026,Miscanthus sinensis Andersson,ACCEPTED,2706026,Miscanthus sinensis Andersson,SPECIES,Plantae
152547146,https://www.gbif.org/species/8332019,Hordeum distichon L.,ACCEPTED,8332019,Hordeum distichon L.,SPECIES,Plantae
152547147,https://www.gbif.org/species/4148661,Hordeum flexuosum Nees ex Steud.,ACCEPTED,4148661,Hordeum flexuosum Nees ex Steud.,SPECIES,Plantae
152547148,https://www.gbif.org/species/4148721,Hordeum euclaston Steud.,ACCEPTED,4148721,Hordeum euclaston Steud.,SPECIES,Plantae
152547149,https://www.gbif.org/species/4149167,Hordeum comosum J.Presl,ACCEPTED,4149167,Hordeum comosum J.Presl,SPECIES,Plantae
152547150,https://www.gbif.org/species/2706070,Hordeum pusillum Nutt.,ACCEPTED,2706070,Hordeum pusillum Nutt.,SPECIES,Plantae
152547151,https://www.gbif.org/species/2706052,Hordeum jubatum L.,ACCEPTED,2706052,Hordeum jubatum L.,SPECIES,Plantae
152547152,https://www.gbif.org/species/2706067,Hordeum bulbosum L.,ACCEPTED,2706067,Hordeum bulbosum L.,SPECIES,Plantae
152547153,https://www.gbif.org/species/2706056,Hordeum vulgare L.,ACCEPTED,2706056,Hordeum vulgare L.,SPECIES,Plantae
152547155,https://www.gbif.org/species/2706190,Dactyloctenium radulans (R.Br.) P.Beauv.,ACCEPTED,2706190,Dactyloctenium radulans (R.Br.) P.Beauv.,SPECIES,Plantae
152547156,https://www.gbif.org/species/2706188,Dactyloctenium aegyptium (L.) Willd.,ACCEPTED,2706188,Dactyloctenium aegyptium (L.) Willd.,SPECIES,Plantae
152547158,https://www.gbif.org/species/4108297,Oxychloris scariosa (F.Muell.) Lazarides,ACCEPTED,4108297,Oxychloris scariosa (F.Muell.) Lazarides,SPECIES,Plantae
152547160,https://www.gbif.org/species/4107552,Alopecurus magellanicus Lam.,ACCEPTED,4107552,Alopecurus magellanicus Lam.,SPECIES,Plantae
152547162,https://www.gbif.org/species/4105652,Amphibromus recurvatus Swallen,ACCEPTED,4105652,Amphibromus recurvatus Swallen,SPECIES,Plantae
152547165,https://www.gbif.org/species/2701986,Juncus canadensis J.Gay ex Laharpe,DOUBTFUL,2701986,Juncus canadensis J.Gay ex Laharpe,SPECIES,Plantae
152547166,https://www.gbif.org/species/2701618,Juncus imbricatus Laharpe,ACCEPTED,2701618,Juncus imbricatus Laharpe,SPECIES,Plantae
152547167,https://www.gbif.org/species/2701649,Juncus xiphioides E.Mey.,ACCEPTED,2701649,Juncus xiphioides E.Mey.,SPECIES,Plantae
152547168,https://www.gbif.org/species/2701578,Juncus foliosus Desf.,ACCEPTED,2701578,Juncus foliosus Desf.,SPECIES,Plantae
152547169,https://www.gbif.org/species/2701612,Juncus ensifolius Wikstr.,ACCEPTED,2701612,Juncus ensifolius Wikstr.,SPECIES,Plantae
152547170,https://www.gbif.org/species/2700646,Juncus pallescens Lam.,ACCEPTED,2700646,Juncus pallescens Lam.,SPECIES,Plantae
152547171,https://www.gbif.org/species/2701304,Juncus radula Buchenau,ACCEPTED,2701304,Juncus radula Buchenau,SPECIES,Plantae
152547172,https://www.gbif.org/species/2701118,Juncus subsecundus N.A.Wakef.,ACCEPTED,2701118,Juncus subsecundus N.A.Wakef.,SPECIES,Plantae
152547174,https://www.gbif.org/species/2700768,Luzula nivea (Nathh.) DC.,ACCEPTED,2700768,Luzula nivea (Nathh.) DC.,SPECIES,Plantae
152547179,https://www.gbif.org/species/2687885,Ginkgo biloba L.,ACCEPTED,2687885,Ginkgo biloba L.,SPECIES,Plantae
152547185,https://www.gbif.org/species/2687948,Equisetum scirpoides Michx.,ACCEPTED,2687948,Equisetum scirpoides Michx.,SPECIES,Plantae
152547190,https://www.gbif.org/species/2650180,Botrychium simplex E.Hitchc.,ACCEPTED,2650180,Botrychium simplex E.Hitchc.,SPECIES,Plantae
152547195,https://www.gbif.org/species/8241853,"Anisocampium niponicum (Mett.) Yea C.Liu, W.L.Chiou & M.Kato",ACCEPTED,8241853,"Anisocampium niponicum (Mett.) Yea C.Liu, W.L.Chiou & M.Kato",SPECIES,Plantae
152547198,https://www.gbif.org/species/5274964,Polypodium hesperium Maxon,ACCEPTED,5274964,Polypodium hesperium Maxon,SPECIES,Plantae
152547203,https://www.gbif.org/species/5275398,Pteris vittata L.,ACCEPTED,5275398,Pteris vittata L.,SPECIES,Plantae
152547204,https://www.gbif.org/species/5275415,Pteris multifida Poir.,ACCEPTED,5275415,Pteris multifida Poir.,SPECIES,Plantae
152547205,https://www.gbif.org/species/5275404,Pteris cretica L.,ACCEPTED,5275404,Pteris cretica L.,SPECIES,Plantae
152547207,https://www.gbif.org/species/2651816,Adiantum capillus-veneris L.,ACCEPTED,2651816,Adiantum capillus-veneris L.,SPECIES,Plantae
152547208,https://www.gbif.org/species/2651843,Adiantum aleuticum (Rupr.) C.A.Paris,ACCEPTED,2651843,Adiantum aleuticum (Rupr.) C.A.Paris,SPECIES,Plantae
152547211,https://www.gbif.org/species/2650903,Onoclea sensibilis L.,ACCEPTED,2650903,Onoclea sensibilis L.,SPECIES,Plantae
152547214,https://www.gbif.org/species/7157952,Dryopteris erythrosora (D.C.Eaton) Kuntze,ACCEPTED,7157952,Dryopteris erythrosora (D.C.Eaton) Kuntze,SPECIES,Plantae
152547215,https://www.gbif.org/species/7319302,Dryopteris cycadina (Franch. & Sav.) C.Chr.,ACCEPTED,7319302,Dryopteris cycadina (Franch. & Sav.) C.Chr.,SPECIES,Plantae
152547217,https://www.gbif.org/species/7158449,Polystichum polyblepharon (Roem. ex Kunze) C.Presl,ACCEPTED,7158449,Polystichum polyblepharon (Roem. ex Kunze) C.Presl,SPECIES,Plantae
152547218,https://www.gbif.org/species/4046493,Polystichum luctuosum (Kunze) T.Moore,ACCEPTED,4046493,Polystichum luctuosum (Kunze) T.Moore,SPECIES,Plantae
152547220,https://www.gbif.org/species/2650944,Rumohra adiantiformis (G.Forst.) Ching,ACCEPTED,2650944,Rumohra adiantiformis (G.Forst.) Ching,SPECIES,Plantae
152547222,https://www.gbif.org/species/2650829,Cyrtomium falcatum (L.fil.) C.Presl,ACCEPTED,2650829,Cyrtomium falcatum (L.fil.) C.Presl,SPECIES,Plantae
152547223,https://www.gbif.org/species/2650827,Cyrtomium fortunei J.Sm.,ACCEPTED,2650827,Cyrtomium fortunei J.Sm.,SPECIES,Plantae
152547227,https://www.gbif.org/species/5274858,Salvinia natans (L.) All.,ACCEPTED,5274858,Salvinia natans (L.) All.,SPECIES,Plantae
152547228,https://www.gbif.org/species/5274861,Salvinia auriculata Aubl.,ACCEPTED,5274861,Salvinia auriculata Aubl.,SPECIES,Plantae
152547230,https://www.gbif.org/species/2650107,Azolla filiculoides Lam.,ACCEPTED,2650107,Azolla filiculoides Lam.,SPECIES,Plantae
154367077,https://www.gbif.org/species/5892120,"Girardia tigrina (Girard, 1850)",ACCEPTED,5892120,"Girardia tigrina (Girard, 1850)",SPECIES,Animalia
154367400,https://www.gbif.org/species/5211250,"Micropterus dolomieu Lacepède, 1802",ACCEPTED,5211250,"Micropterus dolomieu Lacepède, 1802",SPECIES,Animalia
154367468,https://www.gbif.org/species/5851603,"Leuciscus aspius (Linnaeus, 1758)",ACCEPTED,5851603,"Leuciscus aspius (Linnaeus, 1758)",SPECIES,Animalia
154367717,https://www.gbif.org/species/2287073,"Dreissena bugensis (Andrusov, 1897)",ACCEPTED,2287073,"Dreissena bugensis (Andrusov, 1897)",SPECIES,Animalia
154367787,https://www.gbif.org/species/8946295,"Pontastacus leptodactylus (Eschscholtz, 1823)",ACCEPTED,8946295,"Pontastacus leptodactylus (Eschscholtz, 1823)",SPECIES,Animalia
154368238,https://www.gbif.org/species/1152186,"Callidiellum rufipennis (Motschulsky, 1861)",ACCEPTED,1152186,"Callidiellum rufipennis (Motschulsky, 1861)",SPECIES,Animalia
156872745,https://www.gbif.org/species/9491873,"Dichotomyctere fluviatilis (Hamilton, 1822)",ACCEPTED,9491873,"Dichotomyctere fluviatilis (Hamilton, 1822)",SPECIES,Animalia
156872873,https://www.gbif.org/species/9738098,"Cipangopaludina chinensis (J.E.Gray, 1833)",DOUBTFUL,2292567,"Cipangopaludina chinensis (Griffith & Pidgeon, 1865)",SPECIES,Animalia
156872882,https://www.gbif.org/species/9520065,"Ferrissia californica (Rowell, 1863)",ACCEPTED,9520065,"Ferrissia californica (Rowell, 1863)",SPECIES,Animalia
156872903,https://www.gbif.org/species/8014163,"Ambigolimax valentianus (A.Férussac, 1821)",ACCEPTED,8014163,"Ambigolimax valentianus (A.Férussac, 1821)",SPECIES,Animalia
156872991,https://www.gbif.org/species/7820753,"Magallana gigas (Thunberg, 1793)",ACCEPTED,7820753,"Magallana gigas (Thunberg, 1793)",SPECIES,Animalia
156873354,https://www.gbif.org/species/4467502,"Otiorhynchus indefinitus Reitter, 1912",ACCEPTED,4467502,"Otiorhynchus indefinitus Reitter, 1912",SPECIES,Animalia
157092273,https://www.gbif.org/species/4568269,"Paralaoma servilis (Shuttleworth, 1852)",ACCEPTED,4568269,"Paralaoma servilis (Shuttleworth, 1852)",SPECIES,Animalia
157092276,https://www.gbif.org/species/4598225,"Tandonia budapestensis (Hazay, 1880)",ACCEPTED,4598225,"Tandonia budapestensis (Hazay, 1880)",SPECIES,Animalia
157092288,https://www.gbif.org/species/7520678,"Striosubulina striatella (Rang, 1831)",ACCEPTED,7520678,"Striosubulina striatella (Rang, 1831)",SPECIES,Animalia
157092291,https://www.gbif.org/species/2294131,"Allopeas clavulinum (Potiez & Michaud, 1838)",ACCEPTED,2294131,"Allopeas clavulinum (Potiez & Michaud, 1838)",SPECIES,Animalia
157092295,https://www.gbif.org/species/4562917,"Cochlicella acuta (O.F.Müller, 1774)",ACCEPTED,4562917,"Cochlicella acuta (O.F.Müller, 1774)",SPECIES,Animalia
157092306,https://www.gbif.org/species/2295309,"Hawaiia minuscula (A.Binney, 1841)",ACCEPTED,2295309,"Hawaiia minuscula (A.Binney, 1841)",SPECIES,Animalia
157092310,https://www.gbif.org/species/2295425,"Zonitoides arboreus (Say, 1817)",ACCEPTED,2295425,"Zonitoides arboreus (Say, 1817)",SPECIES,Animalia
159746847,https://www.gbif.org/species/5421557,"Coscinodiscus wailesii Gran & Angst, 1931",ACCEPTED,5421557,"Coscinodiscus wailesii Gran & Angst, 1931",SPECIES,Chromista
159746857,https://www.gbif.org/species/5188774,"Barentsia ramosa (Robertson, 1900)",ACCEPTED,5188774,"Barentsia ramosa (Robertson, 1900)",SPECIES,Animalia
159746880,https://www.gbif.org/species/7425750,"Stropholoma aurantiacum (Cooke) Ryman, 2008",HOMOTYPIC_SYNONYM,7732986,Stropharia aurantiaca (Cooke) P.D.Orton,SPECIES,Fungi
159746903,https://www.gbif.org/species/2501248,"Mnemiopsis leidyi A.Agassiz, 1865",ACCEPTED,2501248,"Mnemiopsis leidyi A.Agassiz, 1865",SPECIES,Animalia
159746912,https://www.gbif.org/species/7461690,"Phragmidium mexicanum (Mains) H.Y.Yun, Minnis & Aime",ACCEPTED,7461690,"Phragmidium mexicanum (Mains) H.Y.Yun, Minnis & Aime",SPECIES,Fungi
159746940,https://www.gbif.org/species/2495134,"Dromaius novaehollandiae (Latham, 1790)",ACCEPTED,2495134,"Dromaius novaehollandiae (Latham, 1790)",SPECIES,Animalia
159746945,https://www.gbif.org/species/2495165,"Rhea americana (Linnaeus, 1758)",ACCEPTED,2495165,"Rhea americana (Linnaeus, 1758)",SPECIES,Animalia
159746950,https://www.gbif.org/species/2495190,"Ocyphaps lophotes (Temminck, 1822)",ACCEPTED,2495190,"Ocyphaps lophotes (Temminck, 1822)",SPECIES,Animalia
159746953,https://www.gbif.org/species/2495342,"Oena capensis (Linnaeus, 1766)",ACCEPTED,2495342,"Oena capensis (Linnaeus, 1766)",SPECIES,Animalia
159746956,https://www.gbif.org/species/2495494,"Geopelia cuneata (Latham, 1801)",ACCEPTED,2495494,"Geopelia cuneata (Latham, 1801)",SPECIES,Animalia
159746959,https://www.gbif.org/species/2495414,"Columba livia J.F.Gmelin, 1789",ACCEPTED,2495414,"Columba livia J.F.Gmelin, 1789",SPECIES,Animalia
159746963,https://www.gbif.org/species/2495688,"Streptopelia roseogrisea (Sundevall, 1857)",ACCEPTED,2495688,"Streptopelia roseogrisea (Sundevall, 1857)",SPECIES,Animalia
159746965,https://www.gbif.org/species/2495699,"Streptopelia lugens (Rüppell, 1837)",ACCEPTED,2495699,"Streptopelia lugens (Rüppell, 1837)",SPECIES,Animalia
159746966,https://www.gbif.org/species/2495691,"Streptopelia tranquebarica (Hermann, 1804)",ACCEPTED,2495691,"Streptopelia tranquebarica (Hermann, 1804)",SPECIES,Animalia
159746974,https://www.gbif.org/species/5959118,"Bubo virginianus (J.F.Gmelin, 1788)",ACCEPTED,5959118,"Bubo virginianus (J.F.Gmelin, 1788)",SPECIES,Animalia
159746977,https://www.gbif.org/species/2497798,"Ninox connivens (Latham, 1801)",ACCEPTED,2497798,"Ninox connivens (Latham, 1801)",SPECIES,Animalia
159746983,https://www.gbif.org/species/5232465,"Plectropterus gambensis (Linnaeus, 1766)",ACCEPTED,5232465,"Plectropterus gambensis (Linnaeus, 1766)",SPECIES,Animalia
159746987,https://www.gbif.org/species/5232423,"Chloephaga poliocephala P.L.Sclater, 1857",ACCEPTED,5232423,"Chloephaga poliocephala P.L.Sclater, 1857",SPECIES,Animalia
159746989,https://www.gbif.org/species/5232422,"Chloephaga melanoptera (Eyton, 1838)",ACCEPTED,5232422,"Chloephaga melanoptera (Eyton, 1838)",SPECIES,Animalia
159746992,https://www.gbif.org/species/5232432,"Cereopsis novaehollandiae Latham, 1801",ACCEPTED,5232432,"Cereopsis novaehollandiae Latham, 1801",SPECIES,Animalia
159746996,https://www.gbif.org/species/5232435,"Malacorhynchus membranaceus (Latham, 1801)",ACCEPTED,5232435,"Malacorhynchus membranaceus (Latham, 1801)",SPECIES,Animalia
159746999,https://www.gbif.org/species/5232445,"Branta sandvicensis (Vigors, 1834)",ACCEPTED,5232445,"Branta sandvicensis (Vigors, 1834)",SPECIES,Animalia
159747001,https://www.gbif.org/species/5232452,"Branta hutchinsii (Richardson, 1832)",ACCEPTED,5232452,"Branta hutchinsii (Richardson, 1832)",SPECIES,Animalia
159747005,https://www.gbif.org/species/9450106,"Anas poecilorhyncha J.R.Forster, 1781",ACCEPTED,9450106,"Anas poecilorhyncha J.R.Forster, 1781",SPECIES,Animalia
159747008,https://www.gbif.org/species/2498084,"Anas superciliosa J.F.Gmelin, 1789",ACCEPTED,2498084,"Anas superciliosa J.F.Gmelin, 1789",SPECIES,Animalia
159747010,https://www.gbif.org/species/2498090,"Anas bahamensis Linnaeus, 1758",ACCEPTED,2498090,"Anas bahamensis Linnaeus, 1758",SPECIES,Animalia
159747012,https://www.gbif.org/species/2498094,"Anas capensis J.F.Gmelin, 1789",ACCEPTED,2498094,"Anas capensis J.F.Gmelin, 1789",SPECIES,Animalia
159747013,https://www.gbif.org/species/2498064,"Anas erythrorhyncha J.F.Gmelin, 1789",ACCEPTED,2498064,"Anas erythrorhyncha J.F.Gmelin, 1789",SPECIES,Animalia
159747014,https://www.gbif.org/species/2498065,"Anas flavirostris Vieillot, 1816",ACCEPTED,2498065,"Anas flavirostris Vieillot, 1816",SPECIES,Animalia
159747016,https://www.gbif.org/species/2498108,"Anas luzonica Fraser, 1839",ACCEPTED,2498108,"Anas luzonica Fraser, 1839",SPECIES,Animalia
159747018,https://www.gbif.org/species/2498109,"Anas laysanensis Rothschild, 1892",ACCEPTED,2498109,"Anas laysanensis Rothschild, 1892",SPECIES,Animalia
159747023,https://www.gbif.org/species/2498097,"Anas castanea (Eyton, 1838)",ACCEPTED,2498097,"Anas castanea (Eyton, 1838)",SPECIES,Animalia
159747024,https://www.gbif.org/species/2498104,"Anas gibberifrons S.Müller, 1842",ACCEPTED,2498104,"Anas gibberifrons S.Müller, 1842",SPECIES,Animalia
159747028,https://www.gbif.org/species/2498156,"Anas undulata C.F.Dubois, 1838",ACCEPTED,2498156,"Anas undulata C.F.Dubois, 1838",SPECIES,Animalia
159747040,https://www.gbif.org/species/2498283,Cairina moschata (Established Feral),DOUBTFUL,2498283,Cairina moschata (Established Feral),SPECIES,Animalia
159747043,https://www.gbif.org/species/2498288,"Coscoroba coscoroba (Molina, 1782)",ACCEPTED,2498288,"Coscoroba coscoroba (Molina, 1782)",SPECIES,Animalia
159747047,https://www.gbif.org/species/2498181,"Netta peposaca (Vieillot, 1816)",ACCEPTED,2498181,"Netta peposaca (Vieillot, 1816)",SPECIES,Animalia
159747051,https://www.gbif.org/species/2498329,"Bucephala albeola (Linnaeus, 1758)",ACCEPTED,2498329,"Bucephala albeola (Linnaeus, 1758)",SPECIES,Animalia
159747054,https://www.gbif.org/species/2498310,"Nettapus coromandelianus (J.F.Gmelin, 1789)",ACCEPTED,2498310,"Nettapus coromandelianus (J.F.Gmelin, 1789)",SPECIES,Animalia
159747056,https://www.gbif.org/species/2498313,"Nettapus auritus (Boddaert, 1783)",ACCEPTED,2498313,"Nettapus auritus (Boddaert, 1783)",SPECIES,Animalia
159747060,https://www.gbif.org/species/5232469,"Oxyura vittata (Philippi, 1860)",ACCEPTED,5232469,"Oxyura vittata (Philippi, 1860)",SPECIES,Animalia
159747065,https://www.gbif.org/species/2498384,"Callonetta leucophrys (Vieillot, 1816)",ACCEPTED,2498384,"Callonetta leucophrys (Vieillot, 1816)",SPECIES,Animalia
159747067,https://www.gbif.org/species/8050384,"Bonamia ostreae Pichot, Comps, Tigé, Grizel & Rabouin, 1980",ACCEPTED,8050384,"Bonamia ostreae Pichot, Comps, Tigé, Grizel & Rabouin, 1980",SPECIES,Protozoa
159747069,https://www.gbif.org/species/2869597,Sauromatum venosum (Dryand. ex Aiton) Kunth,ACCEPTED,2869597,Sauromatum venosum (Dryand. ex Aiton) Kunth,SPECIES,Plantae
159747070,https://www.gbif.org/species/2498380,"Cyanochen cyanoptera (Rüppell, 1845)",ACCEPTED,2498380,"Cyanochen cyanoptera (Rüppell, 1845)",SPECIES,Animalia
159747073,https://www.gbif.org/species/2498345,"Cygnus buccinator Richardson, 1831",ACCEPTED,2498345,"Cygnus buccinator Richardson, 1831",SPECIES,Animalia
159747074,https://www.gbif.org/species/2498335,"Cygnus melancoryphus (Molina, 1782)",ACCEPTED,2498335,"Cygnus melancoryphus (Molina, 1782)",SPECIES,Animalia
159747077,https://www.gbif.org/species/2498396,"Dendrocygna viduata (Linnaeus, 1766)",ACCEPTED,2498396,"Dendrocygna viduata (Linnaeus, 1766)",SPECIES,Animalia
159747078,https://www.gbif.org/species/2498393,"Dendrocygna autumnalis (Linnaeus, 1758)",ACCEPTED,2498393,"Dendrocygna autumnalis (Linnaeus, 1758)",SPECIES,Animalia
159747080,https://www.gbif.org/species/2498405,"Dendrocygna eytoni (Eyton, 1838)",ACCEPTED,2498405,"Dendrocygna eytoni (Eyton, 1838)",SPECIES,Animalia
159747082,https://www.gbif.org/species/2498402,"Dendrocygna bicolor (Vieillot, 1816)",ACCEPTED,2498402,"Dendrocygna bicolor (Vieillot, 1816)",SPECIES,Animalia
159747084,https://www.gbif.org/species/2498398,"Dendrocygna arcuata (Horsfield, 1824)",ACCEPTED,2498398,"Dendrocygna arcuata (Horsfield, 1824)",SPECIES,Animalia
159747092,https://www.gbif.org/species/2498411,"Amazonetta brasiliensis (J.F.Gmelin, 1789)",ACCEPTED,2498411,"Amazonetta brasiliensis (J.F.Gmelin, 1789)",SPECIES,Animalia
159747094,https://www.gbif.org/species/2498408,"Lophodytes cucullatus (Linnaeus, 1758)",ACCEPTED,2498408,"Lophodytes cucullatus (Linnaeus, 1758)",SPECIES,Animalia
159747097,https://www.gbif.org/species/2498011,"Tadorna variegata (J.F.Gmelin, 1789)",ACCEPTED,2498011,"Tadorna variegata (J.F.Gmelin, 1789)",SPECIES,Animalia
159747098,https://www.gbif.org/species/2498010,"Tadorna cana (J.F.Gmelin, 1789)",ACCEPTED,2498010,"Tadorna cana (J.F.Gmelin, 1789)",SPECIES,Animalia
159747099,https://www.gbif.org/species/2498007,"Tadorna tadornoides (Jardine & Selby, 1828)",ACCEPTED,2498007,"Tadorna tadornoides (Jardine & Selby, 1828)",SPECIES,Animalia
159747103,https://www.gbif.org/species/2498001,"Sarkidiornis melanotos (Pennant, 1769)",ACCEPTED,2498001,"Sarkidiornis melanotos (Pennant, 1769)",SPECIES,Animalia
159747106,https://www.gbif.org/species/2498034,"Anser cygnoides (Linnaeus, 1758)",ACCEPTED,2498034,"Anser cygnoides (Linnaeus, 1758)",SPECIES,Animalia
159747111,https://www.gbif.org/species/2498054,"Pteronetta hartlaubii (Cassin, 1860)",ACCEPTED,2498054,"Pteronetta hartlaubii (Cassin, 1860)",SPECIES,Animalia
159747114,https://www.gbif.org/species/2498046,"Chenonetta jubata (Latham, 1801)",ACCEPTED,2498046,"Chenonetta jubata (Latham, 1801)",SPECIES,Animalia
159747121,https://www.gbif.org/species/5788513,"Spizaetus melanoleucus (Vieillot, 1816)",ACCEPTED,5788513,"Spizaetus melanoleucus (Vieillot, 1816)",SPECIES,Animalia
159747123,https://www.gbif.org/species/2480514,"Aquila rapax (Temminck, 1828)",ACCEPTED,2480514,"Aquila rapax (Temminck, 1828)",SPECIES,Animalia
159747126,https://www.gbif.org/species/2480568,"Buteo auguralis Salvadori, 1865",ACCEPTED,2480568,"Buteo auguralis Salvadori, 1865",SPECIES,Animalia
159747128,https://www.gbif.org/species/2480542,"Buteo jamaicensis (Gmelin, 1788)",ACCEPTED,2480542,"Buteo jamaicensis (Gmelin, 1788)",SPECIES,Animalia
159747130,https://www.gbif.org/species/2480410,"Parabuteo unicinctus (Temminck, 1824)",ACCEPTED,2480410,"Parabuteo unicinctus (Temminck, 1824)",SPECIES,Animalia
159747133,https://www.gbif.org/species/2480446,"Haliaeetus leucocephalus (Linnaeus, 1766)",ACCEPTED,2480446,"Haliaeetus leucocephalus (Linnaeus, 1766)",SPECIES,Animalia
159747134,https://www.gbif.org/species/2480445,"Haliaeetus pelagicus (Pallas, 1811)",ACCEPTED,2480445,"Haliaeetus pelagicus (Pallas, 1811)",SPECIES,Animalia
159747135,https://www.gbif.org/species/2480454,"Haliaeetus vocifer (Daudin, 1800)",ACCEPTED,2480454,"Haliaeetus vocifer (Daudin, 1800)",SPECIES,Animalia
159747140,https://www.gbif.org/species/5229136,"Vanellus armatus (Burchell, 1822)",ACCEPTED,5229136,"Vanellus armatus (Burchell, 1822)",SPECIES,Animalia
159747142,https://www.gbif.org/species/5229142,"Vanellus spinosus (Linnaeus, 1758)",ACCEPTED,5229142,"Vanellus spinosus (Linnaeus, 1758)",SPECIES,Animalia
159747143,https://www.gbif.org/species/5229134,"Vanellus miles (Boddaert, 1783)",ACCEPTED,5229134,"Vanellus miles (Boddaert, 1783)",SPECIES,Animalia
159747148,https://www.gbif.org/species/5229128,"Himantopus mexicanus (P.L.S.Müller, 1776)",ACCEPTED,5229128,"Himantopus mexicanus (P.L.S.Müller, 1776)",SPECIES,Animalia
159747153,https://www.gbif.org/species/2480762,"Pluvianus aegyptius (Linnaeus, 1758)",ACCEPTED,2480762,"Pluvianus aegyptius (Linnaeus, 1758)",SPECIES,Animalia
159747158,https://www.gbif.org/species/9691034,"Phoenicopterus ruber Linnaeus, 1758",ACCEPTED,9691034,"Phoenicopterus ruber Linnaeus, 1758",SPECIES,Animalia
159747159,https://www.gbif.org/species/4352332,"Phoenicopterus roseus Pallas, 1811",ACCEPTED,4352332,"Phoenicopterus roseus Pallas, 1811",SPECIES,Animalia
159747160,https://www.gbif.org/species/2481110,"Phoenicopterus chilensis Molina, 1782",ACCEPTED,2481110,"Phoenicopterus chilensis Molina, 1782",SPECIES,Animalia
159747162,https://www.gbif.org/species/2481104,"Phoeniconaias minor (É.Geoffroy Saint-Hilaire, 1798)",ACCEPTED,2481104,"Phoeniconaias minor (É.Geoffroy Saint-Hilaire, 1798)",SPECIES,Animalia
159747166,https://www.gbif.org/species/2481092,"Phalcoboenus megalopterus (Meyen, 1834)",ACCEPTED,2481092,"Phalcoboenus megalopterus (Meyen, 1834)",SPECIES,Animalia
159747168,https://www.gbif.org/species/9685907,"Falco sparverius Linnaeus, 1758",ACCEPTED,9685907,"Falco sparverius Linnaeus, 1758",SPECIES,Animalia
159747169,https://www.gbif.org/species/8014966,"Falco biarmicus Temminck, 1825",ACCEPTED,8014966,"Falco biarmicus Temminck, 1825",SPECIES,Animalia
159747170,https://www.gbif.org/species/2481034,"Falco cherrug J.E.Gray, 1834",ACCEPTED,2481034,"Falco cherrug J.E.Gray, 1834",SPECIES,Animalia
159747172,https://www.gbif.org/species/2856037,Allium ampeloprasum L.,ACCEPTED,2856037,Allium ampeloprasum L.,SPECIES,Plantae
159747178,https://www.gbif.org/species/5739357,"Iduna rama (Sykes, 1832)",ACCEPTED,5739357,"Iduna rama (Sykes, 1832)",SPECIES,Animalia
159747181,https://www.gbif.org/species/2859597,Ipheion uniflorum (Graham) Raf.,ACCEPTED,2859597,Ipheion uniflorum (Graham) Raf.,SPECIES,Plantae
159747184,https://www.gbif.org/species/2494066,"Ploceus jacksoni Shelley, 1888",ACCEPTED,2494066,"Ploceus jacksoni Shelley, 1888",SPECIES,Animalia
159747185,https://www.gbif.org/species/2494070,"Ploceus melanocephalus (Linnaeus, 1758)",ACCEPTED,2494070,"Ploceus melanocephalus (Linnaeus, 1758)",SPECIES,Animalia
159747187,https://www.gbif.org/species/7340811,"Euplectes macroura (Gmelin, 1789)",ACCEPTED,7340811,"Euplectes macroura (Gmelin, 1789)",SPECIES,Animalia
159747189,https://www.gbif.org/species/2494086,"Euplectes franciscanus (Isert, 1789)",ACCEPTED,2494086,"Euplectes franciscanus (Isert, 1789)",SPECIES,Animalia
159747191,https://www.gbif.org/species/2494088,"Euplectes orix (Linnaeus, 1758)",ACCEPTED,2494088,"Euplectes orix (Linnaeus, 1758)",SPECIES,Animalia
159747192,https://www.gbif.org/species/2494097,"Euplectes afer (Gmelin, 1789)",ACCEPTED,2494097,"Euplectes afer (Gmelin, 1789)",SPECIES,Animalia
159747197,https://www.gbif.org/species/8323485,"Haemorhous mexicanus (P.L.Statius Müller, 1776)",ACCEPTED,8323485,"Haemorhous mexicanus (P.L.Statius Müller, 1776)",SPECIES,Animalia
159747200,https://www.gbif.org/species/6100996,"Crithagra mozambica (P.L.Statius Müller, 1776)",ACCEPTED,6100996,"Crithagra mozambica (P.L.Statius Müller, 1776)",SPECIES,Animalia
159747203,https://www.gbif.org/species/6101013,"Chloris spinoides (Vigors, 1831)",ACCEPTED,6101013,"Chloris spinoides (Vigors, 1831)",SPECIES,Animalia
159747206,https://www.gbif.org/species/2494303,"Serinus canaria (Linnaeus, 1758)",ACCEPTED,2494303,"Serinus canaria (Linnaeus, 1758)",SPECIES,Animalia
159747209,https://www.gbif.org/species/2494408,"Mycerobas icterioides (Vigors, 1830)",ACCEPTED,2494408,"Mycerobas icterioides (Vigors, 1830)",SPECIES,Animalia
159747211,https://www.gbif.org/species/7690055,"Carpodacus sibiricus (Pallas, 1773)",ACCEPTED,7690055,"Carpodacus sibiricus (Pallas, 1773)",SPECIES,Animalia
159747213,https://www.gbif.org/species/2494514,"Carpodacus roseus (Pallas, 1776)",ACCEPTED,2494514,"Carpodacus roseus (Pallas, 1776)",SPECIES,Animalia
159747216,https://www.gbif.org/species/2494536,"Pyrrhula erythaca Blyth, 1862",ACCEPTED,2494536,"Pyrrhula erythaca Blyth, 1862",SPECIES,Animalia
159747219,https://www.gbif.org/species/2494787,"Rhodospiza obsoleta (M.H.K.Lichtenstein, 1823)",ACCEPTED,2494787,"Rhodospiza obsoleta (M.H.K.Lichtenstein, 1823)",SPECIES,Animalia
159747223,https://www.gbif.org/species/2484628,"Vidua macroura (Pallas, 1764)",ACCEPTED,2484628,"Vidua macroura (Pallas, 1764)",SPECIES,Animalia
159747228,https://www.gbif.org/species/2486131,"Pycnonotus cafer (Linnaeus, 1766)",ACCEPTED,2486131,"Pycnonotus cafer (Linnaeus, 1766)",SPECIES,Animalia
159747229,https://www.gbif.org/species/2486147,"Pycnonotus barbatus (Desfontaines, 1789)",ACCEPTED,2486147,"Pycnonotus barbatus (Desfontaines, 1789)",SPECIES,Animalia
159747230,https://www.gbif.org/species/2486132,"Pycnonotus leucotis (Gould, 1836)",ACCEPTED,2486132,"Pycnonotus leucotis (Gould, 1836)",SPECIES,Animalia
159747232,https://www.gbif.org/species/2486151,"Pycnonotus jocosus (Linnaeus, 1758)",ACCEPTED,2486151,"Pycnonotus jocosus (Linnaeus, 1758)",SPECIES,Animalia
159747235,https://www.gbif.org/species/2484608,"Bombycilla japonica (Siebold, 1824)",ACCEPTED,2484608,"Bombycilla japonica (Siebold, 1824)",SPECIES,Animalia
159747239,https://www.gbif.org/species/2489362,"Zosterops palpebrosus (Temminck, 1824)",ACCEPTED,2489362,"Zosterops palpebrosus (Temminck, 1824)",SPECIES,Animalia
159747243,https://www.gbif.org/species/5845390,"Gracupica nigricollis (Paykull, 1807)",ACCEPTED,5845390,"Gracupica nigricollis (Paykull, 1807)",SPECIES,Animalia
159747246,https://www.gbif.org/species/6091856,"Sturnia sinensis (Gmelin, 1788)",ACCEPTED,6091856,"Sturnia sinensis (Gmelin, 1788)",SPECIES,Animalia
159747249,https://www.gbif.org/species/5230734,"Onychognathus tristramii (P.L.Sclater, 1858)",ACCEPTED,5230734,"Onychognathus tristramii (P.L.Sclater, 1858)",SPECIES,Animalia
159747252,https://www.gbif.org/species/2774846,Chlorophytum comosum (Thunb.) Jacques,ACCEPTED,2774846,Chlorophytum comosum (Thunb.) Jacques,SPECIES,Plantae
159747253,https://www.gbif.org/species/2489075,"Lamprotornis superbus Rüppell, 1845",ACCEPTED,2489075,"Lamprotornis superbus Rüppell, 1845",SPECIES,Animalia
159747255,https://www.gbif.org/species/2489080,"Lamprotornis purpureus (Statius Muller, 1776)",ACCEPTED,2489080,"Lamprotornis purpureus (Statius Muller, 1776)",SPECIES,Animalia
159747256,https://www.gbif.org/species/2489089,"Lamprotornis splendidus (Vieillot, 1822)",ACCEPTED,2489089,"Lamprotornis splendidus (Vieillot, 1822)",SPECIES,Animalia
159747257,https://www.gbif.org/species/2489071,"Lamprotornis chalybaeus Hemprich & Ehrenberg, 1828",ACCEPTED,2489071,"Lamprotornis chalybaeus Hemprich & Ehrenberg, 1828",SPECIES,Animalia
159747259,https://www.gbif.org/species/2489073,"Lamprotornis nitens (Linnaeus, 1766)",ACCEPTED,2489073,"Lamprotornis nitens (Linnaeus, 1766)",SPECIES,Animalia
159747261,https://www.gbif.org/species/2489010,"Acridotheres cristatellus (Linnaeus, 1758)",ACCEPTED,2489010,"Acridotheres cristatellus (Linnaeus, 1758)",SPECIES,Animalia
159747262,https://www.gbif.org/species/2489004,"Acridotheres ginginianus (Latham, 1790)",ACCEPTED,2489004,"Acridotheres ginginianus (Latham, 1790)",SPECIES,Animalia
159747264,https://www.gbif.org/species/2489005,"Acridotheres tristis (Linnaeus, 1766)",ACCEPTED,2489005,"Acridotheres tristis (Linnaeus, 1766)",SPECIES,Animalia
159747269,https://www.gbif.org/species/2488960,"Oriolus auratus Vieillot, 1817",ACCEPTED,2488960,"Oriolus auratus Vieillot, 1817",SPECIES,Animalia
159747275,https://www.gbif.org/species/5231103,"Zonotrichia capensis (P.L.S.Müller, 1776)",ACCEPTED,5231103,"Zonotrichia capensis (P.L.S.Müller, 1776)",SPECIES,Animalia
159747277,https://www.gbif.org/species/2492196,"Melospiza melodia (A.Wilson, 1810)",ACCEPTED,2492196,"Melospiza melodia (A.Wilson, 1810)",SPECIES,Animalia
159747281,https://www.gbif.org/species/2492081,"Paroaria coronata (J.F.Miller, 1776)",ACCEPTED,2492081,"Paroaria coronata (J.F.Miller, 1776)",SPECIES,Animalia
159747285,https://www.gbif.org/species/2490789,"Turdus dissimilis Blyth, 1847",ACCEPTED,2490789,"Turdus dissimilis Blyth, 1847",SPECIES,Animalia
159747289,https://www.gbif.org/species/2747750,Crocus ×luteus Lam.,ACCEPTED,2747750,Crocus ×luteus Lam.,SPECIES,Plantae
159747290,https://www.gbif.org/species/5230862,"Passerina caerulea (Linnaeus, 1758)",ACCEPTED,5230862,"Passerina caerulea (Linnaeus, 1758)",SPECIES,Animalia
159747292,https://www.gbif.org/species/2490384,"Cardinalis cardinalis (Linnaeus, 1758)",ACCEPTED,2490384,"Cardinalis cardinalis (Linnaeus, 1758)",SPECIES,Animalia
159747296,https://www.gbif.org/species/2489450,"Gymnorhina tibicen (Latham, 1802)",ACCEPTED,2489450,"Gymnorhina tibicen (Latham, 1802)",SPECIES,Animalia
159747303,https://www.gbif.org/species/5789082,"Euodice malabarica (Linnaeus, 1758)",ACCEPTED,5789082,"Euodice malabarica (Linnaeus, 1758)",SPECIES,Animalia
159747307,https://www.gbif.org/species/2493739,"Neochmia ruficauda (Gould, 1837)",ACCEPTED,2493739,"Neochmia ruficauda (Gould, 1837)",SPECIES,Animalia
159747309,https://www.gbif.org/species/2493697,"Amandava subflava (Vieillot, 1819)",ACCEPTED,2493697,"Amandava subflava (Vieillot, 1819)",SPECIES,Animalia
159747311,https://www.gbif.org/species/2493698,"Amandava amandava (Linnaeus, 1758)",ACCEPTED,2493698,"Amandava amandava (Linnaeus, 1758)",SPECIES,Animalia
159747313,https://www.gbif.org/species/2493660,"Estrilda astrild (Linnaeus, 1758)",ACCEPTED,2493660,"Estrilda astrild (Linnaeus, 1758)",SPECIES,Animalia
159747315,https://www.gbif.org/species/2493633,"Taeniopygia guttata (Vieillot, 1817)",ACCEPTED,2493633,"Taeniopygia guttata (Vieillot, 1817)",SPECIES,Animalia
159747317,https://www.gbif.org/species/4845776,"Lonchura oryzivora (Linnaeus, 1758)",ACCEPTED,4845776,"Lonchura oryzivora (Linnaeus, 1758)",SPECIES,Animalia
159747318,https://www.gbif.org/species/2493598,"Lonchura punctulata (Linnaeus, 1758)",ACCEPTED,2493598,"Lonchura punctulata (Linnaeus, 1758)",SPECIES,Animalia
159747321,https://www.gbif.org/species/5231398,"Leiothrix lutea (Scopoli, 1786)",ACCEPTED,5231398,"Leiothrix lutea (Scopoli, 1786)",SPECIES,Animalia
159747323,https://www.gbif.org/species/2493447,"Garrulax leucolophus (Hardwicke, 1816)",ACCEPTED,2493447,"Garrulax leucolophus (Hardwicke, 1816)",SPECIES,Animalia
159747326,https://www.gbif.org/species/5844936,"Cyanopica cooki Bonaparte, 1850",ACCEPTED,5844936,"Cyanopica cooki Bonaparte, 1850",SPECIES,Animalia
159747329,https://www.gbif.org/species/6100962,"Urocissa erythroryncha (Boddaert, 1783)",ACCEPTED,6100962,"Urocissa erythroryncha (Boddaert, 1783)",SPECIES,Animalia
159747332,https://www.gbif.org/species/2717402,Eleocharis mamillata subsp. austriaca (Hayek) Strandh.,ACCEPTED,2717402,Eleocharis mamillata subsp. austriaca (Hayek) Strandh.,SUBSPECIES,Plantae
159747333,https://www.gbif.org/species/2482519,"Corvus albus Statius Muller, 1776",ACCEPTED,2482519,"Corvus albus Statius Muller, 1776",SPECIES,Animalia
159747334,https://www.gbif.org/species/2482478,"Corvus albicollis Latham, 1790",ACCEPTED,2482478,"Corvus albicollis Latham, 1790",SPECIES,Animalia
159747335,https://www.gbif.org/species/2482499,"Corvus splendens Vieillot, 1817",ACCEPTED,2482499,"Corvus splendens Vieillot, 1817",SPECIES,Animalia
159747339,https://www.gbif.org/species/2484103,"Chrysomus icterocephalus (Linnaeus, 1766)",ACCEPTED,2484103,"Chrysomus icterocephalus (Linnaeus, 1766)",SPECIES,Animalia
159747342,https://www.gbif.org/species/2484155,"Quiscalus quiscula (Linnaeus, 1758)",ACCEPTED,2484155,"Quiscalus quiscula (Linnaeus, 1758)",SPECIES,Animalia
159747343,https://www.gbif.org/species/2484133,"Quiscalus major Vieillot, 1819",ACCEPTED,2484133,"Quiscalus major Vieillot, 1819",SPECIES,Animalia
159747348,https://www.gbif.org/species/2481875,"Phalacrocorax auritus (Lesson, 1831)",ACCEPTED,2481875,"Phalacrocorax auritus (Lesson, 1831)",SPECIES,Animalia
159747354,https://www.gbif.org/species/5229411,"Anastomus lamelligerus Temminck, 1823",ACCEPTED,5229411,"Anastomus lamelligerus Temminck, 1823",SPECIES,Animalia
159747357,https://www.gbif.org/species/2481936,"Mycteria ibis (Linnaeus, 1766)",ACCEPTED,2481936,"Mycteria ibis (Linnaeus, 1766)",SPECIES,Animalia
159747363,https://www.gbif.org/species/5959227,"Ara macao (Linnaeus, 1758)",ACCEPTED,5959227,"Ara macao (Linnaeus, 1758)",SPECIES,Animalia
159747364,https://www.gbif.org/species/5959231,"Ara ararauna (Linnaeus, 1758)",ACCEPTED,5959231,"Ara ararauna (Linnaeus, 1758)",SPECIES,Animalia
159747367,https://www.gbif.org/species/5229110,"Cyanoramphus novaezelandiae (Sparrman, 1787)",ACCEPTED,5229110,"Cyanoramphus novaezelandiae (Sparrman, 1787)",SPECIES,Animalia
159747368,https://www.gbif.org/species/6559940,Helictochloa bromoides (Gouan) Romero Zarco,ACCEPTED,6559940,Helictochloa bromoides (Gouan) Romero Zarco,SPECIES,Plantae
159747373,https://www.gbif.org/species/5229045,"Psittacula alexandri (Linnaeus, 1758)",ACCEPTED,5229045,"Psittacula alexandri (Linnaeus, 1758)",SPECIES,Animalia
159747374,https://www.gbif.org/species/5229044,"Psittacula cyanocephala (Linnaeus, 1766)",ACCEPTED,5229044,"Psittacula cyanocephala (Linnaeus, 1766)",SPECIES,Animalia
159747376,https://www.gbif.org/species/5229072,"Psittacula derbiana (Fraser, 1852)",ACCEPTED,5229072,"Psittacula derbiana (Fraser, 1852)",SPECIES,Animalia
159747377,https://www.gbif.org/species/5229055,"Psittacula eupatria (Linnaeus, 1766)",ACCEPTED,5229055,"Psittacula eupatria (Linnaeus, 1766)",SPECIES,Animalia
159747378,https://www.gbif.org/species/2479226,"Psittacula krameri (Scopoli, 1769)",ACCEPTED,2479226,"Psittacula krameri (Scopoli, 1769)",SPECIES,Animalia
159747381,https://www.gbif.org/species/2479407,"Myiopsitta monachus (Boddaert, 1783)",ACCEPTED,2479407,"Myiopsitta monachus (Boddaert, 1783)",SPECIES,Animalia
159747384,https://www.gbif.org/species/2479329,"Platycercus eximius (Shaw, 1792)",ACCEPTED,2479329,"Platycercus eximius (Shaw, 1792)",SPECIES,Animalia
159747385,https://www.gbif.org/species/2479320,"Platycercus icterotis (Temminck & Kuhl, 1820)",ACCEPTED,2479320,"Platycercus icterotis (Temminck & Kuhl, 1820)",SPECIES,Animalia
159747387,https://www.gbif.org/species/2479311,"Platycercus elegans (Gmelin, 1788)",ACCEPTED,2479311,"Platycercus elegans (Gmelin, 1788)",SPECIES,Animalia
159747388,https://www.gbif.org/species/2479308,"Platycercus adscitus (Latham, 1790)",ACCEPTED,2479308,"Platycercus adscitus (Latham, 1790)",SPECIES,Animalia
159747391,https://www.gbif.org/species/2479977,"Nymphicus hollandicus (Kerr, 1792)",ACCEPTED,2479977,"Nymphicus hollandicus (Kerr, 1792)",SPECIES,Animalia
159747394,https://www.gbif.org/species/2480075,"Eclectus roratus (Statius Muller, 1776)",ACCEPTED,2480075,"Eclectus roratus (Statius Muller, 1776)",SPECIES,Animalia
159747397,https://www.gbif.org/species/2479964,"Poicephalus senegalus (Linnaeus, 1766)",ACCEPTED,2479964,"Poicephalus senegalus (Linnaeus, 1766)",SPECIES,Animalia
159747399,https://www.gbif.org/species/2479955,"Poicephalus cryptoxanthus (W.Peters, 1854)",ACCEPTED,2479955,"Poicephalus cryptoxanthus (W.Peters, 1854)",SPECIES,Animalia
159747401,https://www.gbif.org/species/2480181,"Psittacus erithacus Linnaeus, 1758",ACCEPTED,2480181,"Psittacus erithacus Linnaeus, 1758",SPECIES,Animalia
159747404,https://www.gbif.org/species/2480089,"Psephotus haematonotus (Gould, 1838)",ACCEPTED,2480089,"Psephotus haematonotus (Gould, 1838)",SPECIES,Animalia
159747407,https://www.gbif.org/species/2480102,"Nandayus nenday (Vieillot, 1823)",ACCEPTED,2480102,"Nandayus nenday (Vieillot, 1823)",SPECIES,Animalia
159747409,https://www.gbif.org/species/2479498,"Polytelis anthopeplus (Lear, 1831)",ACCEPTED,2479498,"Polytelis anthopeplus (Lear, 1831)",SPECIES,Animalia
159747410,https://www.gbif.org/species/2479501,"Polytelis swainsonii (Desmarest, 1826)",ACCEPTED,2479501,"Polytelis swainsonii (Desmarest, 1826)",SPECIES,Animalia
159747412,https://www.gbif.org/species/2479544,"Agapornis fischeri Reichenow, 1887",ACCEPTED,2479544,"Agapornis fischeri Reichenow, 1887",SPECIES,Animalia
159747414,https://www.gbif.org/species/2479550,"Agapornis roseicollis (Stanley, 1814)",DOUBTFUL,2479550,"Agapornis roseicollis (Stanley, 1814)",SPECIES,Animalia
159747415,https://www.gbif.org/species/2479553,"Agapornis personatus Reichenow, 1887",ACCEPTED,2479553,"Agapornis personatus Reichenow, 1887",SPECIES,Animalia
159747416,https://www.gbif.org/species/2479555,"Agapornis canus (Gmelin, 1788)",ACCEPTED,2479555,"Agapornis canus (Gmelin, 1788)",SPECIES,Animalia
159747419,https://www.gbif.org/species/2479798,"Melopsittacus undulatus (Shaw, 1805)",ACCEPTED,2479798,"Melopsittacus undulatus (Shaw, 1805)",SPECIES,Animalia
159747422,https://www.gbif.org/species/2479851,"Pyrrhura perlata (Spix, 1824)",ACCEPTED,2479851,"Pyrrhura perlata (Spix, 1824)",SPECIES,Animalia
159747425,https://www.gbif.org/species/2479612,"Amazona ochrocephala (Gmelin, 1788)",ACCEPTED,2479612,"Amazona ochrocephala (Gmelin, 1788)",SPECIES,Animalia
159747426,https://www.gbif.org/species/2479666,"Amazona amazonica (Linnaeus, 1766)",ACCEPTED,2479666,"Amazona amazonica (Linnaeus, 1766)",SPECIES,Animalia
159747428,https://www.gbif.org/species/2479686,"Trichoglossus haematodus (Linnaeus, 1771)",ACCEPTED,2479686,"Trichoglossus haematodus (Linnaeus, 1771)",SPECIES,Animalia
159747433,https://www.gbif.org/species/2476041,"Bucorvus leadbeateri (Vigors, 1825)",ACCEPTED,2476041,"Bucorvus leadbeateri (Vigors, 1825)",SPECIES,Animalia
159747438,https://www.gbif.org/species/2475212,"Crinifer zonurus (Ruppell, 1835)",ACCEPTED,2475212,"Crinifer zonurus (Ruppell, 1835)",SPECIES,Animalia
159747442,https://www.gbif.org/species/2475679,"Ceryle rudis (Linnaeus, 1758)",ACCEPTED,2475679,"Ceryle rudis (Linnaeus, 1758)",SPECIES,Animalia
159747445,https://www.gbif.org/species/2475648,"Dacelo novaeguineae (Hermann, 1783)",ACCEPTED,2475648,"Dacelo novaeguineae (Hermann, 1783)",SPECIES,Animalia
159747449,https://www.gbif.org/species/2475373,"Coracias abyssinicus Hermann, 1783",ACCEPTED,2475373,"Coracias abyssinicus Hermann, 1783",SPECIES,Animalia
159747453,https://www.gbif.org/species/5229154,"Scopus umbretta Gmelin, 1789",ACCEPTED,5229154,"Scopus umbretta Gmelin, 1789",SPECIES,Animalia
159747457,https://www.gbif.org/species/5229205,"Eudocimus albus (Linnaeus, 1758)",ACCEPTED,5229205,"Eudocimus albus (Linnaeus, 1758)",SPECIES,Animalia
159747458,https://www.gbif.org/species/5229204,"Eudocimus ruber (Linnaeus, 1758)",ACCEPTED,5229204,"Eudocimus ruber (Linnaeus, 1758)",SPECIES,Animalia
159747461,https://www.gbif.org/species/5229203,"Bostrychia hagedash (Latham, 1790)",ACCEPTED,5229203,"Bostrychia hagedash (Latham, 1790)",SPECIES,Animalia
159747464,https://www.gbif.org/species/2480770,"Geronticus eremita (Linnaeus, 1758)",ACCEPTED,2480770,"Geronticus eremita (Linnaeus, 1758)",SPECIES,Animalia
159747466,https://www.gbif.org/species/2480772,"Plegadis ridgwayi (Allen, 1876)",ACCEPTED,2480772,"Plegadis ridgwayi (Allen, 1876)",SPECIES,Animalia
159747468,https://www.gbif.org/species/2480786,"Theristicus melanopis (Gmelin, 1789)",ACCEPTED,2480786,"Theristicus melanopis (Gmelin, 1789)",SPECIES,Animalia
159747470,https://www.gbif.org/species/2480800,"Platalea alba Scopoli, 1786",ACCEPTED,2480800,"Platalea alba Scopoli, 1786",SPECIES,Animalia
159747473,https://www.gbif.org/species/2480764,"Threskiornis aethiopicus (Latham, 1790)",ACCEPTED,2480764,"Threskiornis aethiopicus (Latham, 1790)",SPECIES,Animalia
159747474,https://www.gbif.org/species/2480766,"Threskiornis spinicollis (Jameson, 1835)",ACCEPTED,2480766,"Threskiornis spinicollis (Jameson, 1835)",SPECIES,Animalia
159747477,https://www.gbif.org/species/2480897,"Egretta novaehollandiae (Latham, 1790)",ACCEPTED,2480897,"Egretta novaehollandiae (Latham, 1790)",SPECIES,Animalia
159747481,https://www.gbif.org/species/5229156,"Pelecanus conspicillatus Temminck, 1824",ACCEPTED,5229156,"Pelecanus conspicillatus Temminck, 1824",SPECIES,Animalia
159747482,https://www.gbif.org/species/2480350,"Pelecanus onocrotalus Linnaeus, 1758",ACCEPTED,2480350,"Pelecanus onocrotalus Linnaeus, 1758",SPECIES,Animalia
159747483,https://www.gbif.org/species/2480352,"Pelecanus rufescens Gmelin, 1789",ACCEPTED,2480352,"Pelecanus rufescens Gmelin, 1789",SPECIES,Animalia
159747487,https://www.gbif.org/species/2474416,"Porphyrio porphyrio (Linnaeus, 1758)",ACCEPTED,2474416,"Porphyrio porphyrio (Linnaeus, 1758)",SPECIES,Animalia
159747491,https://www.gbif.org/species/5228229,"Balearica regulorum (E.T.Bennett, 1834)",ACCEPTED,5228229,"Balearica regulorum (E.T.Bennett, 1834)",SPECIES,Animalia
159747494,https://www.gbif.org/species/2474942,"Grus vipio Pallas, 1811",ACCEPTED,2474942,"Grus vipio Pallas, 1811",SPECIES,Animalia
159747495,https://www.gbif.org/species/2474944,"Grus japonensis (Statius Muller, 1776)",ACCEPTED,2474944,"Grus japonensis (Statius Muller, 1776)",SPECIES,Animalia
159747497,https://www.gbif.org/species/2474937,"Anthropoides paradiseus (A.A.H.Lichtenstein, 1793)",ACCEPTED,2474937,"Anthropoides paradiseus (A.A.H.Lichtenstein, 1793)",SPECIES,Animalia
159747498,https://www.gbif.org/species/2474936,"Anthropoides virgo (Linnaeus, 1758)",ACCEPTED,2474936,"Anthropoides virgo (Linnaeus, 1758)",SPECIES,Animalia
159747504,https://www.gbif.org/species/9791464,"Colinus virginianus (Linnaeus, 1758)",ACCEPTED,9791464,"Colinus virginianus (Linnaeus, 1758)",SPECIES,Animalia
159747507,https://www.gbif.org/species/5228080,"Callipepla californica (Shaw, 1798)",ACCEPTED,5228080,"Callipepla californica (Shaw, 1798)",SPECIES,Animalia
159747511,https://www.gbif.org/species/2473341,"Numida meleagris (Linnaeus, 1758)",ACCEPTED,2473341,"Numida meleagris (Linnaeus, 1758)",SPECIES,Animalia
159747515,https://www.gbif.org/species/9606290,"Meleagris gallopavo Linnaeus, 1758",ACCEPTED,9606290,"Meleagris gallopavo Linnaeus, 1758",SPECIES,Animalia
159747518,https://www.gbif.org/species/9451184,"Pavo cristatus Linnaeus, 1758",ACCEPTED,9451184,"Pavo cristatus Linnaeus, 1758",SPECIES,Animalia
159747521,https://www.gbif.org/species/9326020,"Gallus gallus (Linnaeus, 1758)",ACCEPTED,9326020,"Gallus gallus (Linnaeus, 1758)",SPECIES,Animalia
159747523,https://www.gbif.org/species/5228034,"Chrysolophus pictus (Linnaeus, 1758)",ACCEPTED,5228034,"Chrysolophus pictus (Linnaeus, 1758)",SPECIES,Animalia
159747524,https://www.gbif.org/species/5228033,"Chrysolophus amherstiae (Leadbeater, 1829)",ACCEPTED,5228033,"Chrysolophus amherstiae (Leadbeater, 1829)",SPECIES,Animalia
159747527,https://www.gbif.org/species/4134265,Anthosachne scabra (R.Br.) Nevski,ACCEPTED,4134265,Anthosachne scabra (R.Br.) Nevski,SPECIES,Plantae
159747528,https://www.gbif.org/species/9752149,"Phasianus colchicus Linnaeus, 1758",ACCEPTED,9752149,"Phasianus colchicus Linnaeus, 1758",SPECIES,Animalia
159747530,https://www.gbif.org/species/5227775,"Phasianus versicolor Vieillot, 1825",ACCEPTED,5227775,"Phasianus versicolor Vieillot, 1825",SPECIES,Animalia
159747533,https://www.gbif.org/species/5227966,"Lophura nycthemera (Linnaeus, 1758)",ACCEPTED,5227966,"Lophura nycthemera (Linnaeus, 1758)",SPECIES,Animalia
159747534,https://www.gbif.org/species/5227993,"Lophura leucomelanos (Latham, 1790)",ACCEPTED,5227993,"Lophura leucomelanos (Latham, 1790)",SPECIES,Animalia
159747537,https://www.gbif.org/species/2473477,"Syrmaticus reevesii (J.E.Gray, 1829)",ACCEPTED,2473477,"Syrmaticus reevesii (J.E.Gray, 1829)",SPECIES,Animalia
159747541,https://www.gbif.org/species/2474051,"Alectoris rufa (Linnaeus, 1758)",ACCEPTED,2474051,"Alectoris rufa (Linnaeus, 1758)",SPECIES,Animalia
159747542,https://www.gbif.org/species/2474029,"Alectoris chukar (J.E.Gray, 1830)",ACCEPTED,2474029,"Alectoris chukar (J.E.Gray, 1830)",SPECIES,Animalia
159747544,https://www.gbif.org/species/2474055,"Alectoris graeca (Meisner, 1804)",ACCEPTED,2474055,"Alectoris graeca (Meisner, 1804)",SPECIES,Animalia
159747547,https://www.gbif.org/species/2474162,"Coturnix japonica Temminck & Schlegel, 1848",ACCEPTED,2474162,"Coturnix japonica Temminck & Schlegel, 1848",SPECIES,Animalia
159747550,https://www.gbif.org/species/2473421,"Lagopus lagopus (Linnaeus, 1758)",ACCEPTED,2473421,"Lagopus lagopus (Linnaeus, 1758)",SPECIES,Animalia
159747653,https://www.gbif.org/species/4154259,Paspalum saurae (Parodi) Parodi,ACCEPTED,4154259,Paspalum saurae (Parodi) Parodi,SPECIES,Plantae
159747656,https://www.gbif.org/species/2399874,"Micropogonias undulatus (Linnaeus, 1766)",ACCEPTED,2399874,"Micropogonias undulatus (Linnaeus, 1766)",SPECIES,Animalia
159747683,https://www.gbif.org/species/2702820,Echinochloa oryzoides (Ard.) Fritsch,ACCEPTED,2702820,Echinochloa oryzoides (Ard.) Fritsch,SPECIES,Plantae
159747684,https://www.gbif.org/species/2702816,Echinochloa muricata (P.Beauv.) Fernald,ACCEPTED,2702816,Echinochloa muricata (P.Beauv.) Fernald,SPECIES,Plantae
159747702,https://www.gbif.org/species/2351271,"Salvelinus fontinalis (Mitchill, 1814)",ACCEPTED,2351271,"Salvelinus fontinalis (Mitchill, 1814)",SPECIES,Animalia
159747716,https://www.gbif.org/species/2331498,"Molgula manhattensis (De Kay, 1843)",ACCEPTED,2331498,"Molgula manhattensis (De Kay, 1843)",SPECIES,Animalia
159747720,https://www.gbif.org/species/4354941,"Botrylloides violaceus Oka, 1927",ACCEPTED,4354941,"Botrylloides violaceus Oka, 1927",SPECIES,Animalia
159747723,https://www.gbif.org/species/2331942,"Styela clava Herdman, 1881",ACCEPTED,2331942,"Styela clava Herdman, 1881",SPECIES,Animalia
159747729,https://www.gbif.org/species/5200414,"Diplosoma listerianum (Milne Edwards, 1841)",ACCEPTED,5200414,"Diplosoma listerianum (Milne Edwards, 1841)",SPECIES,Animalia
159747732,https://www.gbif.org/species/2330928,"Aplidium glabrum (Verrill, 1871)",ACCEPTED,2330928,"Aplidium glabrum (Verrill, 1871)",SPECIES,Animalia
159747740,https://www.gbif.org/species/4124350,Eleusine africana Kenn.-O'Byrne,ACCEPTED,4124350,Eleusine africana Kenn.-O'Byrne,SPECIES,Plantae
159747756,https://www.gbif.org/species/2320998,"Boccardiella hamata (Webster, 1879)",ACCEPTED,2320998,"Boccardiella hamata (Webster, 1879)",SPECIES,Animalia
159747758,https://www.gbif.org/species/2320810,"Boccardia proboscidea Hartman, 1940",ACCEPTED,2320810,"Boccardia proboscidea Hartman, 1940",SPECIES,Animalia
159747879,https://www.gbif.org/species/4565061,"Cernuella neglecta (Draparnaud, 1805)",ACCEPTED,4565061,"Cernuella neglecta (Draparnaud, 1805)",SPECIES,Animalia
159747884,https://www.gbif.org/species/2296807,"Cochlicella barbara (Linnaeus, 1758)",ACCEPTED,2296807,"Cochlicella barbara (Linnaeus, 1758)",SPECIES,Animalia
159747921,https://www.gbif.org/species/8485639,"Ensis leei M.Huber, 2015",ACCEPTED,8485639,"Ensis leei M.Huber, 2015",SPECIES,Animalia
159747938,https://www.gbif.org/species/4372686,"Ruditapes philippinarum (A.Adams & Reeve, 1850)",ACCEPTED,4372686,"Ruditapes philippinarum (A.Adams & Reeve, 1850)",SPECIES,Animalia
159747952,https://www.gbif.org/species/4283395,"Diadumene lineata (Verrill, 1869)",ACCEPTED,4283395,"Diadumene lineata (Verrill, 1869)",SPECIES,Animalia
159747961,https://www.gbif.org/species/2266009,"Cordylophora caspia (Pallas, 1771)",ACCEPTED,2266009,"Cordylophora caspia (Pallas, 1771)",SPECIES,Animalia
159747966,https://www.gbif.org/species/2266561,"Nemopsis bachei L.Agassiz, 1849",ACCEPTED,2266561,"Nemopsis bachei L.Agassiz, 1849",SPECIES,Animalia
159747976,https://www.gbif.org/species/2266754,"Gonionemus vertens A.Agassiz, 1862",ACCEPTED,2266754,"Gonionemus vertens A.Agassiz, 1862",SPECIES,Animalia
159747985,https://www.gbif.org/species/5166760,"Ammothea hilgendorfi (Böhm, 1879)",ACCEPTED,5166760,"Ammothea hilgendorfi (Böhm, 1879)",SPECIES,Animalia
159747996,https://www.gbif.org/species/2228667,"Sinelobus stanfordi (Richardson, 1901)",ACCEPTED,2228667,"Sinelobus stanfordi (Richardson, 1901)",SPECIES,Animalia
159748065,https://www.gbif.org/species/3188829,Oenothera elata Kunth,ACCEPTED,3188829,Oenothera elata Kunth,SPECIES,Plantae
159748086,https://www.gbif.org/species/4805565,"Amphibalanus variegatus (Darwin, 1854)",ACCEPTED,4805565,"Amphibalanus variegatus (Darwin, 1854)",SPECIES,Animalia
159748091,https://www.gbif.org/species/2115724,"Balanus trigonus Darwin, 1854",ACCEPTED,2115724,"Balanus trigonus Darwin, 1854",SPECIES,Animalia
159748095,https://www.gbif.org/species/2115706,"Balanus glandula Darwin, 1854",ACCEPTED,2115706,"Balanus glandula Darwin, 1854",SPECIES,Animalia
159748101,https://www.gbif.org/species/2110811,"Mytilicola intestinalis Steuer, 1902",ACCEPTED,2110811,"Mytilicola intestinalis Steuer, 1902",SPECIES,Animalia
159748106,https://www.gbif.org/species/2114326,"Eurytemora americana Williams, 1906",ACCEPTED,2114326,"Eurytemora americana Williams, 1906",SPECIES,Animalia
159748110,https://www.gbif.org/species/8244019,Trachyspermum ammi (L.) Sprague ex Turrill,DOUBTFUL,8244019,Trachyspermum ammi (L.) Sprague ex Turrill,SPECIES,Plantae
159748111,https://www.gbif.org/species/2114446,"Acartia tonsa Dana, 1849",ACCEPTED,2114446,"Acartia tonsa Dana, 1849",SPECIES,Animalia
159748136,https://www.gbif.org/species/5371753,Visnaga daucoides Gaertn.,ACCEPTED,5371753,Visnaga daucoides Gaertn.,SPECIES,Plantae
159748235,https://www.gbif.org/species/10329298,"Haplodrassus securifer Bosmans & Abrous, 2018",ACCEPTED,10329298,"Haplodrassus securifer Bosmans & Abrous, 2018",SPECIES,Animalia
159748251,https://www.gbif.org/species/2053954,"Prokelisia marginata (Van Duzee, 1897)",ACCEPTED,2053954,"Prokelisia marginata (Van Duzee, 1897)",SPECIES,Animalia
159748278,https://www.gbif.org/species/1728965,"Tachycines asynamorus Adelung, 1902",ACCEPTED,1728965,"Tachycines asynamorus Adelung, 1902",SPECIES,Animalia
159748299,https://www.gbif.org/species/1450317,"Telmatogeton japonicus Tokunaga, 1933",ACCEPTED,1450317,"Telmatogeton japonicus Tokunaga, 1933",SPECIES,Animalia
159748319,https://www.gbif.org/species/3005039,Rosa chinensis Jacq.,ACCEPTED,3005039,Rosa chinensis Jacq.,SPECIES,Plantae
159748397,https://www.gbif.org/species/10269496,"Epuraea imperialis (Reitter, 1877)",ACCEPTED,10269496,"Epuraea imperialis (Reitter, 1877)",SPECIES,Animalia
159748459,https://www.gbif.org/species/8428595,"Bugulina stolonifera (Ryland, 1960)",ACCEPTED,8428595,"Bugulina stolonifera (Ryland, 1960)",SPECIES,Animalia
159748461,https://www.gbif.org/species/7668385,"Bugulina simplex (Hincks, 1886)",ACCEPTED,7668385,"Bugulina simplex (Hincks, 1886)",SPECIES,Animalia
159748463,https://www.gbif.org/species/4984851,"Bugula neritina (Linnaeus, 1758)",ACCEPTED,4984851,"Bugula neritina (Linnaeus, 1758)",SPECIES,Animalia
159748466,https://www.gbif.org/species/1008955,"Fenestrulina delicia Winston, Hayward & Craig, 2000",ACCEPTED,1008955,"Fenestrulina delicia Winston, Hayward & Craig, 2000",SPECIES,Animalia
159748469,https://www.gbif.org/species/1007534,"Phaeostachys spinifera (Johnston, 1847)",ACCEPTED,1007534,"Phaeostachys spinifera (Johnston, 1847)",SPECIES,Animalia
159748473,https://www.gbif.org/species/1008610,"Haplopoma graniferum (Johnston, 1847)",ACCEPTED,1008610,"Haplopoma graniferum (Johnston, 1847)",SPECIES,Animalia
159748474,https://www.gbif.org/species/1008612,"Haplopoma impressum (Audouin, 1826)",ACCEPTED,1008612,"Haplopoma impressum (Audouin, 1826)",SPECIES,Animalia
159748482,https://www.gbif.org/species/1002621,"Keratella tropica (Apstein, 1907)",ACCEPTED,1002621,"Keratella tropica (Apstein, 1907)",SPECIES,Animalia
159748507,https://www.gbif.org/species/2940408,Cytisophyllum sessilifolium (L.) O.Lang,ACCEPTED,2940408,Cytisophyllum sessilifolium (L.) O.Lang,SPECIES,Plantae
159748558,https://www.gbif.org/species/2925870,Amsinckia menziesii (Lehm.) A.Nelson & J.F.Macbr.,ACCEPTED,2925870,Amsinckia menziesii (Lehm.) A.Nelson & J.F.Macbr.,SPECIES,Plantae
159748639,https://www.gbif.org/species/2888740,Centranthus ruber (L.) DC.,ACCEPTED,2888740,Centranthus ruber (L.) DC.,SPECIES,Plantae
159748656,https://www.gbif.org/species/5371699,Hepatica nobilis Schreb.,ACCEPTED,5371699,Hepatica nobilis Schreb.,SPECIES,Plantae
159748679,https://www.gbif.org/species/3602227,Papaver setigerum DC.,ACCEPTED,3602227,Papaver setigerum DC.,SPECIES,Plantae
159748707,https://www.gbif.org/species/5374922,Arabis caucasica Willd.,ACCEPTED,5374922,Arabis caucasica Willd.,SPECIES,Plantae
159748747,https://www.gbif.org/species/2874515,Cucurbita maxima Duchesne,ACCEPTED,2874515,Cucurbita maxima Duchesne,SPECIES,Plantae
159748815,https://www.gbif.org/species/3111758,Zinnia violacea Cav.,SYNONYM,3111754,Zinnia elegans Jacq.,SPECIES,Plantae
159748820,https://www.gbif.org/species/8078031,Artemisia afra Jacq.,ACCEPTED,8078031,Artemisia afra Jacq.,SPECIES,Plantae
159748835,https://www.gbif.org/species/5384950,Eclipta prostrata (L.) L.,ACCEPTED,5384950,Eclipta prostrata (L.) L.,SPECIES,Plantae
159748857,https://www.gbif.org/species/5402340,Dimorphotheca jucunda E.Phillips,ACCEPTED,5402340,Dimorphotheca jucunda E.Phillips,SPECIES,Plantae
159748874,https://www.gbif.org/species/3137686,Rhodanthe stricta (Lindl.) Paul G.Wilson,ACCEPTED,3137686,Rhodanthe stricta (Lindl.) Paul G.Wilson,SPECIES,Plantae
159748883,https://www.gbif.org/species/3147815,Verbesina alternifolia (L.) Britton ex Kearney,ACCEPTED,3147815,Verbesina alternifolia (L.) Britton ex Kearney,SPECIES,Plantae
159748887,https://www.gbif.org/species/3145375,Deinandra fasciculata (DC.) Greene,ACCEPTED,3145375,Deinandra fasciculata (DC.) Greene,SPECIES,Plantae
159748902,https://www.gbif.org/species/10411852,Centaurea jacea x nigrescens,ACCEPTED,10411852,Centaurea jacea x nigrescens,SPECIES,Plantae
159748939,https://www.gbif.org/species/6300805,Pilosella bauhini (Schult.) Arv.-Touv.,ACCEPTED,6300805,Pilosella bauhini (Schult.) Arv.-Touv.,SPECIES,Plantae
159748955,https://www.gbif.org/species/9419993,Erodium moschatum (L.) L'Hér.,ACCEPTED,9419993,Erodium moschatum (L.) L'Hér.,SPECIES,Plantae
159748962,https://www.gbif.org/species/7346102,Erythranthe guttata (DC.) G.L.Nesom,ACCEPTED,7346102,Erythranthe guttata (DC.) G.L.Nesom,SPECIES,Plantae
159748985,https://www.gbif.org/species/5415009,Linaria supina (L.) Chaz.,ACCEPTED,5415009,Linaria supina (L.) Chaz.,SPECIES,Plantae
159748992,https://www.gbif.org/species/3172099,Veronica austriaca L.,ACCEPTED,3172099,Veronica austriaca L.,SPECIES,Plantae
159749036,https://www.gbif.org/species/3905825,Betonica macrantha K.Koch,ACCEPTED,3905825,Betonica macrantha K.Koch,SPECIES,Plantae
159749052,https://www.gbif.org/species/7331548,Alonsoa linearis (Jacq.) Ruiz & Pav.,ACCEPTED,7331548,Alonsoa linearis (Jacq.) Ruiz & Pav.,SPECIES,Plantae
159749078,https://www.gbif.org/species/3084693,Calandrinia ciliata (Ruiz & Pav.) DC.,ACCEPTED,3084693,Calandrinia ciliata (Ruiz & Pav.) DC.,SPECIES,Plantae
159749099,https://www.gbif.org/species/3757457,Chenopodium polygonoides (Murr) Aellen,ACCEPTED,3757457,Chenopodium polygonoides (Murr) Aellen,SPECIES,Plantae
159749116,https://www.gbif.org/species/2888870,Rumex spinosus L.,ACCEPTED,2888870,Rumex spinosus L.,SPECIES,Plantae
159749125,https://www.gbif.org/species/7938233,Stellaria cupaniana (Jord. & Fourr.) Bég.,ACCEPTED,7938233,Stellaria cupaniana (Jord. & Fourr.) Bég.,SPECIES,Plantae
162644337,https://www.gbif.org/species/2725229,Carex agastachys L.f.,ACCEPTED,2725229,Carex agastachys L.f.,SPECIES,Plantae
162644711,https://www.gbif.org/species/9890104,"Xeroplexa intersecta (Poiret, 1801)",ACCEPTED,9890104,"Xeroplexa intersecta (Poiret, 1801)",SPECIES,Animalia
162644821,https://www.gbif.org/species/7563173,"Cryptorchestia cavimana (Heller, 1865)",ACCEPTED,7563173,"Cryptorchestia cavimana (Heller, 1865)",SPECIES,Animalia
164250535,https://www.gbif.org/species/2855338,Galanthus plicatus M.Bieb.,ACCEPTED,2855338,Galanthus plicatus M.Bieb.,SPECIES,Plantae
164250541,https://www.gbif.org/species/2858963,Narcissus tazetta L.,ACCEPTED,2858963,Narcissus tazetta L.,SPECIES,Plantae
164250635,https://www.gbif.org/species/2720171,Scirpus cyperinus (L.) Kunth,ACCEPTED,2720171,Scirpus cyperinus (L.) Kunth,SPECIES,Plantae
164250924,https://www.gbif.org/species/2703459,Oryza sativa L.,ACCEPTED,2703459,Oryza sativa L.,SPECIES,Plantae
164251122,https://www.gbif.org/species/3189836,Acer pensylvanicum L.,ACCEPTED,3189836,Acer pensylvanicum L.,SPECIES,Plantae
164251179,https://www.gbif.org/species/3667007,Oenothera ×drawertii Renner ex Rostanski,ACCEPTED,3667007,Oenothera ×drawertii Renner ex Rostanski,SPECIES,Plantae
164251181,https://www.gbif.org/species/3666776,Oenothera ×ersteinensis H.P.Linder & R.Jean,ACCEPTED,3666776,Oenothera ×ersteinensis H.P.Linder & R.Jean,SPECIES,Plantae
164251733,https://www.gbif.org/species/2888622,Viburnum plicatum Thunb.,ACCEPTED,2888622,Viburnum plicatum Thunb.,SPECIES,Plantae
164251831,https://www.gbif.org/species/2874574,Cucumis dipsaceus Ehrenb. ex Spach,ACCEPTED,2874574,Cucumis dipsaceus Ehrenb. ex Spach,SPECIES,Plantae
164251865,https://www.gbif.org/species/5331238,Viola sororia Willd.,ACCEPTED,5331238,Viola sororia Willd.,SPECIES,Plantae
164251911,https://www.gbif.org/species/5395559,Ligularia przewalskii (Maxim.) Diels,ACCEPTED,5395559,Ligularia przewalskii (Maxim.) Diels,SPECIES,Plantae
164252030,https://www.gbif.org/species/8116963,Acanthus hungaricus (Borbás) Baen.,ACCEPTED,8116963,Acanthus hungaricus (Borbás) Baen.,SPECIES,Plantae
164252088,https://www.gbif.org/species/5341407,Monarda didyma L.,ACCEPTED,5341407,Monarda didyma L.,SPECIES,Plantae
164252115,https://www.gbif.org/species/4086523,Verbena incompta P.W.Michael,ACCEPTED,4086523,Verbena incompta P.W.Michael,SPECIES,Plantae
182132844,https://www.gbif.org/species/8701771,"Obama nungara Carbayo, Alvarez-Presas, Jones & Riutort, 2016",ACCEPTED,8701771,"Obama nungara Carbayo, Alvarez-Presas, Jones & Riutort, 2016",SPECIES,Animalia
182132848,https://www.gbif.org/species/4416161,"Dolichoplana striata Moseley, 1877",ACCEPTED,4416161,"Dolichoplana striata Moseley, 1877",SPECIES,Animalia
182132854,https://www.gbif.org/species/2502810,"Caenoplana coerulea Moseley, 1877",ACCEPTED,2502810,"Caenoplana coerulea Moseley, 1877",SPECIES,Animalia
182132858,https://www.gbif.org/species/2502805,"Kontikia ventrolineata (Dendy, 1892)",ACCEPTED,2502805,"Kontikia ventrolineata (Dendy, 1892)",SPECIES,Animalia
182132859,https://www.gbif.org/species/5241445,Volvariella volvacea (Bull.) Singer,ACCEPTED,5241445,Volvariella volvacea (Bull.) Singer,SPECIES,Fungi
182132869,https://www.gbif.org/species/2527401,Favolaschia calocera R.Heim,ACCEPTED,2527401,Favolaschia calocera R.Heim,SPECIES,Fungi
182132928,https://www.gbif.org/species/2598552,Seifertia azaleae (Peck) Partr. & Morgan-Jones,ACCEPTED,2598552,Seifertia azaleae (Peck) Partr. & Morgan-Jones,SPECIES,Fungi
182132946,https://www.gbif.org/species/5270720,Chara braunii C.C.Gmel.,ACCEPTED,5270720,Chara braunii C.C.Gmel.,SPECIES,Plantae
182132993,https://www.gbif.org/species/2685663,Abies homolepis Siebold & Zucc.,ACCEPTED,2685663,Abies homolepis Siebold & Zucc.,SPECIES,Plantae
182132997,https://www.gbif.org/species/4938682,Larix ×marschlinsii Coaz,ACCEPTED,4938682,Larix ×marschlinsii Coaz,SPECIES,Plantae
182133040,https://www.gbif.org/species/2286388,"Mulinia lateralis (Say, 1822)",ACCEPTED,2286388,"Mulinia lateralis (Say, 1822)",SPECIES,Animalia
182133056,https://www.gbif.org/species/2288926,"Potamocorbula amurensis (Schrenck, 1862)",ACCEPTED,2288926,"Potamocorbula amurensis (Schrenck, 1862)",SPECIES,Animalia
182133060,https://www.gbif.org/species/2651826,Adiantum raddianum C.Presl,ACCEPTED,2651826,Adiantum raddianum C.Presl,SPECIES,Plantae
182133073,https://www.gbif.org/species/2651098,Polystichum acrostichoides (Michx.) Schott,ACCEPTED,2651098,Polystichum acrostichoides (Michx.) Schott,SPECIES,Plantae
182133075,https://www.gbif.org/species/2651122,Polystichum munitum (Kaulf.) C.Presl,ACCEPTED,2651122,Polystichum munitum (Kaulf.) C.Presl,SPECIES,Plantae
182133082,https://www.gbif.org/species/7581174,"Eucheilota menoni Kramp, 1959",ACCEPTED,7581174,"Eucheilota menoni Kramp, 1959",SPECIES,Animalia
182133085,https://www.gbif.org/species/5185859,"Lovenella assimilis (Browne, 1905)",ACCEPTED,5185859,"Lovenella assimilis (Browne, 1905)",SPECIES,Animalia
182133113,https://www.gbif.org/species/5303524,Tinantia erecta (Jacq.) Fenzl,ACCEPTED,5303524,Tinantia erecta (Jacq.) Fenzl,SPECIES,Plantae
182133135,https://www.gbif.org/species/2762737,Musa basjoo Siebold & Zucc. ex Iinuma,ACCEPTED,2762737,Musa basjoo Siebold & Zucc. ex Iinuma,SPECIES,Plantae
182133173,https://www.gbif.org/species/8408816,Colchicum ×byzantinum Ker Gawl.,ACCEPTED,8408816,Colchicum ×byzantinum Ker Gawl.,SPECIES,Plantae
182133180,https://www.gbif.org/species/5300716,Fritillaria imperialis L.,ACCEPTED,5300716,Fritillaria imperialis L.,SPECIES,Plantae
182133214,https://www.gbif.org/species/5549949,Liriope muscari (Decne.) L.H.Bailey,ACCEPTED,5549949,Liriope muscari (Decne.) L.H.Bailey,SPECIES,Plantae
182133220,https://www.gbif.org/species/6101215,"Leptoptilos crumenifer (Linnaeus, 1758)",DOUBTFUL,6101215,"Leptoptilos crumenifer (Linnaeus, 1758)",SPECIES,Animalia
182133221,https://www.gbif.org/species/5304187,Triteleia laxa Benth.,ACCEPTED,5304187,Triteleia laxa Benth.,SPECIES,Plantae
182133241,https://www.gbif.org/species/2774214,Ophiopogon jaburan (Siebold) G.Lodd.,ACCEPTED,2774214,Ophiopogon jaburan (Siebold) G.Lodd.,SPECIES,Plantae
182133250,https://www.gbif.org/species/2767428,Puschkinia scilloides Adams,ACCEPTED,2767428,Puschkinia scilloides Adams,SPECIES,Plantae
182133263,https://www.gbif.org/species/2855398,Galanthus elwesii Hook.f.,ACCEPTED,2855398,Galanthus elwesii Hook.f.,SPECIES,Plantae
182133271,https://www.gbif.org/species/2856891,Allium karataviense Regel,ACCEPTED,2856891,Allium karataviense Regel,SPECIES,Plantae
182133273,https://www.gbif.org/species/2857341,Allium zebdanense Boiss. & Noë,ACCEPTED,2857341,Allium zebdanense Boiss. & Noë,SPECIES,Plantae
182133276,https://www.gbif.org/species/2856780,Allium cristophii Trautv.,ACCEPTED,2856780,Allium cristophii Trautv.,SPECIES,Plantae
182133353,https://www.gbif.org/species/2701879,Juncus striatus Schousb. ex E.Mey.,ACCEPTED,2701879,Juncus striatus Schousb. ex E.Mey.,SPECIES,Plantae
182133392,https://www.gbif.org/species/6085036,Vulpia ciliata subsp. ciliata,DOUBTFUL,6085036,Vulpia ciliata subsp. ciliata,SUBSPECIES,Plantae
182133493,https://www.gbif.org/species/9529916,"Bufotes viridis (Laurenti, 1768)",ACCEPTED,9529916,"Bufotes viridis (Laurenti, 1768)",SPECIES,Animalia
182133501,https://www.gbif.org/species/2423441,"Bombina orientalis (Boulenger, 1890)",ACCEPTED,2423441,"Bombina orientalis (Boulenger, 1890)",SPECIES,Animalia
182133502,https://www.gbif.org/species/10966302,Digitaria sanguinalis subsp. sanguinalis,SYNONYM,5289972,Digitaria sanguinalis (L.) Scop.,SPECIES,Plantae
182133511,https://www.gbif.org/species/2427555,"Hyla meridionalis Boettger, 1874",ACCEPTED,2427555,"Hyla meridionalis Boettger, 1874",SPECIES,Animalia
182133517,https://www.gbif.org/species/2431781,"Salamandra atra Laurenti, 1768",ACCEPTED,2431781,"Salamandra atra Laurenti, 1768",SPECIES,Animalia
182133522,https://www.gbif.org/species/2431965,"Ambystoma macrodactylum Baird, 1850",ACCEPTED,2431965,"Ambystoma macrodactylum Baird, 1850",SPECIES,Animalia
182133525,https://www.gbif.org/species/2432063,"Siren intermedia Barnes, 1826",ACCEPTED,2432063,"Siren intermedia Barnes, 1826",SPECIES,Animalia
182133530,https://www.gbif.org/species/2703776,Bromus polyanthus Scribn. ex Shear,ACCEPTED,2703776,Bromus polyanthus Scribn. ex Shear,SPECIES,Plantae
182133584,https://www.gbif.org/species/5218823,"Mustela vison Schreber, 1777",ACCEPTED,5218823,"Mustela vison Schreber, 1777",SPECIES,Animalia
182133615,https://www.gbif.org/species/2367919,"Misgurnus anguillicaudatus (Cantor, 1842)",ACCEPTED,2367919,"Misgurnus anguillicaudatus (Cantor, 1842)",SPECIES,Animalia
182133671,https://www.gbif.org/species/2374521,"Terapon jarbua (Forsskål, 1775)",ACCEPTED,2374521,"Terapon jarbua (Forsskål, 1775)",SPECIES,Animalia
182133699,https://www.gbif.org/species/8953936,"Caiman crocodilus (Linnaeus, 1758)",ACCEPTED,8953936,"Caiman crocodilus (Linnaeus, 1758)",SPECIES,Animalia
182133704,https://www.gbif.org/species/5221810,"Basiliscus plumifrons Cope, 1875",ACCEPTED,5221810,"Basiliscus plumifrons Cope, 1875",SPECIES,Animalia
182133709,https://www.gbif.org/species/5223725,"Heterodon nasicus Baird & Girard, 1852",ACCEPTED,5223725,"Heterodon nasicus Baird & Girard, 1852",SPECIES,Animalia
182133715,https://www.gbif.org/species/5225137,"Chalcides ocellatus (Forskal, 1775)",ACCEPTED,5225137,"Chalcides ocellatus (Forskal, 1775)",SPECIES,Animalia
182133718,https://www.gbif.org/species/5225433,"Trachylepis striata (Peters, 1844)",ACCEPTED,5225433,"Trachylepis striata (Peters, 1844)",SPECIES,Animalia
182133721,https://www.gbif.org/species/5221283,"Eublepharis macularius (Blyth, 1854)",ACCEPTED,5221283,"Eublepharis macularius (Blyth, 1854)",SPECIES,Animalia
182133725,https://www.gbif.org/species/8782549,"Anolis Daudin, 1802",ACCEPTED,8782549,"Anolis Daudin, 1802",GENUS,Animalia
182133728,https://www.gbif.org/species/4287413,"Anolis sagrei Duméril & Bibron, 1837",ACCEPTED,4287413,"Anolis sagrei Duméril & Bibron, 1837",SPECIES,Animalia
182133732,https://www.gbif.org/species/7582319,"Trioceros hoehnelii (Steindachner, 1891)",ACCEPTED,7582319,"Trioceros hoehnelii (Steindachner, 1891)",SPECIES,Animalia
182133734,https://www.gbif.org/species/5221988,"Furcifer pardalis (Cuvier, 1829)",ACCEPTED,5221988,"Furcifer pardalis (Cuvier, 1829)",SPECIES,Animalia
182133737,https://www.gbif.org/species/2449133,"Chamaeleo calyptratus Duméril & Duméril, 1851",ACCEPTED,2449133,"Chamaeleo calyptratus Duméril & Duméril, 1851",SPECIES,Animalia
182133741,https://www.gbif.org/species/9022569,"Chrysopelea ornata (Shaw, 1802)",ACCEPTED,9022569,"Chrysopelea ornata (Shaw, 1802)",SPECIES,Animalia
182133743,https://www.gbif.org/species/9195230,"Spilotes pullatus (Linnaeus, 1758)",ACCEPTED,9195230,"Spilotes pullatus (Linnaeus, 1758)",SPECIES,Animalia
182133745,https://www.gbif.org/species/5222820,"Lycodon capucinus (Boie, 1827)",ACCEPTED,5222820,"Lycodon capucinus (Boie, 1827)",SPECIES,Animalia
182133747,https://www.gbif.org/species/5224503,"Lampropeltis triangulum (Lacépède, 1789)",ACCEPTED,5224503,"Lampropeltis triangulum (Lacépède, 1789)",SPECIES,Animalia
182133749,https://www.gbif.org/species/9187223,"Pituophis melanoleucus (Daudin, 1803)",ACCEPTED,9187223,"Pituophis melanoleucus (Daudin, 1803)",SPECIES,Animalia
182133751,https://www.gbif.org/species/2453826,"Pituophis catenifer (Blainville, 1835)",ACCEPTED,2453826,"Pituophis catenifer (Blainville, 1835)",SPECIES,Animalia
182133754,https://www.gbif.org/species/2458386,"Elaphe sauromates (Pallas, 1811)",ACCEPTED,2458386,"Elaphe sauromates (Pallas, 1811)",SPECIES,Animalia
182133755,https://www.gbif.org/species/2458438,"Elaphe schrenckii Strauch, 1873",ACCEPTED,2458438,"Elaphe schrenckii Strauch, 1873",SPECIES,Animalia
182133757,https://www.gbif.org/species/2458538,"Zamenis longissimus (Laurenti, 1768)",ACCEPTED,2458538,"Zamenis longissimus (Laurenti, 1768)",SPECIES,Animalia
182133760,https://www.gbif.org/species/2455615,"Pantherophis guttatus (Linnaeus, 1766)",ACCEPTED,2455615,"Pantherophis guttatus (Linnaeus, 1766)",SPECIES,Animalia
182133761,https://www.gbif.org/species/2455676,"Pantherophis obsoletus (Say, 1823)",ACCEPTED,2455676,"Pantherophis obsoletus (Say, 1823)",SPECIES,Animalia
182133763,https://www.gbif.org/species/2458916,"Hierophis viridiflavus (Lacépède, 1789)",ACCEPTED,2458916,"Hierophis viridiflavus (Lacépède, 1789)",SPECIES,Animalia
182133765,https://www.gbif.org/species/2457378,"Rhamphiophis Peters, 1854",ACCEPTED,2457378,"Rhamphiophis Peters, 1854",GENUS,Animalia
182133766,https://www.gbif.org/species/2453882,"Boaedon A.M.C.Duméril, Bibron & A.H.A.Duméril, 1854",ACCEPTED,2453882,"Boaedon A.M.C.Duméril, Bibron & A.H.A.Duméril, 1854",GENUS,Animalia
182133769,https://www.gbif.org/species/2445034,"Tarentola mauritanica (Linnaeus, 1758)",ACCEPTED,2445034,"Tarentola mauritanica (Linnaeus, 1758)",SPECIES,Animalia
182133773,https://www.gbif.org/species/6161340,"Natrix maura (Linnaeus, 1758)",ACCEPTED,6161340,"Natrix maura (Linnaeus, 1758)",SPECIES,Animalia
182133774,https://www.gbif.org/species/6161327,"Natrix tessellata (Laurenti, 1768)",ACCEPTED,6161327,"Natrix tessellata (Laurenti, 1768)",SPECIES,Animalia
182133776,https://www.gbif.org/species/2457825,"Thamnophis Fitzinger, 1843",ACCEPTED,2457825,"Thamnophis Fitzinger, 1843",GENUS,Animalia
182133781,https://www.gbif.org/species/5225659,"Morelia spilota (Lacépède, 1804)",ACCEPTED,5225659,"Morelia spilota (Lacépède, 1804)",SPECIES,Animalia
182133783,https://www.gbif.org/species/2454645,"Python Daudin, 1803",ACCEPTED,2454645,"Python Daudin, 1803",GENUS,Animalia
182133785,https://www.gbif.org/species/2465380,"Python regius (Shaw, 1802)",ACCEPTED,2465380,"Python regius (Shaw, 1802)",SPECIES,Animalia
182133787,https://www.gbif.org/species/2465369,"Python molurus (Linnaeus, 1758)",ACCEPTED,2465369,"Python molurus (Linnaeus, 1758)",SPECIES,Animalia
182133789,https://www.gbif.org/species/2465003,"Antaresia childreni (Gray, 1842)",ACCEPTED,2465003,"Antaresia childreni (Gray, 1842)",SPECIES,Animalia
182133792,https://www.gbif.org/species/3169169,Celastrus orbiculatus Thunb.,ACCEPTED,3169169,Celastrus orbiculatus Thunb.,SPECIES,Plantae
182133795,https://www.gbif.org/species/5226308,"Agama agama (Linnaeus, 1758)",ACCEPTED,5226308,"Agama agama (Linnaeus, 1758)",SPECIES,Animalia
182133797,https://www.gbif.org/species/2465626,"Pogona Storr, 1982",ACCEPTED,2465626,"Pogona Storr, 1982",GENUS,Animalia
182133799,https://www.gbif.org/species/2465641,"Pogona vitticeps (Ahl, 1926)",ACCEPTED,2465641,"Pogona vitticeps (Ahl, 1926)",SPECIES,Animalia
182133800,https://www.gbif.org/species/2465649,"Pogona henrylawsoni Wells & Wellington, 1985",ACCEPTED,2465649,"Pogona henrylawsoni Wells & Wellington, 1985",SPECIES,Animalia
182133805,https://www.gbif.org/species/2465402,"Physignathus cocincinus Cuvier, 1829",ACCEPTED,2465402,"Physignathus cocincinus Cuvier, 1829",SPECIES,Animalia
182133806,https://www.gbif.org/species/2466496,"Calotes Cuvier, 1817",ACCEPTED,2466496,"Calotes Cuvier, 1817",GENUS,Animalia
182133812,https://www.gbif.org/species/2459658,"Iguana iguana (Linnaeus, 1758)",ACCEPTED,2459658,"Iguana iguana (Linnaeus, 1758)",SPECIES,Animalia
182133813,https://www.gbif.org/species/2459675,"Iguana Laurenti, 1768",ACCEPTED,2459675,"Iguana Laurenti, 1768",GENUS,Animalia
182133818,https://www.gbif.org/species/2470656,"Varanus niloticus (Linnaeus, 1766)",ACCEPTED,2470656,"Varanus niloticus (Linnaeus, 1766)",SPECIES,Animalia
182133821,https://www.gbif.org/species/8566446,Aesculus indica (Colebr. ex Cambess.) Hook.,ACCEPTED,8566446,Aesculus indica (Colebr. ex Cambess.) Hook.,SPECIES,Plantae
182133823,https://www.gbif.org/species/6159223,"Lacerta agilis Linnaeus, 1758",ACCEPTED,6159223,"Lacerta agilis Linnaeus, 1758",SPECIES,Animalia
182133830,https://www.gbif.org/species/3767816,Acer japonicum Thunb.,ACCEPTED,3767816,Acer japonicum Thunb.,SPECIES,Plantae
182133832,https://www.gbif.org/species/2444141,"Boa Linnaeus, 1758",ACCEPTED,2444141,"Boa Linnaeus, 1758",GENUS,Animalia
182133833,https://www.gbif.org/species/2464899,"Boa constrictor Linnaeus, 1758",ACCEPTED,2464899,"Boa constrictor Linnaeus, 1758",SPECIES,Animalia
182133834,https://www.gbif.org/species/3189882,Acer palmatum Thunb.,ACCEPTED,3189882,Acer palmatum Thunb.,SPECIES,Plantae
182133838,https://www.gbif.org/species/2444356,"Crotalus atrox Baird & Girard, 1853",ACCEPTED,2444356,"Crotalus atrox Baird & Girard, 1853",SPECIES,Animalia
182133841,https://www.gbif.org/species/2444339,"Vipera aspis (Linnaeus, 1758)",ACCEPTED,2444339,"Vipera aspis (Linnaeus, 1758)",SPECIES,Animalia
182133843,https://www.gbif.org/species/2444221,"Sistrurus Garman, 1884",ACCEPTED,2444221,"Sistrurus Garman, 1884",GENUS,Animalia
182133846,https://www.gbif.org/species/2443876,"Echis carinatus (Schneider, 1801)",ACCEPTED,2443876,"Echis carinatus (Schneider, 1801)",SPECIES,Animalia
182133849,https://www.gbif.org/species/2447418,"Phelsuma Gray, 1825",ACCEPTED,2447418,"Phelsuma Gray, 1825",GENUS,Animalia
182133852,https://www.gbif.org/species/2447367,"Gekko gecko (Linnaeus, 1758)",ACCEPTED,2447367,"Gekko gecko (Linnaeus, 1758)",SPECIES,Animalia
182133860,https://www.gbif.org/species/5220394,"Sternotherus carinatus (Gray, 1856)",ACCEPTED,5220394,"Sternotherus carinatus (Gray, 1856)",SPECIES,Animalia
182133865,https://www.gbif.org/species/2441454,"Testudo hermanni Gmelin, 1789",ACCEPTED,2441454,"Testudo hermanni Gmelin, 1789",SPECIES,Animalia
182133866,https://www.gbif.org/species/2441461,"Testudo graeca Linnaeus, 1758",ACCEPTED,2441461,"Testudo graeca Linnaeus, 1758",SPECIES,Animalia
182133869,https://www.gbif.org/species/2441533,"Centrochelys sulcata (Miller, 1779)",ACCEPTED,2441533,"Centrochelys sulcata (Miller, 1779)",SPECIES,Animalia
182133871,https://www.gbif.org/species/2441658,"Testudo Linnaeus, 1758",ACCEPTED,2441658,"Testudo Linnaeus, 1758",GENUS,Animalia
182133875,https://www.gbif.org/species/2443597,"Mauremys reevesii (Gray, 1831)",ACCEPTED,2443597,"Mauremys reevesii (Gray, 1831)",SPECIES,Animalia
182133879,https://www.gbif.org/species/2441905,"Chelydra serpentina (Linnaeus, 1758)",ACCEPTED,2441905,"Chelydra serpentina (Linnaeus, 1758)",SPECIES,Animalia
182133882,https://www.gbif.org/species/2442664,"Apalone Rafinesque, 1832",ACCEPTED,2442664,"Apalone Rafinesque, 1832",GENUS,Animalia
182133884,https://www.gbif.org/species/2442665,"Apalone ferox (Schneider, 1783)",ACCEPTED,2442665,"Apalone ferox (Schneider, 1783)",SPECIES,Animalia
182133889,https://www.gbif.org/species/8909809,"Emys orbicularis (Linnaeus, 1758)",ACCEPTED,8909809,"Emys orbicularis (Linnaeus, 1758)",SPECIES,Animalia
182133892,https://www.gbif.org/species/2443173,"Terrapene carolina (Linnaeus, 1758)",ACCEPTED,2443173,"Terrapene carolina (Linnaeus, 1758)",SPECIES,Animalia
182133895,https://www.gbif.org/species/2443133,"Chrysemys picta (Schneider, 1783)",ACCEPTED,2443133,"Chrysemys picta (Schneider, 1783)",SPECIES,Animalia
182133900,https://www.gbif.org/species/2443002,"Trachemys scripta (Thunberg In Schoepff, 1792)",ACCEPTED,2443002,"Trachemys scripta (Thunberg In Schoepff, 1792)",SPECIES,Animalia
182133904,https://www.gbif.org/species/9228211,"Graptemys pseudogeographica (Gray, 1831)",ACCEPTED,9228211,"Graptemys pseudogeographica (Gray, 1831)",SPECIES,Animalia
182133906,https://www.gbif.org/species/2443079,"Graptemys ouachitensis Cagle, 1953",ACCEPTED,2443079,"Graptemys ouachitensis Cagle, 1953",SPECIES,Animalia
182133907,https://www.gbif.org/species/2443074,"Graptemys geographica (Lesueur, 1817)",ACCEPTED,2443074,"Graptemys geographica (Lesueur, 1817)",SPECIES,Animalia
182133908,https://www.gbif.org/species/5362054,Crassula helmsii (Kirk) Cockayne,ACCEPTED,5362054,Crassula helmsii (Kirk) Cockayne,SPECIES,Plantae
182133911,https://www.gbif.org/species/9601519,"Pseudemys rubriventris (Le Conte, 1830)",ACCEPTED,9601519,"Pseudemys rubriventris (Le Conte, 1830)",SPECIES,Animalia
182133912,https://www.gbif.org/species/7334489,Sedum palmeri S.Watson,ACCEPTED,7334489,Sedum palmeri S.Watson,SPECIES,Plantae
182133913,https://www.gbif.org/species/8898408,"Pseudemys concinna (Le Conte, 1830)",ACCEPTED,8898408,"Pseudemys concinna (Le Conte, 1830)",SPECIES,Animalia
182133914,https://www.gbif.org/species/2442843,"Pseudemys nelsoni Carr, 1938",ACCEPTED,2442843,"Pseudemys nelsoni Carr, 1938",SPECIES,Animalia
182133916,https://www.gbif.org/species/5362046,Sedum spathulifolium Hook.,ACCEPTED,5362046,Sedum spathulifolium Hook.,SPECIES,Plantae
182133918,https://www.gbif.org/species/9803191,"Pelusios castaneus (Schweigger, 1812)",ACCEPTED,9803191,"Pelusios castaneus (Schweigger, 1812)",SPECIES,Animalia
182133937,https://www.gbif.org/species/4194699,Ribes ×nidigrolaria Rud.Bauer & A.Bauer,ACCEPTED,4194699,Ribes ×nidigrolaria Rud.Bauer & A.Bauer,SPECIES,Plantae
182133941,https://www.gbif.org/species/2308609,"Potamothrix moldaviensis Vejdovský & Mrázek, 1903",ACCEPTED,2308609,"Potamothrix moldaviensis Vejdovský & Mrázek, 1903",SPECIES,Animalia
182133944,https://www.gbif.org/species/2308549,"Limnodrilus maumeensis Brinkhurst & Cook, 1966",ACCEPTED,2308549,"Limnodrilus maumeensis Brinkhurst & Cook, 1966",SPECIES,Animalia
182133960,https://www.gbif.org/species/2321001,"Boccardiella ligerica (Ferronnière, 1898)",ACCEPTED,2321001,"Boccardiella ligerica (Ferronnière, 1898)",SPECIES,Animalia
182133971,https://www.gbif.org/species/10578411,"Laonome xeprovala Bick & Bastrop, 2018",ACCEPTED,10578411,"Laonome xeprovala Bick & Bastrop, 2018",SPECIES,Animalia
182133994,https://www.gbif.org/species/3266899,"Lampropeltis Öpik, 1967",DOUBTFUL,3266899,"Lampropeltis Öpik, 1967",GENUS,Animalia
182134001,https://www.gbif.org/species/4309705,"Atyaephyra desmarestii (Millet, 1831)",ACCEPTED,4309705,"Atyaephyra desmarestii (Millet, 1831)",SPECIES,Animalia
182134007,https://www.gbif.org/species/2223840,"Penaeus aztecus Ives, 1891",ACCEPTED,2223840,"Penaeus aztecus Ives, 1891",SPECIES,Animalia
182134023,https://www.gbif.org/species/3036157,Hedera hibernica (G.Kirchn.) Carrière,DOUBTFUL,3036157,Hedera hibernica (G.Kirchn.) Carrière,SPECIES,Plantae
182134042,https://www.gbif.org/species/6027176,Opopanax chironium (L.) W.D.J.Koch,ACCEPTED,6027176,Opopanax chironium (L.) W.D.J.Koch,SPECIES,Plantae
182134043,https://www.gbif.org/species/8307577,"Cryptorchestia garbinii Ruffo, Tarocco & Latella, 2014",ACCEPTED,8307577,"Cryptorchestia garbinii Ruffo, Tarocco & Latella, 2014",SPECIES,Animalia
182134074,https://www.gbif.org/species/2219149,"Grandidierella japonica Stephensen, 1938",ACCEPTED,2219149,"Grandidierella japonica Stephensen, 1938",SPECIES,Animalia
182134080,https://www.gbif.org/species/2220417,"Neomysis americana (S.I.Smith, 1873)",ACCEPTED,2220417,"Neomysis americana (S.I.Smith, 1873)",SPECIES,Animalia
182134097,https://www.gbif.org/species/8418338,Hydrocotyle sibthorpioides Lam.,ACCEPTED,8418338,Hydrocotyle sibthorpioides Lam.,SPECIES,Plantae
182134118,https://www.gbif.org/species/5166487,"Megabalanus tintinnabulum (Linnaeus, 1758)",ACCEPTED,5166487,"Megabalanus tintinnabulum (Linnaeus, 1758)",SPECIES,Animalia
182134126,https://www.gbif.org/species/2114769,"Pseudodiaptomus marinus Sato, 1913",ACCEPTED,2114769,"Pseudodiaptomus marinus Sato, 1913",SPECIES,Animalia
182134142,https://www.gbif.org/species/5341797,Physalis grisea (Waterf.) M.Martínez,ACCEPTED,5341797,Physalis grisea (Waterf.) M.Martínez,SPECIES,Plantae
182134151,https://www.gbif.org/species/2928759,Nicotiana langsdorffii Weinm.,DOUBTFUL,2928759,Nicotiana langsdorffii Weinm.,SPECIES,Plantae
182134170,https://www.gbif.org/species/2928805,Jaltomata procumbens (Cav.) J.L.Gentry,ACCEPTED,2928805,Jaltomata procumbens (Cav.) J.L.Gentry,SPECIES,Plantae
182134180,https://www.gbif.org/species/7645889,Sesbania cannabina (Retz.) Poir.,ACCEPTED,7645889,Sesbania cannabina (Retz.) Poir.,SPECIES,Plantae
182134182,https://www.gbif.org/species/7484581,Desmanthus illinoensis (Michx.) MacMill. ex B.L.Rob. & Fernald,ACCEPTED,7484581,Desmanthus illinoensis (Michx.) MacMill. ex B.L.Rob. & Fernald,SPECIES,Plantae
182134198,https://www.gbif.org/species/5632022,Lotus dorycnium L.,ACCEPTED,5632022,Lotus dorycnium L.,SPECIES,Plantae
182134200,https://www.gbif.org/species/5354799,Lotus hirsutus L.,ACCEPTED,5354799,Lotus hirsutus L.,SPECIES,Plantae
182134211,https://www.gbif.org/species/5354530,Chamaecytisus hirsutus (L.) Link,ACCEPTED,5354530,Chamaecytisus hirsutus (L.) Link,SPECIES,Plantae
182134239,https://www.gbif.org/species/4485843,"Halyomorpha halys (Stål, 1855)",ACCEPTED,4485843,"Halyomorpha halys (Stål, 1855)",SPECIES,Animalia
182134244,https://www.gbif.org/species/4487799,"Tupiocoris rhododendri (Dolling, 1972)",ACCEPTED,4487799,"Tupiocoris rhododendri (Dolling, 1972)",SPECIES,Animalia
182134253,https://www.gbif.org/species/5156102,"Leptoglossus occidentalis Heidemann, 1910",ACCEPTED,5156102,"Leptoglossus occidentalis Heidemann, 1910",SPECIES,Animalia
182134256,https://www.gbif.org/species/2020688,"Stephanitis rhododendri Horváth, 1905",ACCEPTED,2020688,"Stephanitis rhododendri Horváth, 1905",SPECIES,Animalia
182134261,https://www.gbif.org/species/2041682,"Graphocephala fennahi Young, 1977",ACCEPTED,2041682,"Graphocephala fennahi Young, 1977",SPECIES,Animalia
182134272,https://www.gbif.org/species/4528099,"Tuta absoluta (Meyrick, 1917)",SYNONYM,4528100,"Phthorimaea absoluta Meyrick, 1917",SPECIES,Animalia
182134288,https://www.gbif.org/species/3967193,Caragana halodendron (Pall.) Dum.Cours.,ACCEPTED,3967193,Caragana halodendron (Pall.) Dum.Cours.,SPECIES,Plantae
182134291,https://www.gbif.org/species/7426824,Vicia melanops Sm.,ACCEPTED,7426824,Vicia melanops Sm.,SPECIES,Plantae
182134295,https://www.gbif.org/species/3973636,Vicia dalmatica A.Kern.,ACCEPTED,3973636,Vicia dalmatica A.Kern.,SPECIES,Plantae
182134304,https://www.gbif.org/species/1690276,"Eupholidoptera chabrieri (Charpentier, 1825)",ACCEPTED,1690276,"Eupholidoptera chabrieri (Charpentier, 1825)",SPECIES,Animalia
182134308,https://www.gbif.org/species/2972703,Onobrychis caput-galli (L.) Lam.,ACCEPTED,2972703,Onobrychis caput-galli (L.) Lam.,SPECIES,Plantae
182134318,https://www.gbif.org/species/5073820,"Drosophila suzukii (Matsumura, 1931)",ACCEPTED,5073820,"Drosophila suzukii (Matsumura, 1931)",SPECIES,Animalia
182134322,https://www.gbif.org/species/1551754,"Phytomyza jucunda Frost & Sasakawa, 1954",ACCEPTED,1551754,"Phytomyza jucunda Frost & Sasakawa, 1954",SPECIES,Animalia
182134330,https://www.gbif.org/species/1548900,"Dohrniphora cornuta (Bigot, 1857)",ACCEPTED,1548900,"Dohrniphora cornuta (Bigot, 1857)",SPECIES,Animalia
182134332,https://www.gbif.org/species/2965331,Medicago ×varia Martyn,ACCEPTED,2965331,Medicago ×varia Martyn,SPECIES,Plantae
182134340,https://www.gbif.org/species/2963569,Styphnolobium japonicum (L.) Schott,ACCEPTED,2963569,Styphnolobium japonicum (L.) Schott,SPECIES,Plantae
182134345,https://www.gbif.org/species/1421091,"Lepisma saccharinum Linnaeus, 1758",ACCEPTED,1421091,"Lepisma saccharinum Linnaeus, 1758",SPECIES,Animalia
182134346,https://www.gbif.org/species/8193111,Melilotus officinalis (L.) Lam.,ACCEPTED,8193111,Melilotus officinalis (L.) Lam.,SPECIES,Plantae
182134356,https://www.gbif.org/species/2938473,Biserrula pelecinus L.,ACCEPTED,2938473,Biserrula pelecinus L.,SPECIES,Plantae
182134368,https://www.gbif.org/species/3966627,Cullen cinereum (Lindl.) J.W.Grimes,ACCEPTED,3966627,Cullen cinereum (Lindl.) J.W.Grimes,SPECIES,Plantae
182134387,https://www.gbif.org/species/1342324,"Xylocopa virginica (Linnaeus, 1771)",ACCEPTED,1342324,"Xylocopa virginica (Linnaeus, 1771)",SPECIES,Animalia
182134433,https://www.gbif.org/species/5376179,Hornungia petraea (L.) Rchb.,ACCEPTED,5376179,Hornungia petraea (L.) Rchb.,SPECIES,Plantae
182134448,https://www.gbif.org/species/3050595,Hirschfeldia incana (L.) Lagr.-Foss.,ACCEPTED,3050595,Hirschfeldia incana (L.) Lagr.-Foss.,SPECIES,Plantae
182134454,https://www.gbif.org/species/1195013,"Otiorhynchus aurifer Boheman, 1842",ACCEPTED,1195013,"Otiorhynchus aurifer Boheman, 1842",SPECIES,Animalia
182134455,https://www.gbif.org/species/1194989,"Otiorhynchus cribricollis Gyllenhal, 1834",ACCEPTED,1194989,"Otiorhynchus cribricollis Gyllenhal, 1834",SPECIES,Animalia
182134456,https://www.gbif.org/species/1194885,"Otiorhynchus meridionalis Gyllenhal, 1834",ACCEPTED,1194885,"Otiorhynchus meridionalis Gyllenhal, 1834",SPECIES,Animalia
182134464,https://www.gbif.org/species/3045803,Cardamine graeca L.,ACCEPTED,3045803,Cardamine graeca L.,SPECIES,Plantae
182134475,https://www.gbif.org/species/4460066,"Chrysolina americana (Linnaeus, 1758)",ACCEPTED,4460066,"Chrysolina americana (Linnaeus, 1758)",SPECIES,Animalia
182134477,https://www.gbif.org/species/1047536,"Leptinotarsa decemlineata (Say, 1824)",ACCEPTED,1047536,"Leptinotarsa decemlineata (Say, 1824)",SPECIES,Animalia
182134537,https://www.gbif.org/species/2889980,Geranium ×magnificum Hyl.,ACCEPTED,2889980,Geranium ×magnificum Hyl.,SPECIES,Plantae
182134538,https://www.gbif.org/species/2890995,Geranium ×cantabrigiense P.F.Yeo,ACCEPTED,2890995,Geranium ×cantabrigiense P.F.Yeo,SPECIES,Plantae
182134539,https://www.gbif.org/species/2890972,Geranium wallichianum D.Don ex Sweet,ACCEPTED,2890972,Geranium wallichianum D.Don ex Sweet,SPECIES,Plantae
182134562,https://www.gbif.org/species/6070732,Mimulus ringens L.,ACCEPTED,6070732,Mimulus ringens L.,SPECIES,Plantae
182134565,https://www.gbif.org/species/5415463,Thunbergia alata Bojer ex Sims,ACCEPTED,5415463,Thunbergia alata Bojer ex Sims,SPECIES,Plantae
182134574,https://www.gbif.org/species/8251158,Penstemon digitalis Nutt.,ACCEPTED,8251158,Penstemon digitalis Nutt.,SPECIES,Plantae
182134582,https://www.gbif.org/species/7331874,Veronica repens Clarion ex DC.,ACCEPTED,7331874,Veronica repens Clarion ex DC.,SPECIES,Plantae
182134595,https://www.gbif.org/species/5561475,Chaenostoma cordatum Benth.,ACCEPTED,5561475,Chaenostoma cordatum Benth.,SPECIES,Plantae
182134599,https://www.gbif.org/species/3170873,Scrophularia canina L.,ACCEPTED,3170873,Scrophularia canina L.,SPECIES,Plantae
182134600,https://www.gbif.org/species/3170862,Scrophularia peregrina L.,ACCEPTED,3170862,Scrophularia peregrina L.,SPECIES,Plantae
182134656,https://www.gbif.org/species/2926613,Origanum onites L.,ACCEPTED,2926613,Origanum onites L.,SPECIES,Plantae
182134658,https://www.gbif.org/species/2926681,Lamium confertum Fr.,ACCEPTED,2926681,Lamium confertum Fr.,SPECIES,Plantae
182134689,https://www.gbif.org/species/4067112,Symphytum orientale L.,ACCEPTED,4067112,Symphytum orientale L.,SPECIES,Plantae
182134695,https://www.gbif.org/species/7393329,Cucurbita moschata (Duchesne) Duchesne ex Poir.,ACCEPTED,7393329,Cucurbita moschata (Duchesne) Duchesne ex Poir.,SPECIES,Plantae
182134719,https://www.gbif.org/species/3596131,Halimium lasianthum subsp. alyssoides (Lam.) Greuter,ACCEPTED,3596131,Halimium lasianthum subsp. alyssoides (Lam.) Greuter,SUBSPECIES,Plantae
182134726,https://www.gbif.org/species/7296375,Viola hederacea Labill.,ACCEPTED,7296375,Viola hederacea Labill.,SPECIES,Plantae
182134731,https://www.gbif.org/species/5373039,Salix ×sepulcralis var. chrysocoma (Dode) Meikle,ACCEPTED,5373039,Salix ×sepulcralis var. chrysocoma (Dode) Meikle,VARIETY,Plantae
182134733,https://www.gbif.org/species/3040241,Populus ×jackii Sarg.,ACCEPTED,3040241,Populus ×jackii Sarg.,SPECIES,Plantae
182134756,https://www.gbif.org/species/4205640,Juglans mandshurica Maxim.,ACCEPTED,4205640,Juglans mandshurica Maxim.,SPECIES,Plantae
182134768,https://www.gbif.org/species/3033865,Mahonia aquifolium (Pursh) Nutt.,ACCEPTED,3033865,Mahonia aquifolium (Pursh) Nutt.,SPECIES,Plantae
182134779,https://www.gbif.org/species/3033833,Delphinium ajacis L.,ACCEPTED,3033833,Delphinium ajacis L.,SPECIES,Plantae
182134783,https://www.gbif.org/species/7278040,Thalictrum delavayi Franch.,ACCEPTED,7278040,Thalictrum delavayi Franch.,SPECIES,Plantae
182134793,https://www.gbif.org/species/5530855,Corydalis linstowiana Fedde,ACCEPTED,5530855,Corydalis linstowiana Fedde,SPECIES,Plantae
182134799,https://www.gbif.org/species/7153734,Papaver commutatum Fisch. & C.A.Mey.,ACCEPTED,7153734,Papaver commutatum Fisch. & C.A.Mey.,SPECIES,Plantae
182134802,https://www.gbif.org/species/2888564,Lamprocapnos spectabilis (L.) Fukuhara,ACCEPTED,2888564,Lamprocapnos spectabilis (L.) Fukuhara,SPECIES,Plantae
182134828,https://www.gbif.org/species/8400045,Daboecia cantabrica (Huds.) K.Koch,ACCEPTED,8400045,Daboecia cantabrica (Huds.) K.Koch,SPECIES,Plantae
182134831,https://www.gbif.org/species/7327719,Erica ×darleyensis Bean,ACCEPTED,7327719,Erica ×darleyensis Bean,SPECIES,Plantae
182134838,https://www.gbif.org/species/2882631,Pieris japonica (Thunb.) D.Don ex G.Don,ACCEPTED,2882631,Pieris japonica (Thunb.) D.Don ex G.Don,SPECIES,Plantae
182134854,https://www.gbif.org/species/7475424,Scabiosa lucida Vill.,ACCEPTED,7475424,Scabiosa lucida Vill.,SPECIES,Plantae
182134890,https://www.gbif.org/species/8210972,Jacobaea ×albescens (Burb. & Colgan) Verloove & Lambinon,ACCEPTED,8210972,Jacobaea ×albescens (Burb. & Colgan) Verloove & Lambinon,SPECIES,Plantae
182134906,https://www.gbif.org/species/8199647,Cichorium calvum Sch.Bip.,DOUBTFUL,8199647,Cichorium calvum Sch.Bip.,SPECIES,Plantae
182134908,https://www.gbif.org/species/5396125,Eurybia divaricata (L.) G.L.Nesom,ACCEPTED,5396125,Eurybia divaricata (L.) G.L.Nesom,SPECIES,Plantae
182134916,https://www.gbif.org/species/6076957,Pulicaria arabica subsp. hispanica (Boiss.) Murb.,ACCEPTED,6076957,Pulicaria arabica subsp. hispanica (Boiss.) Murb.,SUBSPECIES,Plantae
182134919,https://www.gbif.org/species/4211590,Lactuca macrophylla subsp. uralensis (Rouy) N.Kilian & Greuter,ACCEPTED,4211590,Lactuca macrophylla subsp. uralensis (Rouy) N.Kilian & Greuter,SUBSPECIES,Plantae
182134921,https://www.gbif.org/species/4219118,Hieracium glaucinum subsp. recensitum (Jord. ex Boreau) Gottschl.,ACCEPTED,4219118,Hieracium glaucinum subsp. recensitum (Jord. ex Boreau) Gottschl.,SUBSPECIES,Plantae
182134934,https://www.gbif.org/species/3105508,Andryala integrifolia L.,ACCEPTED,3105508,Andryala integrifolia L.,SPECIES,Plantae
182134946,https://www.gbif.org/species/7344766,Rudbeckia fulgida Aiton,ACCEPTED,7344766,Rudbeckia fulgida Aiton,SPECIES,Plantae
182134955,https://www.gbif.org/species/3089140,Xanthium ambrosioides Hook. & Arn.,ACCEPTED,3089140,Xanthium ambrosioides Hook. & Arn.,SPECIES,Plantae
182134960,https://www.gbif.org/species/3095939,Erigeron ×huelsenii Vatke,ACCEPTED,3095939,Erigeron ×huelsenii Vatke,SPECIES,Plantae
182134971,https://www.gbif.org/species/3119206,Helianthus maximiliani Schrad.,ACCEPTED,3119206,Helianthus maximiliani Schrad.,SPECIES,Plantae
182134977,https://www.gbif.org/species/3115828,Filago congesta Guss. ex DC.,ACCEPTED,3115828,Filago congesta Guss. ex DC.,SPECIES,Plantae
182135021,https://www.gbif.org/species/5384889,Abronia fragrans Nutt. ex Hook.,ACCEPTED,5384889,Abronia fragrans Nutt. ex Hook.,SPECIES,Plantae
182135028,https://www.gbif.org/species/3084872,Drosanthemum floribundum (Haw.) Schwantes,ACCEPTED,3084872,Drosanthemum floribundum (Haw.) Schwantes,SPECIES,Plantae
182135052,https://www.gbif.org/species/7975549,Amaranthus ×ralletii Contré,ACCEPTED,7975549,Amaranthus ×ralletii Contré,SPECIES,Plantae
182135058,https://www.gbif.org/species/3085196,Celosia cristata L.,SYNONYM,6429520,Celosia argentea f. cristata (L.) Schinz,FORM,Plantae
182135060,https://www.gbif.org/species/7655198,Alternanthera denticulata R.Br.,ACCEPTED,7655198,Alternanthera denticulata R.Br.,SPECIES,Plantae
182135072,https://www.gbif.org/species/4038524,×Reyllopia conollyana (J.P.Bailey) Galasso,ACCEPTED,4038524,×Reyllopia conollyana (J.P.Bailey) Galasso,SPECIES,Plantae
182135076,https://www.gbif.org/species/8012649,Rumex ×hybridus Kindb.,ACCEPTED,8012649,Rumex ×hybridus Kindb.,SPECIES,Plantae
182135086,https://www.gbif.org/species/8096233,Spergularia bocconei (Scheele) Graebn.,ACCEPTED,8096233,Spergularia bocconei (Scheele) Graebn.,SPECIES,Plantae
182135113,https://www.gbif.org/species/3039270,Elaeagnus pungens Thunb.,ACCEPTED,3039270,Elaeagnus pungens Thunb.,SPECIES,Plantae
182135114,https://www.gbif.org/species/3039267,Elaeagnus umbellata Thunb.,ACCEPTED,3039267,Elaeagnus umbellata Thunb.,SPECIES,Plantae
182135127,https://www.gbif.org/species/5365717,Potentilla indica (Andrews) Th.Wolf,ACCEPTED,5365717,Potentilla indica (Andrews) Th.Wolf,SPECIES,Plantae
182135133,https://www.gbif.org/species/5370829,Acaena caesiiglauca (Bitter) Bergmans,ACCEPTED,5370829,Acaena caesiiglauca (Bitter) Bergmans,SPECIES,Plantae
182135135,https://www.gbif.org/species/8381801,Dasiphora davurica var. mandshurica (Maxim.) Verloove & Lambinon,ACCEPTED,8381801,Dasiphora davurica var. mandshurica (Maxim.) Verloove & Lambinon,VARIETY,Plantae
182135146,https://www.gbif.org/species/9382645,Rosa virginiana Herrm.,ACCEPTED,9382645,Rosa virginiana Herrm.,SPECIES,Plantae
182135153,https://www.gbif.org/species/3020838,Prunus tomentosa Thunb.,ACCEPTED,3020838,Prunus tomentosa Thunb.,SPECIES,Plantae
182135158,https://www.gbif.org/species/10071055,Scandosorbus ×intermedia (Ehrh.) Sennikov,ACCEPTED,10071055,Scandosorbus ×intermedia (Ehrh.) Sennikov,SPECIES,Plantae
213212204,https://www.gbif.org/species/5422556,Undaria pinnatifida (Harv.) Suringar,ACCEPTED,5422556,Undaria pinnatifida (Harv.) Suringar,SPECIES,Chromista
213212211,https://www.gbif.org/species/7261816,"Eptesicus nilssonii (Keyserling & Blasius, 1839)",ACCEPTED,7261816,"Eptesicus nilssonii (Keyserling & Blasius, 1839)",SPECIES,Animalia
213212212,https://www.gbif.org/species/3197314,Sargassum muticum (Yendo) Fensholt,ACCEPTED,3197314,Sargassum muticum (Yendo) Fensholt,SPECIES,Chromista
213212213,https://www.gbif.org/species/2432352,"Eptesicus fuscus (Palisot de Beauvois, 1796)",ACCEPTED,2432352,"Eptesicus fuscus (Palisot de Beauvois, 1796)",SPECIES,Animalia
213212227,https://www.gbif.org/species/8699607,Mycosarcoma maydis (DC.) Bref.,ACCEPTED,8699607,Mycosarcoma maydis (DC.) Bref.,SPECIES,Fungi
213212253,https://www.gbif.org/species/2440196,"Macropus rufogriseus (Desmarest, 1817)",ACCEPTED,2440196,"Macropus rufogriseus (Desmarest, 1817)",SPECIES,Animalia
213212262,https://www.gbif.org/species/5219702,"Cavia porcellus (Linnaeus, 1758)",ACCEPTED,5219702,"Cavia porcellus (Linnaeus, 1758)",SPECIES,Animalia
213212272,https://www.gbif.org/species/2439270,"Rattus rattus (Linnaeus, 1758)",ACCEPTED,2439270,"Rattus rattus (Linnaeus, 1758)",SPECIES,Animalia
213212281,https://www.gbif.org/species/10797854,Puccinia grisea (F.Strauss) Bonord.,ACCEPTED,10797854,Puccinia grisea (F.Strauss) Bonord.,SPECIES,Fungi
213212296,https://www.gbif.org/species/2437399,"Callosciurus finlaysonii (Horsfield, 1823)",ACCEPTED,2437399,"Callosciurus finlaysonii (Horsfield, 1823)",SPECIES,Animalia
213212302,https://www.gbif.org/species/2513637,Entyloma eschscholziae Harkn.,ACCEPTED,2513637,Entyloma eschscholziae Harkn.,SPECIES,Fungi
213212313,https://www.gbif.org/species/3340858,Lepiota elaiophylla Vellinga & Huijser,ACCEPTED,3340858,Lepiota elaiophylla Vellinga & Huijser,SPECIES,Fungi
213212318,https://www.gbif.org/species/5218899,"Amblonyx cinereus (Illiger, 1815)",ACCEPTED,5218899,"Amblonyx cinereus (Illiger, 1815)",SPECIES,Animalia
213212319,https://www.gbif.org/species/5240299,Amanita inopinata D.A.Reid & Bas,ACCEPTED,5240299,Amanita inopinata D.A.Reid & Bas,SPECIES,Fungi
213212327,https://www.gbif.org/species/2434126,"Suricata suricatta (Schreber, 1776)",ACCEPTED,2434126,"Suricata suricatta (Schreber, 1776)",SPECIES,Animalia
213212335,https://www.gbif.org/species/6164210,"Canis lupus familiaris Linnaeus, 1758",ACCEPTED,6164210,"Canis lupus familiaris Linnaeus, 1758",SUBSPECIES,Animalia
213212357,https://www.gbif.org/species/7699567,"Hymenoscyphus pseudoalbidus V.Queloz, C.R.Grünig, R.Berndt, T.Kowalski, T.N.Sieber & O.Holdenrieder",ACCEPTED,7699567,"Hymenoscyphus pseudoalbidus V.Queloz, C.R.Grünig, R.Berndt, T.Kowalski, T.N.Sieber & O.Holdenrieder",SPECIES,Fungi
213212366,https://www.gbif.org/species/4354937,"Botrylloides diegensis Ritter & Forsyth, 1917",ACCEPTED,4354937,"Botrylloides diegensis Ritter & Forsyth, 1917",SPECIES,Animalia
213212408,https://www.gbif.org/species/5299590,Tulipa urumiensis Stapf,ACCEPTED,5299590,Tulipa urumiensis Stapf,SPECIES,Plantae
213212412,https://www.gbif.org/species/2473221,"Blanus Wagler, 1830",ACCEPTED,2473221,"Blanus Wagler, 1830",GENUS,Animalia
213212416,https://www.gbif.org/species/2739769,Colchicum lusitanum Brot.,ACCEPTED,2739769,Colchicum lusitanum Brot.,SPECIES,Plantae
213212438,https://www.gbif.org/species/5298406,Iris reticulata M.Bieb.,ACCEPTED,5298406,Iris reticulata M.Bieb.,SPECIES,Plantae
213212440,https://www.gbif.org/species/5297966,Iris xiphium L.,ACCEPTED,5297966,Iris xiphium L.,SPECIES,Plantae
213212442,https://www.gbif.org/species/9340142,Iris ×hollandica H.R.Wehrh.,ACCEPTED,9340142,Iris ×hollandica H.R.Wehrh.,SPECIES,Plantae
213212443,https://www.gbif.org/species/9416124,"Zamenis scalaris (Schinz, 1822)",ACCEPTED,9416124,"Zamenis scalaris (Schinz, 1822)",SPECIES,Animalia
213212445,https://www.gbif.org/species/2458374,"Zamenis situla (Linnaeus, 1758)",ACCEPTED,2458374,"Zamenis situla (Linnaeus, 1758)",SPECIES,Animalia
213212449,https://www.gbif.org/species/2747718,Crocus speciosus M.Bieb.,ACCEPTED,2747718,Crocus speciosus M.Bieb.,SPECIES,Plantae
213212453,https://www.gbif.org/species/9342283,"Thamnophis marcianus (Baird & Girard, 1853)",ACCEPTED,9342283,"Thamnophis marcianus (Baird & Girard, 1853)",SPECIES,Animalia
213212456,https://www.gbif.org/species/2457522,"Thamnophis sirtalis (Linnaeus, 1758)",ACCEPTED,2457522,"Thamnophis sirtalis (Linnaeus, 1758)",SPECIES,Animalia
213212457,https://www.gbif.org/species/2457577,"Thamnophis saurita (Linnaeus, 1766)",ACCEPTED,2457577,"Thamnophis saurita (Linnaeus, 1766)",SPECIES,Animalia
213212464,https://www.gbif.org/species/5224480,"Lampropeltis getula (Blainville, 1835)",DOUBTFUL,5224480,"Lampropeltis getula (Blainville, 1835)",SPECIES,Animalia
213212466,https://www.gbif.org/species/5224543,"Lampropeltis triangulum hondurensis Williams, 1978",SYNONYM,9366139,"Lampropeltis abnorma (Bocourt, 1886)",SPECIES,Animalia
213212468,https://www.gbif.org/species/5224481,"Lampropeltis getula californiae (Blainville, 1835)",SYNONYM,8170369,"Lampropeltis californiae (Blainville, 1835)",SPECIES,Animalia
213212473,https://www.gbif.org/species/7576179,"Pantherophis spiloides (Duméril, Bibron & Duméril, 1854)",ACCEPTED,7576179,"Pantherophis spiloides (Duméril, Bibron & Duméril, 1854)",SPECIES,Animalia
213212475,https://www.gbif.org/species/2457224,"Dolichophis caspius (Gmelin, 1789)",ACCEPTED,2457224,"Dolichophis caspius (Gmelin, 1789)",SPECIES,Animalia
213212482,https://www.gbif.org/species/8889878,"Elaphe taeniura (Cope, 1861)",ACCEPTED,8889878,"Elaphe taeniura (Cope, 1861)",SPECIES,Animalia
213212483,https://www.gbif.org/species/9099408,"Elaphe quatuorlineata Lacepede, 1789",ACCEPTED,9099408,"Elaphe quatuorlineata Lacepede, 1789",SPECIES,Animalia
213212485,https://www.gbif.org/species/8080743,Scilla siberica Andrews,ACCEPTED,8080743,Scilla siberica Andrews,SPECIES,Plantae
213212488,https://www.gbif.org/species/2767275,Scilla forbesii (Baker) Speta,ACCEPTED,2767275,Scilla forbesii (Baker) Speta,SPECIES,Plantae
213212490,https://www.gbif.org/species/11205618,"Leptodeira ashmeadii (Hallowell, 1845)",ACCEPTED,11205618,"Leptodeira ashmeadii (Hallowell, 1845)",SPECIES,Animalia
213212495,https://www.gbif.org/species/6159238,"Lacerta strigata Eichwald, 1831",ACCEPTED,6159238,"Lacerta strigata Eichwald, 1831",SPECIES,Animalia
213212499,https://www.gbif.org/species/7444957,"Podarcis liolepis (Boulenger, 1905)",ACCEPTED,7444957,"Podarcis liolepis (Boulenger, 1905)",SPECIES,Animalia
213212500,https://www.gbif.org/species/2772094,Muscari botryoides (L.) Mill.,ACCEPTED,2772094,Muscari botryoides (L.) Mill.,SPECIES,Plantae
213212501,https://www.gbif.org/species/2769622,Muscari azureum Fenzl,ACCEPTED,2769622,Muscari azureum Fenzl,SPECIES,Plantae
213212503,https://www.gbif.org/species/2772206,Muscari aucheri (Boiss.) Baker,ACCEPTED,2772206,Muscari aucheri (Boiss.) Baker,SPECIES,Plantae
213212513,https://www.gbif.org/species/2445496,"Pachydactylus Wiegmann, 1834",ACCEPTED,2445496,"Pachydactylus Wiegmann, 1834",GENUS,Animalia
213212517,https://www.gbif.org/species/2768763,Asparagus aethiopicus L.,ACCEPTED,2768763,Asparagus aethiopicus L.,SPECIES,Plantae
213212518,https://www.gbif.org/species/5221394,"Hemidactylus Oken, 1817",ACCEPTED,5221394,"Hemidactylus Oken, 1817",GENUS,Animalia
213212520,https://www.gbif.org/species/5221528,"Hemidactylus turcicus (Linnaeus, 1758)",ACCEPTED,5221528,"Hemidactylus turcicus (Linnaeus, 1758)",SPECIES,Animalia
213212521,https://www.gbif.org/species/2769069,Camassia leichtlinii (Baker) S.Watson,ACCEPTED,2769069,Camassia leichtlinii (Baker) S.Watson,SPECIES,Plantae
213212531,https://www.gbif.org/species/2858501,Narcissus triandrus L.,ACCEPTED,2858501,Narcissus triandrus L.,SPECIES,Plantae
213212533,https://www.gbif.org/species/2858909,Narcissus jonquilla L.,ACCEPTED,2858909,Narcissus jonquilla L.,SPECIES,Plantae
213212535,https://www.gbif.org/species/2858846,Narcissus bulbocodium L.,ACCEPTED,2858846,Narcissus bulbocodium L.,SPECIES,Plantae
213212537,https://www.gbif.org/species/10755213,Narcissus hispanicus subsp. hispanicus,ACCEPTED,10755213,Narcissus hispanicus subsp. hispanicus,SUBSPECIES,Plantae
213212540,https://www.gbif.org/species/2459603,"Ctenosaura similis (Gray, 1831)",ACCEPTED,2459603,"Ctenosaura similis (Gray, 1831)",SPECIES,Animalia
213212543,https://www.gbif.org/species/5666,Gekkonidae,ACCEPTED,5666,Gekkonidae,FAMILY,Animalia
213212546,https://www.gbif.org/species/2856681,Allium sativum L.,ACCEPTED,2856681,Allium sativum L.,SPECIES,Plantae
213212549,https://www.gbif.org/species/8228334,"Daboia palaestinae (Werner, 1938)",ACCEPTED,8228334,"Daboia palaestinae (Werner, 1938)",SPECIES,Animalia
213212550,https://www.gbif.org/species/2857017,Allium paradoxum (M.Bieb.) G.Don,ACCEPTED,2857017,Allium paradoxum (M.Bieb.) G.Don,SPECIES,Plantae
213212551,https://www.gbif.org/species/2856204,Allium siculum Ucria,ACCEPTED,2856204,Allium siculum Ucria,SPECIES,Plantae
213212556,https://www.gbif.org/species/8219807,"Trimeresurus albolabris Gray, 1842",ACCEPTED,8219807,"Trimeresurus albolabris Gray, 1842",SPECIES,Animalia
213212557,https://www.gbif.org/species/2805420,Spiranthes cernua (L.) Rich.,ACCEPTED,2805420,Spiranthes cernua (L.) Rich.,SPECIES,Plantae
213212570,https://www.gbif.org/species/2481915,"Ciconia abdimii Lichtenstein, 1823",ACCEPTED,2481915,"Ciconia abdimii Lichtenstein, 1823",SPECIES,Animalia
213212573,https://www.gbif.org/species/5303515,Tinantia pringlei (S.Watson) Rohweder,ACCEPTED,5303515,Tinantia pringlei (S.Watson) Rohweder,SPECIES,Plantae
213212576,https://www.gbif.org/species/2765221,Tradescantia pallida (Rose) D.R.Hunt,ACCEPTED,2765221,Tradescantia pallida (Rose) D.R.Hunt,SPECIES,Plantae
213212580,https://www.gbif.org/species/8991514,"Caracara plancus cheriway (Jacquin, 1784)",ACCEPTED,8991514,"Caracara plancus cheriway (Jacquin, 1784)",SUBSPECIES,Animalia
213212581,https://www.gbif.org/species/2763962,Commelina tuberosa L.,ACCEPTED,2763962,Commelina tuberosa L.,SPECIES,Plantae
213212582,https://www.gbif.org/species/2480989,"Caracara plancus (J.F.Miller, 1777)",ACCEPTED,2480989,"Caracara plancus (J.F.Miller, 1777)",SPECIES,Animalia
213212584,https://www.gbif.org/species/2481066,"Milvago chimachima (Vieillot, 1816)",ACCEPTED,2481066,"Milvago chimachima (Vieillot, 1816)",SPECIES,Animalia
213212588,https://www.gbif.org/species/2765942,Pontederia crassipes Mart.,ACCEPTED,2765942,Pontederia crassipes Mart.,SPECIES,Plantae
213212594,https://www.gbif.org/species/5329038,Sagittaria graminea Michx.,ACCEPTED,5329038,Sagittaria graminea Michx.,SPECIES,Plantae
213212605,https://www.gbif.org/species/2870049,Pinellia tripartita (Blume) Schott,ACCEPTED,2870049,Pinellia tripartita (Blume) Schott,SPECIES,Plantae
213212609,https://www.gbif.org/species/2871376,Spirodela punctata (G.Mey.) C.H.Thomps.,ACCEPTED,2871376,Spirodela punctata (G.Mey.) C.H.Thomps.,SPECIES,Plantae
213212615,https://www.gbif.org/species/5330001,Dracunculus vulgaris Schott,ACCEPTED,5330001,Dracunculus vulgaris Schott,SPECIES,Plantae
213212620,https://www.gbif.org/species/2866850,Arisaema dracontium (L.) Schott,ACCEPTED,2866850,Arisaema dracontium (L.) Schott,SPECIES,Plantae
213212627,https://www.gbif.org/species/9817629,Lysichiton americanus × camtschatcensis,ACCEPTED,10236166,Lysichiton americanus × camtschatcensis,SPECIES,Plantae
213212629,https://www.gbif.org/species/2869301,Lysichiton camtschatcensis (L.) Schott,ACCEPTED,2869301,Lysichiton camtschatcensis (L.) Schott,SPECIES,Plantae
213212630,https://www.gbif.org/species/2474045,"Alectoris barbara (Bonnaterre, 1790)",ACCEPTED,2474045,"Alectoris barbara (Bonnaterre, 1790)",SPECIES,Animalia
213212638,https://www.gbif.org/species/11055820,Hydrocharis laevigata (Humb. & Bonpl. ex Willd.) Byng & Christenh.,ACCEPTED,11055820,Hydrocharis laevigata (Humb. & Bonpl. ex Willd.) Byng & Christenh.,SPECIES,Plantae
213212639,https://www.gbif.org/species/5227747,"Lophophorus impejanus (Latham, 1790)",ACCEPTED,5227747,"Lophophorus impejanus (Latham, 1790)",SPECIES,Animalia
213212644,https://www.gbif.org/species/5329263,Elodea densa (Planch.) Casp.,ACCEPTED,5329263,Elodea densa (Planch.) Casp.,SPECIES,Plantae
213212649,https://www.gbif.org/species/2865524,Vallisneria australis S.W.L.Jacobs & Les,ACCEPTED,2865524,Vallisneria australis S.W.L.Jacobs & Les,SPECIES,Plantae
213212662,https://www.gbif.org/species/2498161,"Anser rossii Cassin, 1861",ACCEPTED,2498161,"Anser rossii Cassin, 1861",SPECIES,Animalia
213212663,https://www.gbif.org/species/2498163,"Anser canagicus (Sevastianov, 1802)",ACCEPTED,2498163,"Anser canagicus (Sevastianov, 1802)",SPECIES,Animalia
213212665,https://www.gbif.org/species/2498167,"Anser caerulescens (Linnaeus, 1758)",ACCEPTED,2498167,"Anser caerulescens (Linnaeus, 1758)",SPECIES,Animalia
213212668,https://www.gbif.org/species/7529533,Canna ×hybrida Rodigas,ACCEPTED,7529533,Canna ×hybrida Rodigas,SPECIES,Plantae
213212669,https://www.gbif.org/species/9235549,"Sibirionetta formosa (Georgi, 1775)",ACCEPTED,9235549,"Sibirionetta formosa (Georgi, 1775)",SPECIES,Animalia
213212670,https://www.gbif.org/species/7826520,"Canna indica Ruiz & Pav., 1798",DOUBTFUL,7826520,"Canna indica Ruiz & Pav., 1798",SPECIES,Plantae
213212678,https://www.gbif.org/species/2702084,Juncus tenuis Willd.,ACCEPTED,2702084,Juncus tenuis Willd.,SPECIES,Plantae
213212679,https://www.gbif.org/species/2701120,Juncus dichotomus Elliott,ACCEPTED,2701120,Juncus dichotomus Elliott,SPECIES,Plantae
213212682,https://www.gbif.org/species/2702058,Juncus anthelatus (Wiegand) R.E.Brooks,ACCEPTED,2702058,Juncus anthelatus (Wiegand) R.E.Brooks,SPECIES,Plantae
213212683,https://www.gbif.org/species/2498177,"Netta erythrophthalma (Wied-Neuwied, 1833)",ACCEPTED,2498177,"Netta erythrophthalma (Wied-Neuwied, 1833)",SPECIES,Animalia
213212685,https://www.gbif.org/species/2701831,Juncus dudleyi Wiegand,ACCEPTED,2701831,Juncus dudleyi Wiegand,SPECIES,Plantae
213212686,https://www.gbif.org/species/2701564,Juncus pallidus R.Br.,ACCEPTED,2701564,Juncus pallidus R.Br.,SPECIES,Plantae
213212687,https://www.gbif.org/species/2498061,"Anas zonorhyncha Swinhoe, 1866",ACCEPTED,2498061,"Anas zonorhyncha Swinhoe, 1866",SPECIES,Animalia
213212692,https://www.gbif.org/species/6431411,Echinochloa colonum (L.) Link,ACCEPTED,6431411,Echinochloa colonum (L.) Link,SPECIES,Plantae
213212695,https://www.gbif.org/species/4104665,Avellinia festucoides (Link) Valdés & H.Scholz,ACCEPTED,4104665,Avellinia festucoides (Link) Valdés & H.Scholz,SPECIES,Plantae
213212700,https://www.gbif.org/species/4135683,Rytidosperma setaceum (R.Br.) Connor & Edgar,ACCEPTED,4135683,Rytidosperma setaceum (R.Br.) Connor & Edgar,SPECIES,Plantae
213212701,https://www.gbif.org/species/4105744,Austrodanthonia racemosa (R.Br.) H.P.Linder,SYNONYM,4135762,Rytidosperma racemosum (R.Br.) Connor & Edgar,SPECIES,Plantae
213212712,https://www.gbif.org/species/2498155,"Mareca americana (J.F.Gmelin, 1789)",ACCEPTED,2498155,"Mareca americana (J.F.Gmelin, 1789)",SPECIES,Animalia
213212713,https://www.gbif.org/species/9480191,"Mareca falcata (Georgi, 1775)",ACCEPTED,9480191,"Mareca falcata (Georgi, 1775)",SPECIES,Animalia
213212714,https://www.gbif.org/species/9508460,"Mareca sibilatrix (Poeppig, 1829)",ACCEPTED,9508460,"Mareca sibilatrix (Poeppig, 1829)",SPECIES,Animalia
213212717,https://www.gbif.org/species/9382716,Sporobolus schoenoides (L.) P.M.Peterson,ACCEPTED,9382716,Sporobolus schoenoides (L.) P.M.Peterson,SPECIES,Plantae
213212719,https://www.gbif.org/species/9288935,"Spatula rhynchotis (Latham, 1801)",ACCEPTED,9288935,"Spatula rhynchotis (Latham, 1801)",SPECIES,Animalia
213212720,https://www.gbif.org/species/9583342,"Spatula puna (Tschudi, 1844)",ACCEPTED,9583342,"Spatula puna (Tschudi, 1844)",SPECIES,Animalia
213212721,https://www.gbif.org/species/9267300,Sporobolus advenus (Stapf) P.M.Peterson,ACCEPTED,9267300,Sporobolus advenus (Stapf) P.M.Peterson,SPECIES,Plantae
213212722,https://www.gbif.org/species/9496048,"Spatula hottentota (Eyton, 1838)",ACCEPTED,9496048,"Spatula hottentota (Eyton, 1838)",SPECIES,Animalia
213212723,https://www.gbif.org/species/9632508,Sporobolus alopecuroides (Piller & Mitterp.) P.M.Peterson,ACCEPTED,9632508,Sporobolus alopecuroides (Piller & Mitterp.) P.M.Peterson,SPECIES,Plantae
213212724,https://www.gbif.org/species/9345027,"Spatula cyanoptera (Vieillot, 1816)",ACCEPTED,9345027,"Spatula cyanoptera (Vieillot, 1816)",SPECIES,Animalia
213212725,https://www.gbif.org/species/9462721,Spatula versicolor versicolor,ACCEPTED,9462721,Spatula versicolor versicolor,SUBSPECIES,Animalia
213212726,https://www.gbif.org/species/9405036,Spatula cyanoptera cyanoptera,ACCEPTED,9405036,Spatula cyanoptera cyanoptera,SUBSPECIES,Animalia
213212727,https://www.gbif.org/species/9305555,"Spatula versicolor (Vieillot, 1816)",ACCEPTED,9305555,"Spatula versicolor (Vieillot, 1816)",SPECIES,Animalia
213212728,https://www.gbif.org/species/9398259,Sporobolus anglicus (C.E.Hubb.) P.M.Peterson & Saarela,ACCEPTED,9398259,Sporobolus anglicus (C.E.Hubb.) P.M.Peterson & Saarela,SPECIES,Plantae
213212730,https://www.gbif.org/species/9592414,Sporobolus michauxianus (Hitchc.) P.M.Peterson & Saarela,ACCEPTED,9592414,Sporobolus michauxianus (Hitchc.) P.M.Peterson & Saarela,SPECIES,Plantae
213212731,https://www.gbif.org/species/9379326,Sporobolus aculeatus (L.) P.M.Peterson,ACCEPTED,9379326,Sporobolus aculeatus (L.) P.M.Peterson,SPECIES,Plantae
213212733,https://www.gbif.org/species/2498325,"Bucephala islandica (J.F.Gmelin, 1789)",ACCEPTED,2498325,"Bucephala islandica (J.F.Gmelin, 1789)",SPECIES,Animalia
213212737,https://www.gbif.org/species/4114502,Trisetaria panicea (Lam.) Paunero,ACCEPTED,4114502,Trisetaria panicea (Lam.) Paunero,SPECIES,Plantae
213212744,https://www.gbif.org/species/4154206,Polypogon imberbis (Phil.) Johow,ACCEPTED,4154206,Polypogon imberbis (Phil.) Johow,SPECIES,Plantae
213212759,https://www.gbif.org/species/4845821,"Aidemosyne modesta (Gould, 1837)",HOMOTYPIC_SYNONYM,2493740,"Neochmia modesta (Gould, 1837)",SPECIES,Animalia
213212760,https://www.gbif.org/species/10920460,"Bathilda ruficauda (Gould, 1837)",HOMOTYPIC_SYNONYM,2493739,"Neochmia ruficauda (Gould, 1837)",SPECIES,Animalia
213212764,https://www.gbif.org/species/12246414,Parapholis cylindrica (Willd.) Romero Zarco,ACCEPTED,12246414,Parapholis cylindrica (Willd.) Romero Zarco,SPECIES,Plantae
213212766,https://www.gbif.org/species/2493618,"Lonchura striata (Linnaeus, 1766)",ACCEPTED,2493618,"Lonchura striata (Linnaeus, 1766)",SPECIES,Animalia
213212768,https://www.gbif.org/species/4123394,Festuca guestfalica subsp. hirtula (Hack. ex Travis) Dengler,ACCEPTED,4123394,Festuca guestfalica subsp. hirtula (Hack. ex Travis) Dengler,SUBSPECIES,Plantae
213212770,https://www.gbif.org/species/2702727,Festuca myuros L.,ACCEPTED,2702727,Festuca myuros L.,SPECIES,Plantae
213212772,https://www.gbif.org/species/4129181,Festuca ambigua Le Gall,ACCEPTED,4129181,Festuca ambigua Le Gall,SPECIES,Plantae
213212773,https://www.gbif.org/species/6431611,Festuca geniculata (L.) Lag. & Rodr.,ACCEPTED,6431611,Festuca geniculata (L.) Lag. & Rodr.,SPECIES,Plantae
213212775,https://www.gbif.org/species/4129351,Festuca alopecuros Schousb.,ACCEPTED,4129351,Festuca alopecuros Schousb.,SPECIES,Plantae
213212776,https://www.gbif.org/species/4121365,Festuca ligustica (All.) Bertol.,ACCEPTED,4121365,Festuca ligustica (All.) Bertol.,SPECIES,Plantae
213212779,https://www.gbif.org/species/2704949,Festuca trachyphylla (Hack.) Hack.,ACCEPTED,2704949,Festuca trachyphylla (Hack.) Hack.,SPECIES,Plantae
213212780,https://www.gbif.org/species/4128881,Festuca antucensis (Trin.) Steud.,ACCEPTED,4128881,Festuca antucensis (Trin.) Steud.,SPECIES,Plantae
213212782,https://www.gbif.org/species/4113111,Festuca octoflora Walter,ACCEPTED,4113111,Festuca octoflora Walter,SPECIES,Plantae
213212788,https://www.gbif.org/species/5230852,"Passerina ciris (Linnaeus, 1758)",ACCEPTED,5230852,"Passerina ciris (Linnaeus, 1758)",SPECIES,Animalia
213212789,https://www.gbif.org/species/5674825,Cynodon incompletus Nees,ACCEPTED,5674825,Cynodon incompletus Nees,SPECIES,Plantae
213212796,https://www.gbif.org/species/7341745,"Spinus magellanicus (Vieillot, 1805)",ACCEPTED,7341745,"Spinus magellanicus (Vieillot, 1805)",SPECIES,Animalia
213212810,https://www.gbif.org/species/4138275,Zuloagaea bulbosa (Kunth) Bess,ACCEPTED,4138275,Zuloagaea bulbosa (Kunth) Bess,SPECIES,Plantae
213212821,https://www.gbif.org/species/2705286,Avena sterilis L.,ACCEPTED,2705286,Avena sterilis L.,SPECIES,Plantae
213212822,https://www.gbif.org/species/10937982,"Phonipara canora (J.F.Gmelin, 1789)",ACCEPTED,10937982,"Phonipara canora (J.F.Gmelin, 1789)",SPECIES,Animalia
213212823,https://www.gbif.org/species/2705287,Avena sterilis subsp. ludoviciana (Durieu) Nyman,ACCEPTED,2705287,Avena sterilis subsp. ludoviciana (Durieu) Nyman,SUBSPECIES,Plantae
213212827,https://www.gbif.org/species/2704854,Dasypyrum villosum (L.) Borbás,ACCEPTED,2704854,Dasypyrum villosum (L.) Borbás,SPECIES,Plantae
213212831,https://www.gbif.org/species/2703867,Leptochloa decipiens (R.Br.) Stapf ex Maiden,ACCEPTED,2703867,Leptochloa decipiens (R.Br.) Stapf ex Maiden,SPECIES,Plantae
213212832,https://www.gbif.org/species/6100941,"Sturnia pagodarum (Gmelin, 1789)",ACCEPTED,6100941,"Sturnia pagodarum (Gmelin, 1789)",SPECIES,Animalia
213212833,https://www.gbif.org/species/4132902,Leptochloa decipiens subsp. peacockii (Maiden & Betche) N.Snow,ACCEPTED,4132902,Leptochloa decipiens subsp. peacockii (Maiden & Betche) N.Snow,SUBSPECIES,Plantae
213212834,https://www.gbif.org/species/4132112,Leptochloa panicea subsp. brachiata (Steud.) N.Snow,ACCEPTED,4132112,Leptochloa panicea subsp. brachiata (Steud.) N.Snow,SUBSPECIES,Plantae
213212838,https://www.gbif.org/species/8010581,Diplachne fusca (L.) P.Beauv. ex Roem. & Schult.,ACCEPTED,8010581,Diplachne fusca (L.) P.Beauv. ex Roem. & Schult.,SPECIES,Plantae
213212844,https://www.gbif.org/species/4142335,Achnatherum bromoides (L.) P.Beauv.,ACCEPTED,4142335,Achnatherum bromoides (L.) P.Beauv.,SPECIES,Plantae
213212852,https://www.gbif.org/species/8112114,Elymus hystrix L.,ACCEPTED,8112114,Elymus hystrix L.,SPECIES,Plantae
213212856,https://www.gbif.org/species/5289726,Cenchrus spinifex Cav.,ACCEPTED,5289726,Cenchrus spinifex Cav.,SPECIES,Plantae
213212858,https://www.gbif.org/species/6068804,Cenchrus petiolaris (Hochst.) Morrone,ACCEPTED,6068804,Cenchrus petiolaris (Hochst.) Morrone,SPECIES,Plantae
213212860,https://www.gbif.org/species/5290192,Cenchrus longisetus M.C.Johnst.,ACCEPTED,5290192,Cenchrus longisetus M.C.Johnst.,SPECIES,Plantae
213212866,https://www.gbif.org/species/4114858,Poa persica Trin.,ACCEPTED,4114858,Poa persica Trin.,SPECIES,Plantae
213212881,https://www.gbif.org/species/2705098,Panicum hillmanii Chase,ACCEPTED,2705098,Panicum hillmanii Chase,SPECIES,Plantae
213212885,https://www.gbif.org/species/2475235,"Tauraco leucotis (Ruppell, 1835)",ACCEPTED,2475235,"Tauraco leucotis (Ruppell, 1835)",SPECIES,Animalia
213212893,https://www.gbif.org/species/2479509,"Neophema pulchella (Shaw, 1792)",ACCEPTED,2479509,"Neophema pulchella (Shaw, 1792)",SPECIES,Animalia
213212895,https://www.gbif.org/species/8338571,Hordeum marinum subsp. gussoneanum (Parl.) Thell.,ACCEPTED,8338571,Hordeum marinum subsp. gussoneanum (Parl.) Thell.,SUBSPECIES,Plantae
213212897,https://www.gbif.org/species/2479925,"Alisterus scapularis (Lichtenstein, 1816)",ACCEPTED,2479925,"Alisterus scapularis (Lichtenstein, 1816)",SPECIES,Animalia
213212899,https://www.gbif.org/species/5959228,"Ara severus (Linnaeus, 1758)",ACCEPTED,5959228,"Ara severus (Linnaeus, 1758)",SPECIES,Animalia
213212900,https://www.gbif.org/species/4270548,Hordeum murinum subsp. leporinum (Link) Arcang.,ACCEPTED,4270548,Hordeum murinum subsp. leporinum (Link) Arcang.,SUBSPECIES,Plantae
213212901,https://www.gbif.org/species/4115425,Hordeum murinum subsp. glaucum (Steud.) Tzvelev,ACCEPTED,4115425,Hordeum murinum subsp. glaucum (Steud.) Tzvelev,SUBSPECIES,Plantae
213212904,https://www.gbif.org/species/2479694,"Trichoglossus moluccanus (Gmelin, 1788)",SYNONYM,6170530,"Trichoglossus haematodus moluccanus (Gmelin, 1788)",SUBSPECIES,Animalia
213212907,https://www.gbif.org/species/7738766,Miscanthus sacchariflorus (Maxim.) Benth. & Hook.f. ex Franch.,ACCEPTED,7738766,Miscanthus sacchariflorus (Maxim.) Benth. & Hook.f. ex Franch.,SPECIES,Plantae
213212917,https://www.gbif.org/species/4121791,Molinia arundinacea Schrank,ACCEPTED,4121791,Molinia arundinacea Schrank,SPECIES,Plantae
213212922,https://www.gbif.org/species/2479598,"Eolophus roseicapilla (Vieillot, 1817)",ACCEPTED,2479598,"Eolophus roseicapilla (Vieillot, 1817)",SPECIES,Animalia
213212924,https://www.gbif.org/species/5289998,Digitaria ciliaris (Retz.) Koeler,ACCEPTED,5289998,Digitaria ciliaris (Retz.) Koeler,SPECIES,Plantae
213212931,https://www.gbif.org/species/2705621,Paspalum notatum Flüggé,ACCEPTED,2705621,Paspalum notatum Flüggé,SPECIES,Plantae
213212934,https://www.gbif.org/species/2479804,"Pyrrhura molinae (Massena & Souance, 1854)",ACCEPTED,2479804,"Pyrrhura molinae (Massena & Souance, 1854)",SPECIES,Animalia
213212937,https://www.gbif.org/species/2479720,"Barnardius zonarius (Shaw, 1805)",ACCEPTED,2479720,"Barnardius zonarius (Shaw, 1805)",SPECIES,Animalia
213212944,https://www.gbif.org/species/2702543,Dichanthelium clandestinum (L.) Gould,ACCEPTED,2702543,Dichanthelium clandestinum (L.) Gould,SPECIES,Plantae
213212947,https://www.gbif.org/species/4932232,Dactylis glomerata subsp. lobata (Drejer) H.Lindb.,ACCEPTED,4932232,Dactylis glomerata subsp. lobata (Drejer) H.Lindb.,SUBSPECIES,Plantae
213212952,https://www.gbif.org/species/7528816,Avena nuda Thuill.,DOUBTFUL,7528816,Avena nuda Thuill.,SPECIES,Plantae
213212957,https://www.gbif.org/species/8389446,Triticum turgidum subsp. dicoccum (Schrank ex Schübl.) Thell.,ACCEPTED,8389446,Triticum turgidum subsp. dicoccum (Schrank ex Schübl.) Thell.,SUBSPECIES,Plantae
213212959,https://www.gbif.org/species/6313049,Triticum turgidum subsp. polonicum (L.) Thell.,ACCEPTED,6313049,Triticum turgidum subsp. polonicum (L.) Thell.,SUBSPECIES,Plantae
213212960,https://www.gbif.org/species/6313051,Triticum turgidum subsp. durum (Desf.) Husn.,ACCEPTED,6313051,Triticum turgidum subsp. durum (Desf.) Husn.,SUBSPECIES,Plantae
213212963,https://www.gbif.org/species/12205713,Triticum aestivum subsp. compactum (Host) H.Messik.,ACCEPTED,12205713,Triticum aestivum subsp. compactum (Host) H.Messik.,SUBSPECIES,Plantae
213212966,https://www.gbif.org/species/2481125,"Larosterna inca (R.Lesson & Garnot, 1827)",ACCEPTED,2481125,"Larosterna inca (R.Lesson & Garnot, 1827)",SPECIES,Animalia
213212972,https://www.gbif.org/species/4114348,Phyllostachys sulphurea (Carrière) Rivière & C.Rivière,ACCEPTED,4114348,Phyllostachys sulphurea (Carrière) Rivière & C.Rivière,SPECIES,Plantae
213212983,https://www.gbif.org/species/2705828,Urochloa plantaginea (Link) R.D.Webster,ACCEPTED,2705828,Urochloa plantaginea (Link) R.D.Webster,SPECIES,Plantae
213212985,https://www.gbif.org/species/2705854,Urochloa platyphylla (Munro ex C.Wright) R.D.Webster,ACCEPTED,2705854,Urochloa platyphylla (Munro ex C.Wright) R.D.Webster,SPECIES,Plantae
213212987,https://www.gbif.org/species/2705848,Urochloa mutica (Forssk.) T.Q.Nguyen,ACCEPTED,2705848,Urochloa mutica (Forssk.) T.Q.Nguyen,SPECIES,Plantae
213212988,https://www.gbif.org/species/2705875,Urochloa ramosa (L.) T.Q.Nguyen,ACCEPTED,2705875,Urochloa ramosa (L.) T.Q.Nguyen,SPECIES,Plantae
213212993,https://www.gbif.org/species/4123912,Agrostis ×dimorpholemma Ohwi,ACCEPTED,4123912,Agrostis ×dimorpholemma Ohwi,SPECIES,Plantae
213212997,https://www.gbif.org/species/4155246,Moorochloa eruciformis (Sm.) Veldkamp,ACCEPTED,4155246,Moorochloa eruciformis (Sm.) Veldkamp,SPECIES,Plantae
213213001,https://www.gbif.org/species/2497828,"Ninox boobook (Latham, 1801)",ACCEPTED,2497828,"Ninox boobook (Latham, 1801)",SPECIES,Animalia
213213003,https://www.gbif.org/species/2703712,Bromus carinatus Hook. & Arn.,ACCEPTED,2703712,Bromus carinatus Hook. & Arn.,SPECIES,Plantae
213213005,https://www.gbif.org/species/4124881,Bromus ×ferronii Mabille,ACCEPTED,4124881,Bromus ×ferronii Mabille,SPECIES,Plantae
213213006,https://www.gbif.org/species/2497341,"Megascops kennicottii (D.G.Elliot, 1867)",ACCEPTED,2497341,"Megascops kennicottii (D.G.Elliot, 1867)",SPECIES,Animalia
213213008,https://www.gbif.org/species/2703663,Bromus rigidus Roth,ACCEPTED,2703663,Bromus rigidus Roth,SPECIES,Plantae
213213009,https://www.gbif.org/species/2497509,"Strix uralensis Pallas, 1771",ACCEPTED,2497509,"Strix uralensis Pallas, 1771",SPECIES,Animalia
213213012,https://www.gbif.org/species/8918909,Bromus hordeaceus subsp. divaricatus (Bonnier & Layens) Kerguélen,ACCEPTED,8918909,Bromus hordeaceus subsp. divaricatus (Bonnier & Layens) Kerguélen,SUBSPECIES,Plantae
213213014,https://www.gbif.org/species/5739284,"Porphyrio poliocephalus (Latham, 1801)",HOMOTYPIC_SYNONYM,6176735,"Porphyrio porphyrio poliocephalus (Latham, 1802)",SUBSPECIES,Animalia
213213019,https://www.gbif.org/species/7226794,Bromus japonicus subsp. japonicus,ACCEPTED,7226794,Bromus japonicus subsp. japonicus,SUBSPECIES,Plantae
213213020,https://www.gbif.org/species/9473367,"Antigone vipio (Pallas, 1811)",HOMOTYPIC_SYNONYM,2474942,"Grus vipio Pallas, 1811",SPECIES,Animalia
213213025,https://www.gbif.org/species/2475364,"Coracias cyanogaster Cuvier, 1816",ACCEPTED,2475364,"Coracias cyanogaster Cuvier, 1816",SPECIES,Animalia
213213038,https://www.gbif.org/species/2480668,"Geranoaetus melanoleucus (Vieillot, 1819)",ACCEPTED,2480668,"Geranoaetus melanoleucus (Vieillot, 1819)",SPECIES,Animalia
213213042,https://www.gbif.org/species/10986555,Thinopyrum obtusiflorum (DC.) Banfi,ACCEPTED,10986555,Thinopyrum obtusiflorum (DC.) Banfi,SPECIES,Plantae
213213046,https://www.gbif.org/species/4132010,Pleioblastus distichus (Mitford) Nakai,ACCEPTED,4132010,Pleioblastus distichus (Mitford) Nakai,SPECIES,Plantae
213213048,https://www.gbif.org/species/4132188,Pleioblastus argenteostriatus (Regel) Nakai,ACCEPTED,4132188,Pleioblastus argenteostriatus (Regel) Nakai,SPECIES,Plantae
213213050,https://www.gbif.org/species/2705196,Agropyron cristatum (L.) Gaertn.,ACCEPTED,2705196,Agropyron cristatum (L.) Gaertn.,SPECIES,Plantae
213213055,https://www.gbif.org/species/2495840,"Chalcophaps indica (Linnaeus, 1758)",ACCEPTED,2495840,"Chalcophaps indica (Linnaeus, 1758)",SPECIES,Animalia
213213058,https://www.gbif.org/species/6101223,"Spilopelia senegalensis (Linnaeus, 1766)",ACCEPTED,6101223,"Spilopelia senegalensis (Linnaeus, 1766)",SPECIES,Animalia
213213059,https://www.gbif.org/species/6101224,"Spilopelia chinensis (Scopoli, 1786)",ACCEPTED,6101224,"Spilopelia chinensis (Scopoli, 1786)",SPECIES,Animalia
213213060,https://www.gbif.org/species/4121049,Secale strictum (C.Presl) C.Presl,ACCEPTED,4121049,Secale strictum (C.Presl) C.Presl,SPECIES,Plantae
213213062,https://www.gbif.org/species/4121360,Secale ×derzhavinii Tzvelev,DOUBTFUL,4121360,Secale ×derzhavinii Tzvelev,SPECIES,Plantae
213213067,https://www.gbif.org/species/6084799,Aira caryophyllea subsp. plesiantha (Jord. ex Boreau) K.Richt.,SYNONYM,7747216,Aira caryophyllea L.,SPECIES,Plantae
213213068,https://www.gbif.org/species/2495869,"Columbina passerina (Linnaeus, 1758)",ACCEPTED,2495869,"Columbina passerina (Linnaeus, 1758)",SPECIES,Animalia
213213069,https://www.gbif.org/species/7948459,Aira elegans Willd. ex Roem. & Schult.,ACCEPTED,7948459,Aira elegans Willd. ex Roem. & Schult.,SPECIES,Plantae
213213072,https://www.gbif.org/species/9231612,Lolium subulatum Vis.,ACCEPTED,9231612,Lolium subulatum Vis.,SPECIES,Plantae
213213074,https://www.gbif.org/species/10800064,"Lolium ×elongatum (Ehrh.) Banfi, Galasso, Foggi, Kopecký & Ardenghi",ACCEPTED,10800064,"Lolium ×elongatum (Ehrh.) Banfi, Galasso, Foggi, Kopecký & Ardenghi",SPECIES,Plantae
213213080,https://www.gbif.org/species/12262171,Colpodium pisidicum (Boiss.) Röser & Tkach,ACCEPTED,12262171,Colpodium pisidicum (Boiss.) Röser & Tkach,SPECIES,Plantae
213213093,https://www.gbif.org/species/7738621,Dinebra divaricatissima (S.T.Blake) P.M.Peterson & N.Snow,ACCEPTED,7738621,Dinebra divaricatissima (S.T.Blake) P.M.Peterson & N.Snow,SPECIES,Plantae
213213104,https://www.gbif.org/species/4146851,Pentameris airoides (Nees) Steud.,ACCEPTED,4146851,Pentameris airoides (Nees) Steud.,SPECIES,Plantae
213213107,https://www.gbif.org/species/9317568,Oloptum thomasii (Duby) Banfi & Galasso,ACCEPTED,9317568,Oloptum thomasii (Duby) Banfi & Galasso,SPECIES,Plantae
213213109,https://www.gbif.org/species/8335191,Oloptum miliaceum (L.) Röser & Hamasha,ACCEPTED,8335191,Oloptum miliaceum (L.) Röser & Hamasha,SPECIES,Plantae
213213114,https://www.gbif.org/species/2367913,"Misgurnus bipartitus (Sauvage & Dabry de Thiersant, 1874)",SYNONYM,2367911,"Misgurnus mohoity (Dybowski, 1869)",SPECIES,Animalia
213213119,https://www.gbif.org/species/2350050,"Poecilia reticulata Peters, 1859",ACCEPTED,2350050,"Poecilia reticulata Peters, 1859",SPECIES,Animalia
213213124,https://www.gbif.org/species/8134874,Glyceria striata subsp. difformis Portal,SYNONYM,2705503,Glyceria striata (Lam.) Hitchc.,SPECIES,Plantae
213213129,https://www.gbif.org/species/2443339,"Mauremys Gray, 1869",DOUBTFUL,2443339,"Mauremys Gray, 1869",GENUS,Animalia
213213132,https://www.gbif.org/species/5289670,Setaria adhaerens (Forssk.) Chiov.,ACCEPTED,5289670,Setaria adhaerens (Forssk.) Chiov.,SPECIES,Plantae
213213133,https://www.gbif.org/species/5289693,Setaria pumila (Poir.) Roem. & Schult.,ACCEPTED,5289693,Setaria pumila (Poir.) Roem. & Schult.,SPECIES,Plantae
213213141,https://www.gbif.org/species/6156934,"Chrysemys picta bellii (Gray, 1831)",ACCEPTED,6156934,"Chrysemys picta bellii (Gray, 1831)",SUBSPECIES,Animalia
213213143,https://www.gbif.org/species/4149175,Eragrostis brownii (Kunth) Nees,ACCEPTED,4149175,Eragrostis brownii (Kunth) Nees,SPECIES,Plantae
213213148,https://www.gbif.org/species/2705391,Eragrostis cylindriflora Hochst.,ACCEPTED,2705391,Eragrostis cylindriflora Hochst.,SPECIES,Plantae
213213149,https://www.gbif.org/species/2705369,Eragrostis cilianensis (All.) Vignolo ex Janch.,ACCEPTED,2705369,Eragrostis cilianensis (All.) Vignolo ex Janch.,SPECIES,Plantae
213213150,https://www.gbif.org/species/4139037,Eragrostis virescens J.Presl,ACCEPTED,4139037,Eragrostis virescens J.Presl,SPECIES,Plantae
213213157,https://www.gbif.org/species/5220435,"Pelodiscus sinensis Wiegmann, 1835",ACCEPTED,5220435,"Pelodiscus sinensis Wiegmann, 1835",SPECIES,Animalia
213213177,https://www.gbif.org/species/7594735,Carex curvata Knaf,ACCEPTED,7594735,Carex curvata Knaf,SPECIES,Plantae
213213183,https://www.gbif.org/species/2718377,Bolboschoenus planiculmis (F.Schmidt) T.V.Egorova,ACCEPTED,2718377,Bolboschoenus planiculmis (F.Schmidt) T.V.Egorova,SPECIES,Plantae
213213188,https://www.gbif.org/species/7540482,"Cyperus longus A.Rich., 1850",DOUBTFUL,7540482,"Cyperus longus A.Rich., 1850",SPECIES,Plantae
213213191,https://www.gbif.org/species/2714166,Cyperus involucratus Rottb.,HETEROTYPIC_SYNONYM,2714158,Cyperus alternifolius subsp. flabelliformis Kük.,SUBSPECIES,Plantae
213213199,https://www.gbif.org/species/2720120,Scirpus atrovirens Willd.,ACCEPTED,2720120,Scirpus atrovirens Willd.,SPECIES,Plantae
213213201,https://www.gbif.org/species/2720269,Scirpus georgianus R.M.Harper,ACCEPTED,2720269,Scirpus georgianus R.M.Harper,SPECIES,Plantae
213213205,https://www.gbif.org/species/2426658,"Pelophylax perezi (López-Seoane, 1885)",ACCEPTED,2426658,"Pelophylax perezi (López-Seoane, 1885)",SPECIES,Animalia
213213226,https://www.gbif.org/species/3746867,Cheilanthes viridis var. macrophylla (Kunze) Schelpe & N.C.Anthony,ACCEPTED,3746867,Cheilanthes viridis var. macrophylla (Kunze) Schelpe & N.C.Anthony,VARIETY,Plantae
213213227,https://www.gbif.org/species/10857535,"Dryophytes japonicus (Günther, 1859)",ACCEPTED,10857535,"Dryophytes japonicus (Günther, 1859)",SPECIES,Animalia
213213238,https://www.gbif.org/species/9662775,Gastoniella chaerophylla (Desv.) Li Bing Zhang & Liang Zhang,ACCEPTED,9662775,Gastoniella chaerophylla (Desv.) Li Bing Zhang & Liang Zhang,SPECIES,Plantae
213213239,https://www.gbif.org/species/10701161,"Paramesotriton labiatus (Unterstein, 1930)",ACCEPTED,10701161,"Paramesotriton labiatus (Unterstein, 1930)",SPECIES,Animalia
213213243,https://www.gbif.org/species/2650479,Phlebodium aureum (L.) J.Sm.,ACCEPTED,2650479,Phlebodium aureum (L.) J.Sm.,SPECIES,Plantae
213213247,https://www.gbif.org/species/2431993,"Ambystoma tigrinum (Green, 1825)",ACCEPTED,2431993,"Ambystoma tigrinum (Green, 1825)",SPECIES,Animalia
213213266,https://www.gbif.org/species/7536754,"Dryopteris lacunosa S.Jess., Zenner, Chr.Stark & Bujnoch",ACCEPTED,7536754,"Dryopteris lacunosa S.Jess., Zenner, Chr.Stark & Bujnoch",SPECIES,Plantae
213213267,https://www.gbif.org/species/7577557,"Bispira polyomma Giangrande & Faasse, 2012",ACCEPTED,7577557,"Bispira polyomma Giangrande & Faasse, 2012",SPECIES,Animalia
213213278,https://www.gbif.org/species/6387003,Equisetum praealtum Raf.,ACCEPTED,6387003,Equisetum praealtum Raf.,SPECIES,Plantae
213213295,https://www.gbif.org/species/2684120,Sequoiadendron giganteum (Lindl.) J.T.Buchholz,ACCEPTED,2684120,Sequoiadendron giganteum (Lindl.) J.T.Buchholz,SPECIES,Plantae
213213300,https://www.gbif.org/species/5284231,Metasequoia glyptostroboides H.H.Hu & W.C.Cheng,ACCEPTED,5284231,Metasequoia glyptostroboides H.H.Hu & W.C.Cheng,SPECIES,Plantae
213213312,https://www.gbif.org/species/2307726,"Microscolex phosphoreus (Dugès, 1837)",ACCEPTED,2307726,"Microscolex phosphoreus (Dugès, 1837)",SPECIES,Animalia
213213317,https://www.gbif.org/species/2307447,"Barbronia weberi (Blanchard, 1897)",ACCEPTED,2307447,"Barbronia weberi (Blanchard, 1897)",SPECIES,Animalia
213213321,https://www.gbif.org/species/5284702,Cedrus atlantica (Endl.) Manetti ex Carriere,ACCEPTED,5284702,Cedrus atlantica (Endl.) Manetti ex Carriere,SPECIES,Plantae
213213323,https://www.gbif.org/species/5284698,Cedrus deodara (Lamb.) G.Don,ACCEPTED,5284698,Cedrus deodara (Lamb.) G.Don,SPECIES,Plantae
213213324,https://www.gbif.org/species/2307929,"Placobdella ornata (Verrill, 1872)",ACCEPTED,2307929,"Placobdella ornata (Verrill, 1872)",SPECIES,Animalia
213213328,https://www.gbif.org/species/5285750,Pinus contorta Douglas ex Loudon,ACCEPTED,5285750,Pinus contorta Douglas ex Loudon,SPECIES,Plantae
213213332,https://www.gbif.org/species/5284809,Pinus nigra J.F.Arnold,ACCEPTED,5284809,Pinus nigra J.F.Arnold,SPECIES,Plantae
213213333,https://www.gbif.org/species/5285385,Pinus mugo Turra,ACCEPTED,5285385,Pinus mugo Turra,SPECIES,Plantae
213213335,https://www.gbif.org/species/5285635,Pinus rigida Mill.,ACCEPTED,5285635,Pinus rigida Mill.,SPECIES,Plantae
213213341,https://www.gbif.org/species/6476704,"Parakontikia ventrolineata (Dendy, 1892)",ACCEPTED,6476704,"Parakontikia ventrolineata (Dendy, 1892)",SPECIES,Animalia
213213344,https://www.gbif.org/species/6476579,"Dolichoplana signata Graff, 1899",SYNONYM,9085904,"Anisorhynchodemus signata (Graff, 1899)",SPECIES,Animalia
213213351,https://www.gbif.org/species/2653256,Ephedra intermedia Schrenk & C.A.Mey.,ACCEPTED,2653256,Ephedra intermedia Schrenk & C.A.Mey.,SPECIES,Plantae
213213352,https://www.gbif.org/species/6476679,"Caenoplana variegata (Fletcher & Hamilton, 1888)",ACCEPTED,6476679,"Caenoplana variegata (Fletcher & Hamilton, 1888)",SPECIES,Animalia
213213353,https://www.gbif.org/species/2653389,Ephedra gerardiana Wall. ex Stapf,DOUBTFUL,2653389,Ephedra gerardiana Wall. ex Stapf,SPECIES,Plantae
213213355,https://www.gbif.org/species/2653392,Ephedra gerardiana var. sikkimensis Stapf,ACCEPTED,2653392,Ephedra gerardiana var. sikkimensis Stapf,VARIETY,Plantae
213213359,https://www.gbif.org/species/8740315,"Marionfyfea adventor Jones & Sluys, 2016",ACCEPTED,8740315,"Marionfyfea adventor Jones & Sluys, 2016",SPECIES,Animalia
213213379,https://www.gbif.org/species/3697259,Nymphaea ×marliacea Wildsmith,DOUBTFUL,3697259,Nymphaea ×marliacea Wildsmith,SPECIES,Plantae
213213397,https://www.gbif.org/species/2873995,Isotrema macrophyllum (Lam.) C.F.Reed,ACCEPTED,2873995,Isotrema macrophyllum (Lam.) C.F.Reed,SPECIES,Plantae
213213417,https://www.gbif.org/species/3666422,Chamaenerion dodonaei (Vill.) Schur ex Fuss.,ACCEPTED,3666422,Chamaenerion dodonaei (Vill.) Schur ex Fuss.,SPECIES,Plantae
213213418,https://www.gbif.org/species/4561827,"Cochlostoma septemspirale (Razoumowsky, 1789)",ACCEPTED,4561827,"Cochlostoma septemspirale (Razoumowsky, 1789)",SPECIES,Animalia
213213423,https://www.gbif.org/species/5420957,Clarkia unguiculata Lindl.,ACCEPTED,5420957,Clarkia unguiculata Lindl.,SPECIES,Plantae
213213425,https://www.gbif.org/species/4362883,"Cerithium vulgatum Bruguière, 1792",ACCEPTED,4362883,"Cerithium vulgatum Bruguière, 1792",SPECIES,Animalia
213213429,https://www.gbif.org/species/5421040,"Ludwigia hexapetala (Hook. & Arn.) Zardini, H.Y.Gu & P.H.Raven",ACCEPTED,5421040,"Ludwigia hexapetala (Hook. & Arn.) Zardini, H.Y.Gu & P.H.Raven",SPECIES,Plantae
213213431,https://www.gbif.org/species/4368880,"Columbella rustica (Linnaeus, 1758)",ACCEPTED,4368880,"Columbella rustica (Linnaeus, 1758)",SPECIES,Animalia
213213435,https://www.gbif.org/species/4366527,"Hexaplex cichoreum (Gmelin, 1791)",ACCEPTED,4366527,"Hexaplex cichoreum (Gmelin, 1791)",SPECIES,Animalia
213213436,https://www.gbif.org/species/4366460,"Hexaplex trunculus (Linnaeus, 1758)",ACCEPTED,4366460,"Hexaplex trunculus (Linnaeus, 1758)",SPECIES,Animalia
213213437,https://www.gbif.org/species/3188847,Oenothera affinis Cambess.,ACCEPTED,3188847,Oenothera affinis Cambess.,SPECIES,Plantae
213213443,https://www.gbif.org/species/7440977,Oenothera glazioviana var. azorica Rostaski,SYNONYM,3188894,Oenothera glazioviana Micheli,SPECIES,Plantae
213213446,https://www.gbif.org/species/3188896,Oenothera villosa Thunb.,ACCEPTED,3188896,Oenothera villosa Thunb.,SPECIES,Plantae
213213452,https://www.gbif.org/species/3666059,Oenothera glazioviana f. rubricalyx (R.R.Gates) Lambinon,ACCEPTED,3666059,Oenothera glazioviana f. rubricalyx (R.R.Gates) Lambinon,FORM,Plantae
213213455,https://www.gbif.org/species/4567449,"Gittenbergia sororcula (Benoit, 1859)",ACCEPTED,4567449,"Gittenbergia sororcula (Benoit, 1859)",SPECIES,Animalia
213213458,https://www.gbif.org/species/6427785,Oenothera tetragona Roth,ACCEPTED,6427785,Oenothera tetragona Roth,SPECIES,Plantae
213213459,https://www.gbif.org/species/2295442,"Limacus flavus (Linnaeus, 1758)",ACCEPTED,2295442,"Limacus flavus (Linnaeus, 1758)",SPECIES,Animalia
213213461,https://www.gbif.org/species/6427623,Oenothera villosa subsp. villosa,ACCEPTED,6427623,Oenothera villosa subsp. villosa,SUBSPECIES,Plantae
213213472,https://www.gbif.org/species/8305409,"Achatina achatina (Linnaeus, 1758)",ACCEPTED,8305409,"Achatina achatina (Linnaeus, 1758)",SPECIES,Animalia
213213476,https://www.gbif.org/species/8790531,"Lissachatina fulica (Bowdich, 1822)",ACCEPTED,8790531,"Lissachatina fulica (Bowdich, 1822)",SPECIES,Animalia
213213482,https://www.gbif.org/species/4562529,"Morlina glabra (Rossmässler, 1835)",ACCEPTED,4562529,"Morlina glabra (Rossmässler, 1835)",SPECIES,Animalia
213213485,https://www.gbif.org/species/3797084,Alkekengi officinarum Moench,ACCEPTED,3797084,Alkekengi officinarum Moench,SPECIES,Plantae
213213487,https://www.gbif.org/species/9537212,Alkekengi officinarum var. franchetii (Mast.) R.J.Wang,ACCEPTED,9537212,Alkekengi officinarum var. franchetii (Mast.) R.J.Wang,VARIETY,Plantae
213213490,https://www.gbif.org/species/2928859,Petunia ×atkinsiana D.Don ex Loudon,ACCEPTED,2928859,Petunia ×atkinsiana D.Don ex Loudon,SPECIES,Plantae
213213493,https://www.gbif.org/species/5190912,"Testacella haliotidea Draparnaud, 1801",ACCEPTED,5190912,"Testacella haliotidea Draparnaud, 1801",SPECIES,Animalia
213213497,https://www.gbif.org/species/5795017,"Ferussacia folliculum (Schröter, 1784)",ACCEPTED,5795017,"Ferussacia folliculum (Schröter, 1784)",SPECIES,Animalia
213213501,https://www.gbif.org/species/3799170,Nicotiana ×sanderae W.Watson,ACCEPTED,3799170,Nicotiana ×sanderae W.Watson,SPECIES,Plantae
213213509,https://www.gbif.org/species/7505521,"Zebrina detrita (O.F.Müller, 1774)",ACCEPTED,7505521,"Zebrina detrita (O.F.Müller, 1774)",SPECIES,Animalia
213213511,https://www.gbif.org/species/8791507,Physalis philadelphica Lambert,DOUBTFUL,8791507,Physalis philadelphica Lambert,SPECIES,Plantae
213213513,https://www.gbif.org/species/2294275,"Eobania vermiculata (O.F.Müller, 1774)",ACCEPTED,2294275,"Eobania vermiculata (O.F.Müller, 1774)",SPECIES,Animalia
213213515,https://www.gbif.org/species/6402873,Physalis ixocarpa Brot. ex Hornem.,HETEROTYPIC_SYNONYM,5581168,Physalis philadelphica subsp. ixocarpa (Brot. ex Hornem.) Sobr.-Vesp. & Sanz-Elorza,SUBSPECIES,Plantae
213213517,https://www.gbif.org/species/5341792,Physalis angulata L.,ACCEPTED,5341792,Physalis angulata L.,SPECIES,Plantae
213213518,https://www.gbif.org/species/7753992,"Helix lucorum Linnaeus, 1758",ACCEPTED,7753992,"Helix lucorum Linnaeus, 1758",SPECIES,Animalia
213213519,https://www.gbif.org/species/5581279,Physalis longifolia var. subglabrata (Mack. & Bush) Cronquist,ACCEPTED,5581279,Physalis longifolia var. subglabrata (Mack. & Bush) Cronquist,VARIETY,Plantae
213213522,https://www.gbif.org/species/2294284,"Otala lactea (O.F.Müller, 1774)",ACCEPTED,2294284,"Otala lactea (O.F.Müller, 1774)",SPECIES,Animalia
213213526,https://www.gbif.org/species/2928905,Calibrachoa parviflora (Juss.) D' Arcy,ACCEPTED,2928905,Calibrachoa parviflora (Juss.) D' Arcy,SPECIES,Plantae
213213531,https://www.gbif.org/species/2930222,Solanum americanum Mill.,ACCEPTED,2930222,Solanum americanum Mill.,SPECIES,Plantae
213213533,https://www.gbif.org/species/8624880,"Cernuella virgata (Muller, 1774)",DOUBTFUL,8624880,"Cernuella virgata (Muller, 1774)",SPECIES,Animalia
213213534,https://www.gbif.org/species/2929800,Solanum angustifolium Houst. ex Mill.,ACCEPTED,2929800,Solanum angustifolium Houst. ex Mill.,SPECIES,Plantae
213213536,https://www.gbif.org/species/2932147,Solanum nitidibaccatum Bitter,ACCEPTED,2932147,Solanum nitidibaccatum Bitter,SPECIES,Plantae
213213539,https://www.gbif.org/species/2931738,Solanum pimpinellifolium L.,ACCEPTED,2931738,Solanum pimpinellifolium L.,SPECIES,Plantae
213213540,https://www.gbif.org/species/7384449,"Radix rubiginosa (Michelin, 1831)",ACCEPTED,7384449,"Radix rubiginosa (Michelin, 1831)",SPECIES,Animalia
213213541,https://www.gbif.org/species/2932872,Solanum decipiens Opiz,ACCEPTED,2932872,Solanum decipiens Opiz,SPECIES,Plantae
213213543,https://www.gbif.org/species/2931237,Solanum triflorum Nutt.,ACCEPTED,2931237,Solanum triflorum Nutt.,SPECIES,Plantae
213213545,https://www.gbif.org/species/2929505,Solanum villosum Mill.,ACCEPTED,2929505,Solanum villosum Mill.,SPECIES,Plantae
213213546,https://www.gbif.org/species/4362965,"Melanoides tuberculata (O.F.Müller, 1774)",ACCEPTED,4362965,"Melanoides tuberculata (O.F.Müller, 1774)",SPECIES,Animalia
213213547,https://www.gbif.org/species/2929847,Solanum aethiopicum L.,ACCEPTED,2929847,Solanum aethiopicum L.,SPECIES,Plantae
213213559,https://www.gbif.org/species/3610757,Cuscuta campestris Yunck.,ACCEPTED,3610757,Cuscuta campestris Yunck.,SPECIES,Plantae
213213560,https://www.gbif.org/species/2927492,Cuscuta gronovii Willd. ex Schult.,ACCEPTED,2927492,Cuscuta gronovii Willd. ex Schult.,SPECIES,Plantae
213213564,https://www.gbif.org/species/5724924,"Charonia lampas (Linnaeus, 1758)",ACCEPTED,5724924,"Charonia lampas (Linnaeus, 1758)",SPECIES,Animalia
213213565,https://www.gbif.org/species/2928534,Ipomoea nil (L.) Roth,ACCEPTED,2928534,Ipomoea nil (L.) Roth,SPECIES,Plantae
213213568,https://www.gbif.org/species/2928584,Ipomoea lacunosa L.,ACCEPTED,2928584,Ipomoea lacunosa L.,SPECIES,Plantae
213213569,https://www.gbif.org/species/8059430,"Heleobia charruana (d'Orbigny, 1841)",ACCEPTED,8059430,"Heleobia charruana (d'Orbigny, 1841)",SPECIES,Animalia
213213570,https://www.gbif.org/species/9060332,Ipomoea heptaphylla Sweet,ACCEPTED,9060332,Ipomoea heptaphylla Sweet,SPECIES,Plantae
213213572,https://www.gbif.org/species/2928560,Ipomoea coccinea L.,ACCEPTED,2928560,Ipomoea coccinea L.,SPECIES,Plantae
213213574,https://www.gbif.org/species/7324507,Ipomoea lacunosa f. lacunosa,SYNONYM,2928584,Ipomoea lacunosa L.,SPECIES,Plantae
213213578,https://www.gbif.org/species/7162908,Convolvulus tricolor L.,ACCEPTED,7162908,Convolvulus tricolor L.,SPECIES,Plantae
213213583,https://www.gbif.org/species/7225712,Calystegia silvatica subsp. silvatica,ACCEPTED,7225712,Calystegia silvatica subsp. silvatica,SUBSPECIES,Plantae
213213596,https://www.gbif.org/species/7293727,Ampelopsis glandulosa (Wall.) Momiy.,ACCEPTED,7293727,Ampelopsis glandulosa (Wall.) Momiy.,SPECIES,Plantae
213213599,https://www.gbif.org/species/3039203,Parthenocissus inserta (A.Kern.) Fritsch,ACCEPTED,3039203,Parthenocissus inserta (A.Kern.) Fritsch,SPECIES,Plantae
213213603,https://www.gbif.org/species/5855746,"Meretrix lyrata (G.B.Sowerby II, 1851)",ACCEPTED,5855746,"Meretrix lyrata (G.B.Sowerby II, 1851)",SPECIES,Animalia
213213615,https://www.gbif.org/species/5729018,"Donax serra Röding, 1798",ACCEPTED,5729018,"Donax serra Röding, 1798",SPECIES,Animalia
213213618,https://www.gbif.org/species/8864505,"Macomopsis melo (G.B.Sowerby II, 1866)",ACCEPTED,8864505,"Macomopsis melo (G.B.Sowerby II, 1866)",SPECIES,Animalia
213213619,https://www.gbif.org/species/4194303,Ribes aureum var. villosum DC.,ACCEPTED,4194303,Ribes aureum var. villosum DC.,VARIETY,Plantae
213213621,https://www.gbif.org/species/2986111,Ribes aureum Pursh,ACCEPTED,2986111,Ribes aureum Pursh,SPECIES,Plantae
213213627,https://www.gbif.org/species/3152839,"Cercidiphyllum japonicum, 1852",DOUBTFUL,3152839,"Cercidiphyllum japonicum, 1852",SPECIES,Plantae
213213638,https://www.gbif.org/species/4201709,Sempervivum arachnoideum L.,ACCEPTED,4201709,Sempervivum arachnoideum L.,SPECIES,Plantae
213213642,https://www.gbif.org/species/4202184,Hylotelephium anacampseros (L.) H.Ohba,ACCEPTED,4202184,Hylotelephium anacampseros (L.) H.Ohba,SPECIES,Plantae
213213646,https://www.gbif.org/species/11162940,Phedimus spurius subsp. spurius,ACCEPTED,11162940,Phedimus spurius subsp. spurius,SUBSPECIES,Plantae
213213648,https://www.gbif.org/species/7768495,Phedimus stolonifer (S.G.Gmel.) 't Hart,ACCEPTED,7768495,Phedimus stolonifer (S.G.Gmel.) 't Hart,SPECIES,Plantae
213213650,https://www.gbif.org/species/4201695,Phedimus hybridus (L.) 't Hart,ACCEPTED,4201695,Phedimus hybridus (L.) 't Hart,SPECIES,Plantae
213213653,https://www.gbif.org/species/4201688,Phedimus kamtschaticus (Fisch.) 't Hart,ACCEPTED,4201688,Phedimus kamtschaticus (Fisch.) 't Hart,SPECIES,Plantae
213213654,https://www.gbif.org/species/7172831,Phedimus aizoon (L.) 't Hart,ACCEPTED,7172831,Phedimus aizoon (L.) 't Hart,SPECIES,Plantae
213213655,https://www.gbif.org/species/2285504,"Yoldia limatula (Say, 1831)",ACCEPTED,2285504,"Yoldia limatula (Say, 1831)",SPECIES,Animalia
213213660,https://www.gbif.org/species/5361977,Sedum mexicanum Britton,ACCEPTED,5361977,Sedum mexicanum Britton,SPECIES,Plantae
213213662,https://www.gbif.org/species/5690814,Sedum lydium Boiss.,ACCEPTED,5690814,Sedum lydium Boiss.,SPECIES,Plantae
213213666,https://www.gbif.org/species/7863397,Petrosedum ochroleucum (Chaix) Niederle,ACCEPTED,7863397,Petrosedum ochroleucum (Chaix) Niederle,SPECIES,Plantae
213213669,https://www.gbif.org/species/5688347,Sedum sediforme (Jacq.) Pau,SYNONYM,11206887,Petrosedum sediforme subsp. sediforme,SUBSPECIES,Plantae
213213671,https://www.gbif.org/species/10933479,"Haliclona xena de Weerdt, 1986",ACCEPTED,10933479,"Haliclona xena de Weerdt, 1986",SPECIES,Animalia
213213675,https://www.gbif.org/species/10730110,Crassula peduncularis (Sm.) Cambess.,ACCEPTED,10730110,Crassula peduncularis (Sm.) Cambess.,SPECIES,Plantae
213213677,https://www.gbif.org/species/2242011,"Mycale micracanthoxea Buizer & van Soest, 1977",ACCEPTED,2242011,"Mycale micracanthoxea Buizer & van Soest, 1977",SPECIES,Animalia
213213689,https://www.gbif.org/species/3032762,Saxifraga stolonifera Curtis,ACCEPTED,3032762,Saxifraga stolonifera Curtis,SPECIES,Plantae
213213694,https://www.gbif.org/species/4346612,"Anguillicola crassus Kuwahara, Niimi & Itagaki, 1974",ACCEPTED,4346612,"Anguillicola crassus Kuwahara, Niimi & Itagaki, 1974",SPECIES,Animalia
213213723,https://www.gbif.org/species/3169137,Euonymus fortunei (Turcz.) Hand.-Mazz.,ACCEPTED,3169137,Euonymus fortunei (Turcz.) Hand.-Mazz.,SPECIES,Plantae
213213724,https://www.gbif.org/species/3790832,Euonymus oxyphyllus Miq.,ACCEPTED,3790832,Euonymus oxyphyllus Miq.,SPECIES,Plantae
213213740,https://www.gbif.org/species/10773250,Melilotus siculus (Turra) Steud.,ACCEPTED,10773250,Melilotus siculus (Turra) Steud.,SPECIES,Plantae
213213743,https://www.gbif.org/species/2971024,Melilotus officinalis (L.) Pallas,DOUBTFUL,2971024,Melilotus officinalis (L.) Pallas,SPECIES,Plantae
213213744,https://www.gbif.org/species/6098843,"Ctenolepisma longicaudatum Escherich, 1905",ACCEPTED,6098843,"Ctenolepisma longicaudatum Escherich, 1905",SPECIES,Animalia
213213747,https://www.gbif.org/species/3973495,Vicia eriocarpa (Hausskn.) Halácsy,ACCEPTED,3973495,Vicia eriocarpa (Hausskn.) Halácsy,SPECIES,Plantae
213213749,https://www.gbif.org/species/3973001,Vicia lens (L.) Coss. & Germ.,ACCEPTED,3973001,Vicia lens (L.) Coss. & Germ.,SPECIES,Plantae
213213754,https://www.gbif.org/species/7769230,Vicia lentoides (Ten.) Coss. & Germ.,ACCEPTED,7769230,Vicia lentoides (Ten.) Coss. & Germ.,SPECIES,Plantae
213213755,https://www.gbif.org/species/1707320,"Schistocerca gregaria (Forskål, 1775)",ACCEPTED,1707320,"Schistocerca gregaria (Forskål, 1775)",SPECIES,Animalia
213213757,https://www.gbif.org/species/2974811,Vicia pannonica Crantz,ACCEPTED,2974811,Vicia pannonica Crantz,SPECIES,Plantae
213213758,https://www.gbif.org/species/7225456,Vicia narbonensis var. narbonensis,SYNONYM,2975132,Vicia narbonensis L.,SPECIES,Plantae
213213759,https://www.gbif.org/species/1714140,"Oedaleus decorus (Germar, 1825)",ACCEPTED,1714140,"Oedaleus decorus (Germar, 1825)",SPECIES,Animalia
213213764,https://www.gbif.org/species/7302355,Vicia benghalensis subsp. benghalensis,ACCEPTED,7302355,Vicia benghalensis subsp. benghalensis,SUBSPECIES,Plantae
213213771,https://www.gbif.org/species/2975132,Vicia narbonensis L.,ACCEPTED,2975132,Vicia narbonensis L.,SPECIES,Plantae
213213773,https://www.gbif.org/species/1683815,"Rhacocleis annulata Fieber, 1853",ACCEPTED,1683815,"Rhacocleis annulata Fieber, 1853",SPECIES,Animalia
213213776,https://www.gbif.org/species/9603492,Vicia pannonica var. pannonica,SYNONYM,2974811,Vicia pannonica Crantz,SPECIES,Plantae
213213777,https://www.gbif.org/species/1720196,"Homoeogryllus reticulatus (Fabricius, 1781)",ACCEPTED,1720196,"Homoeogryllus reticulatus (Fabricius, 1781)",SPECIES,Animalia
213213779,https://www.gbif.org/species/2975135,Vicia serratifolia Jacq.,ACCEPTED,2975135,Vicia serratifolia Jacq.,SPECIES,Plantae
213213785,https://www.gbif.org/species/1411953,"Carausius morosus Brunner von Wattenwyl, 1907",ACCEPTED,1411953,"Carausius morosus Brunner von Wattenwyl, 1907",SPECIES,Animalia
213213797,https://www.gbif.org/species/2945513,Cladrastis kentukea (Dum.Cours.) Rudd,ACCEPTED,2945513,Cladrastis kentukea (Dum.Cours.) Rudd,SPECIES,Plantae
213213804,https://www.gbif.org/species/5347846,Lathyrus oleraceus Lam.,ACCEPTED,5347846,Lathyrus oleraceus Lam.,SPECIES,Plantae
213213812,https://www.gbif.org/species/5359068,Trifolium sylvaticum Gérard,ACCEPTED,5359068,Trifolium sylvaticum Gérard,SPECIES,Plantae
213213824,https://www.gbif.org/species/6109535,Trifolium hybridum L.,ACCEPTED,6109535,Trifolium hybridum L.,SPECIES,Plantae
213213825,https://www.gbif.org/species/5041422,"Sceliphron curvatum (F.Smith, 1870)",ACCEPTED,5041422,"Sceliphron curvatum (F.Smith, 1870)",SPECIES,Animalia
213213826,https://www.gbif.org/species/5041471,"Sceliphron destillatorium (Illiger, 1807)",ACCEPTED,5041471,"Sceliphron destillatorium (Illiger, 1807)",SPECIES,Animalia
213213830,https://www.gbif.org/species/1346919,"Isodontia mexicana (de Saussure, 1867)",ACCEPTED,1346919,"Isodontia mexicana (de Saussure, 1867)",SPECIES,Animalia
213213836,https://www.gbif.org/species/5356892,Lotus parviflorus Desf.,ACCEPTED,5356892,Lotus parviflorus Desf.,SPECIES,Plantae
213213837,https://www.gbif.org/species/7753114,Lotus corniculatus var. sativus Hyl.,SYNONYM,7111792,Lotus corniculatus subsp. corniculatus,SUBSPECIES,Plantae
213213840,https://www.gbif.org/species/9551728,"Tapinoma magnum Mayr, 1861",ACCEPTED,9551728,"Tapinoma magnum Mayr, 1861",SPECIES,Animalia
213213843,https://www.gbif.org/species/5360221,Thermopsis montana Torr. & A.Gray,DOUBTFUL,5360221,Thermopsis montana Torr. & A.Gray,SPECIES,Plantae
213213847,https://www.gbif.org/species/2976091,Baptisia australis (L.) R.Br.,ACCEPTED,2976091,Baptisia australis (L.) R.Br.,SPECIES,Plantae
213213853,https://www.gbif.org/species/8261015,Trigonella foenum-graecum (Habl.),DOUBTFUL,8261015,Trigonella foenum-graecum (Habl.),SPECIES,Plantae
213213860,https://www.gbif.org/species/5349991,Coronilla securidaca L.,ACCEPTED,5349991,Coronilla securidaca L.,SPECIES,Plantae
213213861,https://www.gbif.org/species/5350005,Coronilla varia L.,ACCEPTED,5350005,Coronilla varia L.,SPECIES,Plantae
213213865,https://www.gbif.org/species/1276876,"Ctenochares bicolorus (Linnaeus, 1767)",ACCEPTED,1276876,"Ctenochares bicolorus (Linnaeus, 1767)",SPECIES,Animalia
213213869,https://www.gbif.org/species/5869933,"Laelius pedatus (Say, 1836)",ACCEPTED,5869933,"Laelius pedatus (Say, 1836)",SPECIES,Animalia
213213871,https://www.gbif.org/species/2956442,Colutea orientalis Mill.,ACCEPTED,2956442,Colutea orientalis Mill.,SPECIES,Plantae
213213877,https://www.gbif.org/species/5354675,Chamaecytisus elongatus (Waldst. & Kit.) Link,ACCEPTED,5354675,Chamaecytisus elongatus (Waldst. & Kit.) Link,SPECIES,Plantae
213213878,https://www.gbif.org/species/1371011,"Megastigmus spermotrophus Wachtl, 1893",ACCEPTED,1371011,"Megastigmus spermotrophus Wachtl, 1893",SPECIES,Animalia
213213882,https://www.gbif.org/species/4496869,"Neuroterus saliens (Kollar, 1857)",ACCEPTED,4496869,"Neuroterus saliens (Kollar, 1857)",SPECIES,Animalia
213213885,https://www.gbif.org/species/5928735,Sulla coronaria (L.) B.H.Choi & H.Ohashi,ACCEPTED,5928735,Sulla coronaria (L.) B.H.Choi & H.Ohashi,SPECIES,Plantae
213213886,https://www.gbif.org/species/1309635,"Aphelonyx cerricola (Giraud, 1859)",DOUBTFUL,1309635,"Aphelonyx cerricola (Giraud, 1859)",SPECIES,Animalia
213213889,https://www.gbif.org/species/2943190,Caragana arborescens Lam.,ACCEPTED,2943190,Caragana arborescens Lam.,SPECIES,Plantae
213213890,https://www.gbif.org/species/4496973,"Andricus gemmeus (Giraud, 1859)",ACCEPTED,4496973,"Andricus gemmeus (Giraud, 1859)",SPECIES,Animalia
213213891,https://www.gbif.org/species/1309606,"Andricus grossulariae Giraud, 1859",ACCEPTED,1309606,"Andricus grossulariae Giraud, 1859",SPECIES,Animalia
213213893,https://www.gbif.org/species/4497054,"Andricus lignicolus (Hartig, 1840)",ACCEPTED,4497054,"Andricus lignicolus (Hartig, 1840)",SPECIES,Animalia
213213894,https://www.gbif.org/species/4497120,"Andricus corruptrix (Schlechtendal, 1870)",ACCEPTED,4497120,"Andricus corruptrix (Schlechtendal, 1870)",SPECIES,Animalia
213213895,https://www.gbif.org/species/4497124,"Andricus quercuscalicis (Burgsdorff, 1783)",ACCEPTED,4497124,"Andricus quercuscalicis (Burgsdorff, 1783)",SPECIES,Animalia
213213896,https://www.gbif.org/species/4497180,"Andricus aries (Giraud, 1859)",ACCEPTED,4497180,"Andricus aries (Giraud, 1859)",SPECIES,Animalia
213213897,https://www.gbif.org/species/1309600,"Andricus kollari (Hartig, 1843)",ACCEPTED,1309600,"Andricus kollari (Hartig, 1843)",SPECIES,Animalia
213213900,https://www.gbif.org/species/1309652,"Dryocosmus kuriphilus Yasumatsu, 1951",ACCEPTED,1309652,"Dryocosmus kuriphilus Yasumatsu, 1951",SPECIES,Animalia
213213908,https://www.gbif.org/species/1795068,"Thysanoplusia orichalcea (Fabricius, 1775)",ACCEPTED,1795068,"Thysanoplusia orichalcea (Fabricius, 1775)",SPECIES,Animalia
213213914,https://www.gbif.org/species/1873903,"Cadra figulilella (Gregson, 1871)",ACCEPTED,1873903,"Cadra figulilella (Gregson, 1871)",SPECIES,Animalia
213213915,https://www.gbif.org/species/1873890,"Cadra cautella (Walker, 1863)",ACCEPTED,1873890,"Cadra cautella (Walker, 1863)",SPECIES,Animalia
213213918,https://www.gbif.org/species/8766638,"Hypsopygia nostralis (Guenée, 1854)",ACCEPTED,8766638,"Hypsopygia nostralis (Guenée, 1854)",SPECIES,Animalia
213213920,https://www.gbif.org/species/1873051,"Cryptoblabes gnidiella Millière, 1867",ACCEPTED,1873051,"Cryptoblabes gnidiella Millière, 1867",SPECIES,Animalia
213213924,https://www.gbif.org/species/2970585,Sesbania herbacea (Mill.) McVaugh,ACCEPTED,2970585,Sesbania herbacea (Mill.) McVaugh,SPECIES,Plantae
213213926,https://www.gbif.org/species/1886729,"Maruca vitrata (Fabricius, 1787)",ACCEPTED,1886729,"Maruca vitrata (Fabricius, 1787)",SPECIES,Animalia
213213928,https://www.gbif.org/species/1891245,"Sufetula diminutalis Walker, 1865",ACCEPTED,1891245,"Sufetula diminutalis Walker, 1865",SPECIES,Animalia
213213929,https://www.gbif.org/species/2965250,Medicago tornata (L.) Mill.,ACCEPTED,2965250,Medicago tornata (L.) Mill.,SPECIES,Plantae
213213931,https://www.gbif.org/species/2965354,Medicago falcata L.,ACCEPTED,2965354,Medicago falcata L.,SPECIES,Plantae
213213932,https://www.gbif.org/species/1885213,"Crocidophora butleri South, 1901",ACCEPTED,1885213,"Crocidophora butleri South, 1901",SPECIES,Animalia
213213933,https://www.gbif.org/species/7373959,Medicago ciliaris (L.) All.,ACCEPTED,7373959,Medicago ciliaris (L.) All.,SPECIES,Plantae
213213935,https://www.gbif.org/species/2965405,Medicago intertexta (L.) Mill.,ACCEPTED,2965405,Medicago intertexta (L.) Mill.,SPECIES,Plantae
213213938,https://www.gbif.org/species/9776414,"Acharia stimulea (Clemens, 1860)",ACCEPTED,9776414,"Acharia stimulea (Clemens, 1860)",SPECIES,Animalia
213213942,https://www.gbif.org/species/8741260,"Macrosaccus robiniella (Clemens, 1859)",ACCEPTED,8741260,"Macrosaccus robiniella (Clemens, 1859)",SPECIES,Animalia
213213945,https://www.gbif.org/species/1749580,"Phyllocnistis citrella Stainton, 1856",ACCEPTED,1749580,"Phyllocnistis citrella Stainton, 1856",SPECIES,Animalia
213213949,https://www.gbif.org/species/1829659,"Lepidotarphius perornatella Walker, 1864",ACCEPTED,1829659,"Lepidotarphius perornatella Walker, 1864",SPECIES,Animalia
213213953,https://www.gbif.org/species/4530608,"Clepsis peritana (Clemens, 1860)",ACCEPTED,4530608,"Clepsis peritana (Clemens, 1860)",SPECIES,Animalia
213213954,https://www.gbif.org/species/5358302,Scorpiurus muricatus L.,ACCEPTED,5358302,Scorpiurus muricatus L.,SPECIES,Plantae
213213957,https://www.gbif.org/species/11141765,"Tetramoera langmaidi Plant, 2014",ACCEPTED,11141765,"Tetramoera langmaidi Plant, 2014",SPECIES,Animalia
213213962,https://www.gbif.org/species/8149049,Wisteria sinensis (Sims) DC.,ACCEPTED,8149049,Wisteria sinensis (Sims) DC.,SPECIES,Plantae
213213963,https://www.gbif.org/species/1737131,"Epiphyas postvittana (Walker, 1863)",ACCEPTED,1737131,"Epiphyas postvittana (Walker, 1863)",SPECIES,Animalia
213213967,https://www.gbif.org/species/1866356,"Samia cynthia Drury, 1773",ACCEPTED,1866356,"Samia cynthia Drury, 1773",SPECIES,Animalia
213213970,https://www.gbif.org/species/1865660,"Actias selene Hübner, 1806",ACCEPTED,1865660,"Actias selene Hübner, 1806",SPECIES,Animalia
213213973,https://www.gbif.org/species/5124716,"Attacus atlas (Linnaeus, 1758)",ACCEPTED,5124716,"Attacus atlas (Linnaeus, 1758)",SPECIES,Animalia
213213977,https://www.gbif.org/species/1910629,"Hypolimnas bolina (Linnaeus, 1758)",ACCEPTED,1910629,"Hypolimnas bolina (Linnaeus, 1758)",SPECIES,Animalia
213213979,https://www.gbif.org/species/5128034,"Dryas iulia (Fabricius, 1775)",ACCEPTED,5128034,"Dryas iulia (Fabricius, 1775)",SPECIES,Animalia
213213981,https://www.gbif.org/species/5130444,"Junonia iphita (Cramer, 1782)",ACCEPTED,5130444,"Junonia iphita (Cramer, 1782)",SPECIES,Animalia
213213984,https://www.gbif.org/species/5133523,"Morpho menelaus (Linnaeus, 1758)",ACCEPTED,5133523,"Morpho menelaus (Linnaeus, 1758)",SPECIES,Animalia
213213988,https://www.gbif.org/species/2984306,Gunnera tinctoria (Molina) Mirb.,ACCEPTED,2984306,Gunnera tinctoria (Molina) Mirb.,SPECIES,Plantae
213213995,https://www.gbif.org/species/7926816,Monsonia angustifolia E.Mey. ex A.Rich.,DOUBTFUL,7926816,Monsonia angustifolia E.Mey. ex A.Rich.,SPECIES,Plantae
213213998,https://www.gbif.org/species/3826854,Erodium manescavi Coss.,ACCEPTED,3826854,Erodium manescavi Coss.,SPECIES,Plantae
213214000,https://www.gbif.org/species/1830823,"Prays citri Millière, 1873",ACCEPTED,1830823,"Prays citri Millière, 1873",SPECIES,Animalia
213214001,https://www.gbif.org/species/8391331,Erodium moschatum (L.) Aiton,DOUBTFUL,8391331,Erodium moschatum (L.) Aiton,SPECIES,Plantae
213214004,https://www.gbif.org/species/3826756,Erodium meynieri Maire,ACCEPTED,3826756,Erodium meynieri Maire,SPECIES,Plantae
213214005,https://www.gbif.org/species/5123474,"Anthophila nemorana (Hübner, 1799)",ACCEPTED,5123474,"Anthophila nemorana (Hübner, 1799)",SPECIES,Animalia
213214007,https://www.gbif.org/species/2891624,Erodium cygnorum Nees,ACCEPTED,2891624,Erodium cygnorum Nees,SPECIES,Plantae
213214009,https://www.gbif.org/species/2891621,"Erodium malacoides (L.) Willd., 1794",DOUBTFUL,2891621,"Erodium malacoides (L.) Willd., 1794",SPECIES,Plantae
213214010,https://www.gbif.org/species/1835422,"Schiffermuelleria bruandella (Ragonot, 1889)",ACCEPTED,1835422,"Schiffermuelleria bruandella (Ragonot, 1889)",SPECIES,Animalia
213214015,https://www.gbif.org/species/1852787,"Blastobasis lacticolella Rebel, 1939",ACCEPTED,1852787,"Blastobasis lacticolella Rebel, 1939",SPECIES,Animalia
213214016,https://www.gbif.org/species/3828342,"Erodium carolinianum Aldasoro, Aedo, C.Navarro & L.Sáez",ACCEPTED,3828342,"Erodium carolinianum Aldasoro, Aedo, C.Navarro & L.Sáez",SPECIES,Plantae
213214017,https://www.gbif.org/species/1852831,"Blastobasis adustella Walsingham, 1894",ACCEPTED,1852831,"Blastobasis adustella Walsingham, 1894",SPECIES,Animalia
213214021,https://www.gbif.org/species/1830284,"Argyresthia thuiella Packard, 1871",ACCEPTED,1830284,"Argyresthia thuiella Packard, 1871",SPECIES,Animalia
213214022,https://www.gbif.org/species/2890739,Geranium versicolor L.,ACCEPTED,2890739,Geranium versicolor L.,SPECIES,Plantae
213214025,https://www.gbif.org/species/1971998,"Nepytia phantasmaria (Strecker, 1899)",ACCEPTED,1971998,"Nepytia phantasmaria (Strecker, 1899)",SPECIES,Animalia
213214028,https://www.gbif.org/species/4535888,"Bucculatrix chrysanthemella Rebel, 1896",ACCEPTED,4535888,"Bucculatrix chrysanthemella Rebel, 1896",SPECIES,Animalia
213214029,https://www.gbif.org/species/1751299,"Bucculatrix ainsliella Murtfeldt, 1905",ACCEPTED,1751299,"Bucculatrix ainsliella Murtfeldt, 1905",SPECIES,Animalia
213214033,https://www.gbif.org/species/2890957,Geranium renardii Trautv.,ACCEPTED,2890957,Geranium renardii Trautv.,SPECIES,Plantae
213214034,https://www.gbif.org/species/2049732,"Adelges cooleyi (Gillette, 1907)",ACCEPTED,2049732,"Adelges cooleyi (Gillette, 1907)",SPECIES,Animalia
213214035,https://www.gbif.org/species/2049722,"Adelges laricis Vallot, 1836",ACCEPTED,2049722,"Adelges laricis Vallot, 1836",SPECIES,Animalia
213214036,https://www.gbif.org/species/2049661,"Adelges abietis (Linnaeus, 1758)",ACCEPTED,2049661,"Adelges abietis (Linnaeus, 1758)",SPECIES,Animalia
213214039,https://www.gbif.org/species/5152543,"Raglius alboacuminatus (Goeze, 1778)",ACCEPTED,5152543,"Raglius alboacuminatus (Goeze, 1778)",SPECIES,Animalia
213214042,https://www.gbif.org/species/9711656,Pelargonium capitatum (L.) L'Hér.,ACCEPTED,9711656,Pelargonium capitatum (L.) L'Hér.,SPECIES,Plantae
213214043,https://www.gbif.org/species/4486432,"Dieuches armatipes (Walker, 1872)",ACCEPTED,4486432,"Dieuches armatipes (Walker, 1872)",SPECIES,Animalia
213214047,https://www.gbif.org/species/5152536,"Gastrodes abietum Bergroth, 1914",ACCEPTED,5152536,"Gastrodes abietum Bergroth, 1914",SPECIES,Animalia
213214050,https://www.gbif.org/species/3034002,Sassafras albidum (Nutt.) Nees,ACCEPTED,3034002,Sassafras albidum (Nutt.) Nees,SPECIES,Plantae
213214053,https://www.gbif.org/species/4483961,"Viridicerus ustulatus (Mulsant & Rey, 1855)",ACCEPTED,4483961,"Viridicerus ustulatus (Mulsant & Rey, 1855)",SPECIES,Animalia
213214056,https://www.gbif.org/species/2037925,"Orientus ishidae (Matsumura, 1902)",ACCEPTED,2037925,"Orientus ishidae (Matsumura, 1902)",SPECIES,Animalia
213214059,https://www.gbif.org/species/2049296,"Pithyotettix abietinus (Fallén, 1806)",ACCEPTED,2049296,"Pithyotettix abietinus (Fallén, 1806)",SPECIES,Animalia
213214064,https://www.gbif.org/species/2928026,Nemophila menziesii Hook. & Arn.,ACCEPTED,2928026,Nemophila menziesii Hook. & Arn.,SPECIES,Plantae
213214065,https://www.gbif.org/species/4484009,"Tremulicerus distinguendus (Kirschbaum, 1868)",ACCEPTED,4484009,"Tremulicerus distinguendus (Kirschbaum, 1868)",SPECIES,Animalia
213214066,https://www.gbif.org/species/6420901,Nemophila menziesii var. menziesii,ACCEPTED,6420901,Nemophila menziesii var. menziesii,VARIETY,Plantae
213214069,https://www.gbif.org/species/2037991,"Liguropia juniperi (Lethierry, 1876)",ACCEPTED,2037991,"Liguropia juniperi (Lethierry, 1876)",SPECIES,Animalia
213214071,https://www.gbif.org/species/2047706,"Stragania apicalis (Osborn & Ball, 1898)",ACCEPTED,2047706,"Stragania apicalis (Osborn & Ball, 1898)",SPECIES,Animalia
213214074,https://www.gbif.org/species/2029899,"Japananus hyalinus (Osborn, 1900)",ACCEPTED,2029899,"Japananus hyalinus (Osborn, 1900)",SPECIES,Animalia
213214077,https://www.gbif.org/species/9405645,Lycopsis arvensis subsp. orientalis (L.) Kusn.,ACCEPTED,9405645,Lycopsis arvensis subsp. orientalis (L.) Kusn.,SUBSPECIES,Plantae
213214078,https://www.gbif.org/species/4483971,"Populicerus albicans (Kirschbaum, 1868)",ACCEPTED,4483971,"Populicerus albicans (Kirschbaum, 1868)",SPECIES,Animalia
213214081,https://www.gbif.org/species/2029273,"Zygina nivea (Mulsant & Rey, 1855)",ACCEPTED,2029273,"Zygina nivea (Mulsant & Rey, 1855)",SPECIES,Animalia
213214082,https://www.gbif.org/species/2925874,Amsinckia lycopsoides Lehm.,ACCEPTED,2925874,Amsinckia lycopsoides Lehm.,SPECIES,Plantae
213214084,https://www.gbif.org/species/2038171,"Opsius stactogalus Fieber, 1866",ACCEPTED,2038171,"Opsius stactogalus Fieber, 1866",SPECIES,Animalia
213214087,https://www.gbif.org/species/4273336,Amsinckia menziesii var. intermedia (Fisch. & C.A.Mey.) Ganders,ACCEPTED,4273336,Amsinckia menziesii var. intermedia (Fisch. & C.A.Mey.) Ganders,VARIETY,Plantae
213214088,https://www.gbif.org/species/2088481,"Unaspis euonymi (Comstock, 1881)",ACCEPTED,2088481,"Unaspis euonymi (Comstock, 1881)",SPECIES,Animalia
213214091,https://www.gbif.org/species/4068166,Echium pininana Webb & Berthel.,ACCEPTED,4068166,Echium pininana Webb & Berthel.,SPECIES,Plantae
213214092,https://www.gbif.org/species/9139578,"Aulacaspis rosae (Bouché, 1833)",ACCEPTED,9139578,"Aulacaspis rosae (Bouché, 1833)",SPECIES,Animalia
213214096,https://www.gbif.org/species/4063383,Trachystemon orientale (L.) D.Don,ACCEPTED,4063383,Trachystemon orientale (L.) D.Don,SPECIES,Plantae
213214097,https://www.gbif.org/species/4486243,"Oxycarenus lavaterae (Fabricius, 1787)",ACCEPTED,4486243,"Oxycarenus lavaterae (Fabricius, 1787)",SPECIES,Animalia
213214101,https://www.gbif.org/species/2049512,"Daktulosphaira vitifoliae (Fitch, 1855)",ACCEPTED,2049512,"Daktulosphaira vitifoliae (Fitch, 1855)",SPECIES,Animalia
213214104,https://www.gbif.org/species/7600329,Pulmonaria mollis Wulfen,DOUBTFUL,7600329,Pulmonaria mollis Wulfen,SPECIES,Plantae
213214110,https://www.gbif.org/species/9629001,"Iberodes linifolia (L.) Serrano, R.Carbajal & S.Ortiz",ACCEPTED,9629001,"Iberodes linifolia (L.) Serrano, R.Carbajal & S.Ortiz",SPECIES,Plantae
213214111,https://www.gbif.org/species/5152721,"Tuponia mixticolor (A.Costa, 1862)",ACCEPTED,5152721,"Tuponia mixticolor (A.Costa, 1862)",SPECIES,Animalia
213214119,https://www.gbif.org/species/2010226,"Sthenarus rotermundi (Scholtz, 1847)",ACCEPTED,2010226,"Sthenarus rotermundi (Scholtz, 1847)",SPECIES,Animalia
213214121,https://www.gbif.org/species/4487598,"Closterotomus trivialis (A.Costa, 1853)",ACCEPTED,4487598,"Closterotomus trivialis (A.Costa, 1853)",SPECIES,Animalia
213214126,https://www.gbif.org/species/8052025,"Dicyphus escalerae Lindberg, 1934",ACCEPTED,8052025,"Dicyphus escalerae Lindberg, 1934",SPECIES,Animalia
213214130,https://www.gbif.org/species/4488821,"Deraeocoris flavilinea (A.Costa, 1862)",ACCEPTED,4488821,"Deraeocoris flavilinea (A.Costa, 1862)",SPECIES,Animalia
213214137,https://www.gbif.org/species/2008616,"Empicoris rubromaculatus (Blackburn, 1888)",ACCEPTED,2008616,"Empicoris rubromaculatus (Blackburn, 1888)",SPECIES,Animalia
213214139,https://www.gbif.org/species/4059971,Glandora diffusa (Lag.) D.C.Thomas,ACCEPTED,4059971,Glandora diffusa (Lag.) D.C.Thomas,SPECIES,Plantae
213214143,https://www.gbif.org/species/10972541,"Cicada barbara (Stål, 1866)",DOUBTFUL,10972541,"Cicada barbara (Stål, 1866)",SPECIES,Animalia
213214144,https://www.gbif.org/species/11104870,"Cicada orni Linnaeus, 1758",DOUBTFUL,11104870,"Cicada orni Linnaeus, 1758",SPECIES,Animalia
213214145,https://www.gbif.org/species/5661914,Anchusa thessala Boiss. & Spruner,ACCEPTED,5661914,Anchusa thessala Boiss. & Spruner,SPECIES,Plantae
213214148,https://www.gbif.org/species/5341201,Anchusa officinalis L.,ACCEPTED,5341201,Anchusa officinalis L.,SPECIES,Plantae
213214149,https://www.gbif.org/species/9078997,"Saissetia oleae (Olivier, 1791)",ACCEPTED,9078997,"Saissetia oleae (Olivier, 1791)",SPECIES,Animalia
213214151,https://www.gbif.org/species/2091932,"Pulvinaria hydrangeae Steinweden, 1946",ACCEPTED,2091932,"Pulvinaria hydrangeae Steinweden, 1946",SPECIES,Animalia
213214153,https://www.gbif.org/species/2092040,"Pulvinaria regalis Canard, 1968",ACCEPTED,2092040,"Pulvinaria regalis Canard, 1968",SPECIES,Animalia
213214154,https://www.gbif.org/species/8255921,"Pulvinaria floccifera (Westwood, 1870)",ACCEPTED,8255921,"Pulvinaria floccifera (Westwood, 1870)",SPECIES,Animalia
213214157,https://www.gbif.org/species/5712981,"Coccus hesperidum Linnaeus, 1758",ACCEPTED,5712981,"Coccus hesperidum Linnaeus, 1758",SPECIES,Animalia
213214161,https://www.gbif.org/species/4488933,"Stephanitis oberti (Kolenati, 1856)",ACCEPTED,4488933,"Stephanitis oberti (Kolenati, 1856)",SPECIES,Animalia
213214162,https://www.gbif.org/species/2020686,"Stephanitis takeyai Drake & Maa, 1955",ACCEPTED,2020686,"Stephanitis takeyai Drake & Maa, 1955",SPECIES,Animalia
213214165,https://www.gbif.org/species/2020655,"Corythucha ciliata (Say, 1832)",ACCEPTED,2020655,"Corythucha ciliata (Say, 1832)",SPECIES,Animalia
213214169,https://www.gbif.org/species/5153082,"Homotoma ficus (Linnaeus, 1758)",ACCEPTED,5153082,"Homotoma ficus (Linnaeus, 1758)",SPECIES,Animalia
213214175,https://www.gbif.org/species/4484176,"Cacopsylla fulguralis (Kuwayama, 1908)",ACCEPTED,4484176,"Cacopsylla fulguralis (Kuwayama, 1908)",SPECIES,Animalia
213214183,https://www.gbif.org/species/2078852,"Nezara viridula (Linnaeus, 1758)",ACCEPTED,2078852,"Nezara viridula (Linnaeus, 1758)",SPECIES,Animalia
213214184,https://www.gbif.org/species/7318199,"Oxalis tetraphylla Link & Otto, 1828",DOUBTFUL,7318199,"Oxalis tetraphylla Link & Otto, 1828",SPECIES,Plantae
213214186,https://www.gbif.org/species/9823072,Oxalis stricta L.,ACCEPTED,9823072,Oxalis stricta L.,SPECIES,Plantae
213214189,https://www.gbif.org/species/7318131,Oxalis valdiviensis Barnéoud,ACCEPTED,7318131,Oxalis valdiviensis Barnéoud,SPECIES,Plantae
213214190,https://www.gbif.org/species/7763534,"Lauritrioza alacris (Flor, 1861)",ACCEPTED,7763534,"Lauritrioza alacris (Flor, 1861)",SPECIES,Animalia
213214193,https://www.gbif.org/species/2080592,"Icerya purchasi Maskell, 1879",ACCEPTED,2080592,"Icerya purchasi Maskell, 1879",SPECIES,Animalia
213214197,https://www.gbif.org/species/2077985,"Impatientinum asiaticum Nevsky, 1929",ACCEPTED,2077985,"Impatientinum asiaticum Nevsky, 1929",SPECIES,Animalia
213214201,https://www.gbif.org/species/5159101,"Myzocallis walshii (Monell, 1879)",ACCEPTED,5159101,"Myzocallis walshii (Monell, 1879)",SPECIES,Animalia
213214202,https://www.gbif.org/species/3988179,Sarcococca coriacea (Hook.) Sweet,ACCEPTED,3988179,Sarcococca coriacea (Hook.) Sweet,SPECIES,Plantae
213214206,https://www.gbif.org/species/2095283,"Pseudococcus longispinus (Targioni Tozzetti, 1867)",ACCEPTED,2095283,"Pseudococcus longispinus (Targioni Tozzetti, 1867)",SPECIES,Animalia
213214212,https://www.gbif.org/species/9767566,"Agonoscena succincta (Heeger, 1856)",SYNONYM,9767566,"Agonoscena succincta (Heeger, 1856)",SPECIES,Animalia
213214214,https://www.gbif.org/species/3189824,Aesculus flava Sol.,ACCEPTED,3189824,Aesculus flava Sol.,SPECIES,Plantae
213214217,https://www.gbif.org/species/2012132,"Trialeurodes vaporariorum (Westwood, 1856)",ACCEPTED,2012132,"Trialeurodes vaporariorum (Westwood, 1856)",SPECIES,Animalia
213214218,https://www.gbif.org/species/3189807,Aesculus pavia L.,ACCEPTED,3189807,Aesculus pavia L.,SPECIES,Plantae
213214221,https://www.gbif.org/species/3189843,Acer tataricum L.,ACCEPTED,3189843,Acer tataricum L.,SPECIES,Plantae
213214222,https://www.gbif.org/species/7427542,"Aleurotuba jelinekii (Frauenfeld, 1867)",ACCEPTED,7427542,"Aleurotuba jelinekii (Frauenfeld, 1867)",SPECIES,Animalia
213214225,https://www.gbif.org/species/2007665,"Belonochilus numenius (Say, 1831)",ACCEPTED,2007665,"Belonochilus numenius (Say, 1831)",SPECIES,Animalia
213214226,https://www.gbif.org/species/7262943,Acer davidii Franch.,ACCEPTED,7262943,Acer davidii Franch.,SPECIES,Plantae
213214228,https://www.gbif.org/species/4486297,"Arocatus longiceps Stal, 1872",ACCEPTED,4486297,"Arocatus longiceps Stal, 1872",SPECIES,Animalia
213214229,https://www.gbif.org/species/3189835,Acer macrophyllum Pursh,ACCEPTED,3189835,Acer macrophyllum Pursh,SPECIES,Plantae
213214231,https://www.gbif.org/species/11107889,"Graptostethus servus (Fabricius, 1787)",ACCEPTED,11107889,"Graptostethus servus (Fabricius, 1787)",SPECIES,Animalia
213214232,https://www.gbif.org/species/3768287,Acer cissifolium (Siebold & Zucc.) K.Koch,ACCEPTED,3768287,Acer cissifolium (Siebold & Zucc.) K.Koch,SPECIES,Plantae
213214235,https://www.gbif.org/species/4486382,"Orsillus depressus Dallas, 1852",ACCEPTED,4486382,"Orsillus depressus Dallas, 1852",SPECIES,Animalia
213214236,https://www.gbif.org/species/7100404,Acer buergerianum Miq.,ACCEPTED,7100404,Acer buergerianum Miq.,SPECIES,Plantae
213214240,https://www.gbif.org/species/2020832,"Xylocoris galactinus (Fieber, 1836)",ACCEPTED,2020832,"Xylocoris galactinus (Fieber, 1836)",SPECIES,Animalia
213214243,https://www.gbif.org/species/2020779,"Buchananiella continua (White, 1880)",ACCEPTED,2020779,"Buchananiella continua (White, 1880)",SPECIES,Animalia
213214246,https://www.gbif.org/species/4487243,"Amphiareus obscuriceps (Poppius, 1909)",ACCEPTED,4487243,"Amphiareus obscuriceps (Poppius, 1909)",SPECIES,Animalia
213214249,https://www.gbif.org/species/2020879,"Lyctocoris campestris (Fabricius, 1794)",ACCEPTED,2020879,"Lyctocoris campestris (Fabricius, 1794)",SPECIES,Animalia
213214250,https://www.gbif.org/species/3190544,Rhus glabra L.,ACCEPTED,3190544,Rhus glabra L.,SPECIES,Plantae
213214253,https://www.gbif.org/species/2064632,"Acanalonia conica (Say, 1830)",ACCEPTED,2064632,"Acanalonia conica (Say, 1830)",SPECIES,Animalia
213214262,https://www.gbif.org/species/5154481,"Stictocephala bisonia Kopp & Yonke, 1977",ACCEPTED,5154481,"Stictocephala bisonia Kopp & Yonke, 1977",SPECIES,Animalia
213214266,https://www.gbif.org/species/3837891,Skimmia reevesiana (Fortune) Fortune,ACCEPTED,3837891,Skimmia reevesiana (Fortune) Fortune,SPECIES,Plantae
213214273,https://www.gbif.org/species/3833284,Choisya ternata Kunth,ACCEPTED,3833284,Choisya ternata Kunth,SPECIES,Plantae
213214287,https://www.gbif.org/species/4293134,"Neoclytus acuminatus (Fabricius, 1775)",ACCEPTED,4293134,"Neoclytus acuminatus (Fabricius, 1775)",SPECIES,Animalia
213214293,https://www.gbif.org/species/1111797,"Chlorophorus annularis (Fabricius, 1787)",ACCEPTED,1111797,"Chlorophorus annularis (Fabricius, 1787)",SPECIES,Animalia
213214294,https://www.gbif.org/species/9228111,Fumaria bastardii Boreau,ACCEPTED,9228111,Fumaria bastardii Boreau,SPECIES,Plantae
213214296,https://www.gbif.org/species/7315286,Fumaria muralis Koch,ACCEPTED,7315286,Fumaria muralis Koch,SPECIES,Plantae
213214299,https://www.gbif.org/species/1119292,"Morimus asper (Sulzer, 1776)",ACCEPTED,1119292,"Morimus asper (Sulzer, 1776)",SPECIES,Animalia
213214302,https://www.gbif.org/species/8265082,"Monochamus sartor (Fabricius, 1787)",ACCEPTED,8265082,"Monochamus sartor (Fabricius, 1787)",SPECIES,Animalia
213214304,https://www.gbif.org/species/8062758,"Monochamus galloprovincialis (Olivier, 1795)",ACCEPTED,8062758,"Monochamus galloprovincialis (Olivier, 1795)",SPECIES,Animalia
213214305,https://www.gbif.org/species/9587676,Roemeria hispida Stace,ACCEPTED,9587676,Roemeria hispida Stace,SPECIES,Plantae
213214307,https://www.gbif.org/species/5997154,"Merionoeda hirsuta (Mitono & Nishimura, 1936)",ACCEPTED,5997154,"Merionoeda hirsuta (Mitono & Nishimura, 1936)",SPECIES,Animalia
213214310,https://www.gbif.org/species/7569075,"Rosalia alpina (Linnaeus, 1758)",ACCEPTED,7569075,"Rosalia alpina (Linnaeus, 1758)",SPECIES,Animalia
213214313,https://www.gbif.org/species/1133603,"Batocera lineolata Chevrolat, 1852",ACCEPTED,1133603,"Batocera lineolata Chevrolat, 1852",SPECIES,Animalia
213214316,https://www.gbif.org/species/4427283,"Anthrenocerus australis (Hope, 1843)",ACCEPTED,4427283,"Anthrenocerus australis (Hope, 1843)",SPECIES,Animalia
213214319,https://www.gbif.org/species/4427319,"Anthrenus angustefasciatus Ganglbauer, 1904",ACCEPTED,4427319,"Anthrenus angustefasciatus Ganglbauer, 1904",SPECIES,Animalia
213214322,https://www.gbif.org/species/1095946,"Reesa vespulae (Milliron, 1939)",ACCEPTED,1095946,"Reesa vespulae (Milliron, 1939)",SPECIES,Animalia
213214323,https://www.gbif.org/species/3602683,Papaver cambricum L.,ACCEPTED,3602683,Papaver cambricum L.,SPECIES,Plantae
213214325,https://www.gbif.org/species/2888435,Papaver bracteatum Lindl.,ACCEPTED,2888435,Papaver bracteatum Lindl.,SPECIES,Plantae
213214327,https://www.gbif.org/species/5806954,"Tarsostenus carus (Newman, 1840)",ACCEPTED,5806954,"Tarsostenus carus (Newman, 1840)",SPECIES,Animalia
213214330,https://www.gbif.org/species/2888439,Papaver somniferum L.,ACCEPTED,2888439,Papaver somniferum L.,SPECIES,Plantae
213214331,https://www.gbif.org/species/2888437,Papaver orientale L.,ACCEPTED,2888437,Papaver orientale L.,SPECIES,Plantae
213214336,https://www.gbif.org/species/1045323,"Pycnomerus sulcicollis LeConte, 1863",ACCEPTED,1045323,"Pycnomerus sulcicollis LeConte, 1863",SPECIES,Animalia
213214344,https://www.gbif.org/species/7300414,Epimedium pinnatum Fisch.,DOUBTFUL,7300414,Epimedium pinnatum Fisch.,SPECIES,Plantae
213214346,https://www.gbif.org/species/3982013,Epimedium pubigerum (DC.) C.Mooren & Decne.,ACCEPTED,3982013,Epimedium pubigerum (DC.) C.Mooren & Decne.,SPECIES,Plantae
213214349,https://www.gbif.org/species/1247584,"Stenopelmus rufinasus Gyllenhal, 1835",ACCEPTED,1247584,"Stenopelmus rufinasus Gyllenhal, 1835",SPECIES,Animalia
213214350,https://www.gbif.org/species/3033839,Podophyllum peltatum L.,ACCEPTED,3033839,Podophyllum peltatum L.,SPECIES,Plantae
213214354,https://www.gbif.org/species/6132234,"Rhynchophorus ferrugineus (A.G.Olivier, 1791)",ACCEPTED,6132234,"Rhynchophorus ferrugineus (A.G.Olivier, 1791)",SPECIES,Animalia
213214357,https://www.gbif.org/species/7882289,"Zophobas atratus (Fabricius, 1775)",ACCEPTED,7882289,"Zophobas atratus (Fabricius, 1775)",SPECIES,Animalia
213214361,https://www.gbif.org/species/7380533,"Ceratomegilla notata (Laicharting, 1781)",ACCEPTED,7380533,"Ceratomegilla notata (Laicharting, 1781)",SPECIES,Animalia
213214363,https://www.gbif.org/species/3033888,Mahonia bealei (Fortune) Carrière,ACCEPTED,3033888,Mahonia bealei (Fortune) Carrière,SPECIES,Plantae
213214364,https://www.gbif.org/species/3033868,Berberis aquifolium Pursh,SYNONYM,3033865,Mahonia aquifolium (Pursh) Nutt.,SPECIES,Plantae
213214366,https://www.gbif.org/species/3982284,Mahonia ×wagneri (Jouin) Rehder,ACCEPTED,3982284,Mahonia ×wagneri (Jouin) Rehder,SPECIES,Plantae
213214372,https://www.gbif.org/species/4990175,"Rhyzobius lophanthae (Blaisdell, 1892)",ACCEPTED,4990175,"Rhyzobius lophanthae (Blaisdell, 1892)",SPECIES,Animalia
213214375,https://www.gbif.org/species/4470640,"Carabus rutilans Dejean, 1826",ACCEPTED,4470640,"Carabus rutilans Dejean, 1826",SPECIES,Animalia
213214380,https://www.gbif.org/species/2000152,"Periplaneta americana (Linnaeus, 1758)",ACCEPTED,2000152,"Periplaneta americana (Linnaeus, 1758)",SPECIES,Animalia
213214381,https://www.gbif.org/species/2000204,"Periplaneta australasiae (Fabricius, 1775)",ACCEPTED,2000204,"Periplaneta australasiae (Fabricius, 1775)",SPECIES,Animalia
213214383,https://www.gbif.org/species/5151589,"Blatta orientalis Linnaeus, 1758",ACCEPTED,5151589,"Blatta orientalis Linnaeus, 1758",SPECIES,Animalia
213214387,https://www.gbif.org/species/7967494,Aconitum ×cammarum L.,ACCEPTED,7967494,Aconitum ×cammarum L.,SPECIES,Plantae
213214388,https://www.gbif.org/species/1995681,"Blaptica dubia (Serville, 1838)",ACCEPTED,1995681,"Blaptica dubia (Serville, 1838)",SPECIES,Animalia
213214391,https://www.gbif.org/species/1995489,"Panchlora nivea (Linnaeus, 1758)",ACCEPTED,1995489,"Panchlora nivea (Linnaeus, 1758)",SPECIES,Animalia
213214395,https://www.gbif.org/species/1998599,"Cariblatta lutea (Saussure & Zehntner, 1893)",ACCEPTED,1998599,"Cariblatta lutea (Saussure & Zehntner, 1893)",SPECIES,Animalia
213214398,https://www.gbif.org/species/7277946,Adonis aestivalis subsp. aestivalis,ACCEPTED,7277946,Adonis aestivalis subsp. aestivalis,SUBSPECIES,Plantae
213214399,https://www.gbif.org/species/1998083,"Ectobius vittiventris (Costa, 1847)",ACCEPTED,1998083,"Ectobius vittiventris (Costa, 1847)",SPECIES,Animalia
213214401,https://www.gbif.org/species/1997215,"Blattella germanica (Linnaeus, 1767)",ACCEPTED,1997215,"Blattella germanica (Linnaeus, 1767)",SPECIES,Animalia
213214404,https://www.gbif.org/species/9419395,Anemonastrum canadense (L.) Mosyakin,ACCEPTED,9419395,Anemonastrum canadense (L.) Mosyakin,SPECIES,Plantae
213214410,https://www.gbif.org/species/6376340,Thalictrum aquilegiifolium L.,ACCEPTED,6376340,Thalictrum aquilegiifolium L.,SPECIES,Plantae
213214411,https://www.gbif.org/species/1623077,"Tephritis carmen Hering, 1937",ACCEPTED,1623077,"Tephritis carmen Hering, 1937",SPECIES,Animalia
213214414,https://www.gbif.org/species/1623354,"Capitites ramulosa (Loew, 1844)",ACCEPTED,1623354,"Capitites ramulosa (Loew, 1844)",SPECIES,Animalia
213214417,https://www.gbif.org/species/7277106,Helleborus lividus Aiton,DOUBTFUL,7277106,Helleborus lividus Aiton,SPECIES,Plantae
213214418,https://www.gbif.org/species/1622599,"Rhagoletis cingulata (Loew, 1862)",ACCEPTED,1622599,"Rhagoletis cingulata (Loew, 1862)",SPECIES,Animalia
213214419,https://www.gbif.org/species/3924221,Helleborus argutifolius Viv.,ACCEPTED,3924221,Helleborus argutifolius Viv.,SPECIES,Plantae
213214420,https://www.gbif.org/species/1622658,"Rhagoletis completa Cresson, 1929",ACCEPTED,1622658,"Rhagoletis completa Cresson, 1929",SPECIES,Animalia
213214423,https://www.gbif.org/species/1626096,"Ceratitis capitata (Wiedemann, 1824)",ACCEPTED,1626096,"Ceratitis capitata (Wiedemann, 1824)",SPECIES,Animalia
213214427,https://www.gbif.org/species/1579447,"Exaireta spinigera (Wiedemann, 1830)",ACCEPTED,1579447,"Exaireta spinigera (Wiedemann, 1830)",SPECIES,Animalia
213214428,https://www.gbif.org/species/9673106,Eriocapitella ×hybrida (L.H.Bailey) Christenh. & Byng,ACCEPTED,9673106,Eriocapitella ×hybrida (L.H.Bailey) Christenh. & Byng,SPECIES,Plantae
213214430,https://www.gbif.org/species/1577153,"Hermetia illucens (Linnaeus, 1758)",ACCEPTED,1577153,"Hermetia illucens (Linnaeus, 1758)",SPECIES,Animalia
213214431,https://www.gbif.org/species/9675867,Eriocapitella tomentosa (Maxim.) Christenh. & Byng,ACCEPTED,9675867,Eriocapitella tomentosa (Maxim.) Christenh. & Byng,SPECIES,Plantae
213214435,https://www.gbif.org/species/1523628,"Callopistromyia annulipes (Macquart, 1855)",ACCEPTED,1523628,"Callopistromyia annulipes (Macquart, 1855)",SPECIES,Animalia
213214442,https://www.gbif.org/species/8429167,Delphinium hispanicum Costa,ACCEPTED,8429167,Delphinium hispanicum Costa,SPECIES,Plantae
213214455,https://www.gbif.org/species/1521740,"Atypophthalmus umbratus (de Meijere, 1911)",ACCEPTED,1521740,"Atypophthalmus umbratus (de Meijere, 1911)",SPECIES,Animalia
213214464,https://www.gbif.org/species/2211487,"Porcellionides cingendus (Kinahan, 1857)",ACCEPTED,2211487,"Porcellionides cingendus (Kinahan, 1857)",SPECIES,Animalia
213214465,https://www.gbif.org/species/12187916,Tarenaya houtteana (Schltdl.) Soares Neto & Roalson,ACCEPTED,12187916,Tarenaya houtteana (Schltdl.) Soares Neto & Roalson,SPECIES,Plantae
213214472,https://www.gbif.org/species/5375020,Arabis alpina L.,ACCEPTED,5375020,Arabis alpina L.,SPECIES,Plantae
213214480,https://www.gbif.org/species/2204981,"Trichorhina tomentosa (Budde-Lund, 1893)",ACCEPTED,2204981,"Trichorhina tomentosa (Budde-Lund, 1893)",SPECIES,Animalia
213214484,https://www.gbif.org/species/2211599,"Ianiropsis serricaudis Gurjanova, 1936",ACCEPTED,2211599,"Ianiropsis serricaudis Gurjanova, 1936",SPECIES,Animalia
213214486,https://www.gbif.org/species/5928306,Lepidium draba subsp. chalepense (L.) Thell.,ACCEPTED,5928306,Lepidium draba subsp. chalepense (L.) Thell.,SUBSPECIES,Plantae
213214489,https://www.gbif.org/species/5376961,Lepidium draba L.,ACCEPTED,5376961,Lepidium draba L.,SPECIES,Plantae
213214495,https://www.gbif.org/species/5178052,"Caprella equilibra Say, 1818",ACCEPTED,5178052,"Caprella equilibra Say, 1818",SPECIES,Animalia
213214497,https://www.gbif.org/species/10944522,Mummenhoffia alliacea (L.) Esmailbegi & Al-Shehbaz,ACCEPTED,10944522,Mummenhoffia alliacea (L.) Esmailbegi & Al-Shehbaz,SPECIES,Plantae
213214511,https://www.gbif.org/species/4417132,"Chaetogammarus trichiatus Martynov, 1932",ACCEPTED,4417132,"Chaetogammarus trichiatus Martynov, 1932",SPECIES,Animalia
213214517,https://www.gbif.org/species/3045473,Noccaea brachypetala (Jord.) F.K.Mey.,ACCEPTED,3045473,Noccaea brachypetala (Jord.) F.K.Mey.,SPECIES,Plantae
213214535,https://www.gbif.org/species/5375920,Eruca vesicaria (L.) Cav.,ACCEPTED,5375920,Eruca vesicaria (L.) Cav.,SPECIES,Plantae
213214551,https://www.gbif.org/species/5373440,Strigosella africana (L.) Botsch.,ACCEPTED,5373440,Strigosella africana (L.) Botsch.,SPECIES,Plantae
213214557,https://www.gbif.org/species/3693541,Odontarrhena muralis (Waldst. & Kit.) Endl.,ACCEPTED,3693541,Odontarrhena muralis (Waldst. & Kit.) Endl.,SPECIES,Plantae
213214560,https://www.gbif.org/species/5373483,Crambe hispanica subsp. abyssinica (Hochst. ex R.E.Fr.) Prina,ACCEPTED,5373483,Crambe hispanica subsp. abyssinica (Hochst. ex R.E.Fr.) Prina,SUBSPECIES,Plantae
213214562,https://www.gbif.org/species/5373475,Crambe hispanica L.,ACCEPTED,5373475,Crambe hispanica L.,SPECIES,Plantae
213214564,https://www.gbif.org/species/3693336,Rorippa anceps (Wahlenb.) Rchb.,ACCEPTED,3693336,Rorippa anceps (Wahlenb.) Rchb.,SPECIES,Plantae
213214566,https://www.gbif.org/species/3053399,Rorippa pyrenaica (L.) Rchb.,ACCEPTED,3053399,Rorippa pyrenaica (L.) Rchb.,SPECIES,Plantae
213214569,https://www.gbif.org/species/2227289,"Procambarus acutus (Girard, 1852)",ACCEPTED,2227289,"Procambarus acutus (Girard, 1852)",SPECIES,Animalia
213214571,https://www.gbif.org/species/3046929,Sisymbrium chrysanthum Jord.,ACCEPTED,3046929,Sisymbrium chrysanthum Jord.,SPECIES,Plantae
213214572,https://www.gbif.org/species/8909595,"Faxonius limosus (Rafinesque, 1817)",ACCEPTED,8909595,"Faxonius limosus (Rafinesque, 1817)",SPECIES,Animalia
213214577,https://www.gbif.org/species/3049314,Euclidium syriacum (L.) W.T.Aiton,ACCEPTED,3049314,Euclidium syriacum (L.) W.T.Aiton,SPECIES,Plantae
213214583,https://www.gbif.org/species/5972004,"Homarus americanus H.Milne Edwards, 1837",ACCEPTED,5972004,"Homarus americanus H.Milne Edwards, 1837",SPECIES,Animalia
213214584,https://www.gbif.org/species/5376158,Hornungia procumbens (L.) Hayek,ACCEPTED,5376158,Hornungia procumbens (L.) Hayek,SPECIES,Plantae
213214589,https://www.gbif.org/species/5373124,Malcolmia maritima (L.) W.T.Aiton,ACCEPTED,5373124,Malcolmia maritima (L.) W.T.Aiton,SPECIES,Plantae
213214591,https://www.gbif.org/species/5373160,Malcolmia flexuosa (Sm.) Sm.,ACCEPTED,5373160,Malcolmia flexuosa (Sm.) Sm.,SPECIES,Plantae
213214594,https://www.gbif.org/species/5377163,Iberis amara L.,ACCEPTED,5377163,Iberis amara L.,SPECIES,Plantae
213214601,https://www.gbif.org/species/1014565,"Amphitomeus attemsi (Schubart, 1934)",ACCEPTED,1014565,"Amphitomeus attemsi (Schubart, 1934)",SPECIES,Animalia
213214605,https://www.gbif.org/species/1016841,"Orthomorpha coarctata (Saussure, 1860)",ACCEPTED,1016841,"Orthomorpha coarctata (Saussure, 1860)",SPECIES,Animalia
213214608,https://www.gbif.org/species/1017419,"Oxidus gracilis (C.L.Koch, 1847)",ACCEPTED,1017419,"Oxidus gracilis (C.L.Koch, 1847)",SPECIES,Animalia
213214614,https://www.gbif.org/species/3045082,Alyssum turkestanicum Regel & Schmalh.,ACCEPTED,3045082,Alyssum turkestanicum Regel & Schmalh.,SPECIES,Plantae
213214617,https://www.gbif.org/species/5377378,Matthiola incana (L.) W.T.Aiton,ACCEPTED,5377378,Matthiola incana (L.) W.T.Aiton,SPECIES,Plantae
213214619,https://www.gbif.org/species/5377395,Matthiola longipetala (Vent.) DC.,ACCEPTED,5377395,Matthiola longipetala (Vent.) DC.,SPECIES,Plantae
213214621,https://www.gbif.org/species/7740944,Matthiola longipetala subsp. bicornis (Sm.) P.W.Ball,ACCEPTED,7740944,Matthiola longipetala subsp. bicornis (Sm.) P.W.Ball,SUBSPECIES,Plantae
213214625,https://www.gbif.org/species/3048397,Erysimum bicolor (Hornem.) DC.,ACCEPTED,3048397,Erysimum bicolor (Hornem.) DC.,SPECIES,Plantae
213214628,https://www.gbif.org/species/3048073,Erysimum collisparsum Jord.,ACCEPTED,3048073,Erysimum collisparsum Jord.,SPECIES,Plantae
213214644,https://www.gbif.org/species/9040863,Neslia paniculata (L.) Desv.,ACCEPTED,9040863,Neslia paniculata (L.) Desv.,SPECIES,Plantae
213214646,https://www.gbif.org/species/2234836,"Daphnia ambigua Scourfield, 1947",ACCEPTED,2234836,"Daphnia ambigua Scourfield, 1947",SPECIES,Animalia
213214647,https://www.gbif.org/species/3047147,Neslia paniculata subsp. thracica (Velen.) Bornm.,ACCEPTED,3047147,Neslia paniculata subsp. thracica (Velen.) Bornm.,SUBSPECIES,Plantae
213214651,https://www.gbif.org/species/7711892,"Isatis quadrialata Al-Shehbaz, Moazzeni & Mummenhoff",ACCEPTED,7711892,"Isatis quadrialata Al-Shehbaz, Moazzeni & Mummenhoff",SPECIES,Plantae
213214657,https://www.gbif.org/species/2152793,"Cupiennius getazi Simon, 1891",ACCEPTED,2152793,"Cupiennius getazi Simon, 1891",SPECIES,Animalia
213214664,https://www.gbif.org/species/3082270,Cornus canadensis L.,ACCEPTED,3082270,Cornus canadensis L.,SPECIES,Plantae
213214669,https://www.gbif.org/species/7322122,Davidia involucrata Baill.,ACCEPTED,7322122,Davidia involucrata Baill.,SPECIES,Plantae
213214673,https://www.gbif.org/species/9067615,Mentzelia albicaulis (Douglas ex Hook.) Douglas ex Torr. & A.Gray,ACCEPTED,9067615,Mentzelia albicaulis (Douglas ex Hook.) Douglas ex Torr. & A.Gray,SPECIES,Plantae
213214674,https://www.gbif.org/species/2138688,"Mermessus trilobatus (Emerton, 1882)",ACCEPTED,2138688,"Mermessus trilobatus (Emerton, 1882)",SPECIES,Animalia
213214681,https://www.gbif.org/species/2141622,"Amaurobius erberi (Keyserling, 1863)",ACCEPTED,2141622,"Amaurobius erberi (Keyserling, 1863)",SPECIES,Animalia
213214682,https://www.gbif.org/species/2986010,Philadelphus microphyllus A.Gray,ACCEPTED,2986010,Philadelphus microphyllus A.Gray,SPECIES,Plantae
213214687,https://www.gbif.org/species/2985986,Hydrangea arborescens L.,ACCEPTED,2985986,Hydrangea arborescens L.,SPECIES,Plantae
213214690,https://www.gbif.org/species/2985963,Deutzia crenata Siebold & Zucc.,ACCEPTED,2985963,Deutzia crenata Siebold & Zucc.,SPECIES,Plantae
213214692,https://www.gbif.org/species/11528335,"Tliltocatl albopilosus (Valerio, 1980)",ACCEPTED,11528335,"Tliltocatl albopilosus (Valerio, 1980)",SPECIES,Animalia
213214693,https://www.gbif.org/species/2985964,Deutzia gracilis Siebold & Zucc.,ACCEPTED,2985964,Deutzia gracilis Siebold & Zucc.,SPECIES,Plantae
213214700,https://www.gbif.org/species/8264893,"Nephilingis cruentata (Fabricius, 1775)",ACCEPTED,8264893,"Nephilingis cruentata (Fabricius, 1775)",SPECIES,Animalia
213214715,https://www.gbif.org/species/3064221,Euphorbia serpens Kunth,ACCEPTED,3064221,Euphorbia serpens Kunth,SPECIES,Plantae
213214718,https://www.gbif.org/species/3069053,Euphorbia verrucosa L.,ACCEPTED,3069053,Euphorbia verrucosa L.,SPECIES,Plantae
213214720,https://www.gbif.org/species/3066321,Euphorbia hypericifolia L.,ACCEPTED,3066321,Euphorbia hypericifolia L.,SPECIES,Plantae
213214723,https://www.gbif.org/species/8427207,"Eratigena fuesslini (Pavesi, 1873)",ACCEPTED,8427207,"Eratigena fuesslini (Pavesi, 1873)",SPECIES,Animalia
213214727,https://www.gbif.org/species/3064282,Euphorbia tommasiniana Bertol.,ACCEPTED,3064282,Euphorbia tommasiniana Bertol.,SPECIES,Plantae
213214730,https://www.gbif.org/species/3056384,Acalypha rhomboidea Raf.,ACCEPTED,3056384,Acalypha rhomboidea Raf.,SPECIES,Plantae
213214732,https://www.gbif.org/species/2173887,"Icius subinermis Simon, 1937",ACCEPTED,2173887,"Icius subinermis Simon, 1937",SPECIES,Animalia
213214736,https://www.gbif.org/species/2873877,Linum austriacum L.,ACCEPTED,2873877,Linum austriacum L.,SPECIES,Plantae
213214743,https://www.gbif.org/species/7358677,Populus nigra var. italica (Moench) Koehne,ACCEPTED,7358677,Populus nigra var. italica (Moench) Koehne,VARIETY,Plantae
213214744,https://www.gbif.org/species/6362904,Populus trichocarpa Torr. & A.Gray ex Hook.,ACCEPTED,6362904,Populus trichocarpa Torr. & A.Gray ex Hook.,SPECIES,Plantae
213214746,https://www.gbif.org/species/8345607,Populus ×berolinensis K.Koch,ACCEPTED,8345607,Populus ×berolinensis K.Koch,SPECIES,Plantae
213214751,https://www.gbif.org/species/5372655,Salix eleagnos Scop.,ACCEPTED,5372655,Salix eleagnos Scop.,SPECIES,Plantae
213214752,https://www.gbif.org/species/8257857,Salix elaeagnos subsp. angustifolia (Cariot) Rech.f.,ACCEPTED,8257857,Salix elaeagnos subsp. angustifolia (Cariot) Rech.f.,SUBSPECIES,Plantae
213214754,https://www.gbif.org/species/5372559,Salix exigua Nutt.,ACCEPTED,5372559,Salix exigua Nutt.,SPECIES,Plantae
213214756,https://www.gbif.org/species/7104074,Salix lapponum L.,ACCEPTED,7104074,Salix lapponum L.,SPECIES,Plantae
213214759,https://www.gbif.org/species/7266656,Salix rorida Laksch.,ACCEPTED,7266656,Salix rorida Laksch.,SPECIES,Plantae
213214761,https://www.gbif.org/species/7266343,Salix purpurea subsp. purpurea,ACCEPTED,7266343,Salix purpurea subsp. purpurea,SUBSPECIES,Plantae
213214763,https://www.gbif.org/species/5583195,Salix dolichostachya Flod.,ACCEPTED,5583195,Salix dolichostachya Flod.,SPECIES,Plantae
213214764,https://www.gbif.org/species/7266329,Salix alba subsp. alba,ACCEPTED,7266329,Salix alba subsp. alba,SUBSPECIES,Plantae
213214765,https://www.gbif.org/species/5372917,Salix interior Rowlee,ACCEPTED,5372917,Salix interior Rowlee,SPECIES,Plantae
213214766,https://www.gbif.org/species/5372639,Salix babylonica L.,ACCEPTED,5372639,Salix babylonica L.,SPECIES,Plantae
213214768,https://www.gbif.org/species/8183217,Salix gmelinii Pall.,ACCEPTED,8183217,Salix gmelinii Pall.,SPECIES,Plantae
213214773,https://www.gbif.org/species/7427741,Cratoxylum sumatranum subsp. blancoi (Blume) Gogelein,ACCEPTED,7427741,Cratoxylum sumatranum subsp. blancoi (Blume) Gogelein,SUBSPECIES,Plantae
213214776,https://www.gbif.org/species/6436603,Hypericum hircinum L.,ACCEPTED,6436603,Hypericum hircinum L.,SPECIES,Plantae
213214777,https://www.gbif.org/species/2164198,"Cheiracanthium mildei L.Koch, 1864",ACCEPTED,2164198,"Cheiracanthium mildei L.Koch, 1864",SPECIES,Animalia
213214780,https://www.gbif.org/species/3189457,Hypericum densiflorum Pursh,ACCEPTED,3189457,Hypericum densiflorum Pursh,SPECIES,Plantae
213214781,https://www.gbif.org/species/3189474,Hypericum ×moserianum André,ACCEPTED,3189474,Hypericum ×moserianum André,SPECIES,Plantae
213214793,https://www.gbif.org/species/4553535,"Megabunus diadema (Fabricius, 1779)",ACCEPTED,4553535,"Megabunus diadema (Fabricius, 1779)",SPECIES,Animalia
213214794,https://www.gbif.org/species/8332078,Viola gracilis Sibth. & Sm.,ACCEPTED,8332078,Viola gracilis Sibth. & Sm.,SPECIES,Plantae
213214796,https://www.gbif.org/species/4553469,"Leiobunum Koch, 1839",ACCEPTED,4553469,"Leiobunum Koch, 1839",GENUS,Animalia
213214803,https://www.gbif.org/species/6913500,"Eriophyes alniincanae Nalepa, 1919",ACCEPTED,6913500,"Eriophyes alniincanae Nalepa, 1919",SPECIES,Animalia
213214805,https://www.gbif.org/species/5774728,"Eriophyes pyri (H.A.Pagenstecher, 1857)",ACCEPTED,5774728,"Eriophyes pyri (H.A.Pagenstecher, 1857)",SPECIES,Animalia
213214809,https://www.gbif.org/species/4544661,"Aceria ilicis (Canestrini, 1890)",ACCEPTED,4544661,"Aceria ilicis (Canestrini, 1890)",SPECIES,Animalia
213214810,https://www.gbif.org/species/4544517,"Aceria tristriata (Nalepa, 1890)",ACCEPTED,4544517,"Aceria tristriata (Nalepa, 1890)",SPECIES,Animalia
213214812,https://www.gbif.org/species/2128502,"Aceria erinea (Nalepa, 1891)",ACCEPTED,2128502,"Aceria erinea (Nalepa, 1891)",SPECIES,Animalia
213214813,https://www.gbif.org/species/6913023,"Aceria brachytarsus (Keifer, 1939)",ACCEPTED,6913023,"Aceria brachytarsus (Keifer, 1939)",SPECIES,Animalia
213214815,https://www.gbif.org/species/4544759,"Aceria heteronyx (Nalepa, 1891)",ACCEPTED,4544759,"Aceria heteronyx (Nalepa, 1891)",SPECIES,Animalia
213214818,https://www.gbif.org/species/2128482,"Colomerus vitis (Pagenstecher, 1857)",ACCEPTED,2128482,"Colomerus vitis (Pagenstecher, 1857)",SPECIES,Animalia
213214823,https://www.gbif.org/species/4553805,"Euscorpius carpathicus (Linnaeus, 1767)",ACCEPTED,4553805,"Euscorpius carpathicus (Linnaeus, 1767)",SPECIES,Animalia
213214825,https://www.gbif.org/species/4553820,"Euscorpius flavicaudis (DeGeer, 1778)",ACCEPTED,4553820,"Euscorpius flavicaudis (DeGeer, 1778)",SPECIES,Animalia
213214826,https://www.gbif.org/species/3707631,Delosperma aberdeenense (L.Bolus) L.Bolus,ACCEPTED,3707631,Delosperma aberdeenense (L.Bolus) L.Bolus,SPECIES,Plantae
213214828,https://www.gbif.org/species/3707394,Delosperma cooperi L.Bol.Forma Cooperi,DOUBTFUL,3707394,Delosperma cooperi L.Bol.Forma Cooperi,SPECIES,Plantae
213214832,https://www.gbif.org/species/4549071,"Varroa jacobsoni Oudemans, 1904",ACCEPTED,4549071,"Varroa jacobsoni Oudemans, 1904",SPECIES,Animalia
213214834,https://www.gbif.org/species/2188249,"Varroa destructor Anderson & Trueman, 2000",ACCEPTED,2188249,"Varroa destructor Anderson & Trueman, 2000",SPECIES,Animalia
213214842,https://www.gbif.org/species/4022910,Portulaca macrantha (Maire) Ricceri & Arrigoni,ACCEPTED,4022910,Portulaca macrantha (Maire) Ricceri & Arrigoni,SPECIES,Plantae
213214847,https://www.gbif.org/species/9554442,Tamarix gallica (Habl.),DOUBTFUL,9554442,Tamarix gallica (Habl.),SPECIES,Plantae
213214848,https://www.gbif.org/species/2874702,Tamarix africana Poir.,ACCEPTED,2874702,Tamarix africana Poir.,SPECIES,Plantae
213214852,https://www.gbif.org/species/3084748,Claytonia perfoliata Donn ex Willd.,SYNONYM,7095665,Claytonia perfoliata subsp. perfoliata,SUBSPECIES,Plantae
213214856,https://www.gbif.org/species/7288892,Calandrinia pilosiuscula DC.,ACCEPTED,7288892,Calandrinia pilosiuscula DC.,SPECIES,Plantae
213214862,https://www.gbif.org/species/7624620,Rumex crispus var. robustus Rech.,ACCEPTED,7624620,Rumex crispus var. robustus Rech.,VARIETY,Plantae
213214869,https://www.gbif.org/species/2888978,Rumex pulcher L.,ACCEPTED,2888978,Rumex pulcher L.,SPECIES,Plantae
213214873,https://www.gbif.org/species/4036350,Rumex salicifolius var. triangulivalvis (Danser) J.C.Hickman,SYNONYM,6391377,Rumex triangulivalvis (Danser) Rech.fil.,SPECIES,Plantae
213214875,https://www.gbif.org/species/2888945,Rumex brownii Campd.,ACCEPTED,2888945,Rumex brownii Campd.,SPECIES,Plantae
213214878,https://www.gbif.org/species/2888982,Rumex fueginus Phil.,ACCEPTED,2888982,Rumex fueginus Phil.,SPECIES,Plantae
213214880,https://www.gbif.org/species/2888955,Rumex pseudonatronatus Borbás,DOUBTFUL,2888955,Rumex pseudonatronatus Borbás,SPECIES,Plantae
213214887,https://www.gbif.org/species/8909872,Rumex hypogaeus T.M.Schust. & Reveal,ACCEPTED,8909872,Rumex hypogaeus T.M.Schust. & Reveal,SPECIES,Plantae
213214891,https://www.gbif.org/species/6709291,Reynoutria compacta (Hook.fil.) Nakai,ACCEPTED,6709291,Reynoutria compacta (Hook.fil.) Nakai,SPECIES,Plantae
213214894,https://www.gbif.org/species/1003567,"Pectinatella magnifica (Leidy, 1851)",ACCEPTED,1003567,"Pectinatella magnifica (Leidy, 1851)",SPECIES,Animalia
213214903,https://www.gbif.org/species/2889358,Oxyria digyna (L.) Hill,ACCEPTED,2889358,Oxyria digyna (L.) Hill,SPECIES,Plantae
213214906,https://www.gbif.org/species/5334315,Polygonum arenarium Waldst. & Kit.,ACCEPTED,5334315,Polygonum arenarium Waldst. & Kit.,SPECIES,Plantae
213214907,https://www.gbif.org/species/8336551,Polygonum arenarium subsp. pulchellum (Loisel.) Thell.,ACCEPTED,8336551,Polygonum arenarium subsp. pulchellum (Loisel.) Thell.,SUBSPECIES,Plantae
213214908,https://www.gbif.org/species/5334440,Polygonum plebeium R.Br.,ACCEPTED,5334440,Polygonum plebeium R.Br.,SPECIES,Plantae
213214913,https://www.gbif.org/species/8848208,Koenigia polystachya (Wall. ex Meisn.) T.M.Schust. & Reveal,ACCEPTED,8848208,Koenigia polystachya (Wall. ex Meisn.) T.M.Schust. & Reveal,SPECIES,Plantae
213214915,https://www.gbif.org/species/2889198,Persicaria pensylvanica (L.) M.Gómez,ACCEPTED,2889198,Persicaria pensylvanica (L.) M.Gómez,SPECIES,Plantae
213214916,https://www.gbif.org/species/6391450,Persicaria glabra (Willd.) M.Gómez,ACCEPTED,6391450,Persicaria glabra (Willd.) M.Gómez,SPECIES,Plantae
213214917,https://www.gbif.org/species/7291643,Persicaria filiformis (Thunb.) Nakai,ACCEPTED,7291643,Persicaria filiformis (Thunb.) Nakai,SPECIES,Plantae
213214920,https://www.gbif.org/species/3082279,Ceratostigma plumbaginoides Bunge,ACCEPTED,3082279,Ceratostigma plumbaginoides Bunge,SPECIES,Plantae
213214922,https://www.gbif.org/species/4088624,Limonium platyphyllum Lincz.,ACCEPTED,4088624,Limonium platyphyllum Lincz.,SPECIES,Plantae
213214925,https://www.gbif.org/species/8129694,Armeria arenaria (Pers.) Schult.,HETEROTYPIC_SYNONYM,7297998,Armeria arenaria subsp. arenaria,SUBSPECIES,Plantae
213214932,https://www.gbif.org/species/3755928,Chenopodium album var. missouriense (Aellen) Bassett & Crompton,ACCEPTED,3755928,Chenopodium album var. missouriense (Aellen) Bassett & Crompton,VARIETY,Plantae
213214933,https://www.gbif.org/species/6035638,Chenopodium probstii Aellen,ACCEPTED,6035638,Chenopodium probstii Aellen,SPECIES,Plantae
213214934,https://www.gbif.org/species/3757050,Chenopodium berlandieri var. bushianum (Aellen) Cronquist,ACCEPTED,3757050,Chenopodium berlandieri var. bushianum (Aellen) Cronquist,VARIETY,Plantae
213214935,https://www.gbif.org/species/3757660,Chenopodium ×pelgrimsianum Aellen,DOUBTFUL,3757660,Chenopodium ×pelgrimsianum Aellen,SPECIES,Plantae
213214939,https://www.gbif.org/species/9454901,Amaranthus macrocarpus subsp. pallidus (Benth.) N.Bayón,ACCEPTED,9454901,Amaranthus macrocarpus subsp. pallidus (Benth.) N.Bayón,SUBSPECIES,Plantae
213214940,https://www.gbif.org/species/5384359,Amaranthus powellii S.Watson,ACCEPTED,5384359,Amaranthus powellii S.Watson,SPECIES,Plantae
213214941,https://www.gbif.org/species/7323251,Amaranthus emarginatus subsp. emarginatus,ACCEPTED,7323251,Amaranthus emarginatus subsp. emarginatus,SUBSPECIES,Plantae
213214942,https://www.gbif.org/species/8577467,Amaranthus tuberculatus (Moq.) J.D.Sauer,ACCEPTED,8577467,Amaranthus tuberculatus (Moq.) J.D.Sauer,SPECIES,Plantae
213214947,https://www.gbif.org/species/3083888,Teloxys aristata (L.) Moq.,ACCEPTED,3083888,Teloxys aristata (L.) Moq.,SPECIES,Plantae
213214949,https://www.gbif.org/species/3759032,Corispermum tylocarpum Hance,ACCEPTED,3759032,Corispermum tylocarpum Hance,SPECIES,Plantae
213214952,https://www.gbif.org/species/5383936,Bassia scoparia (L.) A.J.Scott,ACCEPTED,5383936,Bassia scoparia (L.) A.J.Scott,SPECIES,Plantae
213214956,https://www.gbif.org/species/7685459,Atriplex pseudocampanulata Aellen ex Blom,ACCEPTED,7685459,Atriplex pseudocampanulata Aellen ex Blom,SPECIES,Plantae
213214957,https://www.gbif.org/species/3083659,Atriplex eardleyae Aellen,ACCEPTED,3083659,Atriplex eardleyae Aellen,SPECIES,Plantae
213214959,https://www.gbif.org/species/8160803,Alternanthera ficoidea (L.) R.Br.,ACCEPTED,8160803,Alternanthera ficoidea (L.) R.Br.,SPECIES,Plantae
213214961,https://www.gbif.org/species/9567226,Oxybasis glauca var. salina (Standl.) Verloove,SYNONYM,10714947,Oxybasis salina (Standl.) Uotila,SPECIES,Plantae
213214974,https://www.gbif.org/species/7282357,Echinopsis albispinosa K.Schum.,ACCEPTED,7282357,Echinopsis albispinosa K.Schum.,SPECIES,Plantae
213214980,https://www.gbif.org/species/8091998,Gypsophila vaccaria (L.) Sm.,ACCEPTED,8091998,Gypsophila vaccaria (L.) Sm.,SPECIES,Plantae
213214981,https://www.gbif.org/species/5384464,Gypsophila repens L.,ACCEPTED,5384464,Gypsophila repens L.,SPECIES,Plantae
213214983,https://www.gbif.org/species/7925372,Cerastium ×maureri M.Schulze,ACCEPTED,7925372,Cerastium ×maureri M.Schulze,SPECIES,Plantae
213214985,https://www.gbif.org/species/9440906,Sagina alexandrae Iamonico,ACCEPTED,9440906,Sagina alexandrae Iamonico,SPECIES,Plantae
213214988,https://www.gbif.org/species/6363863,Arenaria montana L.,ACCEPTED,6363863,Arenaria montana L.,SPECIES,Plantae
213214990,https://www.gbif.org/species/5587011,Sabulina mediterranea (Ledeb. ex Link) Rchb.,ACCEPTED,5587011,Sabulina mediterranea (Ledeb. ex Link) Rchb.,SPECIES,Plantae
213214996,https://www.gbif.org/species/3085366,Agrostemma brachyloba (Fenzl) K.Hammer,ACCEPTED,3085366,Agrostemma brachyloba (Fenzl) K.Hammer,SPECIES,Plantae
213214999,https://www.gbif.org/species/5586656,Silene linicola C.C.Gmel.,ACCEPTED,5586656,Silene linicola C.C.Gmel.,SPECIES,Plantae
213215000,https://www.gbif.org/species/5384782,Silene csereii Baumg.,ACCEPTED,5384782,Silene csereii Baumg.,SPECIES,Plantae
213215001,https://www.gbif.org/species/5587240,Silene vulgaris subsp. vulgaris,ACCEPTED,5587240,Silene vulgaris subsp. vulgaris,SUBSPECIES,Plantae
213215002,https://www.gbif.org/species/8406661,Silene uniflora Roth,ACCEPTED,8406661,Silene uniflora Roth,SPECIES,Plantae
213215003,https://www.gbif.org/species/10953644,Silene baccifera (L.) Durande,ACCEPTED,10953644,Silene baccifera (L.) Durande,SPECIES,Plantae
213215004,https://www.gbif.org/species/8419625,Silene scabriflora Brot.,ACCEPTED,8419625,Silene scabriflora Brot.,SPECIES,Plantae
213215005,https://www.gbif.org/species/7757300,Silene badaroi Breistr.,ACCEPTED,7757300,Silene badaroi Breistr.,SPECIES,Plantae
213215010,https://www.gbif.org/species/3814157,Eudianthe coeli-rosa (L.) Fenzl ex Endl.,ACCEPTED,3814157,Eudianthe coeli-rosa (L.) Fenzl ex Endl.,SPECIES,Plantae
213215013,https://www.gbif.org/species/7267630,Dianthus giganteus d'Urv.,ACCEPTED,7267630,Dianthus giganteus d'Urv.,SPECIES,Plantae
213215021,https://www.gbif.org/species/9254355,Lithotoma axillaris (Lindl.) E.B.Knox,ACCEPTED,9254355,Lithotoma axillaris (Lindl.) E.B.Knox,SPECIES,Plantae
213215025,https://www.gbif.org/species/5411353,Campanula garganica Ten.,ACCEPTED,5411353,Campanula garganica Ten.,SPECIES,Plantae
213215026,https://www.gbif.org/species/5410661,Campanula pyramidalis L.,ACCEPTED,5410661,Campanula pyramidalis L.,SPECIES,Plantae
213215030,https://www.gbif.org/species/4211074,Carduus ×theriotii Rouy,ACCEPTED,4211074,Carduus ×theriotii Rouy,SPECIES,Plantae
213215033,https://www.gbif.org/species/3099650,Shinnersia rivularis (A.Gray) R.M.King & H.Rob.,ACCEPTED,3099650,Shinnersia rivularis (A.Gray) R.M.King & H.Rob.,SPECIES,Plantae
213215037,https://www.gbif.org/species/3088623,Guizotia scabra (Vis.) Chiov.,ACCEPTED,3088623,Guizotia scabra (Vis.) Chiov.,SPECIES,Plantae
213215039,https://www.gbif.org/species/3117449,Erigeron annuus (L.) Pers.,ACCEPTED,3117449,Erigeron annuus (L.) Pers.,SPECIES,Plantae
213215042,https://www.gbif.org/species/10852031,Oncosiphon pilulifer (L.fil.) Källersjö,ACCEPTED,10852031,Oncosiphon pilulifer (L.fil.) Källersjö,SPECIES,Plantae
213215046,https://www.gbif.org/species/3086845,Flaveria trinervia (Spreng.) C.Mohr,ACCEPTED,3086845,Flaveria trinervia (Spreng.) C.Mohr,SPECIES,Plantae
213215050,https://www.gbif.org/species/5391928,Bidens triplinervia Kunth,ACCEPTED,5391928,Bidens triplinervia Kunth,SPECIES,Plantae
213215055,https://www.gbif.org/species/3133446,Ammobium alatum R.Br.,ACCEPTED,3133446,Ammobium alatum R.Br.,SPECIES,Plantae
213215057,https://www.gbif.org/species/5392271,Cichorium calvum Sch.Bip. ex Asch.,ACCEPTED,5392271,Cichorium calvum Sch.Bip. ex Asch.,SPECIES,Plantae
213215060,https://www.gbif.org/species/3108121,Senecio glossanthus (Sond.) Belcher,ACCEPTED,3108121,Senecio glossanthus (Sond.) Belcher,SPECIES,Plantae
213215061,https://www.gbif.org/species/3107362,Senecio saracenicus W.D.J.Koch,DOUBTFUL,3107362,Senecio saracenicus W.D.J.Koch,SPECIES,Plantae
213215062,https://www.gbif.org/species/3107661,Senecio quadridentatus Labill.,ACCEPTED,3107661,Senecio quadridentatus Labill.,SPECIES,Plantae
213215070,https://www.gbif.org/species/5403605,Crepis sancta (L.) Bornm.,ACCEPTED,5403605,Crepis sancta (L.) Bornm.,SPECIES,Plantae
213215071,https://www.gbif.org/species/7223177,Crepis sancta subsp. sancta,ACCEPTED,7223177,Crepis sancta subsp. sancta,SUBSPECIES,Plantae
213215073,https://www.gbif.org/species/7222255,Lactuca macrophylla subsp. macrophylla,ACCEPTED,7222255,Lactuca macrophylla subsp. macrophylla,SUBSPECIES,Plantae
213215074,https://www.gbif.org/species/3140436,Lactuca macrophylla (Willd.) A.Gray,ACCEPTED,3140436,Lactuca macrophylla (Willd.) A.Gray,SPECIES,Plantae
213215078,https://www.gbif.org/species/3144603,Brachyscome iberidifolia Benth.,ACCEPTED,3144603,Brachyscome iberidifolia Benth.,SPECIES,Plantae
213215080,https://www.gbif.org/species/5406261,Calocephalus brownii (Cass.) F.Muell.,ACCEPTED,5406261,Calocephalus brownii (Cass.) F.Muell.,SPECIES,Plantae
213215082,https://www.gbif.org/species/10629881,"Pentanema hirtum (L.) D.Gut.Larr., Santos-Vicente, Anderb., E.Rico & M.M.Mart.Ort.",ACCEPTED,10629881,"Pentanema hirtum (L.) D.Gut.Larr., Santos-Vicente, Anderb., E.Rico & M.M.Mart.Ort.",SPECIES,Plantae
213215083,https://www.gbif.org/species/10108775,"Pentanema spiraeifolium (L.) D.Gut.Larr., Santos-Vicente, Anderb., E.Rico & M.M.Mart.Ort.",ACCEPTED,10108775,"Pentanema spiraeifolium (L.) D.Gut.Larr., Santos-Vicente, Anderb., E.Rico & M.M.Mart.Ort.",SPECIES,Plantae
213215085,https://www.gbif.org/species/3121474,Artemisia rubripes Nakai,ACCEPTED,3121474,Artemisia rubripes Nakai,SPECIES,Plantae
213215086,https://www.gbif.org/species/3121547,"Artemisia mongolica Fisch. ex Besser, 1834",DOUBTFUL,3121547,"Artemisia mongolica Fisch. ex Besser, 1834",SPECIES,Plantae
213215087,https://www.gbif.org/species/3121228,Artemisia tournefortiana Rchb.,ACCEPTED,3121228,Artemisia tournefortiana Rchb.,SPECIES,Plantae
213215088,https://www.gbif.org/species/3121593,Artemisia gmelinii Weber ex Stechm.,ACCEPTED,3121593,Artemisia gmelinii Weber ex Stechm.,SPECIES,Plantae
213215089,https://www.gbif.org/species/3121088,Artemisia alba Turra,ACCEPTED,3121088,Artemisia alba Turra,SPECIES,Plantae
213215090,https://www.gbif.org/species/3120692,Artemisia crithmifolia L.,ACCEPTED,3120692,Artemisia crithmifolia L.,SPECIES,Plantae
213215091,https://www.gbif.org/species/3120790,Artemisia verlotiorum Lamotte,ACCEPTED,3120790,Artemisia verlotiorum Lamotte,SPECIES,Plantae
213215099,https://www.gbif.org/species/8370958,Matricaria chamomilla L.,ACCEPTED,8370958,Matricaria chamomilla L.,SPECIES,Plantae
213215103,https://www.gbif.org/species/3092083,Coleostephus myconis (L.) Rchb.fil.,ACCEPTED,3092083,Coleostephus myconis (L.) Rchb.fil.,SPECIES,Plantae
213215120,https://www.gbif.org/species/3137579,Galactites tomentosa Moench,ACCEPTED,3137579,Galactites tomentosa Moench,SPECIES,Plantae
213215122,https://www.gbif.org/species/4233822,Vittadinia dentata (Gaudich.) DC.,ACCEPTED,4233822,Vittadinia dentata (Gaudich.) DC.,SPECIES,Plantae
213215124,https://www.gbif.org/species/3111754,Zinnia elegans Jacq.,ACCEPTED,3111754,Zinnia elegans Jacq.,SPECIES,Plantae
213215126,https://www.gbif.org/species/3104106,Sanvitalia procumbens Lam.,ACCEPTED,3104106,Sanvitalia procumbens Lam.,SPECIES,Plantae
213215131,https://www.gbif.org/species/11136683,Pulicaria arabica subsp. arabica,ACCEPTED,11136683,Pulicaria arabica subsp. arabica,SUBSPECIES,Plantae
213215134,https://www.gbif.org/species/4250676,Sonchus asper subsp. glaucescens (Jord.) Ball,ACCEPTED,4250676,Sonchus asper subsp. glaucescens (Jord.) Ball,SUBSPECIES,Plantae
213215142,https://www.gbif.org/species/3123262,Pilosella flagellaris (Willd.) Arv.-Touv.,ACCEPTED,3123262,Pilosella flagellaris (Willd.) Arv.-Touv.,SPECIES,Plantae
213215143,https://www.gbif.org/species/9541940,Pilosella visianii F.W.Schultz & Sch.Bip.,ACCEPTED,9541940,Pilosella visianii F.W.Schultz & Sch.Bip.,SPECIES,Plantae
213215151,https://www.gbif.org/species/3125893,Sigesbeckia jorullensis Kunth,ACCEPTED,3125893,Sigesbeckia jorullensis Kunth,SPECIES,Plantae
213215159,https://www.gbif.org/species/5387537,Aster indamellus Grierson,ACCEPTED,5387537,Aster indamellus Grierson,SPECIES,Plantae
213215160,https://www.gbif.org/species/5387396,Aster alpinus L.,ACCEPTED,5387396,Aster alpinus L.,SPECIES,Plantae
213215166,https://www.gbif.org/species/3103158,Gamochaeta americana (Mill.) Wedd.,ACCEPTED,3103158,Gamochaeta americana (Mill.) Wedd.,SPECIES,Plantae
213215173,https://www.gbif.org/species/10948891,Podolepis aristata subsp. auriculata (DC.) Jeanes,ACCEPTED,10948891,Podolepis aristata subsp. auriculata (DC.) Jeanes,SUBSPECIES,Plantae
213215176,https://www.gbif.org/species/3092691,Soliva sessilis Ruiz & Pav.,ACCEPTED,3092691,Soliva sessilis Ruiz & Pav.,SPECIES,Plantae
213215178,https://www.gbif.org/species/3136320,Hieracium amplexicaule L.,ACCEPTED,3136320,Hieracium amplexicaule L.,SPECIES,Plantae
213215179,https://www.gbif.org/species/4248063,Hieracium pulmonarioides subsp. spelaeum (Arv.-Touv.) Greuter,ACCEPTED,4248063,Hieracium pulmonarioides subsp. spelaeum (Arv.-Touv.) Greuter,SUBSPECIES,Plantae
213215181,https://www.gbif.org/species/4207403,Centaurea adami Willd.,ACCEPTED,4207403,Centaurea adami Willd.,SPECIES,Plantae
213215184,https://www.gbif.org/species/6076279,Centaurea diluta subsp. algeriensis (Coss. & Durieu) Maire,ACCEPTED,6076279,Centaurea diluta subsp. algeriensis (Coss. & Durieu) Maire,SUBSPECIES,Plantae
213215185,https://www.gbif.org/species/3128601,Centaurea napifolia L.,ACCEPTED,3128601,Centaurea napifolia L.,SPECIES,Plantae
213215186,https://www.gbif.org/species/3128225,Centaurea nigra L.,ACCEPTED,3128225,Centaurea nigra L.,SPECIES,Plantae
213215187,https://www.gbif.org/species/3128888,Centaurea solstitialis L.,ACCEPTED,3128888,Centaurea solstitialis L.,SPECIES,Plantae
213215190,https://www.gbif.org/species/6302047,Kalimeris incisa subsp. incisa,ACCEPTED,6302047,Kalimeris incisa subsp. incisa,SUBSPECIES,Plantae
213215195,https://www.gbif.org/species/8421156,Symphyotrichum laeve (L.) Á.Löve & D.Löve,ACCEPTED,8421156,Symphyotrichum laeve (L.) Á.Löve & D.Löve,SPECIES,Plantae
213215196,https://www.gbif.org/species/3151434,Symphyotrichum dumosum (L.) G.L.Nesom,ACCEPTED,3151434,Symphyotrichum dumosum (L.) G.L.Nesom,SPECIES,Plantae
213215199,https://www.gbif.org/species/6300531,Petasites japonicus subsp. japonicus,ACCEPTED,6300531,Petasites japonicus subsp. japonicus,SUBSPECIES,Plantae
213215208,https://www.gbif.org/species/10676000,Leuzea repens (L.) D.J.N.Hind,ACCEPTED,10676000,Leuzea repens (L.) D.J.N.Hind,SPECIES,Plantae
213215210,https://www.gbif.org/species/3097496,Leptinella dispersa (D.G.Lloyd) D.G.Lloyd & C.J.Webb,ACCEPTED,3097496,Leptinella dispersa (D.G.Lloyd) D.G.Lloyd & C.J.Webb,SPECIES,Plantae
213215211,https://www.gbif.org/species/3097504,Leptinella squalida Hook.fil.,ACCEPTED,3097504,Leptinella squalida Hook.fil.,SPECIES,Plantae
213215214,https://www.gbif.org/species/3132567,Galinsoga quadriradiata Cav.,DOUBTFUL,3132567,Galinsoga quadriradiata Cav.,SPECIES,Plantae
213215216,https://www.gbif.org/species/3110905,Scorzonera hispanica L.,SYNONYM,10769750,Pseudopodospermum hispanicum subsp. hispanicum,SUBSPECIES,Plantae
213215218,https://www.gbif.org/species/3150935,Echinacea purpurea (L.) Moench,ACCEPTED,3150935,Echinacea purpurea (L.) Moench,SPECIES,Plantae
213215222,https://www.gbif.org/species/3142967,Doronicum orientale Hoffm.,ACCEPTED,3142967,Doronicum orientale Hoffm.,SPECIES,Plantae
213215223,https://www.gbif.org/species/4230874,Doronicum ×willdenowii (Rouy) A.W.Hill,ACCEPTED,4230874,Doronicum ×willdenowii (Rouy) A.W.Hill,SPECIES,Plantae
213215227,https://www.gbif.org/species/3089142,Xanthium albinum (Holuby) Holub,ACCEPTED,3089142,Xanthium albinum (Holuby) Holub,SPECIES,Plantae
213215228,https://www.gbif.org/species/11794300,Xanthium orientale var. saccharatum (Wallr.) M.Hassl.,ACCEPTED,11794300,Xanthium orientale var. saccharatum (Wallr.) M.Hassl.,VARIETY,Plantae
213215231,https://www.gbif.org/species/3138949,Melampodium divaricatum (Rich.) DC.,ACCEPTED,3138949,Melampodium divaricatum (Rich.) DC.,SPECIES,Plantae
213215246,https://www.gbif.org/species/3169713,Trachelospermum jasminoides (Lindl.) Lem.,ACCEPTED,3169713,Trachelospermum jasminoides (Lindl.) Lem.,SPECIES,Plantae
213215248,https://www.gbif.org/species/3169756,Nerium oleander L.,ACCEPTED,3169756,Nerium oleander L.,SPECIES,Plantae
213215253,https://www.gbif.org/species/3170260,Asclepias speciosa Torr.,ACCEPTED,3170260,Asclepias speciosa Torr.,SPECIES,Plantae
213215257,https://www.gbif.org/species/7671397,Phuopsis stylosa (Trin.) G.Nicholson,ACCEPTED,7671397,Phuopsis stylosa (Trin.) G.Nicholson,SPECIES,Plantae
213215259,https://www.gbif.org/species/8925248,Galium parisiense var. parisiense,ACCEPTED,8925248,Galium parisiense var. parisiense,VARIETY,Plantae
213215260,https://www.gbif.org/species/2913219,Galium anglicum Huds.,ACCEPTED,2913219,Galium anglicum Huds.,SPECIES,Plantae
213215261,https://www.gbif.org/species/2913169,Galium parisiense L.,ACCEPTED,2913169,Galium parisiense L.,SPECIES,Plantae
213215263,https://www.gbif.org/species/12254070,Cynanchica aristata (L.f.) P.Caputo & Del Guacchio,ACCEPTED,12254070,Cynanchica aristata (L.f.) P.Caputo & Del Guacchio,SPECIES,Plantae
213215270,https://www.gbif.org/species/7480365,Hydrocotyle moschata G.Forst.,ACCEPTED,7480365,Hydrocotyle moschata G.Forst.,SPECIES,Plantae
213215272,https://www.gbif.org/species/3035420,Eleutherococcus simonii (Simon-Louis ex C.K.Schneid.) Hesse,ACCEPTED,3035420,Eleutherococcus simonii (Simon-Louis ex C.K.Schneid.) Hesse,SPECIES,Plantae
213215274,https://www.gbif.org/species/8168344,Hedera hibernica Poit.,ACCEPTED,8168344,Hedera hibernica Poit.,SPECIES,Plantae
213215275,https://www.gbif.org/species/12218002,Hedera maroccana Mc All.,ACCEPTED,12218002,Hedera maroccana Mc All.,SPECIES,Plantae
213215279,https://www.gbif.org/species/7224069,Petroselinum crispum subsp. crispum,ACCEPTED,7224069,Petroselinum crispum subsp. crispum,SUBSPECIES,Plantae
213215280,https://www.gbif.org/species/7828157,Petroselinum crispum (Mill.) Fuss,ACCEPTED,7828157,Petroselinum crispum (Mill.) Fuss,SPECIES,Plantae
213215283,https://www.gbif.org/species/3639337,Sanicula epipactis (Scop.) E.H.L.Krause,ACCEPTED,3639337,Sanicula epipactis (Scop.) E.H.L.Krause,SPECIES,Plantae
213215287,https://www.gbif.org/species/6026420,Seseli montanum L.,ACCEPTED,6026420,Seseli montanum L.,SPECIES,Plantae
213215292,https://www.gbif.org/species/11921804,Anethum ridolfia Spalik & Reduron,ACCEPTED,11921804,Anethum ridolfia Spalik & Reduron,SPECIES,Plantae
213215299,https://www.gbif.org/species/6550056,Daucus carota var. sativus Hoffm.,ACCEPTED,6550056,Daucus carota var. sativus Hoffm.,VARIETY,Plantae
213215300,https://www.gbif.org/species/6027290,Daucus littoralis Sm.,ACCEPTED,6027290,Daucus littoralis Sm.,SPECIES,Plantae
213215302,https://www.gbif.org/species/3638303,Orlaya daucoides (L.) Greuter,ACCEPTED,3638303,Orlaya daucoides (L.) Greuter,SPECIES,Plantae
213215304,https://www.gbif.org/species/5371869,Bifora testiculata (L.) Spreng.,HETEROTYPIC_SYNONYM,7412216,Bifora testiculata (L.) Roth,SPECIES,Plantae
213215309,https://www.gbif.org/species/5539680,Pimpinella aromatica M.Bieb.,ACCEPTED,5539680,Pimpinella aromatica M.Bieb.,SPECIES,Plantae
213215312,https://www.gbif.org/species/3034782,Smyrnium olusatrum L.,ACCEPTED,3034782,Smyrnium olusatrum L.,SPECIES,Plantae
213215316,https://www.gbif.org/species/8350395,Cyclospermum leptophyllum (Pers.) Sprague,ACCEPTED,8350395,Cyclospermum leptophyllum (Pers.) Sprague,SPECIES,Plantae
213215324,https://www.gbif.org/species/7400250,Platanus ×hispanica Mill. ex Münchh.,ACCEPTED,7400250,Platanus ×hispanica Mill. ex Münchh.,SPECIES,Plantae
213215328,https://www.gbif.org/species/8428499,Sidalcea oregana (Nutt. ex Torr. & A.Gray) A.Gray,ACCEPTED,8428499,Sidalcea oregana (Nutt. ex Torr. & A.Gray) A.Gray,SPECIES,Plantae
213215332,https://www.gbif.org/species/3152519,Althaea cannabina L.,ACCEPTED,3152519,Althaea cannabina L.,SPECIES,Plantae
213215333,https://www.gbif.org/species/3152521,Althaea hirsuta L.,ACCEPTED,3152521,Althaea hirsuta L.,SPECIES,Plantae
213215335,https://www.gbif.org/species/3941038,Malva preissiana Miq.,ACCEPTED,3941038,Malva preissiana Miq.,SPECIES,Plantae
213215336,https://www.gbif.org/species/3940326,Malva trimestris (L.) Salisb.,ACCEPTED,3940326,Malva trimestris (L.) Salisb.,SPECIES,Plantae
213215337,https://www.gbif.org/species/3935079,Malva arborea (L.) Webb & Berthel.,ACCEPTED,3935079,Malva arborea (L.) Webb & Berthel.,SPECIES,Plantae
213215338,https://www.gbif.org/species/3933415,"Malva multiflora (Cav.) Soldano, Banfi & Galasso",ACCEPTED,3933415,"Malva multiflora (Cav.) Soldano, Banfi & Galasso",SPECIES,Plantae
213215339,https://www.gbif.org/species/12132283,Malva alcea var. ribifolia (Viv.) Paol.,ACCEPTED,12132283,Malva alcea var. ribifolia (Viv.) Paol.,VARIETY,Plantae
213215352,https://www.gbif.org/species/8237223,Halimium lasianthum (Lam.) Spach,ACCEPTED,8237223,Halimium lasianthum (Lam.) Spach,SPECIES,Plantae
213215358,https://www.gbif.org/species/5332305,Ostrya carpinifolia Scop.,ACCEPTED,5332305,Ostrya carpinifolia Scop.,SPECIES,Plantae
213215363,https://www.gbif.org/species/8326061,Quercus coccinea Münchh.,ACCEPTED,8326061,Quercus coccinea Münchh.,SPECIES,Plantae
213215364,https://www.gbif.org/species/2879411,Quercus suber L.,ACCEPTED,2879411,Quercus suber L.,SPECIES,Plantae
213215365,https://www.gbif.org/species/2878826,Quercus pyrenaica Willd.,ACCEPTED,2878826,Quercus pyrenaica Willd.,SPECIES,Plantae
213215366,https://www.gbif.org/species/2879520,Quercus conferta Kit.,ACCEPTED,2879520,Quercus conferta Kit.,SPECIES,Plantae
213215368,https://www.gbif.org/species/2882360,Fagus orientalis Lipsky,ACCEPTED,2882360,Fagus orientalis Lipsky,SPECIES,Plantae
213215374,https://www.gbif.org/species/4205304,Pterocarya ×rehderiana C.K.Schneid.,ACCEPTED,4205304,Pterocarya ×rehderiana C.K.Schneid.,SPECIES,Plantae
213215375,https://www.gbif.org/species/8288647,Pterocarya fraxinifolia (Poir.) Spach,ACCEPTED,8288647,Pterocarya fraxinifolia (Poir.) Spach,SPECIES,Plantae
213215379,https://www.gbif.org/species/3856436,Viburnum davidi Franch.,ACCEPTED,3856436,Viburnum davidi Franch.,SPECIES,Plantae
213215383,https://www.gbif.org/species/4103685,Scabiosa nitens Roem. & Schult.,ACCEPTED,4103685,Scabiosa nitens Roem. & Schult.,SPECIES,Plantae
213215386,https://www.gbif.org/species/8012439,Symphoricarpos albus (L.) K.Koch,ACCEPTED,8012439,Symphoricarpos albus (L.) K.Koch,SPECIES,Plantae
213215387,https://www.gbif.org/species/8212772,Symphoricarpos ×doorenbosii Krüssm.,DOUBTFUL,8212772,Symphoricarpos ×doorenbosii Krüssm.,SPECIES,Plantae
213215392,https://www.gbif.org/species/2888805,Scabiosa atropurpurea L.,SYNONYM,7301011,Sixalix atropurpurea subsp. atropurpurea,SUBSPECIES,Plantae
213215395,https://www.gbif.org/species/7298987,Centranthus calcitrapae (L.) Dufr.,ACCEPTED,7298987,Centranthus calcitrapae (L.) Dufr.,SPECIES,Plantae
213215398,https://www.gbif.org/species/5599249,Lonicera nitida E.H.Wilson,SYNONYM,7764700,Lonicera pileata var. yunnanensis (Franch.) Bernd Schulz,VARIETY,Plantae
213215399,https://www.gbif.org/species/5334247,Lonicera etrusca Santi,ACCEPTED,5334247,Lonicera etrusca Santi,SPECIES,Plantae
213215401,https://www.gbif.org/species/2888799,Cephalaria alpina (L.) Roem. & Schult.,ACCEPTED,2888799,Cephalaria alpina (L.) Roem. & Schult.,SPECIES,Plantae
213215403,https://www.gbif.org/species/9771172,Valerianella locusta subsp. locusta,ACCEPTED,9771172,Valerianella locusta subsp. locusta,SUBSPECIES,Plantae
213215405,https://www.gbif.org/species/4103351,Lomelosia caucasica (M.Bieb.) Greuter & Burdet,ACCEPTED,4103351,Lomelosia caucasica (M.Bieb.) Greuter & Burdet,SPECIES,Plantae
213215407,https://www.gbif.org/species/8011733,Weigela floribunda (Siebold & Zucc.) C.A.Mey.,ACCEPTED,8011733,Weigela floribunda (Siebold & Zucc.) C.A.Mey.,SPECIES,Plantae
213215410,https://www.gbif.org/species/2888796,Cephalaria syriaca (L.) Roem. & Schult.,DOUBTFUL,2888796,Cephalaria syriaca (L.) Roem. & Schult.,SPECIES,Plantae
213215417,https://www.gbif.org/species/3172276,Osmanthus heterophyllus (G.Don) P.S.Green,ACCEPTED,3172276,Osmanthus heterophyllus (G.Don) P.S.Green,SPECIES,Plantae
213215419,https://www.gbif.org/species/3172327,Fraxinus americana L.,ACCEPTED,3172327,Fraxinus americana L.,SPECIES,Plantae
213215420,https://www.gbif.org/species/7325877,Fraxinus angustifolia Vahl,ACCEPTED,7325877,Fraxinus angustifolia Vahl,SPECIES,Plantae
213215422,https://www.gbif.org/species/5549698,Syringa josikaea J.Jacquin,DOUBTFUL,5549698,Syringa josikaea J.Jacquin,SPECIES,Plantae
213215427,https://www.gbif.org/species/5414976,Bellardia trixago (L.) All.,ACCEPTED,5414976,Bellardia trixago (L.) All.,SPECIES,Plantae
213215428,https://www.gbif.org/species/7733140,Bellardia viscosa (L.) Fisch. & C.A.Mey.,ACCEPTED,7733140,Bellardia viscosa (L.) Fisch. & C.A.Mey.,SPECIES,Plantae
213215431,https://www.gbif.org/species/7332517,Orobanche flava subsp. flava,ACCEPTED,7332517,Orobanche flava subsp. flava,SUBSPECIES,Plantae
213215433,https://www.gbif.org/species/7359335,Odontites luteus Steven,DOUBTFUL,7359335,Odontites luteus Steven,SPECIES,Plantae
213215444,https://www.gbif.org/species/7757431,Clinopodium nepeta subsp. spruneri (Boiss.) Bartolucci & F.Conti,ACCEPTED,7757431,Clinopodium nepeta subsp. spruneri (Boiss.) Bartolucci & F.Conti,SUBSPECIES,Plantae
213215445,https://www.gbif.org/species/11007246,Clinopodium menthifolium (Host) Merino,ACCEPTED,11007246,Clinopodium menthifolium (Host) Merino,SPECIES,Plantae
213215446,https://www.gbif.org/species/7437438,Clinopodium grandiflorum (L.) Kuntze,ACCEPTED,7437438,Clinopodium grandiflorum (L.) Kuntze,SPECIES,Plantae
213215448,https://www.gbif.org/species/7308335,Mentha spicata subsp. spicata,ACCEPTED,7308335,Mentha spicata subsp. spicata,SUBSPECIES,Plantae
213215449,https://www.gbif.org/species/3893979,Mentha ×wirtgeniana F.W.Schultz,ACCEPTED,3893979,Mentha ×wirtgeniana F.W.Schultz,SPECIES,Plantae
213215451,https://www.gbif.org/species/10646747,Caryopteris incana x mongholica,ACCEPTED,10646747,Caryopteris incana x mongholica,SPECIES,Plantae
213215453,https://www.gbif.org/species/3890974,Pycnanthemum verticillatum var. pilosum (Nutt.) Cooperr.,ACCEPTED,3890974,Pycnanthemum verticillatum var. pilosum (Nutt.) Cooperr.,VARIETY,Plantae
213215454,https://www.gbif.org/species/2927363,Pycnanthemum verticillatum (Michx.) Pers.,ACCEPTED,2927363,Pycnanthemum verticillatum (Michx.) Pers.,SPECIES,Plantae
213215467,https://www.gbif.org/species/11064584,Salvia abrotanoides (Kar.) Sytsma,ACCEPTED,11064584,Salvia abrotanoides (Kar.) Sytsma,SPECIES,Plantae
213215468,https://www.gbif.org/species/10801424,Salvia yangii B.T.Drew,ACCEPTED,10801424,Salvia yangii B.T.Drew,SPECIES,Plantae
213215469,https://www.gbif.org/species/3898065,Salvia lavandulifolia subsp. gallica W.Lippert,SYNONYM,6411218,"Salvia officinalis subsp. gallica (W.Lippert) Reales, D.Rivera & Obón",SUBSPECIES,Plantae
213215470,https://www.gbif.org/species/10902460,Salvia rosmarinus Spenn.,ACCEPTED,10902460,Salvia rosmarinus Spenn.,SPECIES,Plantae
213215471,https://www.gbif.org/species/2927029,Salvia splendens Sellow ex Schult.,DOUBTFUL,2927029,Salvia splendens Sellow ex Schult.,SPECIES,Plantae
213215472,https://www.gbif.org/species/3882686,Salvia uliginosa Benth.,ACCEPTED,3882686,Salvia uliginosa Benth.,SPECIES,Plantae
213215475,https://www.gbif.org/species/5609603,Nepeta subsessilis Maxim.,ACCEPTED,5609603,Nepeta subsessilis Maxim.,SPECIES,Plantae
213215477,https://www.gbif.org/species/3896203,Teucrium hyrcanicum Steud.,ACCEPTED,3896203,Teucrium hyrcanicum Steud.,SPECIES,Plantae
213215480,https://www.gbif.org/species/7420038,Prunella grandiflora (L.) Scholler,DOUBTFUL,7420038,Prunella grandiflora (L.) Scholler,SPECIES,Plantae
213215482,https://www.gbif.org/species/5341447,Thymus pannonicus All.,ACCEPTED,5341447,Thymus pannonicus All.,SPECIES,Plantae
213215486,https://www.gbif.org/species/5609719,Scutellaria columnae All.,ACCEPTED,5609719,Scutellaria columnae All.,SPECIES,Plantae
213215497,https://www.gbif.org/species/3736228,Scrophularia pyrenaica Benth.,ACCEPTED,3736228,Scrophularia pyrenaica Benth.,SPECIES,Plantae
213215500,https://www.gbif.org/species/5563116,Nemesia caerulea Hiern,ACCEPTED,5563116,Nemesia caerulea Hiern,SPECIES,Plantae
213215503,https://www.gbif.org/species/9629891,Verbascum ×angulosum Teyber,ACCEPTED,9629891,Verbascum ×angulosum Teyber,SPECIES,Plantae
213215510,https://www.gbif.org/species/8602699,Lindernia procumbens (Krock.) Borbás,ACCEPTED,8602699,Lindernia procumbens (Krock.) Borbás,SPECIES,Plantae
213215517,https://www.gbif.org/species/7878507,Erythranthe cuprea (Dombrain) G.L.Nesom,ACCEPTED,7878507,Erythranthe cuprea (Dombrain) G.L.Nesom,SPECIES,Plantae
213215518,https://www.gbif.org/species/7730307,Erythranthe lutea (L.) G.L.Nesom,ACCEPTED,7730307,Erythranthe lutea (L.) G.L.Nesom,SPECIES,Plantae
213215523,https://www.gbif.org/species/2925303,Lantana camara L.,ACCEPTED,2925303,Lantana camara L.,SPECIES,Plantae
213215525,https://www.gbif.org/species/5341112,Phyla nodiflora (L.) Greene,ACCEPTED,5341112,Phyla nodiflora (L.) Greene,SPECIES,Plantae
213215527,https://www.gbif.org/species/4083707,Verbena aristigera S.Moore,ACCEPTED,4083707,Verbena aristigera S.Moore,SPECIES,Plantae
213215528,https://www.gbif.org/species/2925616,Verbena ×hybrida Groenland & Rümpler,ACCEPTED,2925616,Verbena ×hybrida Groenland & Rümpler,SPECIES,Plantae
213215536,https://www.gbif.org/species/3727713,Veronica pinguifolia Hook.fil.,ACCEPTED,3727713,Veronica pinguifolia Hook.fil.,SPECIES,Plantae
213215537,https://www.gbif.org/species/8983123,Veronica teucrium var. teucrium,SYNONYM,3725062,Veronica teucrium L.,SPECIES,Plantae
213215541,https://www.gbif.org/species/5414991,Digitalis ferruginea L.,ACCEPTED,5414991,Digitalis ferruginea L.,SPECIES,Plantae
213215544,https://www.gbif.org/species/5415006,Linaria bipartita (Vent.) Willd.,ACCEPTED,5415006,Linaria bipartita (Vent.) Willd.,SPECIES,Plantae
213215546,https://www.gbif.org/species/8006893,Kickxia elatine subsp. sieberi (Rchb.) Hayek,ACCEPTED,8006893,Kickxia elatine subsp. sieberi (Rchb.) Hayek,SUBSPECIES,Plantae
213215549,https://www.gbif.org/species/3189696,Plantago aristata Michx.,ACCEPTED,3189696,Plantago aristata Michx.,SPECIES,Plantae
213215552,https://www.gbif.org/species/7332416,Chaenorhinum origanifolium subsp. origanifolium,ACCEPTED,7332416,Chaenorhinum origanifolium subsp. origanifolium,SUBSPECIES,Plantae
213215553,https://www.gbif.org/species/7332415,Chaenorhinum origanifolium (L.) Fourr.,ACCEPTED,7332415,Chaenorhinum origanifolium (L.) Fourr.,SPECIES,Plantae
213215556,https://www.gbif.org/species/5559825,Cymbalaria pubescens (C.Presl) Cufod.,ACCEPTED,5559825,Cymbalaria pubescens (C.Presl) Cufod.,SPECIES,Plantae
213215557,https://www.gbif.org/species/8200663,"Cymbalaria muralis G.Gaertn., B.Mey. & Scherb.",ACCEPTED,8200663,"Cymbalaria muralis G.Gaertn., B.Mey. & Scherb.",SPECIES,Plantae
213215560,https://www.gbif.org/species/3171302,Mazus miquelii Makino,ACCEPTED,3171302,Mazus miquelii Makino,SPECIES,Plantae
213215563,https://www.gbif.org/species/4091345,Incarvillea delavayi Bureau & Franch.,ACCEPTED,4091345,Incarvillea delavayi Bureau & Franch.,SPECIES,Plantae
213215566,https://www.gbif.org/species/3172549,Campsis radicans (L.) Bureau,ACCEPTED,3172549,Campsis radicans (L.) Bureau,SPECIES,Plantae
213215567,https://www.gbif.org/species/4094511,Campsis grandiflora (Thunb.) K.Schum.,ACCEPTED,4094511,Campsis grandiflora (Thunb.) K.Schum.,SPECIES,Plantae
213215574,https://www.gbif.org/species/5341548,Gilia capitata Sims,ACCEPTED,5341548,Gilia capitata Sims,SPECIES,Plantae
213215584,https://www.gbif.org/species/5371655,Halesia carolina L.,ACCEPTED,5371655,Halesia carolina L.,SPECIES,Plantae
213215589,https://www.gbif.org/species/2882841,Vaccinium macrocarpon Aiton,ACCEPTED,2882841,Vaccinium macrocarpon Aiton,SPECIES,Plantae
213215596,https://www.gbif.org/species/7327959,Daboecia cantabrica subsp. cantabrica,ACCEPTED,7327959,Daboecia cantabrica subsp. cantabrica,SUBSPECIES,Plantae
213215599,https://www.gbif.org/species/6400569,Rhododendron tomentosum (Stokes) Harmaja,ACCEPTED,6400569,Rhododendron tomentosum (Stokes) Harmaja,SPECIES,Plantae
213215608,https://www.gbif.org/species/3169331,Lysimachia clethroides Duby,ACCEPTED,3169331,Lysimachia clethroides Duby,SPECIES,Plantae
213215609,https://www.gbif.org/species/8076173,Lysimachia monelli (L.) U.Manns & Anderb.,ACCEPTED,8076173,Lysimachia monelli (L.) U.Manns & Anderb.,SPECIES,Plantae
213215616,https://www.gbif.org/species/2874718,Begonia semperflorens Link & Otto,ACCEPTED,2874718,Begonia semperflorens Link & Otto,SPECIES,Plantae
213215622,https://www.gbif.org/species/7885624,Cucumis myriocarpus Naudin,ACCEPTED,7885624,Cucumis myriocarpus Naudin,SPECIES,Plantae
213215624,https://www.gbif.org/species/2874512,Cucurbita ficifolia Bouché,ACCEPTED,2874512,Cucurbita ficifolia Bouché,SPECIES,Plantae
213215639,https://www.gbif.org/species/6371424,Rhamnus alaternus L.,ACCEPTED,6371424,Rhamnus alaternus L.,SPECIES,Plantae
213215647,https://www.gbif.org/species/5671095,"Urtica membranacea Barbieri ex Blume, 1856",DOUBTFUL,5671095,"Urtica membranacea Barbieri ex Blume, 1856",SPECIES,Plantae
213215651,https://www.gbif.org/species/2984537,Humulus scandens (Lour.) Merr.,ACCEPTED,2984537,Humulus scandens (Lour.) Merr.,SPECIES,Plantae
213215654,https://www.gbif.org/species/2984492,Celtis australis L.,ACCEPTED,2984492,Celtis australis L.,SPECIES,Plantae
213215657,https://www.gbif.org/species/3025889,Cotoneaster beimashanensis J.Fryer & B.Hylmö,ACCEPTED,3025889,Cotoneaster beimashanensis J.Fryer & B.Hylmö,SPECIES,Plantae
213215658,https://www.gbif.org/species/3026035,Cotoneaster coriaceus Franch.,ACCEPTED,3026035,Cotoneaster coriaceus Franch.,SPECIES,Plantae
213215659,https://www.gbif.org/species/3025764,Cotoneaster adpressus Bois,ACCEPTED,3025764,Cotoneaster adpressus Bois,SPECIES,Plantae
213215660,https://www.gbif.org/species/3025770,Cotoneaster acutifolius Turcz.,ACCEPTED,3025770,Cotoneaster acutifolius Turcz.,SPECIES,Plantae
213215661,https://www.gbif.org/species/3025986,Cotoneaster fruticosus J.Fryer & B.Hylmö,ACCEPTED,3025986,Cotoneaster fruticosus J.Fryer & B.Hylmö,SPECIES,Plantae
213215664,https://www.gbif.org/species/11844792,Geum ternatum subsp. ternatum,ACCEPTED,11844792,Geum ternatum subsp. ternatum,SUBSPECIES,Plantae
213215666,https://www.gbif.org/species/5363613,Aronia ×prunifolia (Marshall) Rehder,ACCEPTED,5363613,Aronia ×prunifolia (Marshall) Rehder,SPECIES,Plantae
213215668,https://www.gbif.org/species/8356787,Pourthiaea villosa (Thunb.) Decne.,ACCEPTED,8356787,Pourthiaea villosa (Thunb.) Decne.,SPECIES,Plantae
213215669,https://www.gbif.org/species/3000384,Pourthiaea beauverdiana (C.K.Schneid.) Hatus.,ACCEPTED,3000384,Pourthiaea beauverdiana (C.K.Schneid.) Hatus.,SPECIES,Plantae
213215673,https://www.gbif.org/species/10786206,Rhaphiolepis bibas (Lour.) Galasso & Banfi,ACCEPTED,10786206,Rhaphiolepis bibas (Lour.) Galasso & Banfi,SPECIES,Plantae
213215675,https://www.gbif.org/species/2988188,Pyracantha coccinea M.Roem.,ACCEPTED,2988188,Pyracantha coccinea M.Roem.,SPECIES,Plantae
213215676,https://www.gbif.org/species/2988224,Pyracantha fortuneana (Maxim.) H.L.Li,ACCEPTED,2988224,Pyracantha fortuneana (Maxim.) H.L.Li,SPECIES,Plantae
213215679,https://www.gbif.org/species/7790614,Crataegus coccinea L.,ACCEPTED,7790614,Crataegus coccinea L.,SPECIES,Plantae
213215681,https://www.gbif.org/species/3000679,Chaenomeles speciosa (Sweet) Nakai,ACCEPTED,3000679,Chaenomeles speciosa (Sweet) Nakai,SPECIES,Plantae
213215683,https://www.gbif.org/species/5362573,Pyrus communis L.,ACCEPTED,5362573,Pyrus communis L.,SPECIES,Plantae
213215684,https://www.gbif.org/species/5363119,Pyrus calleryana Decne.,ACCEPTED,5363119,Pyrus calleryana Decne.,SPECIES,Plantae
213215686,https://www.gbif.org/species/5370832,Acaena magellanica (Lam.) Vahl,ACCEPTED,5370832,Acaena magellanica (Lam.) Vahl,SPECIES,Plantae
213215687,https://www.gbif.org/species/5370688,Acaena microphylla Hook.fil.,ACCEPTED,5370688,Acaena microphylla Hook.fil.,SPECIES,Plantae
213215693,https://www.gbif.org/species/2987780,Holodiscus discolor (Pursh) Maxim.,ACCEPTED,2987780,Holodiscus discolor (Pursh) Maxim.,SPECIES,Plantae
213215695,https://www.gbif.org/species/7848132,Malus toringo (Siebold) de Vriese,ACCEPTED,7848132,Malus toringo (Siebold) de Vriese,SPECIES,Plantae
213215696,https://www.gbif.org/species/3001362,Malus baccata (L.) Borkh.,ACCEPTED,3001362,Malus baccata (L.) Borkh.,SPECIES,Plantae
213215697,https://www.gbif.org/species/3001244,Malus domestica (Suckow) Borkh.,ACCEPTED,3001244,Malus domestica (Suckow) Borkh.,SPECIES,Plantae
213215699,https://www.gbif.org/species/3023903,Amelanchier humilis Wiegand,ACCEPTED,3023903,Amelanchier humilis Wiegand,SPECIES,Plantae
213215701,https://www.gbif.org/species/3013215,Cormus domestica (L.) Spach,ACCEPTED,3013215,Cormus domestica (L.) Spach,SPECIES,Plantae
213215704,https://www.gbif.org/species/2988040,Filipendula digitata (Willd.) Bergmans,ACCEPTED,2988040,Filipendula digitata (Willd.) Bergmans,SPECIES,Plantae
213215706,https://www.gbif.org/species/2996897,Rubus setchuenensis Bureau & Franch.,ACCEPTED,2996897,Rubus setchuenensis Bureau & Franch.,SPECIES,Plantae
213215707,https://www.gbif.org/species/2994229,Rubus nutkanus Moc. ex Ser.,ACCEPTED,2994229,Rubus nutkanus Moc. ex Ser.,SPECIES,Plantae
213215709,https://www.gbif.org/species/4926534,Sibbaldia tridentata (Aiton) Paule & Soják,ACCEPTED,4926534,Sibbaldia tridentata (Aiton) Paule & Soják,SPECIES,Plantae
213215712,https://www.gbif.org/species/7925720,Poterium sanguisorba subsp. polygamum (Waldst. & Kit.) Asch. & Graebn.,ACCEPTED,7925720,Poterium sanguisorba subsp. polygamum (Waldst. & Kit.) Asch. & Graebn.,SUBSPECIES,Plantae
213215714,https://www.gbif.org/species/7409013,Prunus domestica subsp. insititia (L.) Bonnier & Layens,ACCEPTED,7409013,Prunus domestica subsp. insititia (L.) Bonnier & Layens,SUBSPECIES,Plantae
213215715,https://www.gbif.org/species/7882872,Prunus domestica A.Sav.,DOUBTFUL,7882872,Prunus domestica A.Sav.,SPECIES,Plantae
213215716,https://www.gbif.org/species/3023671,Prunus domestica subsp. syriaca (Borkh.) Janch.,ACCEPTED,3023671,Prunus domestica subsp. syriaca (Borkh.) Janch.,SUBSPECIES,Plantae
213215717,https://www.gbif.org/species/7499940,Prunus armeniaca Thunb.,DOUBTFUL,7499940,Prunus armeniaca Thunb.,SPECIES,Plantae
213215718,https://www.gbif.org/species/8149923,Prunus persica (L.) Stokes,ACCEPTED,8149923,Prunus persica (L.) Stokes,SPECIES,Plantae
213215719,https://www.gbif.org/species/3022609,Prunus serrulata Lindl.,ACCEPTED,3022609,Prunus serrulata Lindl.,SPECIES,Plantae
213215720,https://www.gbif.org/species/3021955,Prunus incisa Thunb.,ACCEPTED,3021955,Prunus incisa Thunb.,SPECIES,Plantae
213215722,https://www.gbif.org/species/7272185,Rosa carolina subsp. carolina,ACCEPTED,7272185,Rosa carolina subsp. carolina,SUBSPECIES,Plantae
213215723,https://www.gbif.org/species/3003244,Rosa multiflora Thunb.,ACCEPTED,3003244,Rosa multiflora Thunb.,SPECIES,Plantae
213215724,https://www.gbif.org/species/3002530,Rosa gallica L.,ACCEPTED,3002530,Rosa gallica L.,SPECIES,Plantae
213215726,https://www.gbif.org/species/3026454,Spiraea salicifolia L.,ACCEPTED,3026454,Spiraea salicifolia L.,SPECIES,Plantae
213215727,https://www.gbif.org/species/3026622,Spiraea ×vanhouttei (Briot) Zabel,ACCEPTED,3026622,Spiraea ×vanhouttei (Briot) Zabel,SPECIES,Plantae
213215728,https://www.gbif.org/species/3026402,Spiraea thunbergii Siebold ex Blume,ACCEPTED,3026402,Spiraea thunbergii Siebold ex Blume,SPECIES,Plantae
213215729,https://www.gbif.org/species/3026906,Spiraea cantoniensis Lour.,ACCEPTED,3026906,Spiraea cantoniensis Lour.,SPECIES,Plantae
213215730,https://www.gbif.org/species/3026426,Spiraea ×brachybotrys Lange,ACCEPTED,3026426,Spiraea ×brachybotrys Lange,SPECIES,Plantae
213215731,https://www.gbif.org/species/3026406,Spiraea chamaedryfolia L.,ACCEPTED,3026406,Spiraea chamaedryfolia L.,SPECIES,Plantae
213215733,https://www.gbif.org/species/8031875,Dasiphora davurica (Nestl.) Kom. & Aliss.,ACCEPTED,8031875,Dasiphora davurica (Nestl.) Kom. & Aliss.,SPECIES,Plantae
213215736,https://www.gbif.org/species/9245228,Hedlundia hybrida (L.) Sennikov & Kurtto,ACCEPTED,9245228,Hedlundia hybrida (L.) Sennikov & Kurtto,SPECIES,Plantae
213215738,https://www.gbif.org/species/9306058,Karpatiosorbus latifolia (Lam.) Sennikov & Kurtto,ACCEPTED,9306058,Karpatiosorbus latifolia (Lam.) Sennikov & Kurtto,SPECIES,Plantae
213215741,https://www.gbif.org/species/3012426,Sorbus latifolia K.Koch,DOUBTFUL,3012426,Sorbus latifolia K.Koch,SPECIES,Plantae
213215743,https://www.gbif.org/species/5367294,Potentilla recta L.,ACCEPTED,5367294,Potentilla recta L.,SPECIES,Plantae
213215744,https://www.gbif.org/species/5365494,Potentilla argyrophylla var. atrosanguinea (G.Lodd. ex D.Don) Hook.fil.,ACCEPTED,5365494,Potentilla argyrophylla var. atrosanguinea (G.Lodd. ex D.Don) Hook.fil.,VARIETY,Plantae
310015165,https://www.gbif.org/species/5855054,"Cephalothrix simula (Iwata, 1952)",ACCEPTED,5855054,"Cephalothrix simula (Iwata, 1952)",SPECIES,Animalia
310015173,https://www.gbif.org/species/2327326,"Neodexiospira brasiliensis (Grube, 1872)",ACCEPTED,2327326,"Neodexiospira brasiliensis (Grube, 1872)",SPECIES,Animalia
310015179,https://www.gbif.org/species/2328383,"Hydroides ezoensis Okuda, 1934",ACCEPTED,2328383,"Hydroides ezoensis Okuda, 1934",SPECIES,Animalia
310015191,https://www.gbif.org/species/11403089,Gongolaria baccata (S.G.Gmelin) Molinari & Guiry,DOUBTFUL,11403089,Gongolaria baccata (S.G.Gmelin) Molinari & Guiry,SPECIES,Chromista
310015194,https://www.gbif.org/species/5422716,Halidrys siliquosa (L.) Lyngb.,ACCEPTED,5422716,Halidrys siliquosa (L.) Lyngb.,SPECIES,Chromista
310015208,https://www.gbif.org/species/3195749,Chorda filum (L.) Stackh.,ACCEPTED,3195749,Chorda filum (L.) Stackh.,SPECIES,Chromista
310015214,https://www.gbif.org/species/5422479,Laminaria digitata (Huds.) J.V.Lamour.,ACCEPTED,5422479,Laminaria digitata (Huds.) J.V.Lamour.,SPECIES,Chromista
310015215,https://www.gbif.org/species/8845441,"Hirudo verbana Carena, 1820",ACCEPTED,8845441,"Hirudo verbana Carena, 1820",SPECIES,Animalia
310015219,https://www.gbif.org/species/4377207,"Saccharina latissima (L.) C.E.Lane, C.Mayes, Druehl & G.W.Saunders",ACCEPTED,4377207,"Saccharina latissima (L.) C.E.Lane, C.Mayes, Druehl & G.W.Saunders",SPECIES,Chromista
310015325,https://www.gbif.org/species/5166341,"Lepas anserifera Linnaeus, 1767",ACCEPTED,5166341,"Lepas anserifera Linnaeus, 1767",SPECIES,Animalia
310015327,https://www.gbif.org/species/5166345,"Lepas pectinata Spengler, 1793",ACCEPTED,5166345,"Lepas pectinata Spengler, 1793",SPECIES,Animalia
310015329,https://www.gbif.org/species/5166339,"Lepas anatifera Linnaeus, 1758",ACCEPTED,5166339,"Lepas anatifera Linnaeus, 1758",SPECIES,Animalia
310015332,https://www.gbif.org/species/2113862,"Dosima fascicularis (Ellis & Solander, 1786)",ACCEPTED,2113862,"Dosima fascicularis (Ellis & Solander, 1786)",SPECIES,Animalia
310015336,https://www.gbif.org/species/2113864,"Conchoderma virgatum Spengler, 1789",ACCEPTED,2113864,"Conchoderma virgatum Spengler, 1789",SPECIES,Animalia
310015345,https://www.gbif.org/species/5895429,Natantiella ligneola (Berk. & Broome) Réblová,ACCEPTED,5895429,Natantiella ligneola (Berk. & Broome) Réblová,SPECIES,Fungi
310015372,https://www.gbif.org/species/5281739,Grimmia elatior Bruch ex Bals.-Criv. & De Not.,ACCEPTED,5281739,Grimmia elatior Bruch ex Bals.-Criv. & De Not.,SPECIES,Plantae
310015389,https://www.gbif.org/species/4544445,Aceria cerrea Nalepa,ACCEPTED,4544445,Aceria cerrea Nalepa,SPECIES,Animalia
310015394,https://www.gbif.org/species/4544238,"Acalitus phyllereus (Nalepa, 1919)",ACCEPTED,4544238,"Acalitus phyllereus (Nalepa, 1919)",SPECIES,Animalia
310015406,https://www.gbif.org/species/2653394,Ephedra saxatilis (Stapf) Royle ex Florin,ACCEPTED,2653394,Ephedra saxatilis (Stapf) Royle ex Florin,SPECIES,Plantae
310015410,https://www.gbif.org/species/2150501,"Spermophorides mediterranea (Senglet, 1973)",ACCEPTED,2150501,"Spermophorides mediterranea (Senglet, 1973)",SPECIES,Animalia
310015439,https://www.gbif.org/species/2168363,"Salticus mutabilis Lucas, 1846",ACCEPTED,2168363,"Salticus mutabilis Lucas, 1846",SPECIES,Animalia
310015447,https://www.gbif.org/species/2169069,"Menemerus semilimbatus (Hahn, 1829)",ACCEPTED,2169069,"Menemerus semilimbatus (Hahn, 1829)",SPECIES,Animalia
310015499,https://www.gbif.org/species/2687940,Equisetum ramosissimum Desf.,ACCEPTED,2687940,Equisetum ramosissimum Desf.,SPECIES,Plantae
310015525,https://www.gbif.org/species/4505917,"Megascolia maculata (Drury, 1773)",ACCEPTED,4505917,"Megascolia maculata (Drury, 1773)",SPECIES,Animalia
310015547,https://www.gbif.org/species/1309561,"Plagiotrochus quercusilicis (Fabricius, 1798)",ACCEPTED,1309561,"Plagiotrochus quercusilicis (Fabricius, 1798)",SPECIES,Animalia
310015562,https://www.gbif.org/species/5330496,Arum concinnatum Schott,ACCEPTED,5330496,Arum concinnatum Schott,SPECIES,Plantae
310015564,https://www.gbif.org/species/4504757,"Tapinoma nigerrimum (Nylander, 1856)",ACCEPTED,4504757,"Tapinoma nigerrimum (Nylander, 1856)",SPECIES,Animalia
310015565,https://www.gbif.org/species/2871650,Amorphophallus albus P.Y.Liu & J.F.Chen,ACCEPTED,2871650,Amorphophallus albus P.Y.Liu & J.F.Chen,SPECIES,Plantae
310015573,https://www.gbif.org/species/1325120,"Crematogaster scutellaris (Olivier, 1792)",ACCEPTED,1325120,"Crematogaster scutellaris (Olivier, 1792)",SPECIES,Animalia
310015603,https://www.gbif.org/species/2772020,Muscari neglectum Guss. ex Ten.,ACCEPTED,2772020,Muscari neglectum Guss. ex Ten.,SPECIES,Plantae
310015606,https://www.gbif.org/species/1523193,"Euxesta pechumani Curran, 1938",ACCEPTED,1523193,"Euxesta pechumani Curran, 1938",SPECIES,Animalia
310015625,https://www.gbif.org/species/5048690,"Ameles decolor Charpentier, 1825",ACCEPTED,5048690,"Ameles decolor Charpentier, 1825",SPECIES,Animalia
310015637,https://www.gbif.org/species/4423350,"Cyrtaspis scutata (Charpentier, 1825)",ACCEPTED,4423350,"Cyrtaspis scutata (Charpentier, 1825)",SPECIES,Animalia
310015655,https://www.gbif.org/species/1713418,"Locusta migratoria (Linnaeus, 1758)",ACCEPTED,1713418,"Locusta migratoria (Linnaeus, 1758)",SPECIES,Animalia
310015660,https://www.gbif.org/species/1700335,"Oedipoda germanica (Latreille, 1804)",ACCEPTED,1700335,"Oedipoda germanica (Latreille, 1804)",SPECIES,Animalia
310015673,https://www.gbif.org/species/2107724,"Mantispa styriaca (Poda, 1761)",ACCEPTED,2107724,"Mantispa styriaca (Poda, 1761)",SPECIES,Animalia
310015677,https://www.gbif.org/species/5791733,"Anax ephippiger (Burmeister, 1839)",ACCEPTED,5791733,"Anax ephippiger (Burmeister, 1839)",SPECIES,Animalia
310015680,https://www.gbif.org/species/5051955,"Gomphus simillimus Selys, 1840",ACCEPTED,5051955,"Gomphus simillimus Selys, 1840",SPECIES,Animalia
310015688,https://www.gbif.org/species/1428861,"Trithemis kirbyi Selys, 1891",ACCEPTED,1428861,"Trithemis kirbyi Selys, 1891",SPECIES,Animalia
310015690,https://www.gbif.org/species/1429199,"Leucorrhinia albifrons (Burmeister, 1839)",ACCEPTED,1429199,"Leucorrhinia albifrons (Burmeister, 1839)",SPECIES,Animalia
310015696,https://www.gbif.org/species/1080709,"Protaetia morio (Fabricius, 1781)",ACCEPTED,1080709,"Protaetia morio (Fabricius, 1781)",SPECIES,Animalia
310015699,https://www.gbif.org/species/1112380,"Mallodon downesii Hope, 1843",ACCEPTED,1112380,"Mallodon downesii Hope, 1843",SPECIES,Animalia
310015704,https://www.gbif.org/species/2857829,Allium unifolium Kellogg,ACCEPTED,2857829,Allium unifolium Kellogg,SPECIES,Plantae
310015706,https://www.gbif.org/species/1146023,"Aegosoma scabricorne (Scopoli, 1763)",ACCEPTED,1146023,"Aegosoma scabricorne (Scopoli, 1763)",SPECIES,Animalia
310015712,https://www.gbif.org/species/1102800,"Penichroa fasciata (Stephens, 1831)",ACCEPTED,1102800,"Penichroa fasciata (Stephens, 1831)",SPECIES,Animalia
310015732,https://www.gbif.org/species/1047525,"Acanthoscelides obtectus (Say, 1831)",ACCEPTED,1047525,"Acanthoscelides obtectus (Say, 1831)",SPECIES,Animalia
310015734,https://www.gbif.org/species/4461680,"Bruchidius imbricornis (Panzer, 1795)",ACCEPTED,4461680,"Bruchidius imbricornis (Panzer, 1795)",SPECIES,Animalia
310015736,https://www.gbif.org/species/6950919,"Bruchidius siliquastri Delobel, 2007",ACCEPTED,6950919,"Bruchidius siliquastri Delobel, 2007",SPECIES,Animalia
310015740,https://www.gbif.org/species/6950681,"Megabruchidius dorsalis (Fåhraeus, 1839)",ACCEPTED,6950681,"Megabruchidius dorsalis (Fåhraeus, 1839)",SPECIES,Animalia
310015743,https://www.gbif.org/species/8498959,"Luperomorpha xanthodera (Fairmaire, 1888)",ACCEPTED,8498959,"Luperomorpha xanthodera (Fairmaire, 1888)",SPECIES,Animalia
310015745,https://www.gbif.org/species/1047343,"Callosobruchus maculatus (Fabricius, 1775)",ACCEPTED,1047343,"Callosobruchus maculatus (Fabricius, 1775)",SPECIES,Animalia
310015748,https://www.gbif.org/species/5752143,"Bruchus rufimanus Boheman, 1833",ACCEPTED,5752143,"Bruchus rufimanus Boheman, 1833",SPECIES,Animalia
310015749,https://www.gbif.org/species/5752145,"Bruchus brachialis Fåhraeus, 1839",ACCEPTED,5752145,"Bruchus brachialis Fåhraeus, 1839",SPECIES,Animalia
310015750,https://www.gbif.org/species/5752155,"Bruchus pisorum Linnaeus, 1758",ACCEPTED,5752155,"Bruchus pisorum Linnaeus, 1758",SPECIES,Animalia
310015756,https://www.gbif.org/species/1176471,"Polydrusus picus (Fabricius, 1792)",ACCEPTED,1176471,"Polydrusus picus (Fabricius, 1792)",SPECIES,Animalia
310015758,https://www.gbif.org/species/1224025,"Lixus ochraceus Boheman, 1843",ACCEPTED,1224025,"Lixus ochraceus Boheman, 1843",SPECIES,Animalia
310015790,https://www.gbif.org/species/2008840,"Zelus renardii Kolenati, 1857",ACCEPTED,2008840,"Zelus renardii Kolenati, 1857",SPECIES,Animalia
310015804,https://www.gbif.org/species/4486330,"Spilostethus pandurus (Scopoli, 1763)",ACCEPTED,4486330,"Spilostethus pandurus (Scopoli, 1763)",SPECIES,Animalia
310015805,https://www.gbif.org/species/2715830,Cyperus vaginatus R.Br.,ACCEPTED,2715830,Cyperus vaginatus R.Br.,SPECIES,Plantae
310015812,https://www.gbif.org/species/2077209,"Idiopterus nephrelepidis Davis, 1909",ACCEPTED,2077209,"Idiopterus nephrelepidis Davis, 1909",SPECIES,Animalia
310015814,https://www.gbif.org/species/2078259,"Neotoxoptera formosana (Takahashi, 1921)",ACCEPTED,2078259,"Neotoxoptera formosana (Takahashi, 1921)",SPECIES,Animalia
310015816,https://www.gbif.org/species/2072196,"Aphis nerii Boyer de Fonscolombe, 1841",ACCEPTED,2072196,"Aphis nerii Boyer de Fonscolombe, 1841",SPECIES,Animalia
310015817,https://www.gbif.org/species/4485136,"Aphis aurantii Boyer de Fonscolombe, 1841",ACCEPTED,4485136,"Aphis aurantii Boyer de Fonscolombe, 1841",SPECIES,Animalia
310015828,https://www.gbif.org/species/5867595,"Platypleura kaempferi (Fabricius, 1794)",ACCEPTED,5867595,"Platypleura kaempferi (Fabricius, 1794)",SPECIES,Animalia
310015832,https://www.gbif.org/species/2013904,"Ctenarytaina eucalypti (Maskell, 1890)",ACCEPTED,2013904,"Ctenarytaina eucalypti (Maskell, 1890)",SPECIES,Animalia
310015836,https://www.gbif.org/species/2014352,"Livilla variegata (Löw, 1881)",ACCEPTED,2014352,"Livilla variegata (Löw, 1881)",SPECIES,Animalia
310015847,https://www.gbif.org/species/2051533,"Agalmatium bilobum (Fieber, 1877)",ACCEPTED,2051533,"Agalmatium bilobum (Fieber, 1877)",SPECIES,Animalia
310015861,https://www.gbif.org/species/2701281,Juncus australis Hook.fil.,ACCEPTED,2701281,Juncus australis Hook.fil.,SPECIES,Plantae
310015864,https://www.gbif.org/species/2702056,Juncus vaginatus R.Br.,ACCEPTED,2702056,Juncus vaginatus R.Br.,SPECIES,Plantae
310015866,https://www.gbif.org/species/2701838,Juncus edgariae L.A.S.Johnson & K.L.Wilson,ACCEPTED,2701838,Juncus edgariae L.A.S.Johnson & K.L.Wilson,SPECIES,Plantae
310015871,https://www.gbif.org/species/2049688,"Adelges tardus (Dreyfus, 1888)",ACCEPTED,2049688,"Adelges tardus (Dreyfus, 1888)",SPECIES,Animalia
310015872,https://www.gbif.org/species/2702004,Juncus usitatus L.A.S.Johnson,ACCEPTED,2702004,Juncus usitatus L.A.S.Johnson,SPECIES,Plantae
310015875,https://www.gbif.org/species/2702012,Juncus firmus L.A.S.Johnson,ACCEPTED,2702012,Juncus firmus L.A.S.Johnson,SPECIES,Plantae
310015881,https://www.gbif.org/species/2701176,Juncus subglaucus L.A.S.Johnson,ACCEPTED,2701176,Juncus subglaucus L.A.S.Johnson,SPECIES,Plantae
310015883,https://www.gbif.org/species/2701410,Juncus aridicola L.A.S.Johnson,ACCEPTED,2701410,Juncus aridicola L.A.S.Johnson,SPECIES,Plantae
310015884,https://www.gbif.org/species/8636371,"Hauptidia maroccana (Melichar, 1907)",ACCEPTED,8636371,"Hauptidia maroccana (Melichar, 1907)",SPECIES,Animalia
310015886,https://www.gbif.org/species/2039881,"Macropsis vicina (Horváth, 1897)",ACCEPTED,2039881,"Macropsis vicina (Horváth, 1897)",SPECIES,Animalia
310015887,https://www.gbif.org/species/7548011,Juncus microcephalus Kunth,ACCEPTED,7548011,Juncus microcephalus Kunth,SPECIES,Plantae
310015890,https://www.gbif.org/species/2026623,"Pediopsoides sharmai (Viraktamath, 1981)",ACCEPTED,2026623,"Pediopsoides sharmai (Viraktamath, 1981)",SPECIES,Animalia
310015894,https://www.gbif.org/species/2036052,"Hishimonus hamatus Kuoh, 1976",ACCEPTED,2036052,"Hishimonus hamatus Kuoh, 1976",SPECIES,Animalia
310015907,https://www.gbif.org/species/4485837,"Dryadocoris apicalis (Herrich-Schäffer, 1842)",ACCEPTED,4485837,"Dryadocoris apicalis (Herrich-Schäffer, 1842)",SPECIES,Animalia
310015911,https://www.gbif.org/species/4485921,"Mecidea lindbergi Wagner, 1954",ACCEPTED,4485921,"Mecidea lindbergi Wagner, 1954",SPECIES,Animalia
310015976,https://www.gbif.org/species/1994767,"Pycnoscelus surinamensis (Linnaeus, 1758)",ACCEPTED,1994767,"Pycnoscelus surinamensis (Linnaeus, 1758)",SPECIES,Animalia
310015986,https://www.gbif.org/species/2000167,"Periplaneta fuliginosa Serville, 1838",ACCEPTED,2000167,"Periplaneta fuliginosa Serville, 1838",SPECIES,Animalia
310015989,https://www.gbif.org/species/2000335,"Neostylopyga rhombifolia (Stoll, 1813)",ACCEPTED,2000335,"Neostylopyga rhombifolia (Stoll, 1813)",SPECIES,Animalia
310016017,https://www.gbif.org/species/1920491,"Pieris mannii (Mayer, 1851)",ACCEPTED,1920491,"Pieris mannii (Mayer, 1851)",SPECIES,Animalia
310016021,https://www.gbif.org/species/1737850,"Cydia interscindana (Möschler, 1866)",ACCEPTED,1737850,"Cydia interscindana (Möschler, 1866)",SPECIES,Animalia
310016033,https://www.gbif.org/species/1857143,"Opogona omoscopa (Meyrick, 1893)",ACCEPTED,1857143,"Opogona omoscopa (Meyrick, 1893)",SPECIES,Animalia
310016038,https://www.gbif.org/species/1882905,"Diplopseustis perieresalis (Walker, 1859)",ACCEPTED,1882905,"Diplopseustis perieresalis (Walker, 1859)",SPECIES,Animalia
310016040,https://www.gbif.org/species/1879408,"Hellula undalis (Fabricius, 1781)",ACCEPTED,1879408,"Hellula undalis (Fabricius, 1781)",SPECIES,Animalia
310016045,https://www.gbif.org/species/1879691,"Eudonia angustea Curtis, 1827",ACCEPTED,1879691,"Eudonia angustea Curtis, 1827",SPECIES,Animalia
310016049,https://www.gbif.org/species/1889905,"Pseudobissetia terrestrellus Christoph, 1885",ACCEPTED,1889905,"Pseudobissetia terrestrellus Christoph, 1885",SPECIES,Animalia
310016051,https://www.gbif.org/species/1890776,Pyrausta virginalis Duponchel,ACCEPTED,1890776,Pyrausta virginalis Duponchel,SPECIES,Animalia
310016055,https://www.gbif.org/species/1803163,"Utetheisa pulchella Linnaeus, 1758",ACCEPTED,1803163,"Utetheisa pulchella Linnaeus, 1758",SPECIES,Animalia
310016057,https://www.gbif.org/species/1814653,"Dysauxes punctata Fabricius, 1781",ACCEPTED,1814653,"Dysauxes punctata Fabricius, 1781",SPECIES,Animalia
310016059,https://www.gbif.org/species/1797333,"Catocala nymphagoga Esper, 1787",ACCEPTED,1797333,"Catocala nymphagoga Esper, 1787",SPECIES,Animalia
310016061,https://www.gbif.org/species/1798504,"Dysgonia algira Linnaeus, 1767",ACCEPTED,1798504,"Dysgonia algira Linnaeus, 1767",SPECIES,Animalia
310016068,https://www.gbif.org/species/4533345,"Mniotype solieri (Boisduval, 1829)",ACCEPTED,4533345,"Mniotype solieri (Boisduval, 1829)",SPECIES,Animalia
310016071,https://www.gbif.org/species/1792768,Dryobota labecula Esper,ACCEPTED,1792768,Dryobota labecula Esper,SPECIES,Animalia
310016073,https://www.gbif.org/species/5109931,"Spodoptera littoralis (Boisduval, 1833)",ACCEPTED,5109931,"Spodoptera littoralis (Boisduval, 1833)",SPECIES,Animalia
310016075,https://www.gbif.org/species/1770416,Ochropleura leucogaster Freyer,ACCEPTED,1770416,Ochropleura leucogaster Freyer,SPECIES,Animalia
310016077,https://www.gbif.org/species/5113853,"Aedia leucomelas (Linnaeus, 1758)",ACCEPTED,5113853,"Aedia leucomelas (Linnaeus, 1758)",SPECIES,Animalia
310016078,https://www.gbif.org/species/5113847,Aedia funesta Esper,ACCEPTED,5113847,Aedia funesta Esper,SPECIES,Animalia
310016081,https://www.gbif.org/species/1786515,Paradiarsia punicea Hübner,ACCEPTED,1786515,Paradiarsia punicea Hübner,SPECIES,Animalia
310016104,https://www.gbif.org/species/5133088,"Danaus plexippus (Linnaeus, 1758)",ACCEPTED,5133088,"Danaus plexippus (Linnaeus, 1758)",SPECIES,Animalia
310016116,https://www.gbif.org/species/1876624,"Elegia atrifasciella Ragonot, 1887",ACCEPTED,1876624,"Elegia atrifasciella Ragonot, 1887",SPECIES,Animalia
310016122,https://www.gbif.org/species/1890065,Musotima nitidalis (Walker),ACCEPTED,1890065,Musotima nitidalis (Walker),SPECIES,Animalia
310016130,https://www.gbif.org/species/1830822,"Prays oleae Bernard, 1788",ACCEPTED,1830822,"Prays oleae Bernard, 1788",SPECIES,Animalia
310016141,https://www.gbif.org/species/5716906,"Zeuxo holdichi Bamber, 1990",ACCEPTED,5716906,"Zeuxo holdichi Bamber, 1990",SPECIES,Animalia
310016165,https://www.gbif.org/species/6461590,"Ptilohyale littoralis (Stimpson, 1853)",ACCEPTED,6461590,"Ptilohyale littoralis (Stimpson, 1853)",SPECIES,Animalia
310016195,https://www.gbif.org/species/2203614,"Armadillidium maculatum (Risso, 1816)",ACCEPTED,2203614,"Armadillidium maculatum (Risso, 1816)",SPECIES,Animalia
310016217,https://www.gbif.org/species/9442269,"Procambarus virginalis Lyko, 2017",ACCEPTED,9442269,"Procambarus virginalis Lyko, 2017",SPECIES,Animalia
310016254,https://www.gbif.org/species/5290161,Phyllostachys aureosulcata McClure,ACCEPTED,5290161,Phyllostachys aureosulcata McClure,SPECIES,Plantae
310016257,https://www.gbif.org/species/5290167,Phyllostachys aurea (André) Rivière & C.Rivière,ACCEPTED,5290167,Phyllostachys aurea (André) Rivière & C.Rivière,SPECIES,Plantae
310016267,https://www.gbif.org/species/5185431,"Aurelia coerulea von Lendenfeld, 1884",ACCEPTED,5185431,"Aurelia coerulea von Lendenfeld, 1884",SPECIES,Animalia
310016289,https://www.gbif.org/species/2290489,"Todarodes sagittatus (Lamarck, 1798)",ACCEPTED,2290489,"Todarodes sagittatus (Lamarck, 1798)",SPECIES,Animalia
310016295,https://www.gbif.org/species/5189038,"Theora lubrica Gould, 1861",ACCEPTED,5189038,"Theora lubrica Gould, 1861",SPECIES,Animalia
310016305,https://www.gbif.org/species/5729351,"Bucardium ringens (Bruguière, 1789)",ACCEPTED,5729351,"Bucardium ringens (Bruguière, 1789)",SPECIES,Animalia
310016319,https://www.gbif.org/species/4372673,"Venus casina Linnaeus, 1758",ACCEPTED,4372673,"Venus casina Linnaeus, 1758",SPECIES,Animalia
310016321,https://www.gbif.org/species/2287689,"Clausinella fasciata (da Costa, 1778)",ACCEPTED,2287689,"Clausinella fasciata (da Costa, 1778)",SPECIES,Animalia
310016325,https://www.gbif.org/species/4372803,"Gafrarium pectinatum (Linnaeus, 1758)",ACCEPTED,4372803,"Gafrarium pectinatum (Linnaeus, 1758)",SPECIES,Animalia
310016335,https://www.gbif.org/species/2285746,"Ischadium recurvum (Rafinesque, 1820)",ACCEPTED,2285746,"Ischadium recurvum (Rafinesque, 1820)",SPECIES,Animalia
310016339,https://www.gbif.org/species/5189500,"Limaria loscombi (G.B.Sowerby I, 1823)",ACCEPTED,5189500,"Limaria loscombi (G.B.Sowerby I, 1823)",SPECIES,Animalia
310016353,https://www.gbif.org/species/4373699,"Talochlamys pusio (Linnaeus, 1758)",ACCEPTED,4373699,"Talochlamys pusio (Linnaeus, 1758)",SPECIES,Animalia
310016377,https://www.gbif.org/species/6126571,"Haloa japonica (Pilsbry, 1895)",ACCEPTED,6126571,"Haloa japonica (Pilsbry, 1895)",SPECIES,Animalia
310016383,https://www.gbif.org/species/5828232,Cenchrus setaceus (Forssk.) Morrone,ACCEPTED,5828232,Cenchrus setaceus (Forssk.) Morrone,SPECIES,Plantae
310016418,https://www.gbif.org/species/2294129,"Rumina decollata (Linnaeus, 1758)",ACCEPTED,2294129,"Rumina decollata (Linnaeus, 1758)",SPECIES,Animalia
310016437,https://www.gbif.org/species/5191102,"Monacha cantiana (Montagu, 1803)",ACCEPTED,5191102,"Monacha cantiana (Montagu, 1803)",SPECIES,Animalia
310016451,https://www.gbif.org/species/4564216,"Otala punctata (O.F.Müller, 1774)",ACCEPTED,4564216,"Otala punctata (O.F.Müller, 1774)",SPECIES,Animalia
310016460,https://www.gbif.org/species/2293404,"Tricolia pullus (Linnaeus, 1758)",ACCEPTED,2293404,"Tricolia pullus (Linnaeus, 1758)",SPECIES,Animalia
310016465,https://www.gbif.org/species/10800497,"Steromphala tumida (Montagu, 1803)",ACCEPTED,10800497,"Steromphala tumida (Montagu, 1803)",SPECIES,Animalia
310016467,https://www.gbif.org/species/7992320,"Phorcus lineatus (da Costa, 1778)",ACCEPTED,7992320,"Phorcus lineatus (da Costa, 1778)",SPECIES,Animalia
310016500,https://www.gbif.org/species/2292567,"Cipangopaludina chinensis (Griffith & Pidgeon, 1865)",DOUBTFUL,2292567,"Cipangopaludina chinensis (Griffith & Pidgeon, 1865)",SPECIES,Animalia
310016511,https://www.gbif.org/species/2300980,"Graphis albida (Kanmacher, 1798)",ACCEPTED,2300980,"Graphis albida (Kanmacher, 1798)",SPECIES,Animalia
310016516,https://www.gbif.org/species/2765359,Tradescantia zebrina Bosse,ACCEPTED,2765359,Tradescantia zebrina Bosse,SPECIES,Plantae
310016554,https://www.gbif.org/species/2685265,Cephalotaxus fortunei Hook.,ACCEPTED,2685265,Cephalotaxus fortunei Hook.,SPECIES,Plantae
310016560,https://www.gbif.org/species/5284682,Cedrus libani A.Rich.,ACCEPTED,5284682,Cedrus libani A.Rich.,SPECIES,Plantae
310016599,https://www.gbif.org/species/2684102,Thujopsis dolabrata (Thunb. ex L.f.) Siebold & Zucc.,ACCEPTED,2684102,Thujopsis dolabrata (Thunb. ex L.f.) Siebold & Zucc.,SPECIES,Plantae
310016603,https://www.gbif.org/species/9990542,"Naja subfulva Laurent, 1955",ACCEPTED,9990542,"Naja subfulva Laurent, 1955",SPECIES,Animalia
310016608,https://www.gbif.org/species/6159243,"Lacerta bilineata Daudin, 1802",ACCEPTED,6159243,"Lacerta bilineata Daudin, 1802",SPECIES,Animalia
310016639,https://www.gbif.org/species/5788062,"Babka gymnotrachelus (Kessler, 1857)",ACCEPTED,5788062,"Babka gymnotrachelus (Kessler, 1857)",SPECIES,Animalia
310016647,https://www.gbif.org/species/2376461,"Tridentiger bifasciatus Steindachner, 1881",ACCEPTED,2376461,"Tridentiger bifasciatus Steindachner, 1881",SPECIES,Animalia
310016656,https://www.gbif.org/species/2393382,"Eleutheronema tetradactylum (Shaw, 1804)",ACCEPTED,2393382,"Eleutheronema tetradactylum (Shaw, 1804)",SPECIES,Animalia
310016668,https://www.gbif.org/species/5211975,"Istiophorus albicans (Latreille, 1804)",ACCEPTED,5211975,"Istiophorus albicans (Latreille, 1804)",SPECIES,Animalia
310016695,https://www.gbif.org/species/2498259,"Aythya nyroca (Güldenstädt, 1770)",ACCEPTED,2498259,"Aythya nyroca (Güldenstädt, 1770)",SPECIES,Animalia
310016697,https://www.gbif.org/species/2498257,"Aythya affinis (Eyton, 1838)",ACCEPTED,2498257,"Aythya affinis (Eyton, 1838)",SPECIES,Animalia
310016698,https://www.gbif.org/species/2498264,"Aythya collaris (Donovan, 1809)",ACCEPTED,2498264,"Aythya collaris (Donovan, 1809)",SPECIES,Animalia
310016706,https://www.gbif.org/species/2498350,"Somateria spectabilis (Linnaeus, 1758)",ACCEPTED,2498350,"Somateria spectabilis (Linnaeus, 1758)",SPECIES,Animalia
310016708,https://www.gbif.org/species/5232451,"Branta ruficollis (Pallas, 1769)",ACCEPTED,5232451,"Branta ruficollis (Pallas, 1769)",SPECIES,Animalia
310016714,https://www.gbif.org/species/9422220,"Spatula discors (Linnaeus, 1766)",ACCEPTED,9422220,"Spatula discors (Linnaeus, 1766)",SPECIES,Animalia
310016722,https://www.gbif.org/species/2498246,"Melanitta perspicillata (Linnaeus, 1758)",ACCEPTED,2498246,"Melanitta perspicillata (Linnaeus, 1758)",SPECIES,Animalia
310016728,https://www.gbif.org/species/2498125,"Anas carolinensis J.F.Gmelin, 1789",ACCEPTED,2498125,"Anas carolinensis J.F.Gmelin, 1789",SPECIES,Animalia
310016732,https://www.gbif.org/species/2498302,"Oxyura leucocephala (Scopoli, 1769)",ACCEPTED,2498302,"Oxyura leucocephala (Scopoli, 1769)",SPECIES,Animalia
310016749,https://www.gbif.org/species/2498294,"Lophonetta specularioides (P.P.King, 1828)",ACCEPTED,2498294,"Lophonetta specularioides (P.P.King, 1828)",SPECIES,Animalia
310016765,https://www.gbif.org/species/2498026,"Anser erythropus (Linnaeus, 1758)",ACCEPTED,2498026,"Anser erythropus (Linnaeus, 1758)",SPECIES,Animalia
310016766,https://www.gbif.org/species/2917001,Asperula orientalis Boiss. & Hohen.,ACCEPTED,2917001,Asperula orientalis Boiss. & Hohen.,SPECIES,Plantae
310016787,https://www.gbif.org/species/8069880,"Falco rusticolus Linnaeus, 1758",ACCEPTED,8069880,"Falco rusticolus Linnaeus, 1758",SPECIES,Animalia
310016789,https://www.gbif.org/species/9584698,"Falco naumanni J.G.Fleischer, 1818",ACCEPTED,9584698,"Falco naumanni J.G.Fleischer, 1818",SPECIES,Animalia
310016790,https://www.gbif.org/species/2481062,"Falco vespertinus Linnaeus, 1766",ACCEPTED,2481062,"Falco vespertinus Linnaeus, 1766",SPECIES,Animalia
310016798,https://www.gbif.org/species/2496287,"Coccyzus americanus (Linnaeus, 1758)",ACCEPTED,2496287,"Coccyzus americanus (Linnaeus, 1758)",SPECIES,Animalia
310016801,https://www.gbif.org/species/2496464,"Clamator glandarius (Linnaeus, 1758)",ACCEPTED,2496464,"Clamator glandarius (Linnaeus, 1758)",SPECIES,Animalia
310016820,https://www.gbif.org/species/2474863,"Chlamydotis macqueenii (J.E.Gray, 1832)",ACCEPTED,2474863,"Chlamydotis macqueenii (J.E.Gray, 1832)",SPECIES,Animalia
310016824,https://www.gbif.org/species/5228228,"Tetrax tetrax (Linnaeus, 1758)",ACCEPTED,5228228,"Tetrax tetrax (Linnaeus, 1758)",SPECIES,Animalia
310016826,https://www.gbif.org/species/2474921,"Otis tarda Linnaeus, 1758",ACCEPTED,2474921,"Otis tarda Linnaeus, 1758",SPECIES,Animalia
310016830,https://www.gbif.org/species/2475419,"Merops persicus Pallas, 1773",ACCEPTED,2475419,"Merops persicus Pallas, 1773",SPECIES,Animalia
310016840,https://www.gbif.org/species/3189912,Peganum harmala L.,ACCEPTED,3189912,Peganum harmala L.,SPECIES,Plantae
310016841,https://www.gbif.org/species/2475365,"Coracias garrulus Linnaeus, 1758",ACCEPTED,2475365,"Coracias garrulus Linnaeus, 1758",SPECIES,Animalia
310016848,https://www.gbif.org/species/2480353,"Pelecanus crispus Bruch, 1832",ACCEPTED,2480353,"Pelecanus crispus Bruch, 1832",SPECIES,Animalia
310016861,https://www.gbif.org/species/2480773,"Plegadis falcinellus (Linnaeus, 1766)",ACCEPTED,2480773,"Plegadis falcinellus (Linnaeus, 1766)",SPECIES,Animalia
310016870,https://www.gbif.org/species/2480906,"Ardeola ralloides (Scopoli, 1769)",ACCEPTED,2480906,"Ardeola ralloides (Scopoli, 1769)",SPECIES,Animalia
310016878,https://www.gbif.org/species/2481962,"Gavia immer (Brunnich, 1764)",ACCEPTED,2481962,"Gavia immer (Brunnich, 1764)",SPECIES,Animalia
310016879,https://www.gbif.org/species/2481957,"Gavia adamsii (G.R.Gray, 1859)",ACCEPTED,2481957,"Gavia adamsii (G.R.Gray, 1859)",SPECIES,Animalia
310016880,https://www.gbif.org/species/2481959,"Gavia arctica (Linnaeus, 1758)",ACCEPTED,2481959,"Gavia arctica (Linnaeus, 1758)",SPECIES,Animalia
310016884,https://www.gbif.org/species/3768452,Acer griseum (Franch.) Pax,ACCEPTED,3768452,Acer griseum (Franch.) Pax,SPECIES,Plantae
310016886,https://www.gbif.org/species/2495681,"Streptopelia orientalis (Latham, 1790)",ACCEPTED,2495681,"Streptopelia orientalis (Latham, 1790)",SPECIES,Animalia
310016889,https://www.gbif.org/species/3189884,Acer circinatum Pursh,ACCEPTED,3189884,Acer circinatum Pursh,SPECIES,Plantae
310016919,https://www.gbif.org/species/2891607,Pelargonium panduriforme Eckl. & Zeyh.,ACCEPTED,2891607,Pelargonium panduriforme Eckl. & Zeyh.,SPECIES,Plantae
310016920,https://www.gbif.org/species/2891614,Pelargonium grossularioides (L.) L'Hér.,ACCEPTED,2891614,Pelargonium grossularioides (L.) L'Hér.,SPECIES,Plantae
310016928,https://www.gbif.org/species/7841302,Erodium geoides A.St.-Hil.,ACCEPTED,7841302,Erodium geoides A.St.-Hil.,SPECIES,Plantae
310016933,https://www.gbif.org/species/2482077,"Podilymbus podiceps (Linnaeus, 1758)",ACCEPTED,2482077,"Podilymbus podiceps (Linnaeus, 1758)",SPECIES,Animalia
310016975,https://www.gbif.org/species/5414248,Ilex opaca Aiton,ACCEPTED,5414248,Ilex opaca Aiton,SPECIES,Plantae
310016977,https://www.gbif.org/species/5414267,Ilex verticillata (L.) A.Gray,ACCEPTED,5414267,Ilex verticillata (L.) A.Gray,SPECIES,Plantae
310016980,https://www.gbif.org/species/5228695,"Apus pallidus (Shelley, 1870)",ACCEPTED,5228695,"Apus pallidus (Shelley, 1870)",SPECIES,Animalia
310016982,https://www.gbif.org/species/5228662,"Apus affinis (J.E.Gray, 1830)",ACCEPTED,5228662,"Apus affinis (J.E.Gray, 1830)",SPECIES,Animalia
310016985,https://www.gbif.org/species/2477411,"Tachymarptis melba (Linnaeus, 1758)",ACCEPTED,2477411,"Tachymarptis melba (Linnaeus, 1758)",SPECIES,Animalia
310016992,https://www.gbif.org/species/5959111,"Bubo africanus (Temminck, 1821)",ACCEPTED,5959111,"Bubo africanus (Temminck, 1821)",SPECIES,Animalia
310016993,https://www.gbif.org/species/5959143,"Bubo scandiacus (Linnaeus, 1758)",ACCEPTED,5959143,"Bubo scandiacus (Linnaeus, 1758)",SPECIES,Animalia
310016994,https://www.gbif.org/species/2888490,Argemone ochroleuca Sweet,ACCEPTED,2888490,Argemone ochroleuca Sweet,SPECIES,Plantae
310016998,https://www.gbif.org/species/2497701,"Otus scops (Linnaeus, 1758)",ACCEPTED,2497701,"Otus scops (Linnaeus, 1758)",SPECIES,Animalia
310017005,https://www.gbif.org/species/10095118,"Microcarbo pygmaeus (Pallas, 1773)",ACCEPTED,10095118,"Microcarbo pygmaeus (Pallas, 1773)",SPECIES,Animalia
310017010,https://www.gbif.org/species/2481930,"Cathartes aura (Linnaeus, 1758)",ACCEPTED,2481930,"Cathartes aura (Linnaeus, 1758)",SPECIES,Animalia
310017013,https://www.gbif.org/species/2480491,"Circus macrourus (S.G.Gmelin, 1770)",ACCEPTED,2480491,"Circus macrourus (S.G.Gmelin, 1770)",SPECIES,Animalia
310017015,https://www.gbif.org/species/2480696,"Neophron percnopterus (Linnaeus, 1758)",ACCEPTED,2480696,"Neophron percnopterus (Linnaeus, 1758)",SPECIES,Animalia
310017020,https://www.gbif.org/species/2480649,"Gypaetus barbatus (Linnaeus, 1758)",ACCEPTED,2480649,"Gypaetus barbatus (Linnaeus, 1758)",SPECIES,Animalia
310017022,https://www.gbif.org/species/2480524,"Buteo lagopus (Pontoppidan, 1763)",ACCEPTED,2480524,"Buteo lagopus (Pontoppidan, 1763)",SPECIES,Animalia
310017024,https://www.gbif.org/species/2480564,"Buteo rufinus (Cretzschmar, 1829)",ACCEPTED,2480564,"Buteo rufinus (Cretzschmar, 1829)",SPECIES,Animalia
310017029,https://www.gbif.org/species/2480666,"Circaetus gallicus (Gmelin, 1788)",ACCEPTED,2480666,"Circaetus gallicus (Gmelin, 1788)",SPECIES,Animalia
310017032,https://www.gbif.org/species/5229165,"Aegypius monachus (Linnaeus, 1766)",ACCEPTED,5229165,"Aegypius monachus (Linnaeus, 1766)",SPECIES,Animalia
310017036,https://www.gbif.org/species/2480685,"Hieraaetus pennatus (Gmelin, 1788)",ACCEPTED,2480685,"Hieraaetus pennatus (Gmelin, 1788)",SPECIES,Animalia
310017039,https://www.gbif.org/species/2480513,"Aquila nipalensis Hodgson, 1833",ACCEPTED,2480513,"Aquila nipalensis Hodgson, 1833",SPECIES,Animalia
310017040,https://www.gbif.org/species/2480506,"Aquila chrysaetos (Linnaeus, 1758)",ACCEPTED,2480506,"Aquila chrysaetos (Linnaeus, 1758)",SPECIES,Animalia
310017041,https://www.gbif.org/species/2480500,"Aquila heliaca Savigny, 1809",ACCEPTED,2480500,"Aquila heliaca Savigny, 1809",SPECIES,Animalia
310017043,https://www.gbif.org/species/5844449,"Aquila fasciata Vieillot, 1822",ACCEPTED,5844449,"Aquila fasciata Vieillot, 1822",SPECIES,Animalia
310017046,https://www.gbif.org/species/2480372,"Elanus caeruleus (Desfontaines, 1789)",ACCEPTED,2480372,"Elanus caeruleus (Desfontaines, 1789)",SPECIES,Animalia
310017048,https://www.gbif.org/species/2480659,"Polyboroides typus A.Smith, 1829",ACCEPTED,2480659,"Polyboroides typus A.Smith, 1829",SPECIES,Animalia
310017050,https://www.gbif.org/species/2480389,"Gyps fulvus (Hablizl, 1783)",ACCEPTED,2480389,"Gyps fulvus (Hablizl, 1783)",SPECIES,Animalia
310017051,https://www.gbif.org/species/2480384,"Gyps rueppellii (A.E.Brehm, 1852)",ACCEPTED,2480384,"Gyps rueppellii (A.E.Brehm, 1852)",SPECIES,Animalia
310017055,https://www.gbif.org/species/2490681,"Calandrella brachydactyla (Leisler, 1814)",ACCEPTED,2490681,"Calandrella brachydactyla (Leisler, 1814)",SPECIES,Animalia
310017065,https://www.gbif.org/species/2493060,"Phylloscopus coronatus (Temminck & Schlegel, 1847)",ACCEPTED,2493060,"Phylloscopus coronatus (Temminck & Schlegel, 1847)",SPECIES,Animalia
310017066,https://www.gbif.org/species/7341522,"Phylloscopus humei (W.E.Brooks, 1878)",ACCEPTED,7341522,"Phylloscopus humei (W.E.Brooks, 1878)",SPECIES,Animalia
310017070,https://www.gbif.org/species/5846290,"Saxicola maurus (Pallas, 1773)",ACCEPTED,5846290,"Saxicola maurus (Pallas, 1773)",SPECIES,Animalia
310017082,https://www.gbif.org/species/2482515,"Corvus cornix Linnaeus, 1758",ACCEPTED,2482515,"Corvus cornix Linnaeus, 1758",SPECIES,Animalia
310017087,https://www.gbif.org/species/7277720,Thalictrum lucidum L.,ACCEPTED,7277720,Thalictrum lucidum L.,SPECIES,Plantae
310017094,https://www.gbif.org/species/11081628,"Stilpnia vitriolina (Cabanis, 1851)",ACCEPTED,11081628,"Stilpnia vitriolina (Cabanis, 1851)",SPECIES,Animalia
310017112,https://www.gbif.org/species/2487430,"Vireo olivaceus (Linnaeus, 1766)",ACCEPTED,2487430,"Vireo olivaceus (Linnaeus, 1766)",SPECIES,Animalia
310017124,https://www.gbif.org/species/5231640,"Spinus tristis (Linnaeus, 1758)",ACCEPTED,5231640,"Spinus tristis (Linnaeus, 1758)",SPECIES,Animalia
310017137,https://www.gbif.org/species/6100888,"Geokichla sibirica (Pallas, 1776)",ACCEPTED,6100888,"Geokichla sibirica (Pallas, 1776)",SPECIES,Animalia
310017143,https://www.gbif.org/species/2487877,"Cyanistes cyanus (Pallas, 1770)",ACCEPTED,2487877,"Cyanistes cyanus (Pallas, 1770)",SPECIES,Animalia
310017148,https://www.gbif.org/species/2492854,"Lanius minor Gmelin, 1788",ACCEPTED,2492854,"Lanius minor Gmelin, 1788",SPECIES,Animalia
310017150,https://www.gbif.org/species/4408670,"Lanius phoenicuroides (Schalow, 1875)",ACCEPTED,4408670,"Lanius phoenicuroides (Schalow, 1875)",SPECIES,Animalia
310017151,https://www.gbif.org/species/9273219,"Lanius schach Linnaeus, 1758",ACCEPTED,9273219,"Lanius schach Linnaeus, 1758",SPECIES,Animalia
310017152,https://www.gbif.org/species/2492867,"Lanius senator Linnaeus, 1758",ACCEPTED,2492867,"Lanius senator Linnaeus, 1758",SPECIES,Animalia
310017153,https://www.gbif.org/species/2492865,"Lanius isabellinus Hemprich & Ehrenberg, 1833",ACCEPTED,2492865,"Lanius isabellinus Hemprich & Ehrenberg, 1833",SPECIES,Animalia
310017155,https://www.gbif.org/species/2492846,"Lanius cristatus Linnaeus, 1758",ACCEPTED,2492846,"Lanius cristatus Linnaeus, 1758",SPECIES,Animalia
310017158,https://www.gbif.org/species/2484605,"Bombycilla garrulus (Linnaeus, 1758)",ACCEPTED,2484605,"Bombycilla garrulus (Linnaeus, 1758)",SPECIES,Animalia
310017169,https://www.gbif.org/species/2493987,"Quelea quelea (Linnaeus, 1758)",ACCEPTED,2493987,"Quelea quelea (Linnaeus, 1758)",SPECIES,Animalia
310017177,https://www.gbif.org/species/7340335,"Euodice cantans (Gmelin, 1789)",ACCEPTED,7340335,"Euodice cantans (Gmelin, 1789)",SPECIES,Animalia
310017186,https://www.gbif.org/species/4408455,"Hydrobates pelagicus (Linnaeus, 1758)",ACCEPTED,4408455,"Hydrobates pelagicus (Linnaeus, 1758)",SPECIES,Animalia
310017190,https://www.gbif.org/species/2481410,"Thalassarche melanophris (Temminck, 1828)",ACCEPTED,2481410,"Thalassarche melanophris (Temminck, 1828)",SPECIES,Animalia
310017194,https://www.gbif.org/species/5229360,"Puffinus mauretanicus Lowe, 1921",ACCEPTED,5229360,"Puffinus mauretanicus Lowe, 1921",SPECIES,Animalia
310017211,https://www.gbif.org/species/2481312,"Cepphus grylle (Linnaeus, 1758)",ACCEPTED,2481312,"Cepphus grylle (Linnaeus, 1758)",SPECIES,Animalia
310017214,https://www.gbif.org/species/2481339,"Uria lomvia (Linnaeus, 1758)",ACCEPTED,2481339,"Uria lomvia (Linnaeus, 1758)",SPECIES,Animalia
310017217,https://www.gbif.org/species/7406504,"Ichthyaetus audouinii (Payraudeau, 1826)",ACCEPTED,7406504,"Ichthyaetus audouinii (Payraudeau, 1826)",SPECIES,Animalia
310017218,https://www.gbif.org/species/8028588,"Ichthyaetus ichthyaetus (Pallas, 1773)",ACCEPTED,8028588,"Ichthyaetus ichthyaetus (Pallas, 1773)",SPECIES,Animalia
310017221,https://www.gbif.org/species/2481263,"Gelochelidon nilotica (J.F.Gmelin, 1789)",ACCEPTED,2481263,"Gelochelidon nilotica (J.F.Gmelin, 1789)",SPECIES,Animalia
310017223,https://www.gbif.org/species/6065818,"Chroicocephalus philadelphia (Ord, 1815)",ACCEPTED,6065818,"Chroicocephalus philadelphia (Ord, 1815)",SPECIES,Animalia
310017225,https://www.gbif.org/species/6065810,"Chroicocephalus genei (Brème, 1839)",ACCEPTED,6065810,"Chroicocephalus genei (Brème, 1839)",SPECIES,Animalia
310017228,https://www.gbif.org/species/2481285,"Thalasseus elegans (Gambel, 1849)",ACCEPTED,2481285,"Thalasseus elegans (Gambel, 1849)",SPECIES,Animalia
310017230,https://www.gbif.org/species/5229249,"Sterna dougallii Montagu, 1813",ACCEPTED,5229249,"Sterna dougallii Montagu, 1813",SPECIES,Animalia
310017231,https://www.gbif.org/species/5229247,"Sterna forsteri Nuttall, 1834",ACCEPTED,5229247,"Sterna forsteri Nuttall, 1834",SPECIES,Animalia
310017234,https://www.gbif.org/species/2481218,"Rhodostethia rosea (W.MacGillivray, 1824)",ACCEPTED,2481218,"Rhodostethia rosea (W.MacGillivray, 1824)",SPECIES,Animalia
310017236,https://www.gbif.org/species/5846430,"Leucophaeus pipixcan (Wagler, 1831)",ACCEPTED,5846430,"Leucophaeus pipixcan (Wagler, 1831)",SPECIES,Animalia
310017237,https://www.gbif.org/species/6065844,"Leucophaeus atricilla (Linnaeus, 1758)",ACCEPTED,6065844,"Leucophaeus atricilla (Linnaeus, 1758)",SPECIES,Animalia
310017240,https://www.gbif.org/species/2481156,"Larus glaucoides B.Meyer, 1822",ACCEPTED,2481156,"Larus glaucoides B.Meyer, 1822",SPECIES,Animalia
310017241,https://www.gbif.org/species/2481134,"Larus delawarensis Ord, 1815",ACCEPTED,2481134,"Larus delawarensis Ord, 1815",SPECIES,Animalia
310017242,https://www.gbif.org/species/2481127,"Larus hyperboreus Gunnerus, 1767",ACCEPTED,2481127,"Larus hyperboreus Gunnerus, 1767",SPECIES,Animalia
310017245,https://www.gbif.org/species/5789286,"Onychoprion anaethetus (Scopoli, 1786)",ACCEPTED,5789286,"Onychoprion anaethetus (Scopoli, 1786)",SPECIES,Animalia
310017249,https://www.gbif.org/species/2481831,"Gallinago media (Latham, 1787)",ACCEPTED,2481831,"Gallinago media (Latham, 1787)",SPECIES,Animalia
310017252,https://www.gbif.org/species/2481782,"Numenius minutus Gould, 1841",ACCEPTED,2481782,"Numenius minutus Gould, 1841",SPECIES,Animalia
310017253,https://www.gbif.org/species/2481789,"Numenius tenuirostris Vieillot, 1817",ACCEPTED,2481789,"Numenius tenuirostris Vieillot, 1817",SPECIES,Animalia
310017255,https://www.gbif.org/species/2481670,"Limnodromus scolopaceus (Say, 1822)",ACCEPTED,2481670,"Limnodromus scolopaceus (Say, 1822)",SPECIES,Animalia
310017257,https://www.gbif.org/species/5229389,"Phalaropus tricolor (Vieillot, 1819)",ACCEPTED,5229389,"Phalaropus tricolor (Vieillot, 1819)",SPECIES,Animalia
310017259,https://www.gbif.org/species/7537888,"Calidris falcinellus (Pontoppidan, 1763)",ACCEPTED,7537888,"Calidris falcinellus (Pontoppidan, 1763)",SPECIES,Animalia
310017260,https://www.gbif.org/species/2481770,"Calidris bairdii (Coues, 1861)",ACCEPTED,2481770,"Calidris bairdii (Coues, 1861)",SPECIES,Animalia
310017261,https://www.gbif.org/species/2481745,"Calidris minutilla (Vieillot, 1819)",ACCEPTED,2481745,"Calidris minutilla (Vieillot, 1819)",SPECIES,Animalia
310017262,https://www.gbif.org/species/2481744,"Calidris melanotos (Vieillot, 1819)",ACCEPTED,2481744,"Calidris melanotos (Vieillot, 1819)",SPECIES,Animalia
310017263,https://www.gbif.org/species/2481756,"Calidris fuscicollis (Vieillot, 1819)",ACCEPTED,2481756,"Calidris fuscicollis (Vieillot, 1819)",SPECIES,Animalia
310017264,https://www.gbif.org/species/8292425,"Calidris subruficollis (Vieillot, 1819)",ACCEPTED,8292425,"Calidris subruficollis (Vieillot, 1819)",SPECIES,Animalia
310017266,https://www.gbif.org/species/2481769,"Calidris acuminata (Horsfield, 1821)",ACCEPTED,2481769,"Calidris acuminata (Horsfield, 1821)",SPECIES,Animalia
310017267,https://www.gbif.org/species/2481746,"Calidris ruficollis (Pallas, 1776)",ACCEPTED,2481746,"Calidris ruficollis (Pallas, 1776)",SPECIES,Animalia
310017269,https://www.gbif.org/species/2481703,"Xenus cinereus (Güldenstädt, 1775)",ACCEPTED,2481703,"Xenus cinereus (Güldenstädt, 1775)",SPECIES,Animalia
310017272,https://www.gbif.org/species/2481719,"Tringa stagnatilis (Bechstein, 1803)",ACCEPTED,2481719,"Tringa stagnatilis (Bechstein, 1803)",SPECIES,Animalia
310017273,https://www.gbif.org/species/2481720,"Tringa melanoleuca (J.F.Gmelin, 1789)",ACCEPTED,2481720,"Tringa melanoleuca (J.F.Gmelin, 1789)",SPECIES,Animalia
310017275,https://www.gbif.org/species/2481721,"Tringa flavipes (J.F.Gmelin, 1789)",ACCEPTED,2481721,"Tringa flavipes (J.F.Gmelin, 1789)",SPECIES,Animalia
310017277,https://www.gbif.org/species/2481798,"Actitis macularius (Linnaeus, 1766)",ACCEPTED,2481798,"Actitis macularius (Linnaeus, 1766)",SPECIES,Animalia
310017281,https://www.gbif.org/species/2480757,"Glareola pratincola (Linnaeus, 1766)",ACCEPTED,2480757,"Glareola pratincola (Linnaeus, 1766)",SPECIES,Animalia
310017282,https://www.gbif.org/species/2480758,"Glareola nordmanni Fischer von Waldheim, 1842",ACCEPTED,2480758,"Glareola nordmanni Fischer von Waldheim, 1842",SPECIES,Animalia
310017289,https://www.gbif.org/species/2480328,"Pluvialis dominica (P.L.S.Müller, 1776)",ACCEPTED,2480328,"Pluvialis dominica (P.L.S.Müller, 1776)",SPECIES,Animalia
310017290,https://www.gbif.org/species/2480331,"Pluvialis fulva (J.F.Gmelin, 1789)",ACCEPTED,2480331,"Pluvialis fulva (J.F.Gmelin, 1789)",SPECIES,Animalia
310017293,https://www.gbif.org/species/5229147,"Vanellus leucurus (M.H.K.Lichtenstein, 1823)",ACCEPTED,5229147,"Vanellus leucurus (M.H.K.Lichtenstein, 1823)",SPECIES,Animalia
310017294,https://www.gbif.org/species/5229131,"Vanellus indicus (Boddaert, 1783)",ACCEPTED,5229131,"Vanellus indicus (Boddaert, 1783)",SPECIES,Animalia
310017296,https://www.gbif.org/species/5229138,"Vanellus gregarius (Pallas, 1771)",ACCEPTED,5229138,"Vanellus gregarius (Pallas, 1771)",SPECIES,Animalia
310017318,https://www.gbif.org/species/3042809,Brassica fruticulosa Cirillo,ACCEPTED,3042809,Brassica fruticulosa Cirillo,SPECIES,Plantae
310017340,https://www.gbif.org/species/2442165,"Lepidochelys kempii Garman, 1880",ACCEPTED,2442165,"Lepidochelys kempii Garman, 1880",SPECIES,Animalia
310017343,https://www.gbif.org/species/8894817,"Caretta caretta (Linnaeus, 1758)",ACCEPTED,8894817,"Caretta caretta (Linnaeus, 1758)",SPECIES,Animalia
310017388,https://www.gbif.org/species/2422538,"Duttaphrynus melanostictus (Schneider, 1799)",ACCEPTED,2422538,"Duttaphrynus melanostictus (Schneider, 1799)",SPECIES,Animalia
310017423,https://www.gbif.org/species/5220003,"Delphinapterus leucas (Pallas, 1776)",ACCEPTED,5220003,"Delphinapterus leucas (Pallas, 1776)",SPECIES,Animalia
310017425,https://www.gbif.org/species/5220008,"Monodon monoceros Linnaeus, 1758",ACCEPTED,5220008,"Monodon monoceros Linnaeus, 1758",SPECIES,Animalia
310017429,https://www.gbif.org/species/2440483,"Orcinus orca (Linnaeus, 1758)",ACCEPTED,2440483,"Orcinus orca (Linnaeus, 1758)",SPECIES,Animalia
310017433,https://www.gbif.org/species/5220086,"Megaptera novaeangliae (Borowski, 1781)",ACCEPTED,5220086,"Megaptera novaeangliae (Borowski, 1781)",SPECIES,Animalia
310017440,https://www.gbif.org/species/5218525,"Nyctalus lasiopterus (Schreber, 1780)",ACCEPTED,5218525,"Nyctalus lasiopterus (Schreber, 1780)",SPECIES,Animalia
310017448,https://www.gbif.org/species/2441055,"Capra ibex Linnaeus, 1758",ACCEPTED,2441055,"Capra ibex Linnaeus, 1758",SPECIES,Animalia
310017462,https://www.gbif.org/species/5334269,Lonicera caerulea L.,ACCEPTED,5334269,Lonicera caerulea L.,SPECIES,Plantae
310017465,https://www.gbif.org/species/5334268,Lonicera fragrantissima Lindl. & Paxton,ACCEPTED,5334268,Lonicera fragrantissima Lindl. & Paxton,SPECIES,Plantae
310017474,https://www.gbif.org/species/5219369,"Pusa hispida (Schreber, 1775)",ACCEPTED,5219369,"Pusa hispida (Schreber, 1775)",SPECIES,Animalia
310017479,https://www.gbif.org/species/3856322,Weigela japonica Thunb.,ACCEPTED,3856322,Weigela japonica Thunb.,SPECIES,Plantae
310017555,https://www.gbif.org/species/6479063,"Prosthiostomum wagurensis Kato, 1944",ACCEPTED,6479063,"Prosthiostomum wagurensis Kato, 1944",SPECIES,Animalia
310017560,https://www.gbif.org/species/2503215,"Euplana gracilis Girard, 1853",ACCEPTED,2503215,"Euplana gracilis Girard, 1853",SPECIES,Animalia
310017562,https://www.gbif.org/species/5382780,Phyllanthus urinaria L.,ACCEPTED,5382780,Phyllanthus urinaria L.,SPECIES,Plantae
310017592,https://www.gbif.org/species/8155634,"Watersipora subatra (Ortmann, 1890)",ACCEPTED,8155634,"Watersipora subatra (Ortmann, 1890)",SPECIES,Animalia
310017601,https://www.gbif.org/species/3066495,Euphorbia segetalis L.,ACCEPTED,3066495,Euphorbia segetalis L.,SPECIES,Plantae
310017604,https://www.gbif.org/species/1007512,"Pacificincola perforata (Okada & Mawatari, 1937)",ACCEPTED,1007512,"Pacificincola perforata (Okada & Mawatari, 1937)",SPECIES,Animalia
310017624,https://www.gbif.org/species/2874529,Cyclanthera pedata (L.) Schrad.,ACCEPTED,2874529,Cyclanthera pedata (L.) Schrad.,SPECIES,Plantae
310017641,https://www.gbif.org/species/3082274,Cornus kousa Bürger ex Hance,ACCEPTED,3082274,Cornus kousa Bürger ex Hance,SPECIES,Plantae
310017651,https://www.gbif.org/species/3966592,Cullen leucanthum (F.Muell.) J.W.Grimes,ACCEPTED,3966592,Cullen leucanthum (F.Muell.) J.W.Grimes,SPECIES,Plantae
310017652,https://www.gbif.org/species/3966547,Cullen tenax (Lindl.) J.W.Grimes,ACCEPTED,3966547,Cullen tenax (Lindl.) J.W.Grimes,SPECIES,Plantae
310017658,https://www.gbif.org/species/2972983,Albizia julibrissin Durazz.,ACCEPTED,2972983,Albizia julibrissin Durazz.,SPECIES,Plantae
310017668,https://www.gbif.org/species/2971499,Indigofera linnaei Ali,ACCEPTED,2971499,Indigofera linnaei Ali,SPECIES,Plantae
310017680,https://www.gbif.org/species/5358823,Trifolium leucanthum M.Bieb.,ACCEPTED,5358823,Trifolium leucanthum M.Bieb.,SPECIES,Plantae
310017681,https://www.gbif.org/species/5359414,Trifolium cernuum Brot.,ACCEPTED,5359414,Trifolium cernuum Brot.,SPECIES,Plantae
310017684,https://www.gbif.org/species/2952882,Bituminaria bituminosa (L.) C.H.Stirt.,ACCEPTED,2952882,Bituminaria bituminosa (L.) C.H.Stirt.,SPECIES,Plantae
310017692,https://www.gbif.org/species/2965747,Glycyrrhiza acanthocarpa (Lindl.) J.M.Black,ACCEPTED,2965747,Glycyrrhiza acanthocarpa (Lindl.) J.M.Black,SPECIES,Plantae
310017696,https://www.gbif.org/species/2942291,Crotalaria medicaginea Lam.,ACCEPTED,2942291,Crotalaria medicaginea Lam.,SPECIES,Plantae
310017703,https://www.gbif.org/species/5356354,Ceratonia siliqua L.,ACCEPTED,5356354,Ceratonia siliqua L.,SPECIES,Plantae
310017709,https://www.gbif.org/species/2956964,Senna barclayana (Sweet) Randell,ACCEPTED,2956964,Senna barclayana (Sweet) Randell,SPECIES,Plantae
310017710,https://www.gbif.org/species/2956979,Senna planitiicola (Domin) Randell,ACCEPTED,2956979,Senna planitiicola (Domin) Randell,SPECIES,Plantae
310017721,https://www.gbif.org/species/4090162,Armeria pseudarmeria (Murray) Mansf.,ACCEPTED,4090162,Armeria pseudarmeria (Murray) Mansf.,SPECIES,Plantae
310017752,https://www.gbif.org/species/5554574,Tetragonia tetragonoides (Pall.) Kuntze,ACCEPTED,5554574,Tetragonia tetragonoides (Pall.) Kuntze,SPECIES,Plantae
310017790,https://www.gbif.org/species/6391377,Rumex triangulivalvis (Danser) Rech.fil.,ACCEPTED,6391377,Rumex triangulivalvis (Danser) Rech.fil.,SPECIES,Plantae
310017792,https://www.gbif.org/species/2889320,Persicaria virginiana (L.) Gaertn.,ACCEPTED,2889320,Persicaria virginiana (L.) Gaertn.,SPECIES,Plantae
310017799,https://www.gbif.org/species/3084740,Claytonia rubra (Howell) Tidestr.,ACCEPTED,3084740,Claytonia rubra (Howell) Tidestr.,SPECIES,Plantae
310017806,https://www.gbif.org/species/7912535,Falkia repens L.fil.,ACCEPTED,7912535,Falkia repens L.fil.,SPECIES,Plantae
310017808,https://www.gbif.org/species/3680974,Ipomoea lonchophylla J.M.Black,ACCEPTED,3680974,Ipomoea lonchophylla J.M.Black,SPECIES,Plantae
310017812,https://www.gbif.org/species/3678785,Convolvulus graminetinus R.W.Johnson,ACCEPTED,3678785,Convolvulus graminetinus R.W.Johnson,SPECIES,Plantae
310017813,https://www.gbif.org/species/3679569,Convolvulus farinosus L.,ACCEPTED,3679569,Convolvulus farinosus L.,SPECIES,Plantae
310017814,https://www.gbif.org/species/7324396,Convolvulus clementii Domin,ACCEPTED,7324396,Convolvulus clementii Domin,SPECIES,Plantae
310017862,https://www.gbif.org/species/3145311,Smallanthus sonchifolius (Poepp. & Endl.) H.Rob.,ACCEPTED,3145311,Smallanthus sonchifolius (Poepp. & Endl.) H.Rob.,SPECIES,Plantae
310017871,https://www.gbif.org/species/3128725,Centaurea varnensis Velen.,ACCEPTED,3128725,Centaurea varnensis Velen.,SPECIES,Plantae
310017898,https://www.gbif.org/species/3121525,Artemisia gilvescens Miq.,ACCEPTED,3121525,Artemisia gilvescens Miq.,SPECIES,Plantae
310018006,https://www.gbif.org/species/5414975,Scoparia montevidensis (Spreng.) R.E.Fr.,ACCEPTED,5414975,Scoparia montevidensis (Spreng.) R.E.Fr.,SPECIES,Plantae
310018045,https://www.gbif.org/species/2925562,Vitex agnus-castus L.,ACCEPTED,2925562,Vitex agnus-castus L.,SPECIES,Plantae
310018060,https://www.gbif.org/species/2927045,Salvia microphylla Kunth,ACCEPTED,2927045,Salvia microphylla Kunth,SPECIES,Plantae
310018137,https://www.gbif.org/species/2891661,Oxalis pes-caprae L.,ACCEPTED,2891661,Oxalis pes-caprae L.,SPECIES,Plantae
310018148,https://www.gbif.org/species/2882758,Gaultheria shallon Pursh,ACCEPTED,2882758,Gaultheria shallon Pursh,SPECIES,Plantae
310018162,https://www.gbif.org/species/3032980,Diospyros lotus L.,ACCEPTED,3032980,Diospyros lotus L.,SPECIES,Plantae
310018177,https://www.gbif.org/species/3189636,Camellia japonica L.,ACCEPTED,3189636,Camellia japonica L.,SPECIES,Plantae
310018192,https://www.gbif.org/species/5362063,Crassula ovata (Mill.) Druce,ACCEPTED,5362063,Crassula ovata (Mill.) Druce,SPECIES,Plantae
310018195,https://www.gbif.org/species/3702764,Corylopsis spicata Siebold & Zucc.,ACCEPTED,3702764,Corylopsis spicata Siebold & Zucc.,SPECIES,Plantae
310018211,https://www.gbif.org/species/11742641,Myriophyllum rubricaule Valk. & Duist.,ACCEPTED,11742641,Myriophyllum rubricaule Valk. & Duist.,SPECIES,Plantae
310018218,https://www.gbif.org/species/3940858,Abelmoschus ficulneus (L.) Wight & Arn. ex Wight,ACCEPTED,3940858,Abelmoschus ficulneus (L.) Wight & Arn. ex Wight,SPECIES,Plantae
310018222,https://www.gbif.org/species/3937556,Abutilon malvifolium (Benth.) J.M.Black,ACCEPTED,3937556,Abutilon malvifolium (Benth.) J.M.Black,SPECIES,Plantae
310018223,https://www.gbif.org/species/3937065,Abutilon nobile Domin,ACCEPTED,3937065,Abutilon nobile Domin,SPECIES,Plantae
310018224,https://www.gbif.org/species/7279347,Abutilon guineense (Schum.) Baker fil. & Exell,ACCEPTED,7279347,Abutilon guineense (Schum.) Baker fil. & Exell,SPECIES,Plantae
310018225,https://www.gbif.org/species/3937851,Abutilon lepidum (F.Muell.) A.S.Mitch.,ACCEPTED,3937851,Abutilon lepidum (F.Muell.) A.S.Mitch.,SPECIES,Plantae
310018226,https://www.gbif.org/species/3935859,Abutilon sonneratianum (Cav.) Sweet,ACCEPTED,3935859,Abutilon sonneratianum (Cav.) Sweet,SPECIES,Plantae
310018227,https://www.gbif.org/species/7279119,Abutilon oxycarpum (F.Muell.) Benth.,ACCEPTED,7279119,Abutilon oxycarpum (F.Muell.) Benth.,SPECIES,Plantae
310018229,https://www.gbif.org/species/5619178,Pavonia columella Cav.,ACCEPTED,5619178,Pavonia columella Cav.,SPECIES,Plantae
310018230,https://www.gbif.org/species/5617982,Pavonia urens Cav.,ACCEPTED,5617982,Pavonia urens Cav.,SPECIES,Plantae
310018232,https://www.gbif.org/species/3935695,Fuertesimalva echinata (J.Presl) Fryxell,ACCEPTED,3935695,Fuertesimalva echinata (J.Presl) Fryxell,SPECIES,Plantae
310018234,https://www.gbif.org/species/3937996,Sphaeralcea purpurata (Lindl.) Krapov.,ACCEPTED,3937996,Sphaeralcea purpurata (Lindl.) Krapov.,SPECIES,Plantae
310018237,https://www.gbif.org/species/3152514,Herissantia crispa (L.) Brizicky,ACCEPTED,3152514,Herissantia crispa (L.) Brizicky,SPECIES,Plantae
310018239,https://www.gbif.org/species/3152084,Corchorus olitorius L.,ACCEPTED,3152084,Corchorus olitorius L.,SPECIES,Plantae
310018240,https://www.gbif.org/species/3152090,Corchorus tridens L.,ACCEPTED,3152090,Corchorus tridens L.,SPECIES,Plantae
310018241,https://www.gbif.org/species/3152081,Corchorus trilocularis L.,ACCEPTED,3152081,Corchorus trilocularis L.,SPECIES,Plantae
310018245,https://www.gbif.org/species/3152253,Urena lobata L.,ACCEPTED,3152253,Urena lobata L.,SPECIES,Plantae
310018251,https://www.gbif.org/species/4261116,Triumfetta annua L.,ACCEPTED,4261116,Triumfetta annua L.,SPECIES,Plantae
310018253,https://www.gbif.org/species/5618579,Sida hackettiana W.Fitzg.,ACCEPTED,5618579,Sida hackettiana W.Fitzg.,SPECIES,Plantae
310018254,https://www.gbif.org/species/5617809,Sida platycalyx F.Muell. ex Benth.,ACCEPTED,5617809,Sida platycalyx F.Muell. ex Benth.,SPECIES,Plantae
310018255,https://www.gbif.org/species/7278666,Sida atherophora Domin,ACCEPTED,7278666,Sida atherophora Domin,SPECIES,Plantae
310018256,https://www.gbif.org/species/5619128,Sida cerradoensis Krapov.,ACCEPTED,5619128,Sida cerradoensis Krapov.,SPECIES,Plantae
310018257,https://www.gbif.org/species/5619253,Sida brachypoda A.E.Holland & S.T.Reynolds,ACCEPTED,5619253,Sida brachypoda A.E.Holland & S.T.Reynolds,SPECIES,Plantae
310018258,https://www.gbif.org/species/7278839,Sida rohlenae Domin,ACCEPTED,7278839,Sida rohlenae Domin,SPECIES,Plantae
310018259,https://www.gbif.org/species/5406755,Sida cordifolia L.,ACCEPTED,5406755,Sida cordifolia L.,SPECIES,Plantae
310018260,https://www.gbif.org/species/5617151,Sida variegata (Griseb.) Krapov.,ACCEPTED,5617151,Sida variegata (Griseb.) Krapov.,SPECIES,Plantae
310018261,https://www.gbif.org/species/3933670,Sida acuta Burm.fil.,ACCEPTED,3933670,Sida acuta Burm.fil.,SPECIES,Plantae
310018263,https://www.gbif.org/species/5618470,Lawrencia glomerata Hook.,ACCEPTED,5618470,Lawrencia glomerata Hook.,SPECIES,Plantae
310018265,https://www.gbif.org/species/7579470,Hibiscus verdcourtii Craven,ACCEPTED,7579470,Hibiscus verdcourtii Craven,SPECIES,Plantae
310018266,https://www.gbif.org/species/3152547,Hibiscus cannabinus L.,ACCEPTED,3152547,Hibiscus cannabinus L.,SPECIES,Plantae
310018267,https://www.gbif.org/species/3940696,Hibiscus tridactylites Lindl.,ACCEPTED,3940696,Hibiscus tridactylites Lindl.,SPECIES,Plantae
310018269,https://www.gbif.org/species/3152125,Melochia corchorifolia L.,ACCEPTED,3152125,Melochia corchorifolia L.,SPECIES,Plantae
310018271,https://www.gbif.org/species/7931233,Waltheria rotundifolia Schrank,ACCEPTED,7931233,Waltheria rotundifolia Schrank,SPECIES,Plantae
310018273,https://www.gbif.org/species/8248445,Malva weinmanniana (Besser ex Rchb.) Conran,ACCEPTED,8248445,Malva weinmanniana (Besser ex Rchb.) Conran,SPECIES,Plantae
310018275,https://www.gbif.org/species/4261619,Tilia henryana Szyszyl.,ACCEPTED,4261619,Tilia henryana Szyszyl.,SPECIES,Plantae
310018301,https://www.gbif.org/species/7141655,Celtis caucasica Willd.,ACCEPTED,7141655,Celtis caucasica Willd.,SPECIES,Plantae
310018302,https://www.gbif.org/species/2984481,Celtis occidentalis L.,ACCEPTED,2984481,Celtis occidentalis L.,SPECIES,Plantae
310018309,https://www.gbif.org/species/3025684,Cotoneaster gamblei G.Klotz,ACCEPTED,3025684,Cotoneaster gamblei G.Klotz,SPECIES,Plantae
310018320,https://www.gbif.org/species/3021357,Prunus nipponica Matsum.,ACCEPTED,3021357,Prunus nipponica Matsum.,SPECIES,Plantae
310018337,https://www.gbif.org/species/3013404,Crataegus crus-galli L.,ACCEPTED,3013404,Crataegus crus-galli L.,SPECIES,Plantae
