taxonKey,nubKey,taxonID,scientificName,acceptedKey,accepted,kingdom,taxonRank
,1589999,,"Trachyopella straminea Roháček & Marshall, 1985",,,Animalia,species
,8411684,,"Monochamus sutor (Linnaeus, 1758)",,,Animalia,species
,1047536,,"Leptinotarsa decemlineata (Say, 1824)",,,Animalia,species
,1047341,,"Callosobruchus chinensis (Linnaeus, 1758)",,,Animalia,species
,5752155,,"Bruchus pisorum Linnaeus, 1758",,,Animalia,species
,5752143,,"Bruchus rufimanus Boheman, 1833",,,Animalia,species
,1047525,,"Acanthoscelides obtectus (Say, 1831)",,,Animalia,species
,2576553,,Entoleuca mammata (Wahlenb.) J.D.Rogers & Y.M.Ju,,,Fungi,species
,3109086,,Senecio inaequidens DC.,,,Plantae,species
,2891783,,Impatiens balfourii Hook.fil.,,,Plantae,species
,3173338,,Buddleja davidii Franch.,,,Plantae,species
,1179369,,"Pentarthrum confine Broun, 1881",,,Animalia,species
,3204007,,Pseudoperonospora cubensis (Berk. & M.A.Curtis) Rostovzev,,,Chromista,species
,2284723,,"Urnatella gracilis Leidy, 1851",,,Animalia,species
,4408321,,"Craspedacusta sowerbii Lankester, 1880",,,Animalia,species
,2266009,,"Cordylophora caspia (Pallas, 1771)",,,Animalia,species
,5199161,,"Hypania invalida (Grube, 1860)",,,Animalia,species
,7258589,,Plasmopara angustiterminalis Novot.,,,Chromista,species
,3204123,,Plasmopara viticola (Berk. & M.A.Curtis) Berl. & De Toni,,,Chromista,species
,3203716,,Phytophthora infestans (Mont.) de Bary,,,Chromista,species
,3203807,,Peronospora manshurica (Naumov) Syd.,,,Chromista,species
,3203754,,Peronospora arthurii Farl.,,,Chromista,species
,2307856,,"Caspiobdella fadejewi (Epshtein, 1961)",,,Animalia,species
,3203882,,Basidiophora entospora Roze & Cornu,,,Chromista,species
,2308574,,"Branchiura sowerbyi Beddard, 1892",,,Animalia,species
,3202936,,Aphanomyces astaci Schikora,,,Chromista,species
,2307447,,"Barbronia weberi (Blanchard, 1897)",,,Animalia,species
,2505826,,"Fascioloides magna (Bassa, 1875)",,,Animalia,species
,5265718,,Synchytrium endobioticum (Schilb.) Percival,,,Fungi,species
,2612582,,Phaeocryptopus gaeumannii (T.Rohde) Petr.,,,Fungi,species
,4344674,,"Dendrocoelum romanodanubiale (Codreanu, 1949)",,,Animalia,species
,2613011,,Kabatina thujae R.Schneid. & Arx,,,Fungi,species
,5286308,,Lunularia cruciata (L.) Dumort. ex Lindb.,,,Plantae,species
,2678405,,Pterogonium gracile (Hedw.) Sm.,,,Plantae,species
,8756603,,"Gyrodactylus gasterostei Gläser, 1974",,,Animalia,species
,4343706,,"Pseudodactylogyrus anguillae (Yin & Sproston, 1948) Gusev, 1965",,,Animalia,species
,2677047,,Orthodontium lineare Schwägr.,,,Plantae,species
,4343705,,"Pseudodactylogyrus bini (Kikuchi, 1929)",,,Animalia,species
,4412376,,"Dactylogyrus yinwenyingae Gusev, 1962",,,Animalia,species
,5281901,,Campylopus introflexus (Hedw.) Brid.,,,Plantae,species
,2505275,,"Dactylogyrus vastator Nybelin, 1924",,,Animalia,species
,4413920,,"Khawia sinensis Hsü, 1935",,,Animalia,species
,2683880,,Chamaecyparis pisifera (Siebold & Zucc.) Endl.,,,Plantae,species
,2683936,,Calocedrus decurrens (Torr.) Florin,,,Plantae,species
,2614020,,Didymella lycopersici Kleb.,,,Fungi,species
,5274863,,Salvinia ×molesta D.S.Mitch.,,,Plantae,species
,2650107,,Azolla filiculoides Lam.,,,Plantae,species
,2650829,,Cyrtomium falcatum (L.fil.) C.Presl,,,Plantae,species
,2580559,,Rhabdocline pseudotsugae Syd.,,,Fungi,species
,2580627,,Didymascella thujina (E.J.Durand) Maire,,,Fungi,species
,5275415,,Pteris multifida Poir.,,,Plantae,species
,2651586,,Ceratopteris thalictroides (L.) Brongn.,,,Plantae,species
,4559541,,"Sinanodonta woodiana (I.Lea, 1834)",,,Animalia,species
,2287072,,"Dreissena polymorpha (Pallas, 1771)",,,Animalia,species
,8190231,,"Corbicula fluminea (O.F.Müller, 1774)",,,Animalia,species
,2650617,,Asplenium ceterach L.,,,Plantae,species
,2291444,,"Theodoxus fluviatilis (Linnaeus, 1758)",,,Animalia,species
,2753090,,Lilium candidum L.,,,Plantae,species
,5777888,,"Pomatias elegans (O.F.Müller, 1774)",,,Animalia,species
,5300716,,Fritillaria imperialis L.,,,Plantae,species
,5192470,,"Potamopyrgus antipodarum (J.E.Gray, 1843)",,,Animalia,species
,2292581,,"Pomacea bridgesii (Reeve, 1856)",,,Animalia,species
,4362965,,"Melanoides tuberculata (O.F.Müller, 1774)",,,Animalia,species
,2291334,,"Pseudosuccinea columella (Say, 1817)",,,Animalia,species
,7675714,,"Galba cubensis (L.Pfeiffer, 1839)",,,Animalia,species
,2578489,,Erysiphe flexuosa (Peck) U.Braun & S.Takam.,,,Fungi,species
,2578608,,Erysiphe paeoniae R.Y.Zheng & G.Q.Chen,,,Fungi,species
,2766037,,Sagittaria Ruppius ex L.,,,Plantae,
,5254314,,Ophiostoma ulmi (Buisman) Nannf.,,,Fungi,species
,5189745,,"Planorbella duryi (Wetherby, 1879)",,,Animalia,species
,5254231,,Ophiostoma novo-ulmi Brasier,,,Fungi,species
,2290996,,"Gyraulus parvus (Say, 1817)",,,Animalia,species
,4562197,,"Gyraulus chinensis (Dunker, 1848)",,,Animalia,species
,5328774,,Echinodorus cordifolius (L.) Griseb.,,,Plantae,species
,2566393,,Cryphonectria parasitica (Murrill) M.E.Barr,,,Fungi,species
,2295425,,"Zonitoides arboreus (Say, 1817)",,,Animalia,species
,2870583,,Pistia stratiotes L.,,,Plantae,species
,2867616,,Lemna aequinoctialis Welw.,,,Plantae,species
,5189806,,"Physella acuta (Draparnaud, 1805)",,,Animalia,species
,5189807,,"Physella heterostropha (Say, 1817)",,,Animalia,species
,5189789,,"Physella gyrina (Say, 1821)",,,Animalia,species
,4598226,,"Tandonia sowerbyi (A.Férussac, 1823)",,,Animalia,species
,5250210,,Urocystis cepulae Frost,,,Fungi,species
,6098957,,"Tandonia rustica (Millet, 1843)",,,Animalia,species
,2557469,,Ustilago maydis (DC.) Corda,,,Fungi,species
,4598225,,"Tandonia budapestensis (Hazay, 1880)",,,Animalia,species
,7944681,,"Milax nigricans (R.A.Philippi, 1836)",,,Animalia,species
,2763962,,Commelina tuberosa L.,,,Plantae,species
,2297108,,"Milax gagates (Draparnaud, 1801)",,,Animalia,species
,2812415,,Orchis simia Lam.,,,Plantae,species
,7910695,,"Lucilla singleyana (Pilsbry, 1889)",,,Animalia,species
,2513225,,Exobasidium japonicum Shirai,,,Fungi,species
,2748017,,Iris Tourn. ex L.,,,Plantae,
,2513294,,Graphiola phoenicis (Moug. ex Fr.) Poit.,,,Fungi,species
,2295442,,"Limacus flavus (Linnaeus, 1758)",,,Animalia,species
,2295309,,"Hawaiia minuscula (A.Binney, 1841)",,,Animalia,species
,2747489,,Crocus chrysanthus (Herb.) Herb.,,,Plantae,species
,2513609,,Entyloma calendulae (Oudem.) de Bary,,,Fungi,species
,5191102,,"Monacha cantiana (Montagu, 1803)",,,Animalia,species
,2747926,,Crocosmia Planch.,,,Plantae,
,2513597,,Entyloma dahliae Syd. & P.Syd.,,,Fungi,species
,4565039,,"Hygromia cinctella (Draparnaud, 1801)",,,Animalia,species
,5781282,,"Deroceras sturanyi (Simroth, 1894)",,,Animalia,species
,5781277,,"Deroceras reticulatum (O.F.Müller, 1774)",,,Animalia,species
,5190777,,"Deroceras panormitanum (Lessona & Pollonera, 1882)",,,Animalia,species
,2516419,,Tranzschelia discolor (Fuckel) Tranzschel & M.A.Litv.,,,Fungi,species
,3647528,,Scilla tmoli Speta,,,Plantae,species
,9206816,,"Medora macascarensis carniolica (Küster, 1854)",,,Animalia,subspecies
,2516451,,Leucotelium cerasi (Castagne) Tranzschel,,,Fungi,species
,8829186,,Herilla bosniensis bosniensis,,,Animalia,subspecies
,2769766,,Ruscus aculeatus L.,,,Plantae,species
,8804078,,"Charpentieria itala braunii (Rossmässler, 1836)",,,Animalia,subspecies
,2773453,,Ornithogalum divergens Boreau,,,Plantae,species
,10934899,,"Cernuella ionica Mousson, 1854",,,Animalia,species
,8624880,,"Cernuella virgata (Muller, 1774)",,,Animalia,species
,2515758,,Uromyces silphii (Syd. & P.Syd.) Arthur,,,Fungi,species
,8072499,,Puccinia komarovii Tranzschel ex P.Syd. & Syd.,,,Fungi,species
,2767920,,Brimeura amethystina (L.) Chouard,,,Plantae,species
,2515050,,Puccinia lagenophorae Cooke,,,Fungi,species
,2514679,,Puccinia malvacearum Bertero ex Mont.,,,Fungi,species
,2514924,,Puccinia pelargonii-zonalis Doidge,,,Fungi,species
,2514829,,Puccinia prostii Moug. ex Duby,,,Fungi,species
,7753992,,"Helix lucorum Linnaeus, 1758",,,Animalia,species
,2858420,,Narcissus minor L.,,,Plantae,species
,2514966,,Puccinia sorghi Schwein.,,,Fungi,species
,3379957,,Puccinia tulipae J.Schröt.,,,Fungi,species
,11197060,,Narcissus hybridus Hort.,,,Plantae,species
,5858758,,"Cornu aspersum (O.F.Müller, 1774)",,,Animalia,species
,6874395,,"Chilostoma cingulatum gobanzi (Frauenfeld, 1867)",,,Animalia,subspecies
,2514411,,Puccinia horiana Henn.,,,Fungi,species
,2514687,,Puccinia helianthi Schwein.,,,Fungi,species
,2858200,,Narcissus L.,,,Plantae,
,2515236,,Puccinia antirrhini Dietel & Holw.,,,Fungi,species
,4562979,,"Caracollina lenticula (A.Férussac, 1821)",,,Animalia,species
,2516075,,Cumminsiella mirabilissima (Peck) Nannf.,,,Fungi,species
,4567717,,"Boettgerilla pallens Simroth, 1912",,,Animalia,species
,2517512,,Cronartium ribicola J.C.Fisch.,,,Fungi,species
,2294096,,"Arion distinctus Mabille, 1868",,,Animalia,species
,7540164,,"Arion vulgaris Moquin-Tandon, 1855",,,Animalia,species
,2855860,,Allium schoenoprasum L.,,,Plantae,species
,9003393,,"Arion flagellus Collinge, 1893",,,Animalia,species
,2540878,,Rigidoporus lineatus (Pers.) Ryvarden,,,Fungi,species
,5239483,,Clathrus archeri (Berk.) Dring,,,Fungi,species
,2715482,,Cyperus eragrostis Lam.,,,Plantae,species
,2432042,,"Proteus anguinus Laurenti, 1768",,,Animalia,species
,5239476,,Clathrus ruber P.Micheli ex Pers.,,,Fungi,species
,2443002,,"Trachemys scripta (Thunberg In Schoepff, 1792)",,,Animalia,species
,2533347,,Stropharia rugosoannulata Farl. ex Murrill,,,Fungi,species
,5449629,,Pluteus variabilicolor Babos,,,Fungi,species
,6159345,,"Podarcis muralis maculiventris (Werner, 1891)",,,Animalia,subspecies
,6159346,,"Podarcis muralis nigriventris Bonaparte, 1838",,,Animalia,subspecies
,6329723,,Melanotus flavolivens (Berk. & M.A.Curtis) Singer,,,Fungi,species
,7190780,,Lacerta trilineata trilineata,,,Animalia,subspecies
,2537743,,Lentinula edodes (Berk.) Pegler,,,Fungi,species
,5242106,,Gymnopus luxurians (Peck) Murrill,,,Fungi,species
,2436940,,"Oryctolagus cuniculus (Linnaeus, 1758)",,,Animalia,species
,5218786,,"Procyon lotor (Linnaeus, 1758)",,,Animalia,species
,2529986,,Conocybe crispella (Murrill) Singer,,,Fungi,species
,2433652,,"Neovison vison (Schreber, 1777)",,,Animalia,species
,2434552,,"Nyctereutes procyonoides (Gray, 1834)",,,Animalia,species
,2529632,,Bolbitius coprophilus (Peck) Hongo,,,Fungi,species
,2441110,,"Ovis aries Linnaeus, 1758",,,Animalia,species
,9457183,,×Triticosecale rimpaui (M.Graebn.) Wittm. ex A.W.Hill,,,Plantae,species
,5220136,,"Dama dama (Linnaeus, 1758)",,,Animalia,species
,2440954,,"Cervus nippon Temminck, 1838",,,Animalia,species
,5219858,,"Ondatra zibethicus (Linnaeus, 1766)",,,Animalia,species
,2439270,,"Rattus rattus (Linnaeus, 1758)",,,Animalia,species
,2439261,,"Rattus norvegicus (Berkenhout, 1769)",,,Animalia,species
,7429082,,"Mus musculus Linnaeus, 1758",,,Animalia,species
,4264680,,"Myocastor coypus (Molina, 1782)",,,Animalia,species
,5453858,,Tulostoma giovanellae Bres.,,,Fungi,species
,2439838,,"Castor canadensis Kuhl, 1820",,,Animalia,species
,9065458,,Leucocoprinus cretaceus (Bull.) Locq.,,,Fungi,species
,2702955,,Setaria P.Beauv.,,,Plantae,
,2350164,,"Xiphophorus maculatus (Günther, 1866)",,,Animalia,species
,8246728,,"Xiphophorus hellerii Heckel, 1848",,,Animalia,species
,2350050,,"Poecilia reticulata Peters, 1859",,,Animalia,species
,2535629,,Leucocoprinus ianthinus (Sacc.) P.Mohr,,,Fungi,species
,2535839,,Leucoagaricus americanus (Peck) Vellinga,,,Fungi,species
,2535598,,Leucocoprinus birnbaumii (Corda) Singer,,,Fungi,species
,5289694,,Setaria decipiens de Wit,,,Plantae,
,5212833,,"Polyodon spathula (Walbaum, 1792)",,,Animalia,species
,3340858,,Lepiota elaiophylla Vellinga & Huijser,,,Fungi,species
,2704333,,Rostraria Trin.,,,Plantae,
,2535563,,Leucocoprinus straminellus (Bagl.) Narducci & Caroti,,,Fungi,species
,2351327,,"Salvelinus namaycush (Walbaum, 1792)",,,Animalia,species
,2351271,,"Salvelinus fontinalis (Mitchill, 1814)",,,Animalia,species
,5204019,,"Oncorhynchus mykiss (Walbaum, 1792)",,,Animalia,species
,5243447,,Agaricus bisporus (J.E.Lange) Imbach,,,Fungi,species
,5204034,,"Oncorhynchus kisutch (Walbaum, 1792)",,,Animalia,species
,2706156,,Pennisetum alopecuroides (L.) Spreng.,,,Plantae,species
,2379089,,"Neogobius melanostomus (Pallas, 1814)",,,Animalia,species
,2704396,,Polypogon Desf.,,,Plantae,
,2705081,,Panicum virgatum L.,,,Plantae,species
,2394563,,"Micropterus salmoides (Lacepède, 1802)",,,Animalia,species
,2394486,,"Lepomis gibbosus (Linnaeus, 1758)",,,Animalia,species
,2371377,,"Hemichromis fasciatus Peters, 1857",,,Animalia,species
,2371368,,"Hemichromis bimaculatus Gill, 1862",,,Animalia,species
,5739510,,"Pungitius pungitius (Linnaeus, 1758)",,,Animalia,species
,4286327,,"Gasterosteus aculeatus Linnaeus, 1758",,,Animalia,species
,2362868,,"Pseudorasbora parva (Temminck & Schlegel, 1846)",,,Animalia,species
,2706017,,Lagurus L.,,,Plantae,
,2362110,,"Mylopharyngodon piceus (Richardson, 1846)",,,Animalia,species
,2362473,,"Hypophthalmichthys molitrix (Valenciennes, 1844)",,,Animalia,species
,2362486,,"Hypophthalmichthys nobilis (Richardson, 1845)",,,Animalia,species
,2362030,,"Ctenopharyngodon idella (Valenciennes, 1844)",,,Animalia,species
,4286942,,"Carassius auratus (Linnaeus, 1758)",,,Animalia,species
,5207310,,"Barbus plebejus Bonaparte, 1839",,,Animalia,species
,2340989,,"Ameiurus nebulosus (Lesueur, 1819)",,,Animalia,species
,2340977,,"Ameiurus melas (Rafinesque, 1820)",,,Animalia,species
,2705378,,Eragrostis curvula (Schrad.) Nees,,,Plantae,species
,2479226,,"Psittacula krameri (Scopoli, 1769)",,,Animalia,species
,2479407,,"Myiopsitta monachus (Boddaert, 1783)",,,Animalia,species
,2473477,,"Syrmaticus reevesii (J.E.Gray, 1829)",,,Animalia,species
,9752149,,"Phasianus colchicus Linnaeus, 1758",,,Animalia,species
,9451184,,"Pavo cristatus Linnaeus, 1758",,,Animalia,species
,5227966,,"Lophura nycthemera (Linnaeus, 1758)",,,Animalia,species
,9606290,,"Meleagris gallopavo Linnaeus, 1758",,,Animalia,species
,2705972,,Anthoxanthum aristatum Boiss.,,,Plantae,species
,5228034,,"Chrysolophus pictus (Linnaeus, 1758)",,,Animalia,species
,2474051,,"Alectoris rufa (Linnaeus, 1758)",,,Animalia,species
,2474029,,"Alectoris chukar (J.E.Gray, 1830)",,,Animalia,species
,2498015,,"Tadorna ferruginea (Pallas, 1764)",,,Animalia,species
,2498305,,"Oxyura jamaicensis (J.F.Gmelin, 1789)",,,Animalia,species
,2498343,,"Cygnus olor (J.F.Gmelin, 1789)",,,Animalia,species
,2498344,,"Cygnus atratus (Latham, 1790)",,,Animalia,species
,5232464,,"Branta leucopsis (Bechstein, 1803)",,,Animalia,species
,2703663,,Bromus rigidus Roth,,,Plantae,species
,5232437,,"Branta canadensis (Linnaeus, 1758)",,,Animalia,species
,2498283,,Cairina moschata (Established Feral),,,Animalia,species
,2498387,,"Aix sponsa (Linnaeus, 1758)",,,Animalia,species
,2498252,,"Alopochen aegyptiaca (Linnaeus, 1766)",,,Animalia,species
,2498388,,"Aix galericulata (Linnaeus, 1758)",,,Animalia,species
,2706301,,Coix lacryma-jobi L.,,,Plantae,species
,2489010,,"Acridotheres cristatellus (Linnaeus, 1758)",,,Animalia,species
,6109637,,Cynodon dactylon (L.) Pers.,,,Plantae,species
,2234152,,"Tygarrup javanicus Attems, 1929",,,Animalia,species
,2232804,,"Stigmatogaster gracilis Meinert, 1870",,,Animalia,species
,2234407,,"Nyctunguis persimilis Attems, 1932",,,Animalia,species
,2230973,,"Lamyctes emarginatus Newport, 1844",,,Animalia,species
,5421116,,Tribulus terrestris L.,,,Plantae,species
,2230896,,"Ghilaroviella valiachmedovi Zalesskaja, 1975",,,Animalia,species
,8000819,,Platanus,,,Plantae,
,2235037,,"Picripleuroxus denticulatus (Birge, 1879)",,,Animalia,species
,2234831,,"Daphnia parvula Fordyce, 1901",,,Animalia,species
,5372380,,Vitis amurensis Rupr.,,,Plantae,species
,2234587,,"Drepanothrix dentata (Eurén, 1861)",,,Animalia,species
,3039194,,Parthenocissus quinquefolia (L.) Planch.,,,Plantae,species
,3152861,,Liriodendron tulipifera L.,,,Plantae,species
,2114317,,"Eurytemora velox (Lilljeborg, 1853)",,,Animalia,species
,4327406,,"Mesocyclops ruttneri Kiefer, 1981",,,Animalia,species
,5384932,,Saururus cernuus L.,,,Plantae,species
,2116814,,"Cyclops vicinus Uljanin, 1875",,,Animalia,species
,5384931,,Houttuynia cordata Thunb.,,,Plantae,species
,4537152,,"Sminthurinus trinotatus W.M.Axelson, 1905",,,Animalia,species
,2891549,,Geranium macrostylum Boiss.,,,Plantae,species
,2890996,,Geranium aequale (Bab.) Aedo,,,Plantae,species
,2890739,,Geranium versicolor L.,,,Plantae,species
,5167151,,"Friesea claviseta Axelson, 1900",,,Animalia,species
,2985964,,Deutzia gracilis Siebold & Zucc.,,,Plantae,species
,2120313,,"Proisotoma minuta (Tullberg, 1871)",,,Animalia,species
,2120258,,"Cryptopygus thermophila R.S.Yadav, 2017",,,Animalia,species
,3188799,,Oenothera L.,,,Plantae,
,4536759,,"Campodea quilisi Silvestri, 1932",,,Animalia,species
,2119500,,"Campodea lubbockii Silvestri, 1912",,,Animalia,species
,2119536,,"Campodea rhopalota Denis, 1930",,,Animalia,species
,3666491,,Oenothera ×punctulata Rostanski & Gutte,,,Plantae,species
,3665940,,Oenothera royfraseri R.R.Gates,,,Plantae,species
,2119037,,"Proturentomon discretum Condé, 1961",,,Animalia,species
,2118930,,"Berberentulus berberus (Condé, 1948)",,,Animalia,species
,3189286,,Ludwigia L.,,,Plantae,
,2221273,,"Katamysis warpachowskyi G.O.Sars, 1893",,,Animalia,species
,2220347,,"Limnomysis benedeni Czerniavsky, 1882",,,Animalia,species
,2220312,,"Hemimysis anomala G.O.Sars, 1907",,,Animalia,species
,4416920,,"Synurella ambulans (F.Müller, 1846)",,,Animalia,species
,2888617,,Viburnum buddleifolium C.H.Wright,,,Plantae,species
,4417274,,"Niphargus hrabei S.Karaman, 1932",,,Animalia,species
,4417156,,"Obesogammarus obesus (G.O.Sars, 1894)",,,Animalia,species
,4417131,,"Echinogammarus trichiatus (Martynov, 1932)",,,Animalia,species
,5598915,,Lonicera pileata Oliv.,,,Plantae,species
,2219879,,"Echinogammarus ischnus (Stebbing, 1899)",,,Animalia,species
,2888816,,Dipsacus sativus (L.) Honck.,,,Plantae,species
,4315703,,"Dikerogammarus haemobaphes (Eichwald, 1841)",,,Animalia,species
,2928589,,Ipomoea tricolor Cav.,,,Plantae,species
,4315705,,"Dikerogammarus villosus (Sowinsky, 1894)",,,Animalia,species
,4315704,,"Dikerogammarus bispinosus Martynov, 1925",,,Animalia,species
,4314683,,"Chelicorophium curvispinum (G.O.Sars, 1895)",,,Animalia,species
,2227300,,"Procambarus clarkii (Girard, 1852)",,,Animalia,species
,2928997,,Solanum L.,,,Plantae,
,2227000,,"Orconectes limosus (Rafinesque, 1817)",,,Animalia,species
,2226990,,"Pacifastacus leniusculus (Dana, 1852)",,,Animalia,species
,2204981,,"Trichorhina tomentosa (Budde-Lund, 1893)",,,Animalia,species
,5580996,,Physalis tomentosa Thunb.,,,Plantae,species
,2209250,,"Protracheoniscus major (Dollfus, 1903)",,,Animalia,species
,2928858,,Petunia Juss.,,,Plantae,
,5177089,,"Jaera istri Veuille, 1979",,,Animalia,species
,2928759,,Nicotiana langsdorffii Weinm.,,,Plantae,species
,2203739,,"Armadillidium nasatum Budde-Lund, 1885",,,Animalia,species
,1013597,,"Cylindroiulus truncorum (Silvestri, 1896)",,,Animalia,species
,1013651,,"Cylindroiulus punctatus (Leach, 1816)",,,Animalia,species
,7894250,,Datura ferox L.,,,Plantae,species
,1013547,,"Cylindroiulus latestriatus (Curtis, 1845)",,,Animalia,species
,1013578,,"Cylindroiulus caeruleocinctus (Wood, 1864)",,,Animalia,species
,1013526,,"Cylindroiulus britannicus (Verhoeff, 1891)",,,Animalia,species
,2882443,,Cabomba caroliniana A.Gray,,,Plantae,species
,1015472,,"Poratia digitata (Porat, 1889)",,,Animalia,species
,1017419,,"Oxidus gracilis (C.L.Koch, 1847)",,,Animalia,species
,1017156,,"Cylindrodesmus hirsutus Pocock, 1889",,,Animalia,species
,2874506,,Cucurbita L.,,,Plantae,
,1014565,,"Amphitomeus attemsi (Schubart, 1934)",,,Animalia,species
,2874710,,Begonia L.,,,Plantae,
,2126574,,"Withius hispanus (L.Koch, 1873)",,,Animalia,species
,3033077,,Aucuba japonica Thunb.,,,Plantae,species
,2126575,,"Withius piger (Simon, 1878)",,,Animalia,species
,2124726,,"Geogarypus minor (L.Koch, 1873)",,,Animalia,species
,3170212,,Periploca Tourn. ex L.,,,Plantae,
,4553496,,"Opilio canestrinii (Thorell, 1876)",,,Animalia,species
,4553498,,"Opilio ruzickai Šilhavý, 1938",,,Animalia,species
,4553323,,"Dicranolasma scabrum (Herbst, 1799)",,,Animalia,species
,4407901,,"Euscorpius italicus (Herbst, 1800)",,,Animalia,species
,6894283,,"Centruroides gracilis (Latreille, 1804)",,,Animalia,species
,2984253,,Myriophyllum L.,,,Plantae,
,4553865,,"Buthus occitanus (Amoreux, 1789)",,,Animalia,species
,2142456,,"Uloborus plumipes Lucas, 1846",,,Animalia,species
,8223023,,Saxifraga ×geum L.,,,Plantae,species
,11972393,,Saxifraga,,,Plantae,
,2139933,,"Tegenaria parietina (Fourcroy, 1785)",,,Animalia,species
,2139961,,"Tegenaria domestica (Clerck, 1757)",,,Animalia,species
,2162924,,"Zodarion rubidum Simon, 1914",,,Animalia,species
,3230650,,Bergenia Moench,,,Plantae,
,2162903,,"Zodarion italicum (Canestrini, 1868)",,,Animalia,species
,2162962,,"Zodarion hamatum Wiehle, 1964",,,Animalia,species
,3036972,,Aralia spinosa L.,,,Plantae,species
,2132697,,"Zelotes puritanus Chamberlin, 1922",,,Animalia,species
,2159658,,"Zygiella x-notata (Clerck, 1757)",,,Animalia,species
,2153287,,"Zoropsis spinimana (Dufour, 1820)",,,Animalia,species
,5168969,,"Scytodes thoracica (Latreille, 1802)",,,Animalia,species
,2149937,,"Pholcus phalangioides (Fuesslin, 1775)",,,Animalia,species
,2149784,,"Psilochorus simoni (Berland, 1911)",,,Animalia,species
,6183790,,"Olios antiguensis columbiensis Schmidt, 1971",,,Animalia,subspecies
,5371870,,Bifora radians M.Bieb.,,,Plantae,species
,2140187,,"Tapinesthis inermis (Simon, 1882)",,,Animalia,species
,2140648,,"Oonops pulcher Templeton, 1835",,,Animalia,species
,3034560,,Angelica L.,,,Plantae,
,2173277,,"Leptorchestes berolinensis (C.L.Koch, 1846)",,,Animalia,species
,2973363,,Trifolium Tourn. ex L.,,,Plantae,
,2134305,,"Ostearius melanopygius (O.Pickard-Cambridge, 1880)",,,Animalia,species
,2167500,,"Ero aphana (Walckenaer, 1802)",,,Animalia,species
,5358760,,Trifolium repens subsp. prostratum Nyman,,,Plantae,subspecies
,2965599,,Amorpha L.,,,Plantae,
,2144994,,"Nigma walckenaeri (Roewer, 1951)",,,Animalia,species
,2139331,,"Dysdera crocata C.L.Koch, 1838",,,Animalia,species
,5353590,,Cercis siliquastrum L.,,,Plantae,species
,2148660,,"Cetonana laticeps (Canestrini, 1868)",,,Animalia,species
,5359660,,Glycine max (L.) Merr.,,,Plantae,species
,2983965,,Halimodendron halodendron (Pall.) Voss,,,Plantae,species
,2164198,,"Cheiracanthium mildei L.Koch, 1864",,,Animalia,species
,5356680,,Lathyrus sphaericus Retz.,,,Plantae,species
,2965200,,Medicago L.,,,Plantae,
,2157242,,"Steatoda triangulosa (Walckenaer, 1802)",,,Animalia,species
,2157245,,"Steatoda grossa (C.L.Koch, 1838)",,,Animalia,species
,2157219,,"Steatoda castanea (Olivier, 1789)",,,Animalia,species
,2157984,,"Nesticodes rufipes (Lucas, 1846)",,,Animalia,species
,2155867,,"Coleosoma floridanum Banks, 1900",,,Animalia,species
,2156163,,"Carniella brignolii Thaler & Steinberger, 1988",,,Animalia,species
,1419562,,"Spilopsyllus cuniculi (Dale, 1878)",,,Animalia,species
,2952066,,Robinia L.,,,Plantae,
,1417259,,"Nosopsyllus fasciatus (Bosc, 1800)",,,Animalia,species
,1420954,,"Thrips simplex (Morison, 1930)",,,Animalia,species
,7397268,,Trachystemon orientalis (L.) D.Don,,,Plantae,species
,1420857,,"Parthenothrips dracaenae (Heeger, 1854)",,,Animalia,species
,1420795,,"Heliothrips haemorrhoidalis (Bouché, 1833)",,,Animalia,species
,8351995,,"Frankliniella occidentalis (Pergande, 1895)",,,Animalia,species
,2926061,,Symphytum L.,,,Plantae,
,1420846,,"Echinothrips americanus Morgan, 1913",,,Animalia,species
,4423809,,"Euphysothrips minozzii Bagnall, 1926",,,Animalia,species
,6098843,,"Ctenolepisma longicaudatum Escherich, 1905",,,Animalia,species
,4060237,,Amsinckia calycina (Moris) Chater,,,Plantae,species
,4480771,,"Coletinia maggii (Grassi, 1887)",,,Animalia,species
,4422496,,"Trimenopon hispidum (Burmeister, 1838)",,,Animalia,species
,4987919,,"Trichopsocus dalii (McLachlan, 1867)",,,Animalia,species
,1031520,,"Liposcelis bostrychophila Badonnel, 1931",,,Animalia,species
,1031521,,"Liposcelis decolor (Pearman, 1925)",,,Animalia,species
,1031525,,"Liposcelis pearmani Lienhard, 1990",,,Animalia,species
,1031512,,"Liposcelis brunnea Motschulsky, 1852",,,Animalia,species
,1031528,,"Liposcelis corrodens (Heymons, 1909)",,,Animalia,species
,2889304,,Persicaria capitata (Buch.-Ham. ex D.Don) H.Gross,,,Plantae,species
,5334315,,Polygonum arenarium Waldst. & Kit.,,,Plantae,species
,4423009,,"Pitrufquenia coypus Marelli, 1932",,,Animalia,species
,1032759,,"Gyropus ovalis Burmeister, 1838",,,Animalia,species
,3084748,,Claytonia perfoliata Donn ex Willd.,,,Plantae,species
,1032757,,"Gliricola porcelli (Schrank, 1781)",,,Animalia,species
,8026099,,"Ectopsocus meridionalis Ribaga, 1904",,,Animalia,species
,7812211,,Silene flavescens Waldst. & Kit.,,,Plantae,species
,1031737,,"Psyllipsocus ramburii Selys-Longchamps, 1872",,,Animalia,species
,1031743,,"Dorypteryx pallida Aaron, 1883",,,Animalia,species
,1031677,,"Trogium pulsatorium (Linnaeus, 1758)",,,Animalia,species
,1031685,,"Lepinotus reticulatus Enderlein, 1904",,,Animalia,species
,1031684,,"Lepinotus patruelis Pearman, 1931",,,Animalia,species
,1031686,,"Lepinotus inquilinus Heyden, 1850",,,Animalia,species
,1031680,,"Cerobasis annulata (Hagen, 1865)",,,Animalia,species
,7314246,,Paronychia kapela (Hacq.) A.Kern.,,,Plantae,species
,3085878,,Lychnis coronaria (L.) Desr.,,,Plantae,species
,1553410,,"Liriomyza huidobrensis (Blanchard, 1926)",,,Animalia,species
,1553384,,"Liriomyza trifolii (Burgess, 1880)",,,Animalia,species
,1528980,,"Hydrotaea aenescens (Wiedemann, 1830)",,,Animalia,species
,5073574,,"Drosophila tsigana Burla & Gloor, 1952",,,Animalia,species
,3085437,,Cerastium biebersteinii DC.,,,Plantae,species
,7995177,,Atocion armeria (L.) Fourr.,,,Plantae,species
,1548900,,"Dohrniphora cornuta (Bigot, 1857)",,,Animalia,species
,1601456,,"Monarthropalpus flavus (Schrank, 1776)",,,Animalia,species
,1598545,,"Feltiella acarisuga (Vallot, 1827)",,,Animalia,species
,5082067,,"Contarinia quinquenotata (Löw, 1888)",,,Animalia,species
,5082199,,"Contarinia pisi (Winnertz, 1854)",,,Animalia,species
,5568446,,Dysphania ambrosioides (L.) Mosyakin & Clemants,,,Plantae,species
,5568439,,Dysphania aristata (L.) Mosyakin & Clemants,,,Plantae,species
,5568428,,Dysphania botrys (L.) Mosyakin & Clemants,,,Plantae,species
,5568339,,Dysphania pumilio (R.Br.) Mosyakin & Clemants,,,Plantae,species
,5568322,,Dysphania schraderiana (Schult.) Mosyakin & Clemants,,,Plantae,species
,3083975,,Corispermum pallasii Steven,,,Plantae,species
,1557446,,"Zaprionus indianus Gupta, 1970",,,Animalia,species
,3083921,,Chenopodium pratericola Rydb.,,,Plantae,species
,1557713,,"Chymomyza amoena (Loew, 1862)",,,Animalia,species
,5064140,,"Chrysomya albiceps (Wiedemann, 1819)",,,Animalia,species
,1626096,,"Ceratitis capitata (Wiedemann, 1824)",,,Animalia,species
,2007366,,"Reticulitermes flavipes (Kollar, 1837)",,,Animalia,species
,2000204,,"Periplaneta australasiae (Fabricius, 1775)",,,Animalia,species
,2000152,,"Periplaneta americana (Linnaeus, 1758)",,,Animalia,species
,5151589,,"Blatta orientalis Linnaeus, 1758",,,Animalia,species
,3083576,,Bassia All.,,,Plantae,
,4522744,,"Theresimima ampellophaga (Bayle-Barelle, 1809)",,,Animalia,species
,1884479,,"Parapoynx diminutalis Snellen, 1880",,,Animalia,species
,10055273,,"Oinophila v-flava (Haworth, 1828)",,,Animalia,species
,1857829,,"Monopis crocicapitella (Clemens, 1859)",,,Animalia,species
,1845963,,"Oegoconia novimundi Busck, 1915",,,Animalia,species
,5334527,,Limnanthes douglasii R.Br.,,,Plantae,species
,1817797,,"Hyphantria cunea (Drury, 1773)",,,Animalia,species
,5116698,,"Eilema caniola (Hübner, 1808)",,,Animalia,species
,1849924,,"Scrobipalpa ocellatella (Boyd, 1858)",,,Animalia,species
,1849209,,"Sitotroga cerealella (Olivier, 1789)",,,Animalia,species
,1852118,,"Phthorimaea operculella (Zeller, 1873)",,,Animalia,species
,1851409,,"Coleotechnites piceaella (Kearfott, 1903)",,,Animalia,species
,3040809,,Lobularia Desv.,,,Plantae,
,5121010,,"Coleophora spiraeella Rebel, 1916",,,Animalia,species
,1746149,,"Phtheochroa pulvillana (Herrich-Schäffer, 1851)",,,Animalia,species
,3040750,,Lunaria Tourn. ex L.,,,Plantae,
,1736574,,"Grapholita molesta (Busck, 1916)",,,Animalia,species
,1745813,,"Epinotia cedricida Diakonoff, 1969",,,Animalia,species
,1739135,,"Cnephasia pumicana (Zeller, 1847)",,,Animalia,species
,1785181,,Chrysodeixis acuta (Walker),,,Animalia,species
,1749936,,"Phyllonorycter platani (Staudinger, 1870)",,,Animalia,species
,1750159,,"Phyllonorycter leucographella (Zeller, 1850)",,,Animalia,species
,1750166,,"Phyllonorycter issikii (Kumata, 1963)",,,Animalia,species
,1749886,,"Phyllonorycter robiniella (Clemens, 1859)",,,Animalia,species
,5377060,,Lepidium didymum L.,,,Plantae,species
,1748922,,"Parectopa robiniella Clemens, 1863",,,Animalia,species
,1749449,,"Cameraria ohridella Deschka & Dimić, 1986",,,Animalia,species
,5104903,,"Caloptilia azaleella (Brants, 1913)",,,Animalia,species
,1830271,,"Argyresthia trifasciata Staudinger, 1871",,,Animalia,species
,1830284,,"Argyresthia thuiella Packard, 1871",,,Animalia,species
,1866356,,"Samia cynthia Drury, 1773",,,Animalia,species
,1866568,,"Antheraea yamamai Guérin-Méneville, 1861",,,Animalia,species
,1873079,,"Plodia interpunctella (Hübner, 1813)",,,Animalia,species
,3054109,,Aubrieta Adans.,,,Plantae,
,1877032,,"Paralipsa gularis (Zeller, 1877)",,,Animalia,species
,1878470,,"Ephestia elutella (Hübner, 1796)",,,Animalia,species
,1878490,,"Ephestia kuehniella Zeller, 1879",,,Animalia,species
,1876941,,"Corcyra cephalonica (Stainton, 1866)",,,Animalia,species
,1873890,,"Cadra cautella (Walker, 1863)",,,Animalia,species
,1873903,,"Cadra figulilella (Gregson, 1871)",,,Animalia,species
,1873919,,"Cadra calidella Guenée, 1845",,,Animalia,species
,1873071,,"Amyelois transitella Walker, 1863",,,Animalia,species
,3048782,,Calepina irregularis (Asso) Thell.,,,Plantae,species
,3047430,,Capsella Medik.,,,Plantae,
,3045875,,Cardamine glanduligera O.Schwarz,,,Plantae,species
,1398894,,"Trichogramma brassicae Bezdenko, 1968",,,Animalia,species
,6392233,,Camelina sativa var. zingeri Mirek,,,Plantae,variety
,1398762,,"Trichogramma dendrolimi Matsumura, 1926",,,Animalia,species
,3041334,,Crambe L.,,,Plantae,
,1358463,,"Sirex cyaneus Fabricius, 1781",,,Animalia,species
,3051461,,Diplotaxis DC.,,,Plantae,
,1370544,,"Prodecatoma cooki (Howard, 1896)",,,Animalia,species
,4491827,,"Pachynematus itoi Okutani, 1955",,,Animalia,species
,3048463,,Erysimum pulchellum (Willd.) J.Gay,,,Plantae,species
,4491358,,"Nematus tibialis Newman, 1837",,,Animalia,species
,1371011,,"Megastigmus spermotrophus Wachtl, 1893",,,Animalia,species
,3048056,,Erysimum Tourn. ex L.,,,Plantae,
,5041422,,"Sceliphron curvatum (F.Smith, 1870)",,,Animalia,species
,5041466,,"Sceliphron caementarium (Drury, 1773)",,,Animalia,species
,2879504,,Quercus frainetto Ten.,,,Plantae,species
,1346919,,"Isodontia mexicana (de Saussure, 1867)",,,Animalia,species
,1323402,,"Tetramorium bicarinatum (Nylander, 1846)",,,Animalia,species
,1316805,,"Tapinoma melanocephalum (Fabricius, 1793)",,,Animalia,species
,1320123,,"Technomyrmex detorquens (Walker, 1859)",,,Animalia,species
,1320126,,"Technomyrmex albipes (Smith, 1861)",,,Animalia,species
,1323247,,"Tetramorium insolens (Smith, 1861)",,,Animalia,species
,1314773,,"Monomorium pharaonis (Linnaeus, 1758)",,,Animalia,species
,2876049,,Corylus maxima Mill.,,,Plantae,species
,1316908,,"Linepithema humile (Mayr, 1868)",,,Animalia,species
,1316918,,"Linepithema leucomelas (Emery, 1894)",,,Animalia,species
,1326634,,"Hypoponera punctatissima (Roger, 1859)",,,Animalia,species
,2876607,,Alnus cordata (Loisel.) Duby,,,Plantae,species
,1325120,,"Crematogaster scutellaris (Olivier, 1792)",,,Animalia,species
,1315972,,"Aphaenogaster gibbosa (Latreille, 1798)",,,Animalia,species
,5641267,,Primula juliae Kusn.,,,Plantae,species
,1365637,,"Encarsia perniciosi (Tower, 1913)",,,Animalia,species
,1365463,,"Encarsia berlesei (Howard, 1906)",,,Animalia,species
,1365418,,"Encarsia formosa Gahan, 1924",,,Animalia,species
,1364062,,"Aphelinus mali (Haldeman, 1851)",,,Animalia,species
,1269247,,"Aphidius colemani Viereck, 1912",,,Animalia,species
,7327990,,Rhododendron ponticum L.,,,Plantae,species
,1375386,,"Metaphycus helvolus (Compere, 1926)",,,Animalia,species
,2883092,,Rhododendron japonicum (A.Gray) Suringar,,,Plantae,species
,1379261,,"Leptomastix dactylopii Howard, 1885",,,Animalia,species
,1377774,,"Ageniaspis fuscicollis (Dalman, 1820)",,,Animalia,species
,7327980,,Erica spiculifolia Salisb.,,,Plantae,species
,2882780,,Erica L.,,,Plantae,
,5154481,,"Stictocephala bisonia Kopp & Yonke, 1977",,,Animalia,species
,5164206,,"Planococcus citri (Risso, 1813)",,,Animalia,species
,4486243,,"Oxycarenus lavaterae (Fabricius, 1787)",,,Animalia,species
,2078852,,"Nezara viridula (Linnaeus, 1758)",,,Animalia,species
,2068870,,"Metcalfa pruinosa (Say, 1830)",,,Animalia,species
,7763534,,"Lauritrioza alacris (Flor, 1861)",,,Animalia,species
,5156102,,"Leptoglossus occidentalis Heidemann, 1910",,,Animalia,species
,5153082,,"Homotoma ficus (Linnaeus, 1758)",,,Animalia,species
,2888435,,Papaver bracteatum Lindl.,,,Plantae,species
,2017811,,"Haematoloma dorsata (Ahrens, 1812)",,,Animalia,species
,2080592,,"Icerya purchasi Maskell, 1879",,,Animalia,species
,7315230,,Ceratocapnos claviculata subsp. claviculata,,,Plantae,subspecies
,2031228,,"Scaphoideus titanus Ball, 1932",,,Animalia,species
,9201012,,"Macropsis elaeagni Emeljanov, 1964",,,Animalia,species
,2029899,,"Japananus hyalinus (Osborn, 1900)",,,Animalia,species
,2041682,,"Graphocephala fennahi Young, 1977",,,Animalia,species
,2741682,,Helleborus L.,,,Plantae,
,5985037,,"Eupteryx decemnotata Rey, 1891",,,Animalia,species
,3033687,,Delphinium L.,,,Plantae,
,7987016,,"Tuponia elegans (Jakovlev, 1867)",,,Animalia,species
,4487660,,"Dichrooscytus gustavi Josifov, 1981",,,Animalia,species
,3033208,,Aquilegia flavescens S.Watson,,,Plantae,species
,4488821,,"Deraeocoris flavilinea (A.Costa, 1862)",,,Animalia,species
,3033242,,Anemone blanda Schott & Kotschy,,,Plantae,species
,5156013,,Dactylosphaera vitifolii,,,Animalia,
,5410411,,Campanula portenschlagiana Schult.,,,Plantae,species
,2049642,,"Gilletteella coweni (Gillette, 1907)",,,Animalia,species
,2020655,,"Corythucha ciliata (Say, 1832)",,,Animalia,species
,2092040,,"Pulvinaria regalis Canard, 1968",,,Animalia,species
,5712981,,"Coccus hesperidum Linnaeus, 1758",,,Animalia,species
,2012132,,"Trialeurodes vaporariorum (Westwood, 1856)",,,Animalia,species
,2012126,,"Bemisia tabaci (Gennadius, 1889)",,,Animalia,species
,4486382,,"Orsillus depressus Dallas, 1852",,,Animalia,species
,4486297,,"Arocatus longiceps Stal, 1872",,,Animalia,species
,8321970,,"Pseudaulacaspis pentagona (Targioni Tozzetti, 1886)",,,Animalia,species
,3111754,,Zinnia elegans Jacq.,,,Plantae,species
,5161807,,"Aspidiotus hederae Signoret, 1869",,,Animalia,species
,8415576,,"Aonidia lauri (Bouche, 1833)",,,Animalia,species
,3096624,,Urospermum picroides (L.) Scop. ex F.W.Schmidt,,,Plantae,species
,2020879,,"Lyctocoris campestris (Fabricius, 1794)",,,Animalia,species
,4487205,,"Anthocoris butleri Le Quesne, 1954",,,Animalia,species
,4487243,,"Amphiareus obscuriceps (Poppius, 1909)",,,Animalia,species
,3097718,,Serratula L.,,,Plantae,
,2070692,,"Uroleucon erigeronense (Thomas, 1878)",,,Animalia,species
,2071540,,"Tinocallis nevskyi Remaudière, Quednau & Heie, 1988",,,Animalia,species
,2077950,,"Wahlgreniella nervata (Gillette, 1908)",,,Animalia,species
,2073947,,"Rhopalosiphoninus latysiphon (Davidson, 1912)",,,Animalia,species
,2071999,,"Rhodobium porosum (Sanderson, 1900)",,,Animalia,species
,2075500,,"Panaphis juglandis (Goeze, 1778)",,,Animalia,species
,2076179,,"Myzus persicae (Sulzer, 1776)",,,Animalia,species
,2076248,,"Myzus varians Davidson, 1912",,,Animalia,species
,2076239,,"Myzus ascalonicus Doncaster, 1946",,,Animalia,species
,2076228,,"Myzus ornatus Laing, 1932",,,Animalia,species
,3091275,,Klasea quinquefolia (Willd.) Greuter & Wagenitz,,,Plantae,species
,2078062,,"Neomyzus circumflexus (Buckton, 1876)",,,Animalia,species
,2074978,,"Macrosiphoniella sanborni (Gillette, 1908)",,,Animalia,species
,9123250,,Lactuca tatarica (L.) C.A.Mey.,,,Plantae,species
,2077747,,"Macrosiphum euphorbiae (Thomas, 1878)",,,Animalia,species
,2077734,,"Macrosiphum albifrons Essig, 1911",,,Animalia,species
,4933861,,Lapsana communis subsp. intermedia (M.Bieb.) Hayek,,,Plantae,subspecies
,2074696,,"Illinoia azaleae (Mason, 1925)",,,Animalia,species
,2077985,,"Impatientinum asiaticum Nevsky, 1929",,,Animalia,species
,5395398,,Ligularia fischeri (Ledeb.) Turcz.,,,Plantae,species
,2076533,,"Elatobium abietinum (Walker, 1849)",,,Animalia,species
,2075983,,"Eriosoma lanigerum (Hausmann, 1802)",,,Animalia,species
,2070133,,"Diuraphis noxia (Mordvilko, 1913)",,,Animalia,species
,2076486,,"Chaetosiphon fragaefolii (Cockerell, 1901)",,,Animalia,species
,2076260,,"Chromaphis juglandicola (Kaltenbach, 1843)",,,Animalia,species
,2072087,,"Aphis spiraephaga F.P.Muller, 1961",,,Animalia,species
,7937401,,Helianthus mollis Lam.,,,Plantae,species
,2072331,,"Aphis forbesi Weed, 1889",,,Animalia,species
,2072761,,"Aphis spiraecola Patch, 1914",,,Animalia,species
,9083295,,"Aphis gossypii Glover, 1877",,,Animalia,species
,2077503,,"Acyrthosiphon pisum (Harris, 1776)",,,Animalia,species
,2077518,,"Acyrthosiphon caraganae (Cholodkovsky, 1908)",,,Animalia,species
,3141879,,Iva L.,,,Plantae,
,3095122,,Gaillardia Foug.,,,Plantae,
,1724050,,"Arachnocephalus vestitus Costa, 1855",,,Animalia,species
,1702101,,"Anacridium aegyptium (Linnaeus, 1764)",,,Animalia,species
,3109550,,Echinops L.,,,Plantae,
,3146791,,Erigeron canadensis L.,,,Plantae,species
,3146683,,Erigeron sumatrensis Retz.,,,Plantae,species
,1690429,,"Meconema meridionale Costa, 1860",,,Animalia,species
,3093023,,Dahlia Cav.,,,Plantae,
,1688020,,"Leptophyes punctatissima (Bosc, 1792)",,,Animalia,species
,3150935,,Echinacea purpurea (L.) Moench,,,Plantae,species
,1722299,,"Gryllodes sigillatus (Walker, 1869)",,,Animalia,species
,1718308,,"Acheta domesticus (Linnaeus, 1758)",,,Animalia,species
,1161887,,"Tenebroides mauritanicus (Linnaeus, 1758)",,,Animalia,species
,7501381,,"Xylographus bostrychoides (Dufour, 1843)",,,Animalia,species
,4995813,,"Strategus ajax (Olivier, 1789)",,,Animalia,species
,5403377,,Crepis pygmaea L.,,,Plantae,species
,1170200,,"Sitophilus linearis A.Hustache, 1930",,,Animalia,species
,5702572,,Crepis vesicaria subsp. taraxacifolia (Thuill.) Thell.,,,Plantae,subspecies
,4291553,,"Sitophilus zeamais Motschulsky & V.de, 1855",,,Animalia,species
,3143303,,Crepis L.,,,Plantae,
,9495178,,"Phaenops guttulata (Gebler, 1830)",,,Animalia,species
,7687934,,"Pycnomerus inexpectus Jacquelin du Val, 1859",,,Animalia,species
,1047039,,"Stricticomus tobias (Marseul, 1879)",,,Animalia,species
,1046849,,"Omonadus floralis (Linnaeus, 1758)",,,Animalia,species
,3150746,,Chrysanthemum L.,,,Plantae,
,1043751,,"Murmidius ovalis (Beck, 1817)",,,Animalia,species
,4478206,,"Lymnastis galilaeus Piochard de la Brûlerie, 1876",,,Animalia,species
,5405938,,Arnica chamissonis Less.,,,Plantae,species
,3121226,,Artemisia biennis Willd.,,,Plantae,species
,1033864,,"Micromalthus debilis LeConte, 1878",,,Animalia,species
,1161907,,"Tarsostenus univittatus Rossi, 1790",,,Animalia,species
,4448884,,"Opetiopalpus scutellaris (Panzer, 1797)",,,Animalia,species
,1161901,,"Necrobia ruficollis (Fabricius, 1775)",,,Animalia,species
,4448925,,"Necrobia violacea (Linnaeus, 1758)",,,Animalia,species
,7384809,,"Bidens ferulifolia Hemsl., 1881",,,Plantae,species
,1161902,,"Necrobia rufipes (Fabricius, 1781)",,,Animalia,species
,1095652,,"Stegobium paniceum (Linnaeus, 1758)",,,Animalia,species
,3104843,,Calendula L.,,,Plantae,
,4427193,,"Oligomerus ptilinoides (Wollaston, 1854)",,,Animalia,species
,3114511,,Carduus L.,,,Plantae,
,1095270,,"Nicobium castaneum (Olivier, 1790)",,,Animalia,species
,4998194,,"Lasioderma serricorne Fabricius, 1792",,,Animalia,species
,4453266,,"Leucohimatium arundinaceum (Forskal, 1775)",,,Animalia,species
,1042686,,"Holoparamecus caularum (Aubé, 1843)",,,Animalia,species
,2925514,,Verbena bonariensis L.,,,Plantae,species
,7916615,,Verbena ×hybrida Voss,,,Plantae,species
,6365236,,Saintpaulia ionantha H.Wendl.,,,Plantae,species
,1095763,,"Sphaericus gibboides (Boieldieu, 1854)",,,Animalia,species
,1095783,,"Ptinus tectus Boieldieu, 1856",,,Animalia,species
,1095800,,"Ptinus latro Fabricius, 1775",,,Animalia,species
,1095795,,"Ptinus fur (Linnaeus, 1758)",,,Animalia,species
,1095788,,"Ptinus bicinctus Sturm, 1837",,,Animalia,species
,1095760,,"Niptus hololeucus (Faldermann, 1835)",,,Animalia,species
,4426914,,"Mezium sulcatum (Fabricius, 1781)",,,Animalia,species
,1095739,,"Mezium affine Boieldieu, 1856",,,Animalia,species
,1095750,,"Gibbium psylloides (Czenpinski, 1778)",,,Animalia,species
,4989904,,"Harmonia axyridis (Pallas, 1773)",,,Animalia,species
,1043717,,"Cryptolaemus montrouzieri Mulsant, 1853",,,Animalia,species
,4989865,,"Cryptolestes pusilloides (Steel & Howe, 1952)",,,Animalia,species
,4989843,,"Cryptolestes pusillus (Schénherr, 1817)",,,Animalia,species
,4989853,,"Cryptolestes turcicus (Grouvelle, 1876)",,,Animalia,species
,4989828,,"Cryptolestes capensis (Waltl, 1834)",,,Animalia,species
,5749724,,"Cryptolestes duplicatus (Waltl, 1839)",,,Animalia,species
,4989835,,"Cryptolestes ferrugineus (Stephens, 1831)",,,Animalia,species
,3172235,,Syringa L.,,,Plantae,
,8151310,,"Cryptophilus obliteratus Reitter, 1878",,,Animalia,species
,4990235,,"Cryptophilus integer (Heer, 1841)",,,Animalia,species
,4428312,,"Clambus simsoni Blackburn, 1902",,,Animalia,species
,3172281,,Forsythia Vahl,,,Plantae,
,1043964,,"Catogenus rufus (Fabricius, 1792)",,,Animalia,species
,4451244,,"Latridius minutus (Linnaeus, 1767)",,,Animalia,species
,7333226,,Verbascum chaixii subsp. chaixii,,,Plantae,subspecies
,6989023,,"Dienerella costulata (Reitter, 1877)",,,Animalia,species
,6989033,,"Dienerella pilifera (Reitter, 1875)",,,Animalia,species
,6097714,,"Dienerella filum (Aubé, 1850)",,,Animalia,species
,7810918,,Scrophularia vernalis L.,,,Plantae,species
,4450979,,"Corticaria fenestralis (Linnaeus, 1758)",,,Animalia,species
,1044375,,"Corticaria elongata (Gyllenhal, 1827)",,,Animalia,species
,4450917,,"Corticaria pubescens (Gyllenhal, 1827)",,,Animalia,species
,4450869,,"Corticaria fulva (Comolli, 1837)",,,Animalia,species
,4450882,,"Corticaria serrata (Paykull, 1798)",,,Animalia,species
,4451122,,"Cartodere bifasciata (Reitter, 1877)",,,Animalia,species
,6439238,,Veronica gentianoides Vahl,,,Plantae,species
,1034043,,"Dactylosternum abdominale (Fabricius, 1792)",,,Animalia,species
,1034244,,"Cryptopleurum subtile Sharp, 1884",,,Animalia,species
,1034447,,"Cercyon laminatus Sharp, 1873",,,Animalia,species
,1044673,,"Carcinops pumilio (Erichson, 1834)",,,Animalia,species
,3172168,,Linaria Mill.,,,Plantae,
,3172032,,Digitalis L.,,,Plantae,
,2666044,,"Collinsia J.Agardh, 1899",,,Plantae,
,2926960,,Thymus L.,,,Plantae,
,2926730,,Scutellaria L.,,,Plantae,
,5341345,,Scutellaria minor Huds.,,,Plantae,species
,1244637,,"Trypodendron laeve Eggers, 1939",,,Animalia,species
,1178966,,"Xyleborinus alni Nijima, 1909",,,Animalia,species
,2926615,,Origanum majorana L.,,,Plantae,species
,2926838,,Monarda L.,,,Plantae,
,5341497,,Nepeta racemosa Lam.,,,Plantae,species
,7350989,,Nepeta ×faassenii Bergmans ex Stearn,,,Plantae,species
,5020985,,"Xyleborus affinis Eichhoff, 1868",,,Animalia,species
,9134964,,"Xylosandrus germanus (Blandford, 1894) Blandford, 1894",,,Animalia,species
,2927173,,Mentha L.,,,Plantae,
,2927211,,"Mentha gracilis Pérard, 1872",,,Plantae,species
,3902478,,Mentha ×carinthiaca Host,,,Plantae,species
,4468675,,"Pityophthorus traeghardhi Spessivtseff, 1921",,,Animalia,species
,2927181,,Mentha ×dumetorum Schult.,,,Plantae,species
,8974899,,Mentha ×rotundifolia (L.) Huds.,,,Plantae,species
,8004895,,Mentha ×villosa Huds.,,,Plantae,species
,4468659,,"Pityophthorus micrographus (C.Linnaeus, 1758)",,,Animalia,species
,2927330,,Melissa L.,,,Plantae,
,1204343,,"Phloeotribus caucasicus Reitter, 1891",,,Animalia,species
,1179354,,"Pentarthrum huttoni T.V.Wollaston, 1854",,,Animalia,species
,1217393,,"Orthotomicus erosus (Wollaston, 1857) Wollaston, 1857",,,Animalia,species
,1226261,,"Hypothenemus kuennemanni Reitter, 1902",,,Animalia,species
,2926805,,Hyssopus L.,,,Plantae,
,1226373,,"Hypothenemus areccae Wood & Bright, 1992",,,Animalia,species
,7766801,,"Hypothenemus hampei (Ferrari, 1867)",,,Animalia,species
,1205821,,"Carphoborus rossicus A.P.Semenov Tjan-Shansky, 1902",,,Animalia,species
,1044156,,"Urophorus humeralis (Fabricius, 1798)",,,Animalia,species
,2925342,,Caryopteris Bunge,,,Plantae,
,1043978,,"Stelidota geminata (Say, 1825)",,,Animalia,species
,4453163,,"Glischrochilus quadrisignatus (Say, 1835)",,,Animalia,species
,4452600,,"Epuraea ocularis Fairmaire, 1849",,,Animalia,species
,5415455,,Acanthus mollis L.,,,Plantae,species
,4453190,,"Carpophilus quadrisignatus Erichson, 1843",,,Animalia,species
,1044106,,"Carpophilus mutilatus Erichson, 1843",,,Animalia,species
,4453205,,"Carpophilus pilosellus Motschulsky, 1858",,,Animalia,species
,1044111,,"Carpophilus hemipterus (Linnaeus, 1758)",,,Animalia,species
,1044109,,"Carpophilus marginellus Motschulsky, 1858",,,Animalia,species
,1044114,,"Carpophilus dimidiatus (Fabricius, 1792)",,,Animalia,species
,4451390,,"Brachypterolus vestitus (Kiesenwetter, 1850)",,,Animalia,species
,2874237,,Viola L.,,,Plantae,
,1095716,,"Rhyzopertha dominica (Fabricius, 1792)",,,Animalia,species
,6005944,,"Minthea obsita (Wollaston, 1867)",,,Animalia,species
,5743297,,"Lyctus africanus Lesne, 1907",,,Animalia,species
,5743301,,"Lyctus cavicollis LeConte, 1866",,,Animalia,species
,10470364,,"Lyctus brunneus (Stephens, 1830)",,,Animalia,species
,3039576,,Salix L.,,,Plantae,
,4427614,,"Dinoderus bifoveolatus (Wollaston, 1858)",,,Animalia,species
,1095721,,"Dinoderus minutus (Fabricius, 1775)",,,Animalia,species
,3040183,,Populus L.,,,Plantae,
,4427588,,"Bostrychoplites cornutus (Olivier, 1790)",,,Animalia,species
,3040231,,Populus simonii Carrière,,,Plantae,species
,1045506,,"Typhaea stercorea (Linnaeus, 1758)",,,Animalia,species
,1045529,,"Litargus balteatus LeConte, 1856",,,Animalia,species
,4458779,,"Berginus tamarisci Wollaston, 1854",,,Animalia,species
,5421094,,Elatine ambigua Wight,,,Plantae,species
,4989868,,"Cryptophagus acutangulus Gyllenhal, 1827",,,Animalia,species
,3071267,,Ricinus,,,Plantae,
,5748933,,"Cryptophagus fallax Balfour-Browne, 1953",,,Animalia,species
,5749004,,"Cryptophagus cellaris (Scopoli, 1763)",,,Animalia,species
,5749068,,"Cryptophagus subfumatus Kraatz, 1856",,,Animalia,species
,5749277,,"Atomaria lewisi Reitter, 1877",,,Animalia,species
,4463823,,"Aspidapion validum (Germar, 1817)",,,Animalia,species
,1164954,,"Tropideres dorsalis (Thunberg, 1796)",,,Animalia,species
,3067891,,Euphorbia prostrata Aiton,,,Plantae,species
,1166198,,"Araecerus fasciculatus (C.DeGeer, 1775)",,,Animalia,species
,1095973,,"Trogoderma glabrum (Herbst, 1783)",,,Animalia,species
,1095979,,"Trogoderma granarium Everts, 1898",,,Animalia,species
,1095984,,"Trogoderma angustum (Solier, 1849)",,,Animalia,species
,1095976,,"Trogoderma versicolor (Creutzer, 1799)",,,Animalia,species
,2984510,,Ulmus L.,,,Plantae,
,4427351,,"Trogoderma megatomoides Reitter, 1881",,,Animalia,species
,1095910,,"Thorictodes heydeni Reitter, 1875",,,Animalia,species
,1095856,,"Dermestes peruvianus Laporte de Castelnau, 1840",,,Animalia,species
,1095863,,"Dermestes maculatus DeGeer, 1774",,,Animalia,species
,1095847,,"Dermestes carnivorus Fabricius, 1775",,,Animalia,species
,2984391,,Urtica L.,,,Plantae,
,1095958,,"Attagenus unicolor (Brahm, 1790)",,,Animalia,species
,4427283,,"Anthrenocerus australis (Hope, 1843)",,,Animalia,species
,4427320,,"Anthrenus festivus Erichson, 1846",,,Animalia,species
,4427298,,"Anthrenus olgae Kalik, 1946",,,Animalia,species
,4427286,,"Anthrenus caucasicus Reitter, 1881",,,Animalia,species
,1095893,,"Anthrenus coloratus Reitter, 1881",,,Animalia,species
,2984545,,Morus L.,,,Plantae,
,4450610,,"Anommatus diecki Reitter, 1875",,,Animalia,species
,2984580,,Maclura pomifera (Raf. ex Sarg.) C.K.Schneid.,,,Plantae,species
,2984588,,Ficus L.,,,Plantae,
,4990338,,"Tribolium castaneum (Herbst, 1797)",,,Animalia,species
,7987689,,"Tribolium confusum Jaquelin Du Val, 1868",,,Animalia,species
,5878296,,"Tribolium destructor Uyttenboogaart, 1934",,,Animalia,species
,8345727,,"Tribolium madens (Charpentier, 1825)",,,Animalia,species
,1045839,,"Palorus subdepressus (Wollaston, 1864)",,,Animalia,species
,1045833,,"Latheticus oryzae C.O.Waterhouse, 1880",,,Animalia,species
,4454563,,"Gnaptor spinimanus (Pallas, 1781)",,,Animalia,species
,6097732,,"Gnatocerus cornutus (Fabricius, 1798)",,,Animalia,species
,4454570,,"Blaps gigas (Linnaeus, 1767)",,,Animalia,species
,1045875,,"Alphitobius diaperinus (Panzer, 1797)",,,Animalia,species
,4455268,,"Alphitophagus bifasciatus (Say, 1824)",,,Animalia,species
,4463518,,"Rhopalapion longirostre (Olivier, 1807)",,,Animalia,species
,4463833,,"Alocentron curvirostre (Gyllenhal, 1833)",,,Animalia,species
,1043870,,"Oryzaephilus mercator (Fauvel, 1889)",,,Animalia,species
,1043875,,"Oryzaephilus surinamensis (Linnaeus, 1758)",,,Animalia,species
,1043858,,"Ahasverus advena (Walt, 1832)",,,Animalia,species
,4450313,,"Airaphilus nasutus Chevrolat, 1860",,,Animalia,species
,6097410,,"Thecturota marchii (Dodero, 1922)",,,Animalia,species
,6097647,,"Trichiusa immigrata Lohse, 1984",,,Animalia,species
,5746299,,"Tachinus sibiricus Sharp, 1888",,,Animalia,species
,8395064,,Rosa L.,,,Plantae,
,4436921,,"Philonthus spinipes Sharp, 1874",,,Animalia,species
,4436873,,"Philonthus rectangulus Sharp, 1874",,,Animalia,species
,1040045,,"Oligota parva Kraatz, 1862",,,Animalia,species
,4440540,,"Oxytelus migrator Fauvel, 1904",,,Animalia,species
,4439559,,"Lithocharis nigriceps Kraatz, 1859",,,Animalia,species
,4442348,,"Micropeplus marietti Jacquelin du Val, 1857",,,Animalia,species
,4440676,,"Edaphus beszedesi Reitter, 1914",,,Animalia,species
,4435879,,"Eulissus chalybaeus Mannerheim, 1830",,,Animalia,species
,4440144,,"Carpelimus zealandicus (Sharp, 1900)",,,Animalia,species
,4437317,,"Bisnius parcus (Sharp, 1874)",,,Animalia,species
,7776799,,"Bohemiellina flavipennis (Cameron, 1920)",,,Animalia,species
,2986532,,Pyrus L.,,,Plantae,
,1040764,,"Aleochara puberula Klug, 1833",,,Animalia,species
,8047391,,"Acrotona pseudotenera (Cameron, 1933)",,,Animalia,species
,4435710,,"Baeocrara japonica (Matthews, 1884)",,,Animalia,species
,4435859,,"Acrotrichis insularis (Mäklin, 1852)",,,Animalia,species
,5370687,,Acaena inermis Hook.fil.,,,Plantae,species
,4435781,,"Acrotrichis cognata (A.Matthews, 1877)",,,Animalia,species
,3028148,,Alchemilla speciosa Buser,,,Plantae,species
,3000610,,Chaenomeles japonica (Thunb.) Lindl. ex Spach,,,Plantae,species
,10243007,,Chaenomeles japonica x speciosa,,,Plantae,species
,6275221,,Diabrotica virgifera virgifera,,,Animalia,subspecies
,1047343,,"Callosobruchus maculatus (Fabricius, 1775)",,,Animalia,species
,5752157,,"Bruchus signaticornis Gyllenhal, 1833",,,Animalia,species
,3025896,,Cotoneaster dielsianus E.Pritz.,,,Plantae,species
,5370380,,Dasiphora fruticosa (L.) Rydb.,,,Plantae,species
,1122946,,"Tetropium gracilicorne Reitter, 1889",,,Animalia,species
,7795756,,"Xylotrechus altaicus (Gebler, 1836)",,,Animalia,species
,3029779,,Fragaria L.,,,Plantae,
,6263023,,"Rhagium inquisitor rugipenne Reitter, 1898",,,Animalia,subspecies
,3032189,,Kerria DC.,,,Plantae,
,3001561,,Malus ×dasyphylla Borkh.,,,Plantae,species
,7859481,,Phymatodes lividus (Rossi) Rossi,,,Animalia,species
,1107218,,"Nathrius brevipennis (Mulsant, 1839)",,,Animalia,species
,5000208,,"Gracilia minuta (Fabricius, 1781)",,,Animalia,species
,3021730,,Prunus cerasifera Ehrh.,,,Plantae,species
,1111797,,"Chlorophorus annularis (Fabricius, 1787)",,,Animalia,species
,6264545,,"Callidium chlorizans (Solsky, 1870)",,,Animalia,species
,7987143,,"Anoplophora chinensis (Forster, 1771)",,,Animalia,species
,5366938,,Potentilla chrysantha Trevir.,,,Plantae,species
,7572133,,"Anoplophora glabripennis (Motschulsky, 1854)",,,Animalia,species
,1102166,,"Acanthocinus carinulatus (Gebler, 1833)",,,Animalia,species
,12300655,,Sida,,,Plantae,
,3152583,,Hibiscus syriacus L.,,,Plantae,species
,,,Phalacroma lativelatum,,,Chromista,
,3204090,,Plasmopara halstedii (Farl.) Berl. & De Toni,,,Chromista,species
,3203749,,Peronospora lamii A.Braun,,,Chromista,species
,3276937,,"Peronospora hyoscyami de Bary, 1863",,,Chromista,species
,7849089,,"Xironogiton instabilius (Moore, 1894)",,,Animalia,species
,5892120,,"Girardia tigrina (Girard, 1850)",,,Animalia,species
,2624633,,Passalora fulva (Cooke) U.Braun & Crous,,,Fungi,species
,2622090,,"Lecanosticta acicola (Thüm.) Syd., 1924",,,Fungi,species
,2611366,,"Phyllosticta paviae Desm., 1847",,,Fungi,species
,4344983,,"Bothriocephalus claviceps (Goeze, 1782) Rudolphi, 1810",,,Animalia,species
,7758879,,"Schyzocotyle acheilognathi (Yamaguti, 1934) Brabec, Waeschenbach, Scholz & Lit",,,Animalia,species
,2578415,,Erysiphe necator Schwein.,,,Fungi,species
,5255301,,Podosphaera mors-uvae (Schwein.) U.Braun & S.Takam.,,,Fungi,species
,2578839,,"Golovinomyces magnicellulatus (U.Braun) V.P.Heluta, 1988",,,Fungi,species
,2578759,,Erysiphe alphitoides (Griffon & Maubl.) U.Braun & S.Takam.,,,Fungi,species
,3482288,,"Erysiphe vanbruntiana (W.R.Gerard) U.Braun & S.Takam., 2000",,,Fungi,variety
,2578594,,Erysiphe syringae Schwein.,,,Fungi,species
,2578694,,Erysiphe euonymi-japonici (Vienn.-Bourg.) U.Braun & S.Takam.,,,Fungi,species
,3483444,,"Erysiphe mougeotii (Lév.) de Bary, 1870",,,Fungi,species
,9520065,,"Ferrissia californica (Rowell, 1863)",,,Animalia,species
,9685279,,"Physella pomilia (Conrad, 1834)",,,Animalia,species
,2294131,,"Allopeas clavulinum (Potiez & Michaud, 1838)",,,Animalia,species
,7362921,,"Opeas hannense (Rang, 1831)",,,Animalia,species
,9552614,,"Ambigolimax nyctelius (Bourguignat, 1861)",,,Animalia,species
,8014163,,"Ambigolimax valentianus (A.Férussac, 1822)",,,Animalia,species
,2773281,,Ornithogalum nutans L.,,,Plantae,species
,5303933,,Hosta sieboldiana (Hook.) Engl.,,,Plantae,species
,7461690,,"Phragmidium mexicanum (Mains) H.Y.Yun, Minnis & Aime, 2011",,,Fungi,variety
,9291405,,"Massylaea vermiculata (O.F.Müller, 1774)",,,Animalia,species
,9716911,,"Cornu apertus (Born, 1778)",,,Animalia,species
,4598006,,"Xerocincta neglecta (Draparnaud, 1805)",,,Animalia,species
,9547834,,"Campylaea planospira (Lamarck, 1822)",,,Animalia,species
,5890148,,"Anguillicoloides crassus (Kuwahara, Niimi & Itagaki, 1974) Moravec & Taraschewski, 1988",,,Animalia,species
,,,Incertae sedis,,,Plantae,subspecies
,2468350,,"Pseudopus apodus (Pallas, 1775)",,,Animalia,species
,2705420,,Eragrostis pectinacea (Michx.) Nees,,,Plantae,species
,2705400,,Eragrostis pilosa P.Beauv.,,,Plantae,species
,4125308,,Panicum schinzii Hack.,,,Plantae,species
,2705622,,Paspalum distichum L.,,,Plantae,species
,2458928,,"Hierophis gemonensis (Laurenti, 1768)",,,Animalia,species
,5828219,,Cenchrus macrourus (Trin.) Morrone,,,Plantae,species
,2705162,,Panicum capillare L.,,,Plantae,species
,2705297,,Avena fatua L.,,,Plantae,species
,2535581,,Leucocoprinus cepistipes (Sowerby) Pat.,,,Fungi,variety
,2535581,,Leucocoprinus cepistipes (Sowerby) Pat.,,,Fungi,species
,2705228,,Catapodium rigidum (L.) C.E.Hubb.,,,Plantae,species
,4285968,,"Ponticola kessleri (Günther, 1861)",,,Animalia,species
,5788062,,"Babka gymnotrachelus (Kessler, 1857)",,,Animalia,species
,5211250,,"Micropterus dolomieu Lacépède, 1802",,,Animalia,species
,4318857,,"Tachidius abrau Krichagin, 1877",,,Animalia,species
,2120585,,"Sminthurides pumilus (Krausbauer, 1898)",,,Animalia,species
,10173593,,Geranium ibericum x platypetalum,,,Plantae,species
,12017595,,"Tullbergia krausbaueri (Börner, 1901)",,,Animalia,species
,5166899,,"Isotoma notabilis Schaeffer, 1896",,,Animalia,species
,5166897,,"Isotoma trispinata Macgillivray, 1896",,,Animalia,species
,10436410,,Symphoricarpos microphyllus x orbiculatus,,,Plantae,species
,,,Symphoricarpos albus (L.) C.Koch,,,Plantae,species
,,,Incertae sedis,,,Plantae,species
,5598598,,Lonicera acuminata Wall.,,,Plantae,species
,8969026,,Physalis philadelphica Lam.,,,Plantae,species
,6454754,,"Hippolyte desmarestii Millet, 1831",,,Animalia,species
,4418903,,"Strongylosoma italica Latzel, 1886",,,Animalia,species
,7339513,,Astilbe rubra Hook.f. & Thomson,,,Plantae,species
,7783291,,"Eratigena atrica (C.L.Koch, 1843)",,,Animalia,species
,5170395,,"Phoneutria boliviensis (F.O.Pickard-Cambridge, 1897)",,,Animalia,species
,9597437,,"Kryptonesticus eremita (Simon, 1880)",,,Animalia,species
,2975188,,Vicia tenuifolia Roth,,,Plantae,species
,5350466,,Phaseolus coccineus,,,Plantae,
,5350452,,Phaseolus vulgaris,,,Plantae,
,2138688,,"Mermessus trilobatus (Emerton, 1882)",,,Animalia,species
,7555806,,"Brigittea civica (Lucas, 1850)",,,Animalia,species
,4550741,,"Sardinidion blackwalli (O.Pickard-Cambridge, 1871)",,,Animalia,species
,2157402,,"Parasteatoda tepidariorum (C.L.Koch, 1841)",,,Animalia,species
,4550742,,"Parasteatoda tabulata (Levi, 1980)",,,Animalia,species
,6940761,,"Stachiella octomaculatus (Paine, 1912)",,,Animalia,species
,2889173,,Reynoutria japonica Houtt.,,,Plantae,variety
,7291308,,Polygonum cognatum Meisn.,,,Plantae,species
,5584611,,Silene chalcedonica E.H.L.Krause,,,Plantae,species
,1554693,,"Napomyza gymnostoma (Loew, 1858)",,,Animalia,species
,8577467,,Amaranthus tuberculatus (Moq. ex DC.) J.D.Sauer,,,Plantae,species
,3083838,,Chenopodium album L.,,,Plantae,species
,1415862,,"Bacillus rossius (Rossi, 1790)",,,Animalia,species
,1869858,,"Apomyelois ceratoniae (Zeller, 1839)",,,Animalia,species
,4205311,,Pterocarya pterocarpa (Michx.) Kunth ex Iljinsk.,,,Plantae,species
,1373909,,"Ooencyrtus kuvanae (Howard, 1910)",,,Animalia,species
,3189694,,Actinidia chinensis Planch.,,,Plantae,species
,8370390,,"Insignorthezia insignis (Browne, 1887)",,,Animalia,species
,7314976,,Fumaria barnolae Sennen & Pau,,,Plantae,species
,2049732,,"Adelges cooleyi (Gillette, 1907)",,,Animalia,species
,2049607,,"Pineus strobi (Hartig, 1839)",,,Animalia,species
,2049747,,"Adelges nordmannianae (Eckstein, 1890)",,,Animalia,species
,3150753,,Chrysanthemum zawadskii Herbich,,,Plantae,species
,2086988,,"Diaspidiotus perniciosus (Comstock, 1881)",,,Animalia,species
,5392174,,Bidens frondosa L.,,,Plantae,variety
,2069549,,"Rhopalosiphum oxyacanthae (Schrank, 1801)",,,Animalia,species
,2073990,,"Lachnus roboris (Linnaeus, 1758)",,,Animalia,species
,2072061,,"Aphis craccivora Koch & C.L., 1854",,,Animalia,species
,1728964,,"Diestrammena asynamora (Adelung, 1902)",,,Animalia,species
,1689694,,"Bucrates clausus (Scudder & S.H., 1878)",,,Animalia,species
,8050770,,"Yvelinula abbreviata (Redtenbacher, 1891)",,,Animalia,species
,1045471,,"Nacerdes melanura (Linnaeus, 1758)",,,Animalia,species
,9716265,,"Perigona nigriceps (Dejean, 1831)",,,Animalia,species
,7926593,,"Clerus caeruleus De Geer, 1775",,,Animalia,species
,1095803,,"Tipnus unicolor (Piller & Mitterpacher, 1783)",,,Animalia,species
,4450839,,"Migneauxia lederi Reitter, 1875",,,Animalia,species
,4451127,,"Lathridius nodifer Westwood, 1839",,,Animalia,species
,5018567,,"Ips rubripennis Heer, 1841",,,Animalia,species
,1201317,,"Rhyncolus submuricatus Schoenherr, 1832",,,Animalia,species
,1187553,,"Rhynchaenus gyllenhali Sahlberg C.R., 1834",,,Animalia,species
,1201622,,"Thysanocnemis bischoffi Blatchley & Leng, 1916",,,Animalia,species
,5341407,,Monarda didyma,,,Plantae,
,1211201,,"Tomicus materiarius Fitch, 1858",,,Animalia,species
,1239155,,"Hylesinus aubei Perris, 1855",,,Animalia,species
,1189320,,"Scolytus scarabaeoides Bernard, 1788",,,Animalia,species
,5018713,,"Ips bipustulatus Heer, 1841",,,Animalia,species
,5020574,,"Xyleborus bodoanus Reitter, 1913a",,,Animalia,species
,5022124,,"Bostrichus jalappae Letzner, 1849",,,Animalia,species
,1242373,,"Bostrichus duplicatus Hlawa, 1870",,,Animalia,species
,6005568,,"Lyctus carbonarius Waltl, 1832",,,Animalia,species
,1242384,,"Bostrichus dactyliperda Fabricius & J.C., 1801",,,Animalia,species
,1242435,,"Bostrichus carpophagus Hornung, 1842",,,Animalia,species
,3040241,,Populus jackii Sarg.,,,Plantae,species
,3026622,,Spiraea vanhouttei (Briot) Zabel,,,Plantae,species
,3853033,,Neillia incisa (Thunb.) S.H.Oh,,,Plantae,species
,3002333,,Rosa spinosissima L.,,,Plantae,species
,8151172,,Pyrus nivalis Jacq.,,,Plantae,species
,6275970,,"Dactylispa pallidipennis (Motschulsky, 1861)",,,Animalia,species
,1156052,,"Monochamus urussovii (Fischer-Waldheim, 1806)",,,Animalia,species
,3152521,,Althaea hirsuta L.,,,Plantae,species
,5777912,,"Lithoglyphus naticoides (C.Pfeiffer, 1828)",,,Animalia,species
,5285635,,Pinus rigida Mill.,,,Plantae,species
,5284982,,Pinus strobus L.,,,Plantae,species
,5285533,,Pinus banksiana Lamb.,,,Plantae,species
,5189825,,"Physella integra (Haldeman, 1841)",,,Animalia,species
,5284809,,Pinus nigra J.F.Arnold,,,Plantae,species
,5284765,,Picea obovata Ledeb.,,,Plantae,species
,4567721,,"Krynickillus melanocephalus Kaleniczenko, 1851",,,Animalia,species
,2686212,,Larix decidua Mill.,,,Plantae,species
,2686157,,Larix kaempferi (Lamb.) Carrière,,,Plantae,species
,5299536,,Tulipa sylvestris L.,,,Plantae,species
,5330092,,Wolffia arrhiza (L.) Horkel ex Wimm.,,,Plantae,species
,2865448,,Elodea canadensis Michx.,,,Plantae,species
,5329212,,Elodea nuttallii (Planch.) H.St.John,,,Plantae,species
,2764179,,Commelina communis L.,,,Plantae,species
,5296031,,Sisyrinchium septentrionale E.P.Bicknell,,,Plantae,species
,2308439,,"Tubifex newaensis (Michaelsen, 1903)",,,Animalia,species
,8080743,,Scilla siberica Andrews,,,Plantae,species
,2308604,,"Potamothrix bedoti (Piguet, 1913)",,,Animalia,species
,2773448,,Ornithogalum umbellatum L.,,,Plantae,species
,2768885,,Asparagus officinalis L.,,,Plantae,species
,2308606,,"Potamothrix bavaricus (Oschmann, 1913)",,,Animalia,species
,2308609,,"Potamothrix moldaviensis Vejdovský & Mrázek, 1903",,,Animalia,species
,5289503,,Typha laxmannii Lepech.,,,Plantae,species
,2700874,,Luzula luzuloides (Lam.) Dandy & Wilmott,,,Plantae,species
,2702084,,Juncus tenuis Willd.,,,Plantae,species
,6413621,,Juncus gerardi Loisel.,,,Plantae,species
,2723271,,Carex melanostachya M.Bieb. ex Willd.,,,Plantae,species
,2726678,,Carex stenophylla Wahlenb.,,,Plantae,species
,2718307,,Bolboschoenus maritimus (L.) Palla,,,Plantae,species
,2718377,,Bolboschoenus planiculmis (F.Schmidt) T.V.Egorova,,,Plantae,species
,5219219,,"Canis aureus Linnaeus, 1758",,,Animalia,species
,2495696,,"Streptopelia decaocto (Frivaldszky, 1838)",,,Animalia,species
,2478031,,"Dendrocopos syriacus (Hemprich & Ehrenberg, 1833)",,,Animalia,species
,5289590,,Vulpia myuros (L.) C.C.Gmel.,,,Plantae,species
,5289598,,Vulpia bromoides (L.) Gray,,,Plantae,species
,5674542,,Vulpia fasciculata (Forssk.) Samp.,,,Plantae,species
,2703231,,Zizania latifolia (Griseb.) Stapf,,,Plantae,species
,2703228,,Zizania aquatica L.,,,Plantae,species
,2705185,,Sorghum halepense (L.) Pers.,,,Plantae,species
,5290126,,Tragus racemosus (L.) All.,,,Plantae,species
,5289684,,Setaria viridis (L.) P.Beauv.,,,Plantae,species
,5289698,,Setaria italica (L.) P.Beauv.,,,Plantae,species
,5289686,,Setaria verticillata (L.) P.Beauv.,,,Plantae,species
,5289666,,Setaria faberi R.A.W.Herrm.,,,Plantae,species
,5289917,,Polypogon monspeliensis (L.) Desf.,,,Plantae,species
,2704322,,Poa supina Schrad.,,,Plantae,species
,2351027,,"Coregonus albula (Linnaeus, 1758)",,,Animalia,species
,2351211,,"Coregonus lavaretus (Linnaeus, 1758)",,,Animalia,species
,8086756,,Poa bulbosa L.,,,Plantae,species
,4409518,,"Coregonus maraenoides Berg, 1916",,,Animalia,species
,4148754,,Puccinellia dolicholepis (V.I.Krecz.) Pavlov,,,Plantae,species
,2704688,,Puccinellia distans (Jacq.) Parl.,,,Plantae,species
,2704691,,Puccinellia nuttalliana (Schult.) Hitchc.,,,Plantae,species
,4148254,,Puccinellia hauptiana (V.I.Krecz.) Kitag.,,,Plantae,species
,5214533,,"Clupeonella cultriventris (Nordmann, 1840)",,,Animalia,species
,5289752,,Phalaris minor Retz.,,,Plantae,species
,5289744,,Phalaris canariensis L.,,,Plantae,species
,5289758,,Phalaris paradoxa L.,,,Plantae,species
,2359079,,"Ictiobus niger (Rafinesque, 1819)",,,Animalia,species
,2359075,,"Ictiobus bubalus (Rafinesque, 1818)",,,Animalia,species
,2359081,,"Ictiobus cyprinellus (Valenciennes, 1844)",,,Animalia,species
,2705144,,Panicum dichotomiflorum Michx.,,,Plantae,species
,2706242,,Lolium temulentum L.,,,Plantae,species
,2706236,,Lolium remotum Schrank,,,Plantae,species
,2706218,,Lolium rigidum Gaudin,,,Plantae,species
,2706225,,Lolium persicum Boiss. & Hohen.,,,Plantae,species
,2706374,,Leymus racemosus (Lam.) Tzvelev,,,Plantae,species
,2706056,,Hordeum vulgare L.,,,Plantae,species
,2706075,,Hordeum spontaneum K.Koch,,,Plantae,species
,4286975,,"Cyprinus carpio Linnaeus, 1758",,,Animalia,species
,5289783,,Aegilops cylindrica Host,,,Plantae,species
,5290097,,Alopecurus myosuroides Huds.,,,Plantae,species
,2705196,,Agropyron cristatum (L.) Gaertn.,,,Plantae,species
,2366634,,"Carassius gibelio (Bloch, 1782)",,,Animalia,species
,5289793,,Aegilops triuncialis L.,,,Plantae,species
,5289642,,Apera spica-venti (L.) P.Beauv.,,,Plantae,species
,2705295,,Avena strigosa Schreb.,,,Plantae,species
,2390064,,"Perccottus glenii Dybowski, 1877",,,Animalia,species
,5290059,,Beckmannia syzigachne (Steud.) Fernald,,,Plantae,species
,2703746,,Bromus tectorum L.,,,Plantae,species
,2703647,,Bromus sterilis L.,,,Plantae,species
,2703700,,Bromus squarrosus L.,,,Plantae,species
,2703717,,Bromus secalinus L.,,,Plantae,species
,4109815,,Bromus riparius Rehmann,,,Plantae,species
,4122609,,Bromus pectinatus Thunb.,,,Plantae,species
,2379235,,"Proterorhinus marmoratus (Pallas, 1814)",,,Animalia,species
,2379105,,"Neogobius fluviatilis (Pallas, 1814)",,,Animalia,species
,4122974,,Bromus oxyodon Schrenk,,,Plantae,species
,8113508,,Bromus japonicus Houtt.,,,Plantae,species
,7647071,,Bromus erectus Huds.,,,Plantae,species
,5202520,,"Ictalurus punctatus (Rafinesque, 1818)",,,Animalia,species
,2703760,,Bromus diandrus Roth,,,Plantae,species
,2703778,,Bromus commutatus Schrad.,,,Plantae,species
,2703723,,Bromus catharticus Vahl,,,Plantae,species
,2703712,,Bromus carinatus Hook. & Arn.,,,Plantae,species
,2703705,,Bromus arvensis L.,,,Plantae,species
,5289618,,Chloris gayana Kunth,,,Plantae,species
,2402168,,"Acipenser ruthenus Linnaeus, 1758",,,Animalia,species
,2706188,,Dactyloctenium aegyptium (L.) Willd.,,,Plantae,species
,2705955,,Eleusine tristachya (Lam.) Lam.,,,Plantae,species
,2702808,,Echinochloa crus-galli (L.) P.Beauv.,,,Plantae,species
,2702820,,Echinochloa oryzoides (Ard.) Fritsch,,,Plantae,species
,5289998,,Digitaria ciliaris (Retz.) Koeler,,,Plantae,species
,5289972,,Digitaria sanguinalis (L.) Scop.,,,Plantae,species
,5290003,,Digitaria ischaemum (Schreb.) Muhl.,,,Plantae,species
,2702527,,Eriochloa procera (Retz.) C.E.Hubb.,,,Plantae,species
,2705401,,Eragrostis multicaulis Steud.,,,Plantae,species
,2705449,,Eragrostis minor Host,,,Plantae,species
,2705400,,Eragrostis pilosa (L.) P.Beauv.,,,Plantae,species
,2704661,,Eremopyrum triticeum (Gaertn.) Nevski,,,Plantae,species
,2704658,,Eremopyrum orientale (L.) Jaub. & Spach,,,Plantae,species
,5290323,,Elymus sibiricus L.,,,Plantae,species
,2224515,,"Macrobrachium nipponense (De Haan, 1849)",,,Animalia,species
,2705369,,Eragrostis cilianensis (All.) Vignolo ex Janch.,,,Plantae,species
,2704949,,Festuca trachyphylla (Hack.) Hack.,,,Plantae,species
,4315140,,"Pontogammarus robustoides (Sars, 1894)",,,Animalia,species
,2706052,,Hordeum jubatum L.,,,Plantae,species
,2706053,,Hordeum marinum Huds.,,,Plantae,species
,7886346,,Hordeum murinum L.,,,Plantae,species
,4315742,,"Obesogammarus crassus (G.O.Sars, 1894)",,,Animalia,species
,2873769,,Acorus calamus L.,,,Plantae,species
,6460946,,"Chelicorophium robustum (G.O.Sars, 1895)",,,Animalia,species
,2128502,,"Aceria erinea (Nalepa, 1891)",,,Animalia,species
,5079132,,"Wiedemannia orientalis Vaillant, 1964",,,Animalia,species
,2986184,,Ribes alpinum L.,,,Plantae,species
,1420825,,"Dendrothrips ornatus (Jablonowski, 1894)",,,Animalia,species
,2880539,,Quercus rubra L.,,,Plantae,species
,1857626,,"Tineola bisselliella (Hummel, 1823)",,,Animalia,species
,8427624,,Oxalis corniculata L.,,,Plantae,species
,2891677,,Oxalis dillenii Jacq.,,,Plantae,species
,5331347,,Viola tricolor L.,,,Plantae,species
,5331235,,Viola arvensis Murray,,,Plantae,species
,3040233,,Populus alba L.,,,Plantae,species
,2078557,,"Brachycaudus divaricatae Shaposhnikov, 1956",,,Animalia,species
,3066993,,Euphorbia dentata Michx.,,,Plantae,species
,8203538,,Euphorbia esula L.,,,Plantae,species
,3069593,,Euphorbia exigua L.,,,Plantae,species
,3068845,,Euphorbia falcata L.,,,Plantae,species
,3066367,,Euphorbia helioscopia L.,,,Plantae,species
,3067054,,Euphorbia humifusa Willd.,,,Plantae,species
,3067119,,Euphorbia maculata L.,,,Plantae,species
,3066386,,Euphorbia peplus L.,,,Plantae,species
,1151427,,"Trichoferus campestris (Faldermann, 1835)",,,Animalia,species
,3068153,,Euphorbia platyphyllos L.,,,Plantae,species
,3070024,,Euphorbia stricta L.,,,Plantae,species
,3188747,,Lythrum hyssopifolia L.,,,Plantae,species
,7322529,,Oenothera ×rubricaulis Kleb.,,,Plantae,species
,3188924,,Oenothera biennis L.,,,Plantae,species
,7322563,,Epilobium tetragonum L.,,,Plantae,species
,9188840,,Epilobium ciliatum Raf.,,,Plantae,species
,3667121,,Epilobium pseudorubescens A.K.Skvortsov,,,Plantae,species
,2890040,,Geranium dissectum L.,,,Plantae,species
,2890212,,Geranium pusillum L.,,,Plantae,species
,2891583,,Geranium sibiricum L.,,,Plantae,species
,7268511,,Erodium neuradifolium Delile ex Godr.,,,Plantae,species
,1048809,,"Lilioceris lilii (Scopoli, 1763)",,,Animalia,species
,1048497,,"Diabrotica virgifera LeConte, 1868",,,Animalia,species
,9580340,,Erodium cicutarium L,,,Plantae,species
,2891628,,Erodium botrys (Cav.) Bertol.,,,Plantae,species
,5331404,,Echinocystis lobata (Michx.) Torr. & A.Gray,,,Plantae,species
,2928584,,Ipomoea lacunosa L.,,,Plantae,species
,2928538,,Ipomoea hederacea Jacq.,,,Plantae,species
,2927484,,Cuscuta suaveolens Ser.,,,Plantae,species
,2927530,,Cuscuta epilinum Weihe,,,Plantae,species
,2931237,,Solanum triflorum Nutt.,,,Plantae,species
,2929505,,Solanum villosum Mill.,,,Plantae,species
,2929892,,Solanum elaeagnifolium Cav.,,,Plantae,species
,2929111,,Solanum hoehnei C.V.Morton,,,Plantae,species
,9150405,,Solanum nigrum L.,,,Plantae,species
,2932011,,Solanum carolinense L.,,,Plantae,species
,5341754,,Nicandra physalodes (L.) Gaertn.,,,Plantae,species
,2928835,,Lycium barbarum L.,,,Plantae,species
,2928978,,Hyoscyamus niger L.,,,Plantae,species
,2928751,,Datura stramonium L.,,,Plantae,species
,5359395,,Trifolium angustifolium L.,,,Plantae,species
,5359477,,Trifolium campestre Schreb.,,,Plantae,species
,5359445,,Trifolium hirtum All.,,,Plantae,species
,5359175,,Trifolium resupinatum L.,,,Plantae,species
,5358683,,Trifolium striatum L.,,,Plantae,species
,5359330,,Trifolium subterraneum L.,,,Plantae,species
,5360377,,Trigonella grandiflora Bunge,,,Plantae,species
,2974901,,Vicia grandiflora Scop.,,,Plantae,species
,2975328,,Vicia hirsuta (L.) Gray,,,Plantae,species
,2974859,,Vicia biennis L.,,,Plantae,species
,9182154,,Vicia villosa Roth,,,Plantae,species
,2975014,,Vicia sativa L.,,,Plantae,species
,2975083,,Vicia tetrasperma (L.) Schreb.,,,Plantae,species
,5352251,,Robinia pseudoacacia L.,,,Plantae,species
,2977149,,Ononis spinosa L.,,,Plantae,species
,2972595,,Onobrychis viciifolia Scop.,,,Plantae,species
,2964355,,Lupinus polyphyllus Lindl.,,,Plantae,species
,2971068,,Melilotus wolgicus Poir.,,,Plantae,species
,2971095,,Melilotus albus Medik.,,,Plantae,species
,2971024,,Melilotus officinalis (L.) Pallas,,,Plantae,species
,2965572,,Medicago minima (L.) L.,,,Plantae,species
,2965354,,Medicago falcata L.,,,Plantae,species
,2965280,,Medicago truncatula Gaertn.,,,Plantae,species
,2965531,,Medicago polymorpha L.,,,Plantae,species
,5356710,,Lathyrus leptophyllus M.Bieb.,,,Plantae,species
,5356522,,Lathyrus tuberosus L.,,,Plantae,species
,5356345,,Laburnum anagyroides Medik.,,,Plantae,species
,2975663,,Galega orientalis Lam.,,,Plantae,species
,5354656,,Cytisus scoparius (L.) Link,,,Plantae,species
,3033348,,Ranunculus arvensis L.,,,Plantae,species
,7278276,,Nigella arvensis L.,,,Plantae,species
,8176367,,Consolida regalis Gray,,,Plantae,species
,3033830,,Consolida ajacis (L.) Schur,,,Plantae,species
,5334191,,Roemeria refracta DC.,,,Plantae,species
,2888445,,Papaver argemone L.,,,Plantae,species
,2888464,,Papaver dubium L.,,,Plantae,species
,2888443,,Papaver rhoeas L.,,,Plantae,species
,5334216,,Fumaria vaillantii Loisel.,,,Plantae,species
,5334188,,Glaucium corniculatum (L.) Rudolph,,,Plantae,species
,5334217,,Fumaria officinalis L.,,,Plantae,species
,5334218,,Fumaria capreolata L.,,,Plantae,species
,2888723,,Sambucus racemosa L.,,,Plantae,species
,2888728,,Sambucus nigra L.,,,Plantae,species
,8355821,,Cephalaria syriaca (L.) Schrad.,,,Plantae,species
,2925529,,Verbena officinalis L.,,,Plantae,species
,8195627,,Orobanche coerulescens Stephan,,,Plantae,species
,7331741,,Melampyrum arvense L.,,,Plantae,species
,3172348,,Fraxinus pennsylvanica Marshall,,,Plantae,species
,3172082,,Veronica agrestis L.,,,Plantae,species
,3172070,,Veronica hederifolia L.,,,Plantae,species
,3172048,,Veronica arvensis L.,,,Plantae,species
,3172104,,Veronica peregrina L.,,,Plantae,species
,3172071,,Veronica opaca Fr.,,,Plantae,species
,3172074,,Veronica polita Fr.,,,Plantae,species
,3172077,,Veronica persica Poir.,,,Plantae,species
,3172119,,Veronica triphyllos L.,,,Plantae,species
,5415018,,Linaria incarnata (Vent.) Spreng.,,,Plantae,species
,8200663,,"Cymbalaria muralis G.Gaertn., B.Mey. & Scherb.",,,Plantae,species
,3171669,,Chaenorhinum minus (L.) Lange,,,Plantae,species
,2927235,,Stachys annua (L.) L.,,,Plantae,species
,2927001,,Salvia reflexa Hornem.,,,Plantae,species
,2926995,,Salvia verticillata L.,,,Plantae,species
,2926990,,Salvia ×sylvestris L.,,,Plantae,species
,2926688,,Sideritis montana L.,,,Plantae,species
,5341499,,Nepeta cataria L.,,,Plantae,species
,2927192,,Mentha arvensis L.,,,Plantae,species
,2927069,,Marrubium vulgare L.,,,Plantae,species
,5341389,,Leonurus cardiaca L.,,,Plantae,species
,7307492,,Leonurus quinquelobatus Gilib.,,,Plantae,species
,2926679,,Lamium amplexicaule L.,,,Plantae,species
,2926683,,Lamium album L.,,,Plantae,species
,4273231,,Lamium purpureum var. incisum (Willd.) Pers.,,,Plantae,variety
,5341306,,Galeopsis angustifolia Ehrh. ex Hoffm.,,,Plantae,species
,5341309,,Galeopsis ladanum L.,,,Plantae,species
,2927224,,Dracocephalum thymiflorum L.,,,Plantae,species
,2927075,,Elsholtzia ciliata (Thunb.) Hyl.,,,Plantae,species
,2927071,,Chaiturus marrubiastrum (L.) Ehrh. ex Rchb.,,,Plantae,species
,2926894,,Ballota nigra L.,,,Plantae,species
,7836567,,Centaurium uliginosum Beck ex Ronniger,,,Plantae,species
,3169707,,Vinca minor L.,,,Plantae,species
,3170247,,Asclepias syriaca L.,,,Plantae,species
,5339050,,Sherardia arvensis L.,,,Plantae,species
,2913548,,Galium aparine L.,,,Plantae,species
,2913280,,Galium aristatum L.,,,Plantae,species
,2913452,,Galium tricornutum Dandy,,,Plantae,species
,2908433,,Galium humifusum M.Bieb.,,,Plantae,species
,2913214,,Galium spurium L.,,,Plantae,species
,2916662,,Asperula arvensis L.,,,Plantae,species
,2891770,,Impatiens glandulifera Royle,,,Plantae,species
,2891782,,Impatiens parviflora DC.,,,Plantae,species
,3169329,,Androsace maxima L.,,,Plantae,species
,2925767,,Heliotropium europaeum L.,,,Plantae,species
,2926066,,Symphytum asperum Lepech.,,,Plantae,species
,7989836,,Symphytum caucasicum M.Bieb.,,,Plantae,species
,2926042,,Nonea lutea (Desr.) DC.,,,Plantae,species
,7294644,,Nonea pulla (L.) DC.,,,Plantae,species
,5341170,,Myosotis arvensis (L.) Hill,,,Plantae,species
,5341186,,Myosotis asiatica (Vestergr. ex Hultén) Schischk. & Serg.,,,Plantae,species
,2925756,,Lappula squarrosa (Retz.) Dumort.,,,Plantae,species
,2925892,,Echium vulgare L.,,,Plantae,species
,2925895,,Echium plantagineum L.,,,Plantae,species
,2925815,,Cynoglossum officinale L.,,,Plantae,species
,2925901,,Buglossoides arvensis (L.) I.M.Johnst.,,,Plantae,species
,2925870,,Amsinckia menziesii (Lehm.) A.Nelson & J.F.Macbr.,,,Plantae,species
,5341201,,Anchusa officinalis L.,,,Plantae,species
,3152374,,Malva sylvestris L.,,,Plantae,species
,3152379,,Malva moschata L.,,,Plantae,species
,3152372,,Malva pusilla Sm.,,,Plantae,species
,3152373,,Malva neglecta Wallr.,,,Plantae,species
,3152560,,Hibiscus trionum L.,,,Plantae,species
,3152493,,Anoda cristata (L.) Schltdl.,,,Plantae,species
,5361815,,Urtica urens L.,,,Plantae,species
,3039285,,Hippophae rhamnoides L.,,,Plantae,species
,3012089,,Sorbaria sorbifolia (L.) A.Braun,,,Plantae,species
,3026454,,Spiraea salicifolia L.,,,Plantae,species
,3026406,,Spiraea chamaedryfolia L.,,,Plantae,species
,3002191,,Rosa caesia Sm.,,,Plantae,species
,3003708,,Rosa dumalis Bechst.,,,Plantae,species
,3010499,,Rosa glabrifolia C.A.Mey. ex Rupr.,,,Plantae,species
,3003979,,Rosa rugosa Thunb.,,,Plantae,species
,7578787,,Rosa subcanina (Christ) Dalla Torre & Sarnth.,,,Plantae,species
,3000723,,Sibbaldianthe bifurca (L.) Kurtto & T.Erikss.,,,Plantae,species
,2988354,,Physocarpus opulifolius (L.) Maxim.,,,Plantae,species
,3021850,,Prunus serotina Ehrh.,,,Plantae,species
,8265563,,Potentilla longifolia Willd.,,,Plantae,species
,5365305,,Potentilla norvegica L.,,,Plantae,species
,5366090,,Potentilla supina L.,,,Plantae,species
,3022789,,Prunus mahaleb L.,,,Plantae,species
,3022725,,Prunus maximowiczii Rupr.,,,Plantae,species
,3021605,,Prunus pumila L.,,,Plantae,species
,3020791,,Prunus avium (L.) L.,,,Plantae,species
,5369784,,Geum macrophyllum Willd.,,,Plantae,species
,9220780,,Crataegus monogyna Jacq.,,,Plantae,species
,3023852,,Amelanchier spicata (Lam.) K.Koch,,,Plantae,species
,3040253,,Reseda phyteuma L.,,,Plantae,species
,3040252,,Reseda lutea L.,,,Plantae,species
,3916466,,Reseda inodora Rchb.,,,Plantae,species
,3046744,,Sisymbrium volgense M.Bieb. ex E.Fourn.,,,Plantae,species
,3046812,,Sisymbrium orientale L.,,,Plantae,species
,3046890,,Sisymbrium officinale (L.) Scop.,,,Plantae,species
,3046850,,Sisymbrium strictissimum L.,,,Plantae,species
,3046830,,Sisymbrium polymorphum (Murray) Roth,,,Plantae,species
,3046736,,Sisymbrium altissimum L.,,,Plantae,species
,3047598,,Sinapis arvensis L.,,,Plantae,species
,3046875,,Sisymbrium loeselii L.,,,Plantae,species
,3046851,,Sisymbrium irio L.,,,Plantae,species
,5373440,,Strigosella africana (L.) Botsch.,,,Plantae,species
,5373368,,Rapistrum rugosum (L.) All.,,,Plantae,species
,5373365,,Rapistrum perenne (L.) All.,,,Plantae,species
,3053406,,Rorippa austriaca (Crantz) Besser,,,Plantae,species
,3040983,,Raphanus raphanistrum L.,,,Plantae,species
,3044823,,Alyssum rostratum Steven,,,Plantae,species
,3044743,,Alyssum desertorum Stapf,,,Plantae,species
,3044855,,Alyssum alyssoides (L.) L.,,,Plantae,species
,3041022,,"Armoracia rusticana P.Gaertn., B.Mey. & Scherb.",,,Plantae,species
,3042889,,Brassica elongata subsp. integrifolia (Boiss.) Breistr.,,,Plantae,subspecies
,3042716,,Brassica rapa subsp. oleifera (DC.) Metzg.,,,Plantae,subspecies
,3053522,,Berteroa incana (L.) DC.,,,Plantae,species
,3042624,,Brassica tournefortii Gouan,,,Plantae,species
,9073641,,Camelina sativa (L.) Crantz,,,Plantae,species
,3042416,,Camelina microcarpa Andrz. ex DC.,,,Plantae,species
,3042439,,Camelina rumelica Velen.,,,Plantae,species
,3042399,,Camelina alyssum (Mill.) Thell.,,,Plantae,species
,3048831,,Cakile maritima Scop.,,,Plantae,species
,3050364,,Bunias orientalis L.,,,Plantae,species
,3044349,,Chorispora tenella (Pall.) DC.,,,Plantae,species
,5373475,,Crambe hispanica L.,,,Plantae,species
,3040913,,Conringia orientalis (L.) Dumort.,,,Plantae,species
,3040928,,Conringia planisiliqua Fisch. & C.A.Mey.,,,Plantae,species
,3044318,,Descurainia sophia (L.) Webb ex Prantl,,,Plantae,species
,3049513,,Draba sibirica (Pall.) Thell.,,,Plantae,species
,5376426,,Diplotaxis tenuifolia (L.) DC.,,,Plantae,species
,5376337,,Diplotaxis muralis (L.) DC.,,,Plantae,species
,5375920,,Eruca vesicaria (L.) Cav.,,,Plantae,species
,5375547,,Erucastrum gallicum (Willd.) O.E.Schulz,,,Plantae,species
,3048266,,Erysimum cheiranthoides L.,,,Plantae,species
,3048288,,Erysimum diffusum Ehrh.,,,Plantae,species
,3048261,,Erysimum leucanthemum (Stephan) B.Fedtsch.,,,Plantae,species
,3049314,,Euclidium syriacum (L.) W.T.Aiton,,,Plantae,species
,3048166,,Erysimum repandum L.,,,Plantae,species
,3048613,,Erysimum marschallianum Andrz. ex M.Bieb.,,,Plantae,species
,5374118,,Isatis tinctoria L.,,,Plantae,species
,5376961,,Lepidium draba L.,,,Plantae,species
,5377064,,Lepidium densiflorum Schrad.,,,Plantae,species
,5376514,,Lepidium chalepense L.,,,Plantae,species
,7703116,,Lepidium campestre (L.) W.T.Aiton,,,Plantae,species
,3042291,,Hesperis matronalis L.,,,Plantae,species
,5374266,,Isatis costata C.A.Mey.,,,Plantae,species
,3050631,,Microthlaspi perfoliatum (L.) F.K.Mey.,,,Plantae,species
,3047811,,Myagrum perfoliatum L.,,,Plantae,species
,5376692,,Lepidium latifolium L.,,,Plantae,species
,5376816,,Lepidium perfoliatum L.,,,Plantae,species
,5376616,,Lepidium ruderale L.,,,Plantae,species
,5376648,,Lepidium virginicum L.,,,Plantae,species
,9040863,,Neslia paniculata (L.) Desv.,,,Plantae,species
,7068613,,Noccaea caerulescens subsp. caerulescens,,,Plantae,subspecies
,3034778,,Turgenia latifolia (L.) Hoffm.,,,Plantae,species
,5371753,,Visnaga daucoides Gaertn.,,,Plantae,species
,3637112,,Scandix iberica M.Bieb.,,,Plantae,species
,3034233,,Scandix pecten-veneris L.,,,Plantae,species
,7904530,,Seseli tortuosum L.,,,Plantae,species
,3642949,,Heracleum sosnowskyi Manden.,,,Plantae,species
,3034825,,Heracleum mantegazzianum Sommier & Levier,,,Plantae,species
,3034426,,Eryngium campestre L.,,,Plantae,species
,3034807,,Conium maculatum L.,,,Plantae,species
,3034653,,Chaerophyllum bulbosum L.,,,Plantae,species
,3642531,,Chaerophyllum aureum L.,,,Plantae,species
,3034523,,Caucalis platycarpos L.,,,Plantae,species
,3034554,,Bupleurum rotundifolium L.,,,Plantae,species
,5371743,,Anthriscus caucalis M.Bieb.,,,Plantae,species
,5371791,,Angelica lucida L.,,,Plantae,species
,5371808,,Angelica archangelica L.,,,Plantae,species
,5371825,,Aethusa cynapium L.,,,Plantae,species
,3084719,,Portulaca oleracea L.,,,Plantae,species
,3086244,,Mirabilis nyctaginea (Michx.) MacMill.,,,Plantae,species
,7905507,,Amaranthus albus L.,,,Plantae,species
,5384334,,Amaranthus viridis L.,,,Plantae,species
,8911082,,Amaranthus blitum L.,,,Plantae,species
,5384395,,Amaranthus blitoides S.Watson,,,Plantae,species
,5384364,,Amaranthus hybridus L.,,,Plantae,species
,5384341,,Amaranthus crispus (Lesp. & Thévenau) N.Terracc.,,,Plantae,species
,5384393,,Amaranthus palmeri S.Watson,,,Plantae,species
,7323810,,Amaranthus mitchellii Benth.,,,Plantae,species
,6109534,,Amaranthus retroflexus L.,,,Plantae,species
,5384359,,Amaranthus powellii S.Watson,,,Plantae,species
,3083680,,Atriplex micrantha Ledeb.,,,Plantae,species
,3083657,,Atriplex oblongifolia Waldst. & Kit.,,,Plantae,species
,3083783,,Atriplex laciniata L.,,,Plantae,species
,5383936,,Bassia scoparia (L.) A.J.Scott,,,Plantae,species
,6447806,,Axyris amaranthoides L.,,,Plantae,species
,3083702,,Atriplex tatarica L.,,,Plantae,species
,3083728,,Atriplex patula L.,,,Plantae,species
,3083745,,Atriplex rosea L.,,,Plantae,species
,3083786,,Atriplex prostrata DC.,,,Plantae,species
,7551162,,"Chenopodiastrum hybridum (L.) S.Fuentes, Uotila & Borsch",,,Plantae,species
,8149099,,"Chenopodiastrum murale (L.) S.Fuentes, Uotila & Borsch",,,Plantae,species
,3083941,,Chenopodium strictum Roth,,,Plantae,species
,3083932,,Chenopodium vulvaria L.,,,Plantae,species
,9631834,,Chenopodium urbicum Trosganzenvoet,,,Plantae,species
,7793820,,Corispermum hyssopifolium L.,,,Plantae,species
,7340011,,Corispermum declinatum Stephan ex Steven,,,Plantae,species
,3758216,,Spinacia turkestanica Iljin,,,Plantae,species
,3757066,,Suaeda altissima (L.) Pall.,,,Plantae,species
,6035660,,Suaeda corniculata (C.A.Mey.) Bunge,,,Plantae,species
,3085320,,Vaccaria hispanica (Mill.) Rauschert,,,Plantae,species
,5384834,,Silene noctiflora L.,,,Plantae,species
,5384848,,Silene gallica L.,,,Plantae,species
,7569592,,Silene repens Patrin,,,Plantae,species
,3085810,,Spergula arvensis L.,,,Plantae,species
,9137787,,Spergularia salina J. & K.Presl,,,Plantae,species
,7267791,,Spergula maxima Weihe,,,Plantae,species
,3085894,,Scleranthus annuus L.,,,Plantae,species
,5384852,,Silene conoidea L.,,,Plantae,species
,5384818,,Silene dichotoma Ehrh.,,,Plantae,species
,5384459,,Gypsophila pilosa Huds.,,,Plantae,species
,5384453,,Gypsophila perfoliata L.,,,Plantae,species
,5384465,,Gypsophila scorzonerifolia Ser.,,,Plantae,species
,3085421,,Dianthus barbatus L.,,,Plantae,species
,7592185,,Dianthus campestris M.Bieb.,,,Plantae,species
,3085440,,Cerastium glomeratum Thuill.,,,Plantae,species
,3085435,,Cerastium dichotomum L.,,,Plantae,species
,3085368,,Agrostemma githago L.,,,Plantae,species
,4038485,,Reynoutria ×bohemica Chrtek & Chrtková,,,Plantae,species
,2888943,,Rumex confertus Willd.,,,Plantae,species
,2889038,,Rumex dentatus L.,,,Plantae,species
,4038490,,Rumex marschallianus Rchb.,,,Plantae,species
,4037603,,Rumex palustris Sm.,,,Plantae,species
,2889019,,Rumex patientia L.,,,Plantae,species
,2888978,,Rumex pulcher L.,,,Plantae,species
,2889023,,Rumex stenophyllus Ledeb.,,,Plantae,species
,6391377,,Rumex triangulivalvis (Danser) Rech.fil.,,,Plantae,species
,5334439,,Polygonum patulum M.Bieb.,,,Plantae,species
,8515711,,Polygonum argyrocoleum Steud.,,,Plantae,species
,7821030,,Polygonum aviculare L.,,,Plantae,species
,2889378,,Fagopyrum tataricum (L.) Gaertn.,,,Plantae,species
,3104179,,Tripleurospermum inodorum (L.) Sch.-Bip,,,Plantae,species
,3098616,,Tripolium pannonicum (Jacq.) Dobrocz.,,,Plantae,species
,9052721,,"Xanthium strumarium Lour., 1790",,,Plantae,species
,3089150,,Xanthium spinosum L.,,,Plantae,species
,4225538,,Xanthium orientale subsp. riparium (Celak.) Greuter,,,Plantae,subspecies
,3092576,,Silphium perfoliatum L.,,,Plantae,species
,3105782,,Sonchus asper (L.) Hill,,,Plantae,species
,5389029,,Solidago canadensis L.,,,Plantae,species
,5389017,,Solidago gigantea Aiton,,,Plantae,species
,6443709,,Tragopogon dubius Scop.,,,Plantae,species
,3118349,,Tanacetum millefolium (L.) Tzvelev,,,Plantae,species
,9202318,,Symphyotrichum lanceolatum (Willd.) G.L.Nesom,,,Plantae,species
,3151558,,Symphyotrichum novi-belgii (L.) G.L.Nesom,,,Plantae,species
,3142208,,Rhaponticum repens (L.) Hidalgo,,,Plantae,species
,3114229,,Rudbeckia laciniata L.,,,Plantae,species
,5404313,,Saussurea amara (L.) DC.,,,Plantae,species
,3107415,,Senecio dubitabilis C.Jeffrey & Y.L.Chen,,,Plantae,species
,3107855,,Senecio viscosus L.,,,Plantae,species
,3108983,,Senecio vulgaris L.,,,Plantae,species
,7986596,,"Picris hieracioides Sibth. & Sm., 1813",,,Plantae,species
,3122924,,Pilosella aurantiaca (L.) F.W.Schultz & Sch.Bip.,,,Plantae,species
,6443643,,Pulicaria vulgaris Gaertn.,,,Plantae,species
,3104537,,Omalotheca supina (L.) DC.,,,Plantae,species
,3094900,,Onopordum acanthium L.,,,Plantae,species
,3103791,,Matricaria discoidea DC.,,,Plantae,species
,8370958,,Matricaria chamomilla L.,,,Plantae,species
,3148340,,Inula helenium L.,,,Plantae,species
,3137517,,Leontodon saxatilis Lam.,,,Plantae,species
,3140490,,Lactuca serriola L.,,,Plantae,species
,5402631,,Iva axillaris Pursh,,,Plantae,species
,3132570,,Galinsoga parviflora Cav.,,,Plantae,species
,8298495,,Galinsoga quadriradiata Ruiz & Pav.,,,Plantae,species
,3120024,,Achillea nobilis L.,,,Plantae,species
,3120277,,Achillea micrantha Willd.,,,Plantae,species
,3110593,,Ambrosia polystachya DC.,,,Plantae,species
,3110588,,Ambrosia trifida L.,,,Plantae,species
,3110686,,Ambrosia psilostachya DC.,,,Plantae,species
,3121581,,Artemisia dracunculus L.,,,Plantae,species
,3121668,,Artemisia austriaca Jacq.,,,Plantae,species
,3121319,,Artemisia absinthium L.,,,Plantae,species
,3120837,,Artemisia latifolia Ledeb.,,,Plantae,species
,8248377,,Artemisia integrifolia L.,,,Plantae,species
,3121593,,Artemisia gmelinii Weber ex Stechm.,,,Plantae,species
,7379843,,Artemisia dubia Wall. ex Besser,,,Plantae,species
,8035698,,Anthemis cotula L.,,,Plantae,species
,3102781,,Anthemis arvensis L.,,,Plantae,species
,5393103,,Arctium minus (Hill) Bernh.,,,Plantae,species
,3121562,,Artemisia sieversiana Ehrh. ex Willd.,,,Plantae,species
,3120790,,Artemisia verlotiorum Lamotte,,,Plantae,species
,3120713,,Artemisia scoparia Waldst. & Kit.,,,Plantae,species
,3120946,,Artemisia vulgaris L.,,,Plantae,species
,5391845,,Bidens pilosa L.,,,Plantae,species
,5392083,,Bidens connata Muhl. ex Willd.,,,Plantae,species
,5392174,,Bidens frondosa L.,,,Plantae,species
,3105380,,Carlina vulgaris L.,,,Plantae,species
,3114667,,Carduus pycnocephalus L.,,,Plantae,species
,3129000,,Centaurea iberica Trevis. ex Spreng.,,,Plantae,species
,3128962,,Centaurea diffusa Lam.,,,Plantae,species
,3114643,,Carduus acanthoides L.,,,Plantae,species
,3128888,,Centaurea solstitialis L.,,,Plantae,species
,3133938,,Coreopsis lanceolata L.,,,Plantae,species
,5392252,,Cichorium intybus L.,,,Plantae,species
,5403573,,Crepis alpina L.,,,Plantae,species
,5403605,,Crepis sancta (L.) Bornm.,,,Plantae,species
,3146632,,Erigeron strigosus Muhl. ex Willd.,,,Plantae,species
,3117449,,Erigeron annuus (L.) Pers.,,,Plantae,species
,3119175,,Helianthus tuberosus L.,,,Plantae,species
,3141855,,Helminthotheca echioides (L) Holub,,,Plantae,species
,9206251,,Helianthus annuus L.,,,Plantae,species
,3146219,,Grindelia squarrosa (Pursh) Dunal,,,Plantae,species
,3141101,,Glebionis segetum (L.) Fourr.,,,Plantae,species
,3190154,,Phellodendron amurense Rupr.,,,Plantae,species
,3189866,,Acer negundo L.,,,Plantae,species
,5289726,,Cenchrus spinifex Cav.,,,Plantae,species
,2703704,,Bromus danthoniae Trin.,,,Plantae,species
,9632508,,Sporobolus alopecuroides (Piller & Mitterp.) P.M.Peterson,,,Plantae,species
,2704161,,Thinopyrum intermedium (Host) Barkworth & D.R.Dewey,,,Plantae,species
,5290149,,Phragmites australis Trin. ex Steud.,,,Plantae,subspecies
,5828197,,Cenchrus americanus (L.) Morrone,,,Plantae,species
,4286975,,"Cyprinus carpio Linnaeus, 1758",,,Animalia,subspecies
,2704922,,Festuca rubra L.,,,Plantae,species
,8365953,,Cornus alba L.,,,Plantae,species
,7460783,,Thesium ramosum Hayne,,,Plantae,species
,5687974,,Sedum anglicum Huds.,,,Plantae,species
,2927490,,Cuscuta pentagona Engelm.,,,Plantae,species
,2929800,,Solanum angustifolium Mill.,,,Plantae,species
,3033363,,Ranunculus acris L.,,,Plantae,species
,2888522,,Capnoides sempervirens Borkh.,,,Plantae,species
,7346102,,Erythranthe guttata (DC.) G.L.Nesom,,,Plantae,species
,3728894,,Phelipanche ramosa Pomel,,,Plantae,species
,8184903,,Lysimachia arvensis (L.) U.Manns & Anderb.,,,Plantae,species
,4008422,,Lysimachia verticillaris Spreng.,,,Plantae,species
,5341197,,Lycopsis arvensis L.,,,Plantae,species
,,,Malva thuringiaca subsp. Thuringiaca,,,Plantae,species
,3001650,,Malus sieboldii Rehder,,,Plantae,species
,5364245,,Poterium sanguisorba L.,,,Plantae,species
,3048411,,Erysimum cuspidatum DC.,,,Plantae,species
,3047620,,Sinapis incana L.,,,Plantae,species
,8044896,,Blitum bonus-henricus (L.) Rchb.,,,Plantae,species
,8068834,,Atriplex laevis C.A.Mey.,,,Plantae,species
,5383969,,Blitum virgatum L.,,,Plantae,species
,7323250,,Amaranthus emarginatus Salzm. ex Uline & W.L.Bray,,,Plantae,species
,7547827,,Kali tragus Scop.,,,Plantae,species
,8048496,,Kali turgida (Dumort.) Gutermann,,,Plantae,species
,7475993,,Kali collina (Pall.) Akhani & Roalson,,,Plantae,species
,8273130,,"Lipandra polysperma (L.) S.Fuentes, Uotila & Borsch",,,Plantae,species
,3085418,,Dianthus chinensis L.,,,Plantae,species
,2889173,,Reynoutria japonica Houtt.,,,Plantae,species
,2889088,,Reynoutria sachalinensis Nakai,,,Plantae,species
,5334294,,Polygonum arenastrum Boreau,,,Plantae,species
,7820611,,Persicaria lapathifolia (L.) Delarbre,,,Plantae,species
,8811572,,Koenigia weyrichii,,,Plantae,species
,6063596,,Carduus platypus Lange,,,Plantae,subspecies
,3089934,,Seriphidium schrenkianum (Ledeb.) Poljakov,,,Plantae,species
,4210773,,Carduus vivariensis Jord.,,,Plantae,subspecies
,3089549,,Centaurea depressa M.Bieb.,,,Plantae,species
,3089561,,Centaurea cyanus L.,,,Plantae,species
,3132457,,Erechtites hieraciifolia Raf. ex DC.,,,Plantae,species
,3141890,,Cyclachaena xanthiifolia Fresen.,,,Plantae,species
,6063730,,Senecio vernalis Waldst. & Kit.,,,Plantae,subspecies
,3120828,,Artemisia lavandulifolia DC.,,,Plantae,species
,5740285,,"Gyrodactylus proterorhini Ergens, 1967",,,Animalia,species
,5179027,,"Scutigera coleoptrata Linnaeus, 1758",,,Animalia,species
,5250069,,"Thecaphora oxalidis (Ellis & Tracy) M.Lutz, R.Bauer & Piątek",,,Fungi,species
,4985072,,"Tricellaria inopinata d'Hondt & Occhipinti Ambrogi, 1985",,,Animalia,species
,5250090,,Urocystis trollii Nannf.,,,Fungi,species
,2557730,,Sporisorium destruens (Schltdl.) Vánky,,,Fungi,species
,6157050,,"Graptemys pseudogeographica kohnii (Baur, 1890)",,,Animalia,subspecies
,7190901,,Graptemys pseudogeographica pseudogeographica,,,Animalia,subspecies
,6157035,,"Trachemys scripta troostii (Holbrook, 1836)",,,Animalia,subspecies
,6157026,,"Trachemys scripta elegans (Wied, 1838)",,,Animalia,subspecies
,7062200,,Trachemys scripta scripta,,,Animalia,subspecies
,9350124,,"Natrix helvetica (Lacépède, 1789)",,,Animalia,species
,2516809,,Melampsoridium betulinum (Pers.) Kleb.,,,Fungi,species
,7239373,,Uromyces veratri (DC.) J.Schröt.,,,Fungi,species
,6159273,,"Lacerta viridis (Laurenti, 1768)",,,Animalia,species
,2516117,,Gymnosporangium confusum Plowr.,,,Fungi,species
,2516137,,Gymnosporangium sabinae (Dicks.) G.Winter,,,Fungi,species
,9185677,,"Podarcis siculus (Rafinesque-Schmaltz, 1810)",,,Animalia,species
,2469188,,"Podarcis muralis (Laurenti, 1768)",,,Animalia,species
,3376286,,Puccinia pazschkei Dietel,,,Fungi,species
,2515351,,Puccinia oxalidis Dietel & Ellis,,,Fungi,species
,2514972,,Puccinia komarovii Tranzschel,,,Fungi,species
,2502938,,"Bipalium kewense Moseley, 1878",,,Animalia,species
,5232428,,"Chloephaga picta (J.F.Gmelin, 1789)",,,Animalia,species
,7670473,,"Batrachochytrium salamandrivorans A.Martel, Blooi, Bossuyt & Pasmans",,,Fungi,species
,2627503,,"Batrachochytrium dendrobatidis Longcore, Pessier & D.K.Nichols",,,Fungi,species
,2498390,,"Marmaronetta angustirostris (Ménétries, 1832)",,,Animalia,species
,2498035,,"Anser indicus (Latham, 1790)",,,Animalia,species
,6096602,,Lophocolea semiteres (Lehm.) Mitt.,,,Plantae,species
,5930559,,Ilex ×altaclerensis (Loudon) Dallim.,,,Plantae,species
,5414239,,Ilex crenata Thunb.,,,Plantae,species
,5533814,,Ilex ×meserveae S.Y.Hu,,,Plantae,species
,5220170,,"Rupicapra rupicapra (Linnaeus, 1758)",,,Animalia,species
,2441122,,"Ovis ammon (Linnaeus, 1758)",,,Animalia,species
,2440946,,"Muntiacus reevesi (Ogilby, 1839)",,,Animalia,species
,3686235,,Staphylea pinnata L.,,,Plantae,species
,5786666,,"Hydrochoerus hydrochaeris (Linnaeus, 1766)",,,Animalia,species
,2437619,,"Dolichotis patagonum (Zimmermann, 1780)",,,Animalia,species
,5219721,,"Meriones unguiculatus (Milne-Edwards, 1867)",,,Animalia,species
,5914287,,Melia azedarach L.,,,Plantae,species
,3190653,,Ailanthus altissima (Mill.) Swingle,,,Plantae,species
,5219681,,"Sciurus carolinensis Gmelin, 1788",,,Animalia,species
,5219683,,"Sciurus niger Linnaeus, 1758",,,Animalia,species
,2437450,,"Tamias sibiricus (Laxmann, 1769)",,,Animalia,species
,3190538,,Rhus typhina L.,,,Plantae,species
,3190551,,Rhus ×pulvinata Greene,,,Plantae,species
,2437232,,"Cynomys ludovicianus (Ord, 1815)",,,Animalia,species
,3190522,,Cotinus coggygria Scop.,,,Plantae,species
,2437397,,"Callosciurus prevostii (Desmarest, 1822)",,,Animalia,species
,2437394,,"Callosciurus erythraeus (Pallas, 1779)",,,Animalia,species
,2437282,,"Tamiasciurus hudsonicus (Erxleben, 1777)",,,Animalia,species
,7740617,,Skimmia japonica Thunb.,,,Plantae,species
,5219380,,"Mephitis mephitis (Schreber, 1776)",,,Animalia,species
,8077391,,Citrus ×aurantium L.,,,Plantae,species
,9518324,,Procyon cancrivorus G,,,Animalia,species
,3190382,,Ruta graveolens L.,,,Plantae,species
,2433536,,"Nasua nasua (Linnaeus, 1766)",,,Animalia,species
,3190411,,Ptelea trifoliata L.,,,Plantae,species
,2435035,,"Felis catus Linnaeus, 1758",,,Animalia,species
,5421180,,Koelreuteria paniculata Laxm.,,,Plantae,species
,2435451,,"Sarcophilus harrisii (Boitard, 1841)",,,Animalia,species
,3189939,,Cardiospermum halicacabum L.,,,Plantae,species
,3189935,,Cardiospermum grandiflorum Sw.,,,Plantae,species
,2436886,,"Sylvilagus floridanus (J.A.Allen, 1890)",,,Animalia,species
,7263145,,Acer rufinerve Siebold & Zucc.,,,Plantae,species
,2431875,,"Pleurodeles waltl Michahelles, 1830",,,Animalia,species
,7262958,,Acer monspessulanum L.,,,Plantae,species
,7262908,,Acer cappadocicum Gled.,,,Plantae,species
,4925890,,Acer tataricum subsp. ginnala (Maxim.) Wesm.,,,Plantae,subspecies
,2431886,,"Triturus marmoratus (Latreille, 1800)",,,Animalia,species
,5216933,,"Rhinella marina (Linnaeus, 1758)",,,Animalia,species
,3189883,,Acer rubrum L.,,,Plantae,species
,3189837,,Acer saccharinum L.,,,Plantae,species
,5217334,,"Xenopus laevis (Daudin, 1802)",,,Animalia,species
,2427091,,"Lithobates catesbeianus (Shaw, 1802)",,,Animalia,species
,2426661,,"Pelophylax ridibundus (Pallas, 1771)",,,Animalia,species
,3189828,,Aesculus parviflora Walter,,,Plantae,species
,2426640,,"Pelophylax bedriagae (Camerano, 1882)",,,Animalia,species
,3189815,,Aesculus hippocastanum L.,,,Plantae,species
,3188711,,Ammannia coccinea Rottb.,,,Plantae,species
,3989886,,Lythrum acutangulum Lag.,,,Plantae,species
,3988701,,Lythrum junceum Banks & Sol.,,,Plantae,species
,3188735,,Lythrum virgatum L.,,,Plantae,species
,5203111,,"Umbra pygmaea (DeKay, 1842)",,,Animalia,species
,3188757,,Trapa natans L.,,,Plantae,species
,7161168,,Lopezia racemosa Cav.,,,Plantae,species
,7814921,,Clarkia bottae (Spach) F.H.Lewis & M.E.Lewis,,,Plantae,species
,4285694,,"Oreochromis niloticus (Linnaeus, 1758)",,,Animalia,species
,5544928,,Clarkia purpurea subsp. quadrivulnera (Douglas) F.H.Lewis & M.E.Lewis,,,Plantae,subspecies
,5420978,,Clarkia amoena (Lehm.) A.Nelson & J.F.Macbr.,,,Plantae,species
,5420982,,Clarkia pulchella Pursh,,,Plantae,species
,5208832,,"Gobiosoma bosc (Lacepède, 1800)",,,Animalia,species
,5545159,,Ludwigia peploides subsp. montevidensis (Spreng.) P.H.Raven,,,Plantae,subspecies
,5421039,,Ludwigia grandiflora (Michx.) Greuter & Burdet,,,Plantae,species
,5420991,,Ludwigia peploides (Kunth) P.H.Raven,,,Plantae,species
,8994150,,Oenothera parviflora L.,,,Plantae,species
,2379245,,"Proterorhinus semilunaris (Heckel, 1837)",,,Animalia,species
,7915783,,Oenothera ×fallax Renner,,,Plantae,species
,8153538,,Oenothera ×oehlkersii Kappus,,,Plantae,species
,8302634,,Oenothera suaveolens Desf. ex Pers.,,,Plantae,species
,2382155,,"Sander lucioperca (Linnaeus, 1758)",,,Animalia,species
,7322292,,Oenothera ×cambrica Rostanski,,,Plantae,species
,7322393,,Oenothera indecora Cambess.,,,Plantae,species
,7322373,,Oenothera ×issleri Renner ex Rostanski,,,Plantae,species
,3667406,,Oenothera curtiflora W.L.Wagner & Hoch,,,Plantae,species
,3667238,,Oenothera ×paradoxa Hudziok,,,Plantae,species
,3667721,,Oenothera ×wratislaviensis Rostanski,,,Plantae,species
,3667628,,Oenothera ×nuda Renner ex Rostanski,,,Plantae,species
,4287131,,"Acipenser baerii Brandt, 1869",,,Animalia,species
,3665817,,Oenothera ×rubricauloides Rostanski,,,Plantae,species
,2402129,,"Acipenser gueldenstaedtii Brandt & Ratzeburg, 1833",,,Animalia,species
,3664287,,Oenothera ×casimiri Rostanski,,,Plantae,species
,3664589,,Oenothera lindheimeri (Engelm. & A.Gray) W.L.Wagner & Hoch,,,Plantae,species
,3663772,,Oenothera ×moravica V.Jehlík & Rostanski,,,Plantae,species
,3188830,,Oenothera stricta Link,,,Plantae,species
,3188838,,Oenothera perennis L.,,,Plantae,species
,3188859,,Oenothera speciosa Nutt.,,,Plantae,species
,3188867,,Oenothera laciniata Hill,,,Plantae,species
,3188875,,Oenothera rosea Aiton,,,Plantae,species
,5202793,,"Clarias gariepinus (Burchell, 1822)",,,Animalia,species
,3188884,,Oenothera oakesiana (A.Gray) J.W.Robbins ex S.Watson,,,Plantae,species
,3188894,,Oenothera glazioviana Micheli,,,Plantae,species
,2337607,,"Silurus glanis Linnaeus, 1758",,,Animalia,species
,3665966,,Epilobium ×floridulum Smejkal,,,Plantae,species
,3189073,,Epilobium brachycarpum C.Presl,,,Plantae,species
,2351064,,"Coregonus nasus (Pallas, 1776)",,,Animalia,species
,3152816,,Platanus orientalis L.,,,Plantae,species
,2351136,,"Coregonus peled (Gmelin, 1789)",,,Animalia,species
,2351413,,"Hucho hucho (Linnaeus, 1758)",,,Animalia,species
,4409643,,"Leuciscus idus (Linnaeus, 1758)",,,Animalia,species
,2367033,,"Ballerus ballerus (Linnaeus, 1758)",,,Animalia,species
,7433196,,Euonymus latifolius (L.) Mill.,,,Plantae,species
,2367742,,"Pimephales promelas Rafinesque, 1820",,,Animalia,species
,2360504,,"Vimba vimba (Linnaeus, 1758)",,,Animalia,species
,7102937,,Euonymus japonicus Thunb.,,,Plantae,species
,2362881,,"Leucaspius delineatus (Heckel, 1843)",,,Animalia,species
,3169120,,Euonymus alatus (Thunb.) Siebold,,,Plantae,species
,5569367,,Scaevola aemula R.Br.,,,Plantae,species
,4363583,,"Rapana venosa (Valenciennes, 1846)",,,Animalia,species
,5189713,,"Menetus dilatatus (A.Gould, 1841)",,,Animalia,species
,5410151,,Campanula poscharskyana Degen,,,Plantae,species
,5410210,,Campanula fenestrellata Feer,,,Plantae,species
,5409852,,Campanula erinus L.,,,Plantae,species
,5410826,,Campanula carpatica Jacq.,,,Plantae,species
,5411392,,Campanula lactiflora M.Bieb.,,,Plantae,species
,5410480,,Campanula rhomboidalis L.,,,Plantae,species
,5411408,,Campanula latifolia L.,,,Plantae,species
,5411453,,Campanula medium L.,,,Plantae,species
,5192789,,"Crepidula fornicata (Linnaeus, 1758)",,,Animalia,species
,5409120,,Lobelia siphilitica L.,,,Plantae,species
,5408775,,Lobelia sessilifolia Lamb.,,,Plantae,species
,5408682,,Lobelia pedunculata R.Br.,,,Plantae,species
,5408087,,Lobelia erinus L.,,,Plantae,species
,5407810,,Trachelium caeruleum L.,,,Plantae,species
,4562566,,"Aegopinella nitens (Michaud, 1831)",,,Animalia,species
,3167003,,Triodanis perfoliata (L.) Nieuwl.,,,Plantae,species
,3164340,,Platycodon grandiflorus (Jacq.) A.DC.,,,Plantae,species
,8745918,,"Deroceras invadens Reise, Hutchinson, Schunack & Schlitt, 2011",,,Animalia,species
,5386028,,Cyanus triumfettii (All.) Dostál ex Á.Löve & D.Löve,,,Plantae,species
,3138230,,Carthamus lanatus L.,,,Plantae,species
,7505045,,Soliva anthemifolia R.Br.,,,Plantae,species
,7403263,,Lactuca sativa L.,,,Plantae,species
,7587923,,Euchiton sphaericus (Willd.) Holub,,,Plantae,species
,2294277,,"Theba pisana (O.F.Müller, 1774)",,,Animalia,species
,7627205,,Glebionis coronaria (L.) Tzvelev,,,Plantae,species
,4564944,,"Xerosecta cespitum (Draparnaud, 1801)",,,Animalia,species
,8346536,,Schkuhria pinnata (Lam.) Kuntze,,,Plantae,species
,4565134,,"Cernuella aginnica (Locard, 1882)",,,Animalia,species
,4565140,,"Cernuella cisalpina (Rossmässler, 1837)",,,Animalia,species
,8537667,,Chondrilla juncea L.,,,Plantae,species
,2296805,,"Trochoidea elegans (Gmelin, 1791)",,,Animalia,species
,7066596,,Zinnia angustifolia var. angustifolia,,,Plantae,variety
,9479629,,"Tasserkidrilus americanus (Brinkhurst & Cook, 1966)",,,Animalia,species
,5391599,,Chamaemelum nobile (L.) All.,,,Plantae,species
,9442679,,"Bratislavia dadayi (Michaelsen, 1905)",,,Animalia,species
,5392859,,Echinops bannaticus Rochel ex Schrad.,,,Plantae,species
,4410150,,"Monopylephorus limosus (Hatai, 1898)",,,Animalia,species
,5392883,,Echinops sphaerocephalus L.,,,Plantae,species
,5392683,,Echinops exaltatus Schrad.,,,Plantae,species
,4410088,,"Quistadrilus multisetosus (Smith, 1900)",,,Animalia,species
,5392270,,Cichorium pumilum Jacq.,,,Plantae,species
,5392243,,Cichorium endivia L.,,,Plantae,species
,4410056,,"Psammoryctides moravicus (Hrabĕ, 1934)",,,Animalia,species
,8323119,,Bidens triplinervia var. macrantha (Wedd.) Sherff,,,Plantae,variety
,5392145,,Bidens radiata Thuill.,,,Plantae,species
,4812260,,"Branchiodrilus hortensis (Stephenson, 1910)",,,Animalia,species
,5391882,,Bidens subalternans DC.,,,Plantae,species
,4307880,,"Potamothrix heuscheri (Bretscher, 1900)",,,Animalia,species
,5391810,,Bidens vulgata Greene,,,Plantae,species
,2308605,,"Potamothrix vejdovskyi (Hrabĕ, 1941)",,,Animalia,species
,5389402,,Bidens bipinnata L.,,,Plantae,species
,2308541,,"Limnodrilus cervix Brinkhurst, 1963",,,Animalia,species
,5389173,,Telekia speciosa (Schreb.) Baumg.,,,Plantae,species
,5389058,,Solidago altissima L.,,,Plantae,species
,7009279,,"Laonome calida Capa, 2007",,,Animalia,species
,5388967,,Solidago rugosa Mill.,,,Plantae,species
,2327735,,"Ficopomatus enigmaticus (Fauvel, 1923)",,,Animalia,species
,9182765,,Calendula arvensis L.,,,Plantae,species
,5391480,,Calendula officinalis L.,,,Plantae,species
,2321010,,"Marenzelleria neglecta Sikorski & Bick, 2004",,,Animalia,species
,2321012,,"Marenzelleria viridis (Verrill, 1873)",,,Animalia,species
,5391292,,Centipeda minima (L.) A.Br. & Asch.,,,Plantae,species
,5390636,,Cota austriaca (Jacq.) Sch.Bip.,,,Plantae,species
,5390611,,Cota altissima (L.) J.Gay,,,Plantae,species
,5709400,,Tragopogon ×mirabilis Rouy,,,Plantae,species
,5386938,,Tragopogon porrifolius L.,,,Plantae,species
,2286079,,"Crassostrea virginica (Gmelin, 1791)",,,Animalia,species
,5387817,,Gaillardia ×grandiflora Van Houtte,,,Plantae,species
,7791733,,"Mya arenaria Linnaeus, 1758",,,Animalia,species
,5388595,,Jacobaea maritima (L.) Pelser & Meijden,,,Plantae,species
,5701337,,Dahlia ×cultorum Thorsrud & Reisaeter,,,Plantae,species
,2287076,,"Mytilopsis leucophaeata (Conrad, 1831)",,,Animalia,species
,5387098,,Dahlia coccinea Cav.,,,Plantae,species
,8133114,,Aster amellus L.,,,Plantae,species
,5387639,,Aster ageratoides Turcz.,,,Plantae,species
,2288859,,"Psiloteredo megotara (Hanley, 1848)",,,Animalia,species
,2288847,,"Teredo navalis Linnaeus, 1758",,,Animalia,species
,5403743,,Scolymus maculatus L.,,,Plantae,species
,5403742,,Scolymus hispanicus L.,,,Plantae,species
,5401239,,Felicia tenella (L.) Nees,,,Plantae,species
,5401508,,Emilia fosbergii Nicolson,,,Plantae,species
,5189032,,"Corbicula fluminalis (O.F.Müller, 1774)",,,Animalia,species
,5401760,,Ageratum houstonianum Mill.,,,Plantae,species
,5704991,,Helenium ×clementii Verloove & Lambinon,,,Plantae,species
,5188971,,"Rangia cuneata (G.B.Sowerby I, 1832)",,,Animalia,species
,5401877,,Helenium autumnale L.,,,Plantae,species
,2287615,,"Petricolaria pholadiformis (Lamarck, 1818)",,,Animalia,species
,5402363,,Dimorphotheca pluvialis (L.) Moench,,,Plantae,species
,5402627,,Iva annua L.,,,Plantae,species
,2287668,,"Mercenaria mercenaria (Linnaeus, 1758)",,,Animalia,species
,5402874,,Eupatorium perfoliatum L.,,,Plantae,species
,5393689,,Asteriscus aquaticus (L.) Less.,,,Plantae,species
,2287249,,"Ensis directus (Conrad, 1844)",,,Animalia,species
,5395475,,Ligularia dentata (A.Gray) H.Hara,,,Plantae,species
,5396474,,Heliopsis helianthoides (L.) Sweet,,,Plantae,species
,4556286,,"Meloidogyne artiellia Franklin, 1961",,,Animalia,species
,5396551,,Tithonia rotundifolia (Mill.) S.F.Blake,,,Plantae,species
,2284443,,"Mastophorus Diesing, 1853",,,Animalia,genus
,5397564,,Vernonia fasciculata Michx.,,,Plantae,species
,5399550,,Rhagadiolus stellatus (L.) Gaertn.,,,Plantae,species
,5400552,,Ageratina altissima (L.) R.M.King & H.Rob.,,,Plantae,species
,5401007,,Leucanthemum ×superbum (Bergmans ex J.W.Ingram) D.H.Kent,,,Plantae,species
,7547256,,"Sinelobus vanhaareni Bamber, 2014",,,Animalia,species
,7569785,,Hieracium pilosum Schleich. ex Froel.,,,Plantae,species
,4243464,,Hieracium speciosum Willd. ex Hornem.,,,Plantae,species
,2227663,,"Rhithropanopeus harrisii (Gould, 1841)",,,Animalia,species
,7706146,,Crepis nicaeensis Balb.,,,Plantae,species
,2224970,,"Palaemon macrodactylus M.J.Rathbun, 1902",,,Animalia,species
,5831060,,Crepis foetida subsp. rhoeadifolia (M.Bieb.) Celak.,,,Plantae,subspecies
,5403541,,Crepis bursifolia L.,,,Plantae,species
,5403272,,Crepis pulchra L.,,,Plantae,species
,5403508,,Crepis tectorum L.,,,Plantae,species
,4245384,,Crepis setosa Haller fil.,,,Plantae,species
,3148548,,Anacyclus ×valentinus L.,,,Plantae,species
,3148589,,Anacyclus clavatus (Desf.) Pers.,,,Plantae,species
,3148560,,Anacyclus radiatus Loisel.,,,Plantae,species
,3147913,,Verbesina encelioides (Cav.) Benth. & Hook.fil. ex A.Gray,,,Plantae,species
,2225646,,"Callinectes sapidus Rathbun, 1896",,,Animalia,species
,4933624,,Inula racemosa Hook.fil.,,,Plantae,species
,2225776,,"Eriocheir sinensis H.Milne Edwards, 1853",,,Animalia,species
,4382841,,"Hemigrapsus takanoi Asakura & Watanabe, 2005",,,Animalia,species
,3139003,,Melampodium montanum Benth.,,,Plantae,species
,2225772,,"Hemigrapsus sanguineus (De Haan, 1835)",,,Animalia,species
,3138953,,Melampodium perfoliatum (Cav.) Kunth,,,Plantae,species
,3141046,,Centromadia pungens (Hook. & Arn.) Greene,,,Plantae,species
,3140910,,Madia sativa Molina,,,Plantae,species
,3138195,,Eutrochium maculatum (L.) E.E.Lamont,,,Plantae,species
,3138192,,Eutrochium purpureum (L.) E.E.Lamont,,,Plantae,species
,2203165,,"Cordioniscus stebbingi (Patience, 1907)",,,Animalia,species
,2202786,,"Synarmadillo Dollfus, 1892",,,Animalia,genus
,3137829,,Psephellus dealbatus (Willd.) K.Koch,,,Plantae,species
,2202641,,"Reductoniscus costulatus Kesselyak, 1930",,,Animalia,species
,3138327,,Carthamus tinctorius L.,,,Plantae,species
,2209044,,"Nagurus cristatus (Dollfus, 1889)",,,Animalia,species
,3145214,,Silybum marianum (L.) Gaertn.,,,Plantae,species
,3141890,,Cyclachaena xanthiifolia (Nutt.) Fresen.,,,Plantae,species
,2205951,,"Proasellus coxalis (Dollfus, 1892)",,,Animalia,species
,2206086,,"Proasellus meridianus (Racovitza, 1919)",,,Animalia,species
,2204831,,"Synidotea laticauda Benedict, 1897",,,Animalia,species
,3141571,,Mantisalca salmantica (L.) Briq. & Cavill.,,,Plantae,species
,3143034,,Doronicum columnae Ten.,,,Plantae,species
,3142974,,Doronicum ×excelsum (N.E.Br.) Stace,,,Plantae,species
,4314702,,"Monocorophium sextonae (Crawford, 1937)",,,Animalia,species
,3129663,,Baccharis halimifolia L.,,,Plantae,species
,5178057,,"Caprella mutica Schurin, 1935",,,Animalia,species
,8018277,,Centaurea pectinata L.,,,Plantae,species
,8305028,,Centaurea phrygia L.,,,Plantae,species
,5177825,,"Incisocalliope aestuarius (Watling & Maurer, 1973)",,,Animalia,species
,7223276,,Centaurea solstitialis subsp. solstitialis,,,Plantae,subspecies
,4250826,,Centaurea nemenyiana J.Wagner,,,Plantae,species
,3129064,,Centaurea macrocephala Muss.Puschk. ex Willd.,,,Plantae,species
,3129010,,Centaurea diluta Aiton,,,Plantae,species
,3128279,,Centaurea calocephala Willd.,,,Plantae,species
,3128228,,Centaurea nigrescens Willd.,,,Plantae,species
,4315760,,"Echinogammarus berilloni (Catta, 1878)",,,Animalia,species
,3128437,,Centaurea glaberrima Tausch,,,Plantae,species
,3128007,,Centaurea orientalis L.,,,Plantae,species
,3127837,,Centaurea hyalolepis Boiss.,,,Plantae,species
,3128166,,Centaurea aspera L.,,,Plantae,species
,3128091,,Centaurea melitensis L.,,,Plantae,species
,3127613,,Centaurea paniculata L.,,,Plantae,species
,3127727,,Centaurea stoebe L.,,,Plantae,species
,3127691,,Centaurea benedicta (L.) L.,,,Plantae,species
,5864277,,"Gammarus roeselii Gervais, 1835",,,Animalia,species
,4926336,,Anaphalis margaritacea (L.) Benth.,,,Plantae,species
,2219863,,"Gammarus tigrinus Sexton, 1939",,,Animalia,species
,3136929,,Anaphalis triplinervis (Sims) C.B.Clarke,,,Plantae,species
,3137629,,Rhodanthe floribunda (DC.) Paul G.Wilson,,,Plantae,species
,2217982,,"Crangonyx pseudogracilis Bousfield, 1958",,,Animalia,species
,3134867,,Catananche caerulea L.,,,Plantae,species
,3133702,,Adenostyles alliariae (Gouan) A.Kern.,,,Plantae,species
,2215949,,"Melita nitida S.I.Smith, 1873",,,Animalia,species
,3133887,,Coreopsis verticillata L.,,,Plantae,species
,3133950,,Coreopsis tinctoria Nutt.,,,Plantae,species
,3131367,,Helichrysum petiolare Hilliard & B.L.Burtt,,,Plantae,species
,3131614,,Helichrysum italicum (Roth) G.Don,,,Plantae,species
,6128436,,"Amphibalanus reticulatus (Utinomi, 1967)",,,Animalia,species
,6467647,,"Amphibalanus improvisus (Darwin, 1854)",,,Animalia,species
,3122190,,Amberboa moschata (L.) DC.,,,Plantae,species
,4805564,,"Amphibalanus amphitrite (Darwin, 1854)",,,Animalia,species
,8042568,,Artemisia abrotanum L.,,,Plantae,species
,8195160,,Artemisia pontica L.,,,Plantae,species
,8373355,,Artemisia annua L.,,,Plantae,species
,5166489,,"Megabalanus coccopoma (Darwin, 1854)",,,Animalia,species
,3121258,,Artemisia princeps Pamp.,,,Plantae,species
,3120950,,Artemisia ludoviciana Nutt.,,,Plantae,species
,2115769,,"Austrominius modestus (Darwin, 1854)",,,Animalia,species
,7222196,,Achillea salicifolia subsp. salicifolia,,,Plantae,subspecies
,3120391,,Achillea ageratum L.,,,Plantae,species
,3120284,,Achillea filipendulina Lam.,,,Plantae,species
,3120066,,Achillea setacea Waldst. & Kit.,,,Plantae,species
,3147146,,Erigeron speciosus (Lindl.) DC.,,,Plantae,species
,3147018,,Erigeron floribundus (Kunth) Sch.Bip.,,,Plantae,species
,3147168,,Erigeron karvinskianus DC.,,,Plantae,species
,3146717,,Erigeron bonariensis L.,,,Plantae,species
,3119285,,Erigeron philadelphicus L.,,,Plantae,species
,3126046,,Erigeron pampeanus Parodi,,,Plantae,species
,3125944,,Santolina rosmarinifolia L.,,,Plantae,species
,3125933,,Santolina chamaecyparissus L.,,,Plantae,species
,3125901,,Sigesbeckia orientalis L.,,,Plantae,species
,2162464,,"Uroctea durandi (Latreille, 1809)",,,Animalia,species
,3125765,,Stuartina muelleri Sond.,,,Plantae,species
,2162525,,"Oecobius amboseli Shear & Benoit, 1974",,,Animalia,species
,2162537,,"Oecobius navus Blackwall, 1859",,,Animalia,species
,9321334,,Pilosella prussica (Nägeli & Peter) Soják,,,Plantae,species
,2161710,,"Heteropoda venatoria (Linnaeus, 1767)",,,Animalia,species
,8288930,,Pilosella piloselloides (Vill.) Soják,,,Plantae,species
,2162049,,"Olios argelasius (Walckenaer, 1806)",,,Animalia,species
,2161911,,"Nolavia Kammerer, 2006",,,Animalia,genus
,2161467,,"Cerbalus Simon, 1897",,,Animalia,genus
,3123300,,Pilosella fuscoatra (Nägeli & Peter) Soják,,,Plantae,species
,3123663,,Pilosella caespitosa (Dumort.) P.D.Sell & C.West,,,Plantae,species
,7652364,,"Nephila Leach, 1815",,,Animalia,genus
,3123249,,Pilosella stoloniflora (Waldst. & Kit.) F.W.Schultz & Sch.Bip.,,,Plantae,species
,2158821,,"Neoscona nautica (L.Koch, 1875)",,,Animalia,species
,3122323,,Notobasis syriaca (L.) Cass.,,,Plantae,species
,2177741,,"Hasarius adansoni (Audouin, 1826)",,,Animalia,species
,3089146,,Xanthium orientale L.,,,Plantae,species
,2176858,,"Philaeus chrysops (Poda, 1761)",,,Animalia,species
,2176168,,"Phidippus C.L.Koch, 1846",,,Animalia,genus
,3089154,,Xanthium strumarium L.,,,Plantae,species
,2174528,,"Saitis barbipes (Simon, 1868)",,,Animalia,species
,3086784,,Parthenium hysterophorus L.,,,Plantae,species
,2172282,,"Pellenes geniculatus (Simon, 1868)",,,Animalia,species
,2172885,,"Evarcha jucunda (Lucas, 1846)",,,Animalia,species
,7749287,,Petasites albus (L.) Gaertn.,,,Plantae,species
,2171214,,"Plexippus paykulli (Audouin, 1826)",,,Animalia,species
,3088310,,Petasites japonicus (Siebold & Zucc.) Maxim.,,,Plantae,species
,3088282,,Petasites pyrenaicus (L.) G.López,,,Plantae,species
,2172103,,"Heliophanus kochii Simon, 1868",,,Animalia,species
,3114986,,Arctotheca calendula (L.) Levyns,,,Plantae,species
,2169430,,"Macaroeris nidicolens (Walckenaer, 1802)",,,Animalia,species
,3115131,,Sinacalia tangutica (Maxim.) B.Nord.,,,Plantae,species
,2164194,,"Cheiracanthium furculatum Karsch, 1879",,,Animalia,species
,6718178,,"Cryptachaea blattea (Urquhart, 1886)",,,Animalia,species
,4550810,,"Cryptachaea veruculata (Urquhart, 1886)",,,Animalia,species
,3118526,,Tanacetum macrophyllum (Waldst. & Kit.) Sch.Bip.,,,Plantae,species
,3118430,,Tanacetum parthenium (L.) Sch.Bip.,,,Plantae,species
,3118254,,Tanacetum balsamita L.,,,Plantae,species
,3118216,,Tanacetum corymbosum (L.) Sch.Bip.,,,Plantae,species
,2155807,,"Euryopis episinoides (Walckenaer, 1847)",,,Animalia,species
,3119225,,Helianthus petiolaris Nutt.,,,Plantae,species
,2157203,,"Steatoda nobilis (Thorell, 1875)",,,Animalia,species
,2157278,,"Steatoda paykulliana (Walckenaer, 1806)",,,Animalia,species
,3119219,,Helianthus salicifolius A.Dietr.,,,Plantae,species
,3119191,,Helianthus debilis Nutt.,,,Plantae,species
,3119185,,Helianthus decapetalus L.,,,Plantae,species
,3119181,,Helianthus ×laetiflorus Pers.,,,Plantae,species
,2157335,,"Hadrotarsus ornatus Hickman, 1943",,,Animalia,species
,3113637,,Cirsium rivulare (Jacq.) All.,,,Plantae,species
,3113745,,Cirsium heterophyllum (L.) Hill,,,Plantae,species
,2157949,,"Latrodectus mactans (Fabricius, 1775)",,,Animalia,species
,3112994,,Cirsium ×subalpinum Gaudin,,,Plantae,species
,2157928,,"Latrodectus hasselti Thorell, 1870",,,Animalia,species
,2157944,,"Latrodectus geometricus C.L.Koch, 1841",,,Animalia,species
,2157942,,"Latrodectus hesperus Chamberlin & Ivie, 1935",,,Animalia,species
,3113852,,Gutenbergia rueppellii Sch.Bip.,,,Plantae,species
,4255472,,Rudbeckia amplexicaulis Vahl,,,Plantae,species
,2153712,,"Grammostola rosea (Walckenaer, 1837)",,,Animalia,species
,3114225,,Rudbeckia hirta L.,,,Plantae,species
,2153759,,"Phormictopus cancerides (Latreille, 1806)",,,Animalia,species
,2153791,,"Chaetopelma olivaceum (C.L.Koch, 1841)",,,Animalia,species
,3114343,,Athanasia trifurcata (L.) L.,,,Plantae,species
,2155557,,"Selenops radiatus Latreille, 1819",,,Animalia,species
,9448191,,Carduus nutans subsp. leiophyllus (Petrovic) Arènes,,,Plantae,subspecies
,4210773,,Carduus vivariensis Jord.,,,Plantae,species
,2149679,,"Holocnemus pluchei (Scopoli, 1763)",,,Animalia,species
,2149847,,"Spermophora senoculata (Dugès, 1836)",,,Animalia,species
,3114679,,Carduus hamulosus Ehrh.,,,Plantae,species
,2149761,,"Micropholcus fauroti (Simon, 1887)",,,Animalia,species
,2150043,,"Crossopriza lyoni (Blackwall, 1867)",,,Animalia,species
,8002952,,Ambrosia artemisiifolia L.,,,Plantae,species
,2149992,,"Pholcus opilionoides (Schrank, 1781)",,,Animalia,species
,2150089,,"Artema atlanta Walckenaer, 1837",,,Animalia,species
,2152822,,"Phoneutria nigriventer (Keyserling, 1891)",,,Animalia,species
,3110293,,Facelis retusa (Lam.) Sch.Bip.,,,Plantae,species
,3110767,,Cladanthus mixtus (L.) Chevall.,,,Plantae,species
,2140406,,"Triaeris stenaspis Simon, 1892",,,Animalia,species
,8542672,,Cotula australis (Sieber ex Spreng.) Hook.fil.,,,Plantae,species
,5168461,,"Erigone dentosa O.Pickard-Cambridge, 1894",,,Animalia,species
,3112123,,Cotula anthemoides L.,,,Plantae,species
,3112110,,Cotula coronopifolia L.,,,Plantae,species
,2138649,,"Mermessus denticulatus (Banks, 1898)",,,Animalia,species
,3112098,,Cotula turbinata L.,,,Plantae,species
,3112364,,Cynara cardunculus L.,,,Plantae,species
,3112361,,Cynara scolymus L.,,,Plantae,species
,2141241,,"Callobius nomeus (Chamberlin, 1919)",,,Animalia,species
,3104491,,Argyranthemum frutescens (L.) Sch.Bip.,,,Plantae,species
,2148040,,"Thanatus vulgaris Simon, 1870",,,Animalia,species
,2145078,,"Macrothele calpeiana (Walckenaer, 1805)",,,Animalia,species
,3104314,,Liatris spicata (L.) Willd.,,,Plantae,species
,7903764,,Senecio sarracenicus L.,,,Plantae,species
,6063730,,Senecio vernalis Waldst. & Kit.,,,Plantae,species
,7481364,,"Fulvius subnitens Poppius, 1909",,,Animalia,species
,3109117,,Senecio squalidus L.,,,Plantae,species
,4487282,,"Fulvius anthocoroides (Reuter, 1875)",,,Animalia,species
,3107896,,Senecio gallicus Chaix,,,Plantae,species
,3107177,,Senecio pterophorus DC.,,,Plantae,species
,4487370,,"Tropidosteptes pacificus (Van Duzee, 1921)",,,Animalia,species
,3105768,,Sonchus tenerrimus L.,,,Plantae,species
,4486365,,"Nysius huttoni White, 1878",,,Animalia,species
,5879783,,"Thaumatotibia leucotreta (Meyrick, 1913)",,,Animalia,species
,3110041,,Amphiachyris dracunculoides (DC.) Nutt.,,,Plantae,species
,4532122,,"Cydalima perspectalis (Walker, 1859)",,,Animalia,species
,3102871,,Xerochrysum bracteatum (Vent.) Tzvelev,,,Plantae,species
,5108665,,"Callopistria floridensis Guenée, 1852",,,Animalia,species
,3103180,,Gamochaeta antillana (Urb.) Anderb.,,,Plantae,species
,3103082,,Gamochaeta pensylvanica (Willd.) Cabrera,,,Plantae,species
,1932752,,"Cacyreus marshalli Butler, 1897",,,Animalia,species
,3102823,,Anthemis ruthenica M.Bieb.,,,Plantae,species
,1941864,,"Paysandisia archon (Burmeister, 1880)",,,Animalia,species
,3104078,,Heteranthemis viscidehirta Schott,,,Plantae,species
,5104748,,"Cameraria gaultheriella (Walsingham, 1889)",,,Animalia,species
,3104150,,Tripleurospermum decipiens (Fisch. & C.A.Mey.) Bornm.,,,Plantae,species
,1651430,,"Aedes albopictus (Skuse, 1894)",,,Animalia,species
,1652212,,"Aedes japonicus (Theobald, 1901)",,,Animalia,species
,1652150,,"Aedes koreicus (Edwards, 1917)",,,Animalia,species
,3098951,,Cosmos sulphureus Cav.,,,Plantae,species
,3098912,,Cosmos bipinnatus Cav.,,,Plantae,species
,1650106,,"Anopheles pharoensis Theobald, 1901",,,Animalia,species
,3096529,,Mauranthemum paludosum (Poir.) Vogt & Oberpr.,,,Plantae,species
,3098176,,Calotis hispidula (F.Muell.) F.Muell.,,,Plantae,species
,3098183,,Calotis lappulacea Benth.,,,Plantae,species
,3098186,,Calotis cuneifolia R.Br.,,,Plantae,species
,3100968,,Pseudognaphalium undulatum (L.) Hilliard & B.L.Burtt,,,Plantae,species
,3101193,,Dittrichia graveolens (L.) Greuter,,,Plantae,species
,3101184,,Dittrichia viscosa (L.) Greuter,,,Plantae,species
,1719204,,"Gryllomorpha dalmatina (Ocskay, 1832)",,,Animalia,species
,3100375,,Acanthospermum hispidum DC.,,,Plantae,species
,3093891,,Hypochaeris microcephala (Sch.Bip.) Cabrera,,,Plantae,species
,1713034,,"Gryllus bimaculatus De Geer, 1773",,,Animalia,species
,1722140,,"Eumodicogryllus bordigalensis (Latreille, 1804)",,,Animalia,species
,3092946,,Callistephus chinensis (L.) Nees,,,Plantae,species
,3092782,,Euthamia graminifolia (L.) Nutt.,,,Plantae,species
,3092604,,Leysera tenella DC.,,,Plantae,species
,4423428,,"Yersinella raymondii (Yersin, 1860)",,,Animalia,species
,4206362,,Onopordum beckianum A.John,,,Plantae,species
,3094939,,Onopordum tauricum Willd.,,,Plantae,species
,3094899,,Onopordum macracanthum Schousb.,,,Plantae,species
,6931186,,"Nicoletia phytophila Gervais, 1844",,,Animalia,species
,7832723,,Symphyotrichum lateriflorum (L.) Á.Löve & D.Löve,,,Plantae,species
,3151618,,Symphyotrichum novae-angliae (L.) G.L.Nesom,,,Plantae,species
,3151692,,Symphyotrichum ciliatum (Ledeb.) G.L.Nesom,,,Plantae,species
,1421105,,"Thermobia domestica (Packard, 1837)",,,Animalia,species
,3151666,,Symphyotrichum racemosum (Elliott) G.L.Nesom,,,Plantae,species
,3151755,,Symphyotrichum pilosum (Willd.) G.L.Nesom,,,Plantae,species
,1421095,,"Ctenolepisma lineata (Fabricius, 1775)",,,Animalia,species
,3151811,,Symphyotrichum ×salignum (Willd.) G.L.Nesom,,,Plantae,species
,3094253,,Symphyotrichum subulatum (Michx.) G.L.Nesom,,,Plantae,species
,8584304,,Guizotia abyssinica (L.fil.) Cass.,,,Plantae,species
,3088652,,Guizotia schimperi Sch.Bip.,,,Plantae,species
,1423286,,"Ischnura senegalensis (Rambur, 1842)",,,Animalia,species
,7497356,,Tagetes tenuifolia Cav.,,,Plantae,species
,3088481,,Tagetes minuta L.,,,Plantae,species
,3088488,,Tagetes erecta L.,,,Plantae,species
,1422818,,"Pseudagrion microcephalum (Rambur, 1842)",,,Animalia,species
,3088405,,Leucanthemella serotina (L.) Tzvelev,,,Plantae,species
,3092125,,"Acmella Rich., 1807",,,Plantae,genus
,5386764,,Acmella oleracea (L.) R.K.Jansen,,,Plantae,species
,1420197,,"Aleurodothrips fasciapennis (Franklin, 1908)",,,Animalia,species
,3090783,,Prenanthes purpurea L.,,,Plantae,species
,1420769,,"Aurantothrips orchidaceus (Bagnall, 1909)",,,Animalia,species
,1420791,,"Leucothrips nigripennis Reuter, 1904",,,Animalia,species
,5372392,,Vitis vinifera L.,,,Plantae,species
,1420828,,"Hercinothrips bicinctus (Bagnall, 1919)",,,Animalia,species
,1420829,,"Hercinothrips femoralis (Reuter, 1891)",,,Animalia,species
,3039209,,Parthenocissus tricuspidata (Siebold & Zucc.) Planch.,,,Plantae,species
,1420612,,"Scirtothrips longipennis (Bagnall, 1909)",,,Animalia,species
,1420765,,"Chaetanaphothrips orchidii (Moulton, 1907)",,,Animalia,species
,1419894,,"Euborellia annulipes (Lucas, 1847)",,,Animalia,species
,8599762,,"Aproceros leucopoda Takeuchi, 1939",,,Animalia,species
,3039046,,Fatsia japonica (Thunb.) Decne. & Planch.,,,Plantae,species
,3036033,,Hedera colchica (K.Koch) K.Koch,,,Plantae,species
,3037015,,Aralia cordata Thunb.,,,Plantae,species
,3036958,,Aralia racemosa L.,,,Plantae,species
,1311477,,"Vespa velutina Lepeletier, 1836",,,Animalia,species
,3036892,,Aralia elata (Miq.) Seem.,,,Plantae,species
,7664179,,"Technomyrmex vitiensis Mann, 1921",,,Animalia,species
,7358948,,"Lasius neglectus Van Loon, Boomsma & Andrasfalvy, 1990",,,Animalia,species
,8364220,,Torilis leptophylla (L.) Rchb.fil.,,,Plantae,species
,1325561,,"Paratrechina longicornis (Latreille, 1802)",,,Animalia,species
,6026665,,Torilis africana Spreng.,,,Plantae,species
,8455382,,"Hypoponera schauinslandi (Emery, 1899)",,,Animalia,species
,6027089,,Smyrnium perfoliatum L.,,,Plantae,species
,1320777,,"Plagiolepis pygmaea (Latreille, 1798)",,,Animalia,species
,7466434,,Pastinaca sativa subsp. urens (Req. ex Godr.) Celak.,,,Plantae,subspecies
,7224157,,Pastinaca sativa subsp. sativa,,,Plantae,subspecies
,1322674,,"Pheidole anastasii Emery, 1896",,,Animalia,species
,1321805,,"Pheidole bilimeki Mayr, 1870",,,Animalia,species
,8080300,,Pimpinella anisum L.,,,Plantae,species
,5538946,,Pimpinella peregrina L.,,,Plantae,species
,1319260,,"Tetraponera allaborans (Walker, 1859)",,,Animalia,species
,5538108,,Imperatoria ostruthium L.,,,Plantae,species
,1313740,,"Camponotus vagus (Scopoli, 1763)",,,Animalia,species
,5371889,,Oenanthe pimpinelloides L.,,,Plantae,species
,5371772,,Levisticum officinale W.D.J.Koch,,,Plantae,species
,4453195,,"Carpophilus obsoletus Erichson, 1843",,,Animalia,species
,5371746,,Anthriscus cerefolium (L.) Hoffm.,,,Plantae,species
,6027313,,"Daucus glochidiatus (Labill.) Fisch., C.A.Mey. & Avé-Lall.",,,Plantae,species
,6027382,,Daucus aureus Desf.,,,Plantae,species
,8765358,,"Coccinella miranda Wollaston, 1864",,,Animalia,species
,3641853,,Daucus durieua Lange,,,Plantae,species
,4989894,,"Hippodamia convergens Guérin-Méneville, 1842",,,Animalia,species
,6026954,,Scandix stellata Banks & Sol.,,,Plantae,species
,4990176,,"Rhyzobius forestieri (Mulsant, 1853)",,,Animalia,species
,6308164,,Scandix australis subsp. grandiflora (L.) Thell.,,,Plantae,subspecies
,3637507,,Scandix balansae Reut. ex Boiss.,,,Plantae,species
,3633319,,Tordylium maximum L.,,,Plantae,species
,3034922,,Foeniculum vulgare Mill.,,,Plantae,species
,4271356,,Heracleum sphondylium subsp. sibiricum (L.) Simonk.,,,Plantae,subspecies
,4400961,,"Badonnelia titei Pearman, 1953",,,Animalia,species
,4987920,,"Trichopsocus clarus (Banks, 1908)",,,Animalia,species
,3034681,,Myrrhis odorata (L.) Scop.,,,Plantae,species
,1032377,,"Hoplopleura erismata Ferris, 1921",,,Animalia,species
,1032262,,"Enderleinellus kumadai Kaneko, 1954",,,Animalia,species
,3034915,,Astrantia major L.,,,Plantae,species
,3034871,,Coriandrum sativum L.,,,Plantae,species
,4401285,,"Dorypteryx longipennis Smithers, 1991",,,Animalia,species
,1031742,,"Dorypteryx domestica (Smithers, 1958)",,,Animalia,species
,7318448,,Eryngium bourgatii Gouan,,,Plantae,species
,3631129,,Eryngium giganteum M.Bieb.,,,Plantae,species
,1031564,,"Psoquilla marginepunctata Hagen, 1865",,,Animalia,species
,3034393,,Eryngium planum L.,,,Plantae,species
,5831906,,Bupleurum gerardi All.,,,Plantae,species
,6026972,,Bupleurum praealtum L.,,,Plantae,species
,3639326,,Bupleurum croceum Fenzl,,,Plantae,species
,3638793,,Bupleurum fruticosum L.,,,Plantae,species
,3034552,,Bupleurum odontites L.,,,Plantae,species
,3034558,,Bupleurum subovatum Link ex Spreng.,,,Plantae,species
,3034182,,Ammi majus L.,,,Plantae,species
,1031524,,"Liposcelis paeta Pearman, 1942",,,Animalia,species
,1031394,,"Ectopsocus petersi Smithers, 1978",,,Animalia,species
,3034646,,Anethum graveolens L.,,,Plantae,species
,1031400,,"Ectopsocus briggsi McLachlan, 1899",,,Animalia,species
,3642339,,Chaerophyllum byzantinum Boiss.,,,Plantae,species
,7978544,,Hydrocotyle ranunculoides L.fil.,,,Plantae,species
,3034602,,Hydrocotyle verticillata Thunb.,,,Plantae,species
,1010644,,"Hanseniella caldaria (Hansen, 1903)",,,Animalia,species
,3034015,,Laurus nobilis L.,,,Plantae,species
,3034046,,Persea americana Mill.,,,Plantae,species
,8060423,,Cercidiphyllum japonicum Siebold & Zucc.,,,Plantae,species
,5361762,,Myriophyllum heterophyllum Michx.,,,Plantae,species
,5361785,,Myriophyllum aquaticum (Vell.) Verdc.,,,Plantae,species
,3152824,,Liquidambar styraciflua L.,,,Plantae,species
,3083486,,Paeonia lactiflora Pall.,,,Plantae,species
,3083488,,Paeonia officinalis L.,,,Plantae,species
,5567657,,Bergenia schmidtii (Regel) Silva Tar.,,,Plantae,species
,5567694,,Bergenia crassifolia (L.) Fritsch,,,Plantae,species
,5371610,,Tiarella cordifolia L.,,,Plantae,species
,5371605,,Tolmiea menziesii (Pursh) Torr. & A.Gray,,,Plantae,species
,7339492,,Rodgersia aesculifolia Batalin,,,Plantae,species
,3754587,,Rodgersia podophylla A.Gray,,,Plantae,species
,7544073,,Saxifraga ×arendsii Engl.,,,Plantae,species
,7339396,,Saxifraga rotundifolia L.,,,Plantae,species
,3754353,,Saxifraga ×urbium D.A.Webb,,,Plantae,species
,3753098,,Saxifraga cymbalaria L.,,,Plantae,species
,3032611,,Darmera peltata (Torr. ex Benth.) Voss,,,Plantae,species
,3032698,,Tellima grandiflora (Pursh) Douglas ex Lindl.,,,Plantae,species
,3032653,,Heuchera sanguinea Engelm.,,,Plantae,species
,3032646,,Heuchera micrantha Lindl.,,,Plantae,species
,7334263,,Crassula decumbens Thunb.,,,Plantae,species
,7334368,,Umbilicus rupestris (Salisb.) Dandy,,,Plantae,species
,5690287,,Sedum cepaea L.,,,Plantae,species
,7172720,,Sedum dasyphyllum L.,,,Plantae,species
,5361982,,Sedum hispanicum L.,,,Plantae,species
,5362004,,Sedum sarmentosum Bunge,,,Plantae,species
,4201607,,Phedimus spurius (M.Bieb.) 't Hart,,,Plantae,species
,7334631,,Hylotelephium maximum (L.) Holub,,,Plantae,species
,2985863,,Hylotelephium spectabile (Boreau) H.Ohba,,,Plantae,species
,2985944,,Kalanchoe blossfeldiana Poelln.,,,Plantae,species
,8091002,,Sempervivum globiferum L.,,,Plantae,species
,7334576,,Sempervivum ×barbulatum Schott,,,Plantae,species
,2985949,,Sempervivum tectorum L.,,,Plantae,species
,2986129,,Ribes spicatum E.Robson,,,Plantae,species
,2986132,,Ribes divaricatum Douglas,,,Plantae,species
,2986130,,Ribes sanguineum Pursh,,,Plantae,species
,2984676,,Pachysandra terminalis Siebold & Zucc.,,,Plantae,species
,5361880,,Cannabis sativa L.,,,Plantae,species
,5361888,,Morus nigra L.,,,Plantae,species
,5361889,,Morus alba L.,,,Plantae,species
,5361909,,Ficus carica L.,,,Plantae,species
,5361944,,Broussonetia papyrifera (L.) L'Hér. ex Vent.,,,Plantae,species
,4048052,,Hippophae rhamnoides subsp. caucasica Rousi,,,Plantae,subspecies
,7293094,,Elaeagnus macrophylla Thunb.,,,Plantae,species
,4048240,,Elaeagnus ×submacrophylla Servett.,,,Plantae,species
,3039272,,Elaeagnus multiflora Thunb.,,,Plantae,species
,3039269,,Elaeagnus angustifolia L.,,,Plantae,species
,5372457,,Paliurus spina-christi Mill.,,,Plantae,species
,3875113,,Ceanothus ×delilianus Spach,,,Plantae,species
,3039418,,Ziziphus lotus (L.) Lam.,,,Plantae,species
,2984532,,Zelkova serrata (Thunb.) Makino,,,Plantae,species
,7437751,,Urtica membranacea Poir. ex Savigny,,,Plantae,species
,7602322,,Urtica incisa Poir.,,,Plantae,species
,5670646,,Urtica pilulifera L.,,,Plantae,species
,7300922,,Pilea hyalina Fenzl,,,Plantae,species
,5669632,,Pilea peperomioides Diels,,,Plantae,species
,5361841,,Pilea microphylla (L.) Liebm.,,,Plantae,species
,2984466,,Laportea aestuans (L.) Chew,,,Plantae,species
,2984366,,Soleirolia soleirolii (Req.) Dandy,,,Plantae,species
,3021922,,Prunus cerasus L.,,,Plantae,species
,7272312,,Filipendula camtschatica (Pall.) Maxim.,,,Plantae,species
,7271631,,Pyrus communis subsp. communis,,,Plantae,subspecies
,5362136,,Aruncus dioicus (Walter) Fernald,,,Plantae,species
,5362215,,Cydonia oblonga Mill.,,,Plantae,species
,5363627,,Aronia melanocarpa (Michx.) Elliott,,,Plantae,species
,5370006,,Geum ternatum (Stephan) Smedmark,,,Plantae,species
,5370043,,Geum quellyon Sweet,,,Plantae,species
,8045533,,Potentilla supina subsp. costata Soják,,,Plantae,subspecies
,8358048,,Potentilla recta subsp. obscura (Willd.) Arcang.,,,Plantae,subspecies
,7272439,,Potentilla recta subsp. recta,,,Plantae,subspecies
,5367186,,Potentilla rivalis Nutt. ex Torr. & A.Gray,,,Plantae,species
,5367214,,Potentilla nepalensis Hook.,,,Plantae,species
,5365888,,Potentilla inclinata Vill.,,,Plantae,species
,5366327,,Potentilla montana Brot.,,,Plantae,species
,5365705,,Potentilla intermedia L.,,,Plantae,species
,5371450,,Kerria japonica (L.) DC.,,,Plantae,species
,3024109,,Amelanchier ×lamarckii F.G.Schroed.,,,Plantae,species
,3025858,,Cotoneaster ambiguus Rehder & E.H.Wilson,,,Plantae,species
,3025731,,Cotoneaster moupinensis Franch.,,,Plantae,species
,3025907,,Cotoneaster qungbixiensis J.Fryer & B.Hylmö,,,Plantae,species
,3025875,,Cotoneaster conspicuus Comber ex Marquand,,,Plantae,species
,3025989,,Cotoneaster ganghobaensis J.Fryer & B.Hylmö,,,Plantae,species
,3026004,,Cotoneaster ×watereri Exell,,,Plantae,species
,3026049,,Cotoneaster dammeri C.K.Schneid.,,,Plantae,species
,3026074,,Cotoneaster salicifolius Franch.,,,Plantae,species
,3026024,,Cotoneaster ascendens Flinck & B.Hylmö,,,Plantae,species
,3026040,,Cotoneaster ×suecicus G.Klotz,,,Plantae,species
,3025617,,Cotoneaster horizontalis Decne.,,,Plantae,species
,3025605,,Cotoneaster zabelii C.K.Schneid.,,,Plantae,species
,3026105,,Cotoneaster integrifolius (Roxb.) G.Klotz,,,Plantae,species
,3026092,,Cotoneaster hjelmqvistii Flinck & B.Hylmö,,,Plantae,species
,3026107,,Cotoneaster simonsii Baker,,,Plantae,species
,3026162,,Cotoneaster franchetii Boiss.,,,Plantae,species
,3026334,,Cotoneaster divaricatus Rehder & E.H.Wilson,,,Plantae,species
,3026294,,Cotoneaster bullatus Bois ex Bilm. & Bois,,,Plantae,species
,3027791,,Alchemilla micans Buser,,,Plantae,species
,3028431,,Alchemilla conjuncta Bab.,,,Plantae,species
,3028528,,Alchemilla mollis (Buser) Rothm.,,,Plantae,species
,3028586,,Alchemilla tytthantha Juz.,,,Plantae,species
,3029912,,Fragaria ×ananassa (Weston) Rozier,,,Plantae,species
,3031774,,Mespilus germanica L.,,,Plantae,species
,3032442,,Rhodotypos scandens (Thunb.) Makino,,,Plantae,species
,7889822,,Spiraea ×billardii Hérincq,,,Plantae,species
,8170635,,Spiraea japonica L.fil.,,,Plantae,species
,3027332,,Spiraea ×rosalba Dippel,,,Plantae,species
,3027341,,Spiraea nipponica Maxim.,,,Plantae,species
,3027355,,Spiraea ×macrothyrsa (Zabel) Dippel,,,Plantae,species
,3026431,,Spiraea hypericifolia L.,,,Plantae,species
,3026819,,Spiraea tomentosa L.,,,Plantae,species
,3026585,,Spiraea alba Du Roi,,,Plantae,species
,3027159,,Spiraea douglasii Hook.,,,Plantae,species
,3027138,,Spiraea canescens D.Don,,,Plantae,species
,3001978,,Agrimonia repens L.,,,Plantae,species
,7501634,,Rosa multiflora Murray,,,Plantae,species
,3002263,,Rosa majalis Herrm.,,,Plantae,species
,3002372,,Rosa blanda Aiton,,,Plantae,species
,3011247,,Rosa nitida Willd.,,,Plantae,species
,3006974,,Rosa pendulina L.,,,Plantae,species
,3003709,,Rosa glauca Pourr.,,,Plantae,species
,3000406,,Stranvaesia davidiana Decne.,,,Plantae,species
,3001270,,Malus ×purpurea (A.Barbier) Rehder,,,Plantae,species
,7818643,,Prunus armeniaca L.,,,Plantae,species
,6369140,,Prunus domestica subsp. domestica,,,Plantae,subspecies
,3022668,,Prunus virginiana L.,,,Plantae,species
,3021496,,Prunus laurocerasus L.,,,Plantae,species
,3020871,,Prunus lusitanica L.,,,Plantae,species
,3022203,,Prunus ×fruticans Weihe,,,Plantae,species
,3015457,,Crataegus persimilis Sarg.,,,Plantae,species
,3012117,,Sorbaria tomentosa (Lindl.) Rehder,,,Plantae,species
,3012103,,Sorbaria kirilowii (Regel) Maxim.,,,Plantae,species
,2996525,,Rubus armeniacus Focke,,,Plantae,species
,2994912,,Rubus odoratus L.,,,Plantae,species
,2995149,,Rubus phoenicolasius Maxim.,,,Plantae,species
,2989222,,Rubus tricolor Focke,,,Plantae,species
,2992543,,Rubus laciniatus Willd.,,,Plantae,species
,2994120,,Rubus cockburnianus Hemsl.,,,Plantae,species
,2993761,,Rubus spectabilis Pursh,,,Plantae,species
,2987948,,Neillia tanakae Franch. & Sav.,,,Plantae,species
,5646410,,Blumenbachia hieronymi Urb.,,,Plantae,species
,8421432,,Cornus sanguinea subsp. hungarica (Kárpáti) Soó,,,Plantae,subspecies
,3663237,,Cornus sanguinea subsp. australis (C.A.Mey.) Jáv.,,,Plantae,subspecies
,3082244,,Cornus sericea L.,,,Plantae,species
,2985994,,Hydrangea macrophylla (Thunb.) Ser.,,,Plantae,species
,2985995,,Hydrangea paniculata Siebold,,,Plantae,species
,3645346,,Philadelphus ×virginalis Rehder,,,Plantae,species
,2986022,,Philadelphus pubescens Loisel.,,,Plantae,species
,2986045,,Philadelphus coronarius L.,,,Plantae,species
,2985965,,Deutzia scabra Thunb.,,,Plantae,species
,2929710,,Solanum chenopodioides Lam.,,,Plantae,species
,5341768,,Physalis cinerascens (Dunal) Hitchc.,,,Plantae,species
,5341819,,Physalis pubescens L.,,,Plantae,species
,5341784,,Physalis peruviana L.,,,Plantae,species
,3798835,,Nicotiana velutina H.-M.Wheeler,,,Plantae,species
,2928783,,Nicotiana glauca Graham,,,Plantae,species
,2928775,,Nicotiana rustica L.,,,Plantae,species
,2928779,,Nicotiana forgetiana Hemsl.,,,Plantae,species
,2928767,,Nicotiana sylvestris Speg.,,,Plantae,species
,2928774,,Nicotiana tabacum L.,,,Plantae,species
,2928761,,Nicotiana alata Link & Otto,,,Plantae,species
,2928766,,Nicotiana longiflora Cav.,,,Plantae,species
,2928755,,Datura innoxia Mill.,,,Plantae,species
,2928809,,Lycium chinense Mill.,,,Plantae,species
,2928861,,Petunia integrifolia (Hook.) Schinz & Thell.,,,Plantae,species
,2928979,,Hyoscyamus albus L.,,,Plantae,species
,3802956,,Solanum villosum subsp. villosum,,,Plantae,subspecies
,2930262,,Solanum tuberosum L.,,,Plantae,species
,2930137,,Solanum lycopersicum L.,,,Plantae,species
,2931104,,Solanum pseudocapsicum L.,,,Plantae,species
,2930805,,Solanum sarrachoides Sendtn.,,,Plantae,species
,2931914,,Solanum viarum Dunal,,,Plantae,species
,2932184,,Solanum sisymbriifolium Lam.,,,Plantae,species
,2932501,,Solanum pygmaeum Cav.,,,Plantae,species
,2932905,,Salpiglossis sinuata Ruiz & Pav.,,,Plantae,species
,2932944,,Capsicum annuum L.,,,Plantae,species
,7427650,,Convolvulus tricolor subsp. cupanianus (Tod.) Cavara & Grande,,,Plantae,subspecies
,7323906,,Convolvulus tricolor subsp. tricolor,,,Plantae,subspecies
,3678949,,Calystegia ×pulchra Brumm. & Heywood,,,Plantae,species
,2928624,,Ipomoea hederifolia L.,,,Plantae,species
,2928583,,Ipomoea ×leucantha Jacq.,,,Plantae,species
,2928576,,Ipomoea purpurea (L.) Roth,,,Plantae,species
,2928668,,Dichondra argentea Humb. & Bonpl. ex Willd.,,,Plantae,species
,2928666,,Dichondra micrantha Urb.,,,Plantae,species
,3678256,,Cuscuta lupuliformis Krock.,,,Plantae,species
,2927522,,Cuscuta planiflora Ten.,,,Plantae,species
,5356429,,Lathyrus angulatus L.,,,Plantae,species
,5356407,,Lathyrus clymenum L.,,,Plantae,species
,5356441,,Lathyrus ochrus (L.) DC.,,,Plantae,species
,5356361,,Lathyrus annuus L.,,,Plantae,species
,5356662,,Lathyrus niger (L.) Bernh.,,,Plantae,species
,5356614,,Lathyrus inconspicuus L.,,,Plantae,species
,5356704,,Lathyrus vernus (L.) Bernh.,,,Plantae,species
,5356514,,Lathyrus odoratus L.,,,Plantae,species
,5356488,,Lathyrus sativus L.,,,Plantae,species
,5356541,,Lathyrus heterophyllus L.,,,Plantae,species
,5356517,,Lathyrus latifolius L.,,,Plantae,species
,5357407,,Amorpha fruticosa L.,,,Plantae,species
,5358265,,Ornithopus compressus L.,,,Plantae,species
,5358266,,Ornithopus sativus Brot.,,,Plantae,species
,5356973,,Lotus maritimus L.,,,Plantae,species
,5356862,,Lotus tetragonolobus L.,,,Plantae,species
,5356931,,Lotus angustissimus L.,,,Plantae,species
,5356971,,Lotus conimbricensis Brot.,,,Plantae,species
,7600608,,Trifolium sylvaticum Gérard ex Loisel.,,,Plantae,species
,7224427,,Trifolium hybridum subsp. hybridum,,,Plantae,subspecies
,5358694,,Trifolium glomeratum L.,,,Plantae,species
,5358774,,Trifolium nigrescens Viv.,,,Plantae,species
,5358906,,Trifolium constantinopolitanum Ser.,,,Plantae,species
,5359037,,Trifolium stellatum L.,,,Plantae,species
,5358913,,Trifolium lappaceum L.,,,Plantae,species
,5358912,,Trifolium diffusum Ehrh.,,,Plantae,species
,5358907,,Trifolium alexandrinum L.,,,Plantae,species
,5359118,,Trifolium retusum L.,,,Plantae,species
,5359109,,Trifolium squarrosum L.,,,Plantae,species
,5359099,,Trifolium suffocatum L.,,,Plantae,species
,5359067,,Trifolium pannonicum Jacq.,,,Plantae,species
,5359249,,Trifolium rubens L.,,,Plantae,species
,5359194,,Trifolium squamosum L.,,,Plantae,species
,5359169,,Trifolium michelianum Savi,,,Plantae,species
,5359345,,Trifolium echinatum M.Bieb.,,,Plantae,species
,5359334,,Trifolium vesiculosum Savi,,,Plantae,species
,5359263,,Trifolium spumosum L.,,,Plantae,species
,5359260,,Trifolium patens Schreb.,,,Plantae,species
,5359402,,Trifolium hybridum subsp. elegans (Savi) Asch. & Graebn.,,,Plantae,subspecies
,5359411,,Trifolium pallidum Waldst. & Kit.,,,Plantae,species
,5359378,,Trifolium incarnatum L.,,,Plantae,species
,5359475,,Trifolium strictum L.,,,Plantae,species
,5359499,,Trifolium alpestre L.,,,Plantae,species
,5359447,,Trifolium isthmocarpum Brot.,,,Plantae,species
,5359510,,Trifolium tomentosum L.,,,Plantae,species
,5359526,,Trifolium purpureum Loisel.,,,Plantae,species
,5358301,,Scorpiurus vermiculatus L.,,,Plantae,species
,5348644,,Coronilla scorpioides (L.) W.D.J.Koch,,,Plantae,species
,5347854,,Pisum sativum var. sativum,,,Plantae,variety
,5350466,,Phaseolus coccineus L.,,,Plantae,species
,5350452,,Phaseolus vulgaris L.,,,Plantae,species
,5353705,,Hippocrepis emerus (L.) Lassen,,,Plantae,species
,5352372,,Anthyllis vulneraria subsp. polyphylla (DC.) Nyman,,,Plantae,subspecies
,5352425,,Anthyllis vulneraria subsp. carpatica (Pant.) Nyman,,,Plantae,subspecies
,5355395,,Spartium junceum L.,,,Plantae,species
,7681436,,Cytisus multiflorus (L'Hér.) Sweet,,,Plantae,species
,5354676,,Cytisus decumbens (Durande) Spach,,,Plantae,species
,5354707,,Cytisus striatus (Hill) Rothm.,,,Plantae,species
,5353770,,Arachis hypogaea L.,,,Plantae,species
,5632334,,Trigonella hierosolymitana Boiss.,,,Plantae,species
,5360451,,Trigonella esculenta Willd.,,,Plantae,species
,5360429,,Trigonella caelesyriaca Boiss.,,,Plantae,species
,5360475,,Trigonella foenum-graecum L.,,,Plantae,species
,5360465,,Trigonella arabica Delile,,,Plantae,species
,5360508,,Trigonella maritima Delile ex Poir.,,,Plantae,species
,5360498,,Trigonella caerulea (L.) Ser.,,,Plantae,species
,5360523,,Trigonella spinosa L.,,,Plantae,species
,5360415,,Trigonella calliceras Fisch.,,,Plantae,species
,5360417,,Trigonella stellata Forssk.,,,Plantae,species
,5360402,,Trigonella procumbens (Besser) Rchb.,,,Plantae,species
,5345430,,Astragalus oxyglottis Steven ex M.Bieb.,,,Plantae,species
,5345210,,Astragalus stella L.,,,Plantae,species
,5344663,,Astragalus boeticus L.,,,Plantae,species
,5344424,,Astragalus cymbicarpos Brot.,,,Plantae,species
,5343253,,Astragalus cicer L.,,,Plantae,species
,5356481,,Lathyrus cicera L.,,,Plantae,species
,5342681,,Astragalus hamosus L.,,,Plantae,species
,5342618,,Astragalus onobrychis L.,,,Plantae,species
,2982380,,Vigna radiata (L.) R.Wilczek,,,Plantae,species
,2977222,,Ononis alopecuroides L.,,,Plantae,species
,2977234,,Ononis natrix L.,,,Plantae,species
,2975667,,Galega officinalis L.,,,Plantae,species
,2971112,,Melilotus sulcatus Desf.,,,Plantae,species
,2971016,,Melilotus indicus (L.) All.,,,Plantae,species
,2971033,,Melilotus infestus Guss.,,,Plantae,species
,2971036,,Melilotus elegans Salzm. ex Ser.,,,Plantae,species
,7068379,,Vicia sativa subsp. sativa,,,Plantae,subspecies
,7225471,,Vicia villosa subsp. villosa,,,Plantae,subspecies
,2975416,,Vicia monantha Retz.,,,Plantae,species
,2975384,,Vicia benghalensis L.,,,Plantae,species
,2975393,,Vicia sicula (Raf.) Guss.,,,Plantae,species
,2975262,,Vicia peregrina L.,,,Plantae,species
,2975309,,Vicia bithynica (L.) L.,,,Plantae,species
,2975187,,Vicia cuspidata Boiss.,,,Plantae,species
,2975257,,Vicia hybrida L.,,,Plantae,species
,2974946,,Vicia dumetorum L.,,,Plantae,species
,2975097,,Vicia noeana Boiss. & Reut.,,,Plantae,species
,2974887,,Vicia ervilia (L.) Willd.,,,Plantae,species
,2974876,,Vicia assyriaca Boiss.,,,Plantae,species
,2974921,,Vicia villosa subsp. varia (Host) Corb.,,,Plantae,subspecies
,2974793,,Vicia sylvatica L.,,,Plantae,species
,2974832,,Vicia faba L.,,,Plantae,species
,2974826,,Vicia hyrcanica Fisch. & C.A.Mey.,,,Plantae,species
,2974753,,Vicia lutea L.,,,Plantae,species
,7844167,,Colutea arborescens L.,,,Plantae,species
,2956441,,Colutea ×media Willd.,,,Plantae,species
,2951998,,Ulex gallii Planch.,,,Plantae,species
,2951968,,Ulex minor Roth,,,Plantae,species
,2957966,,Senna occidentalis (L.) Link,,,Plantae,species
,2957408,,Senna obtusifolia (L.) H.S.Irwin & Barneby,,,Plantae,species
,2959443,,Gleditsia triacanthos L.,,,Plantae,species
,2964025,,Lupinus angustifolius L.,,,Plantae,species
,2963817,,Lupinus luteus L.,,,Plantae,species
,2964167,,Lupinus albus L.,,,Plantae,species
,9151957,,Medicago sativa L.,,,Plantae,species
,2965438,,Medicago rigidula (L.) All.,,,Plantae,species
,2965459,,Medicago doliata Carmign.,,,Plantae,species
,2965461,,Medicago turbinata (L.) All.,,,Plantae,species
,2965485,,Medicago littoralis Rohde ex Loisel.,,,Plantae,species
,2965209,,Medicago murex Willd.,,,Plantae,species
,2965232,,Medicago carstiensis Wulfen,,,Plantae,species
,2965233,,Medicago fischeriana (Ser.) Trautv.,,,Plantae,species
,2965221,,Medicago laciniata (L.) Mill.,,,Plantae,species
,2965226,,Medicago monantha (C.A.Mey.) Trautv.,,,Plantae,species
,2965299,,Medicago orbicularis (L.) Bartal.,,,Plantae,species
,2965397,,Medicago scutellata (L.) Mill.,,,Plantae,species
,2965419,,Medicago praecox DC.,,,Plantae,species
,2965434,,Medicago monspeliaca (L.) Trautv.,,,Plantae,species
,2947311,,Cicer arietinum L.,,,Plantae,species
,2948921,,Cullen americanum (L.) Rydb.,,,Plantae,species
,2949235,,Aeschynomene americana L.,,,Plantae,species
,2949250,,Aeschynomene indica L.,,,Plantae,species
,6366597,,Gentiana acaulis L.,,,Plantae,species
,7270381,,Gentiana asclepiadea L.,,,Plantae,species
,3170040,,Gentiana lutea L.,,,Plantae,species
,7150619,,Gomphocarpus fruticosus (L.) W.T.Aiton,,,Plantae,species
,5414545,,Periploca graeca L.,,,Plantae,species
,5414550,,Vincetoxicum rossicum (Kleopow) Barbar.,,,Plantae,species
,5414551,,Vincetoxicum nigrum (L.) Moench,,,Plantae,species
,3170266,,Asclepias incarnata L.,,,Plantae,species
,3169708,,Vinca major L.,,,Plantae,species
,5336632,,Crucianella angustifolia L.,,,Plantae,species
,2916767,,Asperula tinctoria L.,,,Plantae,species
,2916822,,Asperula laevigata L.,,,Plantae,species
,2916975,,Asperula taurina L.,,,Plantae,species
,2892272,,Rubia tinctorum L.,,,Plantae,species
,2914754,,Galium verrucosum Huds.,,,Plantae,species
,2914404,,Galium verum subsp. wirtgenii (F.W.Schultz) Oborny,,,Plantae,subspecies
,2908428,,Galium divaricatum Pourr. ex Lam.,,,Plantae,species
,2914590,,Galium murale (L.) All.,,,Plantae,species
,2914501,,Galium tenuissimum M.Bieb.,,,Plantae,species
,7560711,,Oxalis tetraphylla Cav.,,,Plantae,species
,7156971,,Oxalis triangularis A.St.-Hil.,,,Plantae,species
,2891755,,Oxalis latifolia Kunth,,,Plantae,species
,2891664,,Oxalis articulata Savigny,,,Plantae,species
,2891707,,Oxalis debilis Kunth,,,Plantae,species
,3827967,,Monsonia brevirostrata R.Knuth,,,Plantae,species
,3827975,,Pelargonium candicans Spreng.,,,Plantae,species
,9429152,,Erodium ciconium (L.) L'Hér.,,,Plantae,species
,9297163,,Erodium malacoides (L.) L'Hér.,,,Plantae,species
,7619206,,Erodium trifolium (Cav.) Cav.,,,Plantae,species
,4934102,,Erodium salzmannii Delile,,,Plantae,species
,3829143,,Erodium stephanianum Willd.,,,Plantae,species
,3828217,,Erodium chium (Burm.fil.) Willd.,,,Plantae,species
,3827980,,Erodium crinitum Carolin,,,Plantae,species
,2891617,,Erodium brachycarpum (Godr.) Thell.,,,Plantae,species
,2891390,,Geranium phaeum L.,,,Plantae,species
,2891079,,Geranium macrorrhizum L.,,,Plantae,species
,2890651,,Geranium psilostemon Ledeb.,,,Plantae,species
,2890623,,Geranium carolinianum L.,,,Plantae,species
,2890541,,Geranium purpureum Vill.,,,Plantae,species
,2890502,,Geranium endressii J.Gay,,,Plantae,species
,2890287,,Geranium nodosum L.,,,Plantae,species
,2890122,,Geranium pyrenaicum Burm.f.,,,Plantae,species
,2890035,,Geranium ×oxonianum P.F.Yeo,,,Plantae,species
,2890013,,Geranium divaricatum Ehrh.,,,Plantae,species
,8207952,,Matthiola incana (L.) R.Br.,,,Plantae,species
,7225621,,Neslia paniculata subsp. paniculata,,,Plantae,subspecies
,7372514,,Malcolmia maritima (L.) R.Br.,,,Plantae,species
,5373324,,Lunaria annua L.,,,Plantae,species
,5374614,,Barbarea stricta Andrz. ex Besser,,,Plantae,species
,5374672,,Barbarea verna (Mill.) Asch.,,,Plantae,species
,5374998,,Arabis collina Ten.,,,Plantae,species
,5374933,,Arabis planisiliqua (Pers.) Rchb.,,,Plantae,species
,5375105,,Arabis auriculata Lam.,,,Plantae,species
,5375012,,Arabis procurrens Waldst. & Kit.,,,Plantae,species
,5373358,,Lobularia maritima (L.) Desv.,,,Plantae,species
,5377678,,Erucaria hispanica (L.) Druce,,,Plantae,species
,5377778,,Aurinia saxatilis (L.) Desv.,,,Plantae,species
,5376309,,Diplotaxis erucoides (L.) DC.,,,Plantae,species
,5376326,,Diplotaxis virgata (Cav.) DC.,,,Plantae,species
,5376139,,Hornungia alpina (L.) O.Appel,,,Plantae,species
,5376481,,Lepidium schinzii Thell.,,,Plantae,species
,5376994,,Lepidium graminifolium L.,,,Plantae,species
,5376925,,Lepidium bonariense L.,,,Plantae,species
,5376874,,Lepidium hirtum (L.) Sm.,,,Plantae,species
,5376565,,Lepidium sativum L.,,,Plantae,species
,5376530,,Lepidium africanum (Burm.f.) DC.,,,Plantae,species
,5376494,,Lepidium desertorum Eckl. & Zeyh.,,,Plantae,species
,5376846,,Lepidium heterophyllum Benth.,,,Plantae,species
,5376785,,Lepidium fasciculatum Thell.,,,Plantae,species
,5375555,,Erucastrum nasturtiifolium (Poir.) O.E.Schulz,,,Plantae,species
,5375285,,Carrichtera annua (L.) DC.,,,Plantae,species
,5376035,,Moricandia arvensis (L.) DC.,,,Plantae,species
,5551241,,Iberis sempervirens L.,,,Plantae,species
,5377286,,Iberis pinnata L.,,,Plantae,species
,5377303,,Iberis umbellata L.,,,Plantae,species
,5377196,,Iberis odorata L.,,,Plantae,species
,7903057,,Brassica rapa L.,,,Plantae,species
,3042925,,Brassica carinata A.Braun,,,Plantae,species
,3042845,,Brassica oleracea L.,,,Plantae,species
,3042751,,Brassica juncea (L.) Czern.,,,Plantae,species
,3042799,,Brassica barrelieri (L.) Janka,,,Plantae,species
,3042636,,Brassica napus L.,,,Plantae,species
,7678610,,Raphanus sativus L.,,,Plantae,species
,3040999,,Raphanus raphanistrum subsp. landra (Moretti ex DC.) Bonnier & Layens,,,Plantae,subspecies
,3041109,,Cordylocarpus muricatus Desf.,,,Plantae,species
,3042086,,Pseudoturritis turrita (L.) Al-Shehbaz,,,Plantae,species
,3040923,,Conringia austriaca (Jacq.) Sweet,,,Plantae,species
,3046839,,Sisymbrium runcinatum Lag. ex DC.,,,Plantae,species
,3046778,,Sisymbrium septulatum DC.,,,Plantae,species
,3046765,,Sisymbrium erysimoides Desf.,,,Plantae,species
,3690997,,Cardamine occulta Hornem.,,,Plantae,species
,3046092,,Cardamine parviflora L.,,,Plantae,species
,3046015,,Cardamine corymbosa Hook.f.,,,Plantae,species
,3045193,,Alyssum strigosum Banks & Sol.,,,Plantae,species
,3045042,,Alyssum simplex Rudolphi,,,Plantae,species
,3044912,,Alyssum montanum L.,,,Plantae,species
,3045006,,Alyssum hirsutum M.Bieb.,,,Plantae,species
,3044133,,Descurainia pinnata (Walter) Britton,,,Plantae,species
,3044201,,Descurainia incisa (Engelm. ex A.Gray) Britton,,,Plantae,species
,3053950,,Enarthrocarpus lyratus (Forssk.) DC.,,,Plantae,species
,3054117,,Aubrieta deltoidea (L.) DC.,,,Plantae,species
,3054110,,Aubrieta columnae Guss.,,,Plantae,species
,7068732,,Arabidopsis arenosa subsp. arenosa,,,Plantae,subspecies
,3052450,,Arabidopsis halleri (L.) O'Kane & Al-Shehbaz,,,Plantae,species
,3050357,,Bunias erucago L.,,,Plantae,species
,3048203,,Erysimum cheiri (L.) Crantz,,,Plantae,species
,3048532,,Erysimum marshallii Bois,,,Plantae,species
,3047621,,Sinapis alba L.,,,Plantae,species
,3047633,,Sinapis alba subsp. dissecta (Lag.) Simonk.,,,Plantae,subspecies
,3916499,,Caylusea abyssinica (Fresen.) Fisch. & C.A.Mey.,,,Plantae,species
,7853188,,Reseda lutea subsp. vivantii (P.Monts.) Rovira,,,Plantae,subspecies
,3040254,,Reseda alba L.,,,Plantae,species
,3040255,,Reseda odorata L.,,,Plantae,species
,2889934,,Tropaeolum majus L.,,,Plantae,species
,2928226,,Phacelia tanacetifolia Benth.,,,Plantae,species
,2928153,,Phacelia purshii Buckley,,,Plantae,species
,2928238,,Phacelia campanularia A.Gray,,,Plantae,species
,7536406,,Nemophila menziesii var. integrifolia Brand,,,Plantae,variety
,2928034,,Nemophila maculata Benth. ex Lindl.,,,Plantae,species
,7806790,,Arnebia decumbens (Vent.) Coss. & Kralik,,,Plantae,species
,8227753,,Anchusa procera Besser,,,Plantae,species
,7295374,,Anchusa officinalis subsp. officinalis,,,Plantae,subspecies
,5662089,,Anchusa ochroleuca M.Bieb.,,,Plantae,species
,5341198,,Anchusa azurea Mill.,,,Plantae,species
,7958783,,Pulmonaria mollis Wulfen ex Hornem.,,,Plantae,species
,7294681,,Pulmonaria longifolia (Bastard) Boreau,,,Plantae,species
,5660450,,Pulmonaria rubra Schott,,,Plantae,species
,5341203,,Pulmonaria saccharata Mill.,,,Plantae,species
,5341204,,Pulmonaria officinalis L.,,,Plantae,species
,5341187,,Myosotis alpestris F.W.Schmidt,,,Plantae,species
,2926130,,Pentaglottis sempervirens (L.) Tausch ex L.H.Bailey,,,Plantae,species
,2926055,,Asperugo procumbens L.,,,Plantae,species
,4067302,,Symphytum grandiflorum DC.,,,Plantae,species
,4067281,,Symphytum ×hidcotense P.D.Sell,,,Plantae,species
,7294722,,Cerinthe minor L.,,,Plantae,species
,2926108,,Cerinthe major L.,,,Plantae,species
,2926110,,Borago officinalis L.,,,Plantae,species
,2926041,,Nonea rosea (M.Bieb.) Link,,,Plantae,species
,2926045,,Brunnera macrophylla (Adams) I.M.Johnst.,,,Plantae,species
,2926048,,Omphalodes verna Moench,,,Plantae,species
,4064572,,Cynoglossum clandestinum Desf.,,,Plantae,species
,2925816,,Cynoglossum amabile Stapf & J.R.Drumm.,,,Plantae,species
,8386733,,Amsinckia lycopsoides Lehm. ex Fisch. & C.A.Mey.,,,Plantae,species
,2925879,,Amsinckia eastwoodiae J.F.Macbr.,,,Plantae,species
,2925877,,Amsinckia tessellata A.Gray,,,Plantae,species
,2925754,,Lappula marginata (M.Bieb.) Gürke,,,Plantae,species
,7294771,,Heliotropium suaveolens M.Bieb.,,,Plantae,species
,2925790,,Heliotropium amplexicaule Vahl,,,Plantae,species
,7346090,,Erythranthe moschata (Douglas ex Lindl.) G.L.Nesom,,,Plantae,species
,5415453,,Acanthus spinosus L.,,,Plantae,species
,7564934,,Odontites jaubertianus (Boreau) D.Dietr. ex Walp.,,,Plantae,species
,7855120,,Odontites luteus (L.) Clairv.,,,Plantae,species
,8049400,,Parentucellia latifolia (L.) Caruel,,,Plantae,species
,7519710,,Orobanche amethystea Thuill.,,,Plantae,species
,7331666,,Melampyrum nemorosum L.,,,Plantae,species
,3728894,,Phelipanche ramosa (L.) Pomel,,,Plantae,species
,3172127,,Calceolaria chelidonioides Kunth,,,Plantae,species
,7636833,,Syringa josikaea J.Jacq. ex Rchb.,,,Plantae,species
,5415039,,Syringa vulgaris L.,,,Plantae,species
,5415054,,Forsythia ×intermedia Zabel,,,Plantae,species
,5415053,,Forsythia viridissima Lindl.,,,Plantae,species
,5415056,,Forsythia suspensa (Thunb.) Vahl,,,Plantae,species
,3172266,,Jasminum nudiflorum Lindl.,,,Plantae,species
,6432925,,Fraxinus angustifolia subsp. oxycarpa (M.Bieb. ex Willd.) Franco & Rocha Afonso,,,Plantae,subspecies
,3172347,,Fraxinus ornus L.,,,Plantae,species
,3172343,,Fraxinus latifolia Benth.,,,Plantae,species
,3685073,,Ligustrum ×vicaryi Rehder,,,Plantae,species
,3172294,,Ligustrum sinense Lour.,,,Plantae,species
,3172291,,Ligustrum ovalifolium Hassk.,,,Plantae,species
,4926977,,Catalpa ×erubescens Carrière,,,Plantae,species
,3172615,,Catalpa bignonioides Walter,,,Plantae,species
,3172613,,Catalpa ovata G.Don,,,Plantae,species
,3172622,,Sesamum indicum L.,,,Plantae,species
,5415100,,Proboscidea louisianica (Mill.) Thell.,,,Plantae,species
,3172647,,Ibicella lutea (Lindl.) Van Eselt.,,,Plantae,species
,3170823,,Paulownia tomentosa (Thunb.) Steud.,,,Plantae,species
,3171304,,Mazus pumilus (Burm.fil.) Steenis,,,Plantae,species
,3725805,,Hebenstretia integrifolia L.,,,Plantae,species
,4055853,,Buddleja albiflora Hemsl.,,,Plantae,species
,7477038,,Scrophularia scorodonia L.,,,Plantae,species
,8186932,,Scrophularia scopolii Hoppe ex Pers.,,,Plantae,species
,3170878,,Scrophularia lanceolata Pursh,,,Plantae,species
,8949622,,Verbascum chaixii Vill.,,,Plantae,species
,7353862,,Verbascum ×divaricatum Kitt.,,,Plantae,species
,3740974,,Verbascum ×brockmuelleri Ruhmer,,,Plantae,species
,3741432,,Verbascum banaticum Schrad.,,,Plantae,species
,3171948,,Verbascum phlomoides L.,,,Plantae,species
,3171946,,Verbascum sinuatum L.,,,Plantae,species
,3171952,,Verbascum speciosum Schrad.,,,Plantae,species
,3171951,,Verbascum phoeniceum L.,,,Plantae,species
,3171954,,Verbascum virgatum Stokes,,,Plantae,species
,3171888,,Lindernia dubia (L.) Pennell,,,Plantae,species
,8114833,,Anarrhinum bellidifolium (L.) Willd.,,,Plantae,species
,7333320,,Ellisiophyllum pinnatum (Wall. ex Benth.) Makino,,,Plantae,species
,7331861,,Cymbalaria muralis subsp. muralis,,,Plantae,subspecies
,5559837,,Cymbalaria pallida (Ten.) Wettst.,,,Plantae,species
,5414959,,Collinsia heterophylla Buist ex Graham,,,Plantae,species
,7683374,,Linaria hirta (L.) Moench,,,Plantae,species
,7848321,,Linaria triornithophora (L.) Willd.,,,Plantae,species
,7963687,,Linaria chalepensis (L.) Mill.,,,Plantae,species
,8287616,,Linaria simplex (Willd.) DC.,,,Plantae,species
,5415012,,Linaria purpurea (L.) Mill.,,,Plantae,species
,5415013,,Linaria genistifolia (L.) Mill.,,,Plantae,species
,5415014,,Linaria angustissima (Loisel.) Borbás,,,Plantae,species
,5415016,,Linaria maroccana Hook.fil.,,,Plantae,species
,5414932,,Chelone obliqua L.,,,Plantae,species
,3738796,,Misopates calycinum (Lange) Rothm.,,,Plantae,species
,3741446,,Erinus alpinus L.,,,Plantae,species
,3729273,,Asarina procumbens Mill.,,,Plantae,species
,7727786,,Plantago loeflingii L.,,,Plantae,species
,8022932,,Plantago lagopus L.,,,Plantae,species
,7303104,,Plantago afra L.,,,Plantae,species
,7303024,,Plantago myosuros Lam.,,,Plantae,species
,7303117,,Plantago sempervirens Crantz,,,Plantae,species
,3189723,,Plantago ovata Forssk.,,,Plantae,species
,3189762,,Plantago arenaria Waldst. & Kit.,,,Plantae,species
,3189760,,Plantago heterophylla Nutt.,,,Plantae,species
,3172206,,Veronicastrum virginicum (L.) Farw.,,,Plantae,species
,7784175,,Veronica glauca Sibth. & Sm.,,,Plantae,species
,3732995,,Veronica ceratocarpa C.A.Mey.,,,Plantae,species
,3172118,,Veronica longifolia L.,,,Plantae,species
,3172100,,Veronica filiformis Sm.,,,Plantae,species
,3172059,,Veronica spicata L.,,,Plantae,species
,3172068,,Veronica cymbalaria Bodard,,,Plantae,species
,3172066,,Veronica campylopoda Boiss.,,,Plantae,species
,7333212,,Antirrhinum graniticum Rothm.,,,Plantae,species
,3172001,,Antirrhinum majus L.,,,Plantae,species
,9508942,,Origanum vulgare subsp. hirtum (Link) A.Terracc.,,,Plantae,subspecies
,6410563,,Leonurus japonicus Houtt.,,,Plantae,species
,6409536,,Ballota nigra subsp. nigra,,,Plantae,subspecies
,7307327,,Agastache rugosa (Fisch. & C.A.Mey.) Kuntze,,,Plantae,species
,7309012,,Callicarpa bodinieri H.Lév.,,,Plantae,species
,7308640,,Caryopteris incana (Thunb. ex Houtt.) Miq.,,,Plantae,species
,5605751,,Lycopus exaltatus L.f.,,,Plantae,species
,5608183,,Lallemantia iberica (M.Bieb.) Fisch. & C.A.Mey.,,,Plantae,species
,5341387,,Hyssopus officinalis L.,,,Plantae,species
,5341373,,Scutellaria altissima L.,,,Plantae,species
,5341310,,Galeopsis pubescens Besser,,,Plantae,species
,5341501,,Melissa officinalis L.,,,Plantae,species
,5341498,,Nepeta grandiflora M.Bieb.,,,Plantae,species
,5607452,,Thymus ×citriodorus (Pers.) Schreb.,,,Plantae,species
,5341442,,Thymus vulgaris L.,,,Plantae,species
,5341394,,Perilla frutescens (L.) Britton,,,Plantae,species
,4930999,,Amethystea caerulea L.,,,Plantae,species
,7096205,,Clinopodium nepeta subsp. nepeta,,,Plantae,subspecies
,3886505,,Phlomis russeliana (Sims) Lag. ex Benth.,,,Plantae,species
,8118326,,Teucrium resupinatum Desf.,,,Plantae,species
,3895710,,Teucrium ×lucidrys Boom,,,Plantae,species
,3896282,,Teucrium hircanicum L.,,,Plantae,species
,6411098,,Lamium galeobdolon subsp. argentatum (Smejkal) J.Duvign.,,,Plantae,subspecies
,7308043,,Lamium garganicum subsp. garganicum,,,Plantae,subspecies
,3892732,,Lamium orvala L.,,,Plantae,species
,3905970,,Marrubium peregrinum L.,,,Plantae,species
,2927096,,Ocimum basilicum L.,,,Plantae,species
,3902360,,Mentha cervina L.,,,Plantae,species
,2927174,,Mentha requienii Benth.,,,Plantae,species
,3885185,,Stachys atherocalyx K.Koch,,,Plantae,species
,2927296,,Stachys cretica L.,,,Plantae,species
,2927230,,Stachys byzantina K.Koch,,,Plantae,species
,2927222,,Dracocephalum moldavica L.,,,Plantae,species
,2927220,,Dracocephalum parviflorum Nutt.,,,Plantae,species
,7307829,,Lavandula dentata L.,,,Plantae,species
,2927303,,Lavandula stoechas L.,,,Plantae,species
,2927305,,Lavandula angustifolia Mill.,,,Plantae,species
,6409706,,Salvia verbenaca L.,,,Plantae,species
,3883959,,Salvia viridis L.,,,Plantae,species
,2927028,,Salvia nemorosa L.,,,Plantae,species
,2927026,,Salvia glutinosa L.,,,Plantae,species
,2927030,,Salvia aethiopis L.,,,Plantae,species
,2926992,,Salvia hispanica L.,,,Plantae,species
,2927000,,Salvia sclarea L.,,,Plantae,species
,2927004,,Salvia officinalis L.,,,Plantae,species
,2926572,,Physostegia virginiana (L.) Benth.,,,Plantae,species
,2926686,,Sideritis lanata L.,,,Plantae,species
,2926885,,Satureja hortensis L.,,,Plantae,species
,2926884,,Satureja montana L.,,,Plantae,species
,2925366,,Clerodendrum trichotomum Thunb.,,,Plantae,species
,2925351,,Clerodendrum bungei Steud.,,,Plantae,species
,7455425,,Phyla nodiflora var. minor (Gillies & Hook.) N.O'Leary & Múlgura,,,Plantae,variety
,2925532,,Verbena bracteata Cav. ex Lag. & Rodr.,,,Plantae,species
,2925496,,Verbena rigida Spreng.,,,Plantae,species
,2925492,,Verbena supina L.,,,Plantae,species
,2925527,,Verbena hastata L.,,,Plantae,species
,2925530,,Verbena urticifolia L.,,,Plantae,species
,2925515,,Verbena halei Small,,,Plantae,species
,2925518,,Verbena brasiliensis Vell.,,,Plantae,species
,7270761,,Actinidia deliciosa (A.Chev.) C.F.Liang & A.R.Ferguson,,,Plantae,species
,5421385,,Sarracenia rubra Walter,,,Plantae,species
,5421389,,Sarracenia purpurea L.,,,Plantae,species
,3646556,,Pterostyrax hispidus Siebold & Zucc.,,,Plantae,species
,7127354,,Cyclamen coum Mill.,,,Plantae,species
,7127810,,Cyclamen hederifolium Aiton,,,Plantae,species
,5640518,,Primula florindae Kingdon-Ward,,,Plantae,species
,5641274,,Primula denticulata Sm.,,,Plantae,species
,4005004,,Lysimachia fortunei Maxim.,,,Plantae,species
,4007682,,Lysimachia linum-stellatum L.,,,Plantae,species
,3169391,,Lysimachia ciliata L.,,,Plantae,species
,3169340,,Lysimachia punctata L.,,,Plantae,species
,7223680,,Gilia capitata subsp. capitata,,,Plantae,subspecies
,5659657,,Gilia capitata subsp. mediomontana V.E.Grant,,,Plantae,subspecies
,5341558,,Gilia tricolor Benth.,,,Plantae,species
,5341540,,Gilia achilleifolia Benth.,,,Plantae,species
,2927850,,Polemonium caeruleum L.,,,Plantae,species
,2927727,,Phlox subulata L.,,,Plantae,species
,2927744,,Phlox paniculata L.,,,Plantae,species
,2927783,,Phlox maculata L.,,,Plantae,species
,2927684,,Navarretia squarrosa (Eschsch.) Hook. & Arn.,,,Plantae,species
,2891774,,Impatiens capensis Meerb.,,,Plantae,species
,7135755,,Rhododendron luteum Sweet,,,Plantae,species
,5682465,,Erica carnea L.,,,Plantae,species
,5333408,,Erica vagans L.,,,Plantae,species
,5333354,,Leucothoe fontanesiana (Steud.) Sleumer,,,Plantae,species
,2882753,,Gaultheria procumbens L.,,,Plantae,species
,2882849,,Vaccinium corymbosum L.,,,Plantae,species
,2888298,,Moneses uniflora (L.) A.Gray,,,Plantae,species
,2883007,,Kalmia angustifolia L.,,,Plantae,species
,2888310,,Orthilia secunda (L.) House,,,Plantae,species
,2888323,,Clethra alnifolia L.,,,Plantae,species
,7802465,,Nymphaea ×marliacea Lat.-Marl.,,,Plantae,species
,5621983,,Echinopsis silvestrii Speg.,,,Plantae,species
,3190845,,Drosera linearis Goldie,,,Plantae,species
,4090836,,Armeria maritima subsp. elongata (Hoffm.) Bonnier,,,Plantae,subspecies
,3082297,,Limonium sinuatum (L.) Mill.,,,Plantae,species
,7407436,,"Chenopodiastrum simplex (Torr.) S.Fuentes, Uotila & Borsch",,,Plantae,species
,7846821,,"Oxybasis macrosperma (Hook.fil.) S.Fuentes, Uotila & Borsch",,,Plantae,species
,7933495,,Sclerolaena muricata (Moq.) Domin,,,Plantae,species
,8243150,,Spirobassia hirsuta (L.) Freitag & G.Kadereit,,,Plantae,species
,7323632,,Ptilotus spicatus F.Muell. ex Benth.,,,Plantae,species
,7707087,,Dysphania glomulifera (Nees) Paul G.Wilson,,,Plantae,species
,7877091,,Dysphania pseudomultiflora (Murr) Verloove & Lambinon,,,Plantae,species
,5568361,,Dysphania multifida (L.) Mosyakin & Clemants,,,Plantae,species
,5568415,,Dysphania cristata (F.Muell.) Mosyakin & Clemants,,,Plantae,species
,5568424,,Dysphania carinata (R.Br.) Mosyakin & Clemants,,,Plantae,species
,5568442,,Dysphania anthelmintica (L.) Mosyakin & Clemants,,,Plantae,species
,5568188,,Bassia laniflora (S.G.Gmel.) A.J.Scott,,,Plantae,species
,5383909,,Bassia hyssopifolia (Pall.) Kuntze,,,Plantae,species
,7068845,,Beta vulgaris subsp. vulgaris,,,Plantae,subspecies
,5567951,,Beta macrocarpa Guss.,,,Plantae,species
,5383926,,Beta trigyna Waldst. & Kit.,,,Plantae,species
,5568899,,Blitum nuttallianum Roem. & Schult.,,,Plantae,species
,5383971,,Blitum capitatum L.,,,Plantae,species
,9080185,,Amaranthus hypochondriacus L.,,,Plantae,species
,7576335,,Amaranthus ozanonii Piszter,,,Plantae,species
,6109611,,Amaranthus caudatus L.,,,Plantae,species
,7323834,,Amaranthus macrocarpus var. macrocarpus,,,Plantae,variety
,7323711,,Amaranthus quitensis Kunth,,,Plantae,species
,7323341,,Amaranthus capensis subsp. capensis,,,Plantae,subspecies
,5384396,,Amaranthus deflexus L.,,,Plantae,species
,5384401,,Amaranthus spinosus L.,,,Plantae,species
,5548401,,Amaranthus standleyanus Parodi ex Covas,,,Plantae,species
,5548011,,Amaranthus capensis subsp. uncinatus (Thell.) Brenan,,,Plantae,subspecies
,5547989,,Amaranthus clementii Domin,,,Plantae,species
,5384361,,Amaranthus bouchonii Thell.,,,Plantae,species
,5384370,,Amaranthus scleropoides Uline & W.L.Bray,,,Plantae,species
,5384383,,Amaranthus thunbergii Moq.,,,Plantae,species
,5384373,,Amaranthus graecizans L.,,,Plantae,species
,5384390,,Amaranthus cruentus L.,,,Plantae,species
,5384332,,Amaranthus muricatus (Gillies ex Moq.) Hieron.,,,Plantae,species
,5384342,,Amaranthus polygonoides L.,,,Plantae,species
,3083603,,Polycnemum arvense L.,,,Plantae,species
,6447496,,Atriplex leptocarpa F.Muell.,,,Plantae,species
,3760099,,Atriplex sagittata Borkh.,,,Plantae,species
,3083718,,Atriplex halimus L.,,,Plantae,species
,3083667,,Atriplex semibaccata R.Br.,,,Plantae,species
,3083761,,Atriplex hortensis L.,,,Plantae,species
,3083763,,Atriplex sibirica L.,,,Plantae,species
,3083746,,Atriplex holocarpa F.Muell.,,,Plantae,species
,3083771,,Atriplex suberecta I.Verd.,,,Plantae,species
,3083773,,Atriplex muelleri Benth.,,,Plantae,species
,3083647,,Spinacia oleracea L.,,,Plantae,species
,7644304,,Chenopodium borbasioides A.Ludw.,,,Plantae,species
,6035549,,Chenopodium striatiforme Murr,,,Plantae,species
,3757189,,Chenopodium auricomiforme Murr & Thell.,,,Plantae,species
,3756650,,Chenopodium ×reynieri Ludw. & Aellen,,,Plantae,species
,3756077,,Chenopodium giganteum D.Don,,,Plantae,species
,3083903,,Chenopodium opulifolium Schrad. ex W.D.J.Koch & Ziz,,,Plantae,species
,3083934,,Chenopodium hircinum Schrad.,,,Plantae,species
,3083905,,Chenopodium suecicum Murr,,,Plantae,species
,3083920,,Chenopodium berlandieri Moq.,,,Plantae,species
,3083935,,Chenopodium quinoa Willd.,,,Plantae,species
,7606014,,Alternanthera angustifolia R.Br.,,,Plantae,species
,3084922,,Alternanthera paronychioides A.St.-Hil.,,,Plantae,species
,3084939,,Alternanthera sessilis (L.) R.Br. ex DC.,,,Plantae,species
,3084949,,Alternanthera pungens Kunth,,,Plantae,species
,3084958,,Alternanthera caracasana Kunth,,,Plantae,species
,3084611,,Mollugo verticillata L.,,,Plantae,species
,3084616,,Glinus lotoides L.,,,Plantae,species
,3084015,,Phytolacca americana L.,,,Plantae,species
,3084022,,Phytolacca acinosa Roxb.,,,Plantae,species
,4023424,,"Portulaca trituberculata Danin, Domina & Raimondo",,,Plantae,species
,4022617,,Portulaca nitida (Danin & H.G.Baker) Ricceri & Arrigoni,,,Plantae,species
,4023278,,Portulaca granulatostellulata (Poelln.) Ricceri & Arrigoni,,,Plantae,species
,4021919,,Portulaca sativa Haw.,,,Plantae,species
,4021920,,Portulaca cypria Danin,,,Plantae,species
,3084700,,Portulaca grandiflora Hook.,,,Plantae,species
,9376410,,Delosperma cooperi (Hook.fil.) L.Bolus,,,Plantae,species
,5384307,,Tetragonia tetragonioides (Pallas) Kuntze,,,Plantae,species
,8185812,,Mesembryanthemum cordifolium L.fil.,,,Plantae,species
,3084837,,Mesembryanthemum nodiflorum L.,,,Plantae,species
,3084839,,Mesembryanthemum crystallinum L.,,,Plantae,species
,3084842,,Carpobrotus edulis (L.) N.E.Br.,,,Plantae,species
,3084883,,Sesuvium portulacastrum (L.) L.,,,Plantae,species
,3084742,,Claytonia sibirica L.,,,Plantae,species
,5384458,,Gypsophila paniculata L.,,,Plantae,species
,5384466,,Gypsophila elegans M.Bieb.,,,Plantae,species
,5585762,,Gypsophila viscosa Murray,,,Plantae,species
,8993502,,Silene italica (L.) Pers.,,,Plantae,species
,7523432,,Silene behen L.,,,Plantae,species
,7746901,,Silene otites (L.) Wibel,,,Plantae,species
,8184157,,Silene stricta L.,,,Plantae,species
,8150863,,Silene cretica L.,,,Plantae,species
,8279669,,Silene viscosa (L.) Pers.,,,Plantae,species
,7267492,,Silene nocturna subsp. nocturna,,,Plantae,subspecies
,5384741,,Silene coronaria (L.) Clairv.,,,Plantae,species
,5384773,,Silene pendula L.,,,Plantae,species
,5585975,,Silene muscipula L.,,,Plantae,species
,5584240,,Silene schafta J.G.Gmel. ex Hohen.,,,Plantae,species
,5584611,,Silene chalcedonica (L.) E.H.L.Krause,,,Plantae,species
,7314281,,Paronychia brasiliana DC.,,,Plantae,species
,5528747,,Paronychia argentea Lam.,,,Plantae,species
,3593900,,Herniaria cinerea DC.,,,Plantae,species
,3085357,,Saponaria ocymoides L.,,,Plantae,species
,3085360,,Saponaria officinalis L.,,,Plantae,species
,3085346,,Lepyrodiclis holosteoides (C.A.Mey.) Fenzl ex Fisch. & C.A.Mey.,,,Plantae,species
,8012084,,Dianthus subacaulis Vill.,,,Plantae,species
,6363496,,Dianthus superbus L.,,,Plantae,species
,7267631,,Dianthus giganteus subsp. giganteus,,,Plantae,subspecies
,3085420,,Dianthus caryophyllus L.,,,Plantae,species
,3085412,,Dianthus plumarius L.,,,Plantae,species
,3085389,,Sagina japonica (Sw. ex Steud.) Ohwi,,,Plantae,species
,3085381,,Polycarpon tetraphyllum (L.) L.,,,Plantae,species
,3085623,,Petrorhagia saxifraga (L.) Link,,,Plantae,species
,3085622,,Petrorhagia nanteuilii (Burnat) P.W.Ball & Heywood,,,Plantae,species
,3085438,,Cerastium tomentosum L.,,,Plantae,species
,3086240,,Mirabilis jalapa L.,,,Plantae,species
,8380575,,Tamarix gallica L.,,,Plantae,species
,2874706,,Tamarix parviflora DC.,,,Plantae,species
,2874701,,Tamarix canariensis Willd.,,,Plantae,species
,2874692,,Frankenia pulverulenta L.,,,Plantae,species
,9018536,,Koenigia campanulata (Hook.fil.) T.M.Schust. & Reveal,,,Plantae,species
,8773480,,Koenigia ×fennica (Reiersen) T.M.Schust. & Reveal,,,Plantae,species
,8720751,,Koenigia divaricata (L.) T.M.Schust. & Reveal,,,Plantae,species
,7510471,,Polygonum argyrocoleum Steud. ex Kunze,,,Plantae,species
,5652131,,Polygonum aviculare subsp. rurivagum (Boreau) Berher,,,Plantae,subspecies
,5334386,,Polygonum achoreum S.F.Blake,,,Plantae,species
,5334430,,Polygonum bellardii All.,,,Plantae,species
,5334351,,Fallopia baldschuanica (Regel) Holub,,,Plantae,species
,7291264,,Bistorta amplexicaulis (D.Don) Greene,,,Plantae,species
,4033335,,Bistorta affinis (D.Don) Greene,,,Plantae,species
,2889373,,Fagopyrum esculentum Moench,,,Plantae,species
,4034001,,Persicaria nepalensis (Meisn.) H.Gross,,,Plantae,species
,2889229,,Persicaria orientalis (L.) Spach,,,Plantae,species
,2889088,,Reynoutria sachalinensis (F.Schmidt) Nakai,,,Plantae,species
,2888859,,Muehlenbeckia complexa (A.Cunn.) Meisn.,,,Plantae,species
,2888867,,Rheum rhabarbarum L.,,,Plantae,species
,7415922,,Rumex pulcher subsp. woodsii (De Not.) Arcang.,,,Plantae,subspecies
,7911993,,Rumex pseudonatronatus (Borbás) Borbás ex Murb.,,,Plantae,species
,7901010,,Rumex obtusifolius subsp. sylvestris (Lam.) Celak.,,,Plantae,subspecies
,8242651,,Rumex ×erubescens Simonk.,,,Plantae,species
,6391417,,Rumex thyrsiflorus Fingerh.,,,Plantae,species
,4036957,,Rumex pulcher subsp. pulcher,,,Plantae,subspecies
,2889037,,Rumex rugosus Campd.,,,Plantae,species
,2889024,,Rumex ×confusus Simonk.,,,Plantae,species
,2889030,,Rumex altissimus Wood,,,Plantae,species
,2888946,,Rumex longifolius DC.,,,Plantae,species
,2888948,,Rumex alpinus L.,,,Plantae,species
,2888987,,Rumex obovatus Danser,,,Plantae,species
,2888993,,Rumex bucephalophorus L.,,,Plantae,species
,2889005,,Rumex kerneri Borbás,,,Plantae,species
,2889010,,Rumex cristatus DC.,,,Plantae,species
,3054368,,Juglans regia L.,,,Plantae,species
,3054357,,Juglans nigra L.,,,Plantae,species
,3054352,,Juglans cinerea L.,,,Plantae,species
,5333294,,Castanea sativa Mill.,,,Plantae,species
,8313153,,Quercus palustris Münchh.,,,Plantae,species
,2879098,,Quercus ilex L.,,,Plantae,species
,2880580,,Quercus cerris L.,,,Plantae,species
,5332004,,Betula nana L.,,,Plantae,species
,5332120,,Betula papyrifera Marshall,,,Plantae,species
,2875968,,Corylus colurna L.,,,Plantae,species
,9148577,,Alnus incana (L.) Moench,,,Plantae,species
,4097656,,Alnus ×spaethii Callier,,,Plantae,species
,2876571,,Alnus ×pubescens Tausch,,,Plantae,species
,2874680,,Ecballium elaterium (L.) A.Rich.,,,Plantae,species
,2874538,,Thladiantha dubia Bunge,,,Plantae,species
,2874508,,Cucurbita pepo L.,,,Plantae,species
,2874655,,Sicyos angulatus L.,,,Plantae,species
,2874621,,Citrullus lanatus (Thunb.) Matsum. & Nakai,,,Plantae,species
,2874569,,Cucumis sativus L.,,,Plantae,species
,2874570,,Cucumis melo L.,,,Plantae,species
,7313595,,Asarum europaeum L.,,,Plantae,species
,2873991,,Aristolochia clematitis L.,,,Plantae,species
,2874019,,Aristolochia rotunda L.,,,Plantae,species
,8338793,,Modiola caroliniana (L.) G.Don,,,Plantae,species
,7116158,,Sphaeralcea bonariensis (Cav.) Griseb.,,,Plantae,species
,5406789,,Alcea rosea L.,,,Plantae,species
,5617467,,Alcea rugosa Alef.,,,Plantae,species
,5406741,,Sida spinosa L.,,,Plantae,species
,5406735,,Sida rhombifolia L.,,,Plantae,species
,4259350,,Tilia tomentosa Moench,,,Plantae,species
,4939668,,Kitaibela vitifolia Willd.,,,Plantae,species
,3937506,,Corynabutilon ×suntense (C.D.Brickell) Fryxell,,,Plantae,species
,7278926,,Malope malacoides L.,,,Plantae,species
,3935421,,Malope trifida Cav.,,,Plantae,species
,3152264,,Malvastrum americanum (L.) Torr.,,,Plantae,species
,3152268,,Malvastrum coromandelianum (L.) Garcke,,,Plantae,species
,7823743,,Malva maroccana (Batt. & Trab.) Verloove & Lambinon,,,Plantae,species
,8402586,,Malva ×clementii (Cheek) Stace,,,Plantae,species
,3940960,,Malva punctata (All.) Alef.,,,Plantae,species
,3940423,,Malva thuringiaca (L.) Vis.,,,Plantae,species
,3152377,,Malva verticillata L.,,,Plantae,species
,3152378,,Malva parviflora L.,,,Plantae,species
,3152367,,Malva nicaeensis All.,,,Plantae,species
,3152723,,Sidalcea candida A.Gray,,,Plantae,species
,3152614,,Abutilon theophrasti Medik.,,,Plantae,species
,2874024,,Tuberaria guttata (L.) Fourr.,,,Plantae,species
,6369819,,Sambucus canadensis L.,,,Plantae,species
,2888585,,Viburnum tinus L.,,,Plantae,species
,2888625,,Viburnum rhytidophyllum Hemsl. ex Forbes & Hemsl.,,,Plantae,species
,2888588,,Viburnum ×rhytidophylloides Suringar,,,Plantae,species
,7902463,,Lonicera maackii (Rupr.) Maxim.,,,Plantae,species
,8242349,,Lonicera chrysantha Turcz.,,,Plantae,species
,5598839,,Lonicera ×purpusii Rehder,,,Plantae,species
,5334253,,Lonicera involucrata (Richards.) Banks ex Spreng.,,,Plantae,species
,5334275,,Lonicera morrowii A.Gray,,,Plantae,species
,5334227,,Lonicera caprifolium L.,,,Plantae,species
,5334239,,Lonicera sempervirens L.,,,Plantae,species
,5334240,,Lonicera japonica Thunb.,,,Plantae,species
,5334242,,Lonicera tatarica L.,,,Plantae,species
,7504215,,Knautia integrifolia (L.) Bertol.,,,Plantae,species
,4102952,,Knautia macedonica Griseb.,,,Plantae,species
,4102909,,Lomelosia stellata (L.) Raf.,,,Plantae,species
,8201823,,Valeriana phu L.,,,Plantae,species
,4095186,,Valeriana pyrenaica L.,,,Plantae,species
,2888636,,Symphoricarpos orbiculatus Moench,,,Plantae,species
,2888706,,Kolkwitzia amabilis Graebn.,,,Plantae,species
,7298858,,Valerianella coronata (L.) DC.,,,Plantae,species
,4095244,,Valerianella vesicaria (L.) Moench,,,Plantae,species
,2888773,,Valerianella eriocarpa Desv.,,,Plantae,species
,2888797,,Cephalaria gigantea (Ledeb.) Bobrov,,,Plantae,species
,2888806,,Scabiosa ochroleuca L.,,,Plantae,species
,7443846,,Dipsacus strigosus Willd.,,,Plantae,species
,2888814,,Dipsacus laciniatus L.,,,Plantae,species
,2888579,,Leycesteria formosa Wall.,,,Plantae,species
,3922770,,Aconitum napellus var. giganteum (Dumort. ex Thielens) J.Duvign.,,,Plantae,variety
,8246651,,Adonis flammea Jacq.,,,Plantae,species
,5371709,,Adonis annua L.,,,Plantae,species
,5371702,,Nigella damascena L.,,,Plantae,species
,5371700,,Nigella sativa L.,,,Plantae,species
,7823272,,Ranunculus pensylvanicus L.fil.,,,Plantae,species
,7826351,,Ranunculus lanuginosus L.,,,Plantae,species
,3927790,,Ranunculus gramineus L.,,,Plantae,species
,3033318,,Ranunculus muricatus L.,,,Plantae,species
,3033460,,Ranunculus trilobus Desf.,,,Plantae,species
,3033396,,Ranunculus marginatus d'Urv.,,,Plantae,species
,3033434,,Ranunculus parviflorus L.,,,Plantae,species
,3033289,,Trollius europaeus L.,,,Plantae,species
,3927746,,Anemone apennina L.,,,Plantae,species
,3922888,,Anemone sylvestris L.,,,Plantae,species
,3033261,,Anemone coronaria L.,,,Plantae,species
,6376216,,Clematis montana Buch.-Ham. ex DC.,,,Plantae,species
,6374790,,Clematis integrifolia L.,,,Plantae,species
,3921611,,Clematis flammula L.,,,Plantae,species
,3033543,,Clematis recta L.,,,Plantae,species
,3033584,,Clematis ×jackmanii T.Moore,,,Plantae,species
,3033518,,Clematis viticella L.,,,Plantae,species
,3033535,,Clematis tangutica (Maxim.) Korsh.,,,Plantae,species
,3033227,,Eranthis hyemalis (L.) Salisb.,,,Plantae,species
,7277286,,Thalictrum speciosissimum L.,,,Plantae,species
,6374953,,Helleborus orientalis Lam.,,,Plantae,species
,3033107,,Helleborus niger L.,,,Plantae,species
,3033757,,Delphinium elatum L.,,,Plantae,species
,7695021,,Epimedium alpinum L.,,,Plantae,species
,8044946,,Epimedium pinnatum DC.,,,Plantae,species
,4938160,,Berberis gagnepainii C.K.Schneid.,,,Plantae,species
,4938153,,Berberis ×hybridogagnepainii Suringar,,,Plantae,species
,3981814,,Berberis wilsoniae Hemsl.,,,Plantae,species
,3981543,,Berberis julianae C.K.Schneid.,,,Plantae,species
,3981817,,Berberis ×interposita Ahrendt,,,Plantae,species
,3033896,,Berberis thunbergii DC.,,,Plantae,species
,3033905,,Berberis darwinii Hook.,,,Plantae,species
,3033898,,Berberis ×ottawensis C.K.Schneid.,,,Plantae,species
,5686494,,Decaisnea insignis (Griff.) Hook.fil. & Thomson,,,Plantae,species
,3033965,,Akebia quinata (Houtt.) Decne.,,,Plantae,species
,7315023,,Roemeria hybrida (L.) DC.,,,Plantae,species
,5530881,,Corydalis cava (L.) Schweigg. & Körte,,,Plantae,species
,5530829,,Corydalis cheilanthifolia Hemsl.,,,Plantae,species
,5334194,,Macleaya cordata (Willd.) R.Br.,,,Plantae,species
,7315030,,Glaucium grandiflorum Boiss. & A.Huet,,,Plantae,species
,2888485,,Argemone mexicana L.,,,Plantae,species
,8144599,,Papaver nudicaule L.,,,Plantae,species
,8342911,,Papaver setiferum Goldblatt,,,Plantae,species
,7315072,,Papaver atlanticum (Ball) Coss.,,,Plantae,species
,3602069,,Papaver somniferum subsp. somniferum,,,Plantae,subspecies
,2888553,,Dicentra formosa (Andrews) Walp.,,,Plantae,species
,7315063,,Pseudofumaria alba (Mill.) Lidén,,,Plantae,species
,2888513,,Pseudofumaria lutea (L.) Borkh.,,,Plantae,species
,2888559,,Hypecoum pendulum L.,,,Plantae,species
,2888380,,Eschscholzia californica Cham.,,,Plantae,species
,7628663,,Viola cornuta L.,,,Plantae,species
,7901652,,Viola ×wittrockiana Gams ex Kappert,,,Plantae,species
,5646136,,Elatine alsinastrum L.,,,Plantae,species
,8021567,,Hypericum olympicum L.,,,Plantae,species
,3711846,,Hypericum ×hidcoteense Geerinck,,,Plantae,species
,3711564,,Hypericum ×inodorum Mill.,,,Plantae,species
,3189497,,Hypericum calycinum L.,,,Plantae,species
,5380041,,Ricinus communis L.,,,Plantae,species
,3056259,,Acalypha indica L.,,,Plantae,species
,3060710,,Manihot grahamii Hook.,,,Plantae,species
,3064056,,Euphorbia palustris L.,,,Plantae,species
,3064669,,Euphorbia myrsinites L.,,,Plantae,species
,3064495,,Euphorbia heterophylla L.,,,Plantae,species
,3065883,,Euphorbia glyptosperma Engelm.,,,Plantae,species
,3065244,,Euphorbia amygdaloides subsp. robbiae (Turrill) Stace,,,Plantae,subspecies
,3066179,,Euphorbia seguieriana Neck.,,,Plantae,species
,3066112,,Euphorbia epithymoides L.,,,Plantae,species
,3066482,,Euphorbia peplis L.,,,Plantae,species
,3066965,,Euphorbia lathyris L.,,,Plantae,species
,3067353,,Euphorbia characias L.,,,Plantae,species
,3067869,,Euphorbia chamaesyce L.,,,Plantae,species
,3068528,,Euphorbia ×pseudoesula Schur,,,Plantae,species
,3069300,,Euphorbia vermiculata Raf.,,,Plantae,species
,3069460,,Euphorbia oblongata Griseb.,,,Plantae,species
,3070346,,Euphorbia nutans Lag.,,,Plantae,species
,5381097,,Phyllanthus tenellus Roxb.,,,Plantae,species
,3079631,,Andrachne telephioides L.,,,Plantae,species
,9153437,,Salix daphnoides Vill.,,,Plantae,species
,7645931,,Salix acutifolia Willd.,,,Plantae,species
,5582033,,Salix udensis (Wimm.) Trautv. & C.A.Mey.,,,Plantae,species
,5372827,,Salix irrorata Andersson,,,Plantae,species
,5372854,,Salix nigra Marshall,,,Plantae,species
,5372875,,Salix myrsinifolia Salisb.,,,Plantae,species
,5372614,,Salix eriocephala Michx.,,,Plantae,species
,5372647,,Salix pentandra L.,,,Plantae,species
,8190077,,Populus ×canadensis Moench,,,Plantae,species
,3040184,,Populus balsamifera L.,,,Plantae,species
,3040185,,Populus ×canescens (Aiton) Sm.,,,Plantae,species
,3040232,,Populus deltoides W.Bartram ex Marshall,,,Plantae,species
,7293222,,Linum austriacum subsp. austriacum,,,Plantae,subspecies
,2873926,,Linum grandiflorum Desf.,,,Plantae,species
,2873861,,Linum usitatissimum L.,,,Plantae,species
,2874190,,Passiflora edulis Sims,,,Plantae,species
,2874199,,Passiflora caerulea L.,,,Plantae,species
,2653321,,Ephedra distachya L.,,,Plantae,species
,5284950,,Picea omorika (Pancic) Purk.,,,Plantae,species
,5284884,,Picea abies (L.) H.Karst.,,,Plantae,species
,5284827,,Picea sitchensis (Bong.) Carrière,,,Plantae,species
,5825913,,Pinus nigra subsp. laricio (Poir.) Maire,,,Plantae,subspecies
,7230699,,Pinus nigra subsp. nigra,,,Plantae,subspecies
,5285565,,Pinus pinaster Aiton,,,Plantae,species
,5285637,,Pinus sylvestris L.,,,Plantae,species
,5285074,,Pinus wallichiana A.B.Jacks.,,,Plantae,species
,5285053,,Pinus ponderosa Douglas ex C.Lawson,,,Plantae,species
,2685552,,Abies nordmanniana (Steven) Spach,,,Plantae,species
,2685484,,Abies alba Mill.,,,Plantae,species
,2685361,,Abies grandis (Douglas ex D.Don) Lindl.,,,Plantae,species
,2685796,,Pseudotsuga menziesii (Mirb.) Franco,,,Plantae,species
,2687182,,Tsuga canadensis (L.) Carrière,,,Plantae,species
,2687210,,Tsuga heterophylla (Raf.) Sarg.,,,Plantae,species
,2684984,,Araucaria araucana (Molina) K.Koch,,,Plantae,species
,5284237,,Cryptomeria japonica (Thunb. ex L.f.) D.Don,,,Plantae,species
,2684178,,Thuja occidentalis L.,,,Plantae,species
,2684171,,Thuja plicata Donn ex D.Don,,,Plantae,species
,2683894,,Xanthocyparis nootkatensis (D.Don) Farjon & Harder,,,Plantae,species
,2684191,,Taxodium distichum (L.) Rich.,,,Plantae,species
,2683866,,Chamaecyparis lawsoniana (A.Murray bis) Parl.,,,Plantae,species
,2688189,,Selaginella kraussiana (Kunze) A.Braun,,,Plantae,species
,5303040,,Thalia dealbata Fraser,,,Plantae,species
,5328593,,Aponogeton distachyos L.f.,,,Plantae,species
,5328909,,Sagittaria latifolia Willd.,,,Plantae,species
,2865565,,Lagarosiphon major (Ridl.) Moss,,,Plantae,species
,2865526,,Vallisneria spiralis L.,,,Plantae,species
,2865501,,Vallisneria americana Michx.,,,Plantae,species
,5330661,,Arum italicum Mill.,,,Plantae,species
,5330085,,Wolffia columbiana H.Karst.,,,Plantae,species
,2869311,,Lysichiton americanus Hultén & H.St.John,,,Plantae,species
,2868827,,Zantedeschia aethiopica (L.) Spreng.,,,Plantae,species
,2868796,,Zantedeschia albomaculata (Hook.) Baill.,,,Plantae,species
,2867631,,Lemna turionifera Landolt,,,Plantae,species
,2867614,,Lemna minuta Kunth,,,Plantae,species
,6109699,,Phoenix dactylifera L.,,,Plantae,species
,2739071,,Trachycarpus fortunei (Hook.) H.Wendl.,,,Plantae,species
,5295044,,Smilax aspera L.,,,Plantae,species
,5295375,,Smilax rotundifolia L.,,,Plantae,species
,2742119,,Veratrum album L.,,,Plantae,species
,5299675,,Tulipa gesneriana L.,,,Plantae,species
,5300102,,Gagea pratensis (Pers.) Dumort.,,,Plantae,species
,2752849,,Erythronium dens-canis L.,,,Plantae,species
,8418777,,Lilium ×hollandicum Woodcock & Stearn,,,Plantae,species
,2753146,,Lilium martagon L.,,,Plantae,species
,2771094,,Hosta,,,Plantae,genus
,5305162,,Kniphofia ×praecox Baker,,,Plantae,species
,2778358,,Asphodelus tenuifolius Cav.,,,Plantae,species
,2781074,,Hemerocallis fulva (L.) L.,,,Plantae,species
,2781103,,Hemerocallis lilioasphodelus L.,,,Plantae,species
,5324959,,Himantoglossum robertianum (Loisel.) P.Delforge,,,Plantae,species
,5314814,,Serapias lingua L.,,,Plantae,species
,2784401,,Traunsteinera globosa (L.) Rchb.,,,Plantae,species
,2840931,,Goodyera repens (L.) R.Br.,,,Plantae,species
,9177060,,Allium scorodoprasum L.,,,Plantae,species
,2855705,,Allium lusitanicum Lam.,,,Plantae,species
,2856456,,Allium pendulinum Ten.,,,Plantae,species
,2855968,,Allium carinatum L.,,,Plantae,species
,2856504,,Allium fistulosum L.,,,Plantae,species
,2856457,,Allium triquetrum L.,,,Plantae,species
,2855825,,Allium moly L.,,,Plantae,species
,2855823,,Allium nigrum L.,,,Plantae,species
,2855893,,Allium roseum L.,,,Plantae,species
,2857679,,Allium macleanii Baker,,,Plantae,species
,2857697,,Allium cepa L.,,,Plantae,species
,2856920,,Allium hollandicum R.M.Fritsch,,,Plantae,species
,2857449,,Allium ramosum L.,,,Plantae,species
,2855439,,Galanthus woronowii Losinsk.,,,Plantae,species
,2855374,,Galanthus ikariae Baker,,,Plantae,species
,2855356,,Galanthus nivalis L.,,,Plantae,species
,4013762,,Narcissus ×cyclazetta Chater & Stace,,,Plantae,species
,2858581,,Narcissus poeticus L.,,,Plantae,species
,5296015,,Sisyrinchium angustifolium Mill.,,,Plantae,species
,5296178,,Sisyrinchium montanum Greene,,,Plantae,species
,5296218,,Sisyrinchium californicum (Ker Gawl.) Dryand.,,,Plantae,species
,5296432,,Sisyrinchium striatum Sm.,,,Plantae,species
,5298126,,Iris sibirica L.,,,Plantae,species
,5298069,,Iris ×germanica L.,,,Plantae,species
,5298765,,Iris foetidissima L.,,,Plantae,species
,5298675,,Iris pumila L.,,,Plantae,species
,5298908,,Iris graminea L.,,,Plantae,species
,2747564,,Crocus tommasinianus Herb.,,,Plantae,species
,2747567,,Crocus vernus (L.) Hill,,,Plantae,species
,2747939,,Crocosmia ×crocosmiiflora (Lemoine) N.E.Br.,,,Plantae,species
,3586046,,Gladiolus ×hortulanus L.H.Bailey,,,Plantae,species
,2749791,,Gladiolus italicus Mill.,,,Plantae,species
,7881150,,Polygonatum ×hybridum Brügger,,,Plantae,species
,5303891,,Danae racemosa (L.) Moench,,,Plantae,species
,5304294,,Hyacinthoides ×massartiana Geerinck,,,Plantae,species
,5304257,,Hyacinthoides hispanica (Mill.) Rothm.,,,Plantae,species
,2775530,,Yucca flaccida Haw.,,,Plantae,species
,2775619,,Yucca gloriosa L.,,,Plantae,species
,2767229,,Scilla sardensis (Whittall ex Barr & Sugden) Speta,,,Plantae,species
,2767271,,Scilla luciliae (Boiss.) Speta,,,Plantae,species
,2767031,,Agave americana L.,,,Plantae,species
,2769493,,Maianthemum stellatum (L.) Link,,,Plantae,species
,2769435,,Maianthemum dilatatum (Alph.Wood) A.Nelson & J.F.Macbr.,,,Plantae,species
,2769073,,Camassia leichtlinii subsp. suksdorfii (Greenm.) Gould,,,Plantae,subspecies
,2772174,,Muscari armeniacum Leichtlin ex Baker,,,Plantae,species
,2772082,,Muscari latifolium J.Kirk,,,Plantae,species
,2772958,,Ornithogalum narbonense L.,,,Plantae,species
,2772885,,Ornithogalum pyramidale L.,,,Plantae,species
,2772666,,Hyacinthus orientalis L.,,,Plantae,species
,2764202,,Commelina diffusa Burm.f.,,,Plantae,species
,2764337,,Commelina obliqua Vahl,,,Plantae,species
,2765156,,Tradescantia fluminensis Vell.,,,Plantae,species
,2765272,,Tradescantia virginiana L.,,,Plantae,species
,2766030,,Pontederia cordata L.,,,Plantae,species
,5289490,,Typha ×provincialis A.Camus,,,Plantae,species
,5289492,,Typha minima Funck,,,Plantae,species
,7961815,,Schoenoplectiella bucharica (Roshev.) Hayas.,,,Plantae,species
,7421129,,Cyperus longus subsp. badius (Desf.) Bonnier & Layens,,,Plantae,subspecies
,7070211,,Cyperus longus subsp. longus,,,Plantae,subspecies
,2714796,,Cyperus difformis L.,,,Plantae,species
,2714722,,Cyperus reflexus Vahl,,,Plantae,species
,2714656,,Cyperus congestus Vahl,,,Plantae,species
,2714453,,Cyperus cyperoides (L.) Kuntze,,,Plantae,species
,2714301,,Cyperus conglomeratus Rottb.,,,Plantae,species
,2714233,,Cyperus imbricatus Retz.,,,Plantae,species
,2713662,,Cyperus aggregatus (Willd.) Endl.,,,Plantae,species
,2713519,,Cyperus rigens J.Presl & C.Presl,,,Plantae,species
,2716420,,Cyperus virens Michx.,,,Plantae,species
,2716226,,Cyperus esculentus L.,,,Plantae,species
,2714818,,Cyperus rotundus L.,,,Plantae,species
,2715206,,Cyperus exaltatus Retz.,,,Plantae,species
,2708808,,Fimbristylis dichotoma (L.) Vahl,,,Plantae,species
,7795128,,Carex crus-corvi Shuttlew.,,,Plantae,species
,7227181,,Carex muricata subsp. muricata,,,Plantae,subspecies
,2726360,,Carex grayi J.Carey,,,Plantae,species
,2726538,,Carex muskingumensis Schwein.,,,Plantae,species
,2726539,,Carex scoparia Schkuhr ex Willd.,,,Plantae,species
,2727875,,Carex secalina Willd. ex Wahlenb.,,,Plantae,species
,2728060,,Carex vulpinoidea Michx.,,,Plantae,species
,2722973,,Carex loliacea L.,,,Plantae,species
,2722380,,Carex crawfordii Fernald,,,Plantae,species
,2722515,,Carex morrowii Boott,,,Plantae,species
,2718387,,Bolboschoenus glaucus (Lam.) S.G.Sm.,,,Plantae,species
,2718302,,Bolboschoenus yagara (Ohwi) Y.C.Yang & M.Zhan,,,Plantae,species
,2716838,,Eleocharis engelmannii Steud.,,,Plantae,species
,2717467,,Eleocharis obtusa (Willd.) Schult.,,,Plantae,species
,7549853,,Disakisperma dubium (Kunth) P.M.Peterson & N.Snow,,,Plantae,species
,7810452,,Dasypyrum villosum (L.) P.Candargy,,,Plantae,species
,7998563,,Diplachne fusca subsp. fusca,,,Plantae,subspecies
,8257546,,Diplachne fusca subsp. fascicularis (Lam.) P.M.Peterson & N.Snow,,,Plantae,subspecies
,8369366,,Diplachne fusca subsp. uninervia (J.Presl) P.M.Peterson & N.Snow,,,Plantae,subspecies
,8362005,,Sasa palmata (Burb.) E.G.Camus,,,Plantae,species
,5679692,,Enteropogon acicularis (Lindl.) Lazarides,,,Plantae,species
,7361239,,Triraphis mollis R.Br.,,,Plantae,species
,5676003,,Fargesia spathacea Franch.,,,Plantae,species
,5674888,,Schmidtia kalahariensis Stent,,,Plantae,species
,5677636,,Cynodon convergens F.Muell.,,,Plantae,species
,5674620,,Echinaria capitata (L.) Desf.,,,Plantae,species
,5289814,,Eustachys neglecta (Nash) Nash,,,Plantae,species
,5289819,,Eustachys retusa (Lag.) Kunth,,,Plantae,species
,5289791,,Aegilops ventricosa Tausch,,,Plantae,species
,5289781,,Aegilops geniculata Roth,,,Plantae,species
,5289762,,Lamarckia aurea (L.) Moench,,,Plantae,species
,5289764,,Gastridium ventricosum (Gouan) Schinz & Thell.,,,Plantae,species
,5289763,,Gastridium phleoides (Nees & Meyen) C.E.Hubb.,,,Plantae,species
,5828216,,Cenchrus flaccidus (Griseb.) Morrone,,,Plantae,species
,5671747,,Cenchrus alopecuroides (L.) Thunb.,,,Plantae,species
,5289731,,Cenchrus longispinus (Hack.) Fernald,,,Plantae,species
,5289739,,Cenchrus echinatus L.,,,Plantae,species
,8420312,,Phalaris platensis Henrard ex Heukels,,,Plantae,species
,5289753,,Phalaris angusta Nees ex Trin.,,,Plantae,species
,5289756,,Phalaris arundinacea L.,,,Plantae,species
,5289745,,Phalaris brachystachys Link,,,Plantae,species
,5289751,,Phalaris coerulescens Desf.,,,Plantae,species
,5289746,,Phalaris aquatica L.,,,Plantae,species
,7226776,,Setaria verticillata var. verticillata,,,Plantae,variety
,5674218,,Setaria dielsii R.A.W.Herrm.,,,Plantae,species
,5289709,,Setaria sphacelata (Schumach.) Stapf & C.E.Hubb. ex Moss,,,Plantae,species
,5289679,,Setaria parviflora (Poir.) Kerguélen,,,Plantae,species
,5290170,,Phyllostachys viridiglaucescens (Carrière) Rivière & C.Rivière,,,Plantae,species
,5290143,,Brachypodium distachyon (L.) P.Beauv.,,,Plantae,species
,5290144,,Brachypodium phoenicoides (L.) Roem. & Schult.,,,Plantae,species
,5674919,,Tragus koelerioides Asch.,,,Plantae,species
,5290130,,Tragus australianus S.T.Blake,,,Plantae,species
,5290129,,Tragus berteronianus Schult.,,,Plantae,species
,5290069,,Parapholis incurva (L.) C.E.Hubb.,,,Plantae,species
,5290052,,Zea mays L.,,,Plantae,species
,5679952,,Polypogon chilensis (Kunth) Pilg.,,,Plantae,species
,5289919,,Polypogon viridis (Gouan) Breistr.,,,Plantae,species
,5289913,,Polypogon maritimus Willd.,,,Plantae,species
,5289912,,Polypogon fugax Nees ex Steud.,,,Plantae,species
,5289911,,Polypogon elongatus Kunth,,,Plantae,species
,5289906,,Rostraria cristata (L.) Tzvelev,,,Plantae,species
,5674047,,Nassella hyalina (Nees) Barkworth,,,Plantae,species
,5674110,,Nassella filiculmis (Delile) Barkworth,,,Plantae,species
,5289836,,Nassella formicarum (Delile) Barkworth,,,Plantae,species
,5289833,,Nassella tenuissima (Trin.) Barkworth,,,Plantae,species
,5289831,,Nassella neesiana (Trin. & Rupr.) Barkworth,,,Plantae,species
,5678495,,Chloris pycnothrix Trin.,,,Plantae,species
,5289620,,Chloris truncata R.Br.,,,Plantae,species
,5289623,,Chloris pectinata Benth.,,,Plantae,species
,5289631,,Chloris divaricata R.Br.,,,Plantae,species
,5289624,,Chloris virgata Sw.,,,Plantae,species
,5289629,,Chloris ventricosa R.Br.,,,Plantae,species
,5676903,,Apera intermedia Hack.,,,Plantae,species
,5289643,,Apera interrupta (L.) P.Beauv.,,,Plantae,species
,5290177,,Lagurus ovatus L.,,,Plantae,species
,5290242,,Gaudinia fragilis (L.) P.Beauv.,,,Plantae,species
,5290282,,Elymus canadensis L.,,,Plantae,species
,4142326,,Achnatherum calamagrostis (L.) P.Beauv.,,,Plantae,species
,4142153,,Desmazeria sicula (Jacq.) Dumort.,,,Plantae,species
,4146512,,Puccinellia stricta (Hook.f.) C.H.Blom,,,Plantae,species
,4152037,,Helictotrichon sempervirens (Vill.) Pilg.,,,Plantae,species
,4932431,,Crithopsis delileana (Schult.) Roshev.,,,Plantae,species
,9484350,,Lachnagrostis eriantha (Hack.) A.J.Br.,,,Plantae,species
,4135892,,Lachnagrostis lachnantha (Nees) Rúgolo & A.M.Molina,,,Plantae,species
,4136060,,Lachnagrostis billardierei (R.Br.) Trin.,,,Plantae,species
,4135963,,Lachnagrostis filiformis (G.Forst.) Trin.,,,Plantae,species
,4136390,,Aeluropus littoralis (Gouan) Parl.,,,Plantae,species
,4137839,,Koeleria glauca (Spreng.) DC.,,,Plantae,species
,4138669,,Pholiurus pannonicus (Host) Trin.,,,Plantae,species
,4127352,,Sasaella ramosa (Makino) Makino,,,Plantae,species
,4125930,,×Agropogon lutosus (Poir.) P.Fourn.,,,Plantae,species
,4127831,,Stipa pennata L.,,,Plantae,species
,4130246,,Stipagrostis pungens (Desf.) De Winter,,,Plantae,species
,5676646,,Digitaria aequiglumis (Hack. & Arechav.) Parodi,,,Plantae,species
,5289995,,Digitaria violascens Link,,,Plantae,species
,5289957,,Digitaria brownii (Roem. & Schult.) Hughes,,,Plantae,species
,5289929,,Digitaria abyssinica (Hochst. ex A.Rich.) Stapf,,,Plantae,species
,4131963,,Digitaria acuminatissima Stapf,,,Plantae,species
,4120602,,Semiarundinaria fastuosa (Lat.-Marl. ex Mitford) Makino,,,Plantae,species
,7517279,,"Rytidosperma tenuius (Steud.) O.E.Erikss., A.Hansen & Sunding",,,Plantae,species
,4136338,,Rytidosperma gracile (Hook.f.) Connor & Edgar,,,Plantae,species
,4121201,,Rytidosperma thomsonii (Buchanan) Connor & Edgar,,,Plantae,species
,4125110,,Harpachne schimperi Hochst. ex A.Rich.,,,Plantae,species
,4125808,,Thinopyrum elongatum (Host) D.R.Dewey,,,Plantae,species
,6710856,,Austrostipa scabra subsp. scabra,,,Plantae,subspecies
,4104718,,Austrostipa verticillata (Nees ex Spreng.) S.W.L.Jacobs & J.Everett,,,Plantae,species
,4104890,,Austrostipa scabra subsp. falcata (Hughes) S.W.L.Jacobs & J.Everett,,,Plantae,subspecies
,4105208,,Austrostipa nitida (Summerh. & C.E.Hubb.) S.W.L.Jacobs & J.Everett,,,Plantae,species
,4128347,,Bromus intermedius Guss.,,,Plantae,species
,4131042,,Bromus hordeaceus subsp. longipedicellatus Spalton,,,Plantae,subspecies
,2703765,,Bromus arenarius Labill.,,,Plantae,species
,2703696,,Bromus alopecuros Poir.,,,Plantae,species
,2703698,,Bromus sitchensis Trin.,,,Plantae,species
,2703670,,Bromus inermis Leyss.,,,Plantae,species
,2703682,,Bromus briziformis Fisch. & C.A.Mey.,,,Plantae,species
,2703686,,Bromus marginatus Nees ex Steud.,,,Plantae,species
,2703731,,Bromus brevis Steud.,,,Plantae,species
,2703733,,Bromus lanceolatus Roth,,,Plantae,species
,2703740,,Bromus rubens L.,,,Plantae,species
,2703711,,Bromus lepidus Holmb.,,,Plantae,species
,2703720,,Bromus scoparius L.,,,Plantae,species
,2703721,,Bromus madritensis L.,,,Plantae,species
,4110879,,Poa sieberiana Spreng.,,,Plantae,species
,2704234,,Poa alpina L.,,,Plantae,species
,2704194,,Poa infirma Kunth,,,Plantae,species
,2704394,,Cynosurus echinatus L.,,,Plantae,species
,2704341,,Schismus barbatus (L.) Thell.,,,Plantae,species
,2704038,,Muhlenbergia mexicana (L.) Trin.,,,Plantae,species
,4152153,,Enneapogon scaber Lehm.,,,Plantae,species
,2703892,,Enneapogon desvauxii P.Beauv.,,,Plantae,species
,4136695,,Bothriochloa macra (Steud.) S.T.Blake,,,Plantae,species
,2704112,,Bothriochloa decipiens (Hack.) C.E.Hubb.,,,Plantae,species
,2704102,,Bothriochloa ischaemum (L.) Keng,,,Plantae,species
,2702793,,Briza minor L.,,,Plantae,species
,2702792,,Briza maxima L.,,,Plantae,species
,4270675,,Echinochloa muricata var. muricata,,,Plantae,variety
,4118773,,Echinochloa inundata Michael & Vickery,,,Plantae,species
,4118753,,Echinochloa jubata Stapf,,,Plantae,species
,2702822,,Echinochloa frumentacea Link,,,Plantae,species
,2702798,,Echinochloa esculenta (A.Braun) H.Scholz,,,Plantae,species
,4134633,,Eriochloa australiensis Stapf & Thell.,,,Plantae,species
,4134508,,Eriochloa crebra S.T.Blake,,,Plantae,species
,2702519,,Eriochloa pseudoacrotricha (Stapf ex Thell.) J.M.Black,,,Plantae,species
,2702529,,Eriochloa villosa (Thunb.) Kunth,,,Plantae,species
,2703109,,Melica altissima L.,,,Plantae,species
,2703240,,Dinebra retroflexa (Vahl) Panz.,,,Plantae,species
,2703346,,Anthoxanthum nitens (Weber) Y.Schouten & Veldkamp,,,Plantae,species
,2702862,,Ehrharta longiflora Sm.,,,Plantae,species
,2703041,,Arundo donax L.,,,Plantae,species
,2703077,,Chasmanthium latifolium (Michx.) H.O.Yates,,,Plantae,species
,2705737,,Oplismenus hirtellus (L.) P.Beauv.,,,Plantae,species
,2705666,,Taeniatherum caput-medusae (L.) Nevski,,,Plantae,species
,2705957,,Eleusine coracana (L.) Gaertn.,,,Plantae,species
,2705953,,Eleusine indica (L.) Gaertn.,,,Plantae,species
,2705869,,Urochloa panicoides P.Beauv.,,,Plantae,species
,2705932,,Axonopus fissifolius (Raddi) Kuhlm.,,,Plantae,species
,2705587,,Paspalum paniculatum L.,,,Plantae,species
,2705565,,Paspalum dilatatum Poir.,,,Plantae,species
,2705512,,Glyceria canadensis (Michx.) Trin.,,,Plantae,species
,8174035,,Avena nuda L.,,,Plantae,species
,8322034,,Avena ×marquandii Druce,,,Plantae,species
,7226804,,Avena sterilis subsp. sterilis,,,Plantae,subspecies
,4154800,,Avena brevis Roth,,,Plantae,species
,2705300,,Avena barbata Pott ex Link,,,Plantae,species
,2705290,,Avena sativa L.,,,Plantae,species
,2705181,,Sorghum bicolor (L.) Moench,,,Plantae,species
,8018483,,Eragrostis neomexicana Vasey,,,Plantae,species
,8192063,,Eragrostis lacunaria F.Muell. ex Benth.,,,Plantae,species
,4143386,,Eragrostis papposa (Roem. & Schult.) Steud.,,,Plantae,species
,4142741,,Eragrostis planiculmis Nees,,,Plantae,species
,4142399,,Eragrostis procumbens Nees,,,Plantae,species
,4145354,,Eragrostis leptocarpa Benth.,,,Plantae,species
,4143912,,Eragrostis neesii Trin.,,,Plantae,species
,4143852,,Eragrostis nigra Nees ex Steud.,,,Plantae,species
,4143702,,Eragrostis obtusa Munro ex Ficalho & Hiern,,,Plantae,species
,4150636,,Eragrostis alveiformis Lazarides,,,Plantae,species
,4117648,,Eragrostis bicolor Nees,,,Plantae,species
,4111606,,Eragrostis rotifer Rendle,,,Plantae,species
,4113766,,Eragrostis dielsii Pilg.,,,Plantae,species
,2705325,,Eragrostis tef (Zuccagni) Trotter,,,Plantae,species
,2705339,,Eragrostis mexicana (Hornem.) Link,,,Plantae,species
,2705341,,Eragrostis atrovirens (Desf.) Trin. ex Steud.,,,Plantae,species
,2705350,,Eragrostis plana Nees,,,Plantae,species
,2705362,,Eragrostis elongata (Willd.) J.Jacq.,,,Plantae,species
,2705452,,Eragrostis bahiensis Schult.,,,Plantae,species
,2705431,,Eragrostis barrelieri Daveau,,,Plantae,species
,2705393,,Eragrostis parviflora (R.Br.) Trin.,,,Plantae,species
,2705373,,Eragrostis ciliaris (L.) R.Br.,,,Plantae,species
,2705422,,Eragrostis leptostachya (R.Br.) Steud.,,,Plantae,species
,9393876,,Sporobolus ×townsendii (H.Groves & J.Groves) P.M.Peterson & Saarela,,,Plantae,species
,8047362,,Sporobolus creber De Nardi,,,Plantae,species
,4152259,,Sporobolus africanus (Poir.) Robyns & Tournay,,,Plantae,species
,4151306,,Sporobolus caroli Mez,,,Plantae,species
,2704778,,Sporobolus elongatus R.Br.,,,Plantae,species
,2704757,,Sporobolus indicus (L.) R.Br.,,,Plantae,species
,2704664,,Eremopyrum bonaepartis (Spreng.) Nevski,,,Plantae,species
,2704523,,Cortaderia selloana (Schult. & Schult.f.) Asch. & Graebn.,,,Plantae,species
,6449041,,Panicum miliaceum subsp. miliaceum,,,Plantae,subspecies
,4116709,,Panicum laevinode Lindl.,,,Plantae,species
,4113402,,Panicum decompositum R.Br.,,,Plantae,species
,2705066,,Panicum hirticaule J.Presl,,,Plantae,species
,2705092,,Panicum coloratum L.,,,Plantae,species
,2705090,,Panicum miliaceum L.,,,Plantae,species
,2705141,,Panicum antidotale Retz.,,,Plantae,species
,4123970,,Festuca gautieri (Hack.) K.Richt.,,,Plantae,species
,2704966,,Festuca valesiaca Schleich. ex Gaudin,,,Plantae,species
,2705031,,Festuca glauca Vill.,,,Plantae,species
,2706209,,Pseudosasa japonica (Siebold & Zucc. ex Steud.) Makino,,,Plantae,species
,2706195,,Milium vernale M.Bieb.,,,Plantae,species
,6431764,,Aristida longespica Poir.,,,Plantae,species
,4126800,,Aristida hordeacea Kunth,,,Plantae,species
,4128792,,Aristida congesta Roem. & Schult.,,,Plantae,species
,2706277,,Aristida adscensionis L.,,,Plantae,species
,4129708,,Lolium multiflorum Lam.,,,Plantae,species
,4133390,,Lolium ×boucheanum Kunth,,,Plantae,species
,7795888,,Triticum aestivum L.,,,Plantae,species
,7883427,,Triticum monococcum L.,,,Plantae,species
,2706403,,Triticum aestivum subsp. spelta (L.) Thell.,,,Plantae,subspecies
,2706406,,Triticum turgidum L.,,,Plantae,species
,2706526,,Agrostis exarata Trin.,,,Plantae,species
,2706501,,Agrostis castellana Boiss. & Reut.,,,Plantae,species
,2706457,,Agrostis nebulosa Boiss. & Reut.,,,Plantae,species
,2706444,,Agrostis scabra Willd.,,,Plantae,species
,4139846,,Phleum exaratum Griseb.,,,Plantae,species
,4139625,,Phleum hirsutum Honck.,,,Plantae,species
,4139894,,Phleum echinatum Host,,,Plantae,species
,2706003,,Phleum subulatum (Savi) Asch. & Graebn.,,,Plantae,species
,2706002,,Phleum paniculatum Huds.,,,Plantae,species
,2705966,,Secale cereale L.,,,Plantae,species
,2706026,,Miscanthus sinensis Andersson,,,Plantae,species
,8332019,,Hordeum distichon L.,,,Plantae,species
,4148661,,Hordeum flexuosum Nees ex Steud.,,,Plantae,species
,4148721,,Hordeum euclaston Steud.,,,Plantae,species
,4149167,,Hordeum comosum J.Presl,,,Plantae,species
,2706070,,Hordeum pusillum Nutt.,,,Plantae,species
,2706067,,Hordeum bulbosum L.,,,Plantae,species
,2706190,,Dactyloctenium radulans (R.Br.) P.Beauv.,,,Plantae,species
,4108297,,Oxychloris scariosa (F.Muell.) Lazarides,,,Plantae,species
,4107552,,Alopecurus magellanicus Lam.,,,Plantae,species
,4105652,,Amphibromus recurvatus Swallen,,,Plantae,species
,2701986,,Juncus canadensis J.Gay ex Laharpe,,,Plantae,species
,2701618,,Juncus imbricatus Laharpe,,,Plantae,species
,2701649,,Juncus xiphioides E.Mey.,,,Plantae,species
,2701578,,Juncus foliosus Desf.,,,Plantae,species
,2701612,,Juncus ensifolius Wikstr.,,,Plantae,species
,2700646,,Juncus pallescens Lam.,,,Plantae,species
,2701304,,Juncus radula Buchenau,,,Plantae,species
,2701118,,Juncus subsecundus N.A.Wakef.,,,Plantae,species
,2700768,,Luzula nivea (Nathh.) DC.,,,Plantae,species
,2687885,,Ginkgo biloba L.,,,Plantae,species
,2687948,,Equisetum scirpoides Michx.,,,Plantae,species
,2650180,,Botrychium simplex E.Hitchc.,,,Plantae,species
,8241853,,"Anisocampium niponicum (Mett.) Yea C.Liu, W.L.Chiou & M.Kato",,,Plantae,species
,5274964,,Polypodium hesperium Maxon,,,Plantae,species
,5275398,,Pteris vittata L.,,,Plantae,species
,5275404,,Pteris cretica L.,,,Plantae,species
,2651816,,Adiantum capillus-veneris L.,,,Plantae,species
,2651843,,Adiantum aleuticum (Rupr.) C.A.Paris,,,Plantae,species
,2650903,,Onoclea sensibilis L.,,,Plantae,species
,7157952,,Dryopteris erythrosora (D.C.Eaton) Kuntze,,,Plantae,species
,7319302,,Dryopteris cycadina (Franch. & Sav.) C.Chr.,,,Plantae,species
,7158449,,Polystichum polyblepharon (Roem. ex Kunze) C.Presl,,,Plantae,species
,4046493,,Polystichum luctuosum (Kunze) T.Moore,,,Plantae,species
,2650944,,Rumohra adiantiformis (G.Forst.) Ching,,,Plantae,species
,2650827,,Cyrtomium fortunei J.Sm.,,,Plantae,species
,5274858,,Salvinia natans (L.) All.,,,Plantae,species
,5274861,,Salvinia auriculata Aubl.,,,Plantae,species
,5211250,,"Micropterus dolomieu Lacepède, 1802",,,Animalia,species
,5851603,,"Leuciscus aspius (Linnaeus, 1758)",,,Animalia,species
,2287073,,"Dreissena bugensis (Andrusov, 1897)",,,Animalia,species
,8946295,,"Pontastacus leptodactylus (Eschscholtz, 1823)",,,Animalia,species
,1152186,,"Callidiellum rufipennis (Motschulsky, 1861)",,,Animalia,species
,9491873,,"Dichotomyctere fluviatilis (Hamilton, 1822)",,,Animalia,species
,2292567,,"Cipangopaludina chinensis (Griffith & Pidgeon, 1865)",,,Animalia,species
,8014163,,"Ambigolimax valentianus (A.Férussac, 1821)",,,Animalia,species
,7820753,,"Magallana gigas (Thunberg, 1793)",,,Animalia,species
,4467502,,"Otiorhynchus indefinitus Reitter, 1912",,,Animalia,species
,4568269,,"Paralaoma servilis (Shuttleworth, 1852)",,,Animalia,species
,7520678,,"Striosubulina striatella (Rang, 1831)",,,Animalia,species
,4562917,,"Cochlicella acuta (O.F.Müller, 1774)",,,Animalia,species
,5421557,,"Coscinodiscus wailesii Gran & Angst, 1931",,,Chromista,species
,5188774,,"Barentsia ramosa (Robertson, 1900)",,,Animalia,species
,7425750,,"Stropholoma aurantiacum (Cooke) Ryman, 2008",,,Fungi,species
,2501248,,"Mnemiopsis leidyi A.Agassiz, 1865",,,Animalia,species
,7461690,,"Phragmidium mexicanum (Mains) H.Y.Yun, Minnis & Aime",,,Fungi,species
,2495134,,"Dromaius novaehollandiae (Latham, 1790)",,,Animalia,species
,2495165,,"Rhea americana (Linnaeus, 1758)",,,Animalia,species
,2495190,,"Ocyphaps lophotes (Temminck, 1822)",,,Animalia,species
,2495342,,"Oena capensis (Linnaeus, 1766)",,,Animalia,species
,2495494,,"Geopelia cuneata (Latham, 1801)",,,Animalia,species
,2495414,,"Columba livia J.F.Gmelin, 1789",,,Animalia,species
,2495688,,"Streptopelia roseogrisea (Sundevall, 1857)",,,Animalia,species
,2495699,,"Streptopelia lugens (Rüppell, 1837)",,,Animalia,species
,2495691,,"Streptopelia tranquebarica (Hermann, 1804)",,,Animalia,species
,5959118,,"Bubo virginianus (J.F.Gmelin, 1788)",,,Animalia,species
,2497798,,"Ninox connivens (Latham, 1801)",,,Animalia,species
,5232465,,"Plectropterus gambensis (Linnaeus, 1766)",,,Animalia,species
,5232423,,"Chloephaga poliocephala P.L.Sclater, 1857",,,Animalia,species
,5232422,,"Chloephaga melanoptera (Eyton, 1838)",,,Animalia,species
,5232432,,"Cereopsis novaehollandiae Latham, 1801",,,Animalia,species
,5232435,,"Malacorhynchus membranaceus (Latham, 1801)",,,Animalia,species
,5232445,,"Branta sandvicensis (Vigors, 1834)",,,Animalia,species
,5232452,,"Branta hutchinsii (Richardson, 1832)",,,Animalia,species
,9450106,,"Anas poecilorhyncha J.R.Forster, 1781",,,Animalia,species
,2498084,,"Anas superciliosa J.F.Gmelin, 1789",,,Animalia,species
,2498090,,"Anas bahamensis Linnaeus, 1758",,,Animalia,species
,2498094,,"Anas capensis J.F.Gmelin, 1789",,,Animalia,species
,2498064,,"Anas erythrorhyncha J.F.Gmelin, 1789",,,Animalia,species
,2498065,,"Anas flavirostris Vieillot, 1816",,,Animalia,species
,2498108,,"Anas luzonica Fraser, 1839",,,Animalia,species
,2498109,,"Anas laysanensis Rothschild, 1892",,,Animalia,species
,2498097,,"Anas castanea (Eyton, 1838)",,,Animalia,species
,2498104,,"Anas gibberifrons S.Müller, 1842",,,Animalia,species
,2498156,,"Anas undulata C.F.Dubois, 1838",,,Animalia,species
,2498288,,"Coscoroba coscoroba (Molina, 1782)",,,Animalia,species
,2498181,,"Netta peposaca (Vieillot, 1816)",,,Animalia,species
,2498329,,"Bucephala albeola (Linnaeus, 1758)",,,Animalia,species
,2498310,,"Nettapus coromandelianus (J.F.Gmelin, 1789)",,,Animalia,species
,2498313,,"Nettapus auritus (Boddaert, 1783)",,,Animalia,species
,5232469,,"Oxyura vittata (Philippi, 1860)",,,Animalia,species
,2498384,,"Callonetta leucophrys (Vieillot, 1816)",,,Animalia,species
,8050384,,"Bonamia ostreae Pichot, Comps, Tigé, Grizel & Rabouin, 1980",,,Protozoa,species
,2869597,,Sauromatum venosum (Dryand. ex Aiton) Kunth,,,Plantae,species
,2498380,,"Cyanochen cyanoptera (Rüppell, 1845)",,,Animalia,species
,2498345,,"Cygnus buccinator Richardson, 1831",,,Animalia,species
,2498335,,"Cygnus melancoryphus (Molina, 1782)",,,Animalia,species
,2498396,,"Dendrocygna viduata (Linnaeus, 1766)",,,Animalia,species
,2498393,,"Dendrocygna autumnalis (Linnaeus, 1758)",,,Animalia,species
,2498405,,"Dendrocygna eytoni (Eyton, 1838)",,,Animalia,species
,2498402,,"Dendrocygna bicolor (Vieillot, 1816)",,,Animalia,species
,2498398,,"Dendrocygna arcuata (Horsfield, 1824)",,,Animalia,species
,2498411,,"Amazonetta brasiliensis (J.F.Gmelin, 1789)",,,Animalia,species
,2498408,,"Lophodytes cucullatus (Linnaeus, 1758)",,,Animalia,species
,2498011,,"Tadorna variegata (J.F.Gmelin, 1789)",,,Animalia,species
,2498010,,"Tadorna cana (J.F.Gmelin, 1789)",,,Animalia,species
,2498007,,"Tadorna tadornoides (Jardine & Selby, 1828)",,,Animalia,species
,2498001,,"Sarkidiornis melanotos (Pennant, 1769)",,,Animalia,species
,2498034,,"Anser cygnoides (Linnaeus, 1758)",,,Animalia,species
,2498054,,"Pteronetta hartlaubii (Cassin, 1860)",,,Animalia,species
,2498046,,"Chenonetta jubata (Latham, 1801)",,,Animalia,species
,5788513,,"Spizaetus melanoleucus (Vieillot, 1816)",,,Animalia,species
,2480514,,"Aquila rapax (Temminck, 1828)",,,Animalia,species
,2480568,,"Buteo auguralis Salvadori, 1865",,,Animalia,species
,2480542,,"Buteo jamaicensis (Gmelin, 1788)",,,Animalia,species
,2480410,,"Parabuteo unicinctus (Temminck, 1824)",,,Animalia,species
,2480446,,"Haliaeetus leucocephalus (Linnaeus, 1766)",,,Animalia,species
,2480445,,"Haliaeetus pelagicus (Pallas, 1811)",,,Animalia,species
,2480454,,"Haliaeetus vocifer (Daudin, 1800)",,,Animalia,species
,5229136,,"Vanellus armatus (Burchell, 1822)",,,Animalia,species
,5229142,,"Vanellus spinosus (Linnaeus, 1758)",,,Animalia,species
,5229134,,"Vanellus miles (Boddaert, 1783)",,,Animalia,species
,5229128,,"Himantopus mexicanus (P.L.S.Müller, 1776)",,,Animalia,species
,2480762,,"Pluvianus aegyptius (Linnaeus, 1758)",,,Animalia,species
,9691034,,"Phoenicopterus ruber Linnaeus, 1758",,,Animalia,species
,4352332,,"Phoenicopterus roseus Pallas, 1811",,,Animalia,species
,2481110,,"Phoenicopterus chilensis Molina, 1782",,,Animalia,species
,2481104,,"Phoeniconaias minor (É.Geoffroy Saint-Hilaire, 1798)",,,Animalia,species
,2481092,,"Phalcoboenus megalopterus (Meyen, 1834)",,,Animalia,species
,9685907,,"Falco sparverius Linnaeus, 1758",,,Animalia,species
,8014966,,"Falco biarmicus Temminck, 1825",,,Animalia,species
,2481034,,"Falco cherrug J.E.Gray, 1834",,,Animalia,species
,2856037,,Allium ampeloprasum L.,,,Plantae,species
,5739357,,"Iduna rama (Sykes, 1832)",,,Animalia,species
,2859597,,Ipheion uniflorum (Graham) Raf.,,,Plantae,species
,2494066,,"Ploceus jacksoni Shelley, 1888",,,Animalia,species
,2494070,,"Ploceus melanocephalus (Linnaeus, 1758)",,,Animalia,species
,7340811,,"Euplectes macroura (Gmelin, 1789)",,,Animalia,species
,2494086,,"Euplectes franciscanus (Isert, 1789)",,,Animalia,species
,2494088,,"Euplectes orix (Linnaeus, 1758)",,,Animalia,species
,2494097,,"Euplectes afer (Gmelin, 1789)",,,Animalia,species
,8323485,,"Haemorhous mexicanus (P.L.Statius Müller, 1776)",,,Animalia,species
,6100996,,"Crithagra mozambica (P.L.Statius Müller, 1776)",,,Animalia,species
,6101013,,"Chloris spinoides (Vigors, 1831)",,,Animalia,species
,2494303,,"Serinus canaria (Linnaeus, 1758)",,,Animalia,species
,2494408,,"Mycerobas icterioides (Vigors, 1830)",,,Animalia,species
,7690055,,"Carpodacus sibiricus (Pallas, 1773)",,,Animalia,species
,2494514,,"Carpodacus roseus (Pallas, 1776)",,,Animalia,species
,2494536,,"Pyrrhula erythaca Blyth, 1862",,,Animalia,species
,2494787,,"Rhodospiza obsoleta (M.H.K.Lichtenstein, 1823)",,,Animalia,species
,2484628,,"Vidua macroura (Pallas, 1764)",,,Animalia,species
,2486131,,"Pycnonotus cafer (Linnaeus, 1766)",,,Animalia,species
,2486147,,"Pycnonotus barbatus (Desfontaines, 1789)",,,Animalia,species
,2486132,,"Pycnonotus leucotis (Gould, 1836)",,,Animalia,species
,2486151,,"Pycnonotus jocosus (Linnaeus, 1758)",,,Animalia,species
,2484608,,"Bombycilla japonica (Siebold, 1824)",,,Animalia,species
,2489362,,"Zosterops palpebrosus (Temminck, 1824)",,,Animalia,species
,5845390,,"Gracupica nigricollis (Paykull, 1807)",,,Animalia,species
,6091856,,"Sturnia sinensis (Gmelin, 1788)",,,Animalia,species
,5230734,,"Onychognathus tristramii (P.L.Sclater, 1858)",,,Animalia,species
,2774846,,Chlorophytum comosum (Thunb.) Jacques,,,Plantae,species
,2489075,,"Lamprotornis superbus Rüppell, 1845",,,Animalia,species
,2489080,,"Lamprotornis purpureus (Statius Muller, 1776)",,,Animalia,species
,2489089,,"Lamprotornis splendidus (Vieillot, 1822)",,,Animalia,species
,2489071,,"Lamprotornis chalybaeus Hemprich & Ehrenberg, 1828",,,Animalia,species
,2489073,,"Lamprotornis nitens (Linnaeus, 1766)",,,Animalia,species
,2489004,,"Acridotheres ginginianus (Latham, 1790)",,,Animalia,species
,2489005,,"Acridotheres tristis (Linnaeus, 1766)",,,Animalia,species
,2488960,,"Oriolus auratus Vieillot, 1817",,,Animalia,species
,9362842,,"Junco hyemalis (Linnaeus, 1758)",,,Animalia,species
,5231103,,"Zonotrichia capensis (P.L.S.Müller, 1776)",,,Animalia,species
,2492196,,"Melospiza melodia (A.Wilson, 1810)",,,Animalia,species
,2492081,,"Paroaria coronata (J.F.Miller, 1776)",,,Animalia,species
,2490789,,"Turdus dissimilis Blyth, 1847",,,Animalia,species
,2747750,,Crocus ×luteus Lam.,,,Plantae,species
,5230862,,"Passerina caerulea (Linnaeus, 1758)",,,Animalia,species
,2490384,,"Cardinalis cardinalis (Linnaeus, 1758)",,,Animalia,species
,2489450,,"Gymnorhina tibicen (Latham, 1802)",,,Animalia,species
,5789082,,"Euodice malabarica (Linnaeus, 1758)",,,Animalia,species
,2493739,,"Neochmia ruficauda (Gould, 1837)",,,Animalia,species
,2493697,,"Amandava subflava (Vieillot, 1819)",,,Animalia,species
,2493698,,"Amandava amandava (Linnaeus, 1758)",,,Animalia,species
,2493660,,"Estrilda astrild (Linnaeus, 1758)",,,Animalia,species
,2493633,,"Taeniopygia guttata (Vieillot, 1817)",,,Animalia,species
,4845776,,"Lonchura oryzivora (Linnaeus, 1758)",,,Animalia,species
,2493598,,"Lonchura punctulata (Linnaeus, 1758)",,,Animalia,species
,5231398,,"Leiothrix lutea (Scopoli, 1786)",,,Animalia,species
,2493447,,"Garrulax leucolophus (Hardwicke, 1816)",,,Animalia,species
,5844936,,"Cyanopica cooki Bonaparte, 1850",,,Animalia,species
,6100962,,"Urocissa erythroryncha (Boddaert, 1783)",,,Animalia,species
,2717402,,Eleocharis mamillata subsp. austriaca (Hayek) Strandh.,,,Plantae,subspecies
,2482519,,"Corvus albus Statius Muller, 1776",,,Animalia,species
,2482478,,"Corvus albicollis Latham, 1790",,,Animalia,species
,2482499,,"Corvus splendens Vieillot, 1817",,,Animalia,species
,2484103,,"Chrysomus icterocephalus (Linnaeus, 1766)",,,Animalia,species
,2484155,,"Quiscalus quiscula (Linnaeus, 1758)",,,Animalia,species
,2484133,,"Quiscalus major Vieillot, 1819",,,Animalia,species
,2481875,,"Phalacrocorax auritus (Lesson, 1831)",,,Animalia,species
,5229411,,"Anastomus lamelligerus Temminck, 1823",,,Animalia,species
,2481936,,"Mycteria ibis (Linnaeus, 1766)",,,Animalia,species
,5959227,,"Ara macao (Linnaeus, 1758)",,,Animalia,species
,5959231,,"Ara ararauna (Linnaeus, 1758)",,,Animalia,species
,5229110,,"Cyanoramphus novaezelandiae (Sparrman, 1787)",,,Animalia,species
,6559940,,Helictochloa bromoides (Gouan) Romero Zarco,,,Plantae,species
,5229045,,"Psittacula alexandri (Linnaeus, 1758)",,,Animalia,species
,5229044,,"Psittacula cyanocephala (Linnaeus, 1766)",,,Animalia,species
,5229072,,"Psittacula derbiana (Fraser, 1852)",,,Animalia,species
,5229055,,"Psittacula eupatria (Linnaeus, 1766)",,,Animalia,species
,2479329,,"Platycercus eximius (Shaw, 1792)",,,Animalia,species
,2479320,,"Platycercus icterotis (Temminck & Kuhl, 1820)",,,Animalia,species
,2479311,,"Platycercus elegans (Gmelin, 1788)",,,Animalia,species
,2479308,,"Platycercus adscitus (Latham, 1790)",,,Animalia,species
,2479977,,"Nymphicus hollandicus (Kerr, 1792)",,,Animalia,species
,2480075,,"Eclectus roratus (Statius Muller, 1776)",,,Animalia,species
,2479964,,"Poicephalus senegalus (Linnaeus, 1766)",,,Animalia,species
,2479955,,"Poicephalus cryptoxanthus (W.Peters, 1854)",,,Animalia,species
,2480181,,"Psittacus erithacus Linnaeus, 1758",,,Animalia,species
,2480089,,"Psephotus haematonotus (Gould, 1838)",,,Animalia,species
,2480102,,"Nandayus nenday (Vieillot, 1823)",,,Animalia,species
,2479498,,"Polytelis anthopeplus (Lear, 1831)",,,Animalia,species
,2479501,,"Polytelis swainsonii (Desmarest, 1826)",,,Animalia,species
,2479544,,"Agapornis fischeri Reichenow, 1887",,,Animalia,species
,2479550,,"Agapornis roseicollis (Stanley, 1814)",,,Animalia,species
,2479553,,"Agapornis personatus Reichenow, 1887",,,Animalia,species
,2479555,,"Agapornis canus (Gmelin, 1788)",,,Animalia,species
,2479798,,"Melopsittacus undulatus (Shaw, 1805)",,,Animalia,species
,2479851,,"Pyrrhura perlata (Spix, 1824)",,,Animalia,species
,2479612,,"Amazona ochrocephala (Gmelin, 1788)",,,Animalia,species
,2479666,,"Amazona amazonica (Linnaeus, 1766)",,,Animalia,species
,2479686,,"Trichoglossus haematodus (Linnaeus, 1771)",,,Animalia,species
,2476041,,"Bucorvus leadbeateri (Vigors, 1825)",,,Animalia,species
,2475212,,"Crinifer zonurus (Ruppell, 1835)",,,Animalia,species
,2475679,,"Ceryle rudis (Linnaeus, 1758)",,,Animalia,species
,2475648,,"Dacelo novaeguineae (Hermann, 1783)",,,Animalia,species
,2475373,,"Coracias abyssinicus Hermann, 1783",,,Animalia,species
,5229154,,"Scopus umbretta Gmelin, 1789",,,Animalia,species
,5229205,,"Eudocimus albus (Linnaeus, 1758)",,,Animalia,species
,5229204,,"Eudocimus ruber (Linnaeus, 1758)",,,Animalia,species
,5229203,,"Bostrychia hagedash (Latham, 1790)",,,Animalia,species
,2480770,,"Geronticus eremita (Linnaeus, 1758)",,,Animalia,species
,2480772,,"Plegadis ridgwayi (Allen, 1876)",,,Animalia,species
,2480786,,"Theristicus melanopis (Gmelin, 1789)",,,Animalia,species
,2480800,,"Platalea alba Scopoli, 1786",,,Animalia,species
,2480764,,"Threskiornis aethiopicus (Latham, 1790)",,,Animalia,species
,2480766,,"Threskiornis spinicollis (Jameson, 1835)",,,Animalia,species
,2480897,,"Egretta novaehollandiae (Latham, 1790)",,,Animalia,species
,5229156,,"Pelecanus conspicillatus Temminck, 1824",,,Animalia,species
,2480350,,"Pelecanus onocrotalus Linnaeus, 1758",,,Animalia,species
,2480352,,"Pelecanus rufescens Gmelin, 1789",,,Animalia,species
,2474416,,"Porphyrio porphyrio (Linnaeus, 1758)",,,Animalia,species
,5228229,,"Balearica regulorum (E.T.Bennett, 1834)",,,Animalia,species
,2474942,,"Grus vipio Pallas, 1811",,,Animalia,species
,2474944,,"Grus japonensis (Statius Muller, 1776)",,,Animalia,species
,2474937,,"Anthropoides paradiseus (A.A.H.Lichtenstein, 1793)",,,Animalia,species
,2474936,,"Anthropoides virgo (Linnaeus, 1758)",,,Animalia,species
,9791464,,"Colinus virginianus (Linnaeus, 1758)",,,Animalia,species
,5228080,,"Callipepla californica (Shaw, 1798)",,,Animalia,species
,2473341,,"Numida meleagris (Linnaeus, 1758)",,,Animalia,species
,9326020,,"Gallus gallus (Linnaeus, 1758)",,,Animalia,species
,5228033,,"Chrysolophus amherstiae (Leadbeater, 1829)",,,Animalia,species
,4134265,,Anthosachne scabra (R.Br.) Nevski,,,Plantae,species
,5227775,,"Phasianus versicolor Vieillot, 1825",,,Animalia,species
,5227993,,"Lophura leucomelanos (Latham, 1790)",,,Animalia,species
,2474055,,"Alectoris graeca (Meisner, 1804)",,,Animalia,species
,2474162,,"Coturnix japonica Temminck & Schlegel, 1848",,,Animalia,species
,2473421,,"Lagopus lagopus (Linnaeus, 1758)",,,Animalia,species
,4154259,,Paspalum saurae (Parodi) Parodi,,,Plantae,species
,2399874,,"Micropogonias undulatus (Linnaeus, 1766)",,,Animalia,species
,2702816,,Echinochloa muricata (P.Beauv.) Fernald,,,Plantae,species
,2331498,,"Molgula manhattensis (De Kay, 1843)",,,Animalia,species
,4354941,,"Botrylloides violaceus Oka, 1927",,,Animalia,species
,2331942,,"Styela clava Herdman, 1881",,,Animalia,species
,5200414,,"Diplosoma listerianum (Milne Edwards, 1841)",,,Animalia,species
,2330928,,"Aplidium glabrum (Verrill, 1871)",,,Animalia,species
,4124350,,Eleusine africana Kenn.-O'Byrne,,,Plantae,species
,2320998,,"Boccardiella hamata (Webster, 1879)",,,Animalia,species
,2320810,,"Boccardia proboscidea Hartman, 1940",,,Animalia,species
,4565061,,"Cernuella neglecta (Draparnaud, 1805)",,,Animalia,species
,2296807,,"Cochlicella barbara (Linnaeus, 1758)",,,Animalia,species
,8485639,,"Ensis leei M.Huber, 2015",,,Animalia,species
,4372686,,"Ruditapes philippinarum (A.Adams & Reeve, 1850)",,,Animalia,species
,4283395,,"Diadumene lineata (Verrill, 1869)",,,Animalia,species
,2266561,,"Nemopsis bachei L.Agassiz, 1849",,,Animalia,species
,2266754,,"Gonionemus vertens A.Agassiz, 1862",,,Animalia,species
,5166760,,"Ammothea hilgendorfi (Böhm, 1879)",,,Animalia,species
,2228667,,"Sinelobus stanfordi (Richardson, 1901)",,,Animalia,species
,3188829,,Oenothera elata Kunth,,,Plantae,species
,4805565,,"Amphibalanus variegatus (Darwin, 1854)",,,Animalia,species
,2115724,,"Balanus trigonus Darwin, 1854",,,Animalia,species
,2115706,,"Balanus glandula Darwin, 1854",,,Animalia,species
,2110811,,"Mytilicola intestinalis Steuer, 1902",,,Animalia,species
,2114326,,"Eurytemora americana Williams, 1906",,,Animalia,species
,8244019,,Trachyspermum ammi (L.) Sprague ex Turrill,,,Plantae,species
,2114446,,"Acartia tonsa Dana, 1849",,,Animalia,species
,10329298,,"Haplodrassus securifer Bosmans & Abrous, 2018",,,Animalia,species
,2053954,,"Prokelisia marginata (Van Duzee, 1897)",,,Animalia,species
,1728965,,"Tachycines asynamorus Adelung, 1902",,,Animalia,species
,1450317,,"Telmatogeton japonicus Tokunaga, 1933",,,Animalia,species
,3005039,,Rosa chinensis Jacq.,,,Plantae,species
,10269496,,"Epuraea imperialis (Reitter, 1877)",,,Animalia,species
,4985433,,"Victorella pavida Saville-Kent, 1870",,,Animalia,species
,8428595,,"Bugulina stolonifera (Ryland, 1960)",,,Animalia,species
,7668385,,"Bugulina simplex (Hincks, 1886)",,,Animalia,species
,4984851,,"Bugula neritina (Linnaeus, 1758)",,,Animalia,species
,1008955,,"Fenestrulina delicia Winston, Hayward & Craig, 2000",,,Animalia,species
,1007534,,"Phaeostachys spinifera (Johnston, 1847)",,,Animalia,species
,1008610,,"Haplopoma graniferum (Johnston, 1847)",,,Animalia,species
,1008612,,"Haplopoma impressum (Audouin, 1826)",,,Animalia,species
,1002621,,"Keratella tropica (Apstein, 1907)",,,Animalia,species
,2940408,,Cytisophyllum sessilifolium (L.) O.Lang,,,Plantae,species
,2888740,,Centranthus ruber (L.) DC.,,,Plantae,species
,5371699,,Hepatica nobilis Schreb.,,,Plantae,species
,3602227,,Papaver setigerum DC.,,,Plantae,species
,5374922,,Arabis caucasica Willd.,,,Plantae,species
,2874515,,Cucurbita maxima Duchesne,,,Plantae,species
,3111758,,Zinnia violacea Cav.,,,Plantae,species
,8078031,,Artemisia afra Jacq.,,,Plantae,species
,5384950,,Eclipta prostrata (L.) L.,,,Plantae,species
,5402340,,Dimorphotheca jucunda E.Phillips,,,Plantae,species
,3137686,,Rhodanthe stricta (Lindl.) Paul G.Wilson,,,Plantae,species
,3147815,,Verbesina alternifolia (L.) Britton ex Kearney,,,Plantae,species
,3145375,,Deinandra fasciculata (DC.) Greene,,,Plantae,species
,10411852,,Centaurea jacea x nigrescens,,,Plantae,species
,6300805,,Pilosella bauhini (Schult.) Arv.-Touv.,,,Plantae,species
,9419993,,Erodium moschatum (L.) L'Hér.,,,Plantae,species
,5415009,,Linaria supina (L.) Chaz.,,,Plantae,species
,3172099,,Veronica austriaca L.,,,Plantae,species
,3905825,,Betonica macrantha K.Koch,,,Plantae,species
,7331548,,Alonsoa linearis (Jacq.) Ruiz & Pav.,,,Plantae,species
,3084693,,Calandrinia ciliata (Ruiz & Pav.) DC.,,,Plantae,species
,3757457,,Chenopodium polygonoides (Murr) Aellen,,,Plantae,species
,2888870,,Rumex spinosus L.,,,Plantae,species
,7938233,,Stellaria cupaniana (Jord. & Fourr.) Bég.,,,Plantae,species
,2725229,,Carex agastachys L.f.,,,Plantae,species
,9890104,,"Xeroplexa intersecta (Poiret, 1801)",,,Animalia,species
,7563173,,"Cryptorchestia cavimana (Heller, 1865)",,,Animalia,species
,2855338,,Galanthus plicatus M.Bieb.,,,Plantae,species
,2858963,,Narcissus tazetta L.,,,Plantae,species
,2720171,,Scirpus cyperinus (L.) Kunth,,,Plantae,species
,2703459,,Oryza sativa L.,,,Plantae,species
,3189836,,Acer pensylvanicum L.,,,Plantae,species
,3667007,,Oenothera ×drawertii Renner ex Rostanski,,,Plantae,species
,3666776,,Oenothera ×ersteinensis H.P.Linder & R.Jean,,,Plantae,species
,2888622,,Viburnum plicatum Thunb.,,,Plantae,species
,2874574,,Cucumis dipsaceus Ehrenb. ex Spach,,,Plantae,species
,5331238,,Viola sororia Willd.,,,Plantae,species
,5395559,,Ligularia przewalskii (Maxim.) Diels,,,Plantae,species
,8116963,,Acanthus hungaricus (Borbás) Baen.,,,Plantae,species
,5341407,,Monarda didyma L.,,,Plantae,species
,4086523,,Verbena incompta P.W.Michael,,,Plantae,species
,8701771,,"Obama nungara Carbayo, Alvarez-Presas, Jones & Riutort, 2016",,,Animalia,species
,4416161,,"Dolichoplana striata Moseley, 1877",,,Animalia,species
,2502810,,"Caenoplana coerulea Moseley, 1877",,,Animalia,species
,2502805,,"Kontikia ventrolineata (Dendy, 1892)",,,Animalia,species
,5241445,,Volvariella volvacea (Bull.) Singer,,,Fungi,species
,2527401,,Favolaschia calocera R.Heim,,,Fungi,species
,2598552,,Seifertia azaleae (Peck) Partr. & Morgan-Jones,,,Fungi,species
,5270720,,Chara braunii C.C.Gmel.,,,Plantae,species
,2685663,,Abies homolepis Siebold & Zucc.,,,Plantae,species
,4938682,,Larix ×marschlinsii Coaz,,,Plantae,species
,2286388,,"Mulinia lateralis (Say, 1822)",,,Animalia,species
,2288926,,"Potamocorbula amurensis (Schrenck, 1862)",,,Animalia,species
,2651826,,Adiantum raddianum C.Presl,,,Plantae,species
,2651098,,Polystichum acrostichoides (Michx.) Schott,,,Plantae,species
,2651122,,Polystichum munitum (Kaulf.) C.Presl,,,Plantae,species
,7581174,,"Eucheilota menoni Kramp, 1959",,,Animalia,species
,5185859,,"Lovenella assimilis (Browne, 1905)",,,Animalia,species
,5303524,,Tinantia erecta (Jacq.) Fenzl,,,Plantae,species
,2762737,,Musa basjoo Siebold & Zucc. ex Iinuma,,,Plantae,species
,8408816,,Colchicum ×byzantinum Ker Gawl.,,,Plantae,species
,5549949,,Liriope muscari (Decne.) L.H.Bailey,,,Plantae,species
,6101215,,"Leptoptilos crumenifer (Linnaeus, 1758)",,,Animalia,species
,5304187,,Triteleia laxa Benth.,,,Plantae,species
,2774214,,Ophiopogon jaburan (Siebold) G.Lodd.,,,Plantae,species
,2767428,,Puschkinia scilloides Adams,,,Plantae,species
,2855398,,Galanthus elwesii Hook.f.,,,Plantae,species
,2856891,,Allium karataviense Regel,,,Plantae,species
,2857341,,Allium zebdanense Boiss. & Noë,,,Plantae,species
,2856780,,Allium cristophii Trautv.,,,Plantae,species
,2701879,,Juncus striatus Schousb. ex E.Mey.,,,Plantae,species
,6085036,,Vulpia ciliata subsp. ciliata,,,Plantae,subspecies
,9529916,,"Bufotes viridis (Laurenti, 1768)",,,Animalia,species
,2423441,,"Bombina orientalis (Boulenger, 1890)",,,Animalia,species
,10966302,,Digitaria sanguinalis subsp. sanguinalis,,,Plantae,subspecies
,2427555,,"Hyla meridionalis Boettger, 1874",,,Animalia,species
,2431781,,"Salamandra atra Laurenti, 1768",,,Animalia,species
,2431965,,"Ambystoma macrodactylum Baird, 1850",,,Animalia,species
,2432063,,"Siren intermedia Barnes, 1826",,,Animalia,species
,2703776,,Bromus polyanthus Scribn. ex Shear,,,Plantae,species
,5218823,,"Mustela vison Schreber, 1777",,,Animalia,species
,2367919,,"Misgurnus anguillicaudatus (Cantor, 1842)",,,Animalia,species
,2374521,,"Terapon jarbua (Forsskål, 1775)",,,Animalia,species
,8953936,,"Caiman crocodilus (Linnaeus, 1758)",,,Animalia,species
,5221810,,"Basiliscus plumifrons Cope, 1875",,,Animalia,species
,5223725,,"Heterodon nasicus Baird & Girard, 1852",,,Animalia,species
,5225137,,"Chalcides ocellatus (Forskal, 1775)",,,Animalia,species
,5225433,,"Trachylepis striata (Peters, 1844)",,,Animalia,species
,5221283,,"Eublepharis macularius (Blyth, 1854)",,,Animalia,species
,8782549,,"Anolis Daudin, 1802",,,Animalia,genus
,4287413,,"Anolis sagrei Duméril & Bibron, 1837",,,Animalia,species
,7582319,,"Trioceros hoehnelii (Steindachner, 1891)",,,Animalia,species
,5221988,,"Furcifer pardalis (Cuvier, 1829)",,,Animalia,species
,2449133,,"Chamaeleo calyptratus Duméril & Duméril, 1851",,,Animalia,species
,9022569,,"Chrysopelea ornata (Shaw, 1802)",,,Animalia,species
,9195230,,"Spilotes pullatus (Linnaeus, 1758)",,,Animalia,species
,5222820,,"Lycodon capucinus (Boie, 1827)",,,Animalia,species
,5224503,,"Lampropeltis triangulum (Lacépède, 1789)",,,Animalia,species
,9187223,,"Pituophis melanoleucus (Daudin, 1803)",,,Animalia,species
,2453826,,"Pituophis catenifer (Blainville, 1835)",,,Animalia,species
,2458386,,"Elaphe sauromates (Pallas, 1811)",,,Animalia,species
,2458438,,"Elaphe schrenckii Strauch, 1873",,,Animalia,species
,2458538,,"Zamenis longissimus (Laurenti, 1768)",,,Animalia,species
,2455615,,"Pantherophis guttatus (Linnaeus, 1766)",,,Animalia,species
,2455676,,"Pantherophis obsoletus (Say, 1823)",,,Animalia,species
,2458916,,"Hierophis viridiflavus (Lacépède, 1789)",,,Animalia,species
,2457378,,"Rhamphiophis Peters, 1854",,,Animalia,genus
,2453882,,"Boaedon A.M.C.Duméril, Bibron & A.H.A.Duméril, 1854",,,Animalia,genus
,2445034,,"Tarentola mauritanica (Linnaeus, 1758)",,,Animalia,species
,6161340,,"Natrix maura (Linnaeus, 1758)",,,Animalia,species
,6161327,,"Natrix tessellata (Laurenti, 1768)",,,Animalia,species
,2457825,,"Thamnophis Fitzinger, 1843",,,Animalia,genus
,5225659,,"Morelia spilota (Lacépède, 1804)",,,Animalia,species
,2454645,,"Python Daudin, 1803",,,Animalia,genus
,2465380,,"Python regius (Shaw, 1802)",,,Animalia,species
,2465369,,"Python molurus (Linnaeus, 1758)",,,Animalia,species
,2465003,,"Antaresia childreni (Gray, 1842)",,,Animalia,species
,3169169,,Celastrus orbiculatus Thunb.,,,Plantae,species
,5226308,,"Agama agama (Linnaeus, 1758)",,,Animalia,species
,2465626,,"Pogona Storr, 1982",,,Animalia,genus
,2465641,,"Pogona vitticeps (Ahl, 1926)",,,Animalia,species
,2465649,,"Pogona henrylawsoni Wells & Wellington, 1985",,,Animalia,species
,2465402,,"Physignathus cocincinus Cuvier, 1829",,,Animalia,species
,2466496,,"Calotes Cuvier, 1817",,,Animalia,genus
,2459658,,"Iguana iguana (Linnaeus, 1758)",,,Animalia,species
,2459675,,"Iguana Laurenti, 1768",,,Animalia,genus
,2470656,,"Varanus niloticus (Linnaeus, 1766)",,,Animalia,species
,8566446,,Aesculus indica (Colebr. ex Cambess.) Hook.,,,Plantae,species
,6159223,,"Lacerta agilis Linnaeus, 1758",,,Animalia,species
,2470376,,"Naja melanoleuca Hallowell, 1857",,,Animalia,species
,3767816,,Acer japonicum Thunb.,,,Plantae,species
,2444141,,"Boa Linnaeus, 1758",,,Animalia,genus
,2464899,,"Boa constrictor Linnaeus, 1758",,,Animalia,species
,3189882,,Acer palmatum Thunb.,,,Plantae,species
,2444356,,"Crotalus atrox Baird & Girard, 1853",,,Animalia,species
,2444339,,"Vipera aspis (Linnaeus, 1758)",,,Animalia,species
,2444221,,"Sistrurus Garman, 1884",,,Animalia,genus
,2443876,,"Echis carinatus (Schneider, 1801)",,,Animalia,species
,2447418,,"Phelsuma Gray, 1825",,,Animalia,genus
,2447367,,"Gekko gecko (Linnaeus, 1758)",,,Animalia,species
,5220394,,"Sternotherus carinatus (Gray, 1856)",,,Animalia,species
,2441454,,"Testudo hermanni Gmelin, 1789",,,Animalia,species
,2441461,,"Testudo graeca Linnaeus, 1758",,,Animalia,species
,2441533,,"Centrochelys sulcata (Miller, 1779)",,,Animalia,species
,2441658,,"Testudo Linnaeus, 1758",,,Animalia,genus
,2443597,,"Mauremys reevesii (Gray, 1831)",,,Animalia,species
,2441905,,"Chelydra serpentina (Linnaeus, 1758)",,,Animalia,species
,2442664,,"Apalone Rafinesque, 1832",,,Animalia,genus
,2442665,,"Apalone ferox (Schneider, 1783)",,,Animalia,species
,8909809,,"Emys orbicularis (Linnaeus, 1758)",,,Animalia,species
,2443173,,"Terrapene carolina (Linnaeus, 1758)",,,Animalia,species
,2443133,,"Chrysemys picta (Schneider, 1783)",,,Animalia,species
,9228211,,"Graptemys pseudogeographica (Gray, 1831)",,,Animalia,species
,2443079,,"Graptemys ouachitensis Cagle, 1953",,,Animalia,species
,2443074,,"Graptemys geographica (Lesueur, 1817)",,,Animalia,species
,5362054,,Crassula helmsii (Kirk) Cockayne,,,Plantae,species
,9601519,,"Pseudemys rubriventris (Le Conte, 1830)",,,Animalia,species
,7334489,,Sedum palmeri S.Watson,,,Plantae,species
,8898408,,"Pseudemys concinna (Le Conte, 1830)",,,Animalia,species
,2442843,,"Pseudemys nelsoni Carr, 1938",,,Animalia,species
,5362046,,Sedum spathulifolium Hook.,,,Plantae,species
,9803191,,"Pelusios castaneus (Schweigger, 1812)",,,Animalia,species
,2442257,,"Pelomedusa subrufa (Lacépède, 1788)",,,Animalia,species
,4194699,,Ribes ×nidigrolaria Rud.Bauer & A.Bauer,,,Plantae,species
,2308549,,"Limnodrilus maumeensis Brinkhurst & Cook, 1966",,,Animalia,species
,2321001,,"Boccardiella ligerica (Ferronnière, 1898)",,,Animalia,species
,10578411,,"Laonome xeprovala Bick & Bastrop, 2018",,,Animalia,species
,3266899,,"Lampropeltis Öpik, 1967",,,Animalia,genus
,4309705,,"Atyaephyra desmarestii (Millet, 1831)",,,Animalia,species
,2223840,,"Penaeus aztecus Ives, 1891",,,Animalia,species
,3036157,,Hedera hibernica (G.Kirchn.) Carrière,,,Plantae,species
,6027176,,Opopanax chironium (L.) W.D.J.Koch,,,Plantae,species
,8307577,,"Cryptorchestia garbinii Ruffo, Tarocco & Latella, 2014",,,Animalia,species
,2219149,,"Grandidierella japonica Stephensen, 1938",,,Animalia,species
,2220417,,"Neomysis americana (S.I.Smith, 1873)",,,Animalia,species
,8418338,,Hydrocotyle sibthorpioides Lam.,,,Plantae,species
,5166487,,"Megabalanus tintinnabulum (Linnaeus, 1758)",,,Animalia,species
,2114769,,"Pseudodiaptomus marinus Sato, 1913",,,Animalia,species
,5341797,,Physalis grisea (Waterf.) M.Martínez,,,Plantae,species
,2928805,,Jaltomata procumbens (Cav.) J.L.Gentry,,,Plantae,species
,7645889,,Sesbania cannabina (Retz.) Poir.,,,Plantae,species
,7484581,,Desmanthus illinoensis (Michx.) MacMill. ex B.L.Rob. & Fernald,,,Plantae,species
,5632022,,Lotus dorycnium L.,,,Plantae,species
,5354799,,Lotus hirsutus L.,,,Plantae,species
,5354530,,Chamaecytisus hirsutus (L.) Link,,,Plantae,species
,4485843,,"Halyomorpha halys (Stål, 1855)",,,Animalia,species
,4487799,,"Tupiocoris rhododendri (Dolling, 1972)",,,Animalia,species
,2020688,,"Stephanitis rhododendri Horváth, 1905",,,Animalia,species
,4528099,,"Tuta absoluta (Meyrick, 1917)",,,Animalia,species
,3967193,,Caragana halodendron (Pall.) Dum.Cours.,,,Plantae,species
,7426824,,Vicia melanops Sm.,,,Plantae,species
,3973636,,Vicia dalmatica A.Kern.,,,Plantae,species
,1690276,,"Eupholidoptera chabrieri (Charpentier, 1825)",,,Animalia,species
,2972703,,Onobrychis caput-galli (L.) Lam.,,,Plantae,species
,5073820,,"Drosophila suzukii (Matsumura, 1931)",,,Animalia,species
,1551754,,"Phytomyza jucunda Frost & Sasakawa, 1954",,,Animalia,species
,2965331,,Medicago ×varia Martyn,,,Plantae,species
,2963569,,Styphnolobium japonicum (L.) Schott,,,Plantae,species
,1421091,,"Lepisma saccharinum Linnaeus, 1758",,,Animalia,species
,8193111,,Melilotus officinalis (L.) Lam.,,,Plantae,species
,2938473,,Biserrula pelecinus L.,,,Plantae,species
,3966627,,Cullen cinereum (Lindl.) J.W.Grimes,,,Plantae,species
,1342324,,"Xylocopa virginica (Linnaeus, 1771)",,,Animalia,species
,5376179,,Hornungia petraea (L.) Rchb.,,,Plantae,species
,3050595,,Hirschfeldia incana (L.) Lagr.-Foss.,,,Plantae,species
,1195013,,"Otiorhynchus aurifer Boheman, 1842",,,Animalia,species
,1194989,,"Otiorhynchus cribricollis Gyllenhal, 1834",,,Animalia,species
,1194885,,"Otiorhynchus meridionalis Gyllenhal, 1834",,,Animalia,species
,3045803,,Cardamine graeca L.,,,Plantae,species
,4460066,,"Chrysolina americana (Linnaeus, 1758)",,,Animalia,species
,2889980,,Geranium ×magnificum Hyl.,,,Plantae,species
,2890995,,Geranium ×cantabrigiense P.F.Yeo,,,Plantae,species
,2890972,,Geranium wallichianum D.Don ex Sweet,,,Plantae,species
,6070732,,Mimulus ringens L.,,,Plantae,species
,5415463,,Thunbergia alata Bojer ex Sims,,,Plantae,species
,8251158,,Penstemon digitalis Nutt.,,,Plantae,species
,7331874,,Veronica repens Clarion ex DC.,,,Plantae,species
,5561475,,Chaenostoma cordatum Benth.,,,Plantae,species
,3170873,,Scrophularia canina L.,,,Plantae,species
,3170862,,Scrophularia peregrina L.,,,Plantae,species
,2926613,,Origanum onites L.,,,Plantae,species
,2926681,,Lamium confertum Fr.,,,Plantae,species
,4067112,,Symphytum orientale L.,,,Plantae,species
,7393329,,Cucurbita moschata (Duchesne) Duchesne ex Poir.,,,Plantae,species
,3596131,,Halimium lasianthum subsp. alyssoides (Lam.) Greuter,,,Plantae,subspecies
,7296375,,Viola hederacea Labill.,,,Plantae,species
,5373039,,Salix ×sepulcralis var. chrysocoma (Dode) Meikle,,,Plantae,variety
,3040241,,Populus ×jackii Sarg.,,,Plantae,species
,4205640,,Juglans mandshurica Maxim.,,,Plantae,species
,3033865,,Mahonia aquifolium (Pursh) Nutt.,,,Plantae,species
,3033833,,Delphinium ajacis L.,,,Plantae,species
,7278040,,Thalictrum delavayi Franch.,,,Plantae,species
,5530855,,Corydalis linstowiana Fedde,,,Plantae,species
,7153734,,Papaver commutatum Fisch. & C.A.Mey.,,,Plantae,species
,2888564,,Lamprocapnos spectabilis (L.) Fukuhara,,,Plantae,species
,8400045,,Daboecia cantabrica (Huds.) K.Koch,,,Plantae,species
,7327719,,Erica ×darleyensis Bean,,,Plantae,species
,2882631,,Pieris japonica (Thunb.) D.Don ex G.Don,,,Plantae,species
,7475424,,Scabiosa lucida Vill.,,,Plantae,species
,8210972,,Jacobaea ×albescens (Burb. & Colgan) Verloove & Lambinon,,,Plantae,species
,8199647,,Cichorium calvum Sch.Bip.,,,Plantae,species
,5396125,,Eurybia divaricata (L.) G.L.Nesom,,,Plantae,species
,6076957,,Pulicaria arabica subsp. hispanica (Boiss.) Murb.,,,Plantae,subspecies
,4211590,,Lactuca macrophylla subsp. uralensis (Rouy) N.Kilian & Greuter,,,Plantae,subspecies
,4219118,,Hieracium glaucinum subsp. recensitum (Jord. ex Boreau) Gottschl.,,,Plantae,subspecies
,3105508,,Andryala integrifolia L.,,,Plantae,species
,7344766,,Rudbeckia fulgida Aiton,,,Plantae,species
,3089140,,Xanthium ambrosioides Hook. & Arn.,,,Plantae,species
,3095939,,Erigeron ×huelsenii Vatke,,,Plantae,species
,3119206,,Helianthus maximiliani Schrad.,,,Plantae,species
,3115828,,Filago congesta Guss. ex DC.,,,Plantae,species
,3190715,,Aldrovanda vesiculosa L.,,,Plantae,species
,5384889,,Abronia fragrans Nutt. ex Hook.,,,Plantae,species
,3084872,,Drosanthemum floribundum (Haw.) Schwantes,,,Plantae,species
,7975549,,Amaranthus ×ralletii Contré,,,Plantae,species
,3085196,,Celosia cristata L.,,,Plantae,species
,7655198,,Alternanthera denticulata R.Br.,,,Plantae,species
,4038524,,×Reyllopia conollyana (J.P.Bailey) Galasso,,,Plantae,species
,8012649,,Rumex ×hybridus Kindb.,,,Plantae,species
,8096233,,Spergularia bocconei (Scheele) Graebn.,,,Plantae,species
,3039270,,Elaeagnus pungens Thunb.,,,Plantae,species
,3039267,,Elaeagnus umbellata Thunb.,,,Plantae,species
,5365717,,Potentilla indica (Andrews) Th.Wolf,,,Plantae,species
,5370829,,Acaena caesiiglauca (Bitter) Bergmans,,,Plantae,species
,8381801,,Dasiphora davurica var. mandshurica (Maxim.) Verloove & Lambinon,,,Plantae,variety
,9382645,,Rosa virginiana Herrm.,,,Plantae,species
,3020838,,Prunus tomentosa Thunb.,,,Plantae,species
,10071055,,Scandosorbus ×intermedia (Ehrh.) Sennikov,,,Plantae,species
,5422556,,Undaria pinnatifida (Harv.) Suringar,,,Chromista,species
,7261816,,"Eptesicus nilssonii (Keyserling & Blasius, 1839)",,,Animalia,species
,3197314,,Sargassum muticum (Yendo) Fensholt,,,Chromista,species
,2432352,,"Eptesicus fuscus (Palisot de Beauvois, 1796)",,,Animalia,species
,8699607,,Mycosarcoma maydis (DC.) Bref.,,,Fungi,species
,2440196,,"Macropus rufogriseus (Desmarest, 1817)",,,Animalia,species
,2515982,,Uromyces croci Pass.,,,Fungi,species
,5219702,,"Cavia porcellus (Linnaeus, 1758)",,,Animalia,species
,2515591,,Uromyces dianthi (Pers.) Niessl,,,Fungi,species
,7239389,,"Uromyces proeminens (DC.) Lév., 1847",,,Fungi,species
,2515673,,Uromyces hedysari-obscuri (DC.) Carestia & Picc.,,,Fungi,species
,3377362,,Puccinia porphyrogenita M.A.Curtis,,,Fungi,species
,2514552,,Puccinia smyrnii Biv.,,,Fungi,species
,8427910,,Puccinia oreoselini (F.Strauss) Körn.,,,Fungi,species
,7805464,,Puccinia nigrescens L.A.Kirchn.,,,Fungi,species
,2514415,,Puccinia umbilici Guépin,,,Fungi,species
,10797854,,Puccinia grisea (F.Strauss) Bonord.,,,Fungi,species
,2514345,,Puccinia helianthi-mollis (Schwein.) H.S.Jacks.,,,Fungi,species
,2514574,,Puccinia subnitens Dietel,,,Fungi,species
,2514484,,Puccinia soldanellae (DC.) Fuckel,,,Fungi,species
,7954545,,Puccinia conglomerata (F.Strauss) Röhl.,,,Fungi,species
,2437399,,"Callosciurus finlaysonii (Horsfield, 1823)",,,Animalia,species
,2513637,,Entyloma eschscholziae Harkn.,,,Fungi,species
,5218899,,"Amblonyx cinereus (Illiger, 1815)",,,Animalia,species
,5240299,,Amanita inopinata D.A.Reid & Bas,,,Fungi,species
,2434126,,"Suricata suricatta (Schreber, 1776)",,,Animalia,species
,6164210,,"Canis lupus familiaris Linnaeus, 1758",,,Animalia,subspecies
,7699567,,"Hymenoscyphus pseudoalbidus V.Queloz, C.R.Grünig, R.Berndt, T.Kowalski, T.N.Sieber & O.Holdenrieder",,,Fungi,species
,4354937,,"Botrylloides diegensis Ritter & Forsyth, 1917",,,Animalia,species
,5299590,,Tulipa urumiensis Stapf,,,Plantae,species
,2473221,,"Blanus Wagler, 1830",,,Animalia,genus
,2739769,,Colchicum lusitanum Brot.,,,Plantae,species
,5298406,,Iris reticulata M.Bieb.,,,Plantae,species
,5297966,,Iris xiphium L.,,,Plantae,species
,9340142,,Iris ×hollandica H.R.Wehrh.,,,Plantae,species
,9416124,,"Zamenis scalaris (Schinz, 1822)",,,Animalia,species
,2458374,,"Zamenis situla (Linnaeus, 1758)",,,Animalia,species
,2747718,,Crocus speciosus M.Bieb.,,,Plantae,species
,9342283,,"Thamnophis marcianus (Baird & Girard, 1853)",,,Animalia,species
,2457522,,"Thamnophis sirtalis (Linnaeus, 1758)",,,Animalia,species
,2457577,,"Thamnophis saurita (Linnaeus, 1766)",,,Animalia,species
,5224480,,"Lampropeltis getula (Blainville, 1835)",,,Animalia,species
,5224543,,"Lampropeltis triangulum hondurensis Williams, 1978",,,Animalia,subspecies
,5224481,,"Lampropeltis getula californiae (Blainville, 1835)",,,Animalia,subspecies
,7576179,,"Pantherophis spiloides (Duméril, Bibron & Duméril, 1854)",,,Animalia,species
,2457224,,"Dolichophis caspius (Gmelin, 1789)",,,Animalia,species
,8889878,,"Elaphe taeniura (Cope, 1861)",,,Animalia,species
,9099408,,"Elaphe quatuorlineata Lacepede, 1789",,,Animalia,species
,2767275,,Scilla forbesii (Baker) Speta,,,Plantae,species
,11205618,,"Leptodeira ashmeadii (Hallowell, 1845)",,,Animalia,species
,6159238,,"Lacerta strigata Eichwald, 1831",,,Animalia,species
,7444957,,"Podarcis liolepis (Boulenger, 1905)",,,Animalia,species
,2772094,,Muscari botryoides (L.) Mill.,,,Plantae,species
,2769622,,Muscari azureum Fenzl,,,Plantae,species
,2772206,,Muscari aucheri (Boiss.) Baker,,,Plantae,species
,2445496,,"Pachydactylus Wiegmann, 1834",,,Animalia,genus
,2768763,,Asparagus aethiopicus L.,,,Plantae,species
,5221394,,"Hemidactylus Oken, 1817",,,Animalia,genus
,5221528,,"Hemidactylus turcicus (Linnaeus, 1758)",,,Animalia,species
,2769069,,Camassia leichtlinii (Baker) S.Watson,,,Plantae,species
,2858501,,Narcissus triandrus L.,,,Plantae,species
,2858909,,Narcissus jonquilla L.,,,Plantae,species
,2858846,,Narcissus bulbocodium L.,,,Plantae,species
,10755213,,Narcissus hispanicus subsp. hispanicus,,,Plantae,subspecies
,2459603,,"Ctenosaura similis (Gray, 1831)",,,Animalia,species
,5666,,Gekkonidae,,,Animalia,family
,2856681,,Allium sativum L.,,,Plantae,species
,8228334,,"Daboia palaestinae (Werner, 1938)",,,Animalia,species
,2857017,,Allium paradoxum (M.Bieb.) G.Don,,,Plantae,species
,2856204,,Allium siculum Ucria,,,Plantae,species
,8219807,,"Trimeresurus albolabris Gray, 1842",,,Animalia,species
,2805420,,Spiranthes cernua (L.) Rich.,,,Plantae,species
,2481915,,"Ciconia abdimii Lichtenstein, 1823",,,Animalia,species
,5303515,,Tinantia pringlei (S.Watson) Rohweder,,,Plantae,species
,2765221,,Tradescantia pallida (Rose) D.R.Hunt,,,Plantae,species
,8991514,,"Caracara plancus cheriway (Jacquin, 1784)",,,Animalia,subspecies
,2480989,,"Caracara plancus (J.F.Miller, 1777)",,,Animalia,species
,2481066,,"Milvago chimachima (Vieillot, 1816)",,,Animalia,species
,2765942,,Pontederia crassipes Mart.,,,Plantae,species
,5329038,,Sagittaria graminea Michx.,,,Plantae,species
,2479027,,"Lybius dubius (J.F.Gmelin, 1788)",,,Animalia,species
,2870049,,Pinellia tripartita (Blume) Schott,,,Plantae,species
,2871376,,Spirodela punctata (G.Mey.) C.H.Thomps.,,,Plantae,species
,8082581,,"Synoicus chinensis (Linnaeus, 1766)",,,Animalia,species
,5330001,,Dracunculus vulgaris Schott,,,Plantae,species
,2866850,,Arisaema dracontium (L.) Schott,,,Plantae,species
,10236166,,Lysichiton americanus × camtschatcensis,,,Plantae,species
,2869301,,Lysichiton camtschatcensis (L.) Schott,,,Plantae,species
,2474045,,"Alectoris barbara (Bonnaterre, 1790)",,,Animalia,species
,11055820,,Hydrocharis laevigata (Humb. & Bonpl. ex Willd.) Byng & Christenh.,,,Plantae,species
,5227747,,"Lophophorus impejanus (Latham, 1790)",,,Animalia,species
,5329263,,Elodea densa (Planch.) Casp.,,,Plantae,species
,2865524,,Vallisneria australis S.W.L.Jacobs & Les,,,Plantae,species
,2498161,,"Anser rossii Cassin, 1861",,,Animalia,species
,2498163,,"Anser canagicus (Sevastianov, 1802)",,,Animalia,species
,2498167,,"Anser caerulescens (Linnaeus, 1758)",,,Animalia,species
,7529533,,Canna ×hybrida Rodigas,,,Plantae,species
,9235549,,"Sibirionetta formosa (Georgi, 1775)",,,Animalia,species
,7826520,,"Canna indica Ruiz & Pav., 1798",,,Plantae,species
,2701120,,Juncus dichotomus Elliott,,,Plantae,species
,2702058,,Juncus anthelatus (Wiegand) R.E.Brooks,,,Plantae,species
,2498177,,"Netta erythrophthalma (Wied-Neuwied, 1833)",,,Animalia,species
,2701831,,Juncus dudleyi Wiegand,,,Plantae,species
,2701564,,Juncus pallidus R.Br.,,,Plantae,species
,2498061,,"Anas zonorhyncha Swinhoe, 1866",,,Animalia,species
,6431411,,Echinochloa colonum (L.) Link,,,Plantae,species
,4104665,,Avellinia festucoides (Link) Valdés & H.Scholz,,,Plantae,species
,4135683,,Rytidosperma setaceum (R.Br.) Connor & Edgar,,,Plantae,species
,4105744,,Austrodanthonia racemosa (R.Br.) H.P.Linder,,,Plantae,species
,2498155,,"Mareca americana (J.F.Gmelin, 1789)",,,Animalia,species
,9480191,,"Mareca falcata (Georgi, 1775)",,,Animalia,species
,9508460,,"Mareca sibilatrix (Poeppig, 1829)",,,Animalia,species
,9382716,,Sporobolus schoenoides (L.) P.M.Peterson,,,Plantae,species
,9288935,,"Spatula rhynchotis (Latham, 1801)",,,Animalia,species
,9583342,,"Spatula puna (Tschudi, 1844)",,,Animalia,species
,9267300,,Sporobolus advenus (Stapf) P.M.Peterson,,,Plantae,species
,9496048,,"Spatula hottentota (Eyton, 1838)",,,Animalia,species
,9345027,,"Spatula cyanoptera (Vieillot, 1816)",,,Animalia,species
,9462721,,Spatula versicolor versicolor,,,Animalia,subspecies
,9405036,,Spatula cyanoptera cyanoptera,,,Animalia,subspecies
,9305555,,"Spatula versicolor (Vieillot, 1816)",,,Animalia,species
,9398259,,Sporobolus anglicus (C.E.Hubb.) P.M.Peterson & Saarela,,,Plantae,species
,9592414,,Sporobolus michauxianus (Hitchc.) P.M.Peterson & Saarela,,,Plantae,species
,9379326,,Sporobolus aculeatus (L.) P.M.Peterson,,,Plantae,species
,2498325,,"Bucephala islandica (J.F.Gmelin, 1789)",,,Animalia,species
,11335341,,Trisetaria panicea (Lam.) Maire,,,Plantae,species
,4114502,,Trisetaria panicea (Lam.) Paunero,,,Plantae,species
,4154206,,Polypogon imberbis (Phil.) Johow,,,Plantae,species
,4845821,,"Aidemosyne modesta (Gould, 1837)",,,Animalia,species
,10920460,,"Bathilda ruficauda (Gould, 1837)",,,Animalia,species
,12246414,,Parapholis cylindrica (Willd.) Romero Zarco,,,Plantae,species
,2493618,,"Lonchura striata (Linnaeus, 1766)",,,Animalia,species
,4123394,,Festuca guestfalica subsp. hirtula (Hack. ex Travis) Dengler,,,Plantae,subspecies
,2702727,,Festuca myuros L.,,,Plantae,species
,4129181,,Festuca ambigua Le Gall,,,Plantae,species
,6431611,,Festuca geniculata (L.) Lag. & Rodr.,,,Plantae,species
,4129351,,Festuca alopecuros Schousb.,,,Plantae,species
,4121365,,Festuca ligustica (All.) Bertol.,,,Plantae,species
,4128881,,Festuca antucensis (Trin.) Steud.,,,Plantae,species
,4113111,,Festuca octoflora Walter,,,Plantae,species
,5230852,,"Passerina ciris (Linnaeus, 1758)",,,Animalia,species
,5674825,,Cynodon incompletus Nees,,,Plantae,species
,7341745,,"Spinus magellanicus (Vieillot, 1805)",,,Animalia,species
,4138275,,Zuloagaea bulbosa (Kunth) Bess,,,Plantae,species
,2705286,,Avena sterilis L.,,,Plantae,species
,10937982,,"Phonipara canora (J.F.Gmelin, 1789)",,,Animalia,species
,2705287,,Avena sterilis subsp. ludoviciana (Durieu) Nyman,,,Plantae,subspecies
,2704854,,Dasypyrum villosum (L.) Borbás,,,Plantae,species
,2703867,,Leptochloa decipiens (R.Br.) Stapf ex Maiden,,,Plantae,species
,6100941,,"Sturnia pagodarum (Gmelin, 1789)",,,Animalia,species
,4132902,,Leptochloa decipiens subsp. peacockii (Maiden & Betche) N.Snow,,,Plantae,subspecies
,4132112,,Leptochloa panicea subsp. brachiata (Steud.) N.Snow,,,Plantae,subspecies
,8010581,,Diplachne fusca (L.) P.Beauv. ex Roem. & Schult.,,,Plantae,species
,4142335,,Achnatherum bromoides (L.) P.Beauv.,,,Plantae,species
,8112114,,Elymus hystrix L.,,,Plantae,species
,6068804,,Cenchrus petiolaris (Hochst.) Morrone,,,Plantae,species
,5290192,,Cenchrus longisetus M.C.Johnst.,,,Plantae,species
,4114858,,Poa persica Trin.,,,Plantae,species
,2705098,,Panicum hillmanii Chase,,,Plantae,species
,2475235,,"Tauraco leucotis (Ruppell, 1835)",,,Animalia,species
,2479509,,"Neophema pulchella (Shaw, 1792)",,,Animalia,species
,8338571,,Hordeum marinum subsp. gussoneanum (Parl.) Thell.,,,Plantae,subspecies
,2479925,,"Alisterus scapularis (Lichtenstein, 1816)",,,Animalia,species
,5959228,,"Ara severus (Linnaeus, 1758)",,,Animalia,species
,4270548,,Hordeum murinum subsp. leporinum (Link) Arcang.,,,Plantae,subspecies
,4115425,,Hordeum murinum subsp. glaucum (Steud.) Tzvelev,,,Plantae,subspecies
,2479694,,"Trichoglossus moluccanus (Gmelin, 1788)",,,Animalia,species
,7738766,,Miscanthus sacchariflorus (Maxim.) Benth. & Hook.f. ex Franch.,,,Plantae,species
,4121791,,Molinia arundinacea Schrank,,,Plantae,species
,2479598,,"Eolophus roseicapilla (Vieillot, 1817)",,,Animalia,species
,2705621,,Paspalum notatum Flüggé,,,Plantae,species
,2479804,,"Pyrrhura molinae (Massena & Souance, 1854)",,,Animalia,species
,2479720,,"Barnardius zonarius (Shaw, 1805)",,,Animalia,species
,2702543,,Dichanthelium clandestinum (L.) Gould,,,Plantae,species
,4932232,,Dactylis glomerata subsp. lobata (Drejer) H.Lindb.,,,Plantae,subspecies
,2480317,,"Charadrius pecuarius Temminck, 1823",,,Animalia,species
,7528816,,Avena nuda Thuill.,,,Plantae,species
,8389446,,Triticum turgidum subsp. dicoccum (Schrank ex Schübl.) Thell.,,,Plantae,subspecies
,6313049,,Triticum turgidum subsp. polonicum (L.) Thell.,,,Plantae,subspecies
,6313051,,Triticum turgidum subsp. durum (Desf.) Husn.,,,Plantae,subspecies
,12205713,,Triticum aestivum subsp. compactum (Host) H.Messik.,,,Plantae,subspecies
,2481125,,"Larosterna inca (R.Lesson & Garnot, 1827)",,,Animalia,species
,4114348,,Phyllostachys sulphurea (Carrière) Rivière & C.Rivière,,,Plantae,species
,2705828,,Urochloa plantaginea (Link) R.D.Webster,,,Plantae,species
,2705854,,Urochloa platyphylla (Munro ex C.Wright) R.D.Webster,,,Plantae,species
,2705848,,Urochloa mutica (Forssk.) T.Q.Nguyen,,,Plantae,species
,2705875,,Urochloa ramosa (L.) T.Q.Nguyen,,,Plantae,species
,4123912,,Agrostis ×dimorpholemma Ohwi,,,Plantae,species
,4155246,,Moorochloa eruciformis (Sm.) Veldkamp,,,Plantae,species
,2497828,,"Ninox boobook (Latham, 1801)",,,Animalia,species
,4124881,,Bromus ×ferronii Mabille,,,Plantae,species
,2497341,,"Megascops kennicottii (D.G.Elliot, 1867)",,,Animalia,species
,2497509,,"Strix uralensis Pallas, 1771",,,Animalia,species
,8918909,,Bromus hordeaceus subsp. divaricatus (Bonnier & Layens) Kerguélen,,,Plantae,subspecies
,5739284,,"Porphyrio poliocephalus (Latham, 1801)",,,Animalia,species
,7226794,,Bromus japonicus subsp. japonicus,,,Plantae,subspecies
,9473367,,"Antigone vipio (Pallas, 1811)",,,Animalia,species
,2475364,,"Coracias cyanogaster Cuvier, 1816",,,Animalia,species
,2480668,,"Geranoaetus melanoleucus (Vieillot, 1819)",,,Animalia,species
,10986555,,Thinopyrum obtusiflorum (DC.) Banfi,,,Plantae,species
,4132010,,Pleioblastus distichus (Mitford) Nakai,,,Plantae,species
,4132188,,Pleioblastus argenteostriatus (Regel) Nakai,,,Plantae,species
,2495840,,"Chalcophaps indica (Linnaeus, 1758)",,,Animalia,species
,6101223,,"Spilopelia senegalensis (Linnaeus, 1766)",,,Animalia,species
,6101224,,"Spilopelia chinensis (Scopoli, 1786)",,,Animalia,species
,4121049,,Secale strictum (C.Presl) C.Presl,,,Plantae,species
,4121360,,Secale ×derzhavinii Tzvelev,,,Plantae,species
,6084799,,Aira caryophyllea subsp. plesiantha (Jord. ex Boreau) K.Richt.,,,Plantae,subspecies
,2495869,,"Columbina passerina (Linnaeus, 1758)",,,Animalia,species
,7948459,,Aira elegans Willd. ex Roem. & Schult.,,,Plantae,species
,9231612,,Lolium subulatum Vis.,,,Plantae,species
,10800064,,"Lolium ×elongatum (Ehrh.) Banfi, Galasso, Foggi, Kopecký & Ardenghi",,,Plantae,species
,12262171,,Colpodium pisidicum (Boiss.) Röser & Tkach,,,Plantae,species
,7738621,,Dinebra divaricatissima (S.T.Blake) P.M.Peterson & N.Snow,,,Plantae,species
,4146851,,Pentameris airoides (Nees) Steud.,,,Plantae,species
,9317568,,Oloptum thomasii (Duby) Banfi & Galasso,,,Plantae,species
,8335191,,Oloptum miliaceum (L.) Röser & Hamasha,,,Plantae,species
,2367913,,"Misgurnus bipartitus (Sauvage & Dabry de Thiersant, 1874)",,,Animalia,species
,8134874,,Glyceria striata subsp. difformis Portal,,,Plantae,subspecies
,2443339,,"Mauremys Gray, 1869",,,Animalia,genus
,5289670,,Setaria adhaerens (Forssk.) Chiov.,,,Plantae,species
,5289693,,Setaria pumila (Poir.) Roem. & Schult.,,,Plantae,species
,6156934,,"Chrysemys picta bellii (Gray, 1831)",,,Animalia,subspecies
,4149175,,Eragrostis brownii (Kunth) Nees,,,Plantae,species
,2705391,,Eragrostis cylindriflora Hochst.,,,Plantae,species
,4139037,,Eragrostis virescens J.Presl,,,Plantae,species
,5220435,,"Pelodiscus sinensis Wiegmann, 1835",,,Animalia,species
,7594735,,Carex curvata Knaf,,,Plantae,species
,2723909,,Carex plantaginea Lam.,,,Plantae,species
,7540482,,"Cyperus longus A.Rich., 1850",,,Plantae,species
,2714166,,Cyperus involucratus Rottb.,,,Plantae,species
,2720120,,Scirpus atrovirens Willd.,,,Plantae,species
,2720269,,Scirpus georgianus R.M.Harper,,,Plantae,species
,2426658,,"Pelophylax perezi (López-Seoane, 1885)",,,Animalia,species
,3746867,,Cheilanthes viridis var. macrophylla (Kunze) Schelpe & N.C.Anthony,,,Plantae,variety
,10857535,,"Dryophytes japonicus (Günther, 1859)",,,Animalia,species
,9662775,,Gastoniella chaerophylla (Desv.) Li Bing Zhang & Liang Zhang,,,Plantae,species
,10701161,,"Paramesotriton labiatus (Unterstein, 1930)",,,Animalia,species
,2650479,,Phlebodium aureum (L.) J.Sm.,,,Plantae,species
,2431993,,"Ambystoma tigrinum (Green, 1825)",,,Animalia,species
,7536754,,"Dryopteris lacunosa S.Jess., Zenner, Chr.Stark & Bujnoch",,,Plantae,species
,7577557,,"Bispira polyomma Giangrande & Faasse, 2012",,,Animalia,species
,6387003,,Equisetum praealtum Raf.,,,Plantae,species
,2684120,,Sequoiadendron giganteum (Lindl.) J.T.Buchholz,,,Plantae,species
,5284231,,Metasequoia glyptostroboides H.H.Hu & W.C.Cheng,,,Plantae,species
,2307726,,"Microscolex phosphoreus (Dugès, 1837)",,,Animalia,species
,5284702,,Cedrus atlantica (Endl.) Manetti ex Carriere,,,Plantae,species
,5284698,,Cedrus deodara (Lamb.) G.Don,,,Plantae,species
,2307929,,"Placobdella ornata (Verrill, 1872)",,,Animalia,species
,5285750,,Pinus contorta Douglas ex Loudon,,,Plantae,species
,5285385,,Pinus mugo Turra,,,Plantae,species
,6476704,,"Parakontikia ventrolineata (Dendy, 1892)",,,Animalia,species
,6476579,,"Dolichoplana signata Graff, 1899",,,Animalia,species
,2653256,,Ephedra intermedia Schrenk & C.A.Mey.,,,Plantae,species
,6476679,,"Caenoplana variegata (Fletcher & Hamilton, 1888)",,,Animalia,species
,2653389,,Ephedra gerardiana Wall. ex Stapf,,,Plantae,species
,2653392,,Ephedra gerardiana var. sikkimensis Stapf,,,Plantae,variety
,8740315,,"Marionfyfea adventor Jones & Sluys, 2016",,,Animalia,species
,3697259,,Nymphaea ×marliacea Wildsmith,,,Plantae,species
,2873995,,Isotrema macrophyllum (Lam.) C.F.Reed,,,Plantae,species
,3666422,,Chamaenerion dodonaei (Vill.) Schur ex Fuss.,,,Plantae,species
,4561827,,"Cochlostoma septemspirale (Razoumowsky, 1789)",,,Animalia,species
,5420957,,Clarkia unguiculata Lindl.,,,Plantae,species
,4362883,,"Cerithium vulgatum Bruguière, 1792",,,Animalia,species
,5421040,,"Ludwigia hexapetala (Hook. & Arn.) Zardini, H.Y.Gu & P.H.Raven",,,Plantae,species
,4368880,,"Columbella rustica (Linnaeus, 1758)",,,Animalia,species
,4366527,,"Hexaplex cichoreum (Gmelin, 1791)",,,Animalia,species
,4366460,,"Hexaplex trunculus (Linnaeus, 1758)",,,Animalia,species
,3188847,,Oenothera affinis Cambess.,,,Plantae,species
,7440977,,Oenothera glazioviana var. azorica Rostaski,,,Plantae,variety
,3188896,,Oenothera villosa Thunb.,,,Plantae,species
,8045384,,"Granaria frumentum (Draparnaud, 1801)",,,Animalia,species
,3666059,,Oenothera glazioviana f. rubricalyx (R.R.Gates) Lambinon,,,Plantae,form
,4567449,,"Gittenbergia sororcula (Benoit, 1859)",,,Animalia,species
,6427785,,Oenothera tetragona Roth,,,Plantae,species
,6427623,,Oenothera villosa subsp. villosa,,,Plantae,subspecies
,8305409,,"Achatina achatina (Linnaeus, 1758)",,,Animalia,species
,8790531,,"Lissachatina fulica (Bowdich, 1822)",,,Animalia,species
,4562529,,"Morlina glabra (Rossmässler, 1835)",,,Animalia,species
,3797084,,Alkekengi officinarum Moench,,,Plantae,species
,9537212,,Alkekengi officinarum var. franchetii (Mast.) R.J.Wang,,,Plantae,variety
,2928859,,Petunia ×atkinsiana D.Don ex Loudon,,,Plantae,species
,5190912,,"Testacella haliotidea Draparnaud, 1801",,,Animalia,species
,5795017,,"Ferussacia folliculum (Schröter, 1784)",,,Animalia,species
,3799170,,Nicotiana ×sanderae W.Watson,,,Plantae,species
,7505521,,"Zebrina detrita (O.F.Müller, 1774)",,,Animalia,species
,8791507,,Physalis philadelphica Lambert,,,Plantae,species
,2294275,,"Eobania vermiculata (O.F.Müller, 1774)",,,Animalia,species
,6402873,,Physalis ixocarpa Brot. ex Hornem.,,,Plantae,species
,5341792,,Physalis angulata L.,,,Plantae,species
,5581279,,Physalis longifolia var. subglabrata (Mack. & Bush) Cronquist,,,Plantae,variety
,2294284,,"Otala lactea (O.F.Müller, 1774)",,,Animalia,species
,2928905,,Calibrachoa parviflora (Juss.) D' Arcy,,,Plantae,species
,2930222,,Solanum americanum Mill.,,,Plantae,species
,2929800,,Solanum angustifolium Houst. ex Mill.,,,Plantae,species
,2932147,,Solanum nitidibaccatum Bitter,,,Plantae,species
,2931738,,Solanum pimpinellifolium L.,,,Plantae,species
,7384449,,"Radix rubiginosa (Michelin, 1831)",,,Animalia,species
,2932872,,Solanum decipiens Opiz,,,Plantae,species
,2929847,,Solanum aethiopicum L.,,,Plantae,species
,3610757,,Cuscuta campestris Yunck.,,,Plantae,species
,2927492,,Cuscuta gronovii Willd. ex Schult.,,,Plantae,species
,5724924,,"Charonia lampas (Linnaeus, 1758)",,,Animalia,species
,2928534,,Ipomoea nil (L.) Roth,,,Plantae,species
,8059430,,"Heleobia charruana (d'Orbigny, 1841)",,,Animalia,species
,9060332,,Ipomoea heptaphylla Sweet,,,Plantae,species
,2928560,,Ipomoea coccinea L.,,,Plantae,species
,7324507,,Ipomoea lacunosa f. lacunosa,,,Plantae,form
,7162908,,Convolvulus tricolor L.,,,Plantae,species
,7225712,,Calystegia silvatica subsp. silvatica,,,Plantae,subspecies
,5341725,,Jacquemontia tamnifolia (L.) Griseb.,,,Plantae,species
,7293727,,Ampelopsis glandulosa (Wall.) Momiy.,,,Plantae,species
,3039203,,Parthenocissus inserta (A.Kern.) Fritsch,,,Plantae,species
,5855746,,"Meretrix lyrata (G.B.Sowerby II, 1851)",,,Animalia,species
,5729018,,"Donax serra Röding, 1798",,,Animalia,species
,8864505,,"Macomopsis melo (G.B.Sowerby II, 1866)",,,Animalia,species
,4194303,,Ribes aureum var. villosum DC.,,,Plantae,variety
,2986111,,Ribes aureum Pursh,,,Plantae,species
,3152839,,"Cercidiphyllum japonicum, 1852",,,Plantae,species
,4201709,,Sempervivum arachnoideum L.,,,Plantae,species
,4202184,,Hylotelephium anacampseros (L.) H.Ohba,,,Plantae,species
,11162940,,Phedimus spurius subsp. spurius,,,Plantae,subspecies
,7768495,,Phedimus stolonifer (S.G.Gmel.) 't Hart,,,Plantae,species
,4201695,,Phedimus hybridus (L.) 't Hart,,,Plantae,species
,4201688,,Phedimus kamtschaticus (Fisch.) 't Hart,,,Plantae,species
,7172831,,Phedimus aizoon (L.) 't Hart,,,Plantae,species
,2285504,,"Yoldia limatula (Say, 1831)",,,Animalia,species
,5361977,,Sedum mexicanum Britton,,,Plantae,species
,5690814,,Sedum lydium Boiss.,,,Plantae,species
,7863397,,Petrosedum ochroleucum (Chaix) Niederle,,,Plantae,species
,5688347,,Sedum sediforme (Jacq.) Pau,,,Plantae,species
,10933479,,"Haliclona xena de Weerdt, 1986",,,Animalia,species
,10730110,,Crassula peduncularis (Sm.) Cambess.,,,Plantae,species
,2242011,,"Mycale micracanthoxea Buizer & van Soest, 1977",,,Animalia,species
,3032762,,Saxifraga stolonifera Curtis,,,Plantae,species
,4346612,,"Anguillicola crassus Kuwahara, Niimi & Itagaki, 1974",,,Animalia,species
,3169137,,Euonymus fortunei (Turcz.) Hand.-Mazz.,,,Plantae,species
,3790832,,Euonymus oxyphyllus Miq.,,,Plantae,species
,10773250,,Melilotus siculus (Turra) Steud.,,,Plantae,species
,3973495,,Vicia eriocarpa (Hausskn.) Halácsy,,,Plantae,species
,3973001,,Vicia lens (L.) Coss. & Germ.,,,Plantae,species
,7769230,,Vicia lentoides (Ten.) Coss. & Germ.,,,Plantae,species
,1707320,,"Schistocerca gregaria (Forskål, 1775)",,,Animalia,species
,2974811,,Vicia pannonica Crantz,,,Plantae,species
,7225456,,Vicia narbonensis var. narbonensis,,,Plantae,variety
,1714140,,"Oedaleus decorus (Germar, 1825)",,,Animalia,species
,7302355,,Vicia benghalensis subsp. benghalensis,,,Plantae,subspecies
,2975132,,Vicia narbonensis L.,,,Plantae,species
,1683815,,"Rhacocleis annulata Fieber, 1853",,,Animalia,species
,9603492,,Vicia pannonica var. pannonica,,,Plantae,variety
,1720196,,"Homoeogryllus reticulatus (Fabricius, 1781)",,,Animalia,species
,2975135,,Vicia serratifolia Jacq.,,,Plantae,species
,1411953,,"Carausius morosus Brunner von Wattenwyl, 1907",,,Animalia,species
,2945513,,Cladrastis kentukea (Dum.Cours.) Rudd,,,Plantae,species
,5347846,,Lathyrus oleraceus Lam.,,,Plantae,species
,5359068,,Trifolium sylvaticum Gérard,,,Plantae,species
,6109535,,Trifolium hybridum L.,,,Plantae,species
,5041471,,"Sceliphron destillatorium (Illiger, 1807)",,,Animalia,species
,5041423,,"Sceliphron spirifex (Linnaeus, 1758)",,,Animalia,species
,5356892,,Lotus parviflorus Desf.,,,Plantae,species
,7753114,,Lotus corniculatus var. sativus Hyl.,,,Plantae,variety
,9551728,,"Tapinoma magnum Mayr, 1861",,,Animalia,species
,5360221,,Thermopsis montana Torr. & A.Gray,,,Plantae,species
,2976091,,Baptisia australis (L.) R.Br.,,,Plantae,species
,8261015,,Trigonella foenum-graecum (Habl.),,,Plantae,species
,5349991,,Coronilla securidaca L.,,,Plantae,species
,5350005,,Coronilla varia L.,,,Plantae,species
,1276876,,"Ctenochares bicolorus (Linnaeus, 1767)",,,Animalia,species
,5869933,,"Laelius pedatus (Say, 1836)",,,Animalia,species
,2956442,,Colutea orientalis Mill.,,,Plantae,species
,1349836,,"Hylaeus absolutus (Gribodo, 1894)",,,Animalia,species
,5354675,,Chamaecytisus elongatus (Waldst. & Kit.) Link,,,Plantae,species
,4496869,,"Neuroterus saliens (Kollar, 1857)",,,Animalia,species
,5928735,,Sulla coronaria (L.) B.H.Choi & H.Ohashi,,,Plantae,species
,1309635,,"Aphelonyx cerricola (Giraud, 1859)",,,Animalia,species
,2943190,,Caragana arborescens Lam.,,,Plantae,species
,4496973,,"Andricus gemmeus (Giraud, 1859)",,,Animalia,species
,1309606,,"Andricus grossulariae Giraud, 1859",,,Animalia,species
,4497054,,"Andricus lignicolus (Hartig, 1840)",,,Animalia,species
,4497120,,"Andricus corruptrix (Schlechtendal, 1870)",,,Animalia,species
,4497124,,"Andricus quercuscalicis (Burgsdorff, 1783)",,,Animalia,species
,4497180,,"Andricus aries (Giraud, 1859)",,,Animalia,species
,1309600,,"Andricus kollari (Hartig, 1843)",,,Animalia,species
,1309652,,"Dryocosmus kuriphilus Yasumatsu, 1951",,,Animalia,species
,1795068,,"Thysanoplusia orichalcea (Fabricius, 1775)",,,Animalia,species
,8766638,,"Hypsopygia nostralis (Guenée, 1854)",,,Animalia,species
,1873051,,"Cryptoblabes gnidiella Millière, 1867",,,Animalia,species
,2970585,,Sesbania herbacea (Mill.) McVaugh,,,Plantae,species
,1886729,,"Maruca vitrata (Fabricius, 1787)",,,Animalia,species
,1891245,,"Sufetula diminutalis Walker, 1865",,,Animalia,species
,2965250,,Medicago tornata (L.) Mill.,,,Plantae,species
,1885213,,"Crocidophora butleri South, 1901",,,Animalia,species
,7373959,,Medicago ciliaris (L.) All.,,,Plantae,species
,2965405,,Medicago intertexta (L.) Mill.,,,Plantae,species
,9776414,,"Acharia stimulea (Clemens, 1860)",,,Animalia,species
,8741260,,"Macrosaccus robiniella (Clemens, 1859)",,,Animalia,species
,1749580,,"Phyllocnistis citrella Stainton, 1856",,,Animalia,species
,1829659,,"Lepidotarphius perornatella Walker, 1864",,,Animalia,species
,4530608,,"Clepsis peritana (Clemens, 1860)",,,Animalia,species
,5358302,,Scorpiurus muricatus L.,,,Plantae,species
,11141765,,"Tetramoera langmaidi Plant, 2014",,,Animalia,species
,8149049,,Wisteria sinensis (Sims) DC.,,,Plantae,species
,1737131,,"Epiphyas postvittana (Walker, 1863)",,,Animalia,species
,1865660,,"Actias selene Hübner, 1806",,,Animalia,species
,5124716,,"Attacus atlas (Linnaeus, 1758)",,,Animalia,species
,1910629,,"Hypolimnas bolina (Linnaeus, 1758)",,,Animalia,species
,5128034,,"Dryas iulia (Fabricius, 1775)",,,Animalia,species
,5130444,,"Junonia iphita (Cramer, 1782)",,,Animalia,species
,5133523,,"Morpho menelaus (Linnaeus, 1758)",,,Animalia,species
,2984306,,Gunnera tinctoria (Molina) Mirb.,,,Plantae,species
,7926816,,Monsonia angustifolia E.Mey. ex A.Rich.,,,Plantae,species
,3826854,,Erodium manescavi Coss.,,,Plantae,species
,1830823,,"Prays citri Millière, 1873",,,Animalia,species
,8391331,,Erodium moschatum (L.) Aiton,,,Plantae,species
,3826756,,Erodium meynieri Maire,,,Plantae,species
,5123474,,"Anthophila nemorana (Hübner, 1799)",,,Animalia,species
,2891624,,Erodium cygnorum Nees,,,Plantae,species
,2891621,,"Erodium malacoides (L.) Willd., 1794",,,Plantae,species
,1835422,,"Schiffermuelleria bruandella (Ragonot, 1889)",,,Animalia,species
,1852787,,"Blastobasis lacticolella Rebel, 1939",,,Animalia,species
,3828342,,"Erodium carolinianum Aldasoro, Aedo, C.Navarro & L.Sáez",,,Plantae,species
,1852831,,"Blastobasis adustella Walsingham, 1894",,,Animalia,species
,1971998,,"Nepytia phantasmaria (Strecker, 1899)",,,Animalia,species
,4535888,,"Bucculatrix chrysanthemella Rebel, 1896",,,Animalia,species
,1751299,,"Bucculatrix ainsliella Murtfeldt, 1905",,,Animalia,species
,2890957,,Geranium renardii Trautv.,,,Plantae,species
,2049722,,"Adelges laricis Vallot, 1836",,,Animalia,species
,2049661,,"Adelges abietis (Linnaeus, 1758)",,,Animalia,species
,5152543,,"Raglius alboacuminatus (Goeze, 1778)",,,Animalia,species
,9711656,,Pelargonium capitatum (L.) L'Hér.,,,Plantae,species
,4486432,,"Dieuches armatipes (Walker, 1872)",,,Animalia,species
,5152536,,"Gastrodes abietum Bergroth, 1914",,,Animalia,species
,3034002,,Sassafras albidum (Nutt.) Nees,,,Plantae,species
,4483961,,"Viridicerus ustulatus (Mulsant & Rey, 1855)",,,Animalia,species
,2037925,,"Orientus ishidae (Matsumura, 1902)",,,Animalia,species
,2049296,,"Pithyotettix abietinus (Fallén, 1806)",,,Animalia,species
,2928026,,Nemophila menziesii Hook. & Arn.,,,Plantae,species
,4484009,,"Tremulicerus distinguendus (Kirschbaum, 1868)",,,Animalia,species
,6420901,,Nemophila menziesii var. menziesii,,,Plantae,variety
,2037991,,"Liguropia juniperi (Lethierry, 1876)",,,Animalia,species
,2047706,,"Stragania apicalis (Osborn & Ball, 1898)",,,Animalia,species
,9405645,,Lycopsis arvensis subsp. orientalis (L.) Kusn.,,,Plantae,subspecies
,4483971,,"Populicerus albicans (Kirschbaum, 1868)",,,Animalia,species
,2029273,,"Zygina nivea (Mulsant & Rey, 1855)",,,Animalia,species
,2925874,,Amsinckia lycopsoides Lehm.,,,Plantae,species
,2038171,,"Opsius stactogalus Fieber, 1866",,,Animalia,species
,4273336,,Amsinckia menziesii var. intermedia (Fisch. & C.A.Mey.) Ganders,,,Plantae,variety
,2088481,,"Unaspis euonymi (Comstock, 1881)",,,Animalia,species
,4068166,,Echium pininana Webb & Berthel.,,,Plantae,species
,9139578,,"Aulacaspis rosae (Bouché, 1833)",,,Animalia,species
,4063383,,Trachystemon orientale (L.) D.Don,,,Plantae,species
,2049512,,"Daktulosphaira vitifoliae (Fitch, 1855)",,,Animalia,species
,7600329,,Pulmonaria mollis Wulfen,,,Plantae,species
,7769968,,"Tuponia brevirostris Reuter, 1883",,,Animalia,species
,9629001,,"Iberodes linifolia (L.) Serrano, R.Carbajal & S.Ortiz",,,Plantae,species
,5152721,,"Tuponia mixticolor (A.Costa, 1862)",,,Animalia,species
,4487661,,"Dichrooscytus intermedius Reuter, 1885",,,Animalia,species
,2010226,,"Sthenarus rotermundi (Scholtz, 1847)",,,Animalia,species
,4487598,,"Closterotomus trivialis (A.Costa, 1853)",,,Animalia,species
,8052025,,"Dicyphus escalerae Lindberg, 1934",,,Animalia,species
,4488819,,"Deraeocoris annulipes (Herrich-Schaeffer, 1842)",,,Animalia,species
,4487610,,"Neolygus populi (Leston, 1957)",,,Animalia,species
,2008616,,"Empicoris rubromaculatus (Blackburn, 1888)",,,Animalia,species
,4059971,,Glandora diffusa (Lag.) D.C.Thomas,,,Plantae,species
,10972541,,"Cicada barbara (Stål, 1866)",,,Animalia,species
,11104870,,"Cicada orni Linnaeus, 1758",,,Animalia,species
,5661914,,Anchusa thessala Boiss. & Spruner,,,Plantae,species
,9078997,,"Saissetia oleae (Olivier, 1791)",,,Animalia,species
,2091932,,"Pulvinaria hydrangeae Steinweden, 1946",,,Animalia,species
,8255921,,"Pulvinaria floccifera (Westwood, 1870)",,,Animalia,species
,4488933,,"Stephanitis oberti (Kolenati, 1856)",,,Animalia,species
,2020686,,"Stephanitis takeyai Drake & Maa, 1955",,,Animalia,species
,4484176,,"Cacopsylla fulguralis (Kuwayama, 1908)",,,Animalia,species
,4485839,,"Apodiphus amygdali (Germar, 1817)",,,Animalia,species
,7318199,,"Oxalis tetraphylla Link & Otto, 1828",,,Plantae,species
,9823072,,Oxalis stricta L.,,,Plantae,species
,7318131,,Oxalis valdiviensis Barnéoud,,,Plantae,species
,5159101,,"Myzocallis walshii (Monell, 1879)",,,Animalia,species
,3988179,,Sarcococca coriacea (Hook.) Sweet,,,Plantae,species
,2095283,,"Pseudococcus longispinus (Targioni Tozzetti, 1867)",,,Animalia,species
,2012520,,Agonoscena succincta (De Geer),,,Animalia,species
,3189824,,Aesculus flava Sol.,,,Plantae,species
,3189807,,Aesculus pavia L.,,,Plantae,species
,3189843,,Acer tataricum L.,,,Plantae,species
,7427542,,"Aleurotuba jelinekii (Frauenfeld, 1867)",,,Animalia,species
,2007665,,"Belonochilus numenius (Say, 1831)",,,Animalia,species
,7262943,,Acer davidii Franch.,,,Plantae,species
,3189835,,Acer macrophyllum Pursh,,,Plantae,species
,11107889,,"Graptostethus servus (Fabricius, 1787)",,,Animalia,species
,3768287,,Acer cissifolium (Siebold & Zucc.) K.Koch,,,Plantae,species
,7100404,,Acer buergerianum Miq.,,,Plantae,species
,2020832,,"Xylocoris galactinus (Fieber, 1836)",,,Animalia,species
,2020779,,"Buchananiella continua (White, 1880)",,,Animalia,species
,3190544,,Rhus glabra L.,,,Plantae,species
,2064632,,"Acanalonia conica (Say, 1830)",,,Animalia,species
,3837891,,Skimmia reevesiana (Fortune) Fortune,,,Plantae,species
,3833284,,Choisya ternata Kunth,,,Plantae,species
,4293134,,"Neoclytus acuminatus (Fabricius, 1775)",,,Animalia,species
,9228111,,Fumaria bastardii Boreau,,,Plantae,species
,7315286,,Fumaria muralis Koch,,,Plantae,species
,1119292,,"Morimus asper (Sulzer, 1776)",,,Animalia,species
,8265082,,"Monochamus sartor (Fabricius, 1787)",,,Animalia,species
,8062758,,"Monochamus galloprovincialis (Olivier, 1795)",,,Animalia,species
,9587676,,Roemeria hispida Stace,,,Plantae,species
,5997154,,"Merionoeda hirsuta (Mitono & Nishimura, 1936)",,,Animalia,species
,7569075,,"Rosalia alpina (Linnaeus, 1758)",,,Animalia,species
,1133603,,"Batocera lineolata Chevrolat, 1852",,,Animalia,species
,4427319,,"Anthrenus angustefasciatus Ganglbauer, 1904",,,Animalia,species
,1095946,,"Reesa vespulae (Milliron, 1939)",,,Animalia,species
,3602683,,Papaver cambricum L.,,,Plantae,species
,5806954,,"Tarsostenus carus (Newman, 1840)",,,Animalia,species
,2888439,,Papaver somniferum L.,,,Plantae,species
,2888437,,Papaver orientale L.,,,Plantae,species
,1045323,,"Pycnomerus sulcicollis LeConte, 1863",,,Animalia,species
,7300414,,Epimedium pinnatum Fisch.,,,Plantae,species
,3982013,,Epimedium pubigerum (DC.) C.Mooren & Decne.,,,Plantae,species
,1247584,,"Stenopelmus rufinasus Gyllenhal, 1835",,,Animalia,species
,3033839,,Podophyllum peltatum L.,,,Plantae,species
,6132234,,"Rhynchophorus ferrugineus (A.G.Olivier, 1791)",,,Animalia,species
,7882289,,"Zophobas atratus (Fabricius, 1775)",,,Animalia,species
,7380533,,"Ceratomegilla notata (Laicharting, 1781)",,,Animalia,species
,3033888,,Mahonia bealei (Fortune) Carrière,,,Plantae,species
,3033868,,Berberis aquifolium Pursh,,,Plantae,species
,3982284,,Mahonia ×wagneri (Jouin) Rehder,,,Plantae,species
,4990175,,"Rhyzobius lophanthae (Blaisdell, 1892)",,,Animalia,species
,4470640,,"Carabus rutilans Dejean, 1826",,,Animalia,species
,7967494,,Aconitum ×cammarum L.,,,Plantae,species
,1995681,,"Blaptica dubia (Serville, 1838)",,,Animalia,species
,1995489,,"Panchlora nivea (Linnaeus, 1758)",,,Animalia,species
,1998599,,"Cariblatta lutea (Saussure & Zehntner, 1893)",,,Animalia,species
,7277946,,Adonis aestivalis subsp. aestivalis,,,Plantae,subspecies
,1998083,,"Ectobius vittiventris (Costa, 1847)",,,Animalia,species
,1997215,,"Blattella germanica (Linnaeus, 1767)",,,Animalia,species
,9419395,,Anemonastrum canadense (L.) Mosyakin,,,Plantae,species
,6376340,,Thalictrum aquilegiifolium L.,,,Plantae,species
,1623077,,"Tephritis carmen Hering, 1937",,,Animalia,species
,1623354,,"Capitites ramulosa (Loew, 1844)",,,Animalia,species
,7277106,,Helleborus lividus Aiton,,,Plantae,species
,1622599,,"Rhagoletis cingulata (Loew, 1862)",,,Animalia,species
,3924221,,Helleborus argutifolius Viv.,,,Plantae,species
,1622658,,"Rhagoletis completa Cresson, 1929",,,Animalia,species
,1579447,,"Exaireta spinigera (Wiedemann, 1830)",,,Animalia,species
,9673106,,Eriocapitella ×hybrida (L.H.Bailey) Christenh. & Byng,,,Plantae,species
,1577153,,"Hermetia illucens (Linnaeus, 1758)",,,Animalia,species
,9675867,,Eriocapitella tomentosa (Maxim.) Christenh. & Byng,,,Plantae,species
,1523628,,"Callopistromyia annulipes (Macquart, 1855)",,,Animalia,species
,8429167,,Delphinium hispanicum Costa,,,Plantae,species
,1521740,,"Atypophthalmus umbratus (de Meijere, 1911)",,,Animalia,species
,2211487,,"Porcellionides cingendus (Kinahan, 1857)",,,Animalia,species
,12187916,,Tarenaya houtteana (Schltdl.) Soares Neto & Roalson,,,Plantae,species
,5375020,,Arabis alpina L.,,,Plantae,species
,2211599,,"Ianiropsis serricaudis Gurjanova, 1936",,,Animalia,species
,5928306,,Lepidium draba subsp. chalepense (L.) Thell.,,,Plantae,subspecies
,5178052,,"Caprella equilibra Say, 1818",,,Animalia,species
,10944522,,Mummenhoffia alliacea (L.) Esmailbegi & Al-Shehbaz,,,Plantae,species
,4417132,,"Chaetogammarus trichiatus Martynov, 1932",,,Animalia,species
,3045473,,Noccaea brachypetala (Jord.) F.K.Mey.,,,Plantae,species
,3693541,,Odontarrhena muralis (Waldst. & Kit.) Endl.,,,Plantae,species
,5373483,,Crambe hispanica subsp. abyssinica (Hochst. ex R.E.Fr.) Prina,,,Plantae,subspecies
,3693336,,Rorippa anceps (Wahlenb.) Rchb.,,,Plantae,species
,3053399,,Rorippa pyrenaica (L.) Rchb.,,,Plantae,species
,2227289,,"Procambarus acutus (Girard, 1852)",,,Animalia,species
,3046929,,Sisymbrium chrysanthum Jord.,,,Plantae,species
,8909595,,"Faxonius limosus (Rafinesque, 1817)",,,Animalia,species
,2225770,,"Hemigrapsus penicillatus (De Haan, 1835)",,,Animalia,species
,5972004,,"Homarus americanus H.Milne Edwards, 1837",,,Animalia,species
,5376158,,Hornungia procumbens (L.) Hayek,,,Plantae,species
,5373124,,Malcolmia maritima (L.) W.T.Aiton,,,Plantae,species
,5373160,,Malcolmia flexuosa (Sm.) Sm.,,,Plantae,species
,5377163,,Iberis amara L.,,,Plantae,species
,1016841,,"Orthomorpha coarctata (Saussure, 1860)",,,Animalia,species
,3045082,,Alyssum turkestanicum Regel & Schmalh.,,,Plantae,species
,5377378,,Matthiola incana (L.) W.T.Aiton,,,Plantae,species
,5377395,,Matthiola longipetala (Vent.) DC.,,,Plantae,species
,7740944,,Matthiola longipetala subsp. bicornis (Sm.) P.W.Ball,,,Plantae,subspecies
,3048397,,Erysimum bicolor (Hornem.) DC.,,,Plantae,species
,3048073,,Erysimum collisparsum Jord.,,,Plantae,species
,2234836,,"Daphnia ambigua Scourfield, 1947",,,Animalia,species
,3047147,,Neslia paniculata subsp. thracica (Velen.) Bornm.,,,Plantae,subspecies
,7711892,,"Isatis quadrialata Al-Shehbaz, Moazzeni & Mummenhoff",,,Plantae,species
,2152793,,"Cupiennius getazi Simon, 1891",,,Animalia,species
,3082270,,Cornus canadensis L.,,,Plantae,species
,7322122,,Davidia involucrata Baill.,,,Plantae,species
,9067615,,Mentzelia albicaulis (Douglas ex Hook.) Douglas ex Torr. & A.Gray,,,Plantae,species
,2141622,,"Amaurobius erberi (Keyserling, 1863)",,,Animalia,species
,2986010,,Philadelphus microphyllus A.Gray,,,Plantae,species
,2985986,,Hydrangea arborescens L.,,,Plantae,species
,2985963,,Deutzia crenata Siebold & Zucc.,,,Plantae,species
,11528335,,"Tliltocatl albopilosus (Valerio, 1980)",,,Animalia,species
,8264893,,"Nephilingis cruentata (Fabricius, 1775)",,,Animalia,species
,3064221,,Euphorbia serpens Kunth,,,Plantae,species
,3069053,,Euphorbia verrucosa L.,,,Plantae,species
,3066321,,Euphorbia hypericifolia L.,,,Plantae,species
,8427207,,"Eratigena fuesslini (Pavesi, 1873)",,,Animalia,species
,3064282,,Euphorbia tommasiniana Bertol.,,,Plantae,species
,3056384,,Acalypha rhomboidea Raf.,,,Plantae,species
,2173887,,"Icius subinermis Simon, 1937",,,Animalia,species
,2873877,,Linum austriacum L.,,,Plantae,species
,7358677,,Populus nigra var. italica (Moench) Koehne,,,Plantae,variety
,6362904,,Populus trichocarpa Torr. & A.Gray ex Hook.,,,Plantae,species
,8345607,,Populus ×berolinensis K.Koch,,,Plantae,species
,5372655,,Salix eleagnos Scop.,,,Plantae,species
,8257857,,Salix elaeagnos subsp. angustifolia (Cariot) Rech.f.,,,Plantae,subspecies
,5372559,,Salix exigua Nutt.,,,Plantae,species
,7104074,,Salix lapponum L.,,,Plantae,species
,7266656,,Salix rorida Laksch.,,,Plantae,species
,7266343,,Salix purpurea subsp. purpurea,,,Plantae,subspecies
,5583195,,Salix dolichostachya Flod.,,,Plantae,species
,7266329,,Salix alba subsp. alba,,,Plantae,subspecies
,5372917,,Salix interior Rowlee,,,Plantae,species
,5372639,,Salix babylonica L.,,,Plantae,species
,8183217,,Salix gmelinii Pall.,,,Plantae,species
,7427741,,Cratoxylum sumatranum subsp. blancoi (Blume) Gogelein,,,Plantae,subspecies
,6436603,,Hypericum hircinum L.,,,Plantae,species
,3189457,,Hypericum densiflorum Pursh,,,Plantae,species
,3189474,,Hypericum ×moserianum André,,,Plantae,species
,4553535,,"Megabunus diadema (Fabricius, 1779)",,,Animalia,species
,8332078,,Viola gracilis Sibth. & Sm.,,,Plantae,species
,4553469,,"Leiobunum Koch, 1839",,,Animalia,genus
,6913500,,"Eriophyes alniincanae Nalepa, 1919",,,Animalia,species
,5774728,,"Eriophyes pyri (H.A.Pagenstecher, 1857)",,,Animalia,species
,4544661,,"Aceria ilicis (Canestrini, 1890)",,,Animalia,species
,4544517,,"Aceria tristriata (Nalepa, 1890)",,,Animalia,species
,6913023,,"Aceria brachytarsus (Keifer, 1939)",,,Animalia,species
,4544759,,"Aceria heteronyx (Nalepa, 1891)",,,Animalia,species
,2128482,,"Colomerus vitis (Pagenstecher, 1857)",,,Animalia,species
,4553805,,"Euscorpius carpathicus (Linnaeus, 1767)",,,Animalia,species
,4553820,,"Euscorpius flavicaudis (DeGeer, 1778)",,,Animalia,species
,3707631,,Delosperma aberdeenense (L.Bolus) L.Bolus,,,Plantae,species
,3707394,,Delosperma cooperi L.Bol.Forma Cooperi,,,Plantae,species
,4549071,,"Varroa jacobsoni Oudemans, 1904",,,Animalia,species
,2188249,,"Varroa destructor Anderson & Trueman, 2000",,,Animalia,species
,4022910,,Portulaca macrantha (Maire) Ricceri & Arrigoni,,,Plantae,species
,9554442,,Tamarix gallica (Habl.),,,Plantae,species
,2874702,,Tamarix africana Poir.,,,Plantae,species
,7288892,,Calandrinia pilosiuscula DC.,,,Plantae,species
,7624620,,Rumex crispus var. robustus Rech.,,,Plantae,variety
,2888990,,Rumex salicifolius Weinm.,,,Plantae,species
,4036350,,Rumex salicifolius var. triangulivalvis (Danser) J.C.Hickman,,,Plantae,variety
,2888945,,Rumex brownii Campd.,,,Plantae,species
,2888982,,Rumex fueginus Phil.,,,Plantae,species
,4985069,,"Tricellaria ternata (Ellis & Solander, 1786)",,,Animalia,species
,2888955,,Rumex pseudonatronatus Borbás,,,Plantae,species
,8909872,,Rumex hypogaeus T.M.Schust. & Reveal,,,Plantae,species
,6709291,,Reynoutria compacta (Hook.fil.) Nakai,,,Plantae,species
,1003567,,"Pectinatella magnifica (Leidy, 1851)",,,Animalia,species
,2889358,,Oxyria digyna (L.) Hill,,,Plantae,species
,8336551,,Polygonum arenarium subsp. pulchellum (Loisel.) Thell.,,,Plantae,subspecies
,5334440,,Polygonum plebeium R.Br.,,,Plantae,species
,8848208,,Koenigia polystachya (Wall. ex Meisn.) T.M.Schust. & Reveal,,,Plantae,species
,2889198,,Persicaria pensylvanica (L.) M.Gómez,,,Plantae,species
,6391450,,Persicaria glabra (Willd.) M.Gómez,,,Plantae,species
,7291643,,Persicaria filiformis (Thunb.) Nakai,,,Plantae,species
,3082279,,Ceratostigma plumbaginoides Bunge,,,Plantae,species
,4088624,,Limonium platyphyllum Lincz.,,,Plantae,species
,7298085,,Armeria humilis subsp. humilis,,,Plantae,subspecies
,8129694,,Armeria arenaria (Pers.) Schult.,,,Plantae,species
,7136602,,Armeria alliacea (Cav.) Hoffmanns. & Link,,,Plantae,species
,3755928,,Chenopodium album var. missouriense (Aellen) Bassett & Crompton,,,Plantae,variety
,6035638,,Chenopodium probstii Aellen,,,Plantae,species
,3757050,,Chenopodium berlandieri var. bushianum (Aellen) Cronquist,,,Plantae,variety
,3757660,,Chenopodium ×pelgrimsianum Aellen,,,Plantae,species
,9454901,,Amaranthus macrocarpus subsp. pallidus (Benth.) N.Bayón,,,Plantae,subspecies
,7323251,,Amaranthus emarginatus subsp. emarginatus,,,Plantae,subspecies
,8577467,,Amaranthus tuberculatus (Moq.) J.D.Sauer,,,Plantae,species
,3083888,,Teloxys aristata (L.) Moq.,,,Plantae,species
,3759032,,Corispermum tylocarpum Hance,,,Plantae,species
,7685459,,Atriplex pseudocampanulata Aellen ex Blom,,,Plantae,species
,3083659,,Atriplex eardleyae Aellen,,,Plantae,species
,8160803,,Alternanthera ficoidea (L.) R.Br.,,,Plantae,species
,9567226,,Oxybasis glauca var. salina (Standl.) Verloove,,,Plantae,variety
,7282357,,Echinopsis albispinosa K.Schum.,,,Plantae,species
,8091998,,Gypsophila vaccaria (L.) Sm.,,,Plantae,species
,5384464,,Gypsophila repens L.,,,Plantae,species
,7925372,,Cerastium ×maureri M.Schulze,,,Plantae,species
,9440906,,Sagina alexandrae Iamonico,,,Plantae,species
,6363863,,Arenaria montana L.,,,Plantae,species
,5587011,,Sabulina mediterranea (Ledeb. ex Link) Rchb.,,,Plantae,species
,5588185,,Colobanthus subulatus (d'Urv.) Hook.fil.,,,Plantae,species
,3085366,,Agrostemma brachyloba (Fenzl) K.Hammer,,,Plantae,species
,5586656,,Silene linicola C.C.Gmel.,,,Plantae,species
,5384782,,Silene csereii Baumg.,,,Plantae,species
,5587240,,Silene vulgaris subsp. vulgaris,,,Plantae,subspecies
,8406661,,Silene uniflora Roth,,,Plantae,species
,10953644,,Silene baccifera (L.) Durande,,,Plantae,species
,8419625,,Silene scabriflora Brot.,,,Plantae,species
,7757300,,Silene badaroi Breistr.,,,Plantae,species
,3814157,,Eudianthe coeli-rosa (L.) Fenzl ex Endl.,,,Plantae,species
,7267630,,Dianthus giganteus d'Urv.,,,Plantae,species
,9254355,,Lithotoma axillaris (Lindl.) E.B.Knox,,,Plantae,species
,5411353,,Campanula garganica Ten.,,,Plantae,species
,5410661,,Campanula pyramidalis L.,,,Plantae,species
,4211074,,Carduus ×theriotii Rouy,,,Plantae,species
,3099650,,Shinnersia rivularis (A.Gray) R.M.King & H.Rob.,,,Plantae,species
,3088623,,Guizotia scabra (Vis.) Chiov.,,,Plantae,species
,10852031,,Oncosiphon pilulifer (L.fil.) Källersjö,,,Plantae,species
,3086845,,Flaveria trinervia (Spreng.) C.Mohr,,,Plantae,species
,5391928,,Bidens triplinervia Kunth,,,Plantae,species
,3133446,,Ammobium alatum R.Br.,,,Plantae,species
,5392271,,Cichorium calvum Sch.Bip. ex Asch.,,,Plantae,species
,3108121,,Senecio glossanthus (Sond.) Belcher,,,Plantae,species
,3107362,,Senecio saracenicus W.D.J.Koch,,,Plantae,species
,3107661,,Senecio quadridentatus Labill.,,,Plantae,species
,7223177,,Crepis sancta subsp. sancta,,,Plantae,subspecies
,7222255,,Lactuca macrophylla subsp. macrophylla,,,Plantae,subspecies
,3140436,,Lactuca macrophylla (Willd.) A.Gray,,,Plantae,species
,3144603,,Brachyscome iberidifolia Benth.,,,Plantae,species
,5406261,,Calocephalus brownii (Cass.) F.Muell.,,,Plantae,species
,10629881,,"Pentanema hirtum (L.) D.Gut.Larr., Santos-Vicente, Anderb., E.Rico & M.M.Mart.Ort.",,,Plantae,species
,10108775,,"Pentanema spiraeifolium (L.) D.Gut.Larr., Santos-Vicente, Anderb., E.Rico & M.M.Mart.Ort.",,,Plantae,species
,3121474,,Artemisia rubripes Nakai,,,Plantae,species
,3121547,,"Artemisia mongolica Fisch. ex Besser, 1834",,,Plantae,species
,3121228,,Artemisia tournefortiana Rchb.,,,Plantae,species
,3121088,,Artemisia alba Turra,,,Plantae,species
,3120692,,Artemisia crithmifolia L.,,,Plantae,species
,3092083,,Coleostephus myconis (L.) Rchb.fil.,,,Plantae,species
,3137579,,Galactites tomentosa Moench,,,Plantae,species
,4233822,,Vittadinia dentata (Gaudich.) DC.,,,Plantae,species
,3104106,,Sanvitalia procumbens Lam.,,,Plantae,species
,11136683,,Pulicaria arabica subsp. arabica,,,Plantae,subspecies
,4250676,,Sonchus asper subsp. glaucescens (Jord.) Ball,,,Plantae,subspecies
,3123262,,Pilosella flagellaris (Willd.) Arv.-Touv.,,,Plantae,species
,9541940,,Pilosella visianii F.W.Schultz & Sch.Bip.,,,Plantae,species
,3125893,,Sigesbeckia jorullensis Kunth,,,Plantae,species
,5387537,,Aster indamellus Grierson,,,Plantae,species
,5387396,,Aster alpinus L.,,,Plantae,species
,3103158,,Gamochaeta americana (Mill.) Wedd.,,,Plantae,species
,10948891,,Podolepis aristata subsp. auriculata (DC.) Jeanes,,,Plantae,subspecies
,3092691,,Soliva sessilis Ruiz & Pav.,,,Plantae,species
,3136320,,Hieracium amplexicaule L.,,,Plantae,species
,4248063,,Hieracium pulmonarioides subsp. spelaeum (Arv.-Touv.) Greuter,,,Plantae,subspecies
,4207403,,Centaurea adami Willd.,,,Plantae,species
,8708866,,Centaurea ×psammogena Gáyer,,,Plantae,species
,6076279,,Centaurea diluta subsp. algeriensis (Coss. & Durieu) Maire,,,Plantae,subspecies
,3128601,,Centaurea napifolia L.,,,Plantae,species
,3128225,,Centaurea nigra L.,,,Plantae,species
,6302047,,Kalimeris incisa subsp. incisa,,,Plantae,subspecies
,8421156,,Symphyotrichum laeve (L.) Á.Löve & D.Löve,,,Plantae,species
,3151434,,Symphyotrichum dumosum (L.) G.L.Nesom,,,Plantae,species
,6300531,,Petasites japonicus subsp. japonicus,,,Plantae,subspecies
,10676000,,Leuzea repens (L.) D.J.N.Hind,,,Plantae,species
,3097496,,Leptinella dispersa (D.G.Lloyd) D.G.Lloyd & C.J.Webb,,,Plantae,species
,3097504,,Leptinella squalida Hook.fil.,,,Plantae,species
,3132567,,Galinsoga quadriradiata Cav.,,,Plantae,species
,3110905,,Scorzonera hispanica L.,,,Plantae,species
,3142967,,Doronicum orientale Hoffm.,,,Plantae,species
,4230874,,Doronicum ×willdenowii (Rouy) A.W.Hill,,,Plantae,species
,3089142,,Xanthium albinum (Holuby) Holub,,,Plantae,species
,11794300,,Xanthium orientale var. saccharatum (Wallr.) M.Hassl.,,,Plantae,variety
,3138949,,Melampodium divaricatum (Rich.) DC.,,,Plantae,species
,3169713,,Trachelospermum jasminoides (Lindl.) Lem.,,,Plantae,species
,3169756,,Nerium oleander L.,,,Plantae,species
,3170260,,Asclepias speciosa Torr.,,,Plantae,species
,7671397,,Phuopsis stylosa (Trin.) G.Nicholson,,,Plantae,species
,8925248,,Galium parisiense var. parisiense,,,Plantae,variety
,2913219,,Galium anglicum Huds.,,,Plantae,species
,2913169,,Galium parisiense L.,,,Plantae,species
,12254070,,Cynanchica aristata (L.f.) P.Caputo & Del Guacchio,,,Plantae,species
,7480365,,Hydrocotyle moschata G.Forst.,,,Plantae,species
,3035420,,Eleutherococcus simonii (Simon-Louis ex C.K.Schneid.) Hesse,,,Plantae,species
,8168344,,Hedera hibernica Poit.,,,Plantae,species
,12218002,,Hedera maroccana Mc All.,,,Plantae,species
,7224069,,Petroselinum crispum subsp. crispum,,,Plantae,subspecies
,7828157,,Petroselinum crispum (Mill.) Fuss,,,Plantae,species
,3639337,,Sanicula epipactis (Scop.) E.H.L.Krause,,,Plantae,species
,6026420,,Seseli montanum L.,,,Plantae,species
,11921804,,Anethum ridolfia Spalik & Reduron,,,Plantae,species
,6550056,,Daucus carota var. sativus Hoffm.,,,Plantae,variety
,6027290,,Daucus littoralis Sm.,,,Plantae,species
,3638303,,Orlaya daucoides (L.) Greuter,,,Plantae,species
,5371869,,Bifora testiculata (L.) Spreng.,,,Plantae,species
,5539680,,Pimpinella aromatica M.Bieb.,,,Plantae,species
,3034782,,Smyrnium olusatrum L.,,,Plantae,species
,8350395,,Cyclospermum leptophyllum (Pers.) Sprague,,,Plantae,species
,7400250,,Platanus ×hispanica Mill. ex Münchh.,,,Plantae,species
,8428499,,Sidalcea oregana (Nutt. ex Torr. & A.Gray) A.Gray,,,Plantae,species
,3152519,,Althaea cannabina L.,,,Plantae,species
,3941038,,Malva preissiana Miq.,,,Plantae,species
,3940326,,Malva trimestris (L.) Salisb.,,,Plantae,species
,3935079,,Malva arborea (L.) Webb & Berthel.,,,Plantae,species
,3933415,,"Malva multiflora (Cav.) Soldano, Banfi & Galasso",,,Plantae,species
,12132283,,Malva alcea var. ribifolia (Viv.) Paol.,,,Plantae,variety
,8237223,,Halimium lasianthum (Lam.) Spach,,,Plantae,species
,5332305,,Ostrya carpinifolia Scop.,,,Plantae,species
,8326061,,Quercus coccinea Münchh.,,,Plantae,species
,2879411,,Quercus suber L.,,,Plantae,species
,2878826,,Quercus pyrenaica Willd.,,,Plantae,species
,2879520,,Quercus conferta Kit.,,,Plantae,species
,2882360,,Fagus orientalis Lipsky,,,Plantae,species
,3054366,,Juglans ailantifolia Carrière,,,Plantae,species
,4205304,,Pterocarya ×rehderiana C.K.Schneid.,,,Plantae,species
,8288647,,Pterocarya fraxinifolia (Poir.) Spach,,,Plantae,species
,3856436,,Viburnum davidi Franch.,,,Plantae,species
,4103685,,Scabiosa nitens Roem. & Schult.,,,Plantae,species
,8012439,,Symphoricarpos albus (L.) K.Koch,,,Plantae,species
,8212772,,Symphoricarpos ×doorenbosii Krüssm.,,,Plantae,species
,2888805,,Scabiosa atropurpurea L.,,,Plantae,species
,7298987,,Centranthus calcitrapae (L.) Dufr.,,,Plantae,species
,5598788,,Lonicera ×americana (Mill.) K.Koch,,,Plantae,species
,5599249,,Lonicera nitida E.H.Wilson,,,Plantae,species
,5334247,,Lonicera etrusca Santi,,,Plantae,species
,2888799,,Cephalaria alpina (L.) Roem. & Schult.,,,Plantae,species
,9771172,,Valerianella locusta subsp. locusta,,,Plantae,subspecies
,4103351,,Lomelosia caucasica (M.Bieb.) Greuter & Burdet,,,Plantae,species
,8011733,,Weigela floribunda (Siebold & Zucc.) C.A.Mey.,,,Plantae,species
,2888796,,Cephalaria syriaca (L.) Roem. & Schult.,,,Plantae,species
,3172276,,Osmanthus heterophyllus (G.Don) P.S.Green,,,Plantae,species
,3172327,,Fraxinus americana L.,,,Plantae,species
,7325877,,Fraxinus angustifolia Vahl,,,Plantae,species
,5549698,,Syringa josikaea J.Jacquin,,,Plantae,species
,5414976,,Bellardia trixago (L.) All.,,,Plantae,species
,7733140,,Bellardia viscosa (L.) Fisch. & C.A.Mey.,,,Plantae,species
,7332517,,Orobanche flava subsp. flava,,,Plantae,subspecies
,7359335,,Odontites luteus Steven,,,Plantae,species
,7757431,,Clinopodium nepeta subsp. spruneri (Boiss.) Bartolucci & F.Conti,,,Plantae,subspecies
,11007246,,Clinopodium menthifolium (Host) Merino,,,Plantae,species
,7437438,,Clinopodium grandiflorum (L.) Kuntze,,,Plantae,species
,7308335,,Mentha spicata subsp. spicata,,,Plantae,subspecies
,3893979,,Mentha ×wirtgeniana F.W.Schultz,,,Plantae,species
,10646747,,Caryopteris incana x mongholica,,,Plantae,species
,3890974,,Pycnanthemum verticillatum var. pilosum (Nutt.) Cooperr.,,,Plantae,variety
,2927363,,Pycnanthemum verticillatum (Michx.) Pers.,,,Plantae,species
,11064584,,Salvia abrotanoides (Kar.) Sytsma,,,Plantae,species
,10801424,,Salvia yangii B.T.Drew,,,Plantae,species
,3898065,,Salvia lavandulifolia subsp. gallica W.Lippert,,,Plantae,subspecies
,10902460,,Salvia rosmarinus Spenn.,,,Plantae,species
,2927029,,Salvia splendens Sellow ex Schult.,,,Plantae,species
,3882686,,Salvia uliginosa Benth.,,,Plantae,species
,5609603,,Nepeta subsessilis Maxim.,,,Plantae,species
,3896203,,Teucrium hyrcanicum Steud.,,,Plantae,species
,7420038,,Prunella grandiflora (L.) Scholler,,,Plantae,species
,5341447,,Thymus pannonicus All.,,,Plantae,species
,5609719,,Scutellaria columnae All.,,,Plantae,species
,3736228,,Scrophularia pyrenaica Benth.,,,Plantae,species
,5563116,,Nemesia caerulea Hiern,,,Plantae,species
,9629891,,Verbascum ×angulosum Teyber,,,Plantae,species
,8602699,,Lindernia procumbens (Krock.) Borbás,,,Plantae,species
,7878507,,Erythranthe cuprea (Dombrain) G.L.Nesom,,,Plantae,species
,7730307,,Erythranthe lutea (L.) G.L.Nesom,,,Plantae,species
,2925303,,Lantana camara L.,,,Plantae,species
,5341112,,Phyla nodiflora (L.) Greene,,,Plantae,species
,4083707,,Verbena aristigera S.Moore,,,Plantae,species
,2925616,,Verbena ×hybrida Groenland & Rümpler,,,Plantae,species
,3727713,,Veronica pinguifolia Hook.fil.,,,Plantae,species
,8983123,,Veronica teucrium var. teucrium,,,Plantae,variety
,5414989,,Digitalis lanata Ehrh.,,,Plantae,species
,5414991,,Digitalis ferruginea L.,,,Plantae,species
,5415006,,Linaria bipartita (Vent.) Willd.,,,Plantae,species
,8006893,,Kickxia elatine subsp. sieberi (Rchb.) Hayek,,,Plantae,subspecies
,3189696,,Plantago aristata Michx.,,,Plantae,species
,7332416,,Chaenorhinum origanifolium subsp. origanifolium,,,Plantae,subspecies
,7332415,,Chaenorhinum origanifolium (L.) Fourr.,,,Plantae,species
,5559825,,Cymbalaria pubescens (C.Presl) Cufod.,,,Plantae,species
,3171302,,Mazus miquelii Makino,,,Plantae,species
,4091345,,Incarvillea delavayi Bureau & Franch.,,,Plantae,species
,3172549,,Campsis radicans (L.) Bureau,,,Plantae,species
,4094511,,Campsis grandiflora (Thunb.) K.Schum.,,,Plantae,species
,5341548,,Gilia capitata Sims,,,Plantae,species
,5371655,,Halesia carolina L.,,,Plantae,species
,2882841,,Vaccinium macrocarpon Aiton,,,Plantae,species
,7327959,,Daboecia cantabrica subsp. cantabrica,,,Plantae,subspecies
,6400569,,Rhododendron tomentosum (Stokes) Harmaja,,,Plantae,species
,3169331,,Lysimachia clethroides Duby,,,Plantae,species
,8076173,,Lysimachia monelli (L.) U.Manns & Anderb.,,,Plantae,species
,2874718,,Begonia semperflorens Link & Otto,,,Plantae,species
,7885624,,Cucumis myriocarpus Naudin,,,Plantae,species
,2874512,,Cucurbita ficifolia Bouché,,,Plantae,species
,6371424,,Rhamnus alaternus L.,,,Plantae,species
,5671095,,"Urtica membranacea Barbieri ex Blume, 1856",,,Plantae,species
,2984537,,Humulus scandens (Lour.) Merr.,,,Plantae,species
,2984492,,Celtis australis L.,,,Plantae,species
,3025889,,Cotoneaster beimashanensis J.Fryer & B.Hylmö,,,Plantae,species
,3026035,,Cotoneaster coriaceus Franch.,,,Plantae,species
,3025764,,Cotoneaster adpressus Bois,,,Plantae,species
,3025770,,Cotoneaster acutifolius Turcz.,,,Plantae,species
,3025986,,Cotoneaster fruticosus J.Fryer & B.Hylmö,,,Plantae,species
,11844792,,Geum ternatum subsp. ternatum,,,Plantae,subspecies
,5363613,,Aronia ×prunifolia (Marshall) Rehder,,,Plantae,species
,8356787,,Pourthiaea villosa (Thunb.) Decne.,,,Plantae,species
,3000384,,Pourthiaea beauverdiana (C.K.Schneid.) Hatus.,,,Plantae,species
,10786206,,Rhaphiolepis bibas (Lour.) Galasso & Banfi,,,Plantae,species
,2988188,,Pyracantha coccinea M.Roem.,,,Plantae,species
,2988224,,Pyracantha fortuneana (Maxim.) H.L.Li,,,Plantae,species
,7219988,,Crataegus microphylla subsp. microphylla,,,Plantae,subspecies
,7790614,,Crataegus coccinea L.,,,Plantae,species
,3000679,,Chaenomeles speciosa (Sweet) Nakai,,,Plantae,species
,5362573,,Pyrus communis L.,,,Plantae,species
,5363119,,Pyrus calleryana Decne.,,,Plantae,species
,5370832,,Acaena magellanica (Lam.) Vahl,,,Plantae,species
,5370688,,Acaena microphylla Hook.fil.,,,Plantae,species
,2987780,,Holodiscus discolor (Pursh) Maxim.,,,Plantae,species
,7848132,,Malus toringo (Siebold) de Vriese,,,Plantae,species
,3001362,,Malus baccata (L.) Borkh.,,,Plantae,species
,3001244,,Malus domestica (Suckow) Borkh.,,,Plantae,species
,3023903,,Amelanchier humilis Wiegand,,,Plantae,species
,3013215,,Cormus domestica (L.) Spach,,,Plantae,species
,2988040,,Filipendula digitata (Willd.) Bergmans,,,Plantae,species
,2996897,,Rubus setchuenensis Bureau & Franch.,,,Plantae,species
,2994229,,Rubus nutkanus Moc. ex Ser.,,,Plantae,species
,4926534,,Sibbaldia tridentata (Aiton) Paule & Soják,,,Plantae,species
,7925720,,Poterium sanguisorba subsp. polygamum (Waldst. & Kit.) Asch. & Graebn.,,,Plantae,subspecies
,7409013,,Prunus domestica subsp. insititia (L.) Bonnier & Layens,,,Plantae,subspecies
,7882872,,Prunus domestica A.Sav.,,,Plantae,species
,3023671,,Prunus domestica subsp. syriaca (Borkh.) Janch.,,,Plantae,subspecies
,7499940,,Prunus armeniaca Thunb.,,,Plantae,species
,8149923,,Prunus persica (L.) Stokes,,,Plantae,species
,3022609,,Prunus serrulata Lindl.,,,Plantae,species
,3021955,,Prunus incisa Thunb.,,,Plantae,species
,7272185,,Rosa carolina subsp. carolina,,,Plantae,subspecies
,3003244,,Rosa multiflora Thunb.,,,Plantae,species
,3002530,,Rosa gallica L.,,,Plantae,species
,3026622,,Spiraea ×vanhouttei (Briot) Zabel,,,Plantae,species
,3026402,,Spiraea thunbergii Siebold ex Blume,,,Plantae,species
,3026906,,Spiraea cantoniensis Lour.,,,Plantae,species
,3026426,,Spiraea ×brachybotrys Lange,,,Plantae,species
,8031875,,Dasiphora davurica (Nestl.) Kom. & Aliss.,,,Plantae,species
,9245228,,Hedlundia hybrida (L.) Sennikov & Kurtto,,,Plantae,species
,9306058,,Karpatiosorbus latifolia (Lam.) Sennikov & Kurtto,,,Plantae,species
,3012426,,Sorbus latifolia K.Koch,,,Plantae,species
,5367294,,Potentilla recta L.,,,Plantae,species
,5365494,,Potentilla argyrophylla var. atrosanguinea (G.Lodd. ex D.Don) Hook.fil.,,,Plantae,variety
,3217906,,Planktolyngbya undulata Komárek & H.J.Kling,,,Bacteria,species
,7951474,,Planktolyngbya circumcreta (G.S.West) Anagn. & Komárek,,,Bacteria,species
,4306613,,Raphidiopsis mediterranea Skuja,,,Bacteria,species
,2268682,,"Blackfordia virginica Mayer, 1910",,,Animalia,species
,3219381,,Raphidiopsis curvata F.E.Fritsch & Rich,,,Bacteria,species
,3219362,,Cylindrospermopsis raciborskii (Wołosz.) Seenayya & Subbaraju,,,Bacteria,species
,2266521,,"Garveia franciscana (Torrey, 1902)",,,Animalia,species
,7406340,,Anabaenopsis cunningtonii W.R.Taylor,,,Bacteria,species
,11271734,,Bougainvillia megas,,,Animalia,species
,2266586,,"Bougainvillia muscus (Allman, 1863)",,,Animalia,species
,9150298,,"Phaeocystis pouchetii (Hariot) Lagerheim, 1893",,,Chromista,species
,5233152,,"Beroe ovata Bruguière, 1789",,,Animalia,species
,2501237,,"Bolinopsis vitrea (L.Agassiz, 1860)",,,Animalia,species
,3207190,,Spatulodinium pseudonoctiluca (C.H.G.Pouchet) Cachon & Cachon-Enj. ex Loebl. & A.R.Loebl.,,,Chromista,species
,2310244,,"Streptosyllis varians Webster & Benedict, 1887",,,Animalia,species
,8368630,,Prorocentrum cordatum (Ostenf.) J.D.Dodge,,,Chromista,species
,2309075,,"Hesionides arenaria Friedrich, 1937",,,Animalia,species
,8216761,,Oxyphysis oxytoxoides Kof.,,,Chromista,species
,8082735,,"Scrippsiella trochoidea (Stein) Loeblich Iii, 1976",,,Chromista,species
,7981847,,Peridiniopsis polonica (Wołosz.) Bourr.,,,Chromista,species
,5197747,,"Polydora cornuta Bosc, 1802",,,Animalia,species
,2321463,,"Dipolydora quadrilobata (Jacobi, 1883)",,,Animalia,species
,3205951,,"Lessardia elongata Saldarriaga & Taylor, 2003",,,Chromista,species
,7387168,,"Gymnodinium aureolum (Hulburt) Hansen, 2000",,,Chromista,species
,8301674,,"Gymnodinium catenatum Graham, 1943",,,Chromista,species
,8106934,,"Gymnodinium fuscum (Ehrenberg) Stein, 1883",,,Chromista,species
,7835170,,"Gymnodinium nanum Schiller, 1928",,,Chromista,species
,7834238,,"Gymnodinium pulchrum Schiller, 1928",,,Chromista,species
,7380778,,"Gymnodinium uberrimum (Allman) Kofoid & Swezy, 1921",,,Chromista,species
,7820300,,"Gyrodinium cochlea Lebour, 1925",,,Chromista,species
,7982246,,"Gyrodinium flagellare Schiller, 1928",,,Chromista,species
,8091601,,Gyrodinium varians (A.Wulff) J.Schiller,,,Chromista,species
,7348337,,Cochlodinium polykrikoides Margalef,,,Chromista,species
,4379029,,Azadinium spinosum Elbr. & Tillmann,,,Chromista,species
,7632200,,Alexandrium tamarense (Lebour) Balech,,,Chromista,species
,3205100,,"Alexandrium monilatum (Howell) F.J.R.Taylor, 1979",,,Chromista,species
,4368600,,"Neptunea arthritica (Valenciennes, 1858)",,,Animalia,species
,3205121,,Alexandrium minutum Halim,,,Chromista,species
,5423778,,Vaucheria dichotoma (L.) Mart.,,,Chromista,species
,2291865,,"Corambe obscura (A.E.Verrill, 1870)",,,Animalia,species
,5422283,,Octactis octonaria (Ehrenb.) Hovasse,,,Chromista,species
,3195275,,"Apedinella radians (Lohmann) Campbell, 1973",,,Chromista,species
,4373260,,"Anadara inaequivalvis (Bruguière, 1789)",,,Animalia,species
,3193498,,"Thalassiosira nordenskioeldii Cleve, 1873",,,Chromista,species
,3193387,,"Detonula pumila (Castracane) Gran, 1900",,,Chromista,species
,3193001,,Chaetoceros aequatorialis Cleve,,,Chromista,species
,3192919,,Bacteriastrum hyalinum Lauder,,,Chromista,species
,7812075,,"Achnanthes pseudogroenlandica Hendey, 1964",,,Chromista,species
,6452163,,"Poropila dubia J.Schiller, 1925",,,Plantae,species
,6452299,,"Pterosperma joergensenii J.Schiller, 1925",,,Plantae,species
,2653902,,Erythrocladia irregularis Rosenv.,,,Plantae,species
,5277736,,Polysiphonia fucoides (Hudson) Greville,,,Plantae,species
,2665384,,Hildenbrandia crouaniorum J.Agardh,,,Plantae,species
,2664195,,Acrochaetium rosulatum (Rosenvinge) Papenfuss,,,Plantae,species
,5203115,,"Umbra krameri Walbaum, 1792",,,Animalia,species
,2412864,,"Sardinella aurita Valenciennes, 1847",,,Animalia,species
,2687940,,Equisetum ramosissimum Desf.,,,Plantae,species
,2392628,,"Sarpa salpa (Linnaeus, 1758)",,,Animalia,species
,5329404,,Najas graminea Delile,,,Plantae,species
,2392508,,"Sparus aurata Linnaeus, 1758",,,Animalia,species
,2394271,,"Sphyraena sphyraena (Linnaeus, 1758)",,,Animalia,species
,2372396,,"Oreochromis mossambicus (Peters, 1852)",,,Animalia,species
,2775561,,Yucca filamentosa L.,,,Plantae,species
,2858244,,Narcissus pseudonarcissus L.,,,Plantae,species
,2393172,,"Lates calcarifer (Bloch, 1790)",,,Animalia,species
,2379294,,"Pomatoschistus bathi Miller, 1982",,,Animalia,species
,2379295,,"Pomatoschistus marmoratus (Risso, 1810)",,,Animalia,species
,2376555,,"Gobius xanthocephalus Heymer & Zander, 1992",,,Animalia,species
,2350580,,"Gambusia affinis (Baird & Girard, 1853)",,,Animalia,species
,2350570,,"Gambusia holbrooki Girard, 1859",,,Animalia,species
,2704841,,Sclerochloa dura (L.) P.Beauv.,,,Plantae,species
,5203999,,"Thymallus thymallus (Linnaeus, 1758)",,,Animalia,species
,5290063,,Beckmannia eruciformis (L.) Host,,,Plantae,species
,3189902,,Zygophyllum fabago L.,,,Plantae,species
,4543791,,"Phyllocoptes azaleae Nalepa, 1904",,,Animalia,species
,4543905,,"Aculops allotrichus (Nalepa, 1894)",,,Animalia,species
,2891488,,Geranium molle L.,,,Plantae,species
,2891031,,Geranium rotundifolium L.,,,Plantae,species
,2890603,,Geranium columbinum L.,,,Plantae,species
,2888722,,Sambucus ebulus L.,,,Plantae,species
,1417654,,"Leptopsylla segnis (Schönherr, 1811)",,,Animalia,species
,2888789,,Valerianella dentata (L.) Pollich,,,Plantae,species
,2888778,,Valerianella locusta (L.) Laterr.,,,Plantae,species
,4095539,,Valerianella rimosa Bastard,,,Plantae,species
,1370978,,"Megastigmus wachtli Seitner, 1916",,,Animalia,species
,8435025,,Dipsacus fullonum L.,,,Plantae,species
,4934466,,Cephalaria transsylvanica (L.) Schrad. ex Roem. & Schult.,,,Plantae,species
,2882404,,Ceratophyllum submersum L.,,,Plantae,species
,1032054,,"Goniocotes gallinae (de Geer, 1778)",,,Animalia,species
,2932737,,Solanum dulcamara L.,,,Plantae,species
,5121979,,"Pectinophora gossypiella (Saunders, 1844)",,,Animalia,species
,2930933,,Solanum heterodoxum Dunal,,,Plantae,species
,1857577,,"Trichophaga tapetzella (Linnaeus, 1758)",,,Animalia,species
,1857068,,"Opogona sacchari (Bojer, 1856)",,,Animalia,species
,2928390,,Convolvulus arvensis L.,,,Plantae,species
,7324560,,Convolvulus betonicifolius Mill.,,,Plantae,species
,2927518,,Cuscuta epithymum (L.) L.,,,Plantae,species
,2928441,,Calystegia sepium (L.) R.Br.,,,Plantae,species
,2874622,,Citrullus colocynthis (L.) Schrad.,,,Plantae,species
,2874497,,Bryonia alba L.,,,Plantae,species
,6422396,,Bryonia dioica Jacq.,,,Plantae,species
,3040251,,Reseda luteola L.,,,Plantae,species
,3052738,,Thlaspi alliaceum L.,,,Plantae,species
,8294966,,"Pseudococcus viburni (Signoret, 1875)",,,Animalia,species
,8308049,,"Pseudococcus calceolariae (Maskell, 1879)",,,Animalia,species
,3052436,,Arabidopsis thaliana (L.) Heynh.,,,Plantae,species
,3042888,,Brassica elongata Ehrh.,,,Plantae,species
,3042658,,Brassica nigra (L.) W.D.J.Koch,,,Plantae,species
,3046258,,Cardamine hirsuta L.,,,Plantae,species
,2087616,,"Aulacaspis yasumatsui Takagi, 1977",,,Animalia,species
,5161787,,"Aspidiotus nerii Bouche, 1833",,,Animalia,species
,5375425,,Capsella rubella Reut.,,,Plantae,species
,5375388,,Capsella bursa-pastoris (L.) Medik.,,,Plantae,species
,3049836,,Draba muralis L.,,,Plantae,species
,5376357,,Diplotaxis viminea (L.) DC.,,,Plantae,species
,2069572,,"Rhopalosiphum maidis (Fitch, 1856)",,,Animalia,species
,3051652,,Fibigia clypeata (L.) Medik.,,,Plantae,species
,8139063,,Malcolmia africana (L.) R.Br.,,,Plantae,species
,3039423,,Ziziphus jujuba Mill.,,,Plantae,species
,5361801,,Parietaria judaica L.,,,Plantae,species
,5361803,,Parietaria officinalis L.,,,Plantae,species
,2984535,,Humulus lupulus L.,,,Plantae,species
,7141679,,Celtis tournefortii Lam.,,,Plantae,species
,8025874,,"Araecerus coffeae (J.C.Fabricius, 1802)",,,Animalia,species
,1095905,,"Anthrenus flavipes Leconte, 1856",,,Animalia,species
,3023221,,Prunus spinosa L.,,,Plantae,species
,7931731,,Prunus domestica L.,,,Plantae,species
,5365013,,Aphanes arvensis L.,,,Plantae,species
,1048253,,"Epitrix hirtipennis (Melsheimer, 1847)",,,Animalia,species
,5875919,,"Bruchidius terrenus (Sharp, 1886)",,,Animalia,species
,9483153,,"Triconia minuta (Giesbrecht, 1893)",,,Animalia,species
,5166638,,"Oithona davisae Ferrari F.D. & Orsi, 1984",,,Animalia,species
,7260374,,Euryte longicauda longicauda,,,Animalia,subspecies
,3733985,,Orobanche cumana Wallr.,,,Plantae,species
,2927175,,Mentha spicata L.,,,Plantae,species
,2926682,,Lamium purpureum L.,,,Plantae,species
,5341305,,Galeopsis speciosa Mill.,,,Plantae,species
,7331926,,Veronica praecox All.,,,Plantae,species
,8208358,,Plantago lanceolata L.,,,Plantae,species
,5415020,,Linaria vulgaris Mill.,,,Plantae,species
,3171145,,Misopates orontium (L.) Raf.,,,Plantae,species
,3170817,,Kickxia spuria (L.) Dumort.,,,Plantae,species
,3170819,,Kickxia elatine (L.) Dumort.,,,Plantae,species
,4066290,,Heliotropium dolosum De Not.,,,Plantae,species
,7558421,,Symphytum officinale L.,,,Plantae,species
,2926086,,Lithospermum officinale L.,,,Plantae,species
,2925889,,Echium italicum L.,,,Plantae,species
,2975371,,Vicia articulata Hornem.,,,Plantae,species
,5360384,,Trigonella balansae Boiss. & Reut.,,,Plantae,species
,5347845,,Pisum sativum L.,,,Plantae,species
,2965527,,Medicago arabica (L.) Huds.,,,Plantae,species
,2965201,,Medicago lupulina L.,,,Plantae,species
,2971089,,Melilotus dentatus (Waldst. & Kit.) Pers.,,,Plantae,species
,5356649,,Lathyrus aphaca L.,,,Plantae,species
,5356382,,Lathyrus hirsutus L.,,,Plantae,species
,3188714,,Ammannia auriculata Willd.,,,Plantae,species
,3158779,,Legousia pentagonia (L.) Thell.,,,Plantae,species
,3149879,,Tussilago farfara L.,,,Plantae,species
,7956743,,Xeranthemum annuum L.,,,Plantae,species
,3137676,,Rhodanthe chlorocephala (Turcz.) Paul G.Wilson,,,Plantae,species
,3118274,,Tanacetum vulgare L.,,,Plantae,species
,3105813,,Sonchus arvensis L.,,,Plantae,species
,8228544,,Sonchus oleraceus L.,,,Plantae,species
,3146150,,Picnomon acarna (L.) Cass.,,,Plantae,species
,3134857,,Lapsana communis L.,,,Plantae,species
,3110654,,Ambrosia confertiflora DC.,,,Plantae,species
,5393080,,Arctium tomentosum Mill.,,,Plantae,species
,5406509,,Aster squamatus (Spreng.) Hieron.,,,Plantae,species
,3128483,,Centaurea calcitrapa L.,,,Plantae,species
,8185959,,Carduus nutans L.,,,Plantae,species
,3112801,,Cirsium vulgare (Savi) Ten.,,,Plantae,species
,3113414,,Cirsium arvense (L.) Scop.,,,Plantae,species
,5403304,,Crepis capillaris (L.) Wallr.,,,Plantae,species
,3034819,,Torilis nodosa (L.) Gaertn.,,,Plantae,species
,6027018,,Scandix australis L.,,,Plantae,species
,3642262,,Daucus broteri Ten.,,,Plantae,species
,5371879,,Apium graveolens L.,,,Plantae,species
,5384047,,Opuntia humifusa (Raf.) Raf.,,,Plantae,species
,8216413,,Rumex pseudoalpinus Höfft,,,Plantae,species
,2888963,,Rumex conglomeratus Murray,,,Plantae,species
,2888951,,Rumex acetosa L.,,,Plantae,species
,2888866,,Rheum rhaponticum L.,,,Plantae,species
,6391446,,Fallopia dumetorum (L.) Holub,,,Plantae,species
,6447704,,Polycnemum majus A.Braun,,,Plantae,species
,3759530,,Corispermum marschallii Steven,,,Plantae,species
,3760713,,Chenopodium acuminatum Willd.,,,Plantae,species
,8971274,,Beta vulgaris L.,,,Plantae,species
,5384604,,Stellaria media (L.) Vill.,,,Plantae,species
,3085619,,Petrorhagia prolifera (L.) P.W.Ball & Heywood,,,Plantae,species
,3085349,,Holosteum umbellatum L.,,,Plantae,species
,3085439,,Cerastium brachypetalum Desp. ex Pers.,,,Plantae,species
,2888446,,Papaver hybridum L.,,,Plantae,species
,5531762,,Fumaria rostellata Knaf,,,Plantae,species
,7315160,,Fumaria schleicheri Soy.-Will.,,,Plantae,species
,7392213,,Fumaria kralikii Jord.,,,Plantae,species
,5334215,,Fumaria parviflora Lam.,,,Plantae,species
,5334186,,Chelidonium majus L.,,,Plantae,species
,3033894,,Berberis vulgaris L.,,,Plantae,species
,3189912,,Peganum harmala L.,,,Plantae,species
,3152365,,Malva alcea L.,,,Plantae,species
,5372933,,Salix viminalis L.,,,Plantae,species
,3062975,,Mercurialis annua L.,,,Plantae,species
,3069282,,Euphorbia davidii Subils,,,Plantae,species
,3070106,,Euphorbia cyparissias L.,,,Plantae,species
,3067011,,Euphorbia aleppica L.,,,Plantae,species
,3056055,,Acalypha virginica L.,,,Plantae,species
,,,Incertae sedis,,,Animalia,species
,,,Incertae sedis,,,Chromista,species
,,,Incertae sedis,,,Animalia,subspecies
,2927071,,Chaiturus marrubiastrum (L.) Rchb.,,,Plantae,species
,5390611,,Cota altissima (L.) J. Gay,,,Plantae,species
,5384142,,Opuntia monacantha (Willd.) Haw.,,,Plantae,species
,2508901,,"Ochetostoma erythrogrammon Rüppell & Leuckart, 1828",,,Animalia,species
,4382171,,"Marteilia refringens Grizel, Comps, Bonami, Cousserans, Duthoit & Le Pennec, 1974",,,Chromista,species
,5423348,,Desmarestia viridis (O.F.Müll.) J.V.Lamour.,,,Chromista,species
,3197970,,Colpomenia peregrina Sauv.,,,Chromista,species
,2237923,,"Paraleucilla magna Klautau, Monteiro & Borojevic, 2004",,,Animalia,species
,8394523,,"Cocconeis caulerpacola Witkowski, Car & Dobosz, 2012",,,Chromista,species
,2319527,,"Metasychis gotoi (Izuka, 1902)",,,Animalia,species
,7705954,,"Elphidium striatopunctatum (Fichtel & Moll, 1798)",,,Chromista,species
,5196384,,"Nereis persica Fauvel, 1911",,,Animalia,species
,2318164,,"Neopseudocapitella brasiliensis Rullier & Amoureux, 1979",,,Animalia,species
,6537484,,"Cushmanina striatopunctata (Parker & Jones, 1865)",,,Chromista,species
,7665662,,"Bugulina fulva (Ryland, 1960)",,,Animalia,species
,7450084,,"Planispirinella exigua (Brady, 1879)",,,Chromista,species
,2267679,,"Eucheilota paradoxica Mayer, 1900",,,Animalia,species
,8390568,,"Coscinospira hemprichii Ehrenberg, 1839",,,Chromista,species
,2265163,,"Trichydra pudica Wright, 1857",,,Animalia,species
,2266125,,"Eudendrium carneum Clarke, 1882",,,Animalia,species
,2266154,,"Eudendrium merulum Watson, 1985",,,Animalia,species
,8077296,,"Archaias angulatus (Fichtel & Moll, 1798)",,,Chromista,species
,2265741,,"Corymorpha annulata (Kramp, 1928)",,,Animalia,species
,2269539,,"Haliscera bigelowi Kramp, 1947",,,Animalia,species
,2269489,,"Arctapodema australis (Vanhöffen, 1912)",,,Animalia,species
,5715613,,"Siphonaria pectinata (Linnaeus, 1758)",,,Animalia,species
,7517084,,"Ceratoperidinium falcatum (Kof. & Swezy) Reñé & Salas, 2013",,,Chromista,species
,4360148,,"Melibe viridis (Kelaart, 1858)",,,Animalia,species
,4360013,,"Halgerda willeyi Eliot, 1904",,,Animalia,species
,3206034,,Ostreopsis ovata Fukuyo,,,Chromista,species
,7910173,,Alexandrium ostenfeldii (Paulsen) Balech & Tangen,,,Chromista,species
,5191262,,"Aplysia dactylomela Rang, 1828",,,Animalia,species
,3205098,,Alexandrium pseudogonyaulax (Biecheler) Horiguchi ex Kita & Fukuyo,,,Chromista,species
,6532399,,"Pinctada imbricata radiata (Leach, 1814)",,,Animalia,subspecies
,2286069,,"Crassostrea gigas (Thunberg, 1793)",,,Animalia,species
,7230558,,Codium fragile subsp. fragile,,,Plantae,subspecies
,4374596,,"Brachidontes pharaonis (P.Fischer, 1870)",,,Animalia,species
,6531311,,"Arcuatula senhousia (W.H.Benson, 1842)",,,Animalia,species
,2643131,,"Caulerpa cylindracea Sonder, 1845",,,Plantae,species
,2643172,,Caulerpa taxifolia (M.Vahl) C.Agardh,,,Plantae,species
,6529629,,"Anadara kagoshimensis (Tokunaga, 1906)",,,Animalia,species
,5188945,,"Anadara transversa (Say, 1822)",,,Animalia,species
,2684363,,Juniperus chinensis L.,,,Plantae,species
,2683969,,Cupressus arizonica Greene,,,Plantae,species
,6159401,,"Podarcis siculus campestris (De Betta, 1857)",,,Animalia,subspecies
,5285247,,Pinus heldreichii H.Christ,,,Plantae,species
,2330172,,"Clavelina oblonga Herdman, 1880",,,Animalia,species
,5285134,,Pinus cembra L.,,,Plantae,species
,5285604,,Pinus halepensis Mill.,,,Plantae,species
,2353225,,"Piaractus brachypomus (Cuvier, 1818)",,,Animalia,species
,5213449,,"Stephanolepis diaspros Fraser-Brunner, 1940",,,Animalia,species
,2407758,,"Lagocephalus sceleratus (Gmelin, 1789)",,,Animalia,species
,2684391,,Juniperus virginiana L.,,,Plantae,species
,2368598,,"Parexocoetus mento (Valenciennes, 1847)",,,Animalia,species
,5284682,,Cedrus libani A.Rich.,,,Plantae,species
,2368819,,"Hyporhamphus Gill, 1859",,,Animalia,genus
,2368968,,"Hemiramphus far (Forsskål, 1775)",,,Animalia,species
,5200938,,"Fistularia commersonii Rüppell, 1838",,,Animalia,species
,2390262,,"Siganus luridus (Rüppell, 1829)",,,Animalia,species
,5279834,,Asparagopsis taxiformis (Delile) Trevis.,,,Plantae,species
,5279840,,Asparagopsis armata Harv.,,,Plantae,species
,2390185,,"Siganus rivulatus Forsskål & Niebuhr, 1775",,,Animalia,species
,5277463,,Womersleyella setacea (Hollenberg) R.E.Norris,,,Plantae,species
,2374535,,"Terapon theraps Cuvier, 1829",,,Animalia,species
,2394252,,"Sphyraena chrysotaenia Klunzinger, 1884",,,Animalia,species
,2392240,,"Oplegnathus fasciatus (Temminck & Schlegel, 1844)",,,Animalia,species
,2659723,,"Lophocladia lallemandii (Mont.) F.Schmitz, 1893",,,Plantae,species
,5210935,,"Pagrus major (Temminck & Schlegel, 1843)",,,Animalia,species
,2397682,,"Pampus argenteus (Euphrasen, 1788)",,,Animalia,species
,5279755,,Chondria coerulescens (J.Agardh) Falkenb.,,,Plantae,species
,5279795,,"Chondria pygmaea Garbary & Vandermeulen, 1990",,,Plantae,species
,2394612,,"Morone saxatilis (Walbaum, 1792)",,,Animalia,species
,2658484,,Acrothamnion preissii (Sonder) E.M.Wollaston,,,Plantae,species
,5211452,,"Holacanthus ciliaris (Linnaeus, 1758)",,,Animalia,species
,2891661,,Oxalis pes-caprae L.,,,Plantae,species
,2387685,,"Paranthias furcifer (Valenciennes, 1828)",,,Animalia,species
,2388213,,"Epinephelus coioides (Hamilton, 1822)",,,Animalia,species
,2396338,,"Equulites klunzingeri (Steindachner, 1898)",,,Animalia,species
,2335806,,"Elates ransonnettii (Steindachner, 1876)",,,Animalia,species
,5330776,,Colocasia esculenta (L.) Schott,,,Plantae,species
,5294589,,Washingtonia filifera (Rafarin) H.Wendl. ex de Bary,,,Plantae,species
,5962255,,"Cyclopterus lumpus Linnaeus, 1758",,,Animalia,species
,6109529,,Phoenix canariensis hort. ex Chabaud,,,Plantae,species
,2736625,,Chamaerops humilis L.,,,Plantae,species
,4284021,,"Salvelinus alpinus (Linnaeus, 1758)",,,Animalia,species
,3085191,,Celosia argentea L.,,,Plantae,species
,8034409,,Canna indica L.,,,Plantae,species
,2720282,,Scirpus pendulus Muhl.,,,Plantae,species
,2716719,,Cyperus strigosus L.,,,Plantae,species
,2714156,,Cyperus alternifolius L.,,,Plantae,species
,2725754,,Carex punctata Gaudin,,,Plantae,species
,2440934,,"Axis axis (Erxleben, 1777)",,,Animalia,species
,6165157,,"Ovis aries musimon (Pallas, 1811)",,,Animalia,subspecies
,2441005,,"Ammotragus lervia (Pallas, 1777)",,,Animalia,species
,2704793,,Sporobolus neglectus Nash,,,Plantae,species
,2704768,,Sporobolus vaginiflorus (Torr. ex A.Gray) Alph.Wood,,,Plantae,species
,2706141,,Pennisetum glaucum (L.) R.Br.,,,Plantae,species
,2706154,,Pennisetum villosum Fresen.,,,Plantae,species
,2704002,,Muhlenbergia schreberi J.F.Gmel.,,,Plantae,species
,2129330,,"Panonychus citri (McGregor, 1916)",,,Animalia,species
,2131090,,"Brevipalpus obovatus Donnadieu, 1875",,,Animalia,species
,5296097,,Sisyrinchium bermudiana L.,,,Plantae,species
,5298086,,Iris pallida Lam.,,,Plantae,species
,2747430,,Crocus sativus L.,,,Plantae,species
,2225783,,"Percnon gibbesi (H.Milne Edwards, 1853)",,,Animalia,species
,2858472,,Narcissus ×odorus L.,,,Plantae,species
,2114793,,"Arietellus pavoninus Sars G.O., 1905",,,Animalia,species
,2115692,,"Balanus tintinnabulum (Linnaeus, 1758)",,,Animalia,species
,5862470,,"Amphibalanus eburneus (Gould, 1841)",,,Animalia,species
,2858896,,Narcissus ×medioluteus Mill.,,,Plantae,species
,2859255,,Narcissus ×incomparabilis Mill.,,,Plantae,species
,2856558,,Allium ascalonicum L.,,,Plantae,species
,2114232,,"Parvocalanus crassirostris (Dahl F., 1894)",,,Animalia,species
,2775744,,Yucca aloifolia L.,,,Plantae,species
,2769760,,Ruscus ×microglossus Bertol.,,,Plantae,species
,8382786,,"Massilieurodes chittendeni (Laing, 1928)",,,Animalia,species
,2769757,,Ruscus hypophyllum L.,,,Plantae,species
,2774158,,Ophiopogon japonicus (Thunb.) Ker Gawl.,,,Plantae,species
,2766411,,Cordyline australis (G.Forst.) Endl.,,,Plantae,species
,2769937,,Aspidistra elatior Blume,,,Plantae,species
,8006995,,"Protopulvinaria pyriformis (Cockerell, 1894)",,,Animalia,species
,4484535,,"Neopulvinaria innumerabilis (Rathvon, 1854)",,,Animalia,species
,2088123,,"Kuwanaspis pseudoleucaspis (Kuwana, 1923)",,,Animalia,species
,5163968,,"Antonina crawi Cockerell, 1900",,,Animalia,species
,8156718,,Oxalis fontana Bunge,,,Plantae,species
,7410966,,Nymphaea candida C.Presl,,,Plantae,species
,5372424,,Vitis labrusca L.,,,Plantae,species
,1595831,,"Obolodiplosis robiniae (Haldeman, 1847)",,,Animalia,species
,3153837,,Magnolia acuminata (L.) L.,,,Plantae,species
,3153912,,Magnolia stellata (Siebold & Zucc.) Maxim.,,,Plantae,species
,1595142,,"Dasineura gleditchiae (Osten Sacken, 1866)",,,Animalia,species
,9605163,,Magnolia grandiflora L.,,,Plantae,species
,9561762,,Pelargonium peltatum (L.) L'Hér.,,,Plantae,species
,3826724,,Pelargonium ×hybridum (L.) L'Hér.,,,Plantae,species
,10414829,,"Platygaster robiniae Buhl & Duso, 2008",,,Animalia,species
,3857225,,Viburnum carlesii Hemsl. ex Forbes & Hemsl.,,,Plantae,species
,2888608,,Viburnum prunifolium L.,,,Plantae,species
,1309465,,"Aphanogmus bicolor Ashmead, 1893",,,Animalia,species
,3855595,,Symphoricarpos ×chenaultii Rehder,,,Plantae,species
,1269194,,"Aphidius smithi Sharma & Subba Rao, 1959",,,Animalia,species
,5334268,,Lonicera fragrantissima Lindl. & Paxton,,,Plantae,species
,1364719,,"Aphytis mytilaspidis (Le Baron, 1870)",,,Animalia,species
,5334277,,Lonicera periclymenum L.,,,Plantae,species
,1375843,,"Anicetus annulatus Timberlake, 1919",,,Animalia,species
,4499838,,"Adelencyrtus aulacaspidis (Brethes, 1914)",,,Animalia,species
,2888730,,Weigela florida (Bunge) A.DC.,,,Plantae,species
,2888710,,Diervilla sessilifolia Buckley,,,Plantae,species
,5420901,,Punica granatum L.,,,Plantae,species
,3188745,,Lythrum thymifolia L.,,,Plantae,species
,3188725,,Lagerstroemia indica L.,,,Plantae,species
,2763941,,Commelina benghalensis L.,,,Plantae,species
,2874612,,Sechium edule (Jacq.) Sw.,,,Plantae,species
,8350997,,Cucumis metuliferus E.Mey. ex Schrad.,,,Plantae,species
,2081658,,"Eriococcus araucariae Maskell, 1879",,,Animalia,species
,5163470,,"Saissetia coffeae (Walker, 1852)",,,Animalia,species
,8830832,,Ipomoea coccinea Sessé & Moc.,,,Plantae,species
,2091803,,"Pulvinaria horii Kuwana, 1902",,,Animalia,species
,2928551,,Ipomoea batatas (L.) Lam.,,,Plantae,species
,2090576,,"Parthenolecanium fletcheri (Cockerell, 1893)",,,Animalia,species
,5163248,,"Coccus pseudomagnoliarum (Kuwana, 1914)",,,Animalia,species
,2092339,,"Ceroplastes sinensis Del Guercio, 1900",,,Animalia,species
,2092435,,"Ceroplastes japonicus Green, 1921",,,Animalia,species
,7558234,,Solanum sodomeum Dunal,,,Plantae,species
,8416592,,"Parlatoria ziziphi (Lucas, 1853)",,,Animalia,species
,5162255,,"Parlatoria pergandii Comstock, 1881",,,Animalia,species
,2089006,,"Lepidosaphes beckii (Newman, 1869)",,,Animalia,species
,2930922,,Solanum rostratum Dunal,,,Plantae,species
,8215075,,"Lepidosaphes gloverii (Packard, 1869)",,,Animalia,species
,2930617,,Solanum melongena L.,,,Plantae,species
,2928796,,Salpichroa origanifolia (Lam.) Baill.,,,Plantae,species
,5341783,,Physalis heterophylla Nees,,,Plantae,species
,2083463,,"Chrysomphalus dictyospermi (Morgan, 1889)",,,Animalia,species
,8026254,,"Chrysomphalus aonidum (Linnaeus, 1758)",,,Animalia,species
,3797421,,Lycium europaeum L.,,,Plantae,species
,2928747,,Datura metel L.,,,Plantae,species
,8403992,,Capsicum frutescens L.,,,Plantae,species
,2984671,,Buxus sempervirens L.,,,Plantae,species
,4386522,,"Takecallis taiwana (Takahashi, 1926)",,,Animalia,species
,2071309,,"Periphyllus californiensis (Shinji, 1917)",,,Animalia,species
,7494548,,Sedum sieboldii Regel,,,Plantae,species
,7444572,,"Sedum spurium Sibth. ex Nyman, 1879",,,Plantae,species
,2986192,,Ribes nigrum L.,,,Plantae,species
,2986097,,Ribes rubrum L.,,,Plantae,species
,2075274,,"Dysaphis tulipae (Boyer de Fonscolombe, 1841)",,,Animalia,species
,7416939,,Paeonia peregrina Mill.,,,Plantae,species
,2073431,,"Cinara cedri Mimeur, 1936",,,Animalia,species
,2069916,,"Appendiseta robiniae (Gillette, 1907)",,,Animalia,species
,2049627,,"Eopineus strobus (Hartig, 1837)",,,Animalia,species
,2014023,,"Acizzia jamatonica (Kuwayama, 1908)",,,Animalia,species
,3026405,,Spiraea crenata L.,,,Plantae,species
,3022502,,Prunus dulcis (Mill.) D.A.Webb,,,Plantae,species
,3001660,,Malus ×florentina (Zuccagni) C.K.Schneid.,,,Plantae,species
,3024146,,Eriobotrya japonica (Thunb.) Lindl.,,,Plantae,species
,7515176,,Fragaria ×ananassa Duchesne ex Decne. & Naudin,,,Plantae,species
,3031919,,Duchesnea indica (Andrews) Focke,,,Plantae,species
,3025755,,Cotoneaster nebrodensis (Guss.) Koch,,,Plantae,species
,2889930,,Tropaeolum minus L.,,,Plantae,species
,5104862,,"Caloptilia roscipennella (Hübner, 1796)",,,Animalia,species
,7274324,,Tropaeolum peregrinum L.,,,Plantae,species
,8860549,,Cleome spinosa L.,,,Plantae,species
,7225622,,Lunaria annua subsp. annua,,,Plantae,subspecies
,12014559,,"Acalyptris platani (Müller-Rutz, 1934) Muller-Rutz, 1934",,,Animalia,species
,5375925,,Eruca vesicaria subsp. sativa (Mill.) Thell.,,,Plantae,subspecies
,1044270,,"Orthoperus aequalis Sharp, 1885",,,Animalia,species
,3042637,,Brassica napus subsp. rapifera Metzg. ex Sinskaya,,,Plantae,subspecies
,7225635,,Brassica napus subsp. napus,,,Plantae,subspecies
,3042837,,Brassica cretica Lam.,,,Plantae,species
,3042533,,Brassica rupestris Raf.,,,Plantae,species
,1043326,,"Rodolia cardinalis (Mulsant, 1850)",,,Animalia,species
,7225636,,Brassica rapa subsp. rapa,,,Plantae,subspecies
,5415036,,Syringa persica L.,,,Plantae,species
,3172301,,Ligustrum japonicum Thunb.,,,Plantae,species
,3172297,,Ligustrum lucidum W.T.Aiton,,,Plantae,species
,3172261,,Jasminum officinale L.,,,Plantae,species
,3684450,,Jasminum fruticans L.,,,Plantae,species
,5549548,,Forsythia europaea Degen & Bald.,,,Plantae,species
,1045837,,"Palorus ratzeburgi (Wissmann, 1848)",,,Animalia,species
,7308883,,Elsholtzia stauntonii Benth.,,,Plantae,species
,7613490,,Campsis radicans (L.) Seem.,,,Plantae,species
,5415019,,Linaria repens (L.) Mill.,,,Plantae,species
,5561322,,Linaria triphylla (L.) Mill.,,,Plantae,species
,5414995,,Digitalis purpurea L.,,,Plantae,species
,5526185,,Periploca sepium Bunge,,,Plantae,species
,3170442,,Araujia sericifera Brot.,,,Plantae,species
,8677924,,Pittosporum tobira (Murray) Aiton fil.,,,Plantae,species
,8193935,,Petroselinum crispum (Mill.) A.W.Hill,,,Plantae,species
,7350944,,Daucus carota subsp. sativus (Hoffm.) Schübl. & G.Martens,,,Plantae,subspecies
,3634505,,Astrodaucus orientalis (L.) Drude,,,Plantae,species
,7065260,,Angelica archangelica subsp. archangelica,,,Plantae,subspecies
,2874707,,Tamarix tetrandra Pall. ex M.Bieb.,,,Plantae,species
,7288869,,Portulaca oleracea var. oleracea,,,Plantae,variety
,8039905,,"Polygonum orientale Wall., 1829",,,Plantae,species
,7619233,,Rheum tataricum L.fil.,,,Plantae,species
,8205956,,"Opuntia vulgaris Ten., 1831",,,Plantae,species
,8009883,,Opuntia maxima Salm-Dyck ex DC.,,,Plantae,species
,5384064,,Opuntia ficus-indica (L.) Mill.,,,Plantae,species
,6381277,,Cylindropuntia imbricata (Haw.) F.M.Knuth,,,Plantae,species
,3703606,,Carpobrotus acinaciformis (L.) L.Bolus,,,Plantae,species
,7167078,,Bougainvillea spectabilis Willd.,,,Plantae,species
,3760183,,Halogeton sativus (L.) Moq.,,,Plantae,species
,8232750,,Chenopodium capitatum (L.) Ambrosi,,,Plantae,species
,7700420,,Armeria maritima Mill.,,,Plantae,species
,3083508,,Anredera cordifolia (Ten.) Steenis,,,Plantae,species
,3084908,,Gomphrena globosa L.,,,Plantae,species
,7379483,,Amaranthus cruentus Willd. ex Roxb.,,,Plantae,species
,7565596,,Silene coeli-rosa (L.) A.Br.,,,Plantae,species
,8184143,,Zinnia elegans L.,,,Plantae,species
,4933568,,Senecio angulatus L.fil.,,,Plantae,species
,3088492,,Tagetes patula L.,,,Plantae,species
,5402620,,Iva xanthiifolia Nutt.,,,Plantae,species
,7223198,,Lapsana communis subsp. communis,,,Plantae,subspecies
,6082629,,Lapsana communis subsp. adenophora (Boiss.) Rech.fil.,,,Plantae,subspecies
,5406285,,Aster ×lanceolatus Willd.,,,Plantae,species
,7899948,,Aster squamatus (Spreng.) Hieron. ex Sodiro,,,Plantae,species
,7970416,,Bidens bipinnata Hook. & Arn.,,,Plantae,species
,3094849,,Carpesium abrotanoides L.,,,Plantae,species
,8534879,,Coreopsis grandiflora Hogg,,,Plantae,species
,8035432,,Crepis sancta (L.) Babc.,,,Plantae,species
,3115588,,Dichrocephala integrifolia (L.fil.) Kuntze,,,Plantae,species
,6298105,,Erigeron annuus subsp. annuus,,,Plantae,subspecies
,4219549,,Erigeron annuus subsp. septentrionalis (Fernald & Wiegand) Wagenitz,,,Plantae,subspecies
,3119231,,Helianthus pauciflorus Nutt.,,,Plantae,species
,2891773,,Impatiens balsamina L.,,,Plantae,species
,3032980,,Diospyros lotus L.,,,Plantae,species
,3032984,,Diospyros kaki L.f.,,,Plantae,species
,3169305,,Anagallis arvensis L.,,,Plantae,species
,7606812,,Dicentra spectabilis (L.) Lem.,,,Plantae,species
,7278282,,Nigella arvensis subsp. arvensis,,,Plantae,subspecies
,5371707,,Adonis aestivalis L.,,,Plantae,species
,3190642,,Schinus molle L.,,,Plantae,species
,3190585,,Pistacia vera L.,,,Plantae,species
,5421338,,Dictamnus albus L.,,,Plantae,species
,3190158,,"Citrus sinensis (Mill.) Pers., 1806",,,Plantae,species
,3190157,,Citrus medica L.,,,Plantae,species
,9198046,,Citrus ×limon (L.) Burm.fil.,,,Plantae,species
,7912328,,Acer palmatum Thunb. ex Murr.,,,Plantae,species
,2951984,,Ulex europaeus L.,,,Plantae,species
,2977331,,Wisteria sinensis (Sims) Sweet,,,Plantae,species
,2982583,,Vigna unguiculata (L.) Walp.,,,Plantae,species
,2978552,,Acacia saligna (Labill.) H.L.Wendl.,,,Plantae,species
,2979474,,Acacia dealbata Link,,,Plantae,species
,2972983,,Albizia julibrissin Durazz.,,,Plantae,species
,2944215,,Gymnocladus dioicus (L.) K.Koch,,,Plantae,species
,2960919,,Hedysarum coronarium L.,,,Plantae,species
,5350010,,Lens culinaris Medik.,,,Plantae,species
,2964435,,Lupinus perennis L.,,,Plantae,species
,2964168,,Lupinus albus subsp. albus,,,Plantae,subspecies
,2964029,,Lupinus angustifolius subsp. reticulatus (Desv.) Arcang.,,,Plantae,subspecies
,5356964,,Lotus drepanocarpus Durieu,,,Plantae,species
,7068169,,Medicago sativa subsp. sativa,,,Plantae,subspecies
,2965379,,Medicago arborea L.,,,Plantae,species
,3970675,,Ononis alopecuroides subsp. exalopecuroides (G.López) Greuter & Burdet,,,Plantae,subspecies
,5358260,,Ornithopus pinnatus (Mill.) Druce,,,Plantae,species
,5352221,,Robinia hispida L.,,,Plantae,species
,5359246,,Trifolium arvense L.,,,Plantae,species
,8018127,,Salix alba subsp. vitellina (L.) Schübl. & G.Martens,,,Plantae,subspecies
,3064943,,Euphorbia marginata Pursh,,,Plantae,species
,3152658,,Gossypium herbaceum L.,,,Plantae,species
,7786241,,"Althaea rosea Hohen. ex Boiss., 1856",,,Plantae,species
,5617456,,Alcea setosa (Boiss.) Alef.,,,Plantae,species
,3152707,,Abelmoschus esculentus (L.) Moench,,,Plantae,species
,2509985,,"Phascolosoma carneum Leuckart & Rnppell, 1828",,,Animalia,species
,9680062,,"Bursatella leachii Blainville, 1817",,,Animalia,species
,6531560,,"Limnoperna securis (Lamarck, 1819)",,,Animalia,species
,5273309,,"Ulva lactuca Linnaeus, 1753",,,Plantae,species
,2684855,,Platycladus orientalis (L.) Franco,,,Plantae,species
,2684030,,Cupressus sempervirens L.,,,Plantae,species
,7777043,,"Neosiphonia paniculata (Montagne) J.N.Norris, 2014",,,Plantae,species
,2705184,,Sorghum drummondii (Nees ex Steud.) Millsp. & Chase,,,Plantae,species
,5289679,,Setaria parviflora (Poir.) M.Kerguelen,,,Plantae,species
,2434271,,Herpestes javanicus,,,Animalia,species
,2227309,,"Procambarus fallax (Hagen, 1870)",,,Animalia,species
,3152814,,Platanus hybrida Brot.,,,Plantae,species
,3039193,,Parthenocissus vitacea (Knerr) A.S. Hitchc.,,,Plantae,species
,7529757,,Linnaea amabilis (Graebn.) Christenh.,,,Plantae,species
,3188894,,Oenothera glazioviana M. Micheli,,,Plantae,species
,2874672,,Lagenaria siceraria (Molina) Standl.,,,Plantae,species
,3610755,,Cuscuta tasmanica Engelm.,,,Plantae,species
,2928541,,Ipomoea cordatotriloba Dennst.,,,Plantae,species
,2928859,,Petunia atkinsiana D. Don ex Loud.,,,Plantae,species
,4485136,,"Aphis aurantii Boyer de Fonscolombe, 1841",,,Animalia,species
,3001093,,Malus pumila Mill.,,,Plantae,species
,3042636,,Brassica napus L.,,,Plantae,subspecies
,3042845,,Brassica oleracea L.,,,Plantae,subspecies
,5667503,,Aloysia citrodora Palau,,,Plantae,species
,5020078,,"Xyleborus germanus Blandford, 1894d",,,Animalia,species
,4022617,,Portulaca nitida (Danin & H.G. Baker) C. Ricceri & P.V. Arrigoni,,,Plantae,subspecies
,4023278,,Portulaca granulatostellulata (Poelln.) C. Ricceri & P.V.Arrigoni,,,Plantae,subspecies
,4021919,,Portulaca sativa Haw.,,,Plantae,subspecies
,7673566,,Chenopodium ambrosioides Bert. ex Steud.,,,Plantae,species
,7852603,,Bassia scoparia (L.) Voss,,,Plantae,species
,5408269,,Lobelia cardinalis L.,,,Plantae,species
,3089154,,Xanthium strumarium L.,,,Plantae,subspecies
,5386012,,Cyanus segetum Hill,,,Plantae,species
,3151474,,Symphyotrichum tradescantii (L.) G.L.Nesom,,,Plantae,species
,3151811,,Symphyotrichum salignum (Willd.) G.L.Nesom,,,Plantae,species
,8559226,,Artemisia gmelinii Weber,,,Plantae,species
,,,Delairea odorata Lam.,,,Plantae,species
,3125952,,Santolina villosa Mill.,,,Plantae,subspecies
,8961584,,Erigeron bonariensis Hort.,,,Plantae,species
,,,Cichorium endivia Schousb.,,,Plantae,subspecies
,5387142,,Dahlia pinnata Cav.,,,Plantae,species
,8392258,,Erigeron annuus (L.) Desf.,,,Plantae,species
,7852981,,Erechtites hieracifolia (L.) Raf.,,,Plantae,species
,5400613,,Ageratina adenophora (Spreng.) R.M.King & H.Rob.,,,Plantae,species
,3146632,,Erigeron strigosus Muhl. ex Willd.,,,Plantae,subspecies
,8562330,,Consolida orientalis (Gay) Schröd.,,,Plantae,species
,5371707,,Adonis aestivalis L.,,,Plantae,subspecies
,8246651,,Adonis flammea Jacq.,,,Plantae,subspecies
,3190129,,Citrus trifoliata L.,,,Plantae,species
,3190172,,Citrus reticulata Blanco,,,Plantae,species
,2979408,,Acacia retinodes Schltdl.,,,Plantae,species
,2982781,,Vigna caracalla (L.) Verdc.,,,Plantae,species
,2956176,,Delonix regia (Hook.) Raf.,,,Plantae,species
,2958650,,Caesalpinia gilliesii (Hook.) D.Dietr.,,,Plantae,species
,2977636,,Pueraria montana (Lour.) Merr.,,,Plantae,species
,2972405,,Indigofera heterantha Brandis,,,Plantae,species
,2964596,,Lupinus pilosus L.,,,Plantae,species
,2264597,,"Rhopilema nomadica Galil, Spanier & Ferguson, 1990",,,Animalia,species
,2334433,,"Pterois miles (Bennett, 1828)",,,Animalia,species
,2407271,,"Torquigener flavimaculosus Hardy & Randall, 1983",,,Animalia,species
,2356802,,"Sargocentron rubrum (Forsskål, 1775)",,,Animalia,species
,2396749,,"Parupeneus forsskali (Fourmanoir & Guézé, 1976)",,,Animalia,species
,2441502,,"Testudo marginata Schoepff, 1792",,,Animalia,species
,3176197,,Eucalyptus camaldulensis Dehn.,,,Plantae,species
,3176772,,Eucalyptus gomphocephala A.Cunn. ex DC.,,,Plantae,species
,5421144,,Dodonaea viscosa (L.) Jacq.,,,Plantae,species
,2891932,,Casuarina cunninghamiana Miq.,,,Plantae,species
,4236602,,Symphyotrichum subulatum var. squamatum (Spreng.) S.D.Sundb.,,,Plantae,species
,3200580,,Stypopodium schimperi (Kützing) Verlaque & Boudouresque,,,Chromista,
,5421948,,"Rhizosolenia calcar-avis Schultze, 1858",,,Chromista,
,4554475,,"Xiphinema brevicolle Lordello & Da Costa, 1961",,,Animalia,
,4554493,,"Xiphinema index Thorne & Allen, 1950",,,Animalia,
,4554459,,"Xiphinema italiae Meyl, 1953",,,Animalia,
,4556299,,"Meloidogyne arenaria (Neal, 1889) Chitwood, 1949",,,Animalia,
,2283982,,"Meloidogyne hapla Chitwood, 1949",,,Animalia,
,5188667,,"Globodera rostochiensis (Wollenweber, 1923) Skarbilovich, 1959",,,Animalia,
,4555875,,"Ditylenchus destructor Thorne, 1945",,,Animalia,
,8271018,,"Pseudolachlanella slitella Langer, 1992",,,Chromista,
,2267855,,"Laodicea fijiana Agassiz & Mayer, 1899",,,Animalia,
,2264597,,"Rhopilema nomadica Galil, Spanier & Ferguson, 1990",,,Animalia,
,8234981,,"Pegidia lacunata McCulloch, 1977",,,Chromista,
,2264603,,"Cassiopea andromeda (Forskål, 1775)",,,Animalia,
,7374940,,"Amphistegina lobifera Larsen, 1976",,,Chromista,
,2318080,,"Notomastus aberans Day, 1957",,,Animalia,
,7930958,,"Notomastus mossambicus (Thomassin, 1970)",,,Animalia,
,2318164,,"Neopseudocapitella brasiliensis Rullier & Amoureux, 1979",,,Animalia,
,2319527,,"Metasychis gotoi (Izuka, 1902)",,,Animalia,
,2575053,,Seiridium cardinale (W.W.Wagener) B.Sutton & I.A.S.Gibson,,,Fungi,
,2317532,,"Linopherus canariensis Langerhans, 1881",,,Animalia,
,2325174,,"Terebella ehrenbergi Gravier, 1906",,,Animalia,
,2324609,,"Pista unibranchia Day, 1963",,,Animalia,
,2611508,,Macrophomina phaseolina (Tassi) Goid.,,,Fungi,
,5199417,,"Spirorbis marioni Caullery & Mesnil, 1897",,,Animalia,
,2675378,,Dicranoweisia cirrata (Hedw.) Lindb.,,,Plantae,
,5199674,,"Spirobranchus tetraceros (Schmarda, 1861)",,,Animalia,
,8400812,,"Hydroides heterocera (Grube, 1868)",,,Animalia,
,2328302,,"Hydroides elegans (Haswell, 1883)",,,Animalia,
,5200315,,"Branchiomma luctuosum (Grube, 1870)",,,Animalia,
,4375452,,Chaetomorpha patentiramea (Mont) Kutz.,,,Plantae,
,5854272,,"Branchiomma bairdi (McIntosh, 1885)",,,Animalia,
,2315466,,"Pseudonereis anomala Gravier, 1899",,,Animalia,
,2315832,,"Ceratonereis mirabilis Kinberg, 1865",,,Animalia,
,2643103,,Caulerpa racemosa var. lamourouxii (Turner) Weber Bosse,,,Plantae,
,2643093,,Caulerpa racemosa (Forssk.) J.Agardh,,,Plantae,
,2643131,,"Caulerpa cylindracea Sonder, 1845",,,Plantae,
,2310982,,"Prosphaerosyllis longipapillata (Hartmann-Schröder, 1979)",,,Animalia,
,2310374,,"Eusyllis kupfferi Langerhans, 1879",,,Animalia,
,9802728,,Hypnea musciformis,,,Plantae,
,4341995,,"Synaptula reciprocans (Forsskål, 1775)",,,Animalia,
,2663181,,"Botryocladia madagascariensis G.Feldmann, 1945",,,Plantae,
,2276151,,"Ophiactis savignyi (Müller & Troschel, 1842)",,,Animalia,
,5279840,,Asparagopsis armata Harv.,,,Plantae,
,2276189,,"Ophiactis macrolepidota Marktanner-Turneretscher, 1887",,,Animalia,
,2272084,,"Aquilonastra burtoni (Gray, 1840)",,,Animalia,
,5277464,,Polysiphonia setacea,,,Plantae,
,5277736,,Polysiphonia fucoides (Hudson) Greville,,,Plantae,
,2659723,,"Lophocladia lallemandii (Mont.) F.Schmitz, 1893",,,Plantae,
,5729648,,"Spondylus spinosus Schreibers, 1793",,,Animalia,
,2684184,,Tetraclinis articulata (Vahl) Mast.,,,Plantae,
,5285604,,Pinus halepensis Mill.,,,Plantae,
,5285165,,Pinus pinea L.,,,Plantae,
,8770976,,"Psammacoma gubernaculum (Hanley, 1844)",,,Animalia,
,5729175,,"Fulvia fragilis (Forsskål, 1775)",,,Animalia,
,5294589,,Washingtonia filifera (Rafarin) H.Wendl. ex de Bary,,,Plantae,
,6109699,,Phoenix dactylifera L.,,,Plantae,
,6532399,,"Pinctada imbricata radiata (Leach, 1814)",,,Animalia,
,4374719,,"Malleus regula (Forsskål, 1775)",,,Animalia,
,4595289,,"Dendostrea folium (Linnaeus, 1758)",,,Animalia,
,5329631,,Halophila stipulacea (Forssk.) Asch.,,,Plantae,
,2286095,,"Dendostrea frons (Linnaeus, 1758)",,,Animalia,
,2714156,,Cyperus alternifolius L.,,,Plantae,
,8385517,,"Paratapes textilis (Gmelin, 1791)",,,Animalia,
,2716226,,Cyperus esculentus L.,,,Plantae,
,4372803,,"Gafrarium pectinatum (Linnaeus, 1758)",,,Animalia,
,6313051,,Triticum turgidum subsp. durum (Desf.) Husn.,,,Plantae,
,4372070,,"Chama pacifica Broderip, 1835",,,Animalia,
,4372055,,"Chama asperella Lamarck, 1819",,,Animalia,
,4374596,,"Brachidontes pharaonis (P.Fischer, 1870)",,,Animalia,
,2705181,,Sorghum bicolor (L.) Moench,,,Plantae,
,2702870,,Stenotaphrum secundatum (Walter) Kuntze,,,Plantae,
,2703935,,Saccharum spontaneum L.,,,Plantae,
,9512405,,"Trochus erithreus Brocchi, 1821",,,Animalia,
,5289686,,Setaria verticillata (L.) P.Beauv.,,,Plantae,
,2706154,,Pennisetum villosum Fresen.,,,Plantae,
,4369932,,"Smaragdia souverbiana (Montrouzier, 1863)",,,Animalia,
,2705622,,Paspalum distichum L.,,,Plantae,
,2705090,,Panicum miliaceum L.,,,Plantae,
,4132253,,Leptochloa mucronata (Michx.) Kunth,,,Plantae,
,5189806,,"Physella acuta (Draparnaud, 1805)",,,Animalia,
,2706056,,Hordeum vulgare L.,,,Plantae,
,2706322,,Hemarthria altissima (Poir.) Stapf & C.E.Hubb.,,,Plantae,
,2290946,,"Planorbarius corneus (Linnaeus, 1758)",,,Animalia,
,7505121,,"Melanopsis tuberculata Pavlović, 1927",,,Animalia,
,2702863,,Ehrharta erecta Lam.,,,Plantae,
,6431411,,Echinochloa colonum (L.) Link,,,Plantae,
,4363162,,"Metaxia bacillum (Issel, 1869)",,,Animalia,
,2705955,,Eleusine tristachya (Lam.) Lam.,,,Plantae,
,4359131,,"Leucotina natalensis E.A.Smith, 1910",,,Animalia,
,2705953,,Eleusine indica (L.) Gaertn.,,,Plantae,
,2706188,,Dactyloctenium aegyptium (L.) Willd.,,,Plantae,
,2301884,,"Finella pupoides A.Adams, 1860",,,Animalia,
,5828220,,Cenchrus purpureus (Schumach.) Morrone,,,Plantae,
,5290192,,Cenchrus longisetus M.C.Johnst.,,,Plantae,
,2705290,,Avena sativa L.,,,Plantae,
,7923205,,"Zafra savignyi (Moazzo, 1939)",,,Animalia,
,2703041,,Arundo donax L.,,,Plantae,
,4368896,,"Zafra selasphora (Melvill & Standen, 1901)",,,Animalia,
,7655863,,"Indothais lacera (Born, 1778)",,,Animalia,
,5326791,,Sternbergia lutea (L.) Ker Gawl. ex Spreng.,,,Plantae,
,4363957,,"Ergalatax junionae Houart, 2008",,,Animalia,
,2855519,,Nothoscordum gracile (Aiton) Stearn,,,Plantae,
,4362606,,"Cycloscala hyalina (G.B.Sowerby II, 1844)",,,Animalia,
,5298069,,Iris ×germanica L.,,,Plantae,
,4360148,,"Melibe viridis (Kelaart, 1858)",,,Animalia,
,5298598,,Iris albicans Lange,,,Plantae,
,2747084,,Freesia refracta (Jacq.) Klatt,,,Plantae,
,4360080,,"Hypselodoris infucata (Rüppell & Leuckart, 1830)",,,Animalia,
,6519803,,"Goniobranchus annulatus (Eliot, 1904)",,,Animalia,
,6518477,,"Coryphellina rubrolineata O'Donoghue, 1929",,,Animalia,
,2777724,,Aloe vera (L.) Burm.f.,,,Plantae,
,7812829,,"Turbonilla edgarii (Melvill, 1896)",,,Animalia,
,4358765,,"Syrnola fasciata Jickeli, 1882",,,Animalia,
,2768885,,Asparagus officinalis L.,,,Plantae,
,2768503,,Asparagus densiflorus (Kunth) Jessop,,,Plantae,
,7548918,,"Pyrgulina pupaeformis (Souverbie, 1865)",,,Animalia,
,2767031,,Agave americana L.,,,Plantae,
,5724275,,"Cingulina isseli (Tryon, 1886)",,,Animalia,
,4362907,,"Rhinoclavis kochi (R.A.Philippi, 1848)",,,Animalia,
,2891661,,Oxalis pes-caprae L.,,,Plantae,
,4362872,,"Cerithium nesioticum Pilsbry & Vanatta, 1906",,,Animalia,
,4362895,,"Cerithium scabridum R.A.Philippi, 1848",,,Animalia,
,4362829,,"Cerithidium perparvulum (R.B.Watson, 1886)",,,Animalia,
,4362384,,"Sticteulima lentiginosa (A.Adams, 1861)",,,Animalia,
,4361747,,"Rissoina bertholleti Issel, 1869",,,Animalia,
,4360952,,"Purpuradusta gracilis notata (Gill, 1858)",,,Animalia,
,6489949,,"Conomurex persicus (Swainson, 1821)",,,Animalia,
,7127347,,Cyclamen creticum (Dörfl.) Hildebr.,,,Plantae,
,4363108,,"Cerithiopsis pulvis (Issel, 1869)",,,Animalia,
,4363120,,"Cerithiopsis tenthrenois (Melvill, 1896)",,,Animalia,
,2928598,,Ipomoea indica (Burm.) Merr.,,,Plantae,
,4359506,,"Pyrunculus fourierii (Audouin, 1826)",,,Animalia,
,2928576,,Ipomoea purpurea (L.) Roth,,,Plantae,
,2927530,,Cuscuta epilinum Weihe,,,Plantae,
,2927490,,Cuscuta pentagona Engelm.,,,Plantae,
,9299496,,"Mnestia girardi (Audouin, 1826)",,,Animalia,
,2928840,,Withania somnifera (L.) Dunal,,,Plantae,
,2929801,,Solanum aculeastrum Dunal,,,Plantae,
,6520353,,"Bulla arabica Malaquias & D.Reid, 2008",,,Animalia,
,5189990,,"Bulla ampulla Linnaeus, 1758",,,Animalia,
,2930439,,Solanum laciniatum Aiton,,,Plantae,
,9746127,,"Biuve fulvipunctata (Baba, 1938)",,,Animalia,
,2929062,,Solanum linnaeanum Hepper & P.-M.L.Jaeger,,,Plantae,
,2929800,,Solanum angustifolium Houst. ex Mill.,,,Plantae,
,4359672,,"Acteocina mucronata (R.A.Philippi, 1849)",,,Animalia,
,2929892,,Solanum elaeagnifolium Cav.,,,Plantae,
,2928783,,Nicotiana glauca Graham,,,Plantae,
,2928774,,Nicotiana tabacum L.,,,Plantae,
,3797394,,Lycium ferocissimum Miers,,,Plantae,
,2928755,,Datura innoxia Mill.,,,Plantae,
,2928751,,Datura stramonium L.,,,Plantae,
,5200658,,"Herdmania momus (Savigny, 1816)",,,Animalia,
,2928226,,Phacelia tanacetifolia Benth.,,,Plantae,
,2495696,,"Streptopelia decaocto (Frivaldszky, 1838)",,,Animalia,
,5341290,,Cordia myxa L.,,,Plantae,
,2495688,,"Streptopelia roseogrisea (Sundevall, 1857)",,,Animalia,
,2495659,,"Streptopelia senegalensis (Linnaeus, 1766)",,,Animalia,
,9752149,,"Phasianus colchicus Linnaeus, 1758",,,Animalia,
,2874570,,Cucumis melo L.,,,Plantae,
,2473958,,"Perdix perdix (Linnaeus, 1758)",,,Animalia,
,5420901,,Punica granatum L.,,,Plantae,
,5420912,,Lawsonia inermis L.,,,Plantae,
,2498343,,"Cygnus olor (J.F.Gmelin, 1789)",,,Animalia,
,3176719,,Eucalyptus tereticornis Sm.,,,Plantae,
,2498252,,"Alopochen aegyptiaca (Linnaeus, 1766)",,,Animalia,
,3176772,,Eucalyptus gomphocephala A.Cunn. ex DC.,,,Plantae,
,2436940,,"Oryctolagus cuniculus (Linnaeus, 1758)",,,Animalia,
,3188924,,Oenothera biennis L.,,,Plantae,
,5219243,,"Vulpes vulpes (Linnaeus, 1758)",,,Animalia,
,6428650,,Epilobium angustifolium subsp. angustifolium,,,Plantae,
,5218987,,"Mustela nivalis Linnaeus, 1766",,,Animalia,
,2874199,,Passiflora caerulea L.,,,Plantae,
,7705930,,"Sus scrofa Linnaeus, 1758",,,Animalia,
,2873926,,Linum grandiflorum Desf.,,,Plantae,
,2873861,,Linum usitatissimum L.,,,Plantae,
,2441110,,"Ovis aries Linnaeus, 1758",,,Animalia,
,5380041,,Ricinus communis L.,,,Plantae,
,2435506,,"Suncus etruscus (Savi, 1822)",,,Animalia,
,3064495,,Euphorbia heterophylla L.,,,Plantae,
,2435687,,"Crocidura suaveolens (Pallas, 1811)",,,Animalia,
,2439270,,"Rattus rattus (Linnaeus, 1758)",,,Animalia,
,7429082,,"Mus musculus Linnaeus, 1758",,,Animalia,
,2438261,,"Acomys nesiotes Bate, 1903",,,Animalia,
,2888439,,Papaver somniferum L.,,,Plantae,
,2888380,,Eschscholzia californica Cham.,,,Plantae,
,2356718,,"Sargocentron praslin (Lacepède, 1802)",,,Animalia,
,5371700,,Nigella sativa L.,,,Plantae,
,2356802,,"Sargocentron rubrum (Forsskål, 1775)",,,Animalia,
,3033558,,Clematis vitalba L.,,,Plantae,
,8456531,,"Saurida lessepsianus Russell, Golani & Tikochinski, 2015",,,Animalia,
,2401167,,"Saurida undosquamis (Richardson, 1848)",,,Animalia,
,3054368,,Juglans regia L.,,,Plantae,
,2334433,,"Pterois miles (Bennett, 1828)",,,Animalia,
,8215487,,"Salmo trutta Linnaeus, 1758",,,Animalia,
,2876049,,Corylus maxima Mill.,,,Plantae,
,5204019,,"Oncorhynchus mykiss (Walbaum, 1792)",,,Animalia,
,5711980,,"Oncorhynchus clarkii (Richardson, 1836)",,,Animalia,
,2891932,,Casuarina cunninghamiana Miq.,,,Plantae,
,5213449,,"Stephanolepis diaspros Fraser-Brunner, 1940",,,Animalia,
,2407271,,"Torquigener flavimaculosus Hardy & Randall, 1983",,,Animalia,
,2888728,,Sambucus nigra L.,,,Plantae,
,2407780,,"Lagocephalus suezensis Clark & Gohar, 1953",,,Animalia,
,7301010,,Sixalix atropurpurea (L.) Greuter & Burdet,,,Plantae,
,2407741,,"Lagocephalus spadiceus (Richardson, 1845)",,,Animalia,
,2407758,,"Lagocephalus sceleratus (Gmelin, 1789)",,,Animalia,
,2407748,,"Lagocephalus guentheri Miranda Ribeiro, 1915",,,Animalia,
,2888740,,Centranthus ruber (L.) DC.,,,Plantae,
,2368598,,"Parexocoetus mento (Valenciennes, 1847)",,,Animalia,
,2368968,,"Hemiramphus far (Forsskål, 1775)",,,Animalia,
,3039423,,Ziziphus jujuba Mill.,,,Plantae,
,5372457,,Paliurus spina-christi Mill.,,,Plantae,
,5202520,,"Ictalurus punctatus (Rafinesque, 1818)",,,Animalia,
,5361889,,Morus alba L.,,,Plantae,
,5361888,,Morus nigra L.,,,Plantae,
,7818643,,Prunus armeniaca L.,,,Plantae,
,7931731,,Prunus domestica L.,,,Plantae,
,3022502,,Prunus dulcis (Mill.) D.A.Webb,,,Plantae,
,2350570,,"Gambusia holbrooki Girard, 1859",,,Animalia,
,8149923,,Prunus persica (L.) Stokes,,,Plantae,
,2412987,,"Spratelloides delicatulus (Bennett, 1832)",,,Animalia,
,3001093,,Malus pumila Mill.,,,Plantae,
,3024146,,Eriobotrya japonica (Thunb.) Lindl.,,,Plantae,
,8365316,,"Etrumeus golanii DiBattista, Randall & Bowen, 2012",,,Animalia,
,2413189,,"Etrumeus sadina (Mitchill, 1814)",,,Animalia,
,2412966,,"Dussumieria elopsoides Bleeker, 1849",,,Animalia,
,3039269,,Elaeagnus angustifolia L.,,,Plantae,
,2404210,,"Enchelycore anatina (Lowe, 1838)",,,Animalia,
,2984492,,Celtis australis L.,,,Plantae,
,7999925,,"Atherinomorus forskalii (Rüppell, 1838)",,,Animalia,
,5361880,,Cannabis sativa L.,,,Plantae,
,2411793,,"Atherinomorus lacunosus (Forster, 1801)",,,Animalia,
,3040255,,Reseda odorata L.,,,Plantae,
,2359706,,"Rutilus rutilus (Linnaeus, 1758)",,,Animalia,
,5851603,,"Leuciscus aspius (Linnaeus, 1758)",,,Animalia,
,4286975,,"Cyprinus carpio Linnaeus, 1758",,,Animalia,
,4286942,,"Carassius auratus (Linnaeus, 1758)",,,Animalia,
,2359471,,"Blicca bjoerkna (Linnaeus, 1758)",,,Animalia,
,2362925,,"Alburnus alburnus (Linnaeus, 1758)",,,Animalia,
,3047621,,Sinapis alba L.,,,Plantae,
,7678610,,Raphanus sativus L.,,,Plantae,
,2394249,,"Sphyraena obtusata Cuvier, 1829",,,Animalia,
,2394252,,"Sphyraena chrysotaenia Klunzinger, 1884",,,Animalia,
,5377378,,Matthiola incana (L.) W.T.Aiton,,,Plantae,
,2393577,,"Scarus ghobban Forsskål, 1775",,,Animalia,
,5376648,,Lepidium virginicum L.,,,Plantae,
,2374255,,"Scomberomorus commerson (Lacepède, 1800)",,,Animalia,
,5375925,,Eruca vesicaria subsp. sativa (Mill.) Thell.,,,Plantae,
,3048203,,Erysimum cheiri (L.) Crantz,,,Plantae,
,2390185,,"Siganus rivulatus Forsskål & Niebuhr, 1775",,,Animalia,
,2390262,,"Siganus luridus (Rüppell, 1829)",,,Animalia,
,3042636,,Brassica napus L.,,,Plantae,
,7903057,,Brassica rapa L.,,,Plantae,
,8052612,,"Sillago suezensis Golani, Fricke & Tikochinski, 2013",,,Animalia,
,2391929,,"Sillago sihama (Forsskål, 1775)",,,Animalia,
,2382872,,"Pomadasys stridens (Forsskål, 1775)",,,Animalia,
,2892272,,Rubia tinctorum L.,,,Plantae,
,8363171,,"Pteragogus trispilus Randall, 2013",,,Animalia,
,2383590,,"Pteragogus pelycus Randall, 1981",,,Animalia,
,3169708,,Vinca major L.,,,Plantae,
,8140485,,"Perca fluviatilis Linnaeus, 1758",,,Animalia,
,7813493,,"Thevetia peruviana (Pers.) Merr., 1914",,,Plantae,
,2374391,,"Pempheris rhomboidea Kossmann & Räuber, 1877",,,Animalia,
,7150619,,Gomphocarpus fruticosus (L.) W.T.Aiton,,,Plantae,
,2374389,,"Pempheris mangula Cuvier, 1829",,,Animalia,
,2374398,,"Pempheris vanicolensis Cuvier, 1831",,,Animalia,
,3169652,,Cascabela thevetia (L.) Lippold,,,Plantae,
,3170241,,Asclepias curassavica L.,,,Plantae,
,4285694,,"Oreochromis niloticus (Linnaeus, 1758)",,,Animalia,
,2372367,,"Oreochromis aureus (Steindachner, 1864)",,,Animalia,
,2396768,,"Upeneus moluccensis (Bleeker, 1855)",,,Animalia,
,3034871,,Coriandrum sativum L.,,,Plantae,
,2396797,,"Upeneus pori Ben-Tuvia & Golani, 1989",,,Animalia,
,2396749,,"Parupeneus forsskali (Fourmanoir & Guézé, 1976)",,,Animalia,
,3034646,,Anethum graveolens L.,,,Plantae,
,2394563,,"Micropterus salmoides (Lacepède, 1802)",,,Animalia,
,2394486,,"Lepomis gibbosus (Linnaeus, 1758)",,,Animalia,
,3084719,,Portulaca oleracea L.,,,Plantae,
,2396338,,"Equulites klunzingeri (Steindachner, 1898)",,,Animalia,
,7193045,,"Ostorhinchus fasciatus (White, 1790)",,,Animalia,
,3082283,,Plumbago auriculata Lam.,,,Plantae,
,5853511,,"Apogonichthyoides pharaonis (Bellotti, 1874)",,,Animalia,
,2390581,,"Alepes djedaba (Forsskål, 1775)",,,Animalia,
,5209188,,"Acanthurus coeruleus Bloch & Schneider, 1801",,,Animalia,
,4034781,,Persicaria lapathifolia var. lanigera (R.Br.) Chantar. & Tubtimtong,,,Plantae,
,3084015,,Phytolacca americana L.,,,Plantae,
,1017419,,"Oxidus gracilis (C.L.Koch, 1847)",,,Animalia,
,5384064,,Opuntia ficus-indica (L.) Mill.,,,Plantae,
,6463086,,"Hamimaera hamigera (Haswell, 1879)",,,Animalia,
,3086240,,Mirabilis jalapa L.,,,Plantae,
,5384459,,Gypsophila pilosa Huds.,,,Plantae,
,4316681,,"Erugosquilla massavensis (Kossmann, 1880)",,,Animalia,
,8185812,,Mesembryanthemum cordifolium L.fil.,,,Plantae,
,2227300,,"Procambarus clarkii (Girard, 1852)",,,Animalia,
,3084842,,Carpobrotus edulis (L.) N.E.Br.,,,Plantae,
,2225783,,"Percnon gibbesi (H.Milne Edwards, 1853)",,,Animalia,
,4644973,,"Pilumnopeus vauquelini (Audouin, 1826)",,,Animalia,
,2223416,,"Penaeus semisulcatus De Haan, 1844",,,Animalia,
,3083647,,Spinacia oleracea L.,,,Plantae,
,3760713,,Chenopodium acuminatum Willd.,,,Plantae,
,2223754,,"Metapenaeus monoceros (Fabricius, 1798)",,,Animalia,
,2223595,,"Metapenaeopsis aegyptia Galil & Golani, 1990",,,Animalia,
,2223427,,"Marsupenaeus japonicus (Spence Bate, 1888)",,,Animalia,
,3083838,,Chenopodium album L.,,,Plantae,
,7695859,,Chenopodium ambrosioides Bert.,,,Plantae,
,2223717,,"Fenneropenaeus indicus (H.Milne Edwards, 1837)",,,Animalia,
,7219488,,Bassia scoparia subsp. scoparia,,,Plantae,
,5568213,,Bassia indica (Wight) A.J.Scott,,,Plantae,
,4307290,,"Thalamita poissonii (Audouin, 1826)",,,Animalia,
,5178585,,"Portunus pelagicus (Linnaeus, 1758)",,,Animalia,
,5384395,,Amaranthus blitoides S.Watson,,,Plantae,
,5863622,,"Portunus segnis (Forskål, 1775)",,,Animalia,
,2225632,,"Charybdis hellerii (A.Milne-Edwards, 1867)",,,Animalia,
,2225631,,"Charybdis longicollis Leene, 1938",,,Animalia,
,6109611,,Amaranthus caudatus L.,,,Plantae,
,2225646,,"Callinectes sapidus Rathbun, 1896",,,Animalia,
,7905507,,Amaranthus albus L.,,,Plantae,
,5384334,,Amaranthus viridis L.,,,Plantae,
,6109534,,Amaranthus retroflexus L.,,,Plantae,
,5384401,,Amaranthus spinosus L.,,,Plantae,
,5176612,,"Paradella dianae (Menzies, 1962)",,,Animalia,
,9080185,,Amaranthus hypochondriacus L.,,,Plantae,
,5384393,,Amaranthus palmeri S.Watson,,,Plantae,
,2212761,,"Apanthura sandalensis Stebbing, 1900",,,Animalia,
,5384390,,Amaranthus cruentus L.,,,Plantae,
,5384396,,Amaranthus deflexus L.,,,Plantae,
,5914287,,Melia azedarach L.,,,Plantae,
,4548112,,"Hyalomma anatolicum Koch, 1844",,,Animalia,
,5421144,,Dodonaea viscosa (L.) Jacq.,,,Plantae,
,3190653,,Ailanthus altissima (Mill.) Swingle,,,Plantae,
,2131090,,"Brevipalpus obovatus Donnadieu, 1875",,,Animalia,
,2130874,,"Brevipalpus californicus (Banks, 1904)",,,Animalia,
,3152824,,Liquidambar styraciflua L.,,,Plantae,
,2985682,,Aeonium arboreum (L.) Webb & Berthel.,,,Plantae,
,1417654,,"Leptopsylla segnis (Schönherr, 1811)",,,Animalia,
,9052721,,"Xanthium strumarium Lour., 1790",,,Plantae,
,1031504,,"Nanopsocus oceanicus Pearman, 1928",,,Animalia,
,3089150,,Xanthium spinosum L.,,,Plantae,
,1031677,,"Trogium pulsatorium (Linnaeus, 1758)",,,Animalia,
,4225550,,Xanthium orientale subsp. italicum (Moretti) Greuter,,,Plantae,
,1031685,,"Lepinotus reticulatus Enderlein, 1904",,,Animalia,
,1031529,,"Liposcelis entomophila (Enderlein, 1907)",,,Animalia,
,1031512,,"Liposcelis brunnea Motschulsky, 1852",,,Animalia,
,1031520,,"Liposcelis bostrychophila Badonnel, 1931",,,Animalia,
,1031400,,"Ectopsocus briggsi McLachlan, 1899",,,Animalia,
,4236602,,Symphyotrichum subulatum var. squamatum (Spreng.) S.D.Sundb.,,,Plantae,
,1557461,,"Zaprionus ghesquierei Collart, 1937",,,Animalia,
,5394163,,Taraxacum officinale Weber ex F.H.Wigg.,,,Plantae,
,3118430,,Tanacetum parthenium (L.) Sch.Bip.,,,Plantae,
,1557426,,"Zaprionus tuberculatus Malloch, 1932",,,Animalia,
,3118284,,Tanacetum cinerariifolium (Trevis.) Sch.Bip.,,,Plantae,
,3118254,,Tanacetum balsamita L.,,,Plantae,
,3088481,,Tagetes minuta L.,,,Plantae,
,1589999,,"Trachyopella straminea Roháček & Marshall, 1985",,,Animalia,
,1553410,,"Liriomyza huidobrensis (Blanchard, 1926)",,,Animalia,
,1553384,,"Liriomyza trifolii (Burgess, 1880)",,,Animalia,
,3134857,,Lapsana communis L.,,,Plantae,
,1548900,,"Dohrniphora cornuta (Bigot, 1857)",,,Animalia,
,3119175,,Helianthus tuberosus L.,,,Plantae,
,5391845,,Bidens pilosa L.,,,Plantae,
,5082263,,"Contarinia citri Barnes, 1944",,,Animalia,
,5406509,,Aster squamatus (Spreng.) Hieron.,,,Plantae,
,3120677,,Artemisia arborescens L.,,,Plantae,
,9221087,,"Achillea millefolium Ledeb., 1833",,,Plantae,
,6098843,,"Ctenolepisma longicaudatum Escherich, 1905",,,Animalia,
,5151589,,"Blatta orientalis Linnaeus, 1758",,,Animalia,
,3172622,,Sesamum indicum L.,,,Plantae,
,5152566,,"Ploiaria chilensis (Philippi, 1862)",,,Animalia,
,5415100,,Proboscidea louisianica (Mill.) Thell.,,,Plantae,
,7335194,,Myoporum tenuifolium G.Forst.,,,Plantae,
,2010931,,"Taylorilygus apicalis (Fieber, 1861)",,,Animalia,
,2009189,,"Nesidiocoris tenuis (Reuter, 1895)",,,Animalia,
,5164206,,"Planococcus citri (Risso, 1813)",,,Animalia,
,2925303,,Lantana camara L.,,,Plantae,
,2094191,,"Maconellicoccus hirsutus (Green, 1908)",,,Animalia,
,7325877,,Fraxinus angustifolia Vahl,,,Plantae,
,2080592,,"Icerya purchasi Maskell, 1879",,,Animalia,
,2927235,,Stachys annua (L.) L.,,,Plantae,
,8284789,,"Saissetia persimilis (Newstead, 1917)",,,Animalia,
,8255921,,"Pulvinaria floccifera (Westwood, 1870)",,,Animalia,
,2927305,,Lavandula angustifolia Mill.,,,Plantae,
,8200663,,"Cymbalaria muralis G.Gaertn., B.Mey. & Scherb.",,,Plantae,
,2092472,,"Ceroplastes floridensis Comstock, 1881",,,Animalia,
,3172001,,Antirrhinum majus L.,,,Plantae,
,2012147,,"Parabemisia myricae (Kuwana, 1927)",,,Animalia,
,3173105,,Justicia adhatoda L.,,,Plantae,
,5415455,,Acanthus mollis L.,,,Plantae,
,2012126,,"Bemisia tabaci (Gennadius, 1889)",,,Animalia,
,8416592,,"Parlatoria ziziphi (Lucas, 1853)",,,Animalia,
,5162255,,"Parlatoria pergandii Comstock, 1881",,,Animalia,
,2089006,,"Lepidosaphes beckii (Newman, 1869)",,,Animalia,
,2975416,,Vicia monantha Retz.,,,Plantae,
,2083914,,"Hemiberlesia palmae (Cockerell, 1893)",,,Animalia,
,2083970,,"Hemiberlesia lataniae (Signoret, 1869)",,,Animalia,
,5161787,,"Aspidiotus nerii Bouche, 1833",,,Animalia,
,2974832,,Vicia faba L.,,,Plantae,
,2975014,,Vicia sativa L.,,,Plantae,
,2974811,,Vicia pannonica Crantz,,,Plantae,
,2069572,,"Rhopalosiphum maidis (Fitch, 1856)",,,Animalia,
,5360475,,Trigonella foenum-graecum L.,,,Plantae,
,2077967,,"Pterochloroides persicae (Cholodkovsky, 1898)",,,Animalia,
,2974876,,Vicia assyriaca Boiss.,,,Plantae,
,5360384,,Trigonella balansae Boiss. & Reut.,,,Plantae,
,2074978,,"Macrosiphoniella sanborni (Gillette, 1908)",,,Animalia,
,2074970,,"Macrosiphoniella aktaschica Nevsky, 1929",,,Animalia,
,2076179,,"Myzus persicae (Sulzer, 1776)",,,Animalia,
,5359429,,Trifolium dubium Sibth.,,,Plantae,
,5352512,,Tipuana tipu (Benth.) Kuntze,,,Plantae,
,2075983,,"Eriosoma lanigerum (Hausmann, 1802)",,,Animalia,
,2072474,,"Aphis illinoisensis Shimer, 1866",,,Animalia,
,4485136,,"Aphis aurantii Boyer de Fonscolombe, 1841",,,Animalia,
,9083295,,"Aphis gossypii Glover, 1877",,,Animalia,
,5352251,,Robinia pseudoacacia L.,,,Plantae,
,5347845,,Pisum sativum L.,,,Plantae,
,1395998,,"Spalangia cameroni Perkins, 1910",,,Animalia,
,2977234,,Ononis natrix L.,,,Plantae,
,5357217,,Parkinsonia aculeata L.,,,Plantae,
,1374888,,"Metaphycus anneckei Guerrieri & Noyes, 2000",,,Animalia,
,8316569,,Medicago sativa subsp. varia (Martyn) Arcang.,,,Plantae,
,1375042,,"Metaphycus flavus (Howard, 1881)",,,Animalia,
,9151957,,Medicago sativa L.,,,Plantae,
,1375185,,"Metaphycus lounsburyi (Howard, 1898)",,,Animalia,
,5356488,,Lathyrus sativus L.,,,Plantae,
,1379261,,"Leptomastix dactylopii Howard, 1885",,,Animalia,
,5356441,,Lathyrus ochrus (L.) DC.,,,Plantae,
,5356514,,Lathyrus odoratus L.,,,Plantae,
,1378607,,"Copidosoma koehleri Blanchard, 1940",,,Animalia,
,5356517,,Lathyrus latifolius L.,,,Plantae,
,1376477,,"Coccidoxenoides perminutus Girault, 1915",,,Animalia,
,2959443,,Gleditsia triacanthos L.,,,Plantae,
,2965732,,Glycyrrhiza glabra L.,,,Plantae,
,5360150,,Faidherbia albida (Delile) A.Chev.,,,Plantae,
,1382851,,"Semielacher petiolata (Girault, 1915)",,,Animalia,
,1381201,,"Cirrospilus ingenuus Gahan, 1932",,,Animalia,
,2947311,,Cicer arietinum L.,,,Plantae,
,5353590,,Cercis siliquastrum L.,,,Plantae,
,1325436,,"Paratrechina vividula (Nylander, 1846)",,,Animalia,
,1317123,,"Cardiocondyla mauritanica Forel, 1890",,,Animalia,
,2958650,,Caesalpinia gilliesii (Hook.) D.Dietr.,,,Plantae,
,1317104,,"Cardiocondyla nuda (Mayr, 1866)",,,Animalia,
,2972983,,Albizia julibrissin Durazz.,,,Plantae,
,2978552,,Acacia saligna (Labill.) H.L.Wendl.,,,Plantae,
,1365557,,"Encarsia lounsburyi (Berlese & Paoli, 1916)",,,Animalia,
,1364625,,"Aphytis holoxanthus DeBach, 1960",,,Animalia,
,2981177,,Acacia ligulata A.Cunn. ex Benth.,,,Plantae,
,1364769,,"Aphytis diaspidis (Howard, 1881)",,,Animalia,
,1364710,,"Aphytis lingnanensis Compere, 1955",,,Animalia,
,1364679,,"Aphytis lepidosaphes Compere, 1955",,,Animalia,
,1364750,,"Aphytis coheni DeBach, 1960",,,Animalia,
,1364694,,"Aphytis chilensis Howard, 1900",,,Animalia,
,6437976,,Cistus ladanifer L.,,,Plantae,
,1364719,,"Aphytis mytilaspidis (Le Baron, 1870)",,,Animalia,
,1364706,,"Aphytis melinus DeBach, 1959",,,Animalia,
,1269194,,"Aphidius smithi Sharma & Subba Rao, 1959",,,Animalia,
,4528099,,"Tuta absoluta (Meyrick, 1917)",,,Animalia,
,3152268,,Malvastrum coromandelianum (L.) Garcke,,,Plantae,
,3152084,,Corchorus olitorius L.,,,Plantae,
,1858063,,"Tinea translucens Meyrick, 1917",,,Animalia,
,7323035,,Brachychiton populneus (Schott & Endl.) R.Br.,,,Plantae,
,1857577,,"Trichophaga tapetzella (Linnaeus, 1758)",,,Animalia,
,3152614,,Abutilon theophrasti Medik.,,,Plantae,
,1855733,,"Praeacedes atomosella (Walker, 1863)",,,Animalia,
,1749580,,"Phyllocnistis citrella Stainton, 1856",,,Animalia,
,1941864,,"Paysandisia archon (Burmeister, 1880)",,,Animalia,
,1878490,,"Ephestia kuehniella Zeller, 1879",,,Animalia,
,1873903,,"Cadra figulilella (Gregson, 1871)",,,Animalia,
,4529740,,"Anatrachyntis simplex (Walsingham, 1891)",,,Animalia,
,1420183,,"Podothrips semiflavus Hood, 1913",,,Animalia,
,1420018,,"Haplothrips gowdeyi (Franklin, 1908)",,,Animalia,
,1420175,,"Karnyothrips flavipes (Jones, 1912)",,,Animalia,
,1420923,,"Thrips australis (Bagnall, 1915)",,,Animalia,
,1420592,,"Anaphothrips sudanensis Trybom, 1911",,,Animalia,
,4463518,,"Rhopalapion longirostre (Olivier, 1807)",,,Animalia,
,6132234,,"Rhynchophorus ferrugineus (A.G.Olivier, 1791)",,,Animalia,
,1043326,,"Rodolia cardinalis (Mulsant, 1850)",,,Animalia,
,1159172,,"Xylotrechus stebbingi Gahan, 1906",,,Animalia,
,4433282,,"Hister bipunctatus Paykull, 1811",,,Animalia,
,1095783,,"Ptinus tectus Boieldieu, 1856",,,Animalia,
,1095750,,"Gibbium psylloides (Czenpinski, 1778)",,,Animalia,
,1044156,,"Urophorus humeralis (Fabricius, 1798)",,,Animalia,
,9547586,,"Carpophilus bifenestratus Murray, 1864",,,Animalia,
,4453189,,"Carpophilus nepos Murray, 1864",,,Animalia,
,1046849,,"Omonadus floralis (Linnaeus, 1758)",,,Animalia,
,7459990,,"Anaulacus rutilus (Schaum, 1863)",,,Animalia,
,1047341,,"Callosobruchus chinensis (Linnaeus, 1758)",,,Animalia,
,5752143,,"Bruchus rufimanus Boheman, 1833",,,Animalia,
,5752155,,"Bruchus pisorum Linnaeus, 1758",,,Animalia,
,1047737,,"Caryedon serratus (Olivier, 1790)",,,Animalia,
,4449493,,"Acanthocnemus nigricans (Hope, 1845)",,,Animalia,
,7734111,,"Gambierdiscus Adachi & Fukuyo, 1979",,,Chromista,
,5721108,,"Diadema setosum (Leske, 1778)",,,Animalia,
,6525332,,"Gafrarium savignyi (Jonas, 1846)",,,Animalia,
,9680062,,"Bursatella leachii Blainville, 1817",,,Animalia,
,2330558,,"Phallusia nigra Savigny, 1816",,,Animalia,
,2332243,,"Symplegma brakenhielmi (Michaelsen, 1904)",,,Animalia,
,5200684,,"Microcosmus exasperatus Heller, 1878",,,Animalia,
,2379964,,"Nemipterus randalli Russell, 1986",,,Animalia,
,2386659,,"Synchiropus sechellensis Regan, 1908",,,Animalia,
,2397527,,"Cheilodipterus novemstriatus (Rüppell, 1838)",,,Animalia,
,7808450,,"Macrophthalmus indicus Davie, 2012",,,Animalia,
,2227756,,"Atergatis roseus (Rüppell, 1830)",,,Animalia,
,4645934,,"Penaeus pulchricaudatus Stebbing, 1914",,,Animalia,
,2237923,,"Paraleucilla magna Klautau, Monteiro & Borojevic, 2004",,,Animalia,
,1004650,,"Celleporaria vermiformis (Waters, 1909)",,,Animalia,
,1006705,,"Parasmittina egyptiaca (Waters, 1909)",,,Animalia,
,7446481,,"Amathia verticillata (delle Chiaje, 1822)",,,Animalia,
,8390568,,"Coscinospira hemprichii Ehrenberg, 1839",,,Animalia,
,2328291,,"Hydroides homoceros Pixell, 1913",,,Animalia,
,4359778,,"Plocamopherus ocellatus Rüppell & Leuckart, 1828",,,Animalia,
,2330198,,"Clavelina lepadiformis (Müller, 1776)",,,Animalia,
,2386919,,"Callionymus filamentosus Valenciennes, 1837",,,Animalia,
,2115724,,"Balanus trigonus Darwin, 1854",,,Animalia,
,5974552,,"Gonioinfradens paucidentatus (A.Milne-Edwards, 1861)",,,Animalia,
,2225568,,"Carupa tenuipes Dana, 1852",,,Animalia,
,2206602,,"Paracerceis sculpta (Holmes, 1904)",,,Animalia,
,4544778,,"Phytoptus pyri Pagenstecher, 1857",,,Animalia,
,5421948,,"Rhizosolenia calcar-avis M.Schultze, 1858",,,Chromista,
,4375399,,Caulerpa turbinata (J.Ag.) Eubank,,,Plantae,
,5277464,,Polysiphonia setacea Hollenb.,,,Plantae,
,2706406,,Triticum turgidum L.,,,Plantae,
,5290299,,Elymus repens (L.) Gould,,,Plantae,
,7290926,,Primula acaulis Hill,,,Plantae,
,,,Solanum angustifolium Mill.. Hort.Monsp.,,,Plantae,
,8053718,,Epilobium angustifolium L.,,,Plantae,
,5220136,,"Dama dama (Linnaeus, 1758)",,,Animalia,
,3070346,,Euphorbia nutans Lag.,,,Plantae,
,2891902,,Allocasuarina verticillata (Lam.) L.A.S.Johnson,,,Plantae,
,3047598,,Sinapis arvensis L.,,,Plantae,
,5375920,,Eruca vesicaria (L.) Cav.,,,Plantae,
,7820611,,Persicaria lapathifolia (L.) Delarbre,,,Plantae,
,8185812,,Mesembryanthemum cordifolium L.f.,,,Plantae,
,5383936,,Bassia scoparia (L.) A.J.Scott,,,Plantae,
,4544754,,"Phytoptus loewi (Nalepa, 1890)",,,Animalia,
,3146791,,Erigeron canadensis L.,,,Plantae,
,3146717,,Erigeron bonariensis L.,,,Plantae,
,3142208,,Rhaponticum repens (L.) Hidalgo,,,Plantae,
,5341112,,Phyla nodiflora (L.) Greene,,,Plantae,
,3974754,,Vachellia karroo (Hayne) Banfi & Galasso,,,Plantae,
,2979265,,Vachellia farnesiana (L.) Wight & Arn.,,,Plantae,
,5354370,,Cassia artemisioides DC.,,,Plantae,
,3933415,,"Malva multiflora (Cav.) Soldano, Banfi & Galasso",,,Plantae,
,4451127,,"Lathridius nodifer Westwood, 1839",,,Animalia,
,3216760,,Synechococcus capitatus Bailey-Watts & Komárek,,,Bacteria,species
,3217412,,Geitleribactron periphyticum Komárek,,,Bacteria,species
,3218379,,Planktothrix rubescens (DC. ex Gomont) Anagn. & Komárek,,,Bacteria,species
,8661799,,Gloeotrichia echinulata P.G.Richt.,,,Bacteria,species
,7751668,,"Sphaerospermopsis aphanizomenoides (Forti) Zapomelová, Jezberová, Hrouzek, Hisem, Reháková & Komárková",,,Bacteria,species
,8222436,,"Dolichospermum compactum (Nygaard) Wacklin, L.Hoffm. & Komárek",,,Bacteria,species
,7687663,,Navicula schroeteri F.Meister,,,Chromista,species
,7431195,,Frustulia weinholdi Hustedt,,,Chromista,species
,5190767,,"Oxychilus draparnaudi (H.Beck, 1837)",,,Animalia,species
,8030069,,"Didymosphenia geminatum (Lyngbye) M.Schmidt, 1899",,,Chromista,species
,5779455,,"Arion lusitanicus Mabille, 1868",,,Animalia,species
,3193383,,"Skeletonema potamos (C.I.Weber) Hasle, 1976",,,Chromista,species
,2505781,,"Quinqueserialis quinqueserialis Barker & Laughlin, 1911",,,Animalia,species
,5421596,,"Actinocyclus normanii (Gregory) Hustedt, 1957",,,Chromista,species
,9013032,,"Gyrodactylus sprostonae Ling, 1962",,,Animalia,species
,8835673,,"Gyrodactylus shulmani Ling, 1962",,,Animalia,species
,5892434,,"Gyrodactylus kobayashii Hukuda, 1940",,,Animalia,species
,8949148,,"Gyrodactylus kherulensis Ergens, 1974",,,Animalia,species
,9071817,,"Gyrodactylus gurleyi Price, 1937",,,Animalia,species
,5239466,,Mutinus ravenelii (Berk.) E.Fisch.,,,Fungi,species
,9145173,,"Gyrodactylus cyprini Diarova, 1964",,,Animalia,species
,4412188,,"Eudiplozoon nipponicum (Goto, 1891) Khotenovsky, 1984",,,Animalia,species
,4412346,,"Dactylogyrus inexpectatus Izjumova, 1955",,,Animalia,species
,4412354,,"Dactylogyrus hypophthalmichthys Akhmerov, 1952",,,Animalia,species
,4412351,,"Dactylogyrus nobilis Long & Yu, 1958",,,Animalia,species
,4412304,,"Dactylogyrus lamellatus Akhmerow, 1952",,,Animalia,species
,4412307,,"Dactylogyrus dulkeiti Bychowsky, 1936",,,Animalia,species
,2647713,,Staurastrum manfeldtii Delponte,,,Plantae,species
,4412410,,"Dactylogyrus achmerowi Gusev, 1955",,,Animalia,species
,9767844,,"Dactylogyrus squameus Gusev, 1955",,,Animalia,species
,5273507,,Ulva flexuosa Wulfen,,,Plantae,species
,4345155,,"Proteocephalus longicollis (Zeder, 1800) Benedict, 1900",,,Animalia,species
,2639345,,"Pleodorina indica (Iyengar) H.Nozaki, 1989",,,Plantae,species
,8478602,,"Taenia multiceps Leske, 1780",,,Animalia,species
,4412620,,"Raillietina friedbergeri (von Linstow, 1878)",,,Animalia,species
,5233633,,"Echinolepis carioca (Magalhaes, 1898)",,,Animalia,species
,4412730,,"Mosgovoyia ctenoides (Railliet, 1890)",,,Animalia,species
,4412789,,"Andrya cuniculi (Blanchard, 1891)",,,Animalia,species
,8244689,,Riccia fluitans L.,,,Plantae,species
,2283363,,"Trichosomoides crassicauda (Bellingham, 1840)",,,Animalia,species
,4554201,,"Trichuris opaca Barker & Noyes, 1915",,,Animalia,species
,4554225,,"Trichuris myocastoris Enigk, 1933",,,Animalia,species
,4554172,,"Eucoleus gastricus (Baylis, 1926)",,,Animalia,species
,4554009,,"Aonchotheca annulosa (Dujardin, 1845)",,,Animalia,species
,4558533,,"Strongyloides myopotami Artigas & Pacheco, 1933",,,Animalia,species
,4558535,,"Strongyloides ratti Sandground, 1925",,,Animalia,species
,2675378,,Dicranoweisia cirrata (Hedw.) Lindb.,,,Plantae,species
,5188667,,"Globodera rostochiensis (Wollenweber, 1923) Skarbilovich, 1959",,,Animalia,species
,2284335,,"Syphacia muris (Yamaguti, 1935)",,,Animalia,species
,4558769,,"Baylisascaris procyonis (Stefanski & Zarnowski, 1951)",,,Animalia,species
,4558661,,"Ascaridia dissimilis Vigueras, 1931",,,Animalia,species
,7032283,,"Ascaridia platyceri Hartwich & Tscherner, 1979",,,Animalia,species
,2283525,,"Oesophagostomum columbianum Curtice, 1890",,,Animalia,species
,2650999,,Matteuccia struthiopteris (L.) Tod.,,,Plantae,species
,2283441,,"Dictyocaulus filaria (Rudolphi, 1809) Railliet & Henry, 1907",,,Animalia,species
,2650799,,Cystopteris bulbifera (L.) Bernh.,,,Plantae,species
,5188634,,"Protostrongylus rufescens (Leuckart, 1865)",,,Animalia,species
,2283513,,"Muellerius capillaris (Müller, 1889)",,,Animalia,species
,4558969,,"Muellerius tenuispiculatus Gebauer, 1932",,,Animalia,species
,4558971,,"Neostrongylus linearis (Marotel, 1913)",,,Animalia,species
,4558978,,"Cystocaulus ocreatus (Railliet & Henry, 1907)",,,Animalia,species
,2283544,,"Spiculopteragia asymmetrica (Ware, 1925)",,,Animalia,species
,4559213,,"Ostertagia mossi Dikmans, 1931",,,Animalia,species
,4559235,,"Marshallagia marshalli (Ransom, 1907)",,,Animalia,species
,4630676,,"Cooperia curticei (Giles, 1892)",,,Animalia,species
,4559169,,"Ashworthius sidemi Schulz, 1933",,,Animalia,species
,4557402,,"Gongylonema neoplasticum (Fibiger & Ditlevsen, 1914)",,,Animalia,species
,2753079,,Lilium bulbiferum L.,,,Plantae,species
,5300296,,Gagea villosa (M.Bieb.) Sweet,,,Plantae,species
,5300535,,Fritillaria meleagris L.,,,Plantae,species
,2441514,,"Testudo horsfieldii Gray, 1844",,,Animalia,species
,2440254,,"Trichosurus vulpecula (Kerr, 1792)",,,Animalia,species
,5329260,,Egeria densa Planch.,,,Plantae,species
,2765940,,Eichhornia crassipes (Mart.) Solms,,,Plantae,species
,5706328,,"Lama glama guanicoe (Müller, 1776)",,,Animalia,subspecies
,2440965,,"Odocoileus virginianus (Zimmermann, 1780)",,,Animalia,species
,4262380,,"Cervus elaphus canadensis Erxleben, 1777",,,Animalia,subspecies
,2440958,,"Cervus elaphus Linnaeus, 1758",,,Animalia,species
,2820340,,Cypripedium reginae Walter,,,Plantae,species
,2477464,,"Rhynchotus rufescens (Temminck, 1815)",,,Animalia,species
,2747737,,Crocus flavus Weston,,,Plantae,species
,2767579,,Scilla amoena L.,,,Plantae,species
,2770039,,Polygonatum biflorum (Walter) Elliott,,,Plantae,species
,8152187,,Muscari armeniacum H.J.Veitch,,,Plantae,species
,2771287,,Hosta plantaginea (Lam.) Asch.,,,Plantae,species
,2767598,,Hyacinthella leucophaea (K.Koch) Schur,,,Plantae,species
,7459480,,Convallaria majalis L.,,,Plantae,species
,2856593,,Allium stipitatum Regel,,,Plantae,species
,5711974,,"Thymallus arcticus (Pallas, 1776)",,,Animalia,species
,9543162,,"Salmo dentex (Heckel, 1851)",,,Animalia,species
,2857444,,Allium obliquum L.,,,Plantae,species
,2856009,,Allium atropurpureum Waldst. & Kit.,,,Plantae,species
,2351174,,"Coregonus maraena (Bloch, 1779)",,,Animalia,species
,2351066,,"Coregonus fera Jurine, 1825",,,Animalia,species
,2350976,,"Coregonus wartmanni (Bloch, 1784)",,,Animalia,species
,2360842,,"Rhodeus amarus (Bloch, 1782)",,,Animalia,species
,2360551,,"Chondrostoma nasus (Linnaeus, 1758)",,,Animalia,species
,4837765,,"Carassius langsdorfii Temminck & Schlegel, 1846",,,Animalia,species
,2402154,,"Acipenser nudiventris Lovetsky, 1828",,,Animalia,species
,2402159,,"Acipenser stellatus Pallas, 1771",,,Animalia,species
,2234780,,"Moina weismanni Ishikawa, 1896",,,Animalia,species
,5679007,,Vulpia ligustica (All.) Link,,,Plantae,species
,5289596,,Vulpia ciliata Dumort.,,,Plantae,species
,4148420,,Puccinellia gigantea (Grossh.) Grossh.,,,Plantae,species
,2705868,,Panicum maximum Jacq.,,,Plantae,species
,4132147,,Panicum oligosanthes Schult.,,,Plantae,species
,5290068,,Parapholis strigosa (Dumort.) C.E.Hubb.,,,Plantae,species
,4553504,,"Opilio saxatilis Koch, 1839",,,Animalia,species
,4553501,,"Opilio parietinus (DeGeer, 1778)",,,Animalia,species
,2188211,,"Ornithonyssus bacoti (Hirst, 1913)",,,Animalia,species
,6887427,,"Ondatralaelaps multispinosa (Banks, 1909)",,,Animalia,species
,6900791,,"Trixacarus diversus Sellnick, 1944",,,Animalia,species
,2706368,,Leymus arenarius (L.) Hochst.,,,Plantae,species
,2703873,,Leptochloa chinensis (L.) Nees,,,Plantae,species
,4132253,,Leptochloa mucronata (Michx.) Kunth,,,Plantae,species
,2181885,,"Psoroptes cuniculi (Delafond, 1859)",,,Animalia,species
,2705503,,Glyceria striata (Lam.) Hitchc.,,,Plantae,species
,2706068,,Hordeum secalinum Schreb.,,,Plantae,species
,7226802,,Hordeum murinum subsp. murinum,,,Plantae,subspecies
,2703243,,Hyparrhenia hirta (L.) Stapf,,,Plantae,species
,7592999,,"Listrophorus dozieri Radford, 1944",,,Animalia,species
,8584126,,"Listrophorus americanus Radford, 1944",,,Animalia,species
,4547594,,"Epidermoptes bilobatus Rivolta, 1876",,,Animalia,species
,6913494,,"Eriophyes canestrinii (Nalepa, 1891)",,,Animalia,species
,4544126,,"Aculus hippocastani (Fockeu, 1890)",,,Animalia,species
,1587157,,"Pelomyia occidentalis Williston, 1893",,,Animalia,species
,1587401,,"Oestrus ovis Linnaeus, 1758",,,Animalia,species
,1638988,,"Melophagus ovinus (Linnaeus, 1758)",,,Animalia,species
,2706541,,Agrostis gigantea Roth,,,Plantae,species
,7198254,,"Eumerus funeralis Meigen, 1822",,,Animalia,species
,1673407,,"Desmometopa microps Lamb, 1914",,,Animalia,species
,2704505,,Arrhenatherum elatius (L.) P.Beauv. ex J.Presl & C.Presl,,,Plantae,species
,1593181,,"Janetiella siskiyou Felt, 1917",,,Animalia,species
,5290062,,Beckmannia eruciformis var. eruciformis,,,Plantae,variety
,5073476,,"Drosophila busckii Coquillett, 1901",,,Animalia,species
,7836194,,"Drosophila immigrans Sturtevant, 1921",,,Animalia,species
,5074534,,"Drosophila hydei Sturtevant, 1921",,,Animalia,species
,5075039,,"Drosophila simulans Sturtevant, 1919",,,Animalia,species
,5073802,,"Drosophila repleta Wollaston, 1858",,,Animalia,species
,7226793,,Bromus hordeaceus subsp. hordeaceus,,,Plantae,subspecies
,2703659,,Bromus grossus Desf. ex DC.,,,Plantae,species
,2703777,,Bromus hordeaceus L.,,,Plantae,species
,1419472,,"Ctenocephalides felis (Bouché, 1835)",,,Animalia,species
,1417170,,"Ceratophyllus columbae (Gervais, 1844)",,,Animalia,species
,4422519,,"Myrsidea quadrifasciata (Piaget, 1880)",,,Animalia,species
,6935190,,"Menacanthus phasiani (Modrzejewska & Zlotorzycka, 1977)",,,Animalia,species
,1032880,,"Linognathus stenopsis (Burmeister, 1838)",,,Animalia,species
,5290142,,Brachypodium pinnatum (L.) P.Beauv.,,,Plantae,species
,1032595,,"Polyplax spinulosa (Burmeister, 1839)",,,Animalia,species
,1032647,,"Haemodipsus ventricosus (Denny, 1842)",,,Animalia,species
,4422207,,"Lagopoecus colchicus Emerson, 1949",,,Animalia,species
,1032058,,"Lipeurus maculosus Clay, 1938",,,Animalia,species
,4988004,,"Goniodes colchici Denny, 1842",,,Animalia,species
,1032220,,"Chelopistes meleagridis (Linnaeus, 1758)",,,Animalia,species
,1032750,,"Bovicola ovis (Schrank, 1781)",,,Animalia,species
,1032751,,"Bovicola caprae (Gurlt, 1843)",,,Animalia,species
,1983000,,"Eupithecia pulchellata Stephens, 1831",,,Animalia,species
,10907063,,"Elophila manilensis (Hampson, 1917)",,,Animalia,species
,7300214,,Platanus hispanica Ten.,,,Plantae,species
,1391524,,"Mesopolobus spermotrophus Hussey, 1960",,,Animalia,species
,1260918,,"Lysiphlebus testaceipes (Cresson, 1880)",,,Animalia,species
,5372385,,Vitis riparia Michx.,,,Plantae,species
,5372401,,Vitis vulpina L.,,,Plantae,species
,4423792,,"Oxythrips priesneri Pelikan, 1957",,,Animalia,species
,4423962,,"Dictyothrips betae Uzel, 1895",,,Animalia,species
,4424584,,"Hoplandrothrips hungaricus Priesner, 1961",,,Animalia,species
,10394639,,"Hoplothrips lichenis Knechtel, 1954",,,Animalia,species
,4424792,,"Apterygothrips pinicolus Pelikan & Schliephake, 1994",,,Animalia,species
,9047839,,Viola ×haynaldii Wiesb.,,,Plantae,species
,5664006,,Viola ×hungarica Degen & Sabr.,,,Plantae,species
,5331181,,Viola odorata L.,,,Plantae,species
,5665287,,Viola ×scabra Braun,,,Plantae,species
,7544600,,Viola suavis M.Bieb.,,,Plantae,species
,7296422,,Viola suavis subsp. suavis,,,Plantae,subspecies
,2081377,,"Eriococcus buxi (Boyer de Fonscolombe, 1834)",,,Animalia,species
,7344863,,Viola tricolor subsp. tricolor,,,Plantae,subspecies
,5664764,,Viola ×vindobonensis Wiesb.,,,Plantae,species
,8176318,,Viola wittrockiana Gams ex Nauenb. & Buttler,,,Plantae,species
,12317455,,Viola ×sourekii F.Proch.,,,Plantae,species
,5372629,,Salix cordata Michx.,,,Plantae,species
,8081789,,Salix arbusculoides Andersson,,,Plantae,species
,4483422,,"Endria nebulosa (Ball, 1900)",,,Animalia,species
,5373018,,Salix melanopsis Nutt.,,,Plantae,species
,5373037,,Salix ×sepulcralis Simonk.,,,Plantae,species
,5759237,,"Tuponia hippophaes (Fieber, 1861)",,,Animalia,species
,4487749,,"Macrolophus glaucescens Fieber, 1858",,,Animalia,species
,7329869,,Hypericum annulatum Moris,,,Plantae,species
,3065585,,Euphorbia taurinensis All.,,,Plantae,species
,2020733,,"Dictyonota fuliginosa Costa, 1855",,,Animalia,species
,4488979,,"Elasmotropis testacea (Herrich-Schaeffer, 1830)",,,Animalia,species
,2014649,,"Calophya rhois (Löw, 1877)",,,Animalia,species
,5153213,,"Psylla buxi (Linnaeus, 1758)",,,Animalia,species
,2014352,,"Livilla variegata (Löw, 1881)",,,Animalia,species
,2013023,,"Cacopsylla hippophaes (Foerster, 1848)",,,Animalia,species
,2012976,,"Cacopsylla zetterstedti (Thomson, 1877)",,,Animalia,species
,2014262,,"Arytaina genistae (Latreille, 1804)",,,Animalia,species
,2890512,,Geranium reflexum L.,,,Plantae,species
,2891627,,"Erodium gruinum (Soland.), 1789",,,Plantae,species
,2891552,,Geranium ibericum Cav.,,,Plantae,species
,2049608,,"Pineus orientalis (Dreyfus, 1888)",,,Animalia,species
,2071674,,"Trichosiphonaphis polygonifoliae (Shinji, 1944)",,,Animalia,species
,2071633,,"Therioaphis tenera (Aizenberg, 1956)",,,Animalia,species
,2070707,,"Uroleucon telekiae (Holman, 1965)",,,Animalia,species
,2069517,,"Rhopalosiphum rufulum Richards, 1960",,,Animalia,species
,2077302,,"Rhopalomyzus poae (Gillette, 1908)",,,Animalia,species
,2076211,,"Myzus cymbalariae Stroyan, 1954",,,Animalia,species
,3188904,,Oenothera macrocarpa Nutt.,,,Plantae,species
,7322443,,Oenothera ×hoelscheri Renner ex Rostanski,,,Plantae,species
,2077652,,"Macrosiphum ptericolens Patch, 1919",,,Animalia,species
,7884360,,Oenothera fruticosa L.,,,Plantae,species
,3188930,,Oenothera flava (A.Nelson) Garrett,,,Plantae,species
,2074753,,"Illinoia lambersi (MacGillivray, 1960)",,,Animalia,species
,2074118,,"Hyadaphis tataricae (Aizenberg, 1935)",,,Animalia,species
,7865307,,Oenothera ×coronifera Renner,,,Plantae,species
,2075491,,"Ericaphis wakibae (Hottes, 1934)",,,Animalia,species
,7800930,,Oenothera ×braunii Döll,,,Plantae,species
,2075808,,"Coloradoa abrotani (Koch, 1854)",,,Animalia,species
,2073544,,"Cinara cupressi (Buckton, 1881)",,,Animalia,species
,3665816,,Oenothera ×albipercurva Renner ex Hudziok,,,Plantae,species
,10607859,,"Cinara tujafilina (Del Guercio, 1909)",,,Animalia,species
,7322516,,Oenothera ×ammophila Focke,,,Plantae,species
,3666061,,Oenothera ×acutifolia Rostanski,,,Plantae,species
,9806721,,"Capitophorus hippophaes (Walker, 1852)",,,Animalia,species
,2076336,,"Capitophorus elaeagni (Del Guercio, 1894)",,,Animalia,species
,2076371,,"Capitophorus similis van der Goot, 1915",,,Animalia,species
,3667774,,Oenothera ×wienii Renner ex Rostanski,,,Plantae,species
,2076356,,"Capitophorus pakansus Hottes & Frison, 1931",,,Animalia,species
,2070076,,"Brachyunguis tamaricophilus (Nevsky, 1928)",,,Animalia,species
,2070105,,"Brachyunguis tamaricis (Lichtenstein, 1886)",,,Animalia,species
,2078589,,"Brachycaudus spiraeae Börner, 1932",,,Animalia,species
,3664677,,Oenothera subterminalis R.R.Gates,,,Plantae,species
,7322143,,Oenothera victorinii R.R.Gates & Catches.,,,Plantae,species
,2072384,,"Aphis oenotherae Oestlund, 1887",,,Animalia,species
,3665907,,Epilobium ×fossicola Smejkal,,,Plantae,species
,3665061,,Epilobium ×interjectum Smejkal,,,Plantae,species
,2077497,,"Acyrthosiphon ignotum Mordvilko, 1914",,,Animalia,species
,3665100,,Epilobium ×iglaviense Smejkal,,,Plantae,species
,3665021,,Epilobium ×josefi-holubii Krahulec,,,Plantae,species
,7595738,,Epilobium ×novae-civitatis Smejkal,,,Plantae,species
,3664293,,Epilobium ×mentiens Smejkal,,,Plantae,species
,3667162,,Epilobium ×prochazkae Krahulec,,,Plantae,species
,3663762,,Epilobium ×nutantiflorum Smejkal,,,Plantae,species
,3665710,,Epilobium ×vicinum Smejkal,,,Plantae,species
,9360507,,"Xyleborinus attenuatus (Blandford, 1894) Blandford",,,Animalia,species
,5019923,,"Xyleborus alni Niisima, 1909",,,Animalia,species
,7908831,,"Pterostichus caspius (Ménétriés, 1832)",,,Animalia,species
,1036958,,"Miscodera arctica (Paykull, 1798)",,,Animalia,species
,5280245,,Didymodon australasiae (Hook. & Grev.) R.H.Zander,,,Plantae,species
,2932144,,Solanum physalifolium Rusby,,,Plantae,species
,2929032,,Solanum scabrum Mill.,,,Plantae,species
,2929062,,Solanum linnaeanum Hepper & P.-M.L.Jaeger,,,Plantae,species
,5341850,,Scopolia carniolica Jacq.,,,Plantae,species
,1047737,,"Caryedon serratus (Olivier, 1790)",,,Animalia,species
,2928738,,Datura quercifolia Kunth,,,Plantae,species
,2928449,,Calystegia hederacea Wall.,,,Plantae,species
,7655426,,Cucurbita maxima (Duchesne) Duchesne ex Poir.,,,Plantae,species
,8016728,,Sedum pallidum M.Bieb.,,,Plantae,species
,5362038,,Sedum annuum L.,,,Plantae,species
,4202057,,Hylotelephium ewersii (Ledeb.) H.Ohba,,,Plantae,species
,2985866,,Hylotelephium erythrostictum (Miq.) H.Ohba,,,Plantae,species
,7339484,,Rodgersia pinnata Franch.,,,Plantae,species
,7663587,,Saxifraga cuneifolia L.,,,Plantae,species
,3755568,,Saxifraga hostii Tausch,,,Plantae,species
,8028512,,Saxifraga hypnoides L.,,,Plantae,species
,8094004,,Saxifraga hostii subsp. hostii,,,Plantae,subspecies
,7270109,,Gentiana lutea subsp. lutea,,,Plantae,subspecies
,2913315,,Galium rubioides L.,,,Plantae,species
,2917001,,Asperula orientalis Boiss. & Hohen.,,,Plantae,species
,2928053,,Phacelia ciliata Benth.,,,Plantae,species
,2926068,,Symphytum ×uplandicum Nyman,,,Plantae,species
,8009141,,Mertensia sibirica (L.) G.Don,,,Plantae,species
,4062065,,Buglossoides incrassata (Guss.) I.M.Johnst.,,,Plantae,species
,8324121,,Trifolium pratense L.,,,Plantae,species
,5359018,,Trifolium badium Schreb.,,,Plantae,species
,5359326,,Trifolium angulatum Waldst. & Kit.,,,Plantae,species
,2974863,,Vicia onobrychioides L.,,,Plantae,species
,8326007,,Vicia pannonica subsp. striata (M.Bieb.) Nyman,,,Plantae,subspecies
,7224911,,Cytisus scoparius subsp. scoparius,,,Plantae,subspecies
,5354671,,Cytisus elongatus Waldst. & Kit.,,,Plantae,species
,5347702,,Genista sagittalis L.,,,Plantae,species
,2965732,,Glycyrrhiza glabra L.,,,Plantae,species
,5356578,,Lathyrus tingitanus L.,,,Plantae,species
,2962932,,Lembotropis nigricans (L.) Griseb.,,,Plantae,species
,2965208,,Medicago disciformis DC.,,,Plantae,species
,2971107,,Melilotus messanensis (L.) All.,,,Plantae,species
,5357035,,Lotus ornithopodioides L.,,,Plantae,species
,7224923,,Ornithopus sativus subsp. sativus,,,Plantae,subspecies
,7275979,,Reseda alba subsp. alba,,,Plantae,subspecies
,3046913,,Sisymbrium austriacum Jacq.,,,Plantae,species
,3052632,,Peltaria alliacea Jacq.,,,Plantae,species
,3045406,,Noccaea kovatsii (Heuff.) F.K.Mey.,,,Plantae,species
,5373187,,Malcolmia chia (L.) DC.,,,Plantae,species
,7225578,,Matthiola incana subsp. incana,,,Plantae,subspecies
,5376627,,Lepidium coronopus (L.) Al-Shehbaz,,,Plantae,species
,7225626,,Hesperis matronalis subsp. matronalis,,,Plantae,subspecies
,3042324,,Hesperis pycnotricha Borbás,,,Plantae,species
,3045111,,Alyssum murale Waldst. & Kit.,,,Plantae,species
,7225632,,Brassica elongata subsp. elongata,,,Plantae,subspecies
,3045783,,Cardamine chelidonia L.,,,Plantae,species
,9778381,,Camelina microcarpa subsp. microcarpa,,,Plantae,subspecies
,7964592,,Camelina microcarpa subsp. pilosa (DC.) Hiitonen,,,Plantae,subspecies
,3042396,,Camelina laxa C.A.Mey.,,,Plantae,species
,5373276,,Cochlearia officinalis L.,,,Plantae,species
,5373533,,Crambe maritima L.,,,Plantae,species
,3142951,,Doronicum pardalianches L.,,,Plantae,species
,5361796,,Parietaria pensylvanica Muhl. ex Willd.,,,Plantae,species
,3039274,,Elaeagnus commutata Bernh. ex Rydb.,,,Plantae,species
,2984481,,Celtis occidentalis L.,,,Plantae,species
,2989557,,Rubus parviflorus Nutt.,,,Plantae,species
,2991466,,Rubus occidentalis L.,,,Plantae,species
,2996929,,Rubus ulmifolius Schott,,,Plantae,species
,9342523,,Rubus silvaticus Wirtg.,,,Plantae,species
,2994750,,Rubus silvaticus Weihe,,,Plantae,species
,2995508,,Rubus illecebrosus Focke,,,Plantae,species
,2991408,,Rubus canadensis L.,,,Plantae,species
,8235931,,Rubus allegheniensis Porter,,,Plantae,species
,2988765,,Rubus nemorosus Hayne & Willd.,,,Plantae,species
,2995288,,Rubus moschus Juz.,,,Plantae,species
,2989336,,Rubus xanthocarpus Bureau & Franch.,,,Plantae,species
,3002169,,Rosa villosa L.,,,Plantae,species
,3002410,,Rosa ×centifolia L.,,,Plantae,species
,3006902,,Rosa foetida Herrm.,,,Plantae,species
,8338335,,Sorbus austriaca Gruppe,,,Plantae,species
,3013206,,Sorbus domestica L.,,,Plantae,species
,8576221,,Sorbus latifolia (Lam.) Pers.,,,Plantae,species
,7787813,,Spiraea alba DuRoi,,,Plantae,species
,7881179,,Spiraea hypericifolia subsp. obovata (Waldst. & Kit. ex Willd.) Dostál,,,Plantae,subspecies
,7362772,,Alchemilla sericata Rchb.,,,Plantae,species
,3023878,,Amelanchier ovalis Medik.,,,Plantae,species
,8168485,,Amelanchier alnifolia (Nutt.) Nutt.,,,Plantae,species
,7475649,,Crataegus flabellata Bosc ex M.Roem.,,,Plantae,species
,3015562,,Crataegus mollis (Torr. & A.Gray) Scheele,,,Plantae,species
,3013404,,Crataegus crus-galli L.,,,Plantae,species
,3025769,,Cotoneaster lucidus Schltdl.,,,Plantae,species
,2988113,,Filipendula rubra (Hill) B.L.Rob.,,,Plantae,species
,5369685,,Geum aleppicum Jacq.,,,Plantae,species
,3001080,,Malus fusca (Raf.) C.K.Schneid.,,,Plantae,species
,3021135,,Prunus ×eminens Beck,,,Plantae,species
,5554574,,Tetragonia tetragonoides (Pall.) Kuntze,,,Plantae,species
,6388110,,Portulaca oleracea subsp. oleracea,,,Plantae,subspecies
,5384095,,Opuntia polyacantha Haw.,,,Plantae,species
,5384038,,Opuntia phaeacantha Engelm.,,,Plantae,species
,4022175,,Calandrinia compressa Schrad. ex DC.,,,Plantae,species
,2888961,,Rumex scutatus L.,,,Plantae,species
,4037101,,Rumex ×propinquus Aresch.,,,Plantae,species
,7344610,,Rumex patientia subsp. patientia,,,Plantae,subspecies
,2888865,,Rheum officinale Baill.,,,Plantae,species
,7291912,,Reynoutria japonica var. japonica,,,Plantae,variety
,5652284,,Fallopia ×convolvuloides (Brügger) Holub,,,Plantae,species
,5568053,,Bassia scoparia subsp. densiflora (Turcz. ex Aellen) Cirujano & Velayos,,,Plantae,subspecies
,7219488,,Bassia scoparia subsp. scoparia,,,Plantae,subspecies
,3083696,,Atriplex littoralis L.,,,Plantae,species
,7340014,,Atriplex semilunaris Aellen,,,Plantae,species
,8357729,,Chenopodium opulifolium Schrad.,,,Plantae,species
,3758151,,Chenopodium nitrariaceum (F.Muell.) F.Muell. ex Benth.,,,Plantae,species
,8941837,,Sagina apetala Ard.,,,Plantae,species
,6364525,,Spergula arvensis subsp. arvensis,,,Plantae,subspecies
,5384788,,Silene ×hampeana Meusel & Werner,,,Plantae,species
,5384805,,Silene latifolia Poir.,,,Plantae,species
,3085799,,Herniaria incana Lam.,,,Plantae,species
,3085797,,Herniaria hirsuta L.,,,Plantae,species
,7219304,,Cerastium arvense subsp. arvense,,,Plantae,subspecies
,7816932,,Anthriscus cerefolium var. trichocarpa Neilr.,,,Plantae,variety
,8321270,,Anthriscus cerefolium var. cerefolium,,,Plantae,variety
,3034501,,Bunium bulbocastanum L.,,,Plantae,species
,3641366,,Chaerophyllum nodosum (L.) Crantz,,,Plantae,species
,7318351,,Caucalis platycarpos var. platycarpos,,,Plantae,variety
,3628745,,Heracleum persicum Desf.,,,Plantae,species
,8262702,,Pastinaca sativa L.,,,Plantae,species
,3638282,,Orlaya grandiflora (L.) Hoffm.,,,Plantae,species
,3034532,,Sium sisarum L.,,,Plantae,species
,4271349,,Torilis arvensis subsp. arvensis,,,Plantae,subspecies
,3033840,,Podophyllum hexandrum Royle,,,Plantae,species
,7315064,,Pseudofumaria alba subsp. alba,,,Plantae,subspecies
,3602862,,Papaver atlanticum subsp. mesatlanticum (Maire) Kadereit,,,Plantae,subspecies
,3600984,,Papaver lecoqii Lamotte,,,Plantae,species
,5334190,,Glaucium flavum Crantz,,,Plantae,species
,7315105,,Fumaria vaillantii var. vaillantii,,,Plantae,variety
,6419895,,Fumaria officinalis subsp. officinalis,,,Plantae,subspecies
,3929423,,Pulsatilla halleri (All.) Willd.,,,Plantae,species
,6375040,,Helleborus foetidus L.,,,Plantae,species
,7277077,,Helleborus odorus Waldst. & Kit. ex Willd.,,,Plantae,species
,3033108,,Helleborus viridis L.,,,Plantae,species
,3033532,,Clematis orientalis L.,,,Plantae,species
,3033558,,Clematis vitalba L.,,,Plantae,species
,8562330,,Consolida orientalis (Gay) Schrödinger,,,Plantae,species
,6710374,,Consolida regalis subsp. regalis,,,Plantae,subspecies
,3921447,,Aquilegia atrata Koch,,,Plantae,species
,7277914,,Adonis annua var. annua,,,Plantae,variety
,4192907,,Impatiens scabrida DC.,,,Plantae,species
,2927723,,Phlox drummondii Hook.,,,Plantae,species
,2927556,,Collomia grandiflora Lindl.,,,Plantae,species
,7554313,,Primula rosea Royle,,,Plantae,species
,3169325,,Androsace elongata L.,,,Plantae,species
,3158788,,Legousia hybrida (L.) Delarbre,,,Plantae,species
,8022456,,Legousia speculum-veneris (L.) Chaix,,,Plantae,species
,5410181,,Campanula alliariifolia Willd.,,,Plantae,species
,5410161,,Campanula ×iserana Kovanda,,,Plantae,species
,5411920,,Campanula rapunculus L.,,,Plantae,species
,7222841,,Tragopogon porrifolius subsp. porrifolius,,,Plantae,subspecies
,3097186,,Tolpis staticifolia (All.) Sch.Bip.,,,Plantae,species
,3151751,,Symphyotrichum ×versicolor (Willd.) G.L.Nesom,,,Plantae,species
,3142238,,Rhaponticum carthamoides (Willd.) Iljin,,,Plantae,species
,7222599,,Sonchus arvensis subsp. arvensis,,,Plantae,subspecies
,3108861,,Senecio santiagoensis Kuntze,,,Plantae,species
,4232678,,Senecio ×helwingii Beger ex Hegi,,,Plantae,species
,3140346,,Lactuca virosa L.,,,Plantae,species
,3140685,,Leontopodium nivale (Ten.) A.Huet ex Hand.-Mazz.,,,Plantae,species
,3119209,,Helianthus hirsutus Raf.,,,Plantae,species
,3135985,,Hieracium heldreichii Boiss.,,,Plantae,species
,3136699,,Hieracium mixtum Lapeyr. ex Froel.,,,Plantae,species
,5396106,,Eurybia macrophylla (L.) Cass.,,,Plantae,species
,5387821,,Gaillardia pulchella Foug.,,,Plantae,species
,7825768,,Gaillardia grandiflora Pursh,,,Plantae,species
,4213288,,Erigeron primulifolius (Lam.) Greuter,,,Plantae,species
,5387142,,Dahlia ×pinnata Cav.,,,Plantae,species
,5403531,,Crepis biennis L.,,,Plantae,species
,5403470,,Crepis foetida L.,,,Plantae,species
,5403709,,Crepis vesicaria L.,,,Plantae,species
,3139628,,Croptilon divaricatum (Nutt.) Raf.,,,Plantae,species
,3112744,,Cirsium echinus (M.Bieb.) Hand.-Mazz.,,,Plantae,species
,7598400,,Chrysanthemum ×morifolium Ramat.,,,Plantae,species
,4219928,,Cirsium ×polivkae Podp.,,,Plantae,species
,4219157,,Cirsium ×sextenum Ausserd. ex Huter,,,Plantae,species
,3112887,,Cirsium japonicum Fisch. ex DC.,,,Plantae,species
,4220801,,Cirsium ×moravicum Petr.,,,Plantae,species
,3112651,,Cirsium tuberosum (L.) All.,,,Plantae,species
,4253832,,Centaurea ×extranea Beck ex Gugler,,,Plantae,species
,3128305,,Centaurea cineraria L.,,,Plantae,species
,3114689,,Carduus ×leptocephalus Peterm.,,,Plantae,species
,3114536,,Carduus ×orthocephalus Wallr.,,,Plantae,species
,7769342,,"Carduus crispus Guirão ex Nyman, 1879",,,Plantae,species
,3120275,,Achillea arabica Kotschy,,,Plantae,species
,3087403,,Arnoseris minima (L.) Schweigg. & Körte,,,Plantae,species
,5393084,,Arctium ×nothum (Ruhmer) J.Weiss,,,Plantae,species
,8206548,,Arctium ×neumannii Rouy,,,Plantae,species
,5393120,,Arctium ×mixtum (Simonk.) Nyman,,,Plantae,species
,8418228,,Arctium ×cimbricum (E.H.L.Krause) Hayek,,,Plantae,species
,5393100,,Arctium ×ambiguum (Celak.) Nyman,,,Plantae,species
,3121370,,Artemisia siversiana Ehrh. ex Willd.,,,Plantae,species
,7476542,,Artemisia alba Hablitz,,,Plantae,species
,3121461,,Artemisia campestris L.,,,Plantae,species
,4251552,,Bellidiastrum michelii Cass.,,,Plantae,species
,7810109,,Bellis sylvestris (L.) Cyr.,,,Plantae,species
,3128725,,Centaurea varnensis Velen.,,,Plantae,species
,3128269,,Centaurea macroptilon Borbás,,,Plantae,species
,4252322,,Centaurea ×javorkae Budai & Wagn.,,,Plantae,species
,4253428,,Centaurea ×gerstlaueri Erdner,,,Plantae,species
,5667801,,Pinguicula crystallina subsp. hirtiflora (Ten.) A.Strid,,,Plantae,subspecies
,7866911,,Pinguicula grandiflora subsp. rosea (Mutel) Casper,,,Plantae,subspecies
,3173273,,Orobanche crenata Forssk.,,,Plantae,species
,3733128,,Orobanche hederae Duby,,,Plantae,species
,7750780,,Orobanche gracilis Sm.,,,Plantae,species
,3173271,,Orobanche minor Sm.,,,Plantae,species
,3732504,,Orobanche lucorum A.Braun ex F.W.Schultz,,,Plantae,species
,8199006,,Melampyrum barbatum Waldst. & Kit. ex Willd.,,,Plantae,species
,5341154,,Glandularia ×hybrida (Groenland & Rümpler) G.L.Nesom & Pruski,,,Plantae,species
,5341141,,Glandularia peruviana (L.) Small,,,Plantae,species
,3173337,,Buddleja alternifolia Maxim.,,,Plantae,species
,7332216,,Veronica incana subsp. incana,,,Plantae,subspecies
,8019690,,Veronica acinifolia L.,,,Plantae,species
,7640499,,Veronica triloba (Opiz) A.Kern.,,,Plantae,species
,3189767,,Plantago major L.,,,Plantae,species
,7303060,,Plantago alpina L.,,,Plantae,species
,3189739,,Plantago coronopus L.,,,Plantae,species
,8204204,,Kickxia spuria subsp. spuria,,,Plantae,subspecies
,7893396,,Kickxia elatine subsp. elatine,,,Plantae,subspecies
,5562956,,Linaria arvensis (L.) Desf.,,,Plantae,species
,3171919,,Gratiola neglecta Torr.,,,Plantae,species
,5414990,,Digitalis lutea L.,,,Plantae,species
,2888711,,Diervilla lonicera Mill.,,,Plantae,species
,5341449,,Thymus praecox Opiz,,,Plantae,species
,7308317,,Teucrium marum L.,,,Plantae,species
,2926901,,Teucrium scorodonia L.,,,Plantae,species
,3887764,,Teucrium polium L.,,,Plantae,species
,2927229,,Stachys arvensis (L.) L.,,,Plantae,species
,3886937,,Salvia spinosa L.,,,Plantae,species
,8249932,,Salvia splendens Sellow ex Nees,,,Plantae,species
,2927080,,Ajuga chamaepitys (L.) Schreb.,,,Plantae,species
,3883897,,Clinopodium menthifolium (Host) Stace,,,Plantae,species
,8916040,,Clinopodium nepeta (L.) Kuntze,,,Plantae,species
,5341308,,Galeopsis segetum Neck.,,,Plantae,species
,7307592,,Leonurus cardiaca var. cardiaca,,,Plantae,variety
,2927324,,Lamium galeobdolon (L.) L.,,,Plantae,species
,3893181,,Lamium ×holsaticum Prahl,,,Plantae,species
,7309134,,Mentha ×dalmatica Tausch,,,Plantae,species
,5927637,,Melissa officinalis subsp. officinalis,,,Plantae,subspecies
,8707933,,Mentha ×piperita L.,,,Plantae,species
,3906030,,Marrubium ×paniculatum Desr.,,,Plantae,species
,3190629,,Toxicodendron pubescens Mill.,,,Plantae,species
,3190628,,Toxicodendron radicans (L.) Kuntze,,,Plantae,species
,3189809,,Aesculus ×carnea Hayne,,,Plantae,species
,7947913,,Helianthemum nummularium Grosser,,,Plantae,species
,7278856,,Sida rhombifolia subsp. rhombifolia,,,Plantae,subspecies
,3935299,,Malva ×adulterina Wallr.,,,Plantae,species
,7279600,,Malva verticillata var. verticillata,,,Plantae,variety
,3933860,,Althaea armeniaca Ten.,,,Plantae,species
,8008494,,Chrysosporum bergii (Ostenf.) Zapomelová et al.,,,Bacteria,species
,7414996,,Peridiniopsis kevei Grigorszky & F.Vasas,,,Chromista,species
,9776227,,"Pettancylus clessiniana (Jickeli, 1882)",,,Animalia,species
,8215223,,Belonastrum berolinensis (Lemmerm.) Round & Maidana,,,Chromista,species
,5421770,,"Centronella reichelti Voigt, 1902",,,Chromista,species
,3193323,,"Stephanodiscus delicatus S.I.Genkal, 1985",,,Chromista,species
,4275361,,Cyclotella woltereckii Hust.,,,Chromista,species
,9696951,,"Ligictaluridus pricei (Mueller, 1936) Beverley-Burton, 1984",,,Animalia,species
,7797215,,Monactinus simplex (Meyen) Corda,,,Plantae,species
,4142326,,Achnatherum calamagrostis P.Beauv.,,,Plantae,species
,5673972,,Setaria helvola Roem. & Schult.,,,Plantae,species
,5289684,,Setaria viridis (L.) P.Beauv.,,,Plantae,subspecies
,,,Incertae sedis,,,Plantae,variety
,8010581,,Diplachne fusca (L.) Roem. & Schult.,,,Plantae,subspecies
,4133390,,Lolium boucheanum Kunth,,,Plantae,species
,5671747,,Cenchrus alopecuroides Thunb.,,,Plantae,species
,4124881,,Bromus ferronii Mabille,,,Plantae,species
,1023627,,"Chordeumella broelemanni (Verhoeff, 1897)",,,Animalia,species
,5289698,,Setaria italica P.Beauv.,,,Plantae,subspecies
,6887788,,"Echinolaelaps echidninus (Berlese, 1887)",,,Animalia,species
,2181983,,"Leporacarus gibbus (Pagenstecher, 1861)",,,Animalia,species
,9787222,,"Eriophyes loewi (Nalepa, 1890)",,,Animalia,species
,5068858,,"Philornis angustifrons (Loew, 1861)",,,Animalia,species
,8427624,,Oxalis corniculata L.,,,Plantae,variety
,4424736,,"Neoheegeria dalmatica Schmutz, 1909",,,Animalia,species
,7560918,,Viola multicaulis Jord.,,,Plantae,species
,9864147,,Viola collina x hirta x odorata,,,Plantae,species
,2891488,,Geranium molle L.,,,Plantae,subspecies
,2049726,,"Adelges viridulus (Cholodkovsky, 1911)",,,Animalia,species
,2049645,,"Adelges prelli (Grosmann, 1935)",,,Animalia,species
,2049672,,"Adelges pectinatae (Cholodkovsky, 1888)",,,Animalia,species
,12041591,,Epilobium dodonaei Vill.,,,Plantae,species
,1211164,,"Tomicus bistridentatus Eichhoff, 1878b",,,Animalia,species
,1211165,,"Tomicus robustus Knotek, 1899b",,,Animalia,species
,9360507,,"Xyleborinus attenuatus Blandford, 1894",,,Animalia,species
,2888789,,Valerianella dentata Pollich,,,Plantae,subspecies
,3797084,,Alkekengi officinarum Moench,,,Plantae,variety
,5341775,,Physalis lagascae Roem. & Schult.,,,Plantae,species
,4463707,,"Kalcapion semivittatum (Gyllenhal, 1833)",,,Animalia,species
,7618770,,Petrosedum rupestre (L.) P.V.Heath,,,Plantae,subspecies
,4201668,,Phedimus middendorfianus (Maxim.) 't Hart,,,Plantae,species
,4201585,,Phedimus stoloniferus (S.G.Gmel.) 't Hart,,,Plantae,species
,10300725,,Astilbe chinensis x japonica x rosea,,,Plantae,species
,3844531,,Gentianella anisodonta (Borbás) Á.Löve & D.Löve,,,Plantae,species
,10642704,,Myosotis arvensis x ramosissima,,,Plantae,species
,8009141,,Mertensia sibirica G.Don,,,Plantae,species
,8324121,,Trifolium pratense L.,,,Plantae,subspecies
,3053522,,Berteroa incana DC.,,,Plantae,subspecies
,5374118,,Isatis tinctoria L.,,,Plantae,subspecies
,7903057,,Brassica rapa L.,,,Plantae,variety
,3874408,,Humulopsis scandens (Lour.) Grudz.,,,Plantae,species
,5361880,,Cannabis sativa L.,,,Plantae,variety
,5364245,,Poterium sanguisorba L.,,,Plantae,subspecies
,2997081,,Rubus horrefactus P.J.Müll. & Lefevre,,,Plantae,species
,5369954,,Geum waldsteiniae Smedmark,,,Plantae,species
,5370006,,Geum ternatum (Stephan) Smedmark,,,Plantae,subspecies
,2888946,,Rumex longifolius DC.,,,Plantae,subspecies
,4038485,,Reynoutria bohemica Chrtek & Chrtková,,,Plantae,species
,8157588,,Chenopodium capitatum Wats. ex Britton,,,Plantae,species
,6035635,,Chenopodium prostratum Bunge ex Herder,,,Plantae,species
,10309747,,Atriplex oblongifolia x patula,,,Plantae,species
,7520244,,Sedobassia sedoides (Pall.) Freitag & G.Kadereit,,,Plantae,species
,6109611,,Amaranthus caudatus L.,,,Plantae,subspecies
,3083838,,Chenopodium album L.,,,Plantae,subspecies
,3083920,,Chenopodium berlandieri Moq.,,,Plantae,subspecies
,7664740,,Atocion compactum (Fisch.) Oxelman,,,Plantae,species
,7496650,,Arenaria holosteoides (C.A.Mey.) Edgew. ex Edgew. & Hook.fil.,,,Plantae,species
,6026680,,Selinum silaifolium Beck,,,Plantae,species
,3034523,,Caucalis platycarpos L.,,,Plantae,subspecies
,7919153,,Ferulago sylvatica Rchb.,,,Plantae,species
,6027379,,Pteroselinum austriacum Rchb.,,,Plantae,species
,3633916,,Tommasinia verticillaris Bertol.,,,Plantae,species
,5334216,,Fumaria vaillantii Loisel.,,,Plantae,subspecies
,8562330,,Consolida orientalis (J.Gay) R.Schrödinger,,,Plantae,species
,,,Pulsatilla montana subsp. Montana,,,Plantae,species
,9159238,,Aconitum nasutum subsp. paniculatum (Arcangeli) Greuter & Burdet,,,Plantae,species
,3929423,,Pulsatilla halleri Willd.,,,Plantae,species
,9500949,,Primula acaulis (L.) L.,,,Plantae,species
,8368021,,Lysimachia foemina (Mill.) U.Manns & Anderb.,,,Plantae,species
,9573587,,Lysimachia doerfleri (Ronniger) Stace,,,Plantae,species
,3115857,,Logfia gallica Coss. & Germ.,,,Plantae,species
,3132457,,Erechtites hieraciifolia (L.) Raf. ex DC.,,,Plantae,species
,3091999,,Glebionis carinata (Schousb.) Tzvelev,,,Plantae,species
,3140450,,Cicerbita macrophylla Wallr.,,,Plantae,species
,3117449,,Erigeron annuus Pers.,,,Plantae,variety
,7733140,,Bellardia viscosa Fisch. & C.A.Mey.,,,Plantae,species
,6439117,,Veronica incana L.,,,Plantae,species
,7332436,,Chaenorhinum litorale (Bernh.) Fritsch,,,Plantae,species
,10660347,,Mentha aquatica x spicata subsp. Glabrata,,,Plantae,subspecies
,9269392,,Drymosiphon grandiflorus (L.) Melnikov,,,Plantae,species
,2926894,,Ballota nigra L.,,,Plantae,subspecies
,8916040,,Clinopodium nepeta Kuntze,,,Plantae,subspecies
,5341389,,Leonurus cardiaca L.,,,Plantae,subspecies
,8974899,,Mentha rotundifolia (L.) Huds.,,,Plantae,species
,9296871,,Ripariosida hermaphrodita (L.) Weakley & D.B.Poind.,,,Plantae,species
,3940326,,Malva trimestris Salisb.,,,Plantae,species
,3152374,,Malva sylvestris L.,,,Plantae,variety
,5824752,,"Pseudochattonella farcimen (Eikrem, B.Edvardsen & J.Throndsen) Eikrem",,,Chromista,species
,5421668,,"Odontella sinensis (Greville) Grunow, 1884",,,Chromista,species
,3196387,,Fucus evanescens C.Agardh,,,Chromista,species
,2266038,,"Pachycordyle navis (Millard, 1959)",,,Animalia,species
,5423480,,Dictyota dichotoma (Huds.) J.V.Lamour.,,,Chromista,species
,2266593,,"Bougainvillia rugosa Clarke, 1882",,,Animalia,species
,3194420,,"Heterosigma akashiwo (Hada) Hada ex Hara & Chihara, 1967",,,Chromista,species
,5422037,,Chattonella verruculosa Y.Hara & Chihara,,,Chromista,species
,3203610,,"Phytophthora ramorum Werres, De Cock & Man",,,Chromista,species
,8166987,,Prorocentrum minimum (Pavill.) J.Schiller,,,Chromista,species
,7454879,,Karenia mikimotoi (Miyake & Kominami ex Oda) G.Hansen & Moestrup,,,Chromista,species
,8313437,,"Hymenoscyphus fraxineus (T.Kowalski) Baral, Queloz & Hosoya",,,Fungi,species
,2286060,,"Ostrea edulis Linnaeus, 1758",,,Animalia,species
,5270682,,Chara connivens Salzmann ex A.Braun,,,Plantae,species
,2286284,,"Chama macerophylla Gmelin, 1791",,,Animalia,species
,2645255,,Protomonostroma undulatum (Wittr.) K.L.Vinogr.,,,Plantae,species
,5272105,,Codium fragile subsp. scandinavicum P.C.Silva,,,Plantae,subspecies
,4601972,,"Ocinebrellus inornatus (Récluz, 1851)",,,Animalia,species
,8850333,,"Helisoma tenue (Dunker, 1850)",,,Animalia,species
,5278964,,Gracilaria vermiculophylla (Ohmi) Papenfuss,,,Plantae,species
,7776152,,Neosiphonia harveyi (J.W.Bailey) M.S.Kim et al.,,,Plantae,species
,10807944,,"Australorbis bahiensis (Dunker, 1886)",,,Animalia,species
,2659055,,Heterosiphonia japonica Yendo,,,Plantae,species
,2659108,,Dasya baillouviana (Gmelin) Mont.,,,Plantae,species
,2668884,,Bonnemaisonia hamifera Hariot,,,Plantae,species
,5780449,,"Monacha cartusiana (O.F.Müller, 1774)",,,Animalia,species
,5274944,,Polypodium cambricum L.,,,Plantae,species
,5190781,,"Deroceras caruanae (Pollonera, 1891)",,,Animalia,species
,2651113,,Polystichum lonchitis (L.) Roth,,,Plantae,species
,2294287,,"Helix pomatia Linnaeus, 1758",,,Animalia,species
,2296797,,"Candidula intersecta (Poiret, 1801)",,,Animalia,species
,4196478,,Azolla microphylla Kaulf.,,,Plantae,species
,2294103,,"Arion rufus (Linnaeus, 1758)",,,Animalia,species
,2742342,,Trillium erectum L.,,,Plantae,species
,4556282,,"Meloidogyne incognita (Kofoid & White, 1919) Chitwood, 1949",,,Animalia,species
,2753026,,Lilium pyrenaicum Gouan,,,Plantae,species
,4556299,,"Meloidogyne arenaria (Neal, 1889) Chitwood, 1949",,,Animalia,species
,4556287,,"Meloidogyne javanica (Treub, 1885) Chitwood, 1949",,,Animalia,species
,2753465,,Lilium pensylvanicum Ker Gawl.,,,Plantae,species
,2284101,,"Radopholus similis (Cobb, 1893) Thorne, 1949",,,Animalia,species
,4556361,,"Pratylenchus vulnus Allen & Jensen, 1951",,,Animalia,species
,2752815,,Erythronium americanum Ker Gawl.,,,Plantae,species
,2739622,,Colchicum autumnale L.,,,Plantae,species
,5188668,,"Heterodera cacti Filipjev & Schuurmans Stekhoven, 1941",,,Animalia,species
,5188665,,"Globodera pallida Stone, 1973",,,Animalia,species
,5330580,,Arum maculatum L.,,,Plantae,species
,2308887,,"Hirudo medicinalis Linnaeus, 1758",,,Animalia,species
,2805433,,Spiranthes sinensis (Pers.) Ames,,,Plantae,species
,5298019,,Iris versicolor L.,,,Plantae,species
,2749827,,Gladiolus imbricatus L.,,,Plantae,species
,2750096,,Gladiolus communis L.,,,Plantae,species
,4410498,,"Satchellius mammalis (Savigny, 1826)",,,Animalia,species
,8861735,,"Eisenia veneta (Rosa, 1886)",,,Animalia,species
,8041190,,"Eisenia hortensis (Michaelsen, 1890)",,,Animalia,species
,5815559,,"Eisenia andrei (Bouché, 1972)",,,Animalia,species
,8290434,,"Dendrobaena attemsi (Michaelsen, 1903)",,,Animalia,species
,2770610,,Sansevieria trifasciata Prain,,,Plantae,species
,2767506,,Scilla bifolia L.,,,Plantae,species
,2767312,,Scilla mischtschenkoana Grossh.,,,Plantae,species
,2307593,,"Perionyx excavatus Perrier, 1872",,,Animalia,species
,2772902,,Ornithogalum pyrenaicum L.,,,Plantae,species
,2772020,,Muscari neglectum Guss. ex Ten.,,,Plantae,species
,2307609,,"Amynthas gracilis (Kinberg, 1866)",,,Animalia,species
,4008563,,Hosta lancifolia (Thunb.) Engl.,,,Plantae,species
,5304283,,Hyacinthoides non-scripta (L.) Chouard ex Rothm.,,,Plantae,species
,10087251,,Hyacinthoides hispanica x non-scripta,,,Plantae,species
,5304298,,Hyacinthoides italica (L.) Rothm.,,,Plantae,species
,2769084,,Camassia quamash (Pursh) Greene,,,Plantae,species
,2321009,,"Marenzelleria wireni Augener, 1913",,,Animalia,species
,5305033,,Kniphofia uvaria (L.) Oken,,,Plantae,species
,5305000,,Caesia occidentalis R.Br.,,,Plantae,species
,2778437,,Asphodelus fistulosus L.,,,Plantae,species
,2777134,,Asphodeline lutea (L.) Rchb.,,,Plantae,species
,2778457,,Asphodelus albus Mill.,,,Plantae,species
,2325845,,"Alkmaria romijni Horst, 1919",,,Animalia,species
,7227584,,Narcissus pseudonarcissus subsp. pseudonarcissus,,,Plantae,subspecies
,10030688,,Narcissus poeticus x pseudonarcissus,,,Plantae,species
,2860425,,Leucojum aestivum L.,,,Plantae,species
,2860409,,Leucojum vernum L.,,,Plantae,species
,2857616,,Allium sphaerocephalon L.,,,Plantae,species
,2856476,,Allium porrum Georgi,,,Plantae,species
,2855963,,Allium rotundum L.,,,Plantae,species
,2856834,,Allium altissimum Regel,,,Plantae,species
,5219303,,"Vulpes lagopus (Linnaeus, 1758)",,,Animalia,species
,8055487,,Cyperus ovularis (Michx.) Torr.,,,Plantae,species
,8243603,,Cyperus longus L.,,,Plantae,species
,5219833,,"Micromys minutus (Pallas, 1771)",,,Animalia,species
,2715729,,Cyperus iria L.,,,Plantae,species
,2724120,,Carex praecox Schreb.,,,Plantae,species
,2725766,,Carex alba Scop.,,,Plantae,species
,2439683,,"Eliomys quercinus (Linnaeus, 1766)",,,Animalia,species
,2728048,,Carex bohemica Schreb.,,,Plantae,species
,2728143,,Carex davalliana Sm.,,,Plantae,species
,2438482,,"Mesocricetus auratus (Waterhouse, 1839)",,,Animalia,species
,2438704,,"Cricetus cricetus (Linnaeus, 1758)",,,Animalia,species
,2480353,,"Pelecanus crispus Bruch, 1832",,,Animalia,species
,2473577,,"Tetrao urogallus Linnaeus, 1758",,,Animalia,species
,2703592,,Ventenata dubia (Leers) Coss. & Durieu,,,Plantae,species
,5679032,,Vulpia geniculata (L.) Link,,,Plantae,species
,2498264,,"Aythya collaris (Donovan, 1809)",,,Animalia,species
,4145057,,Vulpia membranacea (L.) Dumort.,,,Plantae,species
,4144940,,Vulpia muralis (Kunth) Nees,,,Plantae,species
,2498073,,"Anas discors Linnaeus, 1766",,,Animalia,species
,2498096,,"Anas falcata Georgi, 1775",,,Animalia,species
,2498107,,"Anas formosa Georgi, 1775",,,Animalia,species
,9761484,,"Anas platyrhynchos Linnaeus, 1758",,,Animalia,species
,2498154,,"Anas americana J.F.Gmelin, 1789",,,Animalia,species
,2498139,,"Anas cyanoptera Vieillot, 1816",,,Animalia,species
,5230861,,"Passerina amoena (Say, 1822)",,,Animalia,species
,2491872,,"Passerella iliaca (Merrem, 1786)",,,Animalia,species
,2491475,,"Emberiza elegans Temminck, 1836",,,Animalia,species
,4142480,,Stipa cretacea P.A.Smirn.,,,Plantae,species
,2704371,,Trisetum aureum (Ten.) Ten.,,,Plantae,species
,5204037,,"Oncorhynchus gorbuscha (Walbaum, 1792)",,,Animalia,species
,5711980,,"Oncorhynchus clarkii (Richardson, 1836)",,,Animalia,species
,5204024,,"Oncorhynchus tshawytscha (Walbaum, 1792)",,,Animalia,species
,5204039,,"Oncorhynchus nerka (Walbaum, 1792)",,,Animalia,species
,2705967,,Secale montanum Guss.,,,Plantae,species
,2391520,,"Channa panaw Musikasinthorn, 1998",,,Animalia,species
,5678561,,Phalaris truncata Guss.,,,Plantae,species
,8244278,,Phleum graecum Willd. ex Trin.,,,Plantae,species
,2704211,,Poa chaixii Vill.,,,Plantae,species
,5674230,,Parapholis filiformis (Roth) C.E.Hubb.,,,Plantae,species
,5674213,,Parapholis pycnantha (Hack.) C.E.Hubb.,,,Plantae,species
,2705914,,Koeleria macrantha (Ledeb.) Schult.,,,Plantae,species
,4116522,,Hordeum geniculatum All.,,,Plantae,species
,7324734,,Hordeum vulgare var. vulgare,,,Plantae,variety
,2229800,,"Lithobius lapidicola Meinert, 1872",,,Animalia,species
,9775845,,Hordeum vulgare var. distichon (L.) Alef.,,,Plantae,variety
,2229915,,"Lithobius microps Meinert, 1868",,,Animalia,species
,4114079,,Hordeum violaceum Boiss. & Hohen.,,,Plantae,species
,8227419,,Festuca rubra subsp. megastachys Gaudin,,,Plantae,subspecies
,2705690,,Hainardia cylindrica (Willd.) Greuter,,,Plantae,species
,4115735,,Eleusine floccifolia Spreng.,,,Plantae,species
,2232992,,"Strigamia crassipes Koch, 1835",,,Animalia,species
,5290318,,Elymus virginicus L.,,,Plantae,species
,2234044,,"Mecistocephalus maxillaris Gervais, 1837",,,Animalia,species
,4150768,,Eragrostis aegyptiaca (Willd.) Delile,,,Plantae,species
,2233761,,"Geophilus insculptus Attems, 1895",,,Animalia,species
,8188462,,"Clinopodes linearis (C.L.Koch, 1835) C.L.Koch, 1835",,,Animalia,species
,4932234,,Dactylis glomerata subsp. hispanica (Roth) Nyman,,,Plantae,subspecies
,5166344,,"Lepas fascicularis Ellis & Solander, 1786",,,Animalia,species
,5166339,,"Lepas anatifera Linnaeus, 1758",,,Animalia,species
,4138080,,Aegilops neglecta Req. ex Bertol.,,,Plantae,species
,2115741,,"Elminius modestus Darwin, 1854",,,Animalia,species
,4118280,,Agrostis pourretii Willd.,,,Plantae,species
,2115717,,"Balanus improvisus Darwin, 1854",,,Animalia,species
,2234729,,"Penilia avirostris Dana, 1849",,,Animalia,species
,5290073,,Alopecurus rendlei Eig,,,Plantae,species
,2235237,,"Artemia salina (Linnaeus, 1758)",,,Animalia,species
,2705292,,Avena byzantina K.Koch,,,Plantae,species
,2186348,,"Phytoseiulus persimilis Athias-Henriot, 1957",,,Animalia,species
,8429888,,Avena sterilis subsp. ludoviciana (Durieu) Gillet & Magne,,,Plantae,subspecies
,2188210,,"Ornithonyssus bursa (Berlese, 1888)",,,Animalia,species
,7432992,,Avena sativa var. sativa,,,Plantae,variety
,2130185,,"Tetranychus urticae Koch, 1836",,,Animalia,species
,2705857,,Brachiaria platyphylla (Munro ex C.Wright) Nash,,,Plantae,species
,4111775,,Bromus pseudosecalinus P.M.Sm.,,,Plantae,species
,4111181,,Bromus brachystachys Hornung,,,Plantae,species
,2181915,,"Glycyphagus domesticus (de Geer, 1778)",,,Animalia,species
,4553512,,"Platybunus pinetorum (Koch, 1839)",,,Animalia,species
,4553384,,"Odiellus spinosus (Bosc, 1792)",,,Animalia,species
,4553430,,"Dicranopalpus ramosus (Simon, 1909)",,,Animalia,species
,10947163,,"Micariolepis dives Simon, 1897",,,Animalia,species
,5170994,,"Argiope bruennichi (Scopoli, 1772)",,,Animalia,species
,2183597,,"Rhipicephalus sanguineus Latreille, 1806",,,Animalia,species
,2183465,,"Dermacentor variabilis Say, 1821",,,Animalia,species
,2184876,,"Argas reflexus Fabricius, 1794",,,Animalia,species
,3082263,,Cornus mas L.,,,Plantae,species
,2219218,,"Jassa marmorata Holmes, 1905",,,Animalia,species
,2226046,,"Paromola cuvieri (Risso, 1816)",,,Animalia,species
,8288953,,Salix ×stipularis Sm.,,,Plantae,species
,2225816,,"Pachygrapsus transversus (Gibbes, 1850)",,,Animalia,species
,5372604,,Salix lucida Muhl.,,,Plantae,species
,5372945,,Salix bicolor Ehrh. ex Willd.,,,Plantae,species
,5178607,,"Gecarcinus lateralis Freminville, 1832",,,Animalia,species
,8263713,,Salix ×calodendron Wimm.,,,Plantae,species
,10469109,,Salix babylonica x fragilis,,,Plantae,species
,10268297,,Salix alba x babylonica,,,Plantae,species
,2227571,,"Goneplax rhomboides (Linnaeus, 1758)",,,Animalia,species
,2221836,,"Dromia personata (Linnaeus, 1758)",,,Animalia,species
,9877678,,Populus deltoides x nigra,,,Plantae,species
,3803716,,Populus laurifolia Ledeb.,,,Plantae,species
,2874183,,Passiflora quadrangularis L.,,,Plantae,species
,2208095,,"Androniscus dentiger Verhoeff, 1908",,,Animalia,species
,3069475,,Euphorbia dulcis L.,,,Plantae,species
,3064269,,Euphorbia esula subsp. tommasiniana (Bertol.) Kuzmanov,,,Plantae,subspecies
,6427908,,Oenothera strigosa (Rydb.) Mack. & Bush,,,Plantae,species
,6427797,,Oenothera canovirens E.S.Steele,,,Plantae,species
,1013271,,"Cylindroiulus nitidus Verhoeff, 1891",,,Animalia,species
,1013610,,"Cylindroiulus parisiorum (Brölemann & Verhoeff, 1896)",,,Animalia,species
,3189174,,Epilobium lactiflorum Hausskn.,,,Plantae,species
,1014409,,"Choneiulus palmatus (Nĕmec, 1895)",,,Animalia,species
,1014383,,"Blaniulus guttulatus (Fabricius, 1798)",,,Animalia,species
,1014399,,"Boreoiulus tenuis (Bigler, 1913)",,,Animalia,species
,1014453,,"Archiboreoiulus pallidus (Brade-Birks, 1920)",,,Animalia,species
,2888615,,Viburnum lantana L.,,,Plantae,species
,1014625,,"Ophiodesmus albonanus (Latzel, 1895)",,,Animalia,species
,7298981,,Valerianella microcarpa Loisel.,,,Plantae,species
,7298997,,Valeriana tripteris L.,,,Plantae,species
,6369607,,Symphoricarpos albus var. laevigatus (Fernald) S.F.Blake,,,Plantae,variety
,1995651,,"Nauphoeta cinerea (Olivier, 1789)",,,Animalia,species
,1995454,,"Panchlora peruana Saussure, 1864",,,Animalia,species
,1995432,,"Panchlora fraterna Saussure & Zehntner, 1893",,,Animalia,species
,5150245,,"Blaberus atropos (Stoll, 1813)",,,Animalia,species
,5150248,,"Blaberus parabolicus Walker, 1868",,,Animalia,species
,2928765,,Nicotiana attenuata Torr. ex S.Watson,,,Plantae,species
,1997400,,"Supella longipalpa (Fabricius, 1798)",,,Animalia,species
,1996296,,"Nyctibora laevigata (Palisot de Beauvois, 1805)",,,Animalia,species
,5341813,,Physalis alkekengi L.,,,Plantae,species
,2928863,,"Petunia axillaris (Lam.) Britton, Sterns & Poggenb.",,,Plantae,species
,2928843,,Schizanthus pinnatus Ruiz & Pav.,,,Plantae,species
,1477054,,"Sturmia bella (Meigen, 1824)",,,Animalia,species
,6290046,,Solanum villosum subsp. miniatum (Bernh. ex Willd.) Edmonds,,,Plantae,subspecies
,2930439,,Solanum laciniatum Aiton,,,Plantae,species
,1464719,,"Phasia barbifrons (Girschner, 1887)",,,Animalia,species
,2932146,,Solanum physalifolium var. nitidibaccatum (Bitter) Edmonds,,,Plantae,variety
,2929362,,Solanum capsicoides All.,,,Plantae,species
,1552980,,"Ophiomyia simplex (Loew, 1869)",,,Animalia,species
,8280931,,Solanum citrullifolium A.Br.,,,Plantae,species
,1524843,,"Musca domestica Linnaeus, 1758",,,Animalia,species
,7324159,,Merremia sibirica (L.) Hallier fil.,,,Plantae,species
,1544340,,"Merodon equestris (Fabricius, 1794)",,,Animalia,species
,2928531,,Ipomoea cairica (L.) Sweet,,,Plantae,species
,1599061,,"Resseliella conicola (Foote, 1956)",,,Animalia,species
,1599075,,"Resseliella skuhravyorum Skrzypczynska, 1975",,,Animalia,species
,3678857,,Convolvulus sabatius Viv.,,,Plantae,species
,5081331,,"Rhopalomyia chrysanthemi (Ahlberg, 1939)",,,Animalia,species
,7620080,,Cuscuta scandens subsp. cesatiana (Bertol.) Holub,,,Plantae,subspecies
,1595212,,"Dasineura kellneri (Henschel, 1875)",,,Animalia,species
,3678616,,Calystegia sepium subsp. spectabilis Brummitt,,,Plantae,subspecies
,1574962,,"Strobilomyia infrequens (Ackland, 1964)",,,Animalia,species
,3678623,,Calystegia sepium subsp. roseata Brummitt,,,Plantae,subspecies
,1574948,,"Strobilomyia melania (Ackland, 1964)",,,Animalia,species
,1575603,,"Botanophila retusa (Ringdahl, 1952)",,,Animalia,species
,1419902,,"Anisolabis maritima (Bonelli, 1832)",,,Animalia,species
,1373352,,"Tachinaephagus zealandicus Ashmead, 1904",,,Animalia,species
,8364410,,Cucurbita pepo var. giromontiina Grebenšč.,,,Plantae,variety
,1396059,,"Spalangia endius Walker, 1839",,,Animalia,species
,7326938,,Nuphar japonica DC.,,,Plantae,species
,1395226,,"Pteromalus apum (Retzius, 1783)",,,Animalia,species
,1395979,,"Muscidifurax uniraptor Kogan & Legner, 1970",,,Animalia,species
,1395978,,"Muscidifurax zaraptor Kogan & Legner, 1970",,,Animalia,species
,1370962,,"Megastigmus pinus Parfitt, 1857",,,Animalia,species
,1370930,,"Megastigmus suspectus Borries, 1895",,,Animalia,species
,5039354,,"Osmia cornifrons (Radoszkowski, 1887)",,,Animalia,species
,1335648,,"Megachile rotundata (Fabricius, 1787)",,,Animalia,species
,5044859,,"Eurytoma orchidearum (Westwood, 1869)",,,Animalia,species
,1317388,,"Oecophylla smaragdina (Fabricius, 1775)",,,Animalia,species
,11270674,,Sedum forsteranum,,,Plantae,species
,5690470,,Sedum monregalense Balb.,,,Plantae,species
,7631122,,"Apis mellifera ligustica Spinola, 1806",,,Animalia,subspecies
,5362013,,Sedum hybridum L.,,,Plantae,species
,8391660,,"Apis mellifera carnica Pollmann, 1879",,,Animalia,subspecies
,8035075,,Crassula helmsii (Kirk) A.Berger,,,Plantae,species
,3032812,,Saxifraga umbrosa L.,,,Plantae,species
,3032758,,Saxifraga rosacea Moench,,,Plantae,species
,3754647,,Astilboides tabularis (Hemsl.) Engl.,,,Plantae,species
,1420243,,"Liothrips vaneeckei Priesner, 1920",,,Animalia,species
,11047092,,"Haplothrips melaleucus Bagnall, 1911",,,Animalia,species
,3170097,,Gentiana nivalis L.,,,Plantae,species
,2914110,,Galium rotundifolium L.,,,Plantae,species
,1420961,,"Thrips tabaci Lindeman, 1889",,,Animalia,species
,7221521,,Galium spurium subsp. spurium,,,Plantae,subspecies
,2914515,,Galium glaucum L.,,,Plantae,species
,11105555,,Anaphothrips orchidii,,,Animalia,species
,5338920,,Cruciata laevipes Opiz,,,Plantae,species
,1713418,,"Locusta migratoria (Linnaeus, 1758)",,,Animalia,species
,3169816,,Apocynum androsaemifolium L.,,,Plantae,species
,1716462,,"Gryllus campestris Linnaeus, 1758",,,Animalia,species
,3086412,,Peperomia pellucida (L.) Kunth,,,Plantae,species
,1862526,,Theretra latreillii MacLeay,,,Animalia,species
,2873994,,Aristolochia macrophylla Lam.,,,Plantae,species
,1830822,,"Prays oleae Bernard, 1788",,,Animalia,species
,5121942,,"Syncopacma polychromella (Rebel, 1902)",,,Animalia,species
,5147150,,"Idaea inquinata (Scopoli, 1763)",,,Animalia,species
,1938214,,"Iphiclides podalirius (Linnaeus, 1758)",,,Animalia,species
,1836899,,"Hofmannophila pseudospretella Stainton, 1849",,,Animalia,species
,1777517,,"Eutelia adulatrix (Hübner, 1813)",,,Animalia,species
,2974981,,Vicia disperma DC.,,,Plantae,species
,1858063,,"Tinea translucens Meyrick, 1917",,,Animalia,species
,1857143,,"Opogona omoscopa (Meyrick, 1893)",,,Animalia,species
,1856595,,"Neurothaumasia ankerella (Mann, 1867)",,,Animalia,species
,5122779,,"Lindera tessellatella Blanchard, 1852",,,Animalia,species
,1857559,,"Dasyses incrustata (Meyrick, 1930)",,,Animalia,species
,1856893,,"Dryadaula pactolia Meyrick, 1901",,,Animalia,species
,5359209,,Trifolium ochroleucon Huds.,,,Plantae,species
,1887054,,"Sameodes cancellalis (Zeller, 1852)",,,Animalia,species
,5359025,,Trifolium microcephalum Pursh,,,Plantae,species
,5359414,,Trifolium cernuum Brot.,,,Plantae,species
,1884103,,"Nymphula enixalis (Swinhoe, 1885)",,,Animalia,species
,1884132,,"Nymphula manilensis Hampson, 1917",,,Animalia,species
,5358769,,Trifolium cherleri L.,,,Plantae,species
,4302357,,"Paraponyx diminulatis Snell., 1880",,,Animalia,species
,5360432,,Trigonella gladiata Steven ex M.Bieb.,,,Plantae,species
,8223165,,"Ostrinia nubilalis Hübner, 1796",,,Animalia,species
,5359472,,Trifolium ornithopodioides (L.) Sm,,,Plantae,species
,5358798,,Trifolium pratense var. sativum Schreb.,,,Plantae,variety
,5358806,,Trifolium pratense var. americanum Harz,,,Plantae,variety
,2970648,,Sesbania sesban (L.) Merr.,,,Plantae,species
,5350000,,Securigera varia (L.) Lassen,,,Plantae,species
,1882905,,"Diplopseustis perieresalis (Walker, 1859)",,,Animalia,species
,1879452,,"Duponchelia fovealis Zeller, 1847",,,Animalia,species
,7224462,,Pisum sativum subsp. sativum,,,Plantae,subspecies
,5771877,,"Diaphania indica (Saunders, 1851)",,,Animalia,species
,1919348,,"Catopsilia pyranthe (Linnaeus, 1758)",,,Animalia,species
,2977292,,Ononis mitissima L.,,,Plantae,species
,1924713,,"Lampides boeticus (Linnaeus, 1767)",,,Animalia,species
,1936357,,"Calephelis virginiensis (Gray, 1832)",,,Animalia,species
,2971041,,Melilotus suaveolens Ledeb.,,,Plantae,species
,2965450,,Medicago polyceratia (L.) Sauvages ex Trautv.,,,Plantae,species
,1868664,,"Bombyx mori Linnaeus, 1758",,,Animalia,species
,1873798,,"Myrlaea marmorata Alphéraky, 1876",,,Animalia,species
,1873253,,"Mussidia nigrivenella Ragonot, 1888",,,Animalia,species
,10983290,,"Eodiatraea rufescens (Box, 1931)",,,Animalia,species
,2942877,,Crotalaria juncea L.,,,Plantae,species
,1875804,,"Caphys biliniata Cramer, 1781",,,Animalia,species
,4929178,,Dorycnium pentaphyllum subsp. herbaceum (Vill.) Rouy,,,Plantae,subspecies
,10753464,,"Orgyia turbata Butler, 1879",,,Animalia,species
,5354623,,Cytisus praecox Beauverd,,,Plantae,species
,1779399,,"Apopestes spectrum (Esper, 1787)",,,Animalia,species
,7873130,,Genista tinctoria subsp. elatior (W.D.J.Koch) Simonk.,,,Plantae,subspecies
,5117791,,"Euchromia lethe Fabricius, 1775",,,Animalia,species
,5353750,,Hippocrepis comosa L.,,,Plantae,species
,1803261,,"Antichloris viridis Druce, 1884",,,Animalia,species
,5356542,,Lathyrus nissolia L.,,,Plantae,species
,5356380,,Lathyrus venetus (Mill.) Wohlf.,,,Plantae,species
,1867928,,"Saturnia pyri (Denis & Schiffermüller), 1775",,,Animalia,species
,1866573,,"Antheraea paphia Linnaeus, 1758",,,Animalia,species
,1866570,,"Antheraea polyphemus Cramer, 1775",,,Animalia,species
,5356392,,Lathyrus incurvus (Roth) Willd.,,,Plantae,species
,7301210,,Lathyrus latifolius subsp. latifolius,,,Plantae,subspecies
,5356343,,Laburnum alpinum (Mill.) Bercht. & J.Presl,,,Plantae,species
,5130369,,"Junonia atlites (Linnaeus, 1763)",,,Animalia,species
,5356351,,Laburnum ×watereri (A.C.Rosenthal & Bermann) Dippel,,,Plantae,species
,8035998,,"Hipparchia statilinus Hufnagel, 1766",,,Animalia,species
,5136713,,"Euploea core (Cramer, 1780)",,,Animalia,species
,5133088,,"Danaus plexippus (Linnaeus, 1758)",,,Animalia,species
,5806167,,"Danaus genutia (Cramer, 1779)",,,Animalia,species
,5128005,,"Anartia fatima Fabricius, 1793",,,Animalia,species
,2925786,,Heliotropium curassavicum L.,,,Plantae,species
,1740623,,"Lobesia botrana (Denis & Schiffermüller), 1775",,,Animalia,species
,1744658,,"Epichoristodes acerbella (Walker, 1864)",,,Animalia,species
,1736962,,"Cryptophlebia leucotreta (Meyrick, 1913)",,,Animalia,species
,2928303,,Ellisia nyctelea (L.) L.,,,Plantae,species
,8094357,,"Cacoecimorpha pronubana (Hübner, 1796-1799)",,,Animalia,species
,1738273,,"Aethes rubiginana (Walsingham, 1903)",,,Animalia,species
,1740469,,"Adoxophyes privatana (Walker, 1863)",,,Animalia,species
,5109850,,Spodoptera eridania Stoll,,,Animalia,species
,5109881,,"Spodoptera dolichos Fabricius, 1794",,,Animalia,species
,5109931,,"Spodoptera littoralis (Boisduval, 1833)",,,Animalia,species
,8108800,,"Helicoverpa armigera (Hübner, 1808)",,,Animalia,species
,5108671,,"Callopistria maillardi (Guenée, 1862)",,,Animalia,species
,1775796,,"Ascalapha odorata (Linnaeus, 1758)",,,Animalia,species
,1796266,,"Adris tyrannus (Guenée, 1852)",,,Animalia,species
,1752109,,"Phobetron hipparchia (Cramer, 1777)",,,Animalia,species
,10103008,,"Acharia apicalis (Dyar, 1900)",,,Animalia,
,4067539,,Symphytum bulbosum C.Schimper,,,Plantae,species
,8210199,,Symphytum ibiricum Steven,,,Plantae,species
,4453676,,"Xylita laevigata (Hellenius, 1786)",,,Animalia,species
,4066938,,Symphytum tauricum Willd.,,,Plantae,species
,4060258,,Nonea versicolor (Steven) Sweet,,,Plantae,species
,7814874,,Myosotis sparsiflora J.C.Mikan ex Pohl,,,Plantae,species
,11271493,,Lithospermum purpureocaeruleum L.,,,Plantae,species
,7655204,,Cynoglossum glochidiatum Wall.,,,Plantae,species
,1085188,,"Trichius fasciatus (Linnaeus, 1758)",,,Animalia,species
,4458304,,"Ripidius pectinicornis Thunberg, 1806",,,Animalia,species
,7295330,,Anchusa undulata L.,,,Plantae,species
,1170174,,"Sitophilus granarius (C.Linnaeus, 1758)",,,Animalia,species
,2925887,,Amsinckia douglasiana A.DC.,,,Plantae,species
,6395134,,Amsinckia intermedia Fisch. & C.A.Mey.,,,Plantae,species
,5372246,,Panax quinquefolius L.,,,Plantae,species
,7585356,,"Ptilodactyla nitens Laporte de Castelnau, 1840",,,Animalia,species
,3036940,,Aralia chinensis L.,,,Plantae,species
,3037060,,Aralia californica S.Watson,,,Plantae,species
,1057362,,"Polyphylla fullo (Linnaeus, 1758)",,,Animalia,species
,4995700,,"Oryctes nasicornis (Linnaeus, 1758)",,,Animalia,species
,4433178,,"Paromalus parallelepipedus (Herbst, 1791)",,,Animalia,species
,3634768,,Astrantia maxima Pall.,,,Plantae,species
,7412216,,Bifora testiculata (L.) Roth,,,Plantae,species
,7631727,,"Macrolister major (Linnaeus, 1766)",,,Animalia,species
,6132337,,"Tenebrioides mauritanicus (Linnaeus, 1758)",,,Animalia,species
,4449461,,"Lophocateres pusillus (Klug, 1833)",,,Animalia,species
,6027105,,Bupleurum falcatum L.,,,Plantae,species
,3034557,,Bupleurum lancifolium Hornem.,,,Plantae,species
,3642608,,Chaerophyllum aromaticum L.,,,Plantae,species
,6990469,,"Luciola italica (Linnaeus, 1767)",,,Animalia,species
,6027328,,Chaerophyllum hirsutum L.,,,Plantae,species
,1162856,,"Lamprohiza splendidula (Linnaeus, 1767)",,,Animalia,species
,3641176,,Chaerophyllum prescottii DC.,,,Plantae,species
,3034775,,Cuminum cyminum L.,,,Plantae,species
,3034433,,Cryptotaenia canadensis (L.) DC.,,,Plantae,species
,3636471,,Hydrocotyle novae-zeelandiae DC.,,,Plantae,species
,1042688,,"Holoparamecus ragusae Reitter, 1875",,,Animalia,species
,4928235,,Heracleum stevenii Manden.,,,Plantae,species
,1037890,,"Hydrovatus cuspidatus (Kunze, 1818)",,,Animalia,species
,6026490,,Meum athamanticum Jacq.,,,Plantae,species
,3632864,,Pleurospermum austriacum (L.) Hoffm.,,,Plantae,species
,4998217,,"Trigonogenius globulus (Solier, 1849)",,,Animalia,species
,3639129,,Physospermum cornubiense (L.) DC.,,,Plantae,species
,1095733,,"Pseudeurostus hilleri (Reitter, 1877)",,,Animalia,species
,8250814,,Pimpinella anisoides V.Brig.,,,Plantae,species
,3640194,,Ridolfia segetum (L.) Moris,,,Plantae,species
,3034241,,Trachyspermum ammi (L.) Sprague,,,Plantae,species
,6975665,,"Melanotus brunnipes (Germar, 1824)",,,Animalia,species
,6963798,,"Drapetes mordelloides (Host, 1789)",,,Animalia,species
,4451074,,"Lithostygnus serripennis Broun, 1914",,,Animalia,species
,11100111,,Lathridius bifasciatus Reitter,,,Animalia,species
,4453224,,"Notolaemus unifasciatus (Latreille, 1804)",,,Animalia,species
,5333357,,Leucothoe axillaris (Lam.) D.Don,,,Plantae,species
,4453222,,"Laemophloeus muticus (Fabricius, 1781)",,,Animalia,species
,4453218,,"Laemophloeus monilis (Fabricius, 1787)",,,Animalia,species
,5333324,,Galax urceolata (Poir.) Brummitt,,,Plantae,species
,5749732,,"Cryptolestes corticinus (Erichson, 1846)",,,Animalia,species
,4057780,,Phlox ×hortorum Bergmans,,,Plantae,species
,4428304,,"Clambus pallidulus Reitter, 1911",,,Animalia,species
,2927552,,Collomia linearis Nutt.,,,Plantae,species
,4426163,,"Trogoxylon impressum (Comolli, 1837)",,,Animalia,species
,1095708,,"Minthea rugicollis (Walker, 1858)",,,Animalia,species
,5331709,,Betula lenta L.,,,Plantae,species
,2876482,,Alnus rugosa (Du Roi) Spreng.,,,Plantae,species
,5743466,,"Bostrichus capucinus (Linnaeus, 1758)",,,Animalia,species
,1201568,,"Xylocleptes bispinus (C.Duftschmid, 1825)",,,Animalia,species
,1201292,,"Rhyncolus sculpturatus Waltl, 1839",,,Animalia,species
,7949408,,"Pissodes piniphilus (J.F.W.Herbst, 1797)",,,Animalia,species
,1205228,,"Platypus cylindrus (J.C.Fabricius, 1792)",,,Animalia,species
,4467405,,"Otiorhynchus smreczynskii Cmoluch, 1968",,,Animalia,species
,8265597,,"Otiorhynchus tenebricosus (Herbst, 1784)",,,Animalia,species
,3046899,,Sisymbrium polyceratium L.,,,Plantae,species
,1194985,,"Otiorhynchus lugdunensis Boheman, 1842",,,Animalia,species
,4292171,,"Otiorhynchus arcticus (Fabricius, 1780)",,,Animalia,species
,7225693,,Sinapis alba subsp. alba,,,Plantae,subspecies
,5018172,,"Liparus glabrirostris Küster, 1849",,,Animalia,species
,3042183,,Psychine stylosa Desf.,,,Plantae,species
,4990243,,"Ips sexdentatus (I.C.H.Boerner, 1776)",,,Animalia,species
,7451795,,"Pterostichus burmeisteri Heer, 1837",,,Animalia,species
,5757175,,"Plochionus pallens (Fabricius, 1775)",,,Animalia,species
,7571549,,"Harpalus hospes Sturm, 1818",,,Animalia,species
,5376913,,Lepidium spicatum Desv.,,,Plantae,species
,6097854,,"Callistus lunatus (Fabricius, 1775)",,,Animalia,species
,6097882,,"Bembidion atrocaeruleum (Stephens, 1828)",,,Animalia,species
,3042221,,Hesperis tristis L.,,,Plantae,species
,6097938,,"Henoticus californicus (Mannerheim, 1843)",,,Animalia,species
,5374982,,Arabis ciliata Clairv.,,,Plantae,species
,5377774,,Aurinia petraea (Ard.) Schur,,,Plantae,species
,4439567,,"Sunius propinquus (Brisout de Barneville, 1867)",,,Animalia,species
,4441504,,"Brachygluta paludosa (Peyron, 1858)",,,Animalia,species
,9862914,,"Aneurota sulcifrons Casey, 1893",,,Animalia,species
,3042400,,Camelina alyssum subsp. integerrima (Čelak.) Smejkal,,,Plantae,subspecies
,1095808,,"Thylodrias contractus Motschulsky, 1839",,,Animalia,species
,7225550,,Camelina alyssum subsp. alyssum,,,Plantae,subspecies
,3040633,,"Coincya monensis subsp. cheiranthos (Vill.) C.Aedo Pérez, Leadlay & Muñoz Garm.",,,Plantae,subspecies
,1095858,,"Dermestes undulatus Brahms, 1790",,,Animalia,species
,5373502,,Crambe cordifolia Steven,,,Plantae,species
,1095848,,"Dermestes lardarius Linnaeus, 1758",,,Animalia,species
,3046464,,Erysimum allionii (DC.) Kuntze,,,Plantae,species
,1095854,,"Dermestes frischi Kugelman, 1792",,,Animalia,species
,1095855,,"Dermestes ater DeGeer, 1774",,,Animalia,species
,4427466,,"Attagenus smirnovi Zhantiev, 1973",,,Animalia,species
,4427449,,"Attagenus woodroffei Halstead & Green, 1979",,,Animalia,species
,3048522,,Erysimum crepidifolium Rchb.,,,Plantae,species
,4427480,,"Attagenus bifasciatus (Olivier, 1790)",,,Animalia,species
,1095953,,"Attagenus pellio (Linnaeus, 1758)",,,Animalia,species
,1095903,,"Anthrenus fuscus Olivier, 1789",,,Animalia,species
,1095906,,"Anthrenus pimpinellae Fabricius, 1775",,,Animalia,species
,1095895,,"Anthrenus verbasci (Linnaeus, 1767)",,,Animalia,species
,3172621,,Sesamum orientale L.,,,Plantae,species
,4454252,,"Upis ceramboides (Linnaeus, 1758)",,,Animalia,species
,3173260,,Orobanche cernua Loefl.,,,Plantae,species
,1045843,,"Tenebrio molitor Linnaeus, 1758",,,Animalia,species
,7332516,,Orobanche flava Mart. ex F.W.Schultz,,,Plantae,species
,1045842,,"Tenebrio obscurus Fabricius, 1792",,,Animalia,species
,10418040,,Mimulus guttatus x luteus,,,Plantae,
,7333256,,Mimulus guttatus DC.,,,Plantae,species
,4454582,,"Blaps mucronata Latreille, 1804",,,Animalia,species
,1045874,,"Alphitobius laevigatus (Fabricius, 1781)",,,Animalia,species
,4452517,,"Epuraea boreella (Zetterstedt, 1828)",,,Animalia,species
,1044110,,"Carpophilus freemani Dobson, 1956",,,Animalia,species
,4453187,,"Carpophilus ligneus Murray, 1864",,,Animalia,species
,2925531,,Verbena stricta Vent.,,,Plantae,species
,2925612,,Verbena hispida Ruiz & Pav.,,,Plantae,species
,8254044,,"Aethina tumida Murray, 1867",,,Animalia,species
,5667470,,Glandularia platensis (Spreng.) Schnack & Covas,,,Plantae,species
,5667512,,Glandularia laciniata (L.) Schnack & Covas,,,Plantae,species
,5744552,,"Dicerca moesta (Fabricius, 1793)",,,Animalia,species
,3172126,,Calceolaria tripartita Ruiz & Pav.,,,Plantae,species
,7878882,,"Chalcophora mariana (Linnaeus, 1758)",,,Animalia,species
,5744340,,"Chrysobothris chrysostigma (Linnaeus, 1758)",,,Animalia,species
,8401448,,"Buprestis novemmaculata Linnaeus, 1767",,,Animalia,species
,7484995,,"Buprestis haemorrhoidalis Herbst, 1780",,,Animalia,species
,7620908,,"Buprestis rustica Linnaeus, 1758",,,Animalia,species
,5744642,,"Buprestis splendens Fabricius, 1775",,,Animalia,species
,3172065,,Veronica spuria L.,,,Plantae,species
,7331938,,Veronica polita subsp. polita,,,Plantae,subspecies
,4432736,,"Agrilus sinuatus (Olivier, 1790)",,,Animalia,species
,1043819,,"Nausibius clavicornis (Kugelann, 1794)",,,Animalia,species
,3172053,,Veronica dillenii Crantz,,,Plantae,species
,8206072,,Veronica canescens Kirk,,,Plantae,species
,1043889,,"Cryptamorpha desjardinsi (Guérin-Méneville, 1844)",,,Animalia,species
,7226419,,Veronica austriaca subsp. austriaca,,,Plantae,subspecies
,4155415,,Plantago macrorhiza Poir.,,,Plantae,species
,4308846,,"Actidium coarctatum (Haliday, 1855)",,,Animalia,species
,3189781,,Plantago rugelii Decne.,,,Plantae,species
,4435724,,"Acrotrichis sanctaehelenae Johnson, 1972",,,Animalia,species
,4156114,,Plantago bellardii All.,,,Plantae,species
,1048513,,"Mimosestes mimosae (Fabricius, 1881)",,,Animalia,species
,3189751,,Plantago virginica L.,,,Plantae,species
,8151790,,Linaria reflexa (L.) Desf.,,,Plantae,species
,8233535,,Linaria supina (L.) Desf.,,,Plantae,species
,7886077,,Linaria pelisseriana (L.) Mill.,,,Plantae,species
,5560037,,Linaria alpina (L.) Mill.,,,Plantae,species
,3171915,,Gratiola officinalis L.,,,Plantae,species
,5414935,,Chelone glabra L.,,,Plantae,species
,3171943,,Verbascum blattaria L.,,,Plantae,species
,7589232,,Verbascum olympicum Boiss.,,,Plantae,species
,9769429,,Verbascum densiflorum x lychnitis,,,Plantae,species
,1122938,,"Tetropium gabrieli Weise, 1905",,,Animalia,species
,3171947,,Verbascum lychnitis L.,,,Plantae,species
,10566363,,Verbascum lychnitis x nigrum,,,Plantae,species
,4458788,,"Rhamnusium bicolor (Schrank, 1781)",,,Animalia,species
,5001007,,"Semanotus undatus (Linnaeus, 1758)",,,Animalia,species
,8345868,,Scrophularia scopolii Hoppe,,,Plantae,species
,3170875,,Scrophularia auriculata L.,,,Plantae,species
,1155824,,"Monochamus titillator (Fabricius, 1775)",,,Animalia,species
,8062927,,"Mesosa curculionoides (Linnaeus, 1761)",,,Animalia,species
,8016249,,"Ergates faber (Linnaeus, 1761)",,,Animalia,species
,5820507,,"Cerambyx cerdo Linnaeus, 1758",,,Animalia,species
,4458863,,"Brachyta interrogationis (Linnaeus, 1758)",,,Animalia,species
,1102084,,"Acanthocinus reticulatus (Razoumowsky, 1789)",,,Animalia,species
,4459446,,"Acanthocinus griseus (Fabricius, 1793)",,,Animalia,species
,2927298,,Stachys recta L.,,,Plantae,species
,2927297,,Stachys germanica L.,,,Plantae,species
,10307563,,Thymus serpyllum x vulgaris,,,Plantae,species
,6411747,,Teucrium chamaedrys L.,,,Plantae,species
,2927079,,Ajuga genevensis L.,,,Plantae,species
,7935070,,Ajuga chamaepitys subsp. chia (Schreb.) Arcang.,,,Plantae,subspecies
,3882777,,Ballota nigra subsp. foetida (Vis.) Hayek,,,Plantae,subspecies
,5341392,,Leonurus sibiricus L.,,,Plantae,species
,7308042,,Lamium garganicum L.,,,Plantae,species
,2927189,,Mentha pulegium L.,,,Plantae,species
,10085432,,Mentha longifolia x suaveolens,,,Plantae,species
,8198400,,"Parasaissetia nigra (Nietner, 1861)",,,Animalia,species
,2927190,,Mentha suaveolens Ehrh.,,,Plantae,species
,9958685,,Mentha spicata x suaveolens,,,Plantae,species
,2091537,,"Eucalymnatus tessellatus (Signoret, 1873)",,,Animalia,species
,2927177,,Mentha longifolia (L.) Huds.,,,Plantae,species
,10632792,,Mentha longifolia x spicata,,,Plantae,species
,7309059,,Nepeta nuda L.,,,Plantae,species
,5341296,,Prunella laciniata (L.) L.,,,Plantae,species
,3892852,,Salvia patens Cav.,,,Plantae,species
,10748309,,Rhizoecus dianthicola,,,Animalia,species
,8263436,,"Rhizoecus cacticans (Hambleton, 1946)",,,Animalia,species
,2926903,,Teucrium botrys L.,,,Plantae,species
,2095266,,"Pseudococcus microcirculus McKenzie, 1960",,,Animalia,species
,2093073,,"Geococcus coffeae Green, 1933",,,Animalia,species
,4089314,,Psylliostachys spicatus (Willd.) Nevski,,,Plantae,species
,2069529,,"Rhopalosiphum rufiabdominale (Sasaki, 1899)",,,Animalia,species
,2076174,,"Myzus dianthicola Hille Ris Lambers, 1966",,,Animalia,species
,2074692,,"Pentalonia nigronervosa Coquerel, 1859",,,Animalia,species
,2076577,,"Maculolachnus submacula (Walker, 1848)",,,Animalia,species
,2076745,,"Aulacorthum solani (Kaltenbach, 1843)",,,Animalia,species
,4290201,,"Pinnaspis aspidistrae (Signoret, 1869)",,,Animalia,species
,8038788,,"Pinnaspis buxi (Bouché, 1851)",,,Animalia,species
,7703477,,"Parlatoria proteus (Curtis, 1843)",,,Animalia,species
,5161411,,"Ischnaspis longirostris (Signoret, 1882)",,,Animalia,species
,2084175,,"Furchadaspis zamiae (Morgan, 1890)",,,Animalia,species
,2087459,,"Diaspis boisduvalii Signoret, 1869",,,Animalia,species
,8075301,,"Diaspis bromeliae (Kerner, 1778)",,,Animalia,species
,2087440,,"Diaspis echinocacti (Bouché, 1833)",,,Animalia,species
,5161761,,"Aspidiotus elaeidis Marchal, 1909",,,Animalia,species
,7561279,,"Abgrallaspis cyanophylli (Signoret, 1869)",,,Animalia,species
,6035538,,Suaeda vera Forssk. ex J.F.Gmel.,,,Plantae,species
,3083565,,Cycloloma atriplicifolium (Spreng.) J.M.Coult.,,,Plantae,species
,3083862,,Chenopodium ficifolium Sm.,,,Plantae,species
,3083854,,Chenopodium capitatum (L.) Asch.,,,Plantae,species
,3756402,,Chenopodium bryoniifolium Bunge,,,Plantae,species
,3083836,,Chenopodium ambrosioides L.,,,Plantae,species
,6035645,,Chenopodium anthelminticum L.,,,Plantae,species
,7219439,,Amaranthus graecizans subsp. graecizans,,,Plantae,subspecies
,7323833,,Amaranthus macrocarpus Benth.,,,Plantae,species
,7323185,,Amaranthus hybridus subsp. hybridus,,,Plantae,subspecies
,3756350,,Atriplex australasica Moq.,,,Plantae,species
,8175705,,Atriplex argentea Nutt.,,,Plantae,species
,3759143,,Atriplex tricostata Aellen,,,Plantae,species
,3083848,,Chenopodium virgatum Thunb.,,,Plantae,species
,7476437,,Spergularia nicaeensis Burnat,,,Plantae,species
,5587267,,Arenaria balearica L.,,,Plantae,species
,7267924,,Arenaria biflora L.,,,Plantae,species
,7664515,,Arenaria rotundifolia M.Bieb.,,,Plantae,species
,7267365,,Cerastium ligusticum Viv.,,,Plantae,species
,9921655,,Cerastium arvense × tomentosum,,,Plantae,species
,7264629,,Corrigiola telephiifolia Pourr.,,,Plantae,species
,8400876,,Dianthus carthusianorum L.,,,Plantae,species
,7267090,,Dianthus seguieri subsp. seguieri,,,Plantae,subspecies
,3813136,,Dianthus cyri Fisch. & C.A.Mey.,,,Plantae,species
,8402808,,Gypsophila acutifolia Fisch.,,,Plantae,species
,3593908,,Herniaria ciliolata Melderis,,,Plantae,species
,8237138,,Moenchia mantica (L.) Bartl.,,,Plantae,species
,7267066,,Loeflingia baetica Lag.,,,Plantae,species
,7868370,,Silene portensis L.,,,Plantae,species
,7543027,,Silene viridiflora L.,,,Plantae,species
,8262734,,Silene secundiflora Otth,,,Plantae,species
,5384830,,Silene armeria L.,,,Plantae,species
,5384774,,Silene conica L.,,,Plantae,species
,7848778,,Persicaria bungeana (Turcz.) Nakai ex Mori,,,Plantae,species
,4034394,,Persicaria maculosa subsp. hirticaulis (Danser) S.Ekman & Knutsson,,,Plantae,subspecies
,5334422,,Polygonum salicifolium Brouss. ex Willd.,,,Plantae,species
,7897412,,Persicaria viscosa (Buch.-Ham. ex D.Don) H.Gross ex Nakai,,,Plantae,species
,7788992,,Rumex dentatus subsp. dentatus,,,Plantae,subspecies
,7949606,,Rumex dentatus subsp. mesopotamicus Rech.fil.,,,Plantae,subspecies
,7291884,,Rumex nepalensis Spreng.,,,Plantae,species
,2888975,,Rumex violascens Rech.fil.,,,Plantae,species
,2888977,,Rumex cuneifolius Campd.,,,Plantae,species
,3166917,,Phyteuma nigrum F.W.Schmidt,,,Plantae,species
,3158802,,Legousia falcata (Ten.) Fritsch ex Janch.,,,Plantae,species
,5410717,,Campanula sibirica L.,,,Plantae,species
,3144033,,Xeranthemum cylindraceum Sm.,,,Plantae,species
,3144041,,Xeranthemum inapertum (L.) Mill.,,,Plantae,species
,3105703,,Sonchus maritimus L.,,,Plantae,species
,3097166,,Tolpis barbata (L.) Gaertn.,,,Plantae,species
,7344767,,Rudbeckia fulgida var. fulgida,,,Plantae,variety
,3087188,,Ratibida tagetes (E.James) Barnhart,,,Plantae,species
,3107361,,"Senecio ovatus (G.Gaertn., E.Mey. & Scherb.) Willd.",,,Plantae,species
,3123567,,Pilosella glomerata (Froel.) Fr.,,,Plantae,species
,4233309,,Pilosella cymosa var. pubescens (Lindlblom) T.Tyler,,,Plantae,variety
,3123501,,Pilosella dubia (L.) F.W.Schultz & Sch.Bip.,,,Plantae,species
,9490132,,"Petasites hybridus (L.) G.Gaertn., B.Mey. & Scherb.",,,Plantae,species
,3095531,,Pulicaria arabica (L.) Cass.,,,Plantae,species
,4206112,,Onopordum illiricum Vill.,,,Plantae,species
,3115857,,Logfia gallica (L.) Coss. & Germ.,,,Plantae,species
,5401008,,Leucanthemum ircutianum (Turcz.) DC.,,,Plantae,species
,8422562,,Leucanthemum atratum (Jacq.) DC.,,,Plantae,species
,8096656,,Melampodium longifolium Cerv. ex Cav.,,,Plantae,species
,9175693,,"Inula oculus-christi Lam., 1789",,,Plantae,species
,6065156,,Leontopodium alpinum Cass.,,,Plantae,species
,3119189,,Helianthus grosseserratus M.Martens,,,Plantae,species
,4226377,,Hieracium crebriserratum Hyl.,,,Plantae,species
,9388198,,Hieracium contaminatum Wiinst. ex Hyl.,,,Plantae,species
,3136726,,Hieracium grandifoliatum Dahlst.,,,Plantae,species
,7408520,,Hieracium grandidens Dahlst.,,,Plantae,species
,6295756,,Hieracium aequalifolium Wiinst.,,,Plantae,species
,7558634,,Hieracium basifolium Almq.,,,Plantae,species
,4233059,,Hieracium barbelliceps Wiinst.,,,Plantae,species
,4244219,,Hieracium severiceps Wiinst.,,,Plantae,species
,4242951,,Hieracium stenocranoides Wiinst.,,,Plantae,species
,3136752,,Hieracium viscosum Arv.-Touv.,,,Plantae,species
,4216852,,Hieracium homophyllum Wiinst.,,,Plantae,species
,6295107,,Hieracium orupense Ingerslev,,,Plantae,species
,4248770,,Hieracium pseudopediaeum Wiinst.,,,Plantae,species
,3115755,,Filago pyramidata L.,,,Plantae,species
,8311325,,"Eupatorium purpureum Michx., 1803",,,Plantae,species
,5386102,,Eupatorium fistulosum B.L.Rob.,,,Plantae,species
,3134183,,Delairea odorata Lem.,,,Plantae,species
,5387161,,Dahlia ×hortensis Guillaumin,,,Plantae,species
,7389416,,Doronicum austriacum Jacq.,,,Plantae,species
,8340385,,Doronicum plantagineum L.,,,Plantae,species
,5402350,,Dimorphotheca sinuata DC.,,,Plantae,species
,7223184,,Crepis foetida subsp. foetida,,,Plantae,subspecies
,5403562,,Crepis rubra L.,,,Plantae,species
,3140264,,Cicerbita plumieri (L.) Kirschl.,,,Plantae,species
,3140450,,Cicerbita macrophylla (Willd.) Wallr.,,,Plantae,species
,3112620,,Cirsium eriophorum (L.) Scop.,,,Plantae,species
,3094841,,Carpesium cernuum L.,,,Plantae,species
,3138332,,Carthamus oxyacanthus M.Bieb.,,,Plantae,species
,5390369,,Ceratocephalus testiculatus (Crantz) Roth,,,Plantae,species
,9023462,,Centaurea montana L.,,,Plantae,species
,3127587,,Centaurea rhaetica Moritzi,,,Plantae,species
,7223229,,Centaurea phrygia subsp. phrygia,,,Plantae,subspecies
,8097328,,Centaurea triumfettii (Klok.) Soják,,,Plantae,species
,3128943,,Centaurea collina L.,,,Plantae,species
,7589895,,Centaurea dealbata Willd.,,,Plantae,species
,7841783,,Centaurea atropurpurea Olivier,,,Plantae,species
,7786161,,"Centaurea elongata Desf. ex DC., 1838",,,Plantae,species
,8110000,,Centaurea debeauxii subsp. nemoralis C.E.Britton,,,Plantae,subspecies
,3127830,,Centaurea eriophora L.,,,Plantae,species
,5391476,,Calendula suffruticosa Vahl,,,Plantae,species
,3120129,,Achillea pannonica Scheele,,,Plantae,species
,7925124,,Achillea collina (Wirtg.) Becker ex Rchb.,,,Plantae,species
,4216575,,Achillea distans subsp. tanacetifolia (Celak.) Janch.,,,Plantae,subspecies
,3122765,,Anthemis muricata (DC.) Guss.,,,Plantae,species
,4230861,,Artemisia campestris subsp. caudata (Michx.) H.M.Hall & Clem.,,,Plantae,subspecies
,7686253,,Aster salignus L.,,,Plantae,species
,5406475,,Aster laevis L.,,,Plantae,species
,9038611,,"Aster ericoides Lam., 1783",,,Plantae,species
,8169181,,Artemisia vulgaris subsp. selengensis Turcz. ex Besser,,,Plantae,subspecies
,3121391,,Artemisia stelleriana Besser,,,Plantae,species
,5391901,,Bidens aristosa (Michx.) Britton,,,Plantae,species
,6550572,,Epimedium pinnatum subsp. colchicum (Boiss.) N.Busch,,,Plantae,subspecies
,5334208,,Corydalis solida (L.) Clairv.,,,Plantae,species
,5531941,,Corydalis ophiocarpa Hook.fil. & Thomson,,,Plantae,species
,5531997,,Corydalis nobilis (L.) Pers.,,,Plantae,species
,8007875,,Ranunculus acris subsp. friesianus (Jord.) Syme,,,Plantae,subspecies
,3922204,,Ranunculus millefoliatus Vahl,,,Plantae,species
,3927846,,Ranunculus psilostachys Griseb.,,,Plantae,species
,5615962,,Isopyrum thalictroides L.,,,Plantae,species
,6374961,,Helleborus orientalis subsp. abchasicus (A.Braun) B.Mathew,,,Plantae,subspecies
,7277069,,Helleborus orientalis subsp. orientalis,,,Plantae,subspecies
,5616025,,Hepatica transsilvanica Fuss,,,Plantae,species
,3033665,,Aconitum napellus L.,,,Plantae,species
,3033671,,Aconitum reclinatum A.Gray,,,Plantae,species
,7141604,,Ulmus ×hollandica Mill.,,,Plantae,species
,7685819,,Urtica membranacea Poir.,,,Plantae,species
,5361909,,Ficus carica L.,,,Plantae,
,7752288,,Elaeagnus umbellata C.P.Thunb. ex A.Murray,,,Plantae,species
,5602702,,Cannabis sativa subsp. indica (Lam.) E.Small & Cronquist,,,Plantae,subspecies
,6370925,,Cannabis sativa subsp. sativa,,,Plantae,subspecies
,3012326,,Sorbus mougeotii Soy.-Will. & Godr.,,,Plantae,species
,3012274,,Sorbus umbellata (Desf.) Fritsch,,,Plantae,species
,6368656,,Spiraea latifolia (Aiton) Borkh.,,,Plantae,species
,3013194,,Sorbus meinichii (Lindeb.) Hedl.,,,Plantae,species
,9912574,,Sorbus aucuparia x hybrida,,,Plantae,species
,3012680,,Sorbus aria (L.) Crantz,,,Plantae,species
,2991431,,Rubus pergratus Blanch.,,,Plantae,species
,2995636,,Rubus procerus P.J.Müll. ex Boulay,,,Plantae,species
,3002484,,Rosa hugonis Hemsl.,,,Plantae,species
,3006171,,Rosa carolina L.,,,Plantae,species
,7960595,,Potentilla thuringiaca Bernh. ex Link,,,Plantae,species
,5370755,,Acaena novae-zelandiae Kirk,,,Plantae,species
,3027648,,Alchemilla alpina L.,,,Plantae,species
,5363629,,Aronia arbutifolia (L.) Pers.,,,Plantae,species
,3014805,,Crataegus punctata Jacq.,,,Plantae,species
,3013974,,Crataegus orientalis Pall. ex M.Bieb.,,,Plantae,species
,3025939,,Cotoneaster multiflorus Bunge,,,Plantae,species
,7916436,,Cotoneaster tomentosus (Aiton) Lindl.,,,Plantae,species
,5369695,,Geum coccineum Sibth. & Sm.,,,Plantae,species
,8350369,,Fragaria moschata Duchesne,,,Plantae,species
,3029801,,Fragaria virginiana Mill.,,,Plantae,species
,7738624,,Fragaria chiloensis (L.) Mill.,,,Plantae,species
,3001650,,Malus sieboldii (Regel) Rehder,,,Plantae,species
,3001157,,Malus prunifolia (Willd.) Borkh.,,,Plantae,species
,5367987,,Potentilla alba L.,,,Plantae,species
,7699446,,Helianthemum ledifolium subsp. lasiocarpum (Jacques & Hérincq) Nyman,,,Plantae,subspecies
,5420853,,Daphne laureola L.,,,Plantae,species
,3152771,,Lavatera thuringiaca L.,,,Plantae,species
,7262910,,Acer tataricum subsp. tataricum,,,Plantae,subspecies
,7375236,,Acer heldreichii Orph.,,,Plantae,species
,3189884,,Acer circinatum Pursh,,,Plantae,species
,10179544,,Taxus baccata x cuspidata,,,Plantae,species
,5284524,,Taxus cuspidata Siebold & Zucc.,,,Plantae,species
,2685400,,Abies veitchii Lindl.,,,Plantae,species
,2685313,,Abies lasiocarpa (Hook.) Nutt.,,,Plantae,species
,2685580,,Abies concolor (Gordon) Lindl. ex Hildebr.,,,Plantae,species
,2685383,,Abies balsamea (L.) Mill.,,,Plantae,species
,2685654,,Abies sibirica Ledeb.,,,Plantae,species
,2685308,,Abies procera Rehd.,,,Plantae,species
,2685589,,Abies lowiana (Gordon) A.Murray bis,,,Plantae,species
,7230714,,Larix decidua var. decidua,,,Plantae,variety
,2686170,,Larix gmelinii (Rupr.) Kuzen.,,,Plantae,species
,7306277,,Pseudotsuga menziesii subsp. menziesii,,,Plantae,subspecies
,8642449,,Pseudotsuga menziesii subsp. glaucescens (Carrière) P.D.Sell,,,Plantae,subspecies
,7230686,,Pinus contorta var. contorta,,,Plantae,variety
,5285756,,Pinus contorta var. latifolia Engelm.,,,Plantae,variety
,7230703,,Pinus mugo subsp. mugo,,,Plantae,subspecies
,5285079,,Pinus peuce Griseb.,,,Plantae,species
,5284917,,Picea engelmannii Parry ex Engelm.,,,Plantae,species
,5284745,,Picea glauca (Moench) Voss,,,Plantae,species
,5284875,,Picea lutzii Little,,,Plantae,species
,5284802,,Picea mariana (Mill.) Britton et al.,,,Plantae,species
,5284794,,Picea orientalis (L.) Peterm.,,,Plantae,species
,5284871,,Picea pungens Engelm.,,,Plantae,species
,2687201,,Tsuga mertensiana (Bong.) Carrière,,,Plantae,species
,7579960,,"Fasciola punctata O.F.Müller, 1773",,,Animalia,species
,2286197,,"Barbatia domingensis (Lamarck, 1819)",,,Animalia,species
,2653705,,Wildemania miniata (C.Aghard) Foslie,,,Plantae,species
,5858717,,"Helicella itala (Linnaeus, 1758)",,,Animalia,species
,8846136,,"Lumbricus eugeniae Kinberg, 1867",,,Animalia,species
,2769172,,Leopoldia comosa Parl.,,,Plantae,species
,2769457,,Maianthemum racemosum Link,,,Plantae,species
,2772982,,Ornithogalum candicans (Baker) J.C.Manning & Goldblatt,,,Plantae,species
,4410223,,"Pheretima californica Kinberg, 1866",,,Animalia,species
,2767229,,Scilla sardensis (Barr & Sugden) Speta,,,Plantae,species
,9065858,,"Perichaeta bicincta Perrier, 1875",,,Animalia,species
,8801409,,"Perichaeta rodericensis Grube, 1879",,,Animalia,species
,2315382,,"Alitta succinea (Leuckart, 1847)",,,Animalia,species
,2324159,,"Tharyx killariensis (Southern, 1914)",,,Animalia,species
,2856348,,Allium neapolitanum Cirillo,,,Plantae,species
,2426650,,"Pelophylax kurtmuelleri (Gayda, 1940)",,,Animalia,species
,2859597,,Ipheion uniflorum Raf.,,,Plantae,species
,2468542,,"Timon lepidus (Daudin, 1802)",,,Animalia,species
,5219243,,"Vulpes vulpes (Linnaeus, 1758)",,,Animalia,species
,4121520,,Holcus annuus Salzm. ex C.A.Mey.,,,Plantae,species
,4141737,,Achnatherum miliaceum P.Beauv.,,,Plantae,species
,5678078,,Rostraria hispida (Savi) M.Doğan,,,Plantae,species
,9394776,,Sporobolus alterniflorus (Loisel.) P.M.Peterson & Saarela,,,Plantae,species
,8104555,,Fargesia nitida Keng f. ex T.P.Yi,,,Plantae,species
,2498165,,"Chen caerulescens Linnaeus, 1758",,,Animalia,species
,2704505,,Arrhenatherum elatius (L.) J.Presl & C.Presl,,,Plantae,variety
,4104489,,Elymus violaceus (Hornem.) J.Feilberg,,,Plantae,species
,2121271,,"Ceratophysella denticulata (Bagnall, 1941)",,,Animalia,species
,7481400,,"Lamyctes coeculus (Brölemann, 1889)",,,Animalia,species
,2232819,,"Stigmatogaster subterranea Shaw, 1789",,,Animalia,species
,2234423,,"Schendyla dentata Brölemann & Ribaut, 1911",,,Animalia,species
,5289972,,Digitaria sanguinalis (L.) Scop.,,,Plantae,variety
,2705290,,Avena sativa L.,,,Plantae,variety
,2131854,,"Polyphagotarsonemus latus (Banks, 1904)",,,Animalia,species
,7909042,,"Eratigena agrestis (Walckenaer, 1802)",,,Animalia,species
,3039193,,Parthenocissus vitacea (Knerr) Hitchc.,,,Plantae,species
,7700539,,"Orchestia platensis Krøyer, 1844",,,Animalia,species
,8190077,,Populus canadensis Moench,,,Plantae,variety
,3067891,,Euphorbia prostrata Ait.,,,Plantae,species
,4420371,,"Melogona voigtii (Verhoeff, 1899)",,,Animalia,species
,4987583,,"Julus lucifugus Gervais, 1837",,,Animalia,species
,1013692,,"Iulus londinensis Leach, 1815",,,Animalia,species
,5420978,,Clarkia amoena A.Nelson & J.F.Macbr.,,,Plantae,species
,5334253,,Lonicera involucrata Banks ex Spreng.,,,Plantae,species
,9970879,,Nicotiana alata x forgetiana,,,Plantae,species
,2928859,,Petunia atkinsiana D.Don ex Loudon,,,Plantae,species
,2928751,,Datura stramonium L.,,,Plantae,variety
,5072694,,"Chromatomyia syngenesiae (Hardy, 1849)",,,Animalia,species
,2932934,,Browallia americana L.,,,Plantae,species
,1535183,,"Heringia latitarsis (Egger, 1865)",,,Animalia,species
,,,Cucurbita melopepo Lour.,,,Plantae,variety
,1419894,,"Euborellia annulipes (Lucas & HF, 1847)",,,Animalia,species
,,,Astilbe japonica x chinensis x rosea,,,Plantae,species
,1420884,,"Thrips pini (Uzel, 1895)",,,Animalia,species
,1420769,,"Aurantothrips orchidaceus (Bagnall, 1990)",,,Animalia,species
,8183608,,Hexasepalum teres (Walter) J.H.Kirkbr.,,,Plantae,species
,2965201,,Medicago lupulina L.,,,Plantae,variety
,10284662,,Medicago sativa subsp. x varia,,,Plantae,
,2981481,,Strophostyles leiosperma (Torr. & A.Gray) Piper,,,Plantae,species
,2965226,,Medicago monantha Trautv.,,,Plantae,species
,5354500,,Cytisus hirsutus L.,,,Plantae,species
,2957728,,Senna tora (L.) Roxb.,,,Plantae,species
,,,"Nymphula responsalis Walker, 1865",,,Animalia,species
,9224359,,"Cynthia carye Hübner, 1806-1816",,,Animalia,species
,7867909,,Benthamia arenaria Druce,,,Plantae,species
,2925870,,Amsinckia menziesii (Lehm.) A.Nels.Macbr.,,,Plantae,species
,7543014,,"Attelabus apiarius Linnaeus, 1758",,,Animalia,species
,1085281,,"Trichius gallicus Dejean, 1821",,,Animalia,species
,5878072,,"Phalacrus fimetarius (Fabricius, 1775)",,,Animalia,species
,4458521,,"Oedemera pthysica (Scopoli, 1763)",,,Animalia,species
,9568743,,"Silphiodaucus hispidus (M.Bieb.) Spalik, Wojew., Banasiak, Piwczyski & Reduron",,,Plantae,species
,4449456,,"Silpha grossa Linnaeus, 1758",,,Animalia,species
,3639337,,Sanicula epipactis E.H.L.Krause,,,Plantae,species
,1242444,,"Bostrichus cembrae Heer, 1836",,,Animalia,species
,1242358,,"Bostrichus longicollis Gyllenhal, 1827",,,Animalia,species
,4427588,,Bostrychoplites cornutus,,,Animalia,
,8956987,,Alnus alnobetula (Ehrh.) K.Koch,,,Plantae,species
,4450663,,"Bothrideres bipunctatus (Gmelin, 1790)",,,Animalia,species
,1195102,,"Otiorhynchus armadillo (Rossi, 1792)",,,Animalia,species
,3872463,,Tarenaya hassleriana (Chodat) Iltis,,,Plantae,species
,7836477,,"Otiorhynchus pseudonothus Apfelbeck, 1897",,,Animalia,species
,3045463,,Noccaea caerulescens (J.Presl & C.Presl) F.K.Mey.,,,Plantae,species
,1195684,,"Cossonus porcatus Germar, 1824",,,Animalia,species
,1179346,,"Pentarthrum rufum Broun, 1880",,,Animalia,species
,3042925,,Brassica carinata A.Braun,,,Plantae,variety
,6943215,,"Atomaria punctithorax Reitter, 1888",,,Animalia,species
,1166198,,"Araecerus fasciculatus (DeGeer & C., 1775)",,,Animalia,species
,4437317,,"Bisnius parcus Sharp, 1874",,,Animalia,species
,4431541,,"Phaenops cyanea (Fabricius, 1775)",,,Animalia,species
,4462189,,"Neocrepidodera brevicollis (Daniel, 1904)",,,Animalia,species
,7576840,,"Hylotrupes bajulus (Linné, 1758)",,,Animalia,species
,1146023,,"Aegosoma scabricorne (Scopoli, 1763)",,,Animalia,species
,1151446,,"Trichoferus holosericeus (Rossi, 1790)",,,Animalia,species
,1142906,,"Lepturobosca virens (Linné, 1758)",,,Animalia,species
,1096921,,"Anastrangalia reyi (Heyden, 1889)",,,Animalia,species
,7869713,,Alonsoa meridionalis Kuntze,,,Plantae,species
,7540389,,Nepeta sibirica L.,,,Plantae,species
,8104237,,"Dyspersa apicalis (Foerster, 1848)",,,Animalia,species
,2927175,,Mentha spicata L.,,,Plantae,variety
,2094340,,"Spilococcus mamillariae (Bouche, 1844)",,,Animalia,species
,2093114,,"Vryburgia brevicruris (McKenzie, 1960)",,,Animalia,species
,9452186,,"Bambusaphis bambusae (Boisduval, 1869)",,,Animalia,species
,3084807,,Montia linearis Greene,,,Plantae,species
,2077463,,"Acyrthosiphon malvae (Mosley, 1841)",,,Animalia,species
,8185812,,Mesembryanthemum cordifolium L.f.,,,Plantae,species
,5568899,,Blitum nuttallianum Schult.,,,Plantae,species
,3083838,,Chenopodium album L.,,,Plantae,variety
,3083786,,Atriplex prostrata Boucher ex DC.,,,Plantae,species
,8290282,,"Oxybasis glauca (L.) S.Fuentes, Uotila & Borsch",,,Plantae,species
,3083761,,Atriplex hortensis L.,,,Plantae,variety
,5586962,,Sabulina tenuifolia,,,Plantae,species
,3814157,,Eudianthe coeli-rosa (L.) Endl.,,,Plantae,species
,5384771,,Silene involucrata (Cham. & Schltdl.) Bocquet,,,Plantae,species
,9020499,,Koenigia alpina (All.) T.M.Schust. & Reveal,,,Plantae,species
,8773480,,Koenigia fennica (Reiersen) T.M.Schust. & Reveal,,,Plantae,species
,5410628,,Campanula hofmannii (Pant.) Greuter & Burdet,,,Plantae,species
,5409907,,Campanula grandis Fisch. & C.A.Mey.,,,Plantae,species
,5409933,,Campanula glomerata L.,,,Plantae,variety
,5411408,,Campanula latifolia L.,,,Plantae,variety
,9689880,,Hieracium glaucinum,,,Plantae,species
,3096529,,Mauranthemum paludosum (Poir.) R.Vogt & Oberpr.,,,Plantae,species
,9123250,,Lactuca tatarica C.A.Mey.,,,Plantae,species
,3093286,,Picris rhagadioloides (L.) Desf.,,,Plantae,species
,3141855,,Helminthotheca echioides (L.) Holub,,,Plantae,species
,6065200,,Rudbeckia speciosa Wender.,,,Plantae,variety
,9221087,,Achillea millefolium Ledeb.,,,Plantae,species
,3128547,,Centaurea jacea L.,,,Plantae,species
,5396165,,Eurybia schreberi Nees,,,Plantae,species
,5396106,,Eurybia macrophylla Cass.,,,Plantae,species
,5390636,,Cota austriaca Sch.Bip.,,,Plantae,species
,7488421,,Hieracium murorum C.B.Clarke,,,Plantae,species
,3141046,,Centromadia pungens Greene,,,Plantae,species
,3145383,,Deinandra kelloggii Greene,,,Plantae,species
,7681622,,Hedypnois rhagadioloides (L.) Willd.,,,Plantae,species
,3097504,,Leptinella squalida Hook.f.,,,Plantae,species
,7870997,,Berberis decumbens (Stace) Verloove & Lambinon,,,Plantae,species
,5334186,,Chelidonium majus L.,,,Plantae,variety
,7276905,,Aconitum nasutum Rchb.,,,Plantae,species
,9677963,,Eriocapitella hupehensis (Lemoine) Christenh. & Byng,,,Plantae,species
,3033227,,Eranthis hyemalis Salisb.,,,Plantae,species
,5370380,,Dasiphora fruticosa Rydb.,,,Plantae,species
,5370519,,Poterium obtusum (Maxim.) Franch. & Savat.,,,Plantae,species
,3012254,,Sorbus intermedia (Ehrh.) Pers.,,,Plantae,species
,5365717,,Potentilla indica (Andrews) T.Wolf,,,Plantae,species
,3003979,,Rosa rugosa Thunb.,,,Plantae,variety
,3001650,,Malus sieboldii Rehder,,,Plantae,variety
,3940960,,Malva punctata Alef.,,,Plantae,species
,3152377,,Malva verticillata L.,,,Plantae,variety
,8077391,,Citrus aurantium L.,,,Plantae,species
,7262908,,Acer cappadocicum Gleditsch,,,Plantae,species
,2683894,,Xanthocyparis nootkatensis (D.Don) Farjon & D.K.Harder,,,Plantae,species
,10352401,,Larix decidua x kaempferi,,,Plantae,species
,5284809,,Pinus nigra J.F.Arnold,,,Plantae,variety
,4412847,,"Valipora campylancristrota (Wedl, 1855)",,,Animalia,species
,2308113,,"Paranais frici Hrabĕ, 1941",,,Animalia,species
,2266741,,"Maeotias marginata (Modeer, 1791)",,,Animalia,species
,3374230,,Melampsoridium hiratsukanum S.Ito ex Hirats.f.,,,Fungi,species
,2534001,,Leratiomyces ceres (Cooke & Massee) Spooner & Bridge,,,Fungi,species
,2283792,,"Strongyloides stercoralis (Bavay, 1876) Stiles & Hassall, 1902",,,Animalia,species
,5239909,,Suillus tridentinus (Bres.) Singer,,,Fungi,species
,2283440,,"Dictyocaulus viviparus (Bloch, 1782) Railliet & Henry, 1907",,,Animalia,species
,5239873,,Suillus viscidus (L.) Roussel,,,Fungi,species
,5239851,,Suillus cavipes (Klotzsch) A.H.Sm. & Thiers,,,Fungi,species
,5239864,,Suillus grevillei (Klotzsch) Singer,,,Fungi,species
,8339825,,Aureoboletus projectellus (Murrill) Halling,,,Fungi,species
,5188669,,"Heterodera schachtii A.Schmidt, 1871",,,Animalia,species
,5777075,,"Heterodera fici Kirjanova, 1954",,,Animalia,species
,4556373,,"Cactodera cacti (Filipjev & Schuurmans Stekhoven, 1941) Krall & Krall, 1978",,,Animalia,species
,4559431,,"Aphelenchoides ritzemabosi (Schwartz, 1911) Steiner & Buhrer, 1932",,,Animalia,species
,8049341,,Osmunda regalis L.,,,Plantae,species
,2650676,,Asplenium nidus L.,,,Plantae,species
,2650669,,Asplenium scolopendrium L.,,,Plantae,species
,2295438,,"Limax maximus Linnaeus, 1758",,,Animalia,species
,2753380,,Lilium lancifolium Thunb.,,,Plantae,species
,2294280,,"Cepaea nemoralis (Linnaeus, 1758)",,,Animalia,species
,5299976,,Gagea granulosa Turcz.,,,Plantae,species
,2703764,,Bromus racemosus L.,,,Plantae,species
,2480389,,"Gyps fulvus (Hablizl, 1783)",,,Animalia,species
,5290194,,Corynephorus canescens (L.) P.Beauv.,,,Plantae,species
,5229165,,"Aegypius monachus (Linnaeus, 1766)",,,Animalia,species
,2706241,,Lolium perenne L.,,,Plantae,species
,4130562,,Sasa kurilensis (Rupr.) Makino & Shibata,,,Plantae,species
,2747704,,Crocus angustifolius Weston,,,Plantae,species
,2402105,,"Huso huso (Linnaeus, 1758)",,,Animalia,species
,2855717,,Allium angulosum L.,,,Plantae,species
,7668348,,Thesium refractum C.A.Mey.,,,Plantae,species
,2162547,,"Oecobius annulipes Lucas, 1846",,,Animalia,species
,2220142,,"Paramysis lacustris (Czerniavsky, 1882)",,,Animalia,species
,2220149,,"Paramysis intermedia (Czerniavsky, 1882)",,,Animalia,species
,2986185,,Ribes uva-crispa L.,,,Plantae,species
,2224979,,"Palaemon elegans Rathke, 1837",,,Animalia,species
,5362015,,Sedum villosum L.,,,Plantae,species
,2219867,,"Gammarus lacustris G.O.Sars, 1863",,,Animalia,species
,8918476,,"Gmelinoides fasciatus (Stebbing, 1899)",,,Animalia,species
,2234642,,"Cercopagis pengoi (Ostroumov, 1891)",,,Animalia,species
,3040227,,Populus nigra L.,,,Plantae,species
,7874619,,Populus suaveolens Fisch.,,,Plantae,species
,8254474,,Populus tristis Fisch. ex Dippel,,,Plantae,species
,3040215,,Populus tremuloides Michx.,,,Plantae,species
,9436362,,"Liposcelis divinatoria (Müller, 1776)",,,Animalia,species
,7723078,,Euonymus verrucosus Scop.,,,Plantae,species
,5885716,,"Culex pipiens molestus Forskal, 1775",,,Animalia,subspecies
,7102969,,Euonymus hamiltonianus Wall.,,,Plantae,species
,1858163,,"Tinea pellionella Linnaeus, 1758",,,Animalia,species
,1856701,,"Nemapogon granella (Linnaeus, 1758)",,,Animalia,species
,1876542,,"Galleria mellonella (Linnaeus, 1758)",,,Animalia,species
,1837172,,"Endrosis sarcitrella Linnaeus, 1758",,,Animalia,species
,6369729,,Lonicera alpigena L.,,,Plantae,species
,7768870,,Lonicera nigra L.,,,Plantae,species
,1323414,,"Tetramorium simillimum (Smith, 1851)",,,Animalia,species
,5334254,,Lonicera ruprechtiana Regel,,,Plantae,species
,5023188,,"Pristiphora erichsonii (Hartig, 1837)",,,Animalia,species
,8667777,,"Pristiphora angulata Lindqvist, 1974",,,Animalia,species
,5868133,,"Pristiphora wesmaeli (Tischbein, 1853)",,,Animalia,species
,4491852,,"Anoplonyx destructor Benson, 1952",,,Animalia,species
,5414326,,Primula elatior (L.) L.,,,Plantae,species
,2069467,,"Thecabius affinis (Kaltenbach, 1843)",,,Animalia,species
,9565622,,"Rhopalosiphum nymphaeae (Linnaeus, 1761)",,,Animalia,species
,2074609,,"Phorodon humuli (Schrank, 1801)",,,Animalia,species
,2074171,,"Pterocomma populeum (Kaltenbach, 1843)",,,Animalia,species
,2076214,,"Myzus cerasi (Fabricius, 1775)",,,Animalia,species
,5758582,,"Mindarus obliquus (Cholodkovsky, 1896)",,,Animalia,species
,5758584,,"Mindarus abietinus Koch, 1857",,,Animalia,species
,2070032,,"Pemphigus borealis Tullgren, 1909",,,Animalia,species
,2070016,,"Pemphigus bursarius (Linnaeus, 1758)",,,Animalia,species
,2069987,,"Pemphigus populinigrae (Schrank, 1801)",,,Animalia,species
,9742889,,"Pemphigus spyrothecae Passerini, 1860",,,Animalia,species
,2072851,,"Hyalopterus pruni (Geoffroy, 1762)",,,Animalia,species
,2078313,,"Drepanosiphum aceris Koch, 1855",,,Animalia,species
,2073323,,"Cinara laricis (Börner, 1942)",,,Animalia,species
,2073362,,"Cinara cuneomaculata (Del Guercio, 1909)",,,Animalia,species
,2078564,,"Brachycaudus cardui Linnaeus, 1758",,,Animalia,species
,2072078,,"Aphis umbrella (Börner, 1950)",,,Animalia,species
,2075685,,"Anuraphis farfarae (Koch, 1854)",,,Animalia,species
,2075687,,"Anuraphis subterranea (Walker, 1852)",,,Animalia,species
,2072795,,"Aphis sambuci Linnaeus, 1758",,,Animalia,species
,2075679,,"Anuraphis catonii Hille Ris Lambers, 1935",,,Animalia,species
,2049579,,"Pineus cembrae (Cholodkovsky, 1888)",,,Animalia,species
,2878213,,Quercus macrocarpa Michx.,,,Plantae,species
,2882316,,Fagus sylvatica L.,,,Plantae,species
,4484235,,"Aleurochiton acerinus Haupt, 1934",,,Animalia,species
,2875818,,Carpinus betulus L.,,,Plantae,species
,2917026,,Asperula cynanchica L.,,,Plantae,species
,7576840,,"Hylotrupes bajulus (Linnaeus, 1758)",,,Animalia,species
,7694392,,Cuscuta gronovii Willd.,,,Plantae,species
,1095773,,"Ptinus clavipes Panzer, 1792",,,Animalia,species
,5749735,,"Cryptolestes spartii (Curtis, 1834)",,,Animalia,species
,1195129,,"Otiorhynchus sulcatus (Fabricius, 1775)",,,Animalia,species
,3797605,,Solanum comptum C.V.Morton,,,Plantae,species
,3802655,,Atropa belladonna L.,,,Plantae,species
,7943314,,"Megatoma pubescens (Zetterstedt, 1828)",,,Animalia,species
,1045861,,"Gnathocerus cornutus (Fabricius, 1798)",,,Animalia,species
,5359429,,Trifolium dubium Sibth.,,,Plantae,species
,2975341,,Vicia ciliatula Lipsky,,,Plantae,species
,2943316,,Caragana frutex (L.) K.Koch,,,Plantae,species
,5347612,,Genista tinctoria L.,,,Plantae,species
,5356854,,Lotus pedunculatus Cav.,,,Plantae,species
,5358256,,Ornithopus perpusillus L.,,,Plantae,species
,5611454,,Robinia luxurians (Dieck) Rydb.,,,Plantae,species
,3035369,,Eleutherococcus senticosus (Rupr. & Maxim.) Maxim.,,,Plantae,species
,3628608,,Heracleum pubescens (Hoffm.) M.Bieb.,,,Plantae,species
,3629361,,Heracleum lehmannianum Bunge,,,Plantae,species
,5371782,,Falcaria vulgaris Bernh.,,,Plantae,species
,5341175,,Myosotis sylvatica Ehrh. ex Hoffm.,,,Plantae,species
,2874700,,Tamarix ramosissima Ledeb.,,,Plantae,species
,2888864,,Rheum palmatum L.,,,Plantae,species
,7652178,,Polygonum arenarium subsp. arenarium,,,Plantae,subspecies
,7736011,,Claytonia perfoliata Donn.,,,Plantae,species
,8116809,,Dianthus pratensis M.Bieb.,,,Plantae,species
,3760001,,Atriplex schugnanica Iljin,,,Plantae,species
,6285627,,Atriplex aucheri Moq.,,,Plantae,species
,6035529,,Atriplex centralasiatica Iljin,,,Plantae,species
,6035816,,Atriplex fera (L.) Bunge,,,Plantae,species
,3760015,,Corispermum americanum var. rydbergii Mosyakin,,,Plantae,variety
,3760051,,Corispermum algidum Iljin,,,Plantae,species
,3757851,,Suaeda baccifera Pall.,,,Plantae,species
,3042702,,Brassica rapa subsp. chinensis (L.) Hanelt,,,Plantae,subspecies
,3041800,,Biscutella laevigata L.,,,Plantae,species
,5708806,,Nasturtium officinale W.T.Aiton,,,Plantae,species
,5361877,,Ulmus pumila L.,,,Plantae,species
,5361865,,Ulmus minor Mill.,,,Plantae,species
,3004747,,Rosa gorenkensis Besser,,,Plantae,species
,3002193,,Rosa acicularis Lindl.,,,Plantae,species
,3002461,,Rosa canina L.,,,Plantae,species
,8214198,,Sorbus hybrida Maly,,,Plantae,species
,3013574,,Crataegus sanguinea Pall.,,,Plantae,species
,3015560,,Crataegus submollis Sarg.,,,Plantae,species
,3013580,,Crataegus douglasii Lindl.,,,Plantae,species
,3015853,,Crataegus chrysocarpa Ashe,,,Plantae,species
,3015120,,Crataegus maximowiczii C.K.Schneid.,,,Plantae,species
,8252683,,Crataegus laevigata (Poir.) DC.,,,Plantae,species
,3025576,,Cotoneaster integerrimus Medik.,,,Plantae,species
,3025732,,Cotoneaster foveolatus Rehder & E.H.Wilson,,,Plantae,species
,3027375,,Spiraea henryi Hemsl.,,,Plantae,species
,3027231,,Spiraea media Schmidt,,,Plantae,species
,3171939,,Verbascum densiflorum Bertol.,,,Plantae,species
,3734492,,Orobanche caryophyllacea Sm.,,,Plantae,species
,8108046,,Plantago maxima Juss. ex Jacq.,,,Plantae,species
,5414992,,Digitalis grandiflora Mill.,,,Plantae,species
,7749625,,Salvia dumetorum Andrz. ex Besser,,,Plantae,species
,2927007,,Salvia pratensis L.,,,Plantae,species
,2926984,,Salvia nutans L.,,,Plantae,species
,7666664,,Prunella grandiflora (L.) Turra,,,Plantae,species
,7473163,,"Mentha gentilis Forssk., 1775",,,Plantae,species
,5334213,,Corydalis capnoides (L.) Pers.,,,Plantae,species
,3033129,,Thalictrum minus L.,,,Plantae,species
,3033483,,Ranunculus sardous Crantz,,,Plantae,species
,3033191,,Aquilegia vulgaris L.,,,Plantae,species
,4225550,,Xanthium orientale subsp. italicum (Moretti) Greuter,,,Plantae,subspecies
,3096857,,Ptilostemon afer (Jacq.) Greuter,,,Plantae,species
,5401002,,Leucanthemum maximum (Ramond) DC.,,,Plantae,species
,3136556,,Hieracium koehleri (Zahn) Dahlst.,,,Plantae,species
,3148332,,Inula magnifica Lipsky,,,Plantae,species
,3117424,,Bellis perennis L.,,,Plantae,species
,3141107,,Chrysanthemum segetum L.,,,Plantae,species
,5392950,,Echinops ritro L.,,,Plantae,species
,5387859,,Gaillardia aristata Pursh,,,Plantae,species
,3152045,,Tilia ×vulgaris Hill,,,Plantae,species
,3152048,,Tilia platyphyllos Scop.,,,Plantae,species
,3152520,,Althaea officinalis L.,,,Plantae,species
,3189870,,Acer pseudoplatanus L.,,,Plantae,species
,3189859,,Acer saccharum Marshall,,,Plantae,species
,3189863,,Acer campestre L.,,,Plantae,species
,2686276,,Larix sibirica Ledeb.,,,Plantae,species
,2685318,,Abies fraseri (Pursh) Poir.,,,Plantae,species
,5253126,,"Phomopsis vaccinii Shear, N.E.Stevens & H.F.Bain, 1931",,,Fungi,species
,3301120,,Boletinus asiaticus Singer,,,Fungi,species
,2295436,,Limax flavus,,,Animalia,species
,7540164,,Arion vulgaris,,,Animalia,species
,8790531,,"Lissachatina fulica (Férussac, 1821)",,,Animalia,species
,4109815,,Bromus riparius Rehm.,,,Plantae,species
,6157050,,"Graptemys pseudogeographica kohnii (Baur, 1890)",,,Animalia,species
,4112404,,Bromopsis inermis (Leyss.) Holub,,,Plantae,species
,2703734,,Bromus macrostachys,,,Plantae,species
,5739464,,Canis procyonoides,,,Animalia,species
,,,Cervus elaphus subsp. sibiricus,,,Animalia,species
,7795888,,Triticum aestivum L.,,,Plantae,subspecies
,2498165,,"Chen caerulescens (Linnaeus, 1758)",,,Animalia,species
,4287230,,Cygnus atractus,,,Animalia,species
,,,Bassia scoparia subsp. Scoparia,,,Plantae,species
,7403210,,"Eratigena duellica (Simon, 1875)",,,Animalia,species
,2985865,,Hylotelephium telephium (L.) H.Ohba,,,Plantae,subspecies
,4201688,,Phedimus kamtschaticus (Fisch. & C.A.Mey.) 't Hart,,,Plantae,species
,5362013,,Sedum hybridus,,,Plantae,species
,5361976,,Sedum aizoon,,,Plantae,species
,5331347,,Viola tricolor L.,,,Plantae,subspecies
,1014424,,"Nopoiulus kochii (Gervais, 1847)",,,Animalia,species
,3791072,,Euonymus nana,,,Plantae,species
,7265481,,Euonymus macroptera,,,Plantae,species
,3794098,,Euonymus sachalinensis Maxim.,,,Plantae,species
,2888816,,Dipsacus sativus (L.) Honckeny,,,Plantae,species
,,,Monomoria pharaonis,,,Animalia,species
,5868135,,"Pristiphora laricis (Hartig, 1837)",,,Animalia,species
,7321963,,Swida alba,,,Plantae,species
,6427558,,Swida stolonifera,,,Plantae,subspecies
,2049651,,"Adelges viridis (Ratzeburg, 1843)",,,Animalia,species
,7918326,,"Adelges viridanus (Cholodkovsky, 1896)",,,Animalia,species
,5331789,,Betula lutea,,,Plantae,species
,9466681,,"Edaphus lederi Eppelsheim, 1878",,,Animalia,species
,2927518,,Cuscuta epithymum (L.) L.,,,Plantae,subspecies
,2928859,,Petunia atkinsiana D.Don ex Loud,,,Plantae,species
,2965434,,Medicago monspeliaca Trautv.,,,Plantae,species
,5354671,,Cytisus elongatus,,,Plantae,genus
,9151957,,Medicago sativa L.,,,Plantae,subspecies
,4448418,,"Silpha laevigata Fabricius, 1775",,,Animalia,species
,5347845,,Pisum sativum L.,,,Plantae,subspecies
,2975014,,Vicia sativa L.,,,Plantae,subspecies
,5371742,,Anthriscus sylvestris (L.) Hoffm.,,,Plantae,species
,,,Eryngium bourgatii subsp. Bourgatii,,,Plantae,species
,,,"Aconogonon weyrichii, Persicaria weyrichii, Pleuropteropyrum weyrichii",,,Plantae,species
,,,"Aconogonon alpinum, Persicaria alpina",,,Plantae,genus
,7267309,,Silene baccifera Roth,,,Plantae,species
,5384741,,Silene coronaria (L.) Clairv.,,,Plantae,genus
,3756873,,Suaeda maritima ssp. salsa,,,Plantae,species
,7547827,,Kali tragus Scop.,,,Plantae,subspecies
,3756114,,Londesia eriantha,,,Plantae,species
,5384390,,Amaranthus cruentus,,,Plantae,genus
,5384390,,Amaranthus cruentus L.,,,Plantae,subspecies
,8117283,,"Oxybasis chenopodioides (L.) S.Fuentes, Uotila & Borsch",,,Plantae,species
,,,Noccaea caerulescens subsp. Caerulescens,,,Plantae,species
,5377395,,Matthiola longipetala (Vent.) DC.,,,Plantae,subspecies
,0,,Incertae sedis,,,Plantae,species
,3032453,,Sibiraea laevigata Maxim.,,,Plantae,species
,3002333,,Rosa spinosissima,,,Plantae,genus
,5364001,,Photinia floribunda (Lindl.) K.R.Robertson & J.B.Phipps,,,Plantae,species
,7380100,,Prunus tomentosa C.P.Thunb. ex A.Murray,,,Plantae,species
,3021730,,Prunus cerasifera Ehrh.,,,Plantae,variety
,5369545,,Amygdalus nana,,,Plantae,species
,8149923,,Prunus persica Stokes,,,Plantae,species
,3730307,,Orobanche variegata Wallr.,,,Plantae,species
,5578472,,Globularia bisnagarica L.,,,Plantae,species
,2926894,,Ballota nigra L.,,,Plantae,variety
,7691569,,Dracocephalum triflorum,,,Plantae,species
,7851483,,Ranunculus japonicus Thunb.,,,Plantae,species
,5371704,,Actaea rubra (Aiton) Willd.,,,Plantae,species
,7277760,,Clematis sibirica Mill.,,,Plantae,subspecies
,3107845,,Senecio fluviatilis,,,Plantae,species
,3098616,,Tripolium pannonicum (Jacq.) Dobrocz.,,,Plantae,subspecies
,3110593,,Ambrosia polystachya,,,Plantae,species
,3141101,,Glebionis segetum Fourr.,,,Plantae,species
,3147149,,Stenactis speciosa,,,Plantae,species
,8605056,,Hieracium murorum L.,,,Plantae,species
,,,Heliopsis helianthoides (L.) Sw.,,,Plantae,subspecies
,3136120,,Hieracium aurantiacum,,,Plantae,species
,5389017,,Solidago gigantea Aiton,,,Plantae,subspecies
,3934306,,Malva excisa Rchb.,,,Plantae,subspecies
,2685383,,Abies balsamea Mill.,,,Plantae,species
,2964525,,Lupinus nootkatensis Donn ex Sims,,,Plantae,species
,3085433,,Cerastium arvense L.,,,Plantae,species
,4933598,,Petasites japonicus subsp. giganteus (F.Schmidt ex Trautv.) Kitam.,,,Plantae,subspecies
,8202030,,Prunus pensylvanica L.fil.,,,Plantae,species
,5716488,,"Evadne anonyx Sars, 1897",,,Animalia,species
,2913931,,Galium album Mill.,,,Plantae,species
,4286868,,"Catostomus catostomus (Forster, 1773)",,,Animalia,species
,2321007,,"Marenzelleria Mesnil, 1896",,,Animalia,genus
,2705484,,Glyceria maxima (Hartm.) Holmb.,,,Plantae,species
,3120333,,Achillea ptarmica L.,,,Plantae,species
,2308676,,"Tubificoides pseudogaster (Dahl, 1960)",,,Animalia,species
,3053376,,Rorippa sylvestris (L.) Besser,,,Plantae,species
,2366634,,"Carassius gibelio (Bloch, 1782)",,,Animalia,subspecies
,8313437,,"Hymenoscyphus fraxineus (T.Kowalski) Baral, Queloz & Hosoya, 2014",,,Fungi,species
,,,Lysimachia arvensis subsp. Arvensis,,,Plantae,species
,,,Epilobium ciliatum subsp. Ciliatum,,,Plantae,species
,,,Cornus sericea subsp. Sericea,,,Plantae,species
,7394916,,Symphytum officinale subsp. bohemicum (F.W.Schmidt) Celak.,,,Plantae,variety
,5388606,,Jacobaea cannabifolia (Less.) E.Wiebe,,,Plantae,species
,2705331,,Eragrostis curtipedicellata Buckley,,,Plantae,species
,4290694,,"Lissorhoptrus oryzophilus Kuschel, 1952",,,Animalia,species
,1370976,,"Megastigmus pinsapinis Hoffmeyer, 1931",,,Animalia,species
,2928792,,Cestrum parqui (Lam.) L'Hér.,,,Plantae,species
,3176655,,Eucalyptus radiata A.Cunn. ex DC.,,,Plantae,species
,1391211,,"Mesopolobus pinus Hussey, 1960",,,Animalia,species
,3176257,,Eucalyptus risdoni Hook.fil.,,,Plantae,species
,4543713,,"Epitrimerus cupressi (Keifer, 1939)",,,Animalia,species
,5329434,,Najas minor All.,,,Plantae,species
,1419910,,"Nala lividipes (Dufour, 1820)",,,Animalia,species
,1379355,,"Encyrtus infelix (Embleton, 1902)",,,Animalia,species
,5377048,,Lepidium niloticum Sieber ex Steud.,,,Plantae,species
,2077209,,"Idiopterus nephrelepidis Davis, 1909",,,Animalia,species
,2257924,,"Diadumene cincta Stephenson, 1925",,,Animalia,species
,8168527,,"Cambarincola okadai Yamaguchi, 1933",,,Animalia,species
,7689747,,Cerastium ligusticum subsp. ligusticum,,,Plantae,subspecies
,4461655,,"Bruchidius incarnatus (Boheman, 1833)",,,Animalia,species
,6950461,,"Caryedon gonagra (Fabricius, 1798)",,,Animalia,species
,2206247,,"Asellus aquaticus (Linnaeus, 1758)",,,Animalia,species
,3176560,,Eucalyptus burdettiana Blakely & Steedman,,,Plantae,species
,3177112,,Eucalyptus viminalis Labill.,,,Plantae,species
,3176234,,Eucalyptus urnigera Hook.fil.,,,Plantae,species
,3176177,,Eucalyptus verrucata Ladiges & Whiffin,,,Plantae,species
,3176370,,Eucalyptus vernicosa Hook.fil.,,,Plantae,species
,2128884,,"Eurytetranychus admes Pritchard & Baker, 1955",,,Animalia,species
,3192098,,"Eucampia cornuta (Cleve) Grunow, 1883",,,Chromista,species
,7294723,,Cerinthe minor subsp. minor,,,Plantae,subspecies
,7518129,,Cytisus nigricans subsp. nigricans,,,Plantae,subspecies
,2092472,,"Ceroplastes floridensis Comstock, 1881",,,Animalia,species
,3188811,,Oenothera mollissima L.,,,Plantae,species
,3712256,,Hypericum ×desetangsii subsp. carinthiacum (A.Fröhl.) N.Robson,,,Plantae,subspecies
,3176926,,Eucalyptus chapmaniana Cameron,,,Plantae,species
,3198548,,Cladosiphon zosterae (J.Agardh) Kylin,,,Chromista,species
,3176566,,Eucalyptus regnans F.Muell.,,,Plantae,species
,2858847,,Narcissus bulbocodium subsp. bulbocodium,,,Plantae,subspecies
,3127988,,Centaurea glastifolia L.,,,Plantae,species
,2075484,,"Ericaphis scammelli (Mason, 1940)",,,Animalia,species
,7720286,,Dysphania ×bontei (Aellen) Stace,,,Plantae,species
,4664581,,"Hyalomma scupense Schulze, 1919",,,Animalia,species
,1909838,,"Libythea celtis (Füssly, 1782)",,,Animalia,species
,5356354,,Ceratonia siliqua L.,,,Plantae,species
,3176634,,Eucalyptus stellulata Sieber ex DC.,,,Plantae,species
,8378407,,Carduus argyroa Biv.,,,Plantae,species
,3177187,,Eucalyptus subcrenulata Maiden & Blakely,,,Plantae,species
,1032243,,"Enderleinellus nitzschi Fahrenholz, 1916",,,Animalia,species
,5963673,,"Celtodoryx ciocalyptoides (Burton, 1935)",,,Animalia,species
,6076895,,Carduus defloratus subsp. summanus (Pollini) Arcang.,,,Plantae,subspecies
,1317116,,"Cardiocondyla emeryi Forel, 1881",,,Animalia,species
,3114790,,Carduus spachianus Durieu,,,Plantae,species
,5343324,,Astragalus ankylotus Fisch. & C.A.Mey.,,,Plantae,species
,7760759,,Crepis neglecta L.,,,Plantae,species
,7359369,,Astragalus asterias Steven,,,Plantae,species
,5342673,,Astragalus crenatus Schult.,,,Plantae,species
,5346614,,Astragalus odoratus Lam.,,,Plantae,species
,2706080,,Andropogon virginicus L.,,,Plantae,species
,5345603,,Astragalus scorpioides Pourr. ex Willd.,,,Plantae,species
,5344908,,Astragalus tribuloides Delile,,,Plantae,species
,9799014,,"Guinearma alberti (Rathbun, 1921)",,,Animalia,species
,1785024,,"Anomis erosa Hübner, 1818",,,Animalia,species
,3067586,,Euphorbia akenocarpa Guss.,,,Plantae,species
,3148559,,Anacyclus homogamos (Maire) Humphries,,,Plantae,species
,3176884,,Eucalyptus neglecta Maiden,,,Plantae,species
,1104030,,"Mimectatina meridiana (Matsushita, 1933)",,,Animalia,species
,5357005,,Lotus halophilus Boiss. & Spruner,,,Plantae,species
,8215813,,Oenothera ×ligerica Deschâtres & R.Jean,,,Plantae,species
,4103013,,Lomelosia pulsatilloides subsp. macropoda (Willk.) Greuter & Burdet,,,Plantae,subspecies
,5720326,,"Megabalanus tulipiformis (Ellis, 1758)",,,Animalia,species
,4262370,,"Cervus elaphus corsicanus Erxleben, 1777",,,Animalia,subspecies
,5289734,,Cenchrus biflorus Roxb.,,,Plantae,species
,4531353,,"Cathayia insularum (Speidel & Schmitz, 1991)",,,Animalia,species
,3176857,,Eucalyptus bridgesiana F.Muell. ex R.T.Baker,,,Plantae,species
,3134871,,Catananche lutea L.,,,Plantae,species
,3176253,,Eucalyptus botryoides Sm.,,,Plantae,species
,3176861,,Eucalyptus brookeriana A.M.Gray,,,Plantae,species
,7322764,,Epilobium brunnescens (Cockayne) P.H.Raven & Engelhorn,,,Plantae,species
,8124374,,Cenchrus orientalis (Rich.) Morrone,,,Plantae,species
,5376351,,Diplotaxis catholica (L.) DC.,,,Plantae,species
,3013771,,Crataegus azarolus var. chlorocarpa (Moris) K.I.Chr.,,,Plantae,variety
,1006197,,"Caulibugula zanzibariensis (Waters, 1913)",,,Animalia,species
,3189530,,Hypericum majus (A.Gray) Britton,,,Plantae,species
,3812929,,Minuartia hamata (Hausskn. & Bornm.) Mattf.,,,Plantae,species
,7267689,,Minuartia glomerata (M.Bieb.) Degen,,,Plantae,species
,3813041,,Minuartia glomerata subsp. burnatii (Rouy & Foucaud) Favarger & F.Conti,,,Plantae,subspecies
,5376435,,Diplotaxis tenuisiliqua Delile,,,Plantae,species
,6130575,,"Arthrolips fasciata (Erichson, 1842)",,,Animalia,species
,8336867,,"Dynaspidiotus regnieri (Balachowsky, 1928)",,,Animalia,species
,1383849,,"Chaenotetrastichus semiflavus (Girault, 1917)",,,Animalia,species
,1370908,,"Megastigmus schimitscheki Novicky, 1954",,,Animalia,species
,1684326,,"Isophya rectipennis Brunner von Wattenwyl, 1878",,,Animalia,species
,3119240,,Helianthus giganteus L.,,,Plantae,species
,5679401,,Nassella poeppigiana (Trin. & Rupr.) Barkworth,,,Plantae,species
,1335213,,"Megachile sculpturalis Smith, 1853",,,Animalia,species
,1370897,,"Megastigmus atedius Walker, 1851",,,Animalia,species
,2080613,,"Icerya formicarum Newstead, 1897",,,Animalia,species
,2965385,,Medicago granadensis Willd.,,,Plantae,species
,2426617,,"Discoglossus pictus Otth, 1837",,,Animalia,species
,8390435,,Oenothera biennis var. cruciata Kleb.,,,Plantae,variety
,5329454,,Najas gracillima (A.Braun ex Engelm.) Magnus,,,Plantae,species
,5329315,,Najas flexilis (Willd.) Rostk. & W.L.E.Schmidt,,,Plantae,species
,7389097,,"Cambarincola gracilis Robinson, 1954",,,Animalia,species
,5939846,,Micropus supinus L.,,,Plantae,species
,8202590,,Alexandrium leei Balech,,,Chromista,species
,2131035,,"Brevipalpus russulus (Boisduval, 1867)",,,Animalia,species
,4932035,,Andropogon gerardi Vitman,,,Plantae,species
,7974238,,Alexandrium catenella (Whedon & Kofoid) Balech,,,Chromista,species
,7646080,,"Alexandrium affine (H.Inoue & Y.Fukuyo) Balech, 1995",,,Chromista,species
,3935661,,Modiolastrum lateritium (Hook.) Krapov.,,,Plantae,species
,9948463,,Aloe maculata x Aloe striata,,,Plantae,species
,2777537,,Aloe arborescens Mill.,,,Plantae,species
,1779258,,"Araeopteron ecphaea (Hampson, 1914)",,,Animalia,species
,1364625,,"Aphytis holoxanthus DeBach, 1960",,,Animalia,species
,5185431,,"Aurelia coerulea von Lendenfeld, 1884",,,Animalia,species
,7499720,,Ambrosia maritima L.,,,Plantae,species
,4170901,,Arbutus andrachne L.,,,Plantae,species
,7274518,,Acicarpha spathulata R.Br.,,,Plantae,species
,2498256,,"Aythya valisineria (A.Wilson, 1814)",,,Animalia,species
,2684070,,Cupressus macrocarpa Hartw. ex Gordon,,,Plantae,species
,3170562,,Acicarpha tribuloides Juss.,,,Plantae,species
,5177112,,"Jaera sarsi Valkanov, 1936",,,Animalia,species
,6370689,,Capparis spinosa L.,,,Plantae,species
,7322384,,Oenothera biennis var. biennis,,,Plantae,variety
,7557438,,Oenothera biennis var. sulphurea Kleb.,,,Plantae,variety
,5386761,,Acmella leptophylla (DC.) R.K.Jansen,,,Plantae,species
,6950681,,"Megabruchidius dorsalis (Fåhraeus, 1839)",,,Animalia,species
,3188926,,Oenothera pycnocarpa G.F.Atk. & Bartlett,,,Plantae,species
,7272667,,Lonicera confusa (Sweet) DC.,,,Plantae,species
,3110810,,Lonas annua (L.) Vines & Druce,,,Plantae,species
,4048817,,Linum corymbiferum Desf.,,,Plantae,species
,7293186,,Linum hirsutum L.,,,Plantae,species
,5373116,,Malcolmia arenaria (Desf.) DC.,,,Plantae,species
,5424504,,"Karenia brevisulcata (F.H.Chang, 1999) G.Hansen & Moestrup, 2000",,,Chromista,species
,10253150,,"Gomphoneis eriensis var. variabilis Kociolek & Stoermer, 1988",,,Chromista,variety
,3170326,,Gomphocarpus physocarpus E.Mey.,,,Plantae,species
,6950683,,"Megabruchidius tonkineus (Pic, 1904)",,,Animalia,species
,4412372,,"Dactylogyrus anchoratus (Dujardin, 1845) Wagener, 1857",,,Animalia,species
,2965516,,Medicago soleirolii Duby,,,Plantae,species
,2234100,,"Mecistocephalus guildingii Newport, 1843",,,Animalia,species
,7344953,,Malva cretica subsp. cretica,,,Plantae,subspecies
,3034611,,Hydrocotyle bonariensis Comm. ex Lam.,,,Plantae,species
,8334849,,Helleborus niger subsp. niger,,,Plantae,subspecies
,5425554,,"Haplosporidium nelsoni Haskin, Stauber & Mackin, 1966",,,Protozoa,species
,5834570,,Haplophyllum tuberculatum (Forssk.) A.Juss.,,,Plantae,species
,4133524,,Cynosurus polybracteatus Poir.,,,Plantae,species
,7268867,,Haplophyllum villosum (M.Bieb.) G.Don,,,Plantae,species
,7754513,,Haplophyllum buxbaumii (Poir.) G.Don,,,Plantae,species
,2925807,,Heliotropium arborescens L.,,,Plantae,species
,1317348,,"Brachymyrmex heeri Forel, 1874",,,Animalia,species
,7295525,,Heliotropium bacciferum Forssk.,,,Plantae,species
,7874546,,Helichrysum orientale (L.) Gaertn.,,,Plantae,species
,1300033,,"Auberteterus alternecoloratus (Cushman, 1929)",,,Animalia,species
,7954376,,Krubera peregrina (L.) Hoffm.,,,Plantae,species
,7571428,,Lathyrus grandiflorus Sm.,,,Plantae,species
,1095951,,"Attagenus cyphonoides Reitter, 1881",,,Animalia,species
,5356525,,Lathyrus gorgoni Parl.,,,Plantae,species
,5347589,,Genista numidica Spach,,,Plantae,species
,7774615,,Micromeria juliana (L.) Benth. ex Rchb.,,,Plantae,species
,1420185,,"Gynaikothrips ficorum (Marchal, 1908)",,,Animalia,species
,2141617,,"Amaurobius similis (Blackwall, 1861)",,,Animalia,species
,5586222,,Gypsophila papillosa Porta,,,Plantae,species
,7287220,,Hakea dactyloides (C.F.Gaertn.) Cav.,,,Plantae,species
,3120677,,Artemisia arborescens L.,,,Plantae,species
,2083970,,"Hemiberlesia lataniae (Signoret, 1869)",,,Animalia,species
,9940792,,"Euglesa compressa (Prime, 1852)",,,Animalia,species
,1370848,,"Megastigmus milleri Milliron, 1949",,,Animalia,species
,2078187,,"Monelliopsis caryae (Monell, 1879)",,,Animalia,species
,2085554,,"Gymnaspis aechmeae Newstead, 1898",,,Animalia,species
,2181824,,"Eukoenenia florenciae (Rucker, 1903)",,,Animalia,species
,4198315,,Aeonium cuneatum Webb & Berthel.,,,Plantae,species
,1737702,,"Cydia medicaginis (Kuznetzov, 1962)",,,Animalia,species
,6978596,,"Aeolus melliculus Candèze, 1859",,,Animalia,species
,3034620,,Aegopodium podagraria L.,,,Plantae,species
,5104643,,"Dichelia cedricola (Diakonoff, 1974)",,,Animalia,species
,4133054,,Dichanthium foveolatum (Delile) Roberty,,,Plantae,species
,3177004,,Eucalyptus denticulata I.O.Cook & Ladiges,,,Plantae,species
,1365557,,"Encarsia lounsburyi (Berlese & Paoli, 1916)",,,Animalia,species
,5585477,,Arenaria macrosepala Boiss.,,,Plantae,species
,4230736,,Artemisia campestris subsp. variabilis (Ten.) Greuter,,,Plantae,subspecies
,7707408,,"Didemnum vexillum Kott, 2002",,,Animalia,species
,3097075,,Cheirolophus sempervirens (L.) Pomel,,,Plantae,species
,2744155,,Chasmanthe floribunda (Salisb.) N.E.Br.,,,Plantae,species
,2744161,,Chasmanthe bicolor (Gasp.) N.E.Br.,,,Plantae,species
,7263169,,Ceratophyllum platyacanthum Cham.,,,Plantae,species
,7267435,,Cerastium illyricum Ard.,,,Plantae,species
,3128431,,Centaurea trichocephala M.Bieb. ex Willd.,,,Plantae,species
,3129041,,Centaurea tenorei Guss. ex Lacaita,,,Plantae,species
,7604700,,Centaurea ragusina L.,,,Plantae,species
,3128151,,Centaurea sulphurea Willd.,,,Plantae,species
,3128637,,Centaurea sinaica DC.,,,Plantae,species
,2371933,,"Cichlasoma bimaculatum (Linnaeus, 1758)",,,Animalia,species
,4360023,,"Chromodoris quadricolor (Rüppell & Leuckart, 1830)",,,Animalia,species
,9510763,,"Chorizococcus rostellum (Lobdell, 1930)",,,Animalia,species
,1883226,,"Chilo suppressalis Walker, 1863",,,Animalia,species
,1043491,,"Chilocorus kuwanae Silvestri, 1909",,,Animalia,species
,4417558,,"Cherax destructor Clark, 1936",,,Animalia,species
,2888307,,Chimaphila umbellata (L.) W.P.C.Barton,,,Plantae,species
,1043498,,"Chilocorus nigritus (Fabricius, 1798)",,,Animalia,species
,1043494,,"Chilocorus stigma (Say, 1835)",,,Animalia,species
,3757539,,Chenopodium phillipsianum Aellen,,,Plantae,species
,6447860,,Chenopodium leptophyllum (Moq.) Nutt. ex S.Watson,,,Plantae,species
,7329201,,Carpobrotus edulis subsp. edulis,,,Plantae,subspecies
,4109540,,Cenchrus ciliaris L.,,,Plantae,species
,7437845,,Centaurea alba L.,,,Plantae,species
,1004642,,"Celleporaria brunnea (Hincks, 1884)",,,Animalia,species
,2704120,,Bothriochloa barbinodis (Lag.) Herter,,,Plantae,species
,4063474,,Bothriospermum zeylanicum (J.Jacq.) Druce,,,Plantae,species
,2704111,,Bothriochloa laguroides (DC.) Herter,,,Plantae,species
,3199341,,Acrothrix gracilis Kylin,,,Chromista,species
,4412423,,"Actinocleidus recurvatus Mizelle & Donahue, 1944",,,Animalia,species
,2505225,,"Actinocleidus oculatus (Mueller, 1934) Mueller, 1937",,,Animalia,species
,6914433,,"Aculops fuchsiae Keifer, 1972",,,Animalia,species
,8568905,,Aegilops speltoides var. speltoides,,,Plantae,variety
,1651847,,"Aedes atropalpus (Coquillett, 1902)",,,Animalia,species
,7990979,,Alopecurus utriculatus Banks & Sol.,,,Plantae,species
,3122590,,Anthemis alpestris (Hoffmanns. & Link) R.Fern.,,,Plantae,species
,1364732,,"Aphytis yanonensis DeBach & Rosen, 1982",,,Animalia,species
,4314748,,"Arcitalitrus dorrieni (Hunt, 1925)",,,Animalia,species
,8336984,,Arenaria cerastioides Poir.,,,Plantae,species
,7225675,,Aurinia saxatilis subsp. saxatilis,,,Plantae,subspecies
,10291945,,"Autosticha modicella (Christoph, 1882)",,,Animalia,species
,8373396,,"Crisularia serrata (Lamarck, 1816)",,,Animalia,species
,5329388,,Najas indica (Willd.) Cham.,,,Plantae,species
,8419694,,"Anthemis scariosa DC., 1838",,,Plantae,species
,6026630,,Magydaris pastinacea (Lam.) Paol.,,,Plantae,species
,5855855,,Dreissena polymorpha polymorpha,,,Animalia,subspecies
,4371623,,"Dreissena rostriformis (Deshayes, 1838)",,,Animalia,species
,5292775,,Dulichium arundinaceum (L.) Britton,,,Plantae,species
,2984345,,Boehmeria cylindrica (L.) Sw.,,,Plantae,species
,5289790,,Aegilops speltoides Tausch,,,Plantae,species
,4570653,,"Leucostigma candidescens (Rossmässler, 1835)",,,Animalia,species
,3176788,,Eucalyptus pulverulenta Sims,,,Plantae,species
,1042488,,"Diestota testacea (Kraatz, 1859)",,,Animalia,species
,7740323,,Antirrhinum siculum Mill.,,,Plantae,species
,5341202,,Anchusa procera Besser ex Link,,,Plantae,species
,4065790,,"Anchusella cretica (Mill.) Bigazzi, E.Nardi & Selvi",,,Plantae,species
,8161760,,Adonis flammea f. flammea,,,Plantae,form
,8119317,,Adonis flammea f. straminea (Beck) Riedl,,,Plantae,form
,5616500,,Adonis dentata Delile,,,Plantae,species
,6536184,,"Adelosina carinatastriata (Wiesner, 1912)",,,Chromista,species
,5336628,,Crucianella patula L.,,,Plantae,species
,1547108,,"Megaselia scalaris (Loew, 1866)",,,Animalia,species
,1370910,,"Megastigmus aculeatus (Swederus, 1795)",,,Animalia,species
,2328758,,"Euchone limnicola Reish, 1959",,,Animalia,species
,9198426,,Aegilops crassa Boiss. ex Hohen.,,,Plantae,species
,5677944,,Aegilops juvenalis (Thell.) Eig,,,Plantae,species
,8384085,,"Adelina pici (Ardoin, 1977)",,,Animalia,species
,7225644,,Lepidium densiflorum var. densiflorum,,,Plantae,variety
,3128954,,Centaurea involucrata Desf.,,,Plantae,species
,2724869,,Carex norvegica Retz.,,,Plantae,species
,2074803,,"Illinoia morrisoni (Swain, 1918)",,,Animalia,species
,2074776,,"Illinoia liriodendri (Monell, 1879)",,,Animalia,species
,4459810,,"Gonioctena fornicata (Brüggemann, 1873)",,,Animalia,species
,2316488,,"Goniadella gracilis (Verrill, 1873)",,,Animalia,species
,1203278,,"Gonipterus scutellatus Gyllenhal, 1833",,,Animalia,species
,9174222,,"Granaria frumentum illyrica (Rossmässler, 1835)",,,Animalia,subspecies
,1401893,,"Gryon leptocorisae (Howard, 1885)",,,Animalia,species
,8357478,,"Graptopsaltria nigrofuscata (Motschulsky, 1866)",,,Animalia,species
,5184825,,"Oculina patagonica de Angelis D'Ossat, 1908",,,Animalia,species
,4316608,,"Odontodactylus scyllarus (Linnaeus, 1758)",,,Animalia,species
,2086550,,"Odonaspis secreta (Cockerell, 1896)",,,Animalia,species
,3036075,,Hedera algeriensis Hibberd,,,Plantae,species
,3036083,,Hedera helix f. poetarum (Nicotra) Mc All. & A.Rutherf.,,,Plantae,form
,2013910,,"Ctenarytaina spatulata Taylor, 1997",,,Animalia,species
,1284239,,"Cteniscus dorsalis Cresson, 1864",,,Animalia,species
,2329622,,"Ciona intestinalis (Linnaeus, 1767)",,,Animalia,species
,3113458,,Cirsium canum (L.) All.,,,Plantae,species
,3113729,,Cirsium odontolepis Boiss. ex DC.,,,Plantae,species
,4456451,,"Cis bilamellatus Wood, 1884",,,Animalia,species
,6958170,,"Cis chinensis Lawrence, 1991",,,Animalia,species
,7332229,,Cistanche phelypaea (L.) Cout.,,,Plantae,species
,6438085,,Cistus creticus L.,,,Plantae,species
,2073347,,"Cinara laportei (Remaudière, 1954)",,,Animalia,species
,4061523,,Heliotropium suaveolens subsp. bocconei (Guss.) Brummitt,,,Plantae,subspecies
,4451134,,"Cartodere delamarei (Dajoz, 1962)",,,Animalia,species
,7944564,,"Capartogramma crucicula (Grunow) R.Ross, 1963",,,Chromista,species
,4461744,,"Bruchidius tuberculatus (Hochhut, 1847)",,,Animalia,species
,1370716,,"Bruchophagus sophorae Crosby & Crosby, 1929",,,Animalia,species
,4563775,,"Marmorana muralis (O.F.Müller, 1774)",,,Animalia,species
,3882151,,Marrubium alysson L.,,,Plantae,species
,1419867,,"Marava arachidis (Yersin, 1860)",,,Animalia,species
,3141559,,Mantisalca delestrei (Spach) Briq. & Cavill.,,,Plantae,species
,3141562,,Mantisalca duriaei (Spach) Briq. & Cavill.,,,Plantae,species
,3152693,,Malvella leprosa (Ortega) Krapov.,,,Plantae,species
,2329451,,"Manayunkia caspica Annenkova, 1928",,,Animalia,species
,3881855,,Marrubium cuneatum Banks & Sol.,,,Plantae,species
,3881638,,Marrubium incanum Desr.,,,Plantae,species
,8404564,,Marrubium aschersonii Magnus,,,Plantae,species
,7931915,,"Malva longiflora (Boiss. & Reut.) Soldano, Banfi & Galasso",,,Plantae,species
,3593931,,Herniaria scabrida Boiss.,,,Plantae,species
,3067205,,Euphorbia rigida M.Bieb.,,,Plantae,species
,2705328,,Eragrostis prolifera (Sw.) Steud.,,,Plantae,species
,5086461,,"Carpomya incompleta (Becker, 1903)",,,Animalia,species
,2320813,,"Boccardia polybranchia (Haswell, 1885)",,,Animalia,species
,4480876,,Nosopsyllus londinensis londinensis,,,Animalia,subspecies
,4559317,,"Nematodiroides zembrae Bernard, 1965",,,Animalia,species
,7864333,,Navicula jakovljevici Hustedt,,,Chromista,species
,2076388,,"Nearctaphis bakeri (Cowen, 1895)",,,Animalia,species
,2020554,,"Leptodictya bambusae Drake, 1918",,,Animalia,species
,1371026,,"Megastigmus specularis Walley, 1932",,,Animalia,species
,1370974,,"Megastigmus rafni Hoffmeyer, 1929",,,Animalia,species
,2440891,,"Equus asinus Linnaeus, 1758",,,Animalia,species
,2440886,,"Equus caballus Linnaeus, 1758",,,Animalia,species
,8166644,,Eragrostis barrelieri var. barrelieri,,,Plantae,variety
,6076409,,Centaurea affinis subsp. pallidior (Halácsy) Hayek,,,Plantae,subspecies
,5680555,,Billardiera heterophylla (Lindl.) L.W.Cayzer & Crisp,,,Plantae,species
,1852832,,"Blastobasis tarda Meyrick, 1902",,,Animalia,species
,1852871,,"Blastobasis maroccanella Amsel, 1952",,,Animalia,species
,7826091,,"Euphrasia portae Freyn, 1893",,,Plantae,species
,4126423,,Aristida junciformis Trin. & Rupr.,,,Plantae,species
,3177181,,Eucalyptus cordata Labill.,,,Plantae,species
,7936811,,"Hemiberlesia rapax (Comstock, 1881)",,,Animalia,species
,3176305,,Eucalyptus coccifera Hook.fil.,,,Plantae,species
,4427081,,"Calymmaderus solidus (Kiesenwetter, 1877)",,,Animalia,species
,3571089,,Cynanchum acutum L.,,,Plantae,species
,9384890,,"Dendarus coarcticollis (Mulsant, 1854)",,,Animalia,species
,3640822,,Daucus muricatus (L.) L.,,,Plantae,species
,3640434,,Daucus sahariensis Murb.,,,Plantae,species
,8006447,,"Delottococcus euphorbiae (Ezzat & McConnell, 1956)",,,Animalia,species
,3045137,,Alyssum wierzbickii Heuff.,,,Plantae,species
,3044966,,Alyssum scutigerum Durieu,,,Plantae,species
,2966796,,Apios americana Medik.,,,Plantae,species
,2366645,,"Carassius carassius (Linnaeus, 1758)",,,Animalia,species
,4274163,,Centaurea virgata subsp. squarrosa (Willd.) Gugler,,,Plantae,subspecies
,4934001,,Centaurea virgata subsp. virgata,,,Plantae,subspecies
,5391287,,Centipeda cunninghamii (DC.) A.Braun & Asch.,,,Plantae,species
,2330739,,"Ecteinascidia styeloides (Traustedt, 1882)",,,Animalia,species
,7968571,,Euphrasia arctica Lange ex Rostr.,,,Plantae,species
,3065365,,Euphorbia squamigera Loisel.,,,Plantae,species
,3177234,,Eucalyptus scoparia Maiden,,,Plantae,species
,3177119,,Eucalyptus rudis Endl.,,,Plantae,species
,3176545,,Eucalyptus serraensis Ladiges & Whiffin,,,Plantae,species
,3177306,,Eucalyptus rubida H.Deane & Maiden,,,Plantae,species
,3177050,,Eucalyptus rodwayi R.T.Baker & H.G.Sm.,,,Plantae,species
,3176992,,Eucalyptus curtisii Blakely & C.T.White,,,Plantae,species
,7655863,,"Indothais lacera (Born, 1778)",,,Animalia,species
,2960932,,Hedysarum carnosum Desf.,,,Plantae,species
,5178757,,"Menippe mercenaria (Say, 1818)",,,Animalia,species
,4140036,,Eragrostis tephrosanthos Schult.,,,Plantae,species
,7460759,,Centaurea virgata Lam.,,,Plantae,species
,7663935,,Kickxia lanigera (Desf.) Hand.-Mazz.,,,Plantae,species
,5375338,,Clypeola cyclodontea Delile,,,Plantae,species
,1377352,,"Comperiella bifasciata Howard, 1906",,,Animalia,species
,1364249,,"Coccobius fulvus (Compere & Annecke, 1961)",,,Animalia,species
,3679859,,Convolvulus elegantissimus Mill.,,,Plantae,species
,8332178,,"Comstockiella sabalis (Comstock, 1883)",,,Animalia,species
,1874925,,"Comotia torsicornis Dyar, 1914",,,Animalia,species
,3152084,,Corchorus olitorius L.,,,Plantae,species
,2353152,,"Colossoma macropomum (Cuvier, 1816)",,,Animalia,species
,1045368,,"Colobicus parilis Pascoe, 1860",,,Animalia,species
,5373272,,Cochlearia glastifolia L.,,,Plantae,species
,8202676,,"Coccus longulus (Douglas, 1887)",,,Animalia,species
,5121048,,"Coleophora texanella Chambers, 1878",,,Animalia,species
,9156527,,"Coleophora coxi Baldizzone & van der Wolf, 2007",,,Animalia,species
,5272096,,Codium fragile (Suringar) Har.,,,Plantae,species
,1365013,,"Coccophagus ceroplastae (Howard, 1895)",,,Animalia,species
,2368222,,"Cobitis bilineata Canestrini, 1865",,,Animalia,species
,1375647,,"Coccidencyrtus malloi Blanchard, 1964",,,Animalia,species
,1364938,,"Coccophagus silvestrii Compere, 1931",,,Animalia,species
,5186058,,"Clytia linearis (Thorneley, 1900)",,,Animalia,species
,5197206,,"Clymenella torquata (Leidy, 1855)",,,Animalia,species
,4152614,,Cornucopiae cucullatum L.,,,Plantae,species
,7487727,,"Coronilla repanda Boiss., 1856",,,Plantae,species
,4450792,,"Corticarina cavicollis (Mannerheim, 1844)",,,Animalia,species
,8001222,,"Corythauma ayyari (Drake, 1933)",,,Animalia,species
,5200463,,"Corella eumyota Traustedt, 1882",,,Animalia,species
,8053367,,Corema album (L.) D.Don,,,Plantae,species
,1378485,,"Copidosoma floridanum (Ashmead, 1900)",,,Animalia,species
,2984652,,Fatoua villosa (Thunb.) Nakai,,,Plantae,species
,2093900,,"Ferrisia virgata (Cockerell, 1893)",,,Animalia,species
,3194429,,"Fibrocapsa japonica Toriumi & Takano, 1973",,,Chromista,species
,8194607,,"Chaetoceros rostratus Ralfs, 1864",,,Chromista,species
,1366036,,"Chartocerus niger (Ashmead, 1900)",,,Animalia,species
,3193042,,Chaetoceros peruvianus Brightwell,,,Chromista,species
,6277987,,"Chalcionellus decemstriatus tingitanus Reichardt, 1932",,,Animalia,subspecies
,2705384,,Eragrostis gangetica (Roxb.) Steud.,,,Plantae,species
,1043733,,"Euxestus erithacus (Chevrolat, 1863)",,,Animalia,species
,1523193,,"Euxesta pechumani Curran, 1938",,,Animalia,species
,6391433,,Fallopia multiflora (Thunb.) Haraldson,,,Plantae,species
,9291501,,"Euschistus tristigma luridus Dallas, 1851",,,Animalia,subspecies
,5289812,,Eustachys distichophylla (Lag.) Nees,,,Plantae,species
,1420973,,"Franklinothrips vespiformis (D.L.Crawford, 1909)",,,Animalia,species
,3873698,,Frankenia composita Pau & Font Quer,,,Plantae,species
,5862473,,"Fistulobalanus albicostatus (Pilsbry, 1916)",,,Animalia,species
,5161863,,"Fiorinia fioriniae (Targioni Tozzetti, 1867)",,,Animalia,species
,5161941,,"Fiorinia phantasma Cockerell & Robinson, 1915",,,Animalia,species
,2079081,,"Euschistus tristigmus (Say, 1832)",,,Animalia,species
,3137577,,Galactites duriaei Spach ex Durieu,,,Plantae,species
,8165465,,Fumaria petteri Rchb.,,,Plantae,species
,7298880,,Fedia graciliflora Fisch. & C.A.Mey.,,,Plantae,species
,5287984,,Fascicularia bicolor (Ruiz & Pav.) Mez,,,Plantae,species
,5094525,,"Fannia pusio (Wiedemann, 1830)",,,Animalia,species
,3115920,,Filago eriocephala Guss.,,,Plantae,species
,3631370,,Kundmannia sicula (L.) DC.,,,Plantae,species
,3040944,,Ionopsidium acaule (Desf.) DC. ex Rchb.,,,Plantae,species
,5671979,,Alopecurus setarioides Gren.,,,Plantae,species
,2077000,,"Aloephagus myersi Essig, 1950",,,Animalia,species
,7228338,,Najas marina subsp. marina,,,Plantae,subspecies
,2140434,,"Ischnothyreus lymphaseus Simon, 1893",,,Animalia,species
,3176882,,Eucalyptus parvula L.A.S.Johnson & K.D.Hill,,,Plantae,species
,1257783,,"Cotesia marginiventris (Cresson, 1865)",,,Animalia,species
,1365496,,"Encarsia hispida De Santis, 1948",,,Animalia,species
,7746227,,Macrosyringion longiflorum (Vahl) Rothm.,,,Plantae,species
,4377821,,"Macromedaeus voeltzkowii (Lenz, 1905)",,,Animalia,species
,8410115,,Hedera hibernica (G.Kirchn.) Bean,,,Plantae,species
,8038166,,Knautia degenii Borbás,,,Plantae,species
,5374154,,Isatis lusitanica L.,,,Plantae,species
,3103501,,Ifloga spicata (Forssk.) Sch.Bip.,,,Plantae,species
,3177130,,Eucalyptus ovata Labill.,,,Plantae,species
,3176982,,Eucalyptus pulchella Desf.,,,Plantae,species
,1365477,,"Encarsia lahorensis (Howard, 1911)",,,Animalia,species
,1365511,,"Encarsia herndoni (Girault, 1935)",,,Animalia,species
,6027306,,Eryngium tricuspidatum L.,,,Plantae,species
,3641370,,Eryngium triquetrum Vahl,,,Plantae,species
,3084869,,Drosanthemum hispidum (L.) Schwantes,,,Plantae,species
,1242914,,"Dryocoetes himalayensis H.Strohmeyer, 1908",,,Animalia,species
,5830619,,Dolichandra unguis-cati (L.) L.G.Lohmann,,,Plantae,species
,5985839,,"Empoasca punjabensis Singh-Pruthi, 1940",,,Animalia,species
,1365671,,"Encarsia aurantii (Howard, 1894)",,,Animalia,species
,2854755,,Agapanthus praecox Willd.,,,Plantae,species
,4497745,,"Aganaspis daci (Weld, 1951)",,,Animalia,species
,9198247,,"Aonidiella aurantii (Maskell, 1879)",,,Animalia,species
,1683928,,"Antaxius spinibrachius (Fischer, 1853)",,,Animalia,species
,4453465,,"Aposericoderus immigrans Israelson, 1987",,,Animalia,species
,1387369,,"Aprostocetus ceroplastae (Girault, 1916)",,,Animalia,species
,10270419,,Aptenia cordifolia x Aptenia haeckeliana,,,Plantae,species
,1095950,,"Attagenus fasciatus (Thunberg, 1795)",,,Animalia,species
,2768367,,Asparagus asparagoides (L.) Druce,,,Plantae,species
,2130885,,"Brevipalpus lewisi McGregor, 1949",,,Animalia,species
,3034738,,Bowlesia incana Ruiz & Pav.,,,Plantae,species
,6950919,,"Bruchidius siliquastri Delobel, 2007",,,Animalia,species
,3127983,,Centaurea aegyptiaca L.,,,Plantae,species
,3127506,,Centaurea affinis Friv.,,,Plantae,species
,3128245,,Centaurea acaulis L.,,,Plantae,species
,3110771,,Cladanthus arabicus (L.) Cass.,,,Plantae,species
,9293058,,"Cleidodiscus robustus Mueller, 1934",,,Animalia,species
,5390637,,Cota segetalis (Ten.) Holub,,,Plantae,species
,8937497,,"Emmericia patula (Brumati, 1838)",,,Animalia,species
,8766300,,Elymus athericus (Link) Kerguélen,,,Plantae,species
,5176082,,"Eluma caelata (Miers, 1878)",,,Animalia,species
,1365473,,"Encarsia fasciata (Malenotti, 1917)",,,Animalia,species
,3176368,,Eucalyptus pauciflora Sieber ex Spreng.,,,Plantae,species
,3177073,,Eucalyptus perriniana F.Muell. ex Rodway,,,Plantae,species
,5403290,,Crepis micrantha Czerep.,,,Plantae,species
,5831050,,Crepis vesicaria subsp. stellata (Ball) Babc.,,,Plantae,subspecies
,2074362,,"Cerataphis orchidearum (Westwood, 1879)",,,Animalia,species
,2074369,,"Cerataphis lataniae (Boisduval, 1867)",,,Animalia,species
,2074364,,"Cerataphis brasiliensis (Hempel, 1901)",,,Animalia,species
,9395029,,"Diestota diffusa (Fauvel, 1901)",,,Animalia,species
,5185429,,"Aurelia solida Browne, 1905",,,Animalia,species
,7764452,,Echium strictum L.fil.,,,Plantae,species
,1364694,,"Aphytis chilensis Howard, 1900",,,Animalia,species
,3144493,,Koelpinia linearis Pall.,,,Plantae,species
,2095942,,"Hypogeococcus pungens Granara de Willink, 1981",,,Animalia,species
,1365139,,"Cales noacki Howard, 1907",,,Animalia,species
,2965306,,Medicago muricoleptis Tineo,,,Plantae,species
,2965399,,Medicago phrygia (Boiss. & Balansa) E.Small,,,Plantae,species
,2965388,,Medicago radiata L.,,,Plantae,species
,2965584,,Medicago rugosa Desr.,,,Plantae,species
,5678024,,Aegilops columnaris Zhuk.,,,Plantae,species
,2203558,,"Alloschizidium sardoum (Arcangeli, 1933)",,,Animalia,species
,5391464,,Calendula tripterocarpa Rupr.,,,Plantae,species
,5391454,,Calendula stellata Cav.,,,Plantae,species
,7913591,,Calendula suffruticosa subsp. fulgida (Raf.) Ohle,,,Plantae,subspecies
,2012934,,"Cacopsylla pulchella (Löw, 1877)",,,Animalia,species
,1326651,,"Hypoponera ergatandria (Forel, 1893)",,,Animalia,species
,7588753,,Hypochaeris laevigata (L.) Ces.,,,Plantae,species
,4439771,,"Hypomedon debilicornis (Wollaston, 1857)",,,Animalia,species
,2928598,,Ipomoea indica (Burm.) Merr.,,,Plantae,species
,2031786,,"Kyboasca maligna (Walsh, 1862)",,,Animalia,species
,2031778,,"Kyboasca bipunctata (Oshanin, 1871)",,,Animalia,species
,6480081,,"Koinostylochus ostreophagus (Hyman, 1955)",,,Animalia,species
,3711786,,Hypericum hircinum subsp. majus (Aiton) N.Robson,,,Plantae,subspecies
,7329983,,Hypericum hircinum subsp. hircinum,,,Plantae,subspecies
,3189514,,"Hypericum gentianoides (L.) Britton, Sterns & Poggenb.",,,Plantae,species
,8027347,,Hypericum foliosum Dryand. ex Aiton,,,Plantae,species
,2965344,,Medicago sativa subsp. ambigua (Trautv.) Tutin,,,Plantae,subspecies
,1419921,,"Merothrips floridensis Watson, 1927",,,Animalia,species
,3189481,,Hypericum canariense L.,,,Plantae,species
,8182796,,Gleditsia triacanthos var. triacanthos,,,Plantae,variety
,1095751,,"Gibbium aequinoctiale Boieldieu, 1854",,,Animalia,species
,2890983,,Geranium maderense Yeo,,,Plantae,species
,2013501,,"Glycaspis brimblecombei Moore, 1964",,,Animalia,species
,3176336,,Eucalyptus nitens (H.Deane & Maiden) Maiden,,,Plantae,species
,2094171,,"Crisicoccus pini (Kuwana, 1902)",,,Animalia,species
,3042835,,Brassica procumbens (Poir.) O.E.Schulz,,,Plantae,species
,8187148,,"Ensis terranovensis Vierna & Martínez-Lage, 2012",,,Animalia,species
,1032253,,"Enderleinellus tamiasis Fahrenholz, 1916",,,Animalia,species
,2009601,,"Blepharidopterus chlorionis (Say, 1832)",,,Animalia,species
,3177019,,Eucalyptus leucoxylon F.Muell.,,,Plantae,species
,1364769,,"Aphytis diaspidis (Howard, 1881)",,,Animalia,species
,2328383,,"Hydroides ezoensis Okuda, 1934",,,Animalia,species
,3193647,,Hydrosera triquetra G.C.Wallich,,,Chromista,species
,4201917,,Hylotelephium populifolium (Pall.) H.Ohba,,,Plantae,species
,3119211,,Helianthus strumosus L.,,,Plantae,species
,7295483,,Lappula spinocarpos (Forssk.) Asch. ex Kuntze,,,Plantae,species
,5296894,,Ixia dubia Vent.,,,Plantae,species
,3176242,,Eucalyptus polybractea F.Muell. ex R.T.Baker,,,Plantae,species
,5403256,,Crepis dioscoridis L.,,,Plantae,species
,5403368,,Crepis amplexifolia (Godr.) Willk.,,,Plantae,species
,5866510,,"Cimex hemipterus (Fabricius, 1803)",,,Animalia,species
,3176816,,Eucalyptus cornuta Labill.,,,Plantae,species
,8396777,,Centaurea glomerata Vahl,,,Plantae,species
,3138274,,Carthamus glaucus M.Bieb.,,,Plantae,species
,3809085,,Cerastium pedunculare Bory & Chaub.,,,Plantae,species
,2706548,,"Agrostis hyemalis (Walter) Britton, Sterns & Poggenb.",,,Plantae,species
,1377762,,"Ageniaspis citricola Logvinovskaya, 1983",,,Animalia,species
,8000757,,"Agave salmiana Otto, 1842",,,Plantae,species
,2766710,,Agave bracteosa S.Watson ex Engelm.,,,Plantae,species
,3641789,,Anisosciadium orientale DC.,,,Plantae,species
,7293190,,Linum hirsutum subsp. hirsutum,,,Plantae,subspecies
,1393249,,"Gugolzia harmolitae Delucchi & Steffan, 1956",,,Animalia,species
,7621749,,Centaurea parviflora Desf.,,,Plantae,species
,3128065,,Centaurea pestalotii De Not. ex Ces.,,,Plantae,species
,8124116,,Centaurea pallescens Delile,,,Plantae,species
,3128741,,Centaurea parlatoris Heldr.,,,Plantae,species
,4455295,,"Akis acuminata (Fabricius, 1787)",,,Animalia,species
,5617600,,Alcea biennis Winterl,,,Plantae,species
,4122968,,Agrostis ×fouilladeana Lambinon & Verloove,,,Plantae,species
,1045944,,"Aglenus brunneus (Gyllenhal, 1813)",,,Animalia,species
,2767032,,Agave americana subsp. americana,,,Plantae,subspecies
,7228099,,Agave americana var. americana,,,Plantae,variety
,2985683,,Aeonium haworthii Salm-Dyck ex Webb & Berthel.,,,Plantae,species
,7701497,,"Aleochara fucicola Sharp, 1874",,,Animalia,species
,7638482,,"Aleuroclava aucubae (Kuwana, 1911)",,,Animalia,species
,2012137,,"Aleurothrixus floccosus (Maskell, 1896)",,,Animalia,species
,2082988,,"Aonidiella taxus Leonardi, 1906",,,Animalia,species
,8194699,,"Aonidiella citrina (Coquillett, 1891)",,,Animalia,species
,1393304,,"Anisopteromalus calandrae (Howard, 1881)",,,Animalia,species
,3122494,,Anthemis chia L.,,,Plantae,species
,1364756,,"Aphytis abnormis (Howard, 1881)",,,Animalia,species
,1838811,,"Borkhausenia nefrax Hodges, 1974",,,Animalia,species
,7734137,,"Bonamia exitiosa Hine, Cochennac & Berthe, 2001",,,Protozoa,species
,2423443,,"Bombina bombina (Linnaeus, 1761)",,,Animalia,species
,4062005,,Buglossoides tenuiflora (L.fil.) I.M.Johnst.,,,Plantae,species
,2441056,,"Capra hircus Linnaeus, 1758",,,Animalia,species
,3995007,,Hakea lissosperma R.Br.,,,Plantae,species
,4359395,,"Haminoea japonica Pilsbry, 1895",,,Animalia,species
,3176637,,Eucalyptus glaucescens Maiden & Blakely,,,Plantae,species
,4426148,,"Lyctoxylon dentatum (Pascoe, 1866)",,,Animalia,species
,2715260,,Cyperus schweinitzii Torr.,,,Plantae,species
,1255393,,"Macrocentrus ancylivora Rohwer, 1923",,,Animalia,species
,2963807,,Lupinus arboreus Sims,,,Plantae,species
,5616463,,Adonis microcarpa DC.,,,Plantae,species
,4106276,,Ammochloa pungens (Schreb.) Boiss.,,,Plantae,species
,3041758,,Biscutella lyrata L.,,,Plantae,species
,9746127,,"Biuve fulvipunctata (Baba, 1938)",,,Animalia,species
,5200151,,"Desdemona ornata Banse, 1957",,,Animalia,species
,2715054,,Cyperus glomeratus L.,,,Plantae,species
,3177139,,Eucalyptus morrisbyi Brett,,,Plantae,species
,3176497,,Eucalyptus laevopinea R.T.Baker,,,Plantae,species
,3176853,,Eucalyptus kybeanensis Maiden & Cambage,,,Plantae,species
,3176533,,Eucalyptus kitsoniana Luehm. ex Maiden,,,Plantae,species
,3176552,,Eucalyptus johnstonii Maiden,,,Plantae,species
,3176417,,Eucalyptus gregsoniana L.A.S.Johnson & Blaxell,,,Plantae,species
,7287627,,Hakea salicifolia (Vent.) B.L.Burtt,,,Plantae,species
,3198401,,"Halothrix lumbricalis (Kützing) Reinke, 1888",,,Chromista,species
,4454311,,"Lyphia tetraphylla (Fairmaire, 1857)",,,Animalia,species
,2704651,,Lygeum spartum Loefl. ex L.,,,Plantae,species
,8498959,,"Luperomorpha xanthodera (Fairmaire, 1888)",,,Animalia,species
,3798497,,Lycium afrum L.,,,Plantae,species
,7508376,,"Luticola peguana (Grunow) D.G.Mann, 1990",,,Chromista,species
,2928626,,Ipomoea sagittata Poir.,,,Plantae,species
,5298598,,Iris albicans Lange,,,Plantae,species
,3640493,,Bupleurum affine Sadler,,,Plantae,species
,1223760,,"Dactylotrypes longicollis Schedl, Lindberg & Lindberg, 1959",,,Animalia,species
,6130918,,"Carpophilus truncatus Murray, 1864",,,Animalia,species
,3128473,,Centaurea alexandrina Delile,,,Plantae,species
,4373871,,"Mizuhopecten yessoensis (Jay, 1857)",,,Animalia,species
,3811279,,Minuartia sclerantha (Fisch. & C.A.Mey.) Thell.,,,Plantae,species
,3086235,,Mirabilis longiflora L.,,,Plantae,species
,9992451,,"Aulonosoma tenebrionides Motschulsky, 1858",,,Animalia,species
,2436790,,"Lepus granatensis Rosenhauer, 1856",,,Animalia,species
,2436789,,"Lepus corsicanus de Winton, 1898",,,Animalia,species
,1371034,,"Megastigmus nigrovariegatus Ashmead, 1890",,,Animalia,species
,2394514,,"Ambloplites rupestris (Rafinesque, 1817)",,,Animalia,species
,2508973,,"Arhynchite arhynchite (Ikeda, 1924)",,,Animalia,species
,2114151,,"Argulus japonicus Thiele, 1900",,,Animalia,species
,4453191,,"Carpophilus zeaphilus Dobson, 1969",,,Animalia,species
,4453192,,"Carpophilus fumatus Boheman, 1851",,,Animalia,species
,4453189,,"Carpophilus nepos Murray, 1864",,,Animalia,species
,8134399,,Echium angustifolium Mill.,,,Plantae,species
,5289948,,Digitaria debilis (Desf.) Willd.,,,Plantae,species
,7438716,,Helichrysum foetidum (L.) Moench,,,Plantae,species
,7953341,,Hieracium beugesiacum Jord.,,,Plantae,species
,3135040,,Hieracium calcaricola (F.Hanb.) Roffey,,,Plantae,species
,5200696,,"Microcosmus squamiger Michaelsen, 1927",,,Animalia,species
,1380757,,"Leptocybe invasa Fisher & La Salle, 2004",,,Animalia,species
,8232388,,"Karenia papilionacea A.J.Haywood & K.A.Steidinger, 2004",,,Chromista,species
,3177175,,Eucalyptus smithii F.Muell. ex R.T.Baker,,,Plantae,species
,3177330,,Eucalyptus sieberi L.A.S.Johnson,,,Plantae,species
,1553308,,"Liriomyza chinensis (Kato, 1949)",,,Animalia,species
,1031507,,"Liposcelis mendax Pearman, 1946",,,Animalia,species
,4065251,,Heliotropium hirsutissimum Grauer,,,Plantae,species
,6476666,,"Caenoplana bicolor (Graff, 1899)",,,Animalia,species
,4451849,,"Caenoscelis subdeplanata Brisout de Barneville, 1882",,,Animalia,species
,4484454,,"Acutaspis perseae (Comstock, 1881)",,,Animalia,species
,3189462,,Hypericum mutilum L.,,,Plantae,species
,4138123,,Eremopoa persica (Trin.) Roshev.,,,Plantae,species
,4528650,,"Eratophyes amasiella (Herrich-Schäffer, 1854)",,,Animalia,species
,2704509,,Distichlis spicata (L.) Greene,,,Plantae,species
,2235020,,"Disparalona leei (Chien Shing-ming, 1970)",,,Animalia,species
,1380657,,"Diversinervus elegans Silvestri, 1915",,,Animalia,species
,5828201,,Cenchrus clandestinus (Hochst. ex Chiov.) Morrone,,,Plantae,species
,2701397,,Juncus rigidus Desf.,,,Plantae,species
,4203762,,Juncus sorrentinii Parl.,,,Plantae,species
,2441022,,"Bos taurus Linnaeus, 1758",,,Animalia,species
,1400750,,"Amitus spiniferus (Brèthes, 1914)",,,Animalia,species
,3135791,,Hieracium hispanicum Arv.-Touv.,,,Plantae,species
,4212737,,Hieracium lagascanum Arv.-Touv. & Gaut.,,,Plantae,species
,3063010,,Mercurialis ovata Sternb. & Hoppe,,,Plantae,species
,3715163,,Hypericum triquetrifolium Turra,,,Plantae,species
,2009189,,"Nesidiocoris tenuis (Reuter, 1895)",,,Animalia,species
,4067965,,Echium rauwolfii Delile,,,Plantae,species
,3177193,,Eucalyptus elliptica (Blakely & Mc Kie) L.A.S.Johnson & K.D.Hill,,,Plantae,species
,6374830,,Clematis cirrhosa L.,,,Plantae,species
,7277511,,Clematis viticella subsp. viticella,,,Plantae,subspecies
,4360294,,"Godiva quadricolor (Barnard, 1927)",,,Animalia,species
,7396425,,Crassula muscosa L.,,,Plantae,species
,3013739,,Crataegus azarolus L.,,,Plantae,species
,1365772,,"Eretmocerus eremicus Rose & Zolnerowich, 1997",,,Animalia,species
,2225797,,"Brachynotus sexdentatus (Risso, 1827)",,,Animalia,species
,2110451,,"Neoergasilus japonicus (Harada, 1930)",,,Animalia,species
,2327326,,"Neodexiospira brasiliensis (Grube, 1872)",,,Animalia,species
,4493111,,"Neodryinus typhlocybae (Ashmead, 1893)",,,Animalia,species
,8236283,,"Nephus reunioni (Fürsch, 1974)",,,Animalia,species
,8580553,,Neotorularia contortuplicata (Stephan) Hedge & J.Léonard,,,Plantae,species
,2078254,,"Neotoxoptera oliveri (Essig, 1935)",,,Animalia,species
,10306878,,"Neotoxoptera violae (Pergande, 1900)",,,Animalia,species
,8569652,,Arenaria querioides Pourr. ex Willk.,,,Plantae,species
,7322773,,Oenothera deflexa R.R.Gates,,,Plantae,species
,2130874,,"Brevipalpus californicus (Banks, 1904)",,,Animalia,species
,1866556,,"Antheraea pernyi Guérin-Méneville, 1855",,,Animalia,species
,6076325,,Centaurea glaberrima subsp. divergens (Vis.) Hayek,,,Plantae,subspecies
,7626293,,"Crypticerya rileyi (Cockerell, 1895)",,,Animalia,species
,8348678,,"Elatine hydropiper var. major (A.Braun) Fiori, 1924",,,Plantae,variety
,7551118,,Echium candicans L.fil.,,,Plantae,species
,3826088,,Erodium sebaceum Delile,,,Plantae,species
,3826194,,Erodium rupicola Boiss.,,,Plantae,species
,10995531,,"Ervilia articulata (Hornem.) H.Schaef., Coulot & Rabaute",,,Plantae,species
,5375521,,Erucastrum varium (Durieu) Durieu,,,Plantae,species
,3829150,,Erodium stellatum Delile,,,Plantae,species
,2705356,,Eragrostis trichodes (Nutt.) Alph.Wood,,,Plantae,species
,2114320,,"Eurytemora pacifica Sato, 1913",,,Animalia,species
,3176501,,Eucalyptus crenulata Blakely & Beuzev.,,,Plantae,species
,3177325,,Eucalyptus cephalocarpa Blakely,,,Plantae,species
,8412690,,"Hesperibalanus fallax (Broch, 1927)",,,Animalia,species
,7344895,,Leontice leontopetalum subsp. leontopetalum,,,Plantae,subspecies
,7944367,,Leontice leontopetalum L.,,,Plantae,species
,9443588,,Leontice leontopetalum subsp. eversmannii (Bunge) Coode,,,Plantae,subspecies
,5376491,,Lepidium aletes J.F.Macbr.,,,Plantae,species
,9635111,,"Lindorus forestieri (Mulsant, 1853)",,,Animalia,species
,8247017,,"Lindingaspis rossi (Maskell, 1892)",,,Animalia,species
,7046941,,Linepithema humile humile,,,Animalia,subspecies
,7622027,,Nonea pallens Petrovic,,,Plantae,species
,7766960,,"Nitzschia dissipatoides Archibald, 1982",,,Chromista,species
,4114278,,Hordeum stenostachys Godr.,,,Plantae,species
,8346462,,"Howardia biclavis (Comstock, 1883)",,,Animalia,species
,2653284,,Ephedra altissima Desf.,,,Plantae,species
,5178082,,"Caprella scaura Templeton, 1836",,,Animalia,species
,4527322,,"Acalyptris platani (Müller-Rutz, 1934) van Nieukerken, 1986",,,Animalia,species
,7475993,,Kali collinum (Pall.) Akhani & Roalson,,,Plantae,species
,5392562,,Jurinea alata (Desf.) Cass.,,,Plantae,species
,1651799,,"Aedes triseriatus (Say, 1823)",,,Animalia,species
,2768686,,Asparagus setaceus (Kunth) Jessop,,,Plantae,species
,5161683,,"Aspidiotus destructor Signoret, 1869",,,Animalia,species
,2077443,,"Acyrthosiphon primulae (Theobald, 1913)",,,Animalia,species
,2077491,,"Acyrthosiphon kondoi Shinji, 1938",,,Animalia,species
,4449493,,"Acanthocnemus nigricans (Hope, 1845)",,,Animalia,species
,3100377,,Acanthospermum humile (Sw.) DC.,,,Plantae,species
,5574054,,Acanthus arboreus Forssk.,,,Plantae,species
,3134551,,Hyoseris lucida L.,,,Plantae,species
,5972284,,"Latopilumnus truncatospinosus (De Man, 1914)",,,Animalia,species
,5972288,,"Latopilumnus malardi (De Man, 1914)",,,Animalia,species
,3144787,,Launaea fragilis (Asso) Pau,,,Plantae,species
,4989903,,"Harmonia conformis (Boisduval, 1835)",,,Animalia,species
,7095758,,Epilobium ciliatum subsp. ciliatum,,,Plantae,subspecies
,4427611,,"Dinoderus ocellaris Stephens, 1830",,,Animalia,species
,4427616,,"Dinoderus japonicus Lesne, 1895",,,Animalia,species
,3032986,,Diospyros virginiana L.,,,Plantae,species
,4427612,,"Dinoderus brevis Horn, 1878",,,Animalia,species
,5252364,,Ceratocystis platani (J.M.Walter) Engelbr. & T.C.Harr.,,,Fungi,species
,3025572,,Cotoneaster pannosus Franch.,,,Plantae,species
,2286073,,"Crassostrea rhizophorae (Guilding, 1828)",,,Animalia,species
,7599137,,"Karenia umbella de Salas, Bolch & Hallegraeff, 2004",,,Chromista,species
,3176321,,Eucalyptus chloroclada (Blakely) L.A.S.Johnson & K.D.Hill,,,Plantae,species
,3025603,,Cotoneaster ×intermedius (Lecoq & Lamotte) H.J.Coste,,,Plantae,species
,5361969,,Cotyledon orbiculata L.,,,Plantae,species
,5688378,,Crassula alata (Viv.) A.Berger,,,Plantae,species
,2978604,,Acacia pycnantha Benth.,,,Plantae,species
,5329198,,Elodea callitrichoides (Rich.) Casp.,,,Plantae,species
,2744140,,Chasmanthe aethiopica (L.) N.E.Br.,,,Plantae,species
,8082584,,"Antonina graminis (Maskell, 1897)",,,Animalia,species
,7199266,,Icerya purchasi purchasi,,,Animalia,subspecies
,8821006,,"Gyrodactylus macrochiri Hoffman & Putz, 1964",,,Animalia,species
,1599411,,"Clinodiplosis cattleyae Felt, 1908",,,Animalia,species
,7260646,,Amphibalanus amphitrite amphitrite,,,Animalia,subspecies
,5289796,,Aegilops biuncialis Vis.,,,Plantae,species
,7228049,,Iris pallida subsp. pallida,,,Plantae,subspecies
,3138253,,Carthamus leucocaulos Sm.,,,Plantae,species
,3120289,,Achillea coarctata Poir.,,,Plantae,species
,7323340,,Amaranthus capensis Thell.,,,Plantae,species
,5298224,,Iris tuberosa L.,,,Plantae,species
,2748312,,Iris orientalis Mill.,,,Plantae,species
,9302560,,"Derelomus piriformis (Hoffmann, 1938)",,,Animalia,species
,1739837,,"Acleris undulana (Walsingham, 1900)",,,Animalia,species
,2013998,,"Acizzia acaciaebaileyanae (Froggatt, 1901)",,,Animalia,species
,2014031,,"Acizzia uncatoides (Ferris & Klyver, 1932)",,,Animalia,species
,2234770,,"Moina affinis Birge, 1893",,,Animalia,species
,7919098,,"Epuraea luteola Erichson, 1843",,,Animalia,species
,2717329,,Eleocharis bonariensis Nees,,,Plantae,species
,4427584,,"Heterobostrychus brunneus (Murray, 1867)",,,Animalia,species
,2766151,,Heteranthera reniformis Ruiz & Pav.,,,Plantae,species
,7223180,,Crepis vesicaria subsp. vesicaria,,,Plantae,subspecies
,7066118,,Centaurea cineraria subsp. cineraria,,,Plantae,subspecies
,2235022,,"Disparalona hamata (Birge, 1879)",,,Animalia,species
,4433170,,"Diplostix mayeti (Marseul, 1870)",,,Animalia,species
,1420803,,"Microcephalothrips abdominalis (D.L.Crawford, 1910)",,,Animalia,species
,1375162,,"Metaphycus maculipennis (Timberlake, 1916)",,,Animalia,species
,9446553,,"Nicobium zuzartei Bercedo & Arnáiz, 2007",,,Animalia,species
,3188889,,Oenothera angustissima R.R.Gates,,,Plantae,species
,2076192,,"Myzus hemerocallis Takahashi, 1921",,,Animalia,species
,5723353,,"Microcosmus anchylodeirus Traustedt, 1883",,,Animalia,species
,6005504,,"Micrapate brunnipes (Fabricius, 1801)",,,Animalia,species
,7411047,,"Monacha martensiana (Tiberi, 1869)",,,Animalia,species
,9062455,,Aphanes microcarpa (Boiss. & Reut.) Rothm.,,,Plantae,species
,2332123,,"Asterocarpa humilis (Heller, 1878)",,,Animalia,species
,4374586,,"Brachidontes variabilis (Krauss, 1848)",,,Animalia,species
,7885827,,Ballota hispanica (L.) Benth.,,,Plantae,species
,3188857,,Oenothera drummondii Hook.,,,Plantae,species
,7749574,,Oenothera glazioviana var. glazioviana,,,Plantae,variety
,8340805,,Oenothera longiflora L.,,,Plantae,species
,5408996,,Lobelia laxiflora Kunth,,,Plantae,species
,4133593,,Loliolum subulatum (Banks & Sol.) Eig,,,Plantae,species
,4103441,,Lomelosia argentea (L.) Greuter & Burdet,,,Plantae,species
,1224264,,"Lixus incanescens Boheman, 1836",,,Animalia,species
,8070496,,Linaria virgata (Poir.) Desf.,,,Plantae,species
,5175946,,"Limnoria lignorum (Rathke, 1799)",,,Animalia,species
,1375185,,"Metaphycus lounsburyi (Howard, 1898)",,,Animalia,species
,1374888,,"Metaphycus anneckei Guerrieri & Noyes, 2000",,,Animalia,species
,1375213,,"Metaphycus swirskii Annecke & Mynhardt, 1979",,,Animalia,species
,2076281,,"Melanaphis bambusae (Fullaway, 1910)",,,Animalia,species
,1371005,,"Megastigmus transvaalensis (Hussey, 1956)",,,Animalia,species
,2033546,,"Melillaia desbrochersi (Lethierry, 1889)",,,Animalia,species
,2169064,,"Menemerus bivittatus (Dufour, 1831)",,,Animalia,species
,2080232,,"Matsucoccus feytaudi Ducasse, 1941",,,Animalia,species
,1095696,,"Heterobostrychus aequalis (Waterhouse, 1884)",,,Animalia,species
,2766169,,Heteranthera rotundifolia (Kunth) Griseb.,,,Plantae,species
,5879259,,"Heterobostrychus hamatipennis (Lesne, 1895)",,,Animalia,species
,4124025,,Heteranthelium piliferum (Sol.) Hochst. ex Jaub. & Spach,,,Plantae,species
,4240506,,Heteranthemis viscidi-hirta Schott,,,Plantae,species
,8419745,,Lagoecia cuminoides L.,,,Plantae,species
,5163553,,"Kilifia acuminata (Signoret, 1873)",,,Animalia,species
,4484675,,"Icerya seychellarum (Westwood, 1855)",,,Animalia,species
,7199207,,Impatientinum asiaticum asiaticum,,,Animalia,subspecies
,2891772,,Impatiens walleriana Hook.fil.,,,Plantae,species
,5347647,,Genista ephedroides DC.,,,Plantae,species
,5347587,,Genista aetnensis (Biv.) DC.,,,Plantae,species
,1365658,,"Encarsia pergandiella Howard, 1907",,,Animalia,species
,1365794,,"Eretmocerus haldemani Howard, 1908",,,Animalia,species
,8041189,,Eryngium creticum Lam.,,,Plantae,species
,2891619,,Erodium laciniatum (Cav.) Willd.,,,Plantae,species
,5376384,,Diplotaxis assurgens (Delile) Gren.,,,Plantae,species
,2702863,,Ehrharta erecta Lam.,,,Plantae,species
,1136247,,"Dialeges undulatus Gahan, 1891",,,Animalia,species
,4484288,,"Dialeurodes citri (Ashmead, 1885)",,,Animalia,species
,3641952,,Daucus crinitus Desf.,,,Plantae,species
,3641521,,Daucus gracilis Steinh.,,,Plantae,species
,3641441,,Daucus guttatus Sm.,,,Plantae,species
,7483643,,Crepis vesicaria subsp. taraxacifolia (Thuill.) Thell. ex Schinz & R.Keller,,,Plantae,subspecies
,3128070,,Centaurea verutum L.,,,Plantae,species
,1384909,,"Chrysocharis oscinidis Ashmead, 1888",,,Animalia,species
,3128957,,Centaurea bimorpha Viv.,,,Plantae,species
,2480830,,"Bubulcus ibis (Linnaeus, 1758)",,,Animalia,species
,8082785,,Bupleurum glumaceum Sm.,,,Plantae,species
,5372477,,Callitriche terrestris Muhl. ex Raf.,,,Plantae,species
,1047342,,"Callosobruchus phaseoli (Gyllenhal, 1833)",,,Animalia,species
,6949996,,"Callosobruchus analis (Fabricius, 1781)",,,Animalia,species
,4678380,,"Callomegachile Michener, 1962",,,Animalia,genus
,3086288,,Boerhavia repens L.,,,Plantae,species
,2078547,,"Brachycaudus rumexicolens (Patch, 1917)",,,Animalia,species
,2077522,,"Brachycorynella asparagi (Mordvilko, 1929)",,,Animalia,species
,7323035,,Brachychiton populneus (Schott & Endl.) R.Br.,,,Plantae,species
,2367024,,"Ballerus sapa (Pallas, 1814)",,,Animalia,species
,5374675,,Barbarea bracteosa Guss.,,,Plantae,species
,1420323,,"Bagnalliella yuccae (Hinds, 1902)",,,Animalia,species
,7678423,,"Balanococcus kwoni Pellizzari & Danzig, 2007",,,Animalia,species
,1044540,,"Bacanius punctiformis (J.L.LeConte, 1853)",,,Animalia,species
,8411265,,Bellevalia romana (L.) Rchb.,,,Plantae,species
,4484239,,"Bemisia afer (Priesner & Hosny, 1934)",,,Animalia,species
,2771938,,Bellevalia ciliata (Cirillo) T.Nees,,,Plantae,species
,5004120,,"Bardistus cibarius Newman, 1841",,,Animalia,species
,7349669,,Bidens tripartita subsp. comosa (A.Gray) A.Haines,,,Plantae,subspecies
,7066274,,Bidens pilosa var. pilosa,,,Plantae,variety
,8329572,,Bidens ×madiotii H.J.Coste ex P.Fourn.,,,Plantae,species
,5391837,,Bidens discoidea (Torr. & A.Gray) Britton,,,Plantae,species
,5391802,,Bidens aurea (Aiton) Sherff,,,Plantae,species
,1590968,,"Bibio femoralis Meigen, 1838",,,Animalia,species
,5387429,,Aster trinervius Roxb. ex Roxb.,,,Plantae,species
,3193854,,"Asteromphalus sarcophagus Wallich, 1860",,,Chromista,species
,1095952,,"Attagenus lobatus Rosenhauer, 1856",,,Animalia,species
,4427451,,"Attagenus obtusus (Gyllenhal, 1808)",,,Animalia,species
,1364679,,"Aphytis lepidosaphes Compere, 1955",,,Animalia,species
,1364706,,"Aphytis melinus DeBach, 1959",,,Animalia,species
,4065217,,Arnebia hispidissima (Lehm.) DC.,,,Plantae,species
,7100324,,Acer obtusatum Waldst. & Kit. ex Willd.,,,Plantae,species
,6359254,,Acer negundo subsp. negundo,,,Plantae,subspecies
,2856340,,Allium cyrilli Ten.,,,Plantae,species
,2857976,,Allium multibulbosum Jacq.,,,Plantae,species
,3697844,,Allium ×proliferum (Moench) Schrad. ex Willd.,,,Plantae,species
,1011002,,"Allopauropus pseudomillotianus Remy & Balland, 1958",,,Animalia,species
,3045203,,Alyssum linifolium Stephan,,,Plantae,species
,3045014,,Alyssum corsicum Duby,,,Plantae,species
,3084923,,Alternanthera philoxeroides (Mart.) Griseb.,,,Plantae,species
,4248154,,Anacyclus monanthos subsp. cyrtolepidioides (Pomel) Humphries,,,Plantae,subspecies
,1366671,,"Anaphes nitens (Girault, 1928)",,,Animalia,species
,1380005,,"Anagyrus pseudococci (Girault, 1915)",,,Animalia,species
,1379990,,"Anagyrus fusciventris (Girault, 1915)",,,Animalia,species
,3148584,,Anacyclus monanthos (L.) Thell.,,,Plantae,species
,7582887,,Anchusa gmelinii Ledeb.,,,Plantae,species
,7932050,,"Anchonus suillus (J.C.Fabricius, 1792)",,,Animalia,species
,5364996,,Aphanes cornucopioides Lag.,,,Plantae,species
,4427567,,"Apate monachus Fabricius, 1775",,,Animalia,species
,6460818,,"Aoroides semicurvatus Ariyama, 2004",,,Animalia,species
,6460808,,"Aoroides longimerus Ren & Zheng, 1996",,,Animalia,species
,6460811,,"Aoroides curvipes Ariyama, 2004",,,Animalia,species
,2072770,,"Aphis lugentis Williams, 1911",,,Animalia,species
,7199251,,Aphis gossypii gossypii,,,Animalia,subspecies
,7691448,,Anthemis tomentosa L.,,,Plantae,species
,3635750,,Artedia squamata L.,,,Plantae,species
,5180091,,"Artemia franciscana Kellogg, 1906",,,Animalia,species
,7793521,,"Brachypeplus deyrollei Murray, 1864",,,Animalia,species
,2702522,,Eriochloa punctata (L.) Ham.,,,Plantae,species
,2082028,,"Eriococcus williamsi Danzig, 1987",,,Animalia,species
,7801854,,"Lucasinova nigromarginata (Lucas, 1847)",,,Animalia,species
,8660938,,"Lucasianus levaillantii (Lucas, 1849)",,,Animalia,species
,3176374,,Eucalyptus moorei Maiden & Cambage,,,Plantae,species
,3177207,,Eucalyptus mannifera Mudie,,,Plantae,species
,3828885,,Erodium alnifolium Guss.,,,Plantae,species
,2889699,,Eriogonum giganteum S.Watson,,,Plantae,species
,7909266,,Erodium boissieri Coss.,,,Plantae,species
,2717771,,Eleocharis atropurpurea (Retz.) J.Presl & C.Presl,,,Plantae,species
,2077270,,"Aploneura ampelina (Mokrzecky, 1896)",,,Animalia,species
,5678027,,Aegilops caudata L.,,,Plantae,species
,2685464,,Abies pinsapo Boiss.,,,Plantae,species
,2328302,,"Hydroides elegans (Haswell, 1883)",,,Animalia,species
,2328293,,"Hydroides dianthus (Verrill, 1873)",,,Animalia,species
,3112455,,Gazania rigens (L.) Gaertn.,,,Plantae,species
,3176185,,Eucalyptus amygdalina Labill.,,,Plantae,species
,3177077,,Eucalyptus amplifolia Naudin,,,Plantae,species
,3176886,,Eucalyptus angulosa Schauer,,,Plantae,species
,2013907,,"Ctenarytaina peregrina Hodkinson, 2007",,,Animalia,species
,7225563,,Erysimum nevadense subsp. nevadense,,,Plantae,subspecies
,2855486,,Nothoscordum ×borbonicum Kunth,,,Plantae,species
,2110813,,"Mytilicola orientalis Mori, 1935",,,Animalia,species
,7294850,,Myosotis refracta Boiss.,,,Plantae,species
,1210685,,"Naupactus cervinus Boheman, 1840",,,Animalia,species
,2979559,,Acacia cultriformis A.Cunn. ex G.Don,,,Plantae,species
,9613389,,Nassella trichotoma (Nees) Hack. & Arechav.,,,Plantae,species
,2981303,,Acacia baileyana F.Muell.,,,Plantae,species
,1391808,,"Moranila californica (Howard, 1881)",,,Animalia,species
,5816581,,"Mustela furo Linnaeus, 1758",,,Animalia,species
,4324852,,"Myicola ostreae Hoshina & Sugiura, 1953",,,Animalia,species
,5661486,,Myosotis brachypoda Gren.,,,Plantae,species
,5661467,,Myosotis cadmea Boiss.,,,Plantae,species
,6712662,,Morus alba var. indica (L.) Bureau,,,Plantae,variety
,8518785,,"Mullerister rombophorus (Aubé, 1843)",,,Animalia,species
,3048735,,Murbeckiella zanonii (Ball) Rothm.,,,Plantae,species
,7070268,,Carex norvegica subsp. norvegica,,,Plantae,subspecies
,7751392,,Nymphaea alba f. rosea Mela,,,Plantae,form
,7301008,,Lomelosia pulsatilloides (Boiss.) Greuter & Burdet,,,Plantae,species
,5175936,,"Limnoria quadripunctata Holthuis, 1949",,,Animalia,species
,7298130,,Limonium brassicifolium (Webb & Berthel.) Kuntze,,,Plantae,species
,7633430,,"Karlodinium decipiens de Salas & Laza-Martinez, 2008",,,Chromista,species
,3103272,,Gamochaeta coarctata (Willd.) Kerguélen,,,Plantae,species
,7193933,,Genetta genetta genetta,,,Animalia,subspecies
,3995159,,Hakea laurina R.Br.,,,Plantae,species
,3176932,,Eucalyptus blakelyi Maiden,,,Plantae,species
,3176962,,Eucalyptus aggregata H.Deane & Maiden,,,Plantae,species
,2075337,,"Essigella californica (Essig, 1909)",,,Animalia,species
,3176978,,Eucalyptus acaciiformis H.Deane & Maiden,,,Plantae,species
,7507094,,Erythranthe ×robertsii (Silverside) G.L.Nesom,,,Plantae,species
,6167926,,"Esox cisalpinus Bianco & Delmastro, 2011",,,Animalia,species
,1364531,,"Ablerus perspeciosus Girault, 1916",,,Animalia,species
,1364517,,"Ablerus clisiocampae (Ashmead, 1894)",,,Animalia,species
,2979000,,Acacia melanoxylon R.Br.,,,Plantae,species
,2979775,,Acacia mearnsii De Wild.,,,Plantae,species
,2978730,,Acacia longifolia (Andrews) Willd.,,,Plantae,species
,3110580,,Ambrosia tenuifolia Spreng.,,,Plantae,species
,3924291,,Anemone palmata L.,,,Plantae,species
,9473121,,"Blastobasis glandulella Riley, 1871",,,Animalia,species
,5292372,,Bulbostylis barbata (Rottb.) C.B.Clarke,,,Plantae,species
,10515308,,Carpobrotus acinaciformis x Carpobrotus edulis,,,Plantae,species
,2013904,,"Ctenarytaina eucalypti (Maskell, 1890)",,,Animalia,species
,1304909,,"Cryptus luctuosus Cresson, 1864",,,Animalia,species
,4048279,,Elaeagnus ×reflexa É.Morren & Decne.,,,Plantae,species
,7295322,,Microparacaryum intermedium (Fresen.) Hilger & Podlech,,,Plantae,species
,2182943,,"Hyalomma aegyptium Linnaeus, 1758",,,Animalia,species
,9240876,,"Campylaea planospira occultata (Paulucci, 1886)",,,Animalia,subspecies
,3135836,,Hieracium trichocaulon (Dahlst.) Johanss.,,,Plantae,species
,4433282,,"Hister bipunctatus Paykull, 1811",,,Animalia,species
,2685326,,Abies cephalonica Loudon,,,Plantae,species
,2685546,,Abies numidica de Lannoy ex Carrière,,,Plantae,species
,2500685,,"Pomphorhynchus laevis (Zoega, 1776)",,,Animalia,species
,7458066,,Perkinsus olsenii R.J.G.Lester & G.H.G.Davis,,,Chromista,species
,8866712,,"Perkinsus chesapeaki McLaughlin, Tall, Shaheen, El Sayed & Faisal, 2000",,,Chromista,species
,7361880,,Prorocentrum mexicanum Osorio-Tafall,,,Chromista,species
,7400978,,"Takayama tasmanica de Salas, Bolch & Hallegraeff, 2003",,,Chromista,species
,1005675,,"Watersipora cucullata (Busk, 1854)",,,Animalia,species
,1005670,,"Watersipora aterrima (Ortmann, 1890)",,,Animalia,species
,1005677,,"Watersipora subtorquata (d'Orbigny, 1852)",,,Animalia,species
,8155634,,"Watersipora subatra (Ortmann, 1890)",,,Animalia,species
,1010076,,"Schizoporella unicornis (Johnston, 1844)",,,Animalia,species
,1007512,,"Pacificincola perforata (Okada & Mawatari, 1937)",,,Animalia,species
,5824863,,"Rugulopteryx okamurae (E.Y.Dawson) I.K.Hwang, W.J.Lee & H.S.Kim, 2009",,,Chromista,species
,2307544,,"Xironogiton victoriensis Gelder & Hall, 1990",,,Animalia,species
,4377197,,"Saccharina japonica (Aresch.) C.E.Lane, C.Mayes, Druehl & G.W.Saunders, 2006",,,Chromista,species
,2309037,,"Podarkeopsis capensis (Day, 1963)",,,Animalia,species
,5422829,,"Scytosiphon dotyi M.J.Wynne, 1969",,,Chromista,species
,3199757,,Pylaiella littoralis (L.) Kjellm.,,,Chromista,species
,3199116,,Sphaerotrichia divaricata (C.Agardh) Kylin,,,Chromista,species
,5199417,,"Spirorbis marioni Caullery & Mesnil, 1897",,,Animalia,species
,3199115,,"Sphaerotrichia firma (Gepp) A.D.Zinova, 1958",,,Chromista,species
,5199488,,"Pileolaria berkeleyana (Rioja, 1942)",,,Animalia,species
,3193569,,"Thalassiosira tealata Takano, 1980",,,Chromista,species
,2321343,,"Streblospio benedicti Webster, 1879",,,Animalia,species
,5197692,,"Polydora ciliata (Johnston, 1838)",,,Animalia,species
,5197741,,"Polydora hoplura Claparède, 1868",,,Animalia,species
,4377087,,"Pseudo-nitzschia multistriata (Takano) Takano, 1995",,,Chromista,species
,7445284,,Phoenix canariensis H.Wildpret,,,Plantae,species
,7923165,,Tulipa clusiana Redouté,,,Plantae,species
,7622469,,"Reimeria uniseriata S.E.Sala, J.M.Guerrero & M.E.Ferrario, 1993",,,Chromista,species
,5328895,,Sagittaria lancifolia L.,,,Plantae,species
,8041570,,"Pleurosigma simonsenii Hasle, 1990",,,Chromista,species
,10064392,,"Platessa uniseriata (Lange-Bertalot & Monnier, 2003) C.E.Wetzel, Tudesque & Le Cohu, 2016",,,Chromista,species
,9923465,,"Sphaerothecum destruens Arkush, Mendoza, Adkison & Hedrick, 2003",,,Protozoa,species
,2849341,,Orchis brancifortii Biv.,,,Plantae,species
,5297279,,Tritonia crocata (L.) Ker Gawl.,,,Plantae,species
,4373348,,"Ostrea angasi G.B.Sowerby II, 1871",,,Animalia,species
,4373349,,"Ostrea denselamellosa Lischke, 1869",,,Animalia,species
,5296298,,Sisyrinchium rosulatum E.P.Bicknell,,,Plantae,species
,4373341,,"Ostrea puelchana d'Orbigny, 1842",,,Animalia,species
,5188827,,"Xenostrobus securis (Lamarck, 1819)",,,Animalia,species
,5778077,,"Viviparus ater (De Cristofori & Jan, 1832)",,,Animalia,species
,7344362,,Viviparus ater ater,,,Animalia,subspecies
,8608139,,"Tritia neritea (Linnaeus, 1758)",,,Animalia,species
,8492140,,"Tritia corniculum (Olivi, 1792)",,,Animalia,species
,2304415,,"Urosalpinx cinerea (Say, 1822)",,,Animalia,species
,2769775,,Ruscus hypoglossum L.,,,Plantae,species
,6519254,,"Tayuva lilacina (A.Gould, 1852)",,,Animalia,species
,2291759,,"Polycera hedgpethi Er.Marcus, 1964",,,Animalia,species
,5326791,,Sternbergia lutea (L.) Ker Gawl. ex Spreng.,,,Plantae,species
,4565020,,"Xerolenta obvia (Menke, 1828)",,,Animalia,species
,4565021,,Xerolenta obvia obvia,,,Animalia,subspecies
,4564893,,"Xeropicta derbentina (Krynicki, 1836)",,,Animalia,species
,7918030,,"Papillifera papillaris (O.F.Müller, 1774)",,,Animalia,species
,9448956,,"Papillifera papillaris affinis (R.A.Philippi, 1836)",,,Animalia,subspecies
,9008569,,Papillifera papillaris papillaris,,,Animalia,subspecies
,2717291,,Scirpus radicans Schkuhr,,,Plantae,species
,2720130,,Scirpus hattorianus Makino,,,Plantae,species
,4564216,,"Otala punctata (O.F.Müller, 1774)",,,Animalia,species
,5827791,,Vulpia alopecuros (Schousb.) Link,,,Plantae,species
,4144382,,Vulpiella stipoides (L.) Maire,,,Plantae,species
,5678843,,Wangenheimia lima (L.) Trin.,,,Plantae,species
,2703467,,Themeda triandra Forssk.,,,Plantae,species
,7758879,,"Schyzocotyle acheilognathi (Yamaguti, 1934) Brabec, Waeschenbach, Scholz, Littlewood & Kuchta, 2015",,,Animalia,species
,9914134,,"Schistosoma haemotobium (Bilharz, 1852)",,,Animalia,species
,5892137,,"Platydemus manokwari Beauchamp, 1962",,,Animalia,species
,4412442,,"Onchocleidus similis Mueller, 1936",,,Animalia,species
,6159430,,"Podarcis siculus cettii (Cara, 1872)",,,Animalia,subspecies
,4109303,,Snowdenia polystachya (Fresen.) Pilg.,,,Plantae,species
,2705184,,Sorghum ×drummondii (Nees ex Steud.) Millsp. & Chase,,,Plantae,species
,7190922,,Testudo graeca graeca,,,Animalia,subspecies
,2704769,,Sporobolus cryptandrus (Torr.) A.Gray,,,Plantae,species
,4147932,,Sporobolus pungens (Schreb.) Kunth,,,Plantae,species
,2702870,,Stenotaphrum secundatum (Walter) Kuntze,,,Plantae,species
,4932077,,Saccharum spontaneum subsp. aegyptiacum (Willd.) Hack.,,,Plantae,subspecies
,2703935,,Saccharum spontaneum L.,,,Plantae,species
,2431887,,"Triturus carnifex (Laurenti, 1768)",,,Animalia,species
,2706011,,Phleum arenarium L.,,,Plantae,species
,8739608,,Xenopus laevis laevis,,,Animalia,subspecies
,8352325,,Phalaris truncata Guss. ex Bertol.,,,Plantae,species
,2423976,,"Xenopus Wagler, 1827",,,Animalia,genus
,4119088,,Poa lanigera Nees,,,Plantae,species
,2705733,,Oplismenus compositus (L.) P.Beauv.,,,Plantae,species
,9321745,,"Pelophylax ridibundus kurtmuelleri (Gayda, 1940)",,,Animalia,subspecies
,8100050,,Paspalum vaginatum Sw.,,,Plantae,species
,5200488,,"Perophora multiclathrata (Sluiter, 1904)",,,Animalia,species
,2705541,,Paspalum setaceum Michx.,,,Plantae,species
,5200487,,"Perophora japonica Oka, 1927",,,Animalia,species
,5200484,,"Perophora viridis Verrill, 1871",,,Animalia,species
,2331952,,"Styela calva Monniot C., Monniot F. & Millar, 1976",,,Animalia,species
,8996716,,"Tamias sibiricus barberi Johnson & Jones, 1955",,,Animalia,subspecies
,6164282,,"Vulpes vulpes ichnusae Miller, 1907",,,Animalia,subspecies
,9457305,,"Ovis gmelinii musimon (Pallas, 1811)",,,Animalia,subspecies
,5371727,,Umbellularia californica (Hook. & Arn.) Nutt.,,,Plantae,species
,7461212,,Oxalis bowiei W.T.Aiton ex G.Don,,,Plantae,species
,7509145,,"Oxalis corniculata var. atropurpurea (Van Houtte) P.Fourn., 1937",,,Plantae,variety
,2891764,,Oxalis purpurea L.,,,Plantae,species
,2891720,,Oxalis incarnata L.,,,Plantae,species
,10029214,,Vitis acerifolia x Vitis riparia,,,Plantae,species
,10503695,,Vitis riparia x Vitis rupestris,,,Plantae,species
,2494058,,"Ploceus cucullatus (Statius Muller, 1776)",,,Animalia,species
,5372398,,Vitis rupestris Scheele,,,Plantae,species
,2891615,,Pelargonium inquinans (L.) L'Hér.,,,Plantae,species
,2360795,,"Romanogobio belingi (Slastenenko, 1934)",,,Animalia,species
,2360041,,"Pachychilon pictum (Heckel & Kner, 1858)",,,Animalia,species
,5961709,,"Seriola fasciata (Bloch, 1793)",,,Animalia,species
,2932643,,Solanum chacoense Bitter,,,Plantae,species
,2930323,,Solanum dimidiatum Raf.,,,Plantae,species
,2929628,,Solanum bonariense L.,,,Plantae,species
,3799682,,Solanum nigrum subsp. nigrum,,,Plantae,subspecies
,4274699,,Solanum lycopersicum var. lycopersicum,,,Plantae,variety
,4417612,,"Strandesia bicuspis (Claus, 1982)",,,Animalia,species
,2931469,,Solanum mauritianum Scop.,,,Plantae,species
,4417764,,"Stenocypris major (Baird, 1859)",,,Animalia,species
,2931934,,Solanum ×procurrens A.C.Leslie,,,Plantae,species
,5341766,,Physalis viscosa L.,,,Plantae,species
,4095318,,Valerianella chlorodonta Coss. & Durieu ex Coss.,,,Plantae,species
,4094844,,Valerianella hirsutissima Link,,,Plantae,species
,2888819,,Succisella inflexa (Kluk) G.Beck,,,Plantae,species
,8175495,,"Phuopsis stylosa (Trin.) Benth. & Hook.f., 1876",,,Plantae,species
,6421609,,Vinca major subsp. major,,,Plantae,subspecies
,4417542,,"Potamon ibericum (Marschall de Bieberstein, 1809)",,,Animalia,species
,2223416,,"Penaeus semisulcatus De Haan, 1844",,,Animalia,species
,2227601,,"Pilumnus longicornis Hilgendorf, 1879",,,Animalia,species
,2216565,,"Stenothoe gallensis Walker, 1904",,,Animalia,species
,6461590,,"Ptilohyale littoralis (Stimpson, 1853)",,,Animalia,species
,4314548,,"Photis lamellifera Schellenberg, 1928",,,Animalia,species
,8302579,,Oenothera velutina Renner,,,Plantae,species
,2218531,,"Talitroides alluaudi (Chevreux, 1896)",,,Animalia,species
,3665147,,Oenothera sinuosa W.L.Wagner & Hoch,,,Plantae,species
,3664762,,Oenothera ×stucchii Soldano,,,Plantae,species
,2208051,,"Titanethes albus (C.Koch, 1841)",,,Animalia,species
,5176589,,"Sphaeroma walkeri Stebbing, 1905",,,Animalia,species
,2204780,,"Synidotea laevidorsalis (Miers, 1881)",,,Animalia,species
,2202566,,"Venezillo parvus (Budde-Lund, 1885)",,,Animalia,species
,2208629,,"Paranthura japonica Richardson, 1909",,,Animalia,species
,3989497,,Rotala filiformis (Bellardi) Hiern,,,Plantae,species
,2133515,,"Sosticus loricatus (L.Koch, 1866)",,,Animalia,species
,2925747,,Plagiobothrys scouleri (Hook. & Arn.) I.M.Johnst.,,,Plantae,species
,2173162,,"Thyene coccineovittata (Simon, 1886)",,,Animalia,species
,2173594,,"Panysinus nicholsoni (O.Pickard-Cambridge, 1900)",,,Animalia,species
,2130102,,"Tetranychus mcdanieli McGregor, 1931",,,Animalia,species
,2130256,,"Tetranychus evansi Baker & Pritchard, 1960",,,Animalia,species
,2129156,,"Schizotetranychus bambusae Reck, 1941",,,Animalia,species
,2130589,,"Oligonychus punicae (Hirst, 1926)",,,Animalia,species
,2131401,,"Tenuipalpus caudatus (Duges, 1834)",,,Animalia,species
,7274333,,Tropaeolum pentaphyllum Lam.,,,Plantae,species
,7275950,,Reseda phyteuma var. phyteuma,,,Plantae,variety
,2110604,,"Pseudomyicola spinosus (Raffaele & Monticelli, 1885)",,,Animalia,species
,3047638,,Sinapis flexuosa Poir.,,,Plantae,species
,3046776,,Sisymbrium assoanum Loscos & J.Pardo,,,Plantae,species
,3046801,,Sisymbrium crassifolium Cav.,,,Plantae,species
,1994767,,"Pycnoscelus surinamensis (Linnaeus, 1758)",,,Animalia,species
,1419435,,"Xenopsylla cheopis (Rothschild, 1903)",,,Animalia,species
,1419547,,"Pulex irritans Linnaeus, 1758",,,Animalia,species
,1031796,,"Pteroxanium kelloggi (Ribaga, 1905)",,,Animalia,species
,1420951,,"Thrips hawaiiensis (Morgan, 1913)",,,Animalia,species
,1420923,,"Thrips australis (Bagnall, 1915)",,,Animalia,species
,1420609,,"Scirtothrips inermis Priesner, 1933",,,Animalia,species
,2878325,,Quercus ithaburensis subsp. macrolepis (Kotschy) Hedge & Yalt.,,,Plantae,subspecies
,4423853,,"Pseudodendrothrips mori (Niwa, 1908)",,,Animalia,species
,2878323,,Quercus ithaburensis Decne.,,,Plantae,species
,7436623,,Quercus robur var. robur,,,Plantae,variety
,2879328,,Quercus nigra L.,,,Plantae,species
,7477196,,"Portulaca sardoa Danin, Bagella & Marrosu",,,Plantae,species
,1690639,,"Topana cincticornis (Stål, 1873)",,,Animalia,species
,5620016,,Opuntia elatior Mill.,,,Plantae,species
,7280434,,Opuntia crassa Haw.,,,Plantae,species
,5384076,,Opuntia leucotricha DC.,,,Plantae,species
,8014872,,Opuntia engelmannii Salm-Dyck ex Engelm.,,,Plantae,species
,7283961,,Opuntia microdasys (Lehm.) Pfeiff.,,,Plantae,species
,1476105,,"Trichopoda pennipes (Fabricius, 1781)",,,Animalia,species
,5384048,,Opuntia macrorhiza Engelm.,,,Plantae,species
,5624922,,Opuntia scheeri F.A.C.Weber,,,Plantae,species
,7283955,,Opuntia pilifera F.A.C.Weber,,,Plantae,species
,5384035,,Opuntia tomentosa Salm-Dyck,,,Plantae,species
,5384075,,Opuntia stricta (Haw.) Haw.,,,Plantae,species
,1594748,,"Orseolia cynodontis Kieffer & Massalongo, 1902",,,Animalia,species
,4926899,,Rumex patientia subsp. orientalis (Bernh. ex Schult. & Schult.fil.) Danser,,,Plantae,subspecies
,2079533,,"Phoenicococcus marlatti Cockerell, 1899",,,Animalia,species
,2015337,,"Phylloplecta trisignata (Löw, 1886)",,,Animalia,species
,2060731,,"Ommatissus binotatus Fieber, 1875",,,Animalia,species
,2079151,,"Perillus bioculatus (Fabricius, 1775)",,,Animalia,species
,8357872,,"Ovaticoccus agavium (Douglas, 1888)",,,Animalia,species
,2031332,,"Scaphoideus rubroguttatus Matsumura, 1914",,,Animalia,species
,2043346,,"Psammotettix saxatilis Emeljanov, 1962",,,Animalia,species
,2020689,,"Stephanitis pyrioides (Scott, 1874)",,,Animalia,species
,2092051,,"Pulvinariella mesembryanthemi (Vallot, 1829)",,,Animalia,species
,8736348,,Saissetia oleae oleae,,,Animalia,subspecies
,2010931,,"Taylorilygus apicalis (Fieber, 1861)",,,Animalia,species
,6363958,,Silene apetala Willd.,,,Plantae,species
,9438488,,"Palmaspis degenerata (Russell, 1941)",,,Animalia,species
,8321919,,Silene bellidifolia Juss. ex Jacq.,,,Plantae,species
,7704162,,"Vryburgia amaryllidis (Bouche, 1837)",,,Animalia,species
,5588340,,Silene subconica Friv.,,,Plantae,species
,2093112,,"Vryburgia rimariae Tranfaglia, 1981",,,Animalia,species
,5587890,,Silene tridentata Desf.,,,Plantae,species
,7535588,,"Trochiscococcus speciosus (De Lotto, 1961)",,,Animalia,species
,2096479,,"Trionymus bambusae (Green, 1922)",,,Animalia,species
,7505952,,Silene pseudoatocion Desf.,,,Plantae,species
,7267967,,Silene vivianii Steud.,,,Plantae,species
,7566895,,Silene colorata Poir.,,,Plantae,species
,5584525,,Silene cinerea Desf.,,,Plantae,species
,5584616,,Silene chaetodonta Boiss.,,,Plantae,species
,2095555,,"Rhizoecus dianthi Green, 1926",,,Animalia,species
,2095578,,"Rhizoecus amorphophalli Betrem, 1940",,,Animalia,species
,2096282,,"Phenacoccus defectus Ferris, 1950",,,Animalia,species
,2096180,,"Phenacoccus madeirensis Green, 1923",,,Animalia,species
,9302212,,"Phenacoccus peruvianus Granara de Willink, 2007",,,Animalia,species
,2096072,,"Phenacoccus pumilus Kiritshenko, 1936",,,Animalia,species
,2092925,,"Pseudococcus comstocki (Kuwana, 1902)",,,Animalia,species
,2093294,,"Palmicultor palmarum (Ehrhorn, 1916)",,,Animalia,species
,7314232,,Paronychia arabica (L.) DC.,,,Plantae,species
,7512071,,Paronychia arabica subsp. cossoniana (J.Gay ex Coss.) Batt.,,,Plantae,subspecies
,5529030,,Paronychia suffruticosa (L.) DC.,,,Plantae,species
,3809068,,Ortegia hispanica L.,,,Plantae,species
,3812495,,Saponaria orientalis L.,,,Plantae,species
,2012147,,"Parabemisia myricae (Kuwana, 1927)",,,Animalia,species
,5384616,,Stellaria graminea L.,,,Plantae,species
,5587867,,Silene fuscata Brot.,,,Plantae,species
,5586522,,Silene lydia Boiss.,,,Plantae,species
,5586257,,Silene micropetala Lag.,,,Plantae,species
,5588576,,Silene disticha Willd.,,,Plantae,species
,7671800,,Silene catholica (L.) W.T.Aiton,,,Plantae,species
,2077940,,"Wahlgreniella arbuti (Davidson, 1910)",,,Animalia,species
,2071843,,"Utamphorophora humboldti (Essig, 1941)",,,Animalia,species
,2071528,,"Tinocallis saltans (Nevsky, 1929)",,,Animalia,species
,2071530,,"Tinocallis zelkowae (Takahashi, 1919)",,,Animalia,species
,2077119,,"Takecallis arundicolens (Clarke, 1903)",,,Animalia,species
,2077113,,"Takecallis arundinariae (Essig, 1917)",,,Animalia,species
,2077967,,"Pterochloroides persicae (Cholodkovsky, 1898)",,,Animalia,species
,3876121,,Rhamnus persicifolia Moris,,,Plantae,species
,6371380,,Rhamnus lycioides L.,,,Plantae,species
,6287826,,Spiraea douglasii subsp. menziesii (Hook.) Calder & Taylor,,,Plantae,subspecies
,3027166,,Spiraea douglasii subsp. douglasii,,,Plantae,subspecies
,5368602,,Potentilla pensylvanica L.,,,Plantae,species
,7272188,,Prunus cerasifera f. cerasifera,,,Plantae,form
,8380717,,Potentilla argyrophylla Wall.,,,Plantae,species
,2088435,,"Unaspis yanonensis (Kuwana, 1923)",,,Animalia,species
,2991799,,Rubus imbricatus Hort,,,Plantae,species
,8112343,,"Rutherfordia major (Cockerell, 1894)",,,Animalia,species
,3004247,,Rosa banksiae R.Br. ex Aiton,,,Plantae,species
,7663030,,"Pinnaspis strachani (Cooley, 1899)",,,Animalia,species
,2087921,,"Pseudoparlatoria ostreata Cockerell, 1892",,,Animalia,species
,2088910,,"Pseudaulacaspis cockerelli (Cooley, 1897)",,,Animalia,species
,5162324,,"Parlatoria blanchardi (Targioni Tozzetti, 1892)",,,Animalia,species
,5162239,,"Parlatoria crotonis Douglas, 1887",,,Animalia,species
,5162250,,"Parlatoria camelliae Comstock, 1883",,,Animalia,species
,8199629,,Saxifraga rosacea subsp. sponhemica (C.C.Gmel.) D.A.Webb,,,Plantae,subspecies
,5162210,,"Parlatoria theae Cockerell, 1896",,,Animalia,species
,5689712,,Sedum pachyphyllum Rose,,,Plantae,species
,5361995,,Sedum dendroideum Moc. & Sessé ex DC.,,,Plantae,species
,5690334,,Sedum multiceps Coss. & Durieu,,,Plantae,species
,6026701,,Tordylium aegyptiacum (L.) Lam.,,,Plantae,species
,3633363,,Tordylium lanatum (Boiss.) Boiss.,,,Plantae,species
,3635063,,Tordylium syriacum L.,,,Plantae,species
,3632368,,Torilis tenella (Delile) Rchb.fil.,,,Plantae,species
,1858100,,"Tinea pallescentella Stainton, 1851",,,Animalia,species
,1858173,,"Tinea murariella Staudinger, 1859",,,Animalia,species
,1855620,,"Psychoides filicivora (Meyrick, 1937)",,,Animalia,species
,7224170,,Smyrnium perfoliatum subsp. perfoliatum,,,Plantae,subspecies
,3637315,,Stoibrax dichotomum (L.) Raf.,,,Plantae,species
,1883124,,"Zebronia phenice Cramer, 1780",,,Animalia,species
,1882884,,"Pygospila tyres (Cramer, 1780)",,,Animalia,species
,7826488,,Pimpinella eriocarpa Banks & Sol.,,,Plantae,species
,5539193,,Pimpinella lutea Desf.,,,Plantae,species
,5538818,,Pimpinella puberula (DC.) Boiss.,,,Plantae,species
,1874959,,"Phycita diaphana Staudinger, 1870",,,Animalia,species
,3603047,,Papaver apulum Ten.,,,Plantae,species
,7611568,,Ranunculus caucasicus M.Bieb.,,,Plantae,species
,7866225,,Ranunculus macrophyllus Desf.,,,Plantae,species
,3920830,,Ranunculus cornutus DC.,,,Plantae,species
,4449499,,"Thaneroclerus buquet (Lefebvre, 1835)",,,Animalia,species
,1033851,,"Ptilodactyla exotica Chapin, 1927",,,Animalia,species
,5371666,,Styrax officinalis L.,,,Plantae,species
,8420127,,Primula auriculata Lam.,,,Plantae,species
,8347275,,Sitophilus linearis (Herbst),,,Animalia,species
,5640700,,Primula luteola Rupr.,,,Plantae,species
,1169710,,"Sphenophorus venatus (Say & T., 1832)",,,Animalia,species
,4291631,,"Sphenophorus venatus vestitus Chittenden, 1904",,,Animalia,subspecies
,5008491,,"Scyphophorus acupunctatus Gyllenhal, 1838",,,Animalia,species
,6997654,,"Stricticollis tobias De Marseul, 1879",,,Animalia,species
,4448825,,"Paratillus carus (Newman, 1840)",,,Animalia,species
,1034668,,"Somotrichus unifasciatus (Dejean, 1831)",,,Animalia,species
,7664343,,Rhododendron ponticum subsp. baeticum (Boiss. & Reut.) Hand.-Mazz.,,,Plantae,subspecies
,4471213,,"Somoplatus substriatus Dejean, 1829",,,Animalia,species
,4471211,,"Somoplatus fulvus Mulsant & Godart, 1867",,,Animalia,species
,1043955,,"Silvanus recticollis Reitter, 1876",,,Animalia,species
,1043910,,"Silvanoprus scuticollis (Walker, 1859)",,,Animalia,species
,3190563,,Rhus coriaria L.,,,Plantae,species
,6964183,,"Sphaericus pinguis (Wollaston, 1854)",,,Animalia,species
,4453287,,"Pharaxonotha kirschii Reitter, 1875",,,Animalia,species
,7602825,,"Serangium parcesetosum Sicard, 1929",,,Animalia,species
,5664506,,Viola lutea subsp. calaminaria (DC. ex Ging.) Nauenb.,,,Plantae,subspecies
,4990178,,"Olla v-nigrum (Mulsant, 1866)",,,Animalia,species
,5372638,,Salix ×pendulina Wender.,,,Plantae,species
,7266493,,Salix triandra subsp. triandra,,,Plantae,subspecies
,9466903,,"Pycnomerus inexspectus Jacquelin du Val, 1858",,,Animalia,species
,4451114,,"Thes bergrothi (Reitter, 1880)",,,Animalia,species
,4434183,,"Pachysternum capense (Mulsant, 1844)",,,Animalia,species
,4434330,,"Pelosoma lafertei Mulsant, 1844",,,Animalia,species
,4427065,,"Synanobium parmatum (Baudi di Selve, 1874)",,,Animalia,species
,1095559,,"Ptilineurus marmoratus (Reitter, 1877)",,,Animalia,species
,4452674,,"Xenostrongylus deyrollei Jacquelin DuVal, 1860",,,Animalia,species
,8058554,,Pinguicula crystallina Sm.,,,Plantae,species
,1044814,,"Saprinus lugens Erichson, 1834",,,Animalia,species
,1044680,,"Phelister rouzeti (Fairmaire, 1850)",,,Animalia,species
,1044520,,"Platylomalus gardineri (Scott, 1913)",,,Animalia,species
,1044998,,"Paromalus luderti Marseul, 1862",,,Animalia,species
,3171833,,Triphysaria pusilla (Benth.) T.I.Chuang & Heckard,,,Plantae,species
,6958000,,"Sericoderus brevicornis Matthews, 1890",,,Animalia,species
,1134912,,"Titoceres jaspideus (Audinet-Serville, 1835)",,,Animalia,species
,3172592,,Podranea ricasoliana (Tanfani) Sprague,,,Plantae,species
,1159172,,"Xylotrechus stebbingi Gahan, 1906",,,Animalia,species
,4739188,,"Xylotrechus grayii (White, 1855)",,,Animalia,species
,7914708,,Verbascum undulatum Lam.,,,Plantae,species
,1098597,,"Stromatium longicorne (Newman, 1842)",,,Animalia,species
,7472726,,Verbascum ovalifolium Donn.Sm. ex Sims,,,Plantae,species
,1114246,,"Phoracantha recurva Newman, 1840",,,Animalia,species
,3737033,,Verbascum pinnatifidum Vahl,,,Plantae,species
,1114140,,"Phoracantha semipunctata (Fabricius, 1775)",,,Animalia,species
,3736698,,Verbascum pyramidatum M.Bieb.,,,Plantae,species
,1104317,,"Pachydissus sericus Newman, 1838",,,Animalia,species
,3741755,,Verbascum arcturus L.,,,Plantae,species
,3739860,,Verbascum eriophorum Godr.,,,Plantae,species
,3740197,,Verbascum dentifolium Delile,,,Plantae,species
,3738156,,Verbascum longifolium Ten.,,,Plantae,species
,3738259,,Verbascum levanticum I.K.Ferguson,,,Plantae,species
,8085683,,Verbascum orientale (L.) All.,,,Plantae,species
,3737693,,Verbascum mucronatum Lam.,,,Plantae,species
,3739533,,Verbascum galilaeum Boiss.,,,Plantae,species
,3739361,,Verbascum gnaphalodes M.Bieb.,,,Plantae,species
,3739374,,Verbascum glomeratum Boiss.,,,Plantae,species
,1095977,,"Trogoderma inclusum LeConte, 1854",,,Animalia,species
,4427489,,"Sefrania bleusei Pic, 1899",,,Animalia,species
,2927452,,Phlomis fruticosa L.,,,Plantae,species
,7309074,,Scutellaria albida subsp. albida,,,Plantae,subspecies
,7428462,,Scutellaria albida L.,,,Plantae,species
,7723856,,Scutellaria columnae subsp. columnae,,,Plantae,subspecies
,7527453,,"Trigonogenius globosus Solier, 1849",,,Animalia,species
,3902859,,Satureja thymbra L.,,,Plantae,species
,2927041,,Salvia virgata Jacq.,,,Plantae,species
,2927066,,Salvia tiliifolia Vahl,,,Plantae,species
,7308150,,Salvia officinalis subsp. officinalis,,,Plantae,subspecies
,6411218,,"Salvia officinalis subsp. gallica (W.Lippert) Reales, D.Rivera & Obón",,,Plantae,subspecies
,6412283,,Salvia fruticosa Mill.,,,Plantae,species
,2927045,,Salvia microphylla Kunth,,,Plantae,species
,7308246,,Salvia nemorosa subsp. nemorosa,,,Plantae,subspecies
,3885967,,Salvia algeriensis Desf.,,,Plantae,species
,7498903,,Salvia barrelieri Etl.,,,Plantae,species
,5020124,,"Xyleborus peregrinus Eggers, 1944",,,Animalia,species
,8636797,,"Xylosandrus compactus (Eichhoff, 1875) Eichhoff, 1875",,,Animalia,species
,8152712,,"Xylosandrus crassiusculus Motschulsky, 1866",,,Animalia,species
,1232323,,"Xyloterinus politus (Say & T., 1826)",,,Animalia,species
,1216881,,"Xylosandrus morigerus Reitter, 1913",,,Animalia,species
,1241636,,"Phloeosinus rudis Blandford, 1894",,,Animalia,species
,7350179,,Veronica panormitana Tineo ex Guss.,,,Plantae,species
,1194863,,"Otiorhynchus corruptor (Host, 1790)",,,Animalia,species
,7343500,,Otiorhynchus corruptor corruptor,,,Animalia,subspecies
,3189738,,Plantago altissima L.,,,Plantae,species
,7845868,,Plantago squarrosa Murray,,,Plantae,species
,4440220,,"Teropalpus unicolor (Sharp, 1900)",,,Animalia,species
,4438698,,"Scopaeus testaceus (Motschulsky, 1858)",,,Animalia,species
,4438643,,"Scopaeus minutus Erichson, 1840",,,Animalia,species
,4436922,,Philonthus spinipes spinipes,,,Animalia,subspecies
,4444687,,"Paraphloeostiba gayndahensis (W.J.MacLeay, 1871)",,,Animalia,species
,8695310,,"Ulomoides dermestoides (Chevrolat, 1878)",,,Animalia,species
,4455525,,"Zophosis minuta (Fabricius, 1775)",,,Animalia,species
,4454765,,"Opatrum emarginatum Lucas, 1846",,,Animalia,species
,5385959,,Volutaria muricata (L.) Maire,,,Plantae,species
,7716948,,Xanthium albinum (Widder) H.Scholz & Sukopp,,,Plantae,species
,7066519,,Xanthium orientale subsp. orientale,,,Plantae,subspecies
,9916365,,Xanthium orientale x Xanthium strumarium,,,Plantae,species
,3089185,,Xanthium pungens Wallr.,,,Plantae,species
,1048600,,"Zabrotes subfasciatus (Bohemann, 1833)",,,Animalia,species
,3104192,,Tripleurospermum caucasicum (Willd.) Hayek,,,Plantae,species
,3104242,,Tripleurospermum disciforme (C.A.Mey.) Sch.Bip.,,,Plantae,species
,3144442,,Thymophylla tenuiloba (DC.) Small,,,Plantae,species
,5752246,,"Pseudopachymerina spinipes (Erichson, 1834)",,,Animalia,species
,7222842,,Tragopogon pratensis subsp. pratensis,,,Plantae,subspecies
,6247411,,"Vespa velutina nigrithorax Buysson, 1905",,,Animalia,subspecies
,4492820,,"Plastanoxus laevis (Ashmead, 1893)",,,Animalia,species
,1398877,,"Trichogramma perkinsi Girault, 1912",,,Animalia,species
,1398961,,"Trichogramma achaeae Nagaraja & Nagarkatti, 1970",,,Animalia,species
,3099017,,Zoegea leptaurea L.,,,Plantae,species
,3125895,,Sigesbeckia serrata DC.,,,Plantae,species
,4233868,,Senecio glaucus subsp. coronopifolius (Maire) C.Alexander,,,Plantae,subspecies
,4224654,,Senecio odontophyllus C.Jeffrey,,,Plantae,species
,7223016,,Senecio squalidus subsp. squalidus,,,Plantae,subspecies
,8310168,,Senecio squalidus subsp. rupestris (Waldst. & Kit.) Greuter,,,Plantae,subspecies
,7954775,,Soliva stolonifera (Brot.) Loudon,,,Plantae,species
,3151670,,Symphyotrichum ×amethystinum (Nutt.) G.L.Nesom,,,Plantae,species
,5394595,,Taraxacum pulcherrimum H.Lindb.,,,Plantae,species
,5695779,,Taraxacum reichlingii Soest,,,Plantae,species
,5394205,,Taraxacum lambinonii Soest,,,Plantae,species
,3118284,,Tanacetum cinerariifolium (Trevis.) Sch.Bip.,,,Plantae,species
,3118616,,Tanacetum coccineum (Willd.) Grierson,,,Plantae,species
,6076180,,Ptilostemon gnaphaloides subsp. gnaphaloides,,,Plantae,subspecies
,8279446,,Ptilostemon gnaphaloides (Cirillo) Soják,,,Plantae,species
,3095636,,Pulicaria laciniata (Coss. & Kralik) Thell.,,,Plantae,species
,5385648,,Reichardia tingitana (L.) Roth,,,Plantae,species
,3141665,,Roldana petasitis (Sims) H.Rob. & Brettell,,,Plantae,species
,1323493,,"Tetramorium caldarium (Roger, 1857)",,,Animalia,species
,5705411,,Rudbeckia drummondii Paxton,,,Plantae,species
,7223144,,Rudbeckia hirta var. hirta,,,Plantae,variety
,5403745,,Scolymus grandiflorus Desf.,,,Plantae,species
,3133534,,Scorzoneroides muelleri (Sch.Bip.) Greuter & Talavera,,,Plantae,species
,3133540,,Scorzoneroides salzmannii (Sch.Bip.) Greuter & Talavera,,,Plantae,species
,5830957,,Scorzonera undulata subsp. deliciosa (Guss.) Maire,,,Plantae,subspecies
,3111077,,Scorzonera undulata Vahl,,,Plantae,species
,1322635,,"Pheidole megacephala (Fabricius, 1793)",,,Animalia,species
,3133475,,Scorzoneroides hispidula (Delile) Greuter & Talavera,,,Plantae,species
,1320787,,"Plagiolepis alluaudi Emery, 1894",,,Animalia,species
,3133485,,Scorzoneroides laciniata (Bertol.) Greuter,,,Plantae,species
,3106784,,Senecio deltoideus Less.,,,Plantae,species
,3108685,,Senecio glaucus L.,,,Plantae,species
,8419686,,Senecio glastifolius L.fil.,,,Plantae,species
,3109039,,Senecio aegyptius L.,,,Plantae,species
,3088296,,Petasites paradoxus (Retz.) Baumg.,,,Plantae,species
,3093358,,Picris cupuligera (Durand) Walp.,,,Plantae,species
,3093372,,Picris scaberrima Guss. ex Ten.,,,Plantae,species
,3123129,,Pilosella alpicola (Hoppe) F.W.Schultz & Sch.Bip.,,,Plantae,species
,3123342,,Pilosella arida (Freyn) Soják,,,Plantae,species
,3123563,,Pilosella frigidaria (Nägeli & Peter) Soják,,,Plantae,species
,3123426,,Pilosella laggeri (Rchb.fil.) F.W.Schultz & Sch.Bip.,,,Plantae,species
,3122922,,Pilosella pseudopilosella (Ten.) Soják,,,Plantae,species
,7866490,,Pilosella pseudotrichodes (Zahn) Soják,,,Plantae,species
,5405261,,Olearia paniculata (J.R.Forst. & G.Forst.) Druce,,,Plantae,species
,5405000,,Olearia macrodonta Baker,,,Plantae,species
,3094918,,Onopordum corymbosum Willk.,,,Plantae,species
,9406121,,"Thripoctenus javae (Girault, 1917)",,,Animalia,species
,1382880,,"Quadrastichodella nova Girault, 1922",,,Animalia,species
,1385478,,"Ophelimus maskelli (Ashmead, 1900)",,,Animalia,species
,1391579,,"Paracarotomus cephalotes Ashmead, 1894",,,Animalia,species
,9557191,,"Trioxys remaudierei Starý & Rakhshani, 2017",,,Animalia,species
,1261955,,"Psyttalia concolor (Szepligeti, 1910)",,,Animalia,species
,1265457,,"Pauesia cedrobii Stary & Leclant, 1977",,,Animalia,species
,1373130,,"Tetracnemoidea peregrina (Compere, 1939)",,,Animalia,species
,1373139,,"Tetracnemoidea brevicornis (Girault, 1915)",,,Animalia,species
,1379021,,"Plagiomerus diaspidis Crawford, 1910",,,Animalia,species
,1376879,,"Psyllaephagus pilosus Noyes, 1988",,,Animalia,species
,1376899,,"Psyllaephagus bliteus Riek, 1962",,,Animalia,species
,3191384,,Polygala curtissii A.Gray,,,Plantae,species
,3191402,,Polygala myrtifolia L.,,,Plantae,species
,2974959,,Vicia leucantha Biv.,,,Plantae,species
,7068363,,Vicia monantha subsp. monantha,,,Plantae,subspecies
,3974754,,Vachellia karroo (Hayne) Banfi & Galasso,,,Plantae,species
,2979265,,Vachellia farnesiana (L.) Wight & Arn.,,,Plantae,species
,2951986,,Ulex europaeus subsp. latebracteatus (Mariz) Rothm.,,,Plantae,subspecies
,3975311,,Ulex ×breoganii (Castrov. & Valdés Berm.) Castrov. & Valdés Berm.,,,Plantae,species
,5359185,,Trifolium phleoides Pourr. ex Willd.,,,Plantae,species
,5359409,,Trifolium mutabile Port.,,,Plantae,species
,5359138,,Trifolium latinum Sebast.,,,Plantae,species
,5360521,,Trigonella capitata Boiss.,,,Plantae,species
,5360431,,Trigonella anguina Delile,,,Plantae,species
,5359426,,Trifolium setiferum Boiss.,,,Plantae,species
,5359261,,Trifolium cinctum DC.,,,Plantae,species
,5359341,,Trifolium infamia-ponertii Greuter,,,Plantae,species
,5359085,,Trifolium grandiflorum Schreb.,,,Plantae,species
,5358692,,Trifolium globosum L.,,,Plantae,species
,5358988,,Trifolium boissieri Guss.,,,Plantae,species
,7671615,,Trifolium argutum Banks & Sol.,,,Plantae,species
,5633870,,Trifolium bicorne Forssk.,,,Plantae,species
,5360483,,Trigonella geminiflora Bunge,,,Plantae,species
,5360467,,Trigonella hamosa L.,,,Plantae,species
,5360397,,Trigonella laciniata L.,,,Plantae,species
,5360519,,Trigonella macroglochin Durieu,,,Plantae,species
,5360410,,Trigonella spicata Sm.,,,Plantae,species
,2970728,,Sesbania punicea (Cav.) Benth.,,,Plantae,species
,7224663,,Ononis spinosa subsp. spinosa,,,Plantae,subspecies
,2972545,,Onobrychis aequidentata (Sm.) d'Urv.,,,Plantae,species
,2972849,,Onobrychis crista-galli (L.) Lam.,,,Plantae,species
,2943719,,Paraserianthes lophantha (Willd.) I.C.Nielsen,,,Plantae,species
,7311075,,Tilia platyphyllos subsp. platyphyllos,,,Plantae,subspecies
,2684184,,Tetraclinis articulata (Vahl) Mast.,,,Plantae,species
,5285165,,Pinus pinea L.,,,Plantae,species
,3176787,,Eucalyptus globulus Labill.,,,Plantae,species
,5946555,,Periballia laevis (Brot.) Asch. & Graebn.,,,Plantae,species
,1257577,,"Yelicones delicatus (Cresson, 1872)",,,Animalia,species
,2227673,,"Panopeus sayi Smith, 1869",,,Animalia,species
,9916388,,Crepis juvenalis (Del.) Sch.Bip.,,,Plantae,species
,5384390,,Amaranthus cruentus L.,,,Plantae,variety
,3129000,,Centaurea iberica Trevir. ex Spreng.,,,Plantae,species
,4212183,,Carduus numidicus Coss. & Durieu,,,Plantae,subspecies
,2965093,,Retama sphaerocarpa Boiss.,,,Plantae,species
,2630581,,"Achnanthes subhudsonis Hustedt, 1921",,,Chromista,species
,8077957,,"Anaulacus mocquerysi (Chaudoir, 1878)",,,Animalia,species
,7539639,,Euphrasia vernalis List,,,Plantae,subspecies
,3899518,,Ziziphora aragonensis Pau,,,Plantae,species
,1417300,,"Nosopsyllus londiniensis (Rothschild, 1903)",,,Animalia,species
,2703872,,Leptochloa panicea (Retz.) Ohwi,,,Plantae,species
,3589175,,Aristolochia sempervirens L.,,,Plantae,species
,5360382,,Trigonella astroides Fisch. & C.A.Mey.,,,Plantae,species
,2965412,,Medicago constricta Durieu,,,Plantae,species
,3812223,,Minuartia montana L.,,,Plantae,subspecies
,2702084,,Juncus tenuis Willd.,,,Plantae,variety
,3128640,,Centaurea sicula L.,,,Plantae,species
,7702345,,Neocupropsis ×notabilis (A.F.Mitchell) de Laub.,,,Plantae,species
,7707872,,Aconitum napellus subsp. lusitanicum Rouy,,,Plantae,variety
,2701831,,Juncus dudleyi Wiegand,,,Plantae,subspecies
,5356841,,Lotus subbiflorus Lag.,,,Plantae,species
,2965354,,Medicago falcata L.,,,Plantae,subspecies
,2965524,,Medicago glomerata Balb.,,,Plantae,subspecies
,,,Atriplex sagittata Bkh.,,,Plantae,species
,7858325,,Gypsophila capillaris C.Chr.,,,Plantae,species
,3815777,,Psammophiliella tubulosa (Jaub. & Spach) Ikonn.,,,Plantae,species
,4145401,,Stipa ambigua Speg.,,,Plantae,species
,,,"Euchoplopsyllus glacialis (Taschenberg, 1880)",,,Animalia,species
,,,"Euchoplopsyllus glacialis (Taschenberg, 1880)",,,Animalia,subspecies
,7985821,,Panicum acuminatum Sw.,,,Plantae,variety
,8305028,,Centaurea phrygia L.,,,Plantae,subspecies
,3756077,,Chenopodium giganteum D.Don,,,Plantae,subspecies
,3034523,,Caucalis platycarpos L.,,,Plantae,variety
,4140747,,Stipa gigantea Link,,,Plantae,species
,3138347,,Carduncellus pinnatus DC.,,,Plantae,species
,4154191,,Bromus pumpellianus Scribn.,,,Plantae,species
,8295887,,Aconitum degenii Gayer,,,Plantae,subspecies
,7323250,,Amaranthus emarginatus Salzm. ex Uline & W.L.Bray,,,Plantae,subspecies
,8911082,,Amaranthus blitum L.,,,Plantae,variety
,5662213,,Anchusa hybrida Ten.,,,Plantae,species
,9511618,,Babiana nervosa (Lam.) Goldblatt & J.C.Manning,,,Plantae,species
,4139971,,Phleum crypsoides (d'Urv.) Hack.,,,Plantae,species
,2287073,,"Dreissena bugensis (Andrusov, 1897)",,,Animalia,subspecies
,5371685,,Caltha palustris L.,,,Plantae,species
,7985821,,Panicum acuminatum Sw.,,,Plantae,species
,7335777,,Doryopteris raddiana (Pr.) F,,,Plantae,species
,3040955,,Litwinowia tenuissima (Pall.) Woronow ex Pavlov,,,Plantae,species
,8106874,,Euphrasia officinalis L.,,,Plantae,subspecies
,2716226,,Cyperus esculentus L.,,,Plantae,variety
,5354626,,Cytisus balansae (Boiss.) Ball,,,Plantae,species
,5679060,,Vulpia delicatula Dumort.,,,Plantae,species
,5678925,,Vulpia pectinella Boiss.,,,Plantae,species
,5679065,,Vulpia cynosuroides (Desf.) Parl.,,,Plantae,species
,3596501,,Cistus laurifolius L.,,,Plantae,subspecies
,5219173,,"Canis lupus Linnaeus, 1758",,,Animalia,species
,4563775,,"Marmorana muralis (O.F.Müller, 1774)",,,Animalia,subspecies
,7661485,,Malva davaei (Cout.) Valdés,,,Plantae,species
,3084842,,Carpobrotus edulis N.E.Br.,,,Plantae,variety
,7529508,,"Cymbella oahuensis Hustedt, 1942",,,Chromista,species
,2705378,,Eragrostis curvula Nees,,,Plantae,species
,2703436,,Stipa brachychaeta Godr.,,,Plantae,species
,3034741,,Daucus pusillus Michx.,,,Plantae,species
,3064221,,Euphorbia serpens Kunth,,,Plantae,variety
,4531354,,"Aphomia sabella (Hampson, 1901)",,,Animalia,species
,8707933,,Mentha piperita L.,,,Plantae,subspecies
,9397635,,Hypertelis cerviana (L.) Thulin,,,Plantae,species
,1155177,,"Stizocera spinicornis (Fairmaire, 1864)",,,Animalia,species
,5602738,,Colletia paradoxa (Spreng.) Escalante,,,Plantae,species
,5046769,,"Chrysonotomyia chamaeleon (Girault, 1922)",,,Animalia,species
,5349967,,Securigera cretica (L.) Lassen,,,Plantae,species
,7340011,,Corispermum declinatum Steph. ex Steven,,,Plantae,species
,2705339,,Eragrostis mexicana Link,,,Plantae,species
,4036422,,Fagopyrum acutatum Mansf. ex K.Hammer,,,Plantae,species
,2747079,,Freesia leichtlinii Klatt,,,Plantae,species
,2855356,,Galanthus nivalis L.,,,Plantae,variety
,2227004,,"Orconectes immunis (Hagen, 1870)",,,Animalia,species
,3115793,,Filago pygmaea L.,,,Plantae,species
,5329324,,Najas marina L.,,,Plantae,subspecies
,2704468,,Stipa tenacissima L.,,,Plantae,species
,3067869,,Euphorbia chamaesyce L.,,,Plantae,subspecies
,3189809,,Aesculus carnea Hayne,,,Plantae,species
,2704474,,Stipa papposa Nees,,,Plantae,species
,4138203,,Aegilops mutica Boiss.,,,Plantae,species
,4138203,,Aegilops mutica Boiss.,,,Plantae,variety
,5889643,,"Bursaphelenchus mucronatus Mamiya & Enda, 1979",,,Animalia,species
,6027094,,Bupleurum fruticescens L.,,,Plantae,species
,3093911,,Hypochaeris glabra L.,,,Plantae,species
,3140450,,Cicerbita macrophylla Wallr.,,,Plantae,subspecies
,2890098,,Geranium core-core Steud.,,,Plantae,species
,2959443,,Gleditsia triacanthos L.,,,Plantae,variety
,3176368,,Eucalyptus pauciflora Spreng.,,,Plantae,species
,7941075,,Lappula patula Asch. ex Gürke,,,Plantae,species
,2702816,,Echinochloa muricata (P.Beauv.) Fernald,,,Plantae,variety
,7935638,,"Atheta pasadenae Bernhauer, 1906",,,Animalia,species
,10335441,,"Bledius dilutipennis Motschulsky, 1858",,,Animalia,species
,10638056,,"Exaiptasia diaphana (Rapp, 1829)",,,Animalia,species
,4154174,,Bromus pumilio (Trin.) P.M.Sm.,,,Plantae,species
,8206984,,"Navicula mitigata Hustedt, 1966",,,Chromista,species
,3188708,,Ammannia robusta Heer ex Regel,,,Plantae,species
,5298190,,Iris lutescens Lam.,,,Plantae,subspecies
,2096559,,"Trionymus angustifrons Hall, 1926",,,Animalia,species
,2441054,,"Capra pyrenaica Schinz, 1838",,,Animalia,subspecies
,7278899,,Malva aegyptia L.,,,Plantae,species
,5384361,,Amaranthus bouchonii Thell.,,,Plantae,subspecies
,5384359,,Amaranthus powellii S.Watson,,,Plantae,variety
,5384364,,Amaranthus hybridus L.,,,Plantae,variety
,3135940,,Hieracium patens Bartl.,,,Plantae,species
,8387962,,"Lepidosaphes ulmi (Linnaeus, 1758)",,,Animalia,species
,5376643,,Lepidium strictum (S.Watson) Rattan,,,Plantae,species
,5538643,,Thapsia tenuifolia Lag.,,,Plantae,species
,6476218,,"Diversibipalium multilineaum (Makino & Shirasawa, 1983)",,,Animalia,species
,7674113,,Achillea odorata L.,,,Plantae,species
,1045862,,"Gnathocerus maxillosus (Fabricius, 1810)",,,Animalia,species
,3013739,,Crataegus azarolus L.,,,Plantae,variety
,3129010,,Centaurea diluta Ait.,,,Plantae,species
,4293134,,"Neoclytus acuminatus (Fabricius, 1775)",,,Animalia,subspecies
,4117607,,Agrostis reuteri Boiss.,,,Plantae,species
,2706457,,Agrostis nebulosa Bourg. ex Reut. & Lange,,,Plantae,species
,2705503,,Glyceria striata (Lam.) Hitchc.,,,Plantae,subspecies
,3103209,,Gamochaeta purpurea (L.) Cabrera,,,Plantae,species
,5377064,,Lepidium densiflorum Schrad.,,,Plantae,subspecies
,7294644,,Nonea pulla DC.,,,Plantae,species
,1136138,,"Pachyta quadrimaculata (Linnaeus, 1758)",,,Animalia,species
,5354609,,Cytisus reverchonii (Degen & Herv.) Bean,,,Plantae,subspecies
,2703243,,Hyparrhenia hirta Stapf,,,Plantae,species
,9188840,,Epilobium ciliatum Raf.,,,Plantae,variety
,8010581,,Diplachne fusca (L.) Roem. & Schult.,,,Plantae,variety
,2703872,,Leptochloa panicea (Retz.) Ohwi,,,Plantae,subspecies
,3120275,,Achillea arabica Kotschy.,,,Plantae,species
,7323250,,Amaranthus emarginatus Salzm. ex Uline & W.L.Bray,,,Plantae,variety
,3741449,,Antirrhinum antirrhiniflorum (Humb. & Bonpl. ex Willd.) Hitchc.,,,Plantae,species
,3807496,,Cerastium tenoreanum Ser.,,,Plantae,subspecies
,4252828,,Osteospermum moniliferum L.,,,Plantae,subspecies
,3665866,,Oenothera rubricalyx R.R.Gates,,,Plantae,form
,5421039,,Ludwigia grandiflora (Michx.) Greuter & Burdet,,,Plantae,subspecies
,1197637,,"Mascarauxia cyrtica Desbrochers, 1899",,,Animalia,species
,7645117,,Kickxia dentata (Vahl) D.A.Sutton,,,Plantae,species
,2896392,,Mericarpaea ciliata (Banks & Sol.) Eig,,,Plantae,species
,3130909,,Otospermum glabrum Willk.,,,Plantae,species
,3042291,,Hesperis matronalis L.,,,Plantae,subspecies
,5376542,,Lepidium linifolium (Desv.) Steud.,,,Plantae,species
,3641441,,Daucus guttatus Sibth. & Sm.,,,Plantae,species
,4252828,,Osteospermum moniliferum L.,,,Plantae,species
,5383936,,Bassia scoparia (L.) A.J.Scott,,,Plantae,variety
,1853037,,"Batrachedra knabi Walsingham, 1909",,,Animalia,species
,3144627,,Brachyscome perpusilla J.M.Black,,,Plantae,species
,7267926,,Rhodalsine geniculata Williams,,,Plantae,species
,4544778,,"Phytoptus pyri Pagenstecher, 1857",,,Animalia,species
,3050763,,Zuvanda crenulata (DC.) R.K.Askerova,,,Plantae,species
,2858909,,Narcissus jonquilla L.,,,Plantae,subspecies
,2704068,,Brachiaria eruciformis (Sm.) Griseb.,,,Plantae,species
,1325436,,"Paratrechina vividula (Nylander, 1846)",,,Animalia,species
,4088958,,Limonium thouinii Kuntze,,,Plantae,species
,2773055,,Ornithogalum boucheanum Asch.,,,Plantae,species
,7908015,,Eucalyptus albens Miq.,,,Plantae,species
,3924146,,Anemone pavonina Lam.,,,Plantae,subspecies
,2724120,,Carex praecox Schreb.,,,Plantae,subspecies
,4140116,,Cutandia divaricata Benth.,,,Plantae,species
,3760811,,Chenopodium trigonon Roem. & Schult.,,,Plantae,species
,2410037,,"Dicologlossa hexophthalma (Bennett, 1831)",,,Animalia,species
,5353722,,Hippocrepis areolata Desv.,,,Plantae,species
,3103817,,Matricaria aurea Sch.Bip.,,,Plantae,species
,5277464,,Polysiphonia setacea Hollenb.,,,Plantae,species
,5421668,,Odontella sinensis (Grev.) Grunow,,,Chromista,species
,3193505,,"Ethmodiscus punctiger Castracane, 1886",,,Chromista,species
,7792557,,Tulipa agenensis Redouté,,,Plantae,species
,2286719,,"Musculium transversum (Say, 1829)",,,Animalia,species
,2767432,,Scilla peruviana L.,,,Plantae,species
,5674542,,Vulpia fasciculata Sampaio,,,Plantae,species
,2706414,,Triticum compactum Host,,,Plantae,subspecies
,9478836,,Sporobolus pumilus (Roth) P.M.Peterson & Saarela,,,Plantae,species
,9393876,,Sporobolus townsendii (H.Groves & J.Groves) P.M.Peterson & Saarela,,,Plantae,species
,9637373,,Sporobolus versicolor (Fabre) P.M.Peterson & Saarela,,,Plantae,species
,5289686,,Setaria verticillata (L.) P.Beauv.,,,Plantae,variety
,2704688,,Puccinellia distans Parl.,,,Plantae,species
,2705735,,Oplismenus undulatifolius (Ard.) Roemer & Schultes,,,Plantae,species
,9925534,,"Pterocleidus acer (Mueller, 1936) Mueller, 1937",,,Animalia,species
,2505272,,"Haplocleidus dispar (Mueller, 1936) Mueller, 1937",,,Animalia,species
,2705144,,Panicum dichotomiflorum Michx.,,,Plantae,variety
,7705930,,"Sus scrofa Linnaeus, 1758",,,Animalia,species
,2891707,,Oxalis debilis Kunth,,,Plantae,variety
,5372379,,Vitis cinerea (Engelm.) Millardet,,,Plantae,species
,3152820,,Platanus occidentalis L.,,,Plantae,variety
,9609002,,Pelargonium zonale L'Hér.,,,Plantae,species
,7519113,,Ipomoea rubriflora O'Donell,,,Plantae,species
,2932144,,Solanum physalifolium Rusby,,,Plantae,variety
,2931480,,Solanum nudum Humb. & Bonpl. ex Dunal,,,Plantae,species
,2932872,,Solanum decipiens Opiz,,,Plantae,subspecies
,1028997,,"Bradleystrandesia reticulata (Zaddach, 1844)",,,Animalia,species
,1015466,,"Muyudesmus obliteratus Kraus, 1960",,,Animalia,species
,4095840,,Valerianella oxyrrhyncha Fisch. & C.A.Mey.,,,Plantae,species
,9534856,,Ceropegia mixta (Masson) Bruyns,,,Plantae,species
,2223427,,"Marsupenaeus japonicus (Bate, 1888)",,,Animalia,species
,2223838,,"Farfantepenaeus aztecus (Ives, 1891)",,,Animalia,species
,8721209,,"Faxonius juvenilis (Hagen, 1870)",,,Animalia,species
,2928366,,Wigandia urens Kunth,,,Plantae,species
,4063393,,Cynoglossum mathezii Greuter & Burdet,,,Plantae,species
,7621706,,Rochelia disperma (L.fil.) C.Koch,,,Plantae,species
,2130398,,"Stigmaeopsis celarius Banks, 1917",,,Animalia,species
,3044318,,Descurainia sophia (L.) Prantl,,,Plantae,species
,1419435,,"Xenopsylla cheopis (Rothschild, 1903)",,,Animalia,subspecies
,7282135,,Austrocylindropuntia subulata (Engelm.) Backeb.,,,Plantae,species
,3952070,,Cylindropuntia spinosior (Engelm.) F.M.Knuth,,,Plantae,species
,7282509,,Cylindropuntia rosea (DC.) Backeb.,,,Plantae,species
,3959448,,Consolea macracantha A.Berger,,,Plantae,species
,5651892,,Polygonum brasiliense K.Koch,,,Plantae,species
,1596189,,"Cecidomyia sorghicola (Coquillett, 1899)",,,Animalia,species
,5153690,,"Powellia vitreoradiata Maskell, 1879",,,Animalia,species
,9465030,,Nitrosalsola vermiculata (L.) Theodorova,,,Plantae,species
,2047706,,"Stragania apicalis Osborn & Ball, 1898",,,Animalia,species
,8111132,,Silene wolgensis Otth,,,Plantae,species
,8357176,,Silene gallinyi Heuff. ex Rchb.,,,Plantae,species
,5584307,,Silene crassipes Fenzl,,,Plantae,species
,7738796,,Silene rubella L.,,,Plantae,species
,2096494,,"Trionymus lumpurensis Takahashi, 1951",,,Animalia,species
,7314232,,Paronychia arabica DC.,,,Plantae,species
,2071589,,"Sarucallis kahawaluokalani (Kirkaldy, 1907)",,,Animalia,species
,4485136,,"Aphis aurantii Fonscolombe, 1841",,,Animalia,subspecies
,4485136,,"Aphis aurantii Fonscolombe, 1841",,,Animalia,species
,7867604,,Rhamnus oleoides L.,,,Plantae,subspecies
,9478021,,Karpatiosorbus hybrida (Bechst.) Sennikov & Kurtto,,,Plantae,species
,3753098,,Saxifraga cymbalaria L.,,,Plantae,variety
,5362012,,Sedum praealtum A.DC.,,,Plantae,subspecies
,7827848,,Perideridia americana Rchb.,,,Plantae,species
,3040227,,Populus nigra L.,,,Plantae,subspecies
,3729265,,Phelipanche aegyptiaca Pomel,,,Plantae,species
,3733985,,Orobanche cumana Wallr.,,,Plantae,subspecies
,5003949,,"Graphisurus fasciatus (Degeer, 1775)",,,Animalia,species
,7613011,,Verbascum gloeotrichum Hausskn. & Heldr. ex Hausskn.,,,Plantae,species
,3740375,,Verbascum creticum (L.) Cav.,,,Plantae,species
,7771173,,Lamium orientale E.H.L.Krause,,,Plantae,species
,3894144,,Origanum paniculatum Koch,,,Plantae,species
,8022932,,Plantago lagopus L.,,,Plantae,variety
,7797176,,Volutaria lippii Cass.,,,Plantae,species
,3147913,,Verbesina encelioides (Cav.) A.Gray,,,Plantae,species
,7997328,,Leontodon taraxacoides Hoppe & Hornsch.,,,Plantae,species
,3118514,,Tanacetum partheniifolium Sch.Bip.,,,Plantae,variety
,3123056,,Pilosella fallacina (F.W.Schultz) F.W.Schultz,,,Plantae,species
,3123524,,Pilosella pilosellina (F.W.Schultz) Soják,,,Plantae,species
,3149837,,Podachaenium eminens Baill.,,,Plantae,species
,3089146,,Xanthium orientale L.,,,Plantae,subspecies
,5386431,,Hippia pilosa Druce,,,Plantae,species
,7553621,,"Pseudoligosita distincta (Silvestri, 1915)",,,Animalia,species
,6405265,,Trifolium philistaeum Zohary.,,,Plantae,species
,6109535,,Trifolium hybridum L.,,,Plantae,variety
,5360444,,Trigonella spruneriana Boiss.,,,Plantae,species
,2971081,,Melilotus speciosus Durieu,,,Plantae,species
,5359058,,Trifolium juliani Batt.,,,Plantae,species
,5358909,,Trifolium tenuifolium Ten.,,,Plantae,variety
,2975416,,Vicia monantha Retz.,,,Plantae,subspecies
,2684191,,Taxodium distichum Rich.,,,Plantae,species
,8019265,,"Thecadinium yashimaense Yoshimatsu, Toriumi & J.D.Dodge",,,Chromista,species
,4288870,,"Prostoma graecense (Böhmig, 1892)",,,Animalia,species
,2501066,,"Paratenuisentis ambiguus (Van Cleave, 1921)",,,Animalia,species
,9355965,,"Thalassiosira punctigera Castracane, 1886",,,Chromista,species
,1003588,,"Plumatella casmiana Oka, 1907",,,Animalia,species
,4411357,,"Limnias ceratophylli Schrank, 1803",,,Animalia,species
,4411360,,"Limnias melicerta Weisse, 1848",,,Animalia,species
,1001461,,"Lepadella triptera (Ehrenberg, 1832)",,,Animalia,species
,5258630,,Geopora sumneriana (Cooke ex W.Phillips) M.Torre,,,Fungi,species
,5181767,,"Eunapius carteri (Bowerbank, 1863)",,,Animalia,species
,5260284,,Massaria anomia (Fr.) Petr.,,,Fungi,species
,3445098,,"Sirococcus tsugae Castl., D.F.Farr & Stanosz",,,Fungi,species
,2567763,,Diaporthe oncostoma (Duby) Fuckel,,,Fungi,species
,9378152,,Claviceps purpurea (Fr.) Tul.,,,Fungi,species
,5256879,,Trochila laurocerasi (Desm.) Fr.,,,Fungi,species
,2582489,,Ascotremella faginea (Peck) Seaver,,,Fungi,species
,2512845,,Cerinomyces pallidus G.W.Martin,,,Fungi,species
,2307946,,"Helobdella punctatolineata Moore, 1939",,,Animalia,species
,5740042,,"Piscicola haranti Jarry, 1960",,,Animalia,species
,7477265,,Leptophascum leptophyllum (Müll.Hal.) J.Guerra & M.J.Cano,,,Plantae,species
,5280281,,Didymodon umbrosus (Müll.Hal.) R.H.Zander,,,Plantae,species
,8256670,,"Cambarincola mesochoreus Hoffman, 1963",,,Animalia,species
,5238449,,Ramaria rubripermanens Marr & D.E.Stuntz,,,Fungi,species
,3352061,,Phallogaster saccatus Morgan,,,Fungi,species
,5275686,,Porphyra yezoensis,,,Plantae,species
,2554331,,Geastrum smardae V.J.Stanĕk,,,Fungi,species
,2554374,,Geastrum corollinum (Batsch) Hollós,,,Fungi,species
,9023403,,Compsopogon coeruleus (Balb. ex C.Agardh) Mont.,,,Plantae,species
,5239471,,Mutinus elegans (Mont.) E.Fisch.,,,Fungi,species
,8525392,,Typhula spathulata (Corner) Berthier,,,Fungi,species
,6095788,,Mycena alphitophora (Berk.) Sacc.,,,Fungi,species
,2688214,,Selaginella apoda (L.) Spring,,,Plantae,species
,2536182,,Mycenastrum corium (Guers.) Desv.,,,Fungi,species
,5453425,,Lycoperdon marginatum Vittad.,,,Fungi,species
,8595864,,Laccaria fraterna (Sacc.) Pegler,,,Fungi,species
,2538084,,Omphalotus illudens (Schwein.) Bresinsky & Besl,,,Fungi,species
,10557629,,Stropharia rugosoannulata var. exima (Benedix) Kreisel,,,Fungi,variety
,4374771,,"Unio mancus Lamarck, 1819",,,Animalia,species
,2533717,,Gymnopilus purpuratus (Cooke & Massee) Singer,,,Fungi,species
,4561966,,"Theodoxus danubialis (C.Pfeiffer, 1828)",,,Animalia,species
,4562023,,"Theodoxus transversalis (C.Pfeiffer, 1828)",,,Animalia,species
,5239938,,Scleroderma cepa Pers.,,,Fungi,species
,5239850,,Suillus amabilis (Peck) Singer,,,Fungi,species
,2524222,,Rhizopogon villosulus Zeller,,,Fungi,species
,5329340,,Najas marina var. intermedia (Wolfg. ex Gorski) Rendle,,,Plantae,variety
,5240180,,Coniophora prasinoides (Bourdot & Galzin) Bourdot & Galzin,,,Fungi,species
,5329570,,Hydrilla verticillata (L.f.) Royle,,,Plantae,species
,2773055,,Ornithogalum boucheanum (Kunth) Asch.,,,Plantae,species
,9844879,,"Planorbella anceps (Menke, 1830)",,,Animalia,species
,2291156,,Ferrissia parallela (Haldeman),,,Animalia,species
,5784529,,"Biomphalaria camerunensis (C.R.Boettger, 1941)",,,Animalia,species
,8142380,,"Biomphalaria straminea (Dunker, 1848)",,,Animalia,species
,8754711,,"Zebrina varnensis (L.Pfeiffer, 1847)",,,Animalia,species
,7227592,,Leucojum aestivum subsp. aestivum,,,Plantae,subspecies
,2702056,,Juncus vaginatus R.Br.,,,Plantae,species
,7519654,,"Deroceras klemmi Grossu, 1972",,,Animalia,species
,2711288,,Schoenoplectus litoralis (Schrad.) Palla,,,Plantae,species
,2716778,,Cyperus dactylotes Benth.,,,Plantae,species
,4563479,,"Drobacia banatica (Rossmässler, 1838)",,,Animalia,species
,6874392,,"Chilostoma cingulatum baldense (Rossmässler, 1839)",,,Animalia,subspecies
,2713527,,Cyperus rigens subsp. rigens,,,Plantae,subspecies
,9046783,,"Medora almissana (Küster, 1847)",,,Animalia,species
,7969748,,"Charpentieria itala (G.von Martens, 1824)",,,Animalia,species
,5725685,,"Viviparus viviparus (Linnaeus, 1758)",,,Animalia,species
,5778081,,"Viviparus acerosus Bourguignat, 1862",,,Animalia,species
,7226912,,Catapodium rigidum subsp. rigidum,,,Plantae,subspecies
,5179266,,"Cryptops anomalans Newport, 1844",,,Animalia,species
,1029253,,"Stenocypris malcolmsoni Brady, 1886",,,Animalia,species
,4417761,,"Cypretta globula (Sars, 1889)",,,Animalia,species
,4417757,,"Cypretta dubiosa (Daday, 1900)",,,Animalia,species
,1029062,,"Cypretta turgida (G.O.Sars, 1896)",,,Animalia,species
,6907860,,"Nemastoma bidentatum Roewer, 1914",,,Animalia,species
,4105864,,Glyceria multiflora Steud.,,,Plantae,species
,4553479,,"Leiobunum religiosum Simon, 1879",,,Animalia,species
,2133397,,"Urozelotes rusticus (L.Koch, 1872)",,,Animalia,species
,2705188,,Sorghum ×almum Parodi,,,Plantae,species
,2891652,,Oxalis decaphylla Kunth,,,Plantae,species
,2140443,,"Ischnothyreus velox Jackson, 1908",,,Animalia,species
,2173236,,"Pseudeuophrys lanigera (Simon, 1871)",,,Animalia,species
,2144543,,"Cicurina japonica (Simon, 1886)",,,Animalia,species
,7537005,,"Diaphanosoma orghidani Negrea, 1982",,,Animalia,species
,7629613,,Symphytum bulbosum K.F.Schimp.,,,Plantae,species
,4416986,,"Gammarus varsoviensis Jazdzewski, 1975",,,Animalia,species
,7322362,,Oenothera ×jueterbogensis Hudziok,,,Plantae,species
,3664235,,Oenothera ×macrosperma (Hudziok) Hudziok,,,Plantae,species
,2217322,,"Corophium sextonae Hurley, 1954",,,Animalia,species
,5545273,,Ludwigia ×kentiana E.J.Clement,,,Plantae,species
,6428443,,Epilobium ciliatum subsp. glandulosum (Lehm.) Hoch & P.H.Raven,,,Plantae,subspecies
,2227139,,"Procambarus cubensis (Erichson, 1846)",,,Animalia,species
,2227081,,"Orconectes rusticus (Girard, 1852)",,,Animalia,species
,11689892,,"Neocaridina davidi (Bouvier, 1904)",,,Animalia,species
,3070494,,Euphorbia salicifolia Host,,,Plantae,species
,2224763,,"Macrobrachium dayanum (Henderson, 1893)",,,Animalia,species
,4648609,,"Cherax quadricarinatus (von Martens, 1868)",,,Animalia,species
,4648604,,"Cherax tenuimanus Smith, 1912",,,Animalia,species
,4936345,,Impatiens edgeworthii Hook.fil.,,,Plantae,species
,2882934,,Vaccinium ×atlanticum E.P.Bicknell,,,Plantae,species
,2208401,,"Trichoniscoides sarsi Patience, 1908",,,Animalia,species
,2882984,,Rhododendron groenlandicum (Oeder) Kron & Judd,,,Plantae,species
,2211355,,"Porcellionides pruinosus (Brandt, 1833)",,,Animalia,species
,6284535,,"Porcellio laevis Latreille, 1804",,,Animalia,species
,6284372,,"Porcellio dilatatus Brandt, 1831",,,Animalia,species
,7155281,,Paeonia mascula (L.) Mill.,,,Plantae,species
,5176226,,"Idotea metallica Bosc, 1801",,,Animalia,species
,7316515,,Paeonia officinalis subsp. officinalis,,,Plantae,subspecies
,7316511,,Paeonia mascula subsp. mascula,,,Plantae,subspecies
,4200380,,Sempervivum globiferum subsp. arenarium (W.D.J.Koch) 't Hart & Bleij,,,Plantae,subspecies
,7580896,,Sempervivum montanum subsp. montanum,,,Plantae,subspecies
,8164781,,Sempervivum montanum L.,,,Plantae,species
,7812523,,Centranthus ruber subsp. ruber,,,Plantae,subspecies
,2026505,,"Hauptidia provincialis (Ribaut, 1931)",,,Animalia,species
,6099790,,"Eupteryx salviae Arzone & Vidano, 1994",,,Animalia,species
,2026946,,"Edwardsiana tshinari Zakhvatkin, 1947",,,Animalia,species
,4489986,,"Xyela curva Benson, 1938",,,Animalia,species
,4490341,,"Rhadinoceraea reitteri Konow, 1890",,,Animalia,species
,4490891,,"Monostegia nigra (Konow, 1896)",,,Animalia,species
,4504757,,"Tapinoma nigerrimum (Nylander, 1856)",,,Animalia,species
,1322537,,"Pheidole pallidula (Nylander, 1849)",,,Animalia,species
,2928446,,Calystegia silvatica (Kit.) Griseb.,,,Plantae,species
,1326693,,"Hypoponera eduardi (Forel, 1894)",,,Animalia,species
,6026680,,Selinum silaifolium (Jacq.) Beck,,,Plantae,species
,4423778,,"Pteridothrips pteridicola (Karny, 1915)",,,Animalia,species
,1420542,,"Organothrips indicus Bhatti, 1974",,,Animalia,species
,3741862,,Rhinanthus rumelicus Velen.,,,Plantae,species
,4478331,,"Anillus caecus Jacquelin du Val, 1851",,,Animalia,species
,9785670,,Mentha ×villosa subsp. villosa,,,Plantae,subspecies
,4526044,,"Typhonia beatricis Hättenschwiler, 2000",,,Animalia,species
,1886251,,"Spoladea recurvalis (Fabricius, 1775)",,,Animalia,species
,7308722,,Hyssopus officinalis subsp. officinalis,,,Plantae,subspecies
,1889833,,"Palpita vitrealis Rossi, 1794",,,Animalia,species
,1891426,,"Evergestis aenealis (Denis & Schiffermüller), 1775",,,Animalia,species
,1891167,,"Euchromius ocellea Haworth, 1811",,,Animalia,species
,6438823,,Veronica peregrina subsp. peregrina,,,Plantae,subspecies
,5148475,,Thera cupressata (Geyer),,,Animalia,species
,8014296,,"Scopula imitaria (Hübner, 1799)",,,Animalia,species
,9220953,,"Chiasmia aestimaria (Hübner, 1809)",,,Animalia,species
,5562655,,Linaria genistifolia subsp. genistifolia,,,Plantae,subspecies
,1875607,,"Vitula edmandsii Packard, 1865",,,Animalia,species
,1870450,,"Etiella zinckenella (Treitschke, 1832)",,,Animalia,species
,7129308,,Lepidium virginicum subsp. virginicum,,,Plantae,subspecies
,5099085,,"Acrotylus patruelis (Herrich-Schäffer, 1838)",,,Animalia,species
,3049685,,Draba nemorosa L.,,,Plantae,species
,5373254,,Cochlearia danica L.,,,Plantae,species
,7346173,,Aedes japonicus japonicus,,,Animalia,subspecies
,8245698,,Armoracia rusticana G.Gaertn. et al.,,,Plantae,species
,2116062,,"Caligus lacustris Steenstrup & Lütken, 1861",,,Animalia,species
,2111674,,"Ameira divagans Nicholls, 1939",,,Animalia,species
,2114456,,"Skistodiaptomus pallidus (Herrick, 1879)",,,Animalia,species
,2951990,,Ulex europaeus subsp. europaeus,,,Plantae,subspecies
,7225458,,Vicia grandiflora var. grandiflora,,,Plantae,variety
,7068366,,Vicia lutea subsp. lutea,,,Plantae,subspecies
,2959124,,Dorycnium hirsutum (L.) Ser.,,,Plantae,species
,2330931,,"Aplidium nordmanni (Milne Edwards, 1841)",,,Animalia,species
,2428132,,"Pseudacris regilla (Baird & Girard, 1852)",,,Animalia,species
,2424133,,"Eleutherodactylus martinicensis (Tschudi, 1838)",,,Animalia,species
,5218409,,"Lissotriton montandoni (Boulenger, 1880)",,,Animalia,species
,2431862,,"Cynops pyrrhogaster (Boie, 1826)",,,Animalia,species
,2431950,,"Ambystoma mexicanum (Shaw & Nodder, 1798)",,,Animalia,species
,6550282,,Fragaria ×ananassa subsp. ananassa,,,Plantae,subspecies
,5220318,,"Macrochelys temminckii Troost, 1835",,,Animalia,species
,2441927,,"Chelus fimbriata (Schneider, 1783)",,,Animalia,species
,7220751,,Aremonia agrimonoides subsp. agrimonoides,,,Plantae,subspecies
,2988624,,Aremonia agrimonoides (L.) DC.,,,Plantae,species
,2443374,,"Mauremys caspica (Gmelin, 1774)",,,Animalia,species
,2441370,,"Alligator mississippiensis (Daudin, 1801)",,,Animalia,species
,5532015,,Fumaria muralis subsp. muralis,,,Plantae,subspecies
,2478106,,"Melanerpes carolinus (Linnaeus, 1758)",,,Animalia,species
,2480453,,"Haliaeetus leucoryphus (Pallas, 1771)",,,Animalia,species
,7095665,,Claytonia perfoliata subsp. perfoliata,,,Plantae,subspecies
,2495659,,"Streptopelia senegalensis (Linnaeus, 1766)",,,Animalia,species
,4270940,,Polycarpon tetraphyllum subsp. tetraphyllum,,,Plantae,subspecies
,2480898,,"Egretta gularis (Bosc, 1792)",,,Animalia,species
,2482081,,"Anhinga melanogaster Pennant, 1769",,,Animalia,species
,4408502,,"Porphyrio alleni Thomson, 1842",,,Animalia,species
,2474945,,"Grus antigone (Linnaeus, 1758)",,,Animalia,species
,2474961,,"Grus leucogeranus Pallas, 1773",,,Animalia,species
,5228232,,"Balearica pavonina (Linnaeus, 1758)",,,Animalia,species
,3758873,,Chenopodium ×lobodontum H.Scholz,,,Plantae,species
,9403840,,Atriplex ×northusana Weim.,,,Plantae,species
,5547956,,Amaranthus emarginatus subsp. pseudogracilis (Thell.) Hügin,,,Plantae,subspecies
,5232431,,"Polysticta stelleri (Pallas, 1769)",,,Animalia,species
,2498114,,"Anas versicolor Vieillot, 1816",,,Animalia,species
,2498145,,"Anas rhynchotis Latham, 1801",,,Animalia,species
,2498110,,"Anas sibilatrix Poeppig, 1829",,,Animalia,species
,2498071,,"Anas hottentota (Eyton, 1838)",,,Animalia,species
,2498127,,"Anas georgica J.F.Gmelin, 1789",,,Animalia,species
,2498263,,"Aythya americana (Eyton, 1838)",,,Animalia,species
,2498160,,"Chen rossii (Cassin, 1861)",,,Animalia,species
,2498162,,"Chen canagica (Sevastianov, 1802)",,,Animalia,species
,3118514,,Tanacetum partheniifolium (Willd.) Sch.Bip.,,,Plantae,species
,2498224,,"Histrionicus histrionicus (Linnaeus, 1758)",,,Animalia,species
,2498294,,"Lophonetta specularioides (P.P.King, 1828)",,,Animalia,species
,2498246,,"Melanitta perspicillata (Linnaeus, 1758)",,,Animalia,species
,3115488,,Schlagintweitia huteri (Hausm. ex Bamb.) Gottschl. & Greuter,,,Plantae,species
,2498302,,"Oxyura leucocephala (Scopoli, 1769)",,,Animalia,species
,2490941,,"Sialia sialis (Linnaeus, 1758)",,,Animalia,species
,2494015,,"Ploceus velatus Vieillot, 1819",,,Animalia,species
,2493988,,"Quelea erythrops (Hartlaub, 1848)",,,Animalia,species
,3136557,,Hieracium chlorocephalum R.Uechtr.,,,Plantae,species
,3136512,,Hieracium compositum Lapeyr.,,,Plantae,species
,3135218,,Hieracium gombense Lagger ex Christener,,,Plantae,species
,7788937,,Hieracium saxatile Jacq.,,,Plantae,species
,8059665,,Achillea crithmifolia Waldst. & Kit.,,,Plantae,species
,2489057,,"Cinnyricinclus leucogaster (Boddaert, 1783)",,,Animalia,species
,2352479,,"Pygocentrus nattereri Kner, 1858",,,Animalia,species
,7066112,,Centaurea nigrescens subsp. nigrescens,,,Plantae,subspecies
,4227439,,Cicerbita macrophylla subsp. uralensis (Rouy) P.D.Sell,,,Plantae,subspecies
,5203748,,"Poecilia sphenops Valenciennes, 1846",,,Animalia,species
,7223428,,Echinops sphaerocephalus subsp. sphaerocephalus,,,Plantae,subspecies
,2356556,,"Culaea inconstans (Kirtland, 1840)",,,Animalia,species
,3132457,,Erechtites hieraciifolius (L.) Raf. ex DC.,,,Plantae,species
,8392258,,Erigeron annuus (L.) Desf,,,Plantae,species
,7223475,,Helianthus pauciflorus subsp. pauciflorus,,,Plantae,subspecies
,2394510,,"Lepomis megalotis (Rafinesque, 1820)",,,Animalia,species
,2370243,,"Astronotus ocellatus (Agassiz, 1831)",,,Animalia,species
,5212956,,"Anguilla rostrata (Lesueur, 1817)",,,Animalia,species
,2402122,,"Acipenser transmontanus Richardson, 1836",,,Animalia,species
,5422039,,Chattonella marina (Subrahman.) Y.Hara & Chihara,,,Chromista,species
,1002401,,"Lecane bifurca (Bryce, 1892)",,,Animalia,species
,5262796,,Venturia inaequalis (Cooke) G.Winter,,,Fungi,species
,9699540,,"Camarosporidiella elongata (Fr.) Wanas., Wijayaw. & K.D.Hyde, 2017",,,Fungi,species
,8366457,,"Coccinonectria pachysandricola (B.O.Dodge) L.Lombard & Crous, 2015",,,Fungi,species
,5272096,,Codium fragile (Suringar) Hariot,,,Plantae,subspecies
,9788739,,"Picipes rhizophilus (Pat.) J.L.Zhou & B.K.Cui, 2016",,,Fungi,species
,5238647,,Ramaria flavobrunnescens (G.F.Atk.) Corner,,,Fungi,variety
,5238654,,Ramaria flava (Schaeff.) Quél.,,,Fungi,variety
,2533993,,Leratiomyces percevalii (Berk. & Broome) Bridge & Spooner,,,Fungi,species
,5453974,,Tulostoma subfuscum V.S.White,,,Fungi,variety
,2533347,,Stropharia rugosoannulata Farl. ex Murrill,,,Fungi,variety
,8187261,,"Borysthenia naticina (Menke, 1845)",,,Animalia,species
,8343100,,"Ladislavella catascopium (Say, 1817)",,,Animalia,species
,5189748,,"Planorbella trivolvis (Say, 1817)",,,Animalia,subspecies
,5298069,,Iris germanica L.,,,Plantae,species
,8485654,,"Campylaea illyrica (Stabile, 1864)",,,Animalia,species
,8113508,,Bromus japonicus Houtt.,,,Plantae,subspecies
,7638948,,"Pomacea glauca (Linnaeus, 1758)",,,Animalia,species
,2706052,,Hordeum jubatum L.,,,Plantae,variety
,2705090,,Panicum miliaceum L.,,,Plantae,subspecies
,3169001,,Morella pensylvanica (Mirb.) Kartesz,,,Plantae,species
,9188840,,Epilobium ciliatum Raf.,,,Plantae,subspecies
,7895688,,Salix holosericea Willd.,,,Plantae,species
,,,Sempervivum alpinum x arachnoideum x montanum,,,Plantae,species
,7307492,,Leonurus quinquelobatus Gilib.,,,Plantae,subspecies
,5341443,,Thymus pulegioides L.,,,Plantae,species
,5373368,,Rapistrum rugosum (L.) All.,,,Plantae,subspecies
,4298151,,"Telmatoscopus albipunctata (Williston, 1893)",,,Animalia,species
,5374922,,Arabis caucasica Willd.,,,Plantae,subspecies
,5338929,,Cruciata glabra (L.) Opiz,,,Plantae,species
,8168485,,Amelanchier alnifolia Nutt.,,,Plantae,species
,3020791,,Prunus avium (L.) L.,,,Plantae,subspecies
,10363580,,Mirabilis nyctaginea (Michx.) Mac Mill.,,,Plantae,species
,3085797,,Herniaria hirsuta L.,,,Plantae,variety
,3083941,,Chenopodium strictum Roth,,,Plantae,subspecies
,3083702,,Atriplex tatarica L.,,,Plantae,subspecies
,5384373,,Amaranthus graecizans L.,,,Plantae,subspecies
,6101015,,"Chloris sinica (Linnaeus, 1766)",,,Animalia,species
,9237565,,Mawia benovici,,,Animalia,
,4289220,,"Euphione tenuisetosa Gravier, 1901",,,Animalia,
,2656854,,Anotrichium furcellatum (J.Agardh) Baldock,,,Plantae,
,2657657,,Antithamnionella boergesenii (Cormaci & G.Furnari) Athanas.,,,Plantae,
,5277736,,Polysiphonia fucoides,,,Plantae,
,7776152,,Neosiphonia harveyi,,,Plantae,
,5329463,,Najas chinensis,,,Plantae,
,2702843,,Hilaria jamesii Benth.,,,Plantae,
,2705162,,Panicum capillare,,,Plantae,
,2702808,,Echinochloa crus-galli (L.) P.Beauv.,,,Plantae,
,4135892,,Lachnagrostis lachnantha,,,Plantae,
,2702820,,Echinochloa oryzoides (Ard.) Fritsch,,,Plantae,
,9520065,,"Ferrissia californica (Rowell, 1863)",,,Animalia,
,2750383,,Gladiolus tristis L.,,,Plantae,
,2859597,,Ipheion uniflorum Raf.,,,Plantae,
,2115692,,"Balanus tintinnabulum (Linnaeus, 1758)",,,Animalia,
,2768686,,Asparagus setaceus (Kunth) Jessop,,,Plantae,
,3039193,,Parthenocissus vitacea,,,Plantae,
,2891605,,Pelargonium peltatum,,,Plantae,
,2223511,,Trachysalambria curvirostris,,,Animalia,
,2223838,,"Farfantepenaeus aztecus (Ives, 1891)",,,Animalia,
,7655426,,Cucurbita maxima (Duchesne) Duchesne ex Poir.,,,Plantae,
,5974552,,"Gonioinfradens paucidentatus (A.Milne Edwards, 1861)",,,Animalia,
,8968455,,Solanum nigrum,,,Plantae,
,2929800,,Solanum angustifolium,,,Plantae,
,2930137,,Solanum lycopersicum,,,Plantae,
,8969026,,Physalis philadelphica Lam.,,,Plantae,
,3020791,,Prunus avium,,,Plantae,
,3001093,,Malus pumila,,,Plantae,
,7504253,,Stellagama stellio,,,Animalia,
,2925870,,Amsinckia menziesii (Lehm.) A.Nels.Macbr.,,,Plantae,
,7350944,,Daucus carota subsp. sativus (Hoffm.) Schübl. & Martens,,,Plantae,
,8350395,,Cyclospermum leptophyllum (Pers.) Sprague,,,Plantae,
,9377860,,Planiliza haematocheila,,,Animalia,
,3188894,,Oenothera glazioviana Micheli,,,Plantae,
,3094253,,Symphyotrichum subulatum,,,Plantae,
,3088488,,Tagetes erecta,,,Plantae,
,9568148,,Osteospermum barberae,,,Plantae,
,5384955,,Eclipta alba Hassk.,,,Plantae,
,4285694,,Oreochromis niloticus,,,Animalia,
,2986111,,Ribes aureum,,,Plantae,
,2889088,,Reynoutria sachalinensis,,,Plantae,
,2889173,,Reynoutria japonica,,,Plantae,
,5334351,,Fallopia baldschuanica (Regel) Holub,,,Plantae,
,8185812,,Mesembryanthemum cordifolium,,,Plantae,
,3083504,,Basella alba L.,,,Plantae,
,7346102,,Erythranthe guttata (DC.) G.L.Nesom,,,Plantae,
,8252253,,Antirrhinum tortuosum Bosc ex Vent.,,,Plantae,
,5667614,,Glandularia aristigera (S.Moore) Tronc.,,,Plantae,
,5341112,,Phyla nodiflora,,,Plantae,
,3974754,,Vachellia karroo,,,Plantae,
,2979265,,Vachellia farnesiana,,,Plantae,
,2650103,,Azolla Lam.,,,Plantae,genus
,4410669,,"Lumbricus rubellus Hoffmeister, 1843",,,Animalia,species
,2766009,,Monochoria korsakowii Regel & Maack,,,Plantae,species
,2705282,,Avena L.,,,Plantae,genus
,2891642,,Oxalis L.,,,Plantae,genus
,2220136,,"Paramysis ullskyi (Czerniavsky, 1882)",,,Animalia,species
,8364654,,"Paramysis kessleri sarsi (Derzhavin, 1925)",,,Animalia,subspecies
,2220138,,"Paramysis bakuensis G.O.Sars, 1895",,,Animalia,species
,2220430,,"Diamysis pengoi (Czerniavsky, 1882)",,,Animalia,species
,2214308,,"Pseudocuma graciloides Sars, 1894",,,Animalia,species
,2214306,,"Pseudocuma cercarioides Sars, 1894",,,Animalia,species
,2214302,,"Pseudocuma tenuicauda Sars, 1894",,,Animalia,species
,2214301,,"Pseudocuma laeve Sars, 1914",,,Animalia,species
,2214312,,"Caspiocuma campylaspoides (Sars, 1897)",,,Animalia,species
,4416895,,"Iphigenella acanthopoda G.O.Sars, 1896",,,Animalia,species
,4416910,,"Uroniphargoides spinicaudatus (Carausu, 1943)",,,Animalia,species
,4417062,,"Stenogammarus carausui Derzhavin & Pjatakova, 1962",,,Animalia,species
,4417065,,"Stenogammarus compressus (G.O.Sars, 1894)",,,Animalia,species
,4417063,,"Stenogammarus macrurus (G.O.Sars, 1894)",,,Animalia,species
,4407162,,"Stenogammarus Martynov, 1924",,,Animalia,genus
,4417067,,"Stenogammarus similis (G.O.Sars, 1894)",,,Animalia,species
,4416888,,"Paraniphargoides motasi (Carausu, 1943)",,,Animalia,species
,7392352,,"Pontogammarus maeoticus (Sovinskij, 1894)",,,Animalia,species
,4417072,,"Pontogammarus aestuarius (Derzhavin, 1924)",,,Animalia,species
,4417071,,"Pontogammarus borceae Carausu, 1943",,,Animalia,species
,6462133,,"Niphargoides corpulentus G.O.Sars, 1895",,,Animalia,species
,4417076,,"Niphargogammarus intermedius (Carausu, 1943)",,,Animalia,species
,6462115,,"Euxinia weidemanni (G.O.Sars, 1896)",,,Animalia,species
,6462116,,"Euxinia sarsi (Sowinsky, 1898)",,,Animalia,species
,4417074,,"Compactogammarus compactus (G.O.Sars, 1895)",,,Animalia,species
,8439213,,"Chelicorophium sowinskyi (Martynov, 1924)",,,Animalia,species
,6460944,,"Chelicorophium chelicorne (G.O.Sars, 1895)",,,Animalia,species
,6460941,,"Chelicorophium maeoticum (Sowinsky, 1898)",,,Animalia,species
,8560591,,"Chelicorophium mucronatum (G.O.Sars, 1895)",,,Animalia,species
,6460942,,"Chelicorophium nobile (G.O.Sars, 1895)",,,Animalia,species
,6459977,,"Cardiophilus marisnigrae Miloslawskaya, 1931",,,Animalia,species
,4417163,,"Yogmelina limana Karaman & Barnard, 1979",,,Animalia,species
,6463424,,"Shablogammarus chablensis (Carausu, 1943)",,,Animalia,species
,8601830,,"Shablogammarus subnudus (G.O.Sars, 1896)",,,Animalia,species
,6463386,,"Lanceogammarus andrussowi (G.O.Sars, 1896)",,,Animalia,species
,6463608,,"Gmelina aestuarica Carausu, 1943",,,Animalia,species
,7542009,,"Chaetogammarus placidus (G.O.Sars, 1896)",,,Animalia,species
,4315708,,"Chaetogammarus warpachowskyi (G.O.Sars, 1894)",,,Animalia,species
,4416900,,"Amathillina cristata G.O.Sars, 1894",,,Animalia,species
,1505543,,"Tipula paludosa Meigen, 1830",,,Animalia,species
,3222886,,"Aeromonas salmonicida (Lehmann & Neumann, 1896) Griffin et al., 1953",,,Bacteria,species
,4517947,,"Sympycnus desoutteri Parent, 1925",,,Animalia,species
,1541262,,"Eristalis intricaria (Linnaeus, 1758)",,,Animalia,species
,1536675,,"Melangyna lasiophthalma (Zetterstedt, 1843)",,,Animalia,species
,1502691,,"Calliphora vomitoria (Linnaeus, 1758)",,,Animalia,species
,1503644,,"Pollenia rudis (Fabricius, 1794)",,,Animalia,species
,2070578,,"Uroleucon taraxaci (Kaltenbach, 1843)",,,Animalia,species
,8059383,,"Stephanopyxis turris (Greville) Ralfs, 1861",,,Chromista,species
,2016038,,"Philaenus spumarius (Linnaeus, 1758)",,,Animalia,species
,1956599,,"Erannis defoliaria (Clerck, 1759)",,,Animalia,species
,3196437,,Fucus serratus L.,,,Chromista,species
,1972449,,"Operophtera brumata (Linnaeus, 1758)",,,Animalia,species
,1796169,,"Apamea crenata (Hufnagel, 1766)",,,Animalia,species
,7438067,,Apamea remissa (Hübner),,,Animalia,species
,1856686,,"Nemapogon variatella (Clemens, 1859)",,,Animalia,species
,1731858,,"Heringocrania unimaculella (Zetterstedt, 1840)",,,Animalia,species
,4530214,,"Zeiraphera griseana (Hübner, 1796-1799)",,,Animalia,species
,5239900,,Suillus flavidus (Fr.) J.Presl,,,Fungi,species
,5239860,,Suillus bovinus (L.) Kuntze,,,Fungi,species
,1035931,,"Bembidion tetracolum Say, 1823",,,Animalia,species
,8146046,,Suillus granulatus (L.) Roussel,,,Fungi,species
,4473874,,"Leistus terminatus (Panzer, 1793)",,,Animalia,species
,7777157,,Suillus luteus (L.) Roussel,,,Fungi,species
,1036917,,"Anisodactylus binotatus (Fabricius, 1787)",,,Animalia,species
,2525027,,Gomphidius glutinosus (Schaeff.) Fr.,,,Fungi,species
,1195043,,"Otiorhynchus ovatus (Linnaeus, 1758)",,,Animalia,species
,1194979,,"Otiorhynchus singularis (Linnaeus, 1767)",,,Animalia,species
,4459693,,"Phratora vitellinae (Linnaeus, 1758)",,,Animalia,species
,5285256,,Pinus aristata Engelm.,,,Plantae,species
,1248774,,"Acantholyda erythrocephala (Linnaeus, 1758)",,,Animalia,species
,1340405,,"Bombus pascuorum (Scopoli, 1763)",,,Animalia,species
,1340513,,"Bombus hypnorum (Linnaeus, 1758)",,,Animalia,species
,5285332,,Pinus uncinata Ramond ex DC.,,,Plantae,species
,1340542,,"Bombus hortorum (Linnaeus, 1761)",,,Animalia,species
,1340298,,"Bombus lucorum (Linnaeus, 1761)",,,Animalia,species
,5035785,,"Lasius niger (Linnaeus, 1758)",,,Animalia,species
,1311676,,"Vespula rufa (Linnaeus, 1758)",,,Animalia,species
,1311671,,"Vespula vulgaris (Linnaeus, 1758)",,,Animalia,species
,1311649,,"Vespula germanica (Fabricius, 1793)",,,Animalia,species
,1311831,,"Dolichovespula norwegica (Fabricius, 1781)",,,Animalia,species
,2702789,,Briza media L.,,,Plantae,species
,1249702,,"Nematus ribesii (Scopoli, 1763)",,,Animalia,species
,2706414,,Triticum compactum Host,,,Plantae,species
,5290081,,Alopecurus pratensis L.,,,Plantae,species
,1419845,,"Forficula auricularia Linnaeus, 1758",,,Animalia,species
,6431455,,Calamagrostis epigejos (L.) Roth,,,Plantae,species
,2706066,,Hordeum brachyantherum Nevski,,,Plantae,species
,2208749,,"Cylisticus convexus (De Geer, 1778)",,,Animalia,species
,2222188,,"Crangon crangon (Linnaeus, 1758)",,,Animalia,species
,9014945,,Phleum pratense L.,,,Plantae,species
,2222075,,"Cancer irroratus Say, 1817",,,Animalia,species
,7226925,,Festuca rubra subsp. rubra,,,Plantae,subspecies
,1013263,,"Allajulus nitidus (Verhoeff, 1891)",,,Animalia,species
,4107931,,Calamagrostis purpurea (Trin.) Trin.,,,Plantae,species
,2705308,,Dactylis glomerata L.,,,Plantae,species
,5290149,,Phragmites australis (Cav.) Trin. ex Steud.,,,Plantae,species
,2703793,,Avenula pubescens (Huds.) Dumort.,,,Plantae,species
,5290148,,Elymus smithii (Rydb.) Gould,,,Plantae,species
,2182588,,"Ixodes ricinus Linnaeus, 1758",,,Animalia,species
,2704951,,Festuca ovina L.,,,Plantae,species
,2706373,,Leymus mollis (Trin.) Pilg.,,,Plantae,species
,2704395,,Cynosurus cristatus L.,,,Plantae,species
,2286583,,"Cerastoderma edule (Linnaeus, 1758)",,,Animalia,species
,2328512,,"Terebrasabella heterouncinata Fitzhugh & Rouse, 1999",,,Animalia,species
,5298231,,Iris pseudacorus L.,,,Plantae,species
,5333412,,Erica tetralix L.,,,Plantae,species
,6435002,,Nuphar pumila (Timm) DC.,,,Plantae,species
,7096656,,Papaver nudicaule subsp. nudicaule,,,Plantae,subspecies
,2409330,,"Platichthys flesus (Linnaeus, 1758)",,,Animalia,species
,3033263,,Anemone nemorosa L.,,,Plantae,species
,3928139,,Ranunculus aconitifolius L.,,,Plantae,species
,7707872,,Aconitum napellus subsp. lusitanicum Rouy,,,Plantae,subspecies
,5220114,,"Rangifer tarandus (Linnaeus, 1758)",,,Animalia,species
,5357013,,Lotus corniculatus L.,,,Plantae,species
,5358812,,Trifolium medium L.,,,Plantae,species
,5359060,,Trifolium aureum Pollich,,,Plantae,species
,5345014,,Astragalus alpinus L.,,,Plantae,species
,6437017,,Hypericum maculatum Crantz,,,Plantae,species
,3189486,,Hypericum perforatum L.,,,Plantae,species
,5373017,,Salix alaxensis (Andersson) Coville,,,Plantae,species
,3806052,,Populus balsamifera subsp. trichocarpa (Torr. & A.Gray ex Hook.) Brayshaw,,,Plantae,subspecies
,5372952,,Salix caprea L.,,,Plantae,species
,2890668,,Geranium robertianum L.,,,Plantae,species
,2891304,,Geranium pratense L.,,,Plantae,species
,9485490,,Erodium cicutarium (L.) L'Hér.,,,Plantae,species
,2927208,,Mentha aquatica L.,,,Plantae,species
,5341300,,Galeopsis tetrahit L.,,,Plantae,species
,8652594,,Mentha gentilis L.,,,Plantae,species
,5341303,,Galeopsis bifida Boenn.,,,Plantae,species
,7333485,,Rhinanthus angustifolius C.C.Gmel.,,,Plantae,species
,7874883,,Veronica chamaedrys L.,,,Plantae,species
,2888763,,Valeriana officinalis L.,,,Plantae,species
,5334269,,Lonicera caerulea L.,,,Plantae,species
,5341184,,Myosotis scorpioides L.,,,Plantae,species
,5410186,,Campanula fragilis Cirillo,,,Plantae,species
,5409933,,Campanula glomerata L.,,,Plantae,species
,5410564,,Campanula patula L.,,,Plantae,species
,3107987,,Senecio sylvaticus L.,,,Plantae,species
,8848598,,Leucanthemum vulgare Lam.,,,Plantae,species
,3087634,,Cicerbita alpina (L.) Wallr.,,,Plantae,species
,3114649,,Carduus crispus L.,,,Plantae,species
,8180503,,Aster linosyris Rouy,,,Plantae,species
,3107957,,"Senecio duriaei Gay & Gay, 1929",,,Plantae,species
,3113239,,Cirsium palustre (L.) Scop.,,,Plantae,species
,3115858,,Filago vulgaris Lam.,,,Plantae,species
,5386897,,Tragopogon pratensis L.,,,Plantae,species
,3085424,,Dianthus deltoides L.,,,Plantae,species
,5586736,,Silene latifolia subsp. alba (Mill.) Greuter & Burdet,,,Plantae,subspecies
,5384795,,Silene dioica (L.) Clairv.,,,Plantae,species
,9172281,,Silene vulgaris (Moench) Garcke,,,Plantae,species
,8195144,,Rumex crispus L.,,,Plantae,species
,2889262,,Persicaria lapathifolia (L.) Gray,,,Plantae,species
,3083541,,Suaeda maritima (L.) Dumort.,,,Plantae,species
,3044285,,Descurainia incana (Bernh. ex Fisch. & C.A.Mey.) Dorn,,,Plantae,species
,5708780,,Barbarea vulgaris (L.) W.T.Aiton,,,Plantae,species
,5376075,,Alliaria petiolata (M.Bieb.) Cavara & Grande,,,Plantae,species
,3046076,,Cardamine flexuosa With.,,,Plantae,species
,7339311,,"Saxifraga granulata Hook.f. & Thomson, 1857",,,Plantae,species
,5362008,,Sedum album L.,,,Plantae,species
,3664083,,Epilobium montanum L.,,,Plantae,species
,3034830,,Heracleum sphondylium L.,,,Plantae,species
,3034820,,Torilis japonica (Houtt.) DC.,,,Plantae,species
,7960979,,Urtica dioica L.,,,Plantae,species
,3029699,,Sanguisorba alpina Bunge,,,Plantae,species
,5365576,,Potentilla erecta (L.) Raeusch.,,,Plantae,species
,3029411,,Sanguisorba canadensis L.,,,Plantae,species
,2993094,,Rubus idaeus L.,,,Plantae,species
,2987988,,Filipendula camschatica (Pall.) Maxim.,,,Plantae,species
,5369777,,Geum ×sudeticum Tausch,,,Plantae,species
,2914642,,Galium odoratum (L.) Scop.,,,Plantae,species
,9039392,,Galium mollugo L.,,,Plantae,species
,8059548,,Galium mollugo subsp. mollugo,,,Plantae,subspecies
,5281948,,Campylopus pyriformis (Schultz) Brid.,,,Plantae,species
,5979639,,"Meiosimyza rorida (Fallen, 1820)",,,Animalia,species
,7985016,,"Denticula seminae R.Simonsen & T.Kanaya, 1961",,,Chromista,species
,9043861,,"Suillus variegatus (Sw.) Richon & Roze, 1888",,,Fungi,species
,4476059,,"Epaphius secalis (Paykull, 1790)",,,Animalia,species
,1232526,,"Exomias pellucidus (Boheman, 1834)",,,Animalia,species
,,,Triticum aestivum subsp. Aestivum,,,Plantae,subspecies
,5289756,,Phalaris arundinacea L.,,,Plantae,variety
,,,Deschampsia cespitosa subsp. Cespitosa,,,Plantae,subspecies
,,,Aconitum variegatum subsp. Variegatum,,,Plantae,species
,3806052,,Populus balsamifera subsp. trichocarpa (Torr. & A.Gray) Brayshaw,,,Plantae,species
,4931158,,Lamium purpureum var. hybridum (Vill.) Vill.,,,Plantae,species
,,,Veronica longifolia subsp. Longifolia,,,Plantae,species
,,,Sambucus racemosa subsp. Racemosa,,,Plantae,variety
,,,Lycopsis arvensis subsp. Arvensis,,,Plantae,species
,9458333,,Pilosella officinarum Vaill.,,,Plantae,species
,9274112,,Jacobaea pseudoarnica (Less.) Zuev,,,Plantae,species
,7973078,,Lactuca muralis (L.) E.Mey.,,,Plantae,species
,5384606,,Stellaria alsine Grimm,,,Plantae,species
,,,Bistorta officinalis subsp. Officinalis,,,Plantae,species
,,,Kali tragus subsp. Tragus,,,Plantae,subspecies
,,,Hornungia alpina subsp. Alpina,,,Plantae,species
,7941223,,Barbarea vulgaris R.Br.,,,Plantae,subspecies
,,,Sinapis arvensis subsp. Arvensis,,,Plantae,species
,,,Hylotelephium telephium subsp. Telephium,,,Plantae,species
,7350944,,Daucus carota subsp. sativus (Hoffm.) Schübl. & Martens,,,Plantae,subspecies
,,,Prunus padus subsp. Padus,,,Plantae,species
,2913931,,Galium album Mill.,,,Plantae,subspecies
,8166740,,Alnus alnobetula subsp. sinuata (Regel) Raus,,,Plantae,subspecies
