taxonKey,countryCode,occurrenceStatus,establishmentMeans,degreeOfEstablishment,pathway,eventDate,source
148790247,FR,present,introduced,,,2020,
148790248,FR,present,introduced,,,2020,
148790257,FR,present,introduced,,,2020,
148790258,FR,present,introduced,,,2020,
148790265,FR,present,introduced,,,2020,
148790271,FR,present,introduced,,,2020,
148790272,FR,present,introduced,,,2020,
148790280,FR,present,introduced,,,2020,
148790281,FR,present,introduced,,,2020,
148790287,FR,present,introduced,,,2020,
148790288,FR,present,introduced,,,2020,
148790290,FR,present,introduced,,,2020,
148790292,FR,present,introduced,,,2020,
148790299,FR,present,introduced,,,2020,
148790300,FR,present,introduced,,,2020,
148790302,FR,present,introduced,,,2020,
148790303,FR,present,introduced,,,2020,
148790307,FR,present,introduced,,,2020,
148790308,FR,present,introduced,,,2020,
148790309,FR,present,introduced,,,2020,
148790313,FR,present,introduced,,,2020,
148790315,FR,present,introduced,,,2020,
148790317,FR,present,introduced,invasive,,2020,
148790319,FR,present,introduced,,,2020,
148790320,FR,present,introduced,,,2020,
148790321,FR,present,introduced,,,2020,
148790324,FR,present,introduced,,,2020,
148790327,FR,present,introduced,,,2020,
148790328,FR,present,introduced,,,2020,
148790331,FR,present,introduced,,,2020,
148790333,FR,present,introduced,,,2020,
148790339,FR,present,introduced,,,2020,
148790340,FR,present,introduced,,,2020,
148790341,FR,present,introduced,,,2020,
148790346,FR,present,introduced,,,2020,
148790347,FR,present,introduced,,,2020,
148790348,FR,present,introduced,,,2020,
148790349,FR,present,introduced,,,2020,
148790350,FR,present,introduced,,,2020,
148790351,FR,present,introduced,,,2020,
148790352,FR,present,introduced,,,2020,
148790353,FR,present,introduced,,,2020,
148790354,FR,present,introduced,,,2020,
148790355,FR,present,introduced,,,2020,
148790356,FR,present,introduced,,,2020,
148790359,FR,present,introduced,,,2020,
148790360,FR,present,introduced,,,2020,
148790361,FR,present,introduced,,,2020,
148790362,FR,present,introduced,,,2020,
148790364,FR,present,introduced,,,2020,
148790367,FR,present,introduced,,,2020,
148790368,FR,present,introduced,,,2020,
148790369,FR,present,introduced,,,2020,
148790371,FR,present,introduced,,,2020,
148790372,FR,present,introduced,invasive,,2020,
148790375,FR,present,introduced,,,2020,
148790376,FR,present,introduced,,,2020,
148790378,FR,present,introduced,,,2020,
148790379,FR,present,introduced,,,2020,
148790382,FR,present,introduced,,,2020,
148790384,FR,present,introduced,,,2020,
148790385,FR,present,introduced,,,2020,
148790389,FR,present,introduced,,,2020,
148790390,FR,present,introduced,,,2020,
148790395,FR,present,introduced,,,2020,
148790396,FR,present,introduced,,,2020,
148790398,FR,present,introduced,,,2020,
148790399,FR,present,introduced,,,2020,
148790404,FR,present,introduced,,,2020,
148790405,FR,present,introduced,,,2020,
148790406,FR,present,introduced,,,2020,
148790407,FR,present,introduced,,,2020,
148790408,FR,present,introduced,,,2020,
148790409,FR,present,introduced,invasive,,2020,
148790411,FR,present,introduced,,,2020,
148790416,FR,present,introduced,,,2020,
148790417,FR,present,introduced,,,2020,
148790421,FR,present,introduced,,,2020,
148790424,FR,present,introduced,,,2020,
148790425,FR,present,introduced,,,2020,
148790427,FR,present,introduced,,,2020,
148790429,FR,present,introduced,,,2020,
148790430,FR,present,introduced,,,2020,
148790431,FR,present,introduced,,,2020,
148790432,FR,present,introduced,,,2020,
148790433,FR,present,introduced,,,2020,
148790435,FR,present,introduced,,,2020,
148790438,FR,present,introduced,,,2020,
148790440,FR,present,introduced,,,2020,
148790442,FR,present,introduced,,,2020,
148790446,FR,present,introduced,,,2020,
148790447,FR,present,introduced,,,2020,
148790448,FR,present,introduced,,,2020,
148790452,FR,present,introduced,,,2020,
148790453,FR,present,introduced,,,2020,
148790454,FR,present,introduced,,,2020,
148790457,FR,present,introduced,invasive,,2020,
148790458,FR,present,introduced,,,2020,
148790460,FR,present,introduced,,,2020,
148790462,FR,present,introduced,,,2020,
148790463,FR,present,introduced,,,2020,
148790464,FR,present,introduced,,,2020,
148790465,FR,present,introduced,,,2020,
148790467,FR,present,introduced,,,2020,
148790468,FR,present,introduced,,,2020,
148790469,FR,present,introduced,,,2020,
148790470,FR,present,introduced,,,2020,
148790472,FR,present,introduced,,,2020,
148790473,FR,present,introduced,,,2020,
148790474,FR,present,introduced,,,2020,
148790475,FR,present,introduced,,,2020,
148790477,FR,present,introduced,invasive,,2020,
148790478,FR,present,introduced,,,2020,
148790479,FR,present,introduced,,,2020,
148790482,FR,present,introduced,,,2020,
148790483,FR,present,introduced,,,2020,
148790484,FR,present,introduced,,,2020,
148790485,FR,present,introduced,,,2020,
148790487,FR,present,introduced,,,2020,
148790490,FR,present,introduced,,,2020,
148790493,FR,present,introduced,,,2020,
148790495,FR,present,introduced,,,2020,
148790499,FR,present,introduced,,,2020,
148790501,FR,present,introduced,,,2020,
148790505,FR,present,introduced,,,2020,
148790507,FR,present,introduced,,,2020,
148790508,FR,present,introduced,invasive,,2020,
148790513,FR,present,introduced,,,2020,
148790514,FR,present,introduced,,,2020,
148790518,FR,present,introduced,,,2020,
148790519,FR,present,introduced,,,2020,
148790520,FR,present,introduced,,,2020,
148790521,FR,present,introduced,,,2020,
148790524,FR,present,introduced,,,2020,
148790526,FR,present,introduced,,,2020,
148790527,FR,present,introduced,,,2020,
148790529,FR,present,introduced,,,2020,
148790532,FR,present,introduced,,,2020,
148790535,FR,present,introduced,invasive,,2020,
148790537,FR,present,introduced,,,2020,
148790538,FR,present,introduced,,,2020,
148790540,FR,present,introduced,,,2020,
148790543,FR,present,introduced,,,2020,
148790544,FR,present,introduced,,,2020,
148790548,FR,present,introduced,,,2020,
148790549,FR,present,introduced,,,2020,
148790551,FR,present,introduced,,,2020,
148790554,FR,present,introduced,,,2020,
148790557,FR,present,introduced,,,2020,
148790558,FR,present,introduced,,,2020,
148790559,FR,present,introduced,,,2020,
148790560,FR,present,introduced,,,2020,
148790563,FR,present,introduced,,,2020,
148790564,FR,present,introduced,,,2020,
148790565,FR,present,introduced,,,2020,
148790566,FR,present,introduced,,,2020,
148790567,FR,present,introduced,,,2020,
148790570,FR,present,introduced,,,2020,
148790571,FR,present,introduced,,,2020,
148790572,FR,present,introduced,,,2020,
148790573,FR,present,introduced,,,2020,
148790574,FR,present,introduced,,,2020,
148790575,FR,present,introduced,,,2020,
148790578,FR,present,introduced,,,2020,
148790579,FR,present,introduced,,,2020,
148790580,FR,present,introduced,,,2020,
148790581,FR,present,introduced,,,2020,
148790582,FR,present,introduced,,,2020,
148790584,FR,present,introduced,,,2020,
148790587,FR,present,introduced,,,2020,
148790590,FR,present,introduced,,,2020,
148790591,FR,present,introduced,,,2020,
148790593,FR,present,introduced,,,2020,
148790595,FR,present,introduced,,,2020,
148790598,FR,present,introduced,,,2020,
148790600,FR,present,introduced,,,2020,
148790601,FR,present,introduced,,,2020,
148790602,FR,present,introduced,,,2020,
148790603,FR,present,introduced,,,2020,
148790605,FR,present,introduced,,,2020,
148790606,FR,present,introduced,,,2020,
148790608,FR,present,introduced,invasive,,2020,
148790609,FR,present,introduced,,,2020,
148790612,FR,present,introduced,invasive,,2020,
148790614,FR,present,introduced,invasive,,2020,
148790615,FR,present,introduced,,,2020,
148790616,FR,present,introduced,,,2020,
148790617,FR,present,introduced,,,2020,
148790619,FR,present,introduced,,,2020,
148790622,FR,present,introduced,,,2020,
148790623,FR,present,introduced,,,2020,
148790624,FR,present,introduced,,,2020,
148790626,FR,present,introduced,invasive,,2020,
148790627,FR,present,introduced,,,2020,
148790628,FR,present,introduced,,,2020,
148790629,FR,present,introduced,,,2020,
148790632,FR,present,introduced,,,2020,
148790634,FR,present,introduced,,,2020,
148790637,FR,present,introduced,,,2020,
148790639,FR,present,introduced,,,2020,
148790640,FR,present,introduced,,,2020,
148790641,FR,present,introduced,,,2020,
148790643,FR,present,introduced,,,2020,
148790646,FR,present,introduced,,,2020,
148790647,FR,present,introduced,,,2020,
148790650,FR,present,introduced,,,2020,
148790652,FR,present,introduced,,,2020,
148790653,FR,present,introduced,,,2020,
148790654,FR,present,introduced,,,2020,
148790655,FR,present,introduced,,,2020,
148790658,FR,present,introduced,,,2020,
148790659,FR,present,introduced,,,2020,
148790662,FR,present,introduced,,,2020,
148790663,FR,present,introduced,,,2020,
148790665,FR,present,introduced,,,2020,
148790668,FR,present,introduced,,,2020,
148790669,FR,present,introduced,,,2020,
148790670,FR,present,introduced,,,2020,
148790672,FR,present,introduced,,,2020,
148790673,FR,present,introduced,,,2020,
148790674,FR,present,introduced,,,2020,
148790676,FR,present,introduced,,,2020,
148790677,FR,present,introduced,,,2020,
148790680,FR,present,introduced,,,2020,
148790681,FR,present,introduced,,,2020,
148790682,FR,present,introduced,,,2020,
148790683,FR,present,introduced,,,2020,
148790685,FR,present,introduced,,,2020,
148790686,FR,present,introduced,,,2020,
148790687,FR,present,introduced,,,2020,
148790691,FR,present,introduced,,,2020,
148790692,FR,present,introduced,,,2020,
148790695,FR,present,introduced,,,2020,
148790697,FR,present,introduced,,,2020,
148790698,FR,present,introduced,,,2020,
148790699,FR,present,introduced,,,2020,
148790701,FR,present,introduced,,,2020,
148790702,FR,present,introduced,,,2020,
148790703,FR,present,introduced,,,2020,
148790704,FR,present,introduced,,,2020,
148790705,FR,present,introduced,,,2020,
148790707,FR,present,introduced,,,2020,
148790708,FR,present,introduced,,,2020,
148790709,FR,present,introduced,,,2020,
148790711,FR,present,introduced,invasive,,2020,
148790712,FR,present,introduced,,,2020,
148790713,FR,present,introduced,,,2020,
148790716,FR,present,introduced,invasive,,2020,
148790719,FR,present,introduced,,,2020,
148790721,FR,present,introduced,,,2020,
148790722,FR,present,introduced,,,2020,
148790723,FR,present,introduced,,,2020,
148790725,FR,present,introduced,,,2020,
148790727,FR,present,introduced,invasive,,2020,
148790730,FR,present,introduced,,,2020,
148790731,FR,present,introduced,,,2020,
148790733,FR,present,introduced,,,2020,
148790735,FR,present,introduced,,,2020,
148790738,FR,present,introduced,,,2020,
148790739,FR,present,introduced,,,2020,
148790740,FR,present,introduced,,,2020,
148790742,FR,present,introduced,,,2020,
148790743,FR,present,introduced,,,2020,
148790744,FR,present,introduced,,,2020,
148790745,FR,present,introduced,,,2020,
148790746,FR,present,introduced,,,2020,
148790747,FR,present,introduced,,,2020,
148790748,FR,present,introduced,,,2020,
148790751,FR,present,introduced,,,2020,
148790753,FR,present,introduced,,,2020,
148790754,FR,present,introduced,,,2020,
148790755,FR,present,introduced,,,2020,
148790756,FR,present,introduced,,,2020,
148790758,FR,present,introduced,,,2020,
148790759,FR,present,introduced,,,2020,
148790760,FR,present,introduced,,,2020,
148790761,FR,present,introduced,,,2020,
148790762,FR,present,introduced,,,2020,
148790763,FR,present,introduced,,,2020,
148790764,FR,present,introduced,,,2020,
148790765,FR,present,introduced,,,2020,
148790766,FR,present,introduced,,,2020,
148790768,FR,present,introduced,invasive,,2020,
148790769,FR,present,introduced,,,2020,
148790771,FR,present,introduced,,,2020,
148790772,FR,present,introduced,,,2020,
148790774,FR,present,introduced,,,2020,
148790776,FR,present,introduced,,,2020,
148790777,FR,present,introduced,,,2020,
148790779,FR,present,introduced,,,2020,
148790780,FR,present,introduced,,,2020,
148790782,FR,present,introduced,,,2020,
148790783,FR,present,introduced,,,2020,
148790784,FR,present,introduced,,,2020,
148790785,FR,present,introduced,,,2020,
148790786,FR,present,introduced,,,2020,
148790787,FR,present,introduced,,,2020,
148790788,FR,present,introduced,,,2020,
148790790,FR,present,introduced,,,2020,
148790791,FR,present,introduced,,,2020,
148790792,FR,present,introduced,,,2020,
148790793,FR,present,introduced,,,2020,
148790794,FR,present,introduced,,,2020,
148790795,FR,present,introduced,invasive,,2020,
148790796,FR,present,introduced,,,2020,
148790797,FR,present,introduced,,,2020,
148790798,FR,present,introduced,,,2020,
148790799,FR,present,introduced,,,2020,
148790800,FR,present,introduced,,,2020,
148790801,FR,present,introduced,,,2020,
148790802,FR,present,introduced,,,2020,
148790803,FR,present,introduced,,,2020,
148790805,FR,present,introduced,,,2020,
148790806,FR,present,introduced,,,2020,
148790809,FR,present,introduced,,,2020,
148790810,FR,present,introduced,,,2020,
148790811,FR,present,introduced,,,2020,
148790813,FR,present,introduced,,,2020,
148790814,FR,present,introduced,,,2020,
148790816,FR,present,introduced,,,2020,
148790817,FR,present,introduced,,,2020,
148790818,FR,present,introduced,,,2020,
148790819,FR,present,introduced,,,2020,
148790820,FR,present,introduced,,,2020,
148790821,FR,present,introduced,,,2020,
148790822,FR,present,introduced,,,2020,
148790824,FR,present,introduced,,,2020,
148790825,FR,present,introduced,,,2020,
148790826,FR,present,introduced,,,2020,
148790827,FR,present,introduced,,,2020,
148790828,FR,present,introduced,,,2020,
148790829,FR,present,introduced,,,2020,
148790830,FR,present,introduced,,,2020,
148790831,FR,present,introduced,,,2020,
148790832,FR,present,introduced,,,2020,
148790834,FR,present,introduced,,,2020,
148790836,FR,present,introduced,,,2020,
148790837,FR,present,introduced,,,2020,
148790838,FR,present,introduced,,,2020,
148790839,FR,present,introduced,,,2020,
148790840,FR,present,introduced,,,2020,
148790841,FR,present,introduced,,,2020,
148790842,FR,present,introduced,,,2020,
148790843,FR,present,introduced,,,2020,
148790845,FR,present,introduced,,,2020,
148790846,FR,present,introduced,,,2020,
148790847,FR,present,introduced,,,2020,
148790848,FR,present,introduced,,,2020,
148790849,FR,present,introduced,,,2020,
148790851,FR,present,introduced,,,2020,
148790852,FR,present,introduced,,,2020,
148790853,FR,present,introduced,,,2020,
148790854,FR,present,introduced,,,2020,
148790855,FR,present,introduced,,,2020,
148790856,FR,present,introduced,,,2020,
148790857,FR,present,introduced,,,2020,
148790858,FR,present,introduced,,,2020,
148790859,FR,present,introduced,,,2020,
148790860,FR,present,introduced,,,2020,
148790861,FR,present,introduced,,,2020,
148790862,FR,present,introduced,,,2020,
148790863,FR,present,introduced,,,2020,
148790864,FR,present,introduced,,,2020,
148790865,FR,present,introduced,invasive,,2020,
148790866,FR,present,introduced,,,2020,
148790867,FR,present,introduced,invasive,,2020,
148790868,FR,present,introduced,,,2020,
148790870,FR,present,introduced,,,2020,
148790871,FR,present,introduced,,,2020,
148790872,FR,present,introduced,,,2020,
148790873,FR,present,introduced,,,2020,
148790874,FR,present,introduced,,,2020,
148790875,FR,present,introduced,,,2020,
148790876,FR,present,introduced,,,2020,
148790877,FR,present,introduced,,,2020,
148790878,FR,present,introduced,,,2020,
148790879,FR,present,introduced,,,2020,
148790880,FR,present,introduced,,,2020,
148790881,FR,present,introduced,,,2020,
148790882,FR,present,introduced,invasive,,2020,
148790883,FR,present,introduced,,,2020,
148790884,FR,present,introduced,,,2020,
148790885,FR,present,introduced,,,2020,
148790886,FR,present,introduced,,,2020,
148790887,FR,present,introduced,,,2020,
148790888,FR,present,introduced,,,2020,
148790889,FR,present,introduced,,,2020,
148790890,FR,present,introduced,,,2020,
148790891,FR,present,introduced,,,2020,
148790892,FR,present,introduced,,,2020,
148790893,FR,present,introduced,,,2020,
148790894,FR,present,introduced,,,2020,
148790895,FR,present,introduced,,,2020,
148790896,FR,present,introduced,,,2020,
148790897,FR,present,introduced,,,2020,
148790898,FR,present,introduced,,,2020,
148790899,FR,present,introduced,,,2020,
148790900,FR,present,introduced,,,2020,
148790901,FR,present,introduced,,,2020,
148790902,FR,present,introduced,,,2020,
148790903,FR,present,introduced,,,2020,
148790904,FR,present,introduced,,,2020,
148790905,FR,present,introduced,,,2020,
148790906,FR,present,introduced,,,2020,
148790907,FR,present,introduced,,,2020,
148790908,FR,present,introduced,,,2020,
148790909,FR,present,introduced,,,2020,
148790910,FR,present,introduced,,,2020,
148790911,FR,present,introduced,,,2020,
148790912,FR,present,introduced,,,2020,
148790913,FR,present,introduced,,,2020,
148790914,FR,present,introduced,,,2020,
148790915,FR,present,introduced,,,2020,
148790916,FR,present,introduced,,,2020,
148790917,FR,present,introduced,,,2020,
148790918,FR,present,introduced,,,2020,
148790919,FR,present,introduced,,,2020,
148790920,FR,present,introduced,,,2020,
148790921,FR,present,introduced,,,2020,
148790922,FR,present,introduced,,,2020,
148790923,FR,present,introduced,,,2020,
148790924,FR,present,introduced,,,2020,
148790925,FR,present,introduced,,,2020,
148790926,FR,present,introduced,,,2020,
148790927,FR,present,introduced,,,2020,
148790928,FR,present,introduced,,,2020,
148790929,FR,present,introduced,,,2020,
148790930,FR,present,introduced,,,2020,
148790931,FR,present,introduced,,,2020,
148790932,FR,present,introduced,,,2020,
148790933,FR,present,introduced,,,2020,
148790934,FR,present,introduced,,,2020,
148790935,FR,present,introduced,,,2020,
148790936,FR,present,introduced,,,2020,
148790937,FR,present,introduced,,,2020,
148790938,FR,present,introduced,,,2020,
148790939,FR,present,introduced,,,2020,
148790940,FR,present,introduced,,,2020,
148790941,FR,present,introduced,,,2020,
148790942,FR,present,introduced,,,2020,
148790943,FR,present,introduced,,,2020,
148790944,FR,present,introduced,,,2020,
148790945,FR,present,introduced,invasive,,2020,
148790946,FR,present,introduced,,,2020,
148790947,FR,present,introduced,,,2020,
148790948,FR,present,introduced,,,2020,
148790949,FR,present,introduced,,,2020,
148790950,FR,present,introduced,,,2020,
148790951,FR,present,introduced,,,2020,
148790952,FR,present,introduced,,,2020,
148790953,FR,present,introduced,,,2020,
148790954,FR,present,introduced,,,2020,
148790955,FR,present,introduced,,,2020,
148790956,FR,present,introduced,,,2020,
148790957,FR,present,introduced,,,2020,
148790958,FR,present,introduced,,,2020,
148790959,FR,present,introduced,,,2020,
148790960,FR,present,introduced,,,2020,
148790961,FR,present,introduced,,,2020,
148790962,FR,present,introduced,,,2020,
148790963,FR,present,introduced,,,2020,
148790964,FR,present,introduced,,,2020,
148790965,FR,present,introduced,,,2020,
148790966,FR,present,introduced,,,2020,
148790967,FR,present,introduced,invasive,,2020,
148790968,FR,present,introduced,,,2020,
148790969,FR,present,introduced,,,2020,
148790970,FR,present,introduced,,,2020,
148790971,FR,present,introduced,,,2020,
148790972,FR,present,introduced,,,2020,
148790973,FR,present,introduced,,,2020,
148790974,FR,present,introduced,,,2020,
148790975,FR,present,introduced,,,2020,
148790976,FR,present,introduced,invasive,,2020,
148790977,FR,present,introduced,,,2020,
148790978,FR,present,introduced,,,2020,
148790979,FR,present,introduced,,,2020,
148790980,FR,present,introduced,,,2020,
148790981,FR,present,introduced,invasive,,2020,
148790982,FR,present,introduced,,,2020,
148790983,FR,present,introduced,,,2020,
148790986,FR,present,introduced,,,2020,
148790989,FR,present,introduced,,,2020,
148790991,FR,present,introduced,invasive,,2020,
148790992,FR,present,introduced,,,2020,
148790994,FR,present,introduced,,,2020,
148790995,FR,present,introduced,,,2020,
148790996,FR,present,introduced,invasive,,2020,
148790997,FR,present,introduced,,,2020,
148790998,FR,present,introduced,,,2020,
148790999,FR,present,introduced,,,2020,
148791000,FR,present,introduced,,,2020,
148791001,FR,present,introduced,,,2020,
148791002,FR,present,introduced,invasive,,2020,
148791003,FR,present,introduced,,,2020,
148791004,FR,present,introduced,,,2020,
148791005,FR,present,introduced,,,2020,
148791006,FR,present,introduced,,,2020,
148791007,FR,present,introduced,,,2020,
148791008,FR,present,introduced,,,2020,
148791009,FR,present,introduced,,,2020,
148791010,FR,present,introduced,,,2020,
148791011,FR,present,introduced,,,2020,
148791012,FR,present,introduced,,,2020,
148791013,FR,present,introduced,,,2020,
148791014,FR,present,introduced,,,2020,
148791016,FR,present,introduced,,,2020,
148791017,FR,present,introduced,,,2020,
148791018,FR,present,introduced,,,2020,
148791019,FR,present,introduced,,,2020,
148791022,FR,present,introduced,,,2020,
148791023,FR,present,introduced,,,2020,
148791025,FR,present,introduced,,,2020,
148791026,FR,present,introduced,,,2020,
148791027,FR,present,introduced,,,2020,
148791028,FR,present,introduced,,,2020,
148791029,FR,present,introduced,invasive,,2020,
148791030,FR,present,introduced,,,2020,
148791031,FR,present,introduced,,,2020,
148791032,FR,present,introduced,,,2020,
148791033,FR,present,introduced,,,2020,
148791034,FR,present,introduced,,,2020,
148791035,FR,present,introduced,,,2020,
148791036,FR,present,introduced,,,2020,
148791037,FR,present,introduced,,,2020,
148791038,FR,present,introduced,,,2020,
148791039,FR,present,introduced,,,2020,
148791040,FR,present,introduced,,,2020,
148791041,FR,present,introduced,,,2020,
148791042,FR,present,introduced,,,2020,
148791045,FR,present,introduced,,,2020,
148791047,FR,present,introduced,,,2020,
148791048,FR,present,introduced,,,2020,
148791049,FR,present,introduced,,,2020,
148791050,FR,present,introduced,,,2020,
148791051,FR,present,introduced,,,2020,
148791052,FR,present,introduced,,,2020,
148791053,FR,present,introduced,,,2020,
148791054,FR,present,introduced,,,2020,
148791055,FR,present,introduced,,,2020,
148791056,FR,present,introduced,,,2020,
148791057,FR,present,introduced,,,2020,
148791058,FR,present,introduced,,,2020,
148791059,FR,present,introduced,,,2020,
148791060,FR,present,introduced,,,2020,
148791063,FR,present,introduced,,,2020,
148791067,FR,present,introduced,,,2020,
148791068,FR,present,introduced,,,2020,
148791069,FR,present,introduced,,,2020,
148791072,FR,present,introduced,,,2020,
148791074,FR,present,introduced,,,2020,
148791075,FR,present,introduced,,,2020,
148791076,FR,present,introduced,,,2020,
148791077,FR,present,introduced,,,2020,
148791080,FR,present,introduced,,,2020,
148791081,FR,present,introduced,,,2020,
148791082,FR,present,introduced,,,2020,
148791086,FR,present,introduced,,,2020,
148791089,FR,present,introduced,,,2020,
148791093,FR,present,introduced,,,2020,
148791094,FR,present,introduced,,,2020,
148791095,FR,present,introduced,,,2020,
148791096,FR,present,introduced,,,2020,
148791097,FR,present,introduced,,,2020,
148791098,FR,present,introduced,,,2020,
148791099,FR,present,introduced,,,2020,
148791100,FR,present,introduced,,,2020,
148791101,FR,present,introduced,,,2020,
148791102,FR,present,introduced,,,2020,
148791103,FR,present,introduced,,,2020,
148791104,FR,present,introduced,,,2020,
148791105,FR,present,introduced,,,2020,
148791109,FR,present,introduced,,,2020,
148791111,FR,present,introduced,invasive,,2020,
148791112,FR,present,introduced,,,2020,
148791113,FR,present,introduced,,,2020,
148791114,FR,present,introduced,invasive,,2020,
148791115,FR,present,introduced,,,2020,
148791118,FR,present,introduced,,,2020,
148791119,FR,present,introduced,,,2020,
148791122,FR,present,introduced,,,2020,
148791126,FR,present,introduced,,,2020,
148791128,FR,present,introduced,,,2020,
148791129,FR,present,introduced,,,2020,
148791131,FR,present,introduced,,,2020,
148791132,FR,present,introduced,,,2020,
148791133,FR,present,introduced,,,2020,
148791134,FR,present,introduced,,,2020,
148791137,FR,present,introduced,,,2020,
148791138,FR,present,introduced,,,2020,
148791142,FR,present,introduced,,,2020,
148791144,FR,present,introduced,,,2020,
148791146,FR,present,introduced,,,2020,
148791147,FR,present,introduced,,,2020,
148791148,FR,present,introduced,,,2020,
148791149,FR,present,introduced,,,2020,
148791150,FR,present,introduced,,,2020,
148791151,FR,present,introduced,,,2020,
148791152,FR,present,introduced,,,2020,
148791153,FR,present,introduced,invasive,,2020,
148791154,FR,present,introduced,,,2020,
148791155,FR,present,introduced,,,2020,
148791156,FR,present,introduced,,,2020,
148791157,FR,present,introduced,,,2020,
148791158,FR,present,introduced,,,2020,
148791159,FR,present,introduced,,,2020,
148791160,FR,present,introduced,,,2020,
148791161,FR,present,introduced,,,2020,
148791164,FR,present,introduced,,,2020,
148791165,FR,present,introduced,,,2020,
148791166,FR,present,introduced,,,2020,
148791170,FR,present,introduced,,,2020,
148791172,FR,present,introduced,,,2020,
148791174,FR,present,introduced,,,2020,
148791175,FR,present,introduced,,,2020,
148791176,FR,present,introduced,,,2020,
148791177,FR,present,introduced,,,2020,
148791178,FR,present,introduced,,,2020,
148791179,FR,present,introduced,,,2020,
148791180,FR,present,introduced,,,2020,
148791181,FR,present,introduced,,,2020,
148791182,FR,present,introduced,,,2020,
148791183,FR,present,introduced,,,2020,
148791184,FR,present,introduced,,,2020,
148791185,FR,present,introduced,,,2020,
148791186,FR,present,introduced,,,2020,
148791189,FR,present,introduced,invasive,,2020,
148791191,FR,present,introduced,,,2020,
148791192,FR,present,introduced,invasive,,2020,
148791194,FR,present,introduced,,,2020,
148791196,FR,present,introduced,,,2020,
148791198,FR,present,introduced,,,2020,
148791200,FR,present,introduced,,,2020,
148791201,FR,present,introduced,,,2020,
148791202,FR,present,introduced,,,2020,
148791203,FR,present,introduced,,,2020,
148791204,FR,present,introduced,,,2020,
148791205,FR,present,introduced,,,2020,
148791206,FR,present,introduced,,,2020,
148791207,FR,present,introduced,,,2020,
148791208,FR,present,introduced,,,2020,
148791209,FR,present,introduced,,,2020,
148791210,FR,present,introduced,,,2020,
148791211,FR,present,introduced,,,2020,
148791212,FR,present,introduced,,,2020,
148791213,FR,present,introduced,,,2020,
148791214,FR,present,introduced,,,2020,
148791215,FR,present,introduced,,,2020,
148791216,FR,present,introduced,,,2020,
148791217,FR,present,introduced,,,2020,
148791218,FR,present,introduced,,,2020,
148791219,FR,present,introduced,,,2020,
148791220,FR,present,introduced,,,2020,
148791221,FR,present,introduced,,,2020,
148791222,FR,present,introduced,,,2020,
148791223,FR,present,introduced,,,2020,
148791224,FR,present,introduced,,,2020,
148791225,FR,present,introduced,,,2020,
148791226,FR,present,introduced,,,2020,
148791227,FR,present,introduced,,,2020,
148791228,FR,present,introduced,,,2020,
148791229,FR,present,introduced,,,2020,
148791230,FR,present,introduced,,,2020,
148791231,FR,present,introduced,,,2020,
148791232,FR,present,introduced,,,2020,
148791233,FR,present,introduced,,,2020,
148791234,FR,present,introduced,,,2020,
148791235,FR,present,introduced,invasive,,2020,
148791238,FR,present,introduced,,,2020,
148791241,FR,present,introduced,,,2020,
148791243,FR,present,introduced,,,2020,
148791244,FR,present,introduced,,,2020,
148791245,FR,present,introduced,,,2020,
148791246,FR,present,introduced,,,2020,
148791247,FR,present,introduced,,,2020,
148791248,FR,present,introduced,,,2020,
148791249,FR,present,introduced,,,2020,
148791250,FR,present,introduced,,,2020,
148791251,FR,present,introduced,,,2020,
148791252,FR,present,introduced,,,2020,
148791253,FR,present,introduced,,,2020,
148791254,FR,present,introduced,,,2020,
148791255,FR,present,introduced,,,2020,
148791256,FR,present,introduced,,,2020,
148791257,FR,present,introduced,,,2020,
148791258,FR,present,introduced,,,2020,
148791259,FR,present,introduced,,,2020,
148791260,FR,present,introduced,,,2020,
148791261,FR,present,introduced,,,2020,
148791262,FR,present,introduced,,,2020,
148791265,FR,present,introduced,,,2020,
148791266,FR,present,introduced,,,2020,
148791269,FR,present,introduced,,,2020,
148791270,FR,present,introduced,,,2020,
148791272,FR,present,introduced,,,2020,
148791276,FR,present,introduced,,,2020,
148791277,FR,present,introduced,,,2020,
148791278,FR,present,introduced,,,2020,
148791279,FR,present,introduced,,,2020,
148791280,FR,present,introduced,,,2020,
148791281,FR,present,introduced,,,2020,
148791284,FR,present,introduced,,,2020,
148791285,FR,present,introduced,,,2020,
148791286,FR,present,introduced,,,2020,
148791287,FR,present,introduced,,,2020,
148791288,FR,present,introduced,,,2020,
148791289,FR,present,introduced,,,2020,
148791290,FR,present,introduced,,,2020,
148791291,FR,present,introduced,,,2020,
148791292,FR,present,introduced,,,2020,
148791293,FR,present,introduced,,,2020,
148791294,FR,present,introduced,,,2020,
148791297,FR,present,introduced,,,2020,
148791300,FR,present,introduced,,,2020,
148791301,FR,present,introduced,,,2020,
148791305,FR,present,introduced,,,2020,
148791306,FR,present,introduced,,,2020,
148791308,FR,present,introduced,,,2020,
148791309,FR,present,introduced,,,2020,
148791310,FR,present,introduced,,,2020,
148791311,FR,present,introduced,,,2020,
148791312,FR,present,introduced,,,2020,
148791313,FR,present,introduced,,,2020,
148791314,FR,present,introduced,,,2020,
148791315,FR,present,introduced,,,2020,
148791318,FR,present,introduced,,,2020,
148791319,FR,present,introduced,,,2020,
148791320,FR,present,introduced,,,2020,
148791321,FR,present,introduced,,,2020,
148791322,FR,present,introduced,,,2020,
148791323,FR,present,introduced,,,2020,
148791324,FR,present,introduced,,,2020,
148791325,FR,present,introduced,,,2020,
148791326,FR,present,introduced,,,2020,
148791327,FR,present,introduced,,,2020,
148791328,FR,present,introduced,,,2020,
148791329,FR,present,introduced,,,2020,
148791330,FR,present,introduced,,,2020,
148791331,FR,present,introduced,,,2020,
148791332,FR,present,introduced,,,2020,
148791333,FR,present,introduced,,,2020,
148791334,FR,present,introduced,,,2020,
148791335,FR,present,introduced,,,2020,
148791336,FR,present,introduced,,,2020,
148791337,FR,present,introduced,,,2020,
148791338,FR,present,introduced,,,2020,
148791339,FR,present,introduced,,,2020,
148791340,FR,present,introduced,,,2020,
148791341,FR,present,introduced,,,2020,
148791342,FR,present,introduced,,,2020,
148791343,FR,present,introduced,,,2020,
148791344,FR,present,introduced,,,2020,
148791345,FR,present,introduced,,,2020,
148791346,FR,present,introduced,,,2020,
148791347,FR,present,introduced,,,2020,
148791348,FR,present,introduced,,,2020,
148791349,FR,present,introduced,,,2020,
148791350,FR,present,introduced,,,2020,
148791351,FR,present,introduced,,,2020,
148791352,FR,present,introduced,,,2020,
148791353,FR,present,introduced,,,2020,
148791355,FR,present,introduced,,,2020,
148791356,FR,present,introduced,,,2020,
148791358,FR,present,introduced,,,2020,
148791360,FR,present,introduced,,,2020,
148791362,FR,present,introduced,,,2020,
148791364,FR,present,introduced,,,2020,
148791366,FR,present,introduced,,,2020,
148791370,FR,present,introduced,,,2020,
148791372,FR,present,introduced,,,2020,
148791373,FR,present,introduced,,,2020,
148791374,FR,present,introduced,,,2020,
148791375,FR,present,introduced,,,2020,
148791376,FR,present,introduced,,,2020,
148791377,FR,present,introduced,,,2020,
148791378,FR,present,introduced,,,2020,
148791379,FR,present,introduced,,,2020,
148791380,FR,present,introduced,,,2020,
148791381,FR,present,introduced,,,2020,
148791382,FR,present,introduced,invasive,,2020,
148791383,FR,present,introduced,invasive,,2020,
148791384,FR,present,introduced,,,2020,
148791385,FR,present,introduced,,,2020,
148791386,FR,present,introduced,invasive,,2020,
148791387,FR,present,introduced,,,2020,
148791388,FR,present,introduced,,,2020,
148791389,FR,present,introduced,,,2020,
148791390,FR,present,introduced,,,2020,
148791391,FR,present,introduced,,,2020,
148791392,FR,present,introduced,,,2020,
148791393,FR,present,introduced,,,2020,
148791394,FR,present,introduced,,,2020,
148791395,FR,present,introduced,,,2020,
148791396,FR,present,introduced,,,2020,
148791397,FR,present,introduced,,,2020,
148791398,FR,present,introduced,,,2020,
148791399,FR,present,introduced,,,2020,
148791400,FR,present,introduced,,,2020,
148791401,FR,present,introduced,,,2020,
148791402,FR,present,introduced,,,2020,
148791403,FR,present,introduced,,,2020,
148791404,FR,present,introduced,,,2020,
148791405,FR,present,introduced,,,2020,
148791406,FR,present,introduced,,,2020,
148791407,FR,present,introduced,,,2020,
148791408,FR,present,introduced,,,2020,
148791409,FR,present,introduced,,,2020,
148791410,FR,present,introduced,,,2020,
148791411,FR,present,introduced,,,2020,
148791412,FR,present,introduced,,,2020,
148791413,FR,present,introduced,,,2020,
148791414,FR,present,introduced,,,2020,
148791415,FR,present,introduced,,,2020,
148791416,FR,present,introduced,,,2020,
148791417,FR,present,introduced,,,2020,
148791418,FR,present,introduced,,,2020,
148791419,FR,present,introduced,invasive,,2020,
148791420,FR,present,introduced,,,2020,
148791421,FR,present,introduced,,,2020,
148791422,FR,present,introduced,invasive,,2020,
148791423,FR,present,introduced,,,2020,
148791424,FR,present,introduced,,,2020,
148791425,FR,present,introduced,,,2020,
148791426,FR,present,introduced,,,2020,
148791427,FR,present,introduced,,,2020,
148791428,FR,present,introduced,,,2020,
148791429,FR,present,introduced,,,2020,
148791430,FR,present,introduced,,,2020,
148791431,FR,present,introduced,,,2020,
148791432,FR,present,introduced,,,2020,
148791435,FR,present,introduced,,,2020,
148791437,FR,present,introduced,,,2020,
148791438,FR,present,introduced,,,2020,
148791439,FR,present,introduced,,,2020,
148791440,FR,present,introduced,,,2020,
148791441,FR,present,introduced,,,2020,
148791442,FR,present,introduced,invasive,,2020,
148791443,FR,present,introduced,,,2020,
148791444,FR,present,introduced,,,2020,
148791445,FR,present,introduced,,,2020,
148791446,FR,present,introduced,,,2020,
148791447,FR,present,introduced,,,2020,
148791448,FR,present,introduced,,,2020,
148791449,FR,present,introduced,,,2020,
148791450,FR,present,introduced,,,2020,
148791451,FR,present,introduced,,,2020,
148791452,FR,present,introduced,,,2020,
148791453,FR,present,introduced,,,2020,
148791454,FR,present,introduced,,,2020,
148791455,FR,present,introduced,,,2020,
148791456,FR,present,introduced,,,2020,
148791457,FR,present,introduced,,,2020,
148791458,FR,present,introduced,,,2020,
148791459,FR,present,introduced,,,2020,
148791460,FR,present,introduced,,,2020,
148791461,FR,present,introduced,,,2020,
148791462,FR,present,introduced,,,2020,
148791463,FR,present,introduced,,,2020,
148791464,FR,present,introduced,,,2020,
148791465,FR,present,introduced,,,2020,
148791466,FR,present,introduced,,,2020,
148791467,FR,present,introduced,,,2020,
148791468,FR,present,introduced,invasive,,2020,
148791469,FR,present,introduced,,,2020,
148791470,FR,present,introduced,,,2020,
148791471,FR,present,introduced,,,2020,
148791472,FR,present,introduced,,,2020,
148791473,FR,present,introduced,,,2020,
148791474,FR,present,introduced,,,2020,
148791475,FR,present,introduced,,,2020,
148791476,FR,present,introduced,,,2020,
148791477,FR,present,introduced,,,2020,
148791478,FR,present,introduced,,,2020,
148791479,FR,present,introduced,,,2020,
148791480,FR,present,introduced,,,2020,
148791481,FR,present,introduced,,,2020,
148791482,FR,present,introduced,,,2020,
148791483,FR,present,introduced,invasive,,2020,
148791484,FR,present,introduced,,,2020,
148791485,FR,present,introduced,,,2020,
148791486,FR,present,introduced,,,2020,
148791487,FR,present,introduced,,,2020,
148791488,FR,present,introduced,,,2020,
148791489,FR,present,introduced,,,2020,
148791491,FR,present,introduced,,,2020,
148791492,FR,present,introduced,,,2020,
148791493,FR,present,introduced,,,2020,
148791494,FR,present,introduced,,,2020,
148791497,FR,present,introduced,,,2020,
148791498,FR,present,introduced,,,2020,
148791501,FR,present,introduced,,,2020,
148791502,FR,present,introduced,,,2020,
148791503,FR,present,introduced,,,2020,
148791505,FR,present,introduced,,,2020,
148791508,FR,present,introduced,,,2020,
148791510,FR,present,introduced,,,2020,
148791512,FR,present,introduced,,,2020,
148791514,FR,present,introduced,,,2020,
148791516,FR,present,introduced,,,2020,
148791517,FR,present,introduced,,,2020,
148791518,FR,present,introduced,,,2020,
148791519,FR,present,introduced,,,2020,
148791520,FR,present,introduced,,,2020,
148791521,FR,present,introduced,,,2020,
148791522,FR,present,introduced,,,2020,
148791523,FR,present,introduced,,,2020,
148791524,FR,present,introduced,,,2020,
148791525,FR,present,introduced,,,2020,
148791526,FR,present,introduced,,,2020,
148791527,FR,present,introduced,,,2020,
148791528,FR,present,introduced,,,2020,
148791529,FR,present,introduced,,,2020,
148791530,FR,present,introduced,,,2020,
148791531,FR,present,introduced,,,2020,
148791532,FR,present,introduced,,,2020,
148791533,FR,present,introduced,,,2020,
148791534,FR,present,introduced,,,2020,
148791535,FR,present,introduced,,,2020,
148791536,FR,present,introduced,,,2020,
148791537,FR,present,introduced,,,2020,
148791538,FR,present,introduced,,,2020,
148791539,FR,present,introduced,,,2020,
148791540,FR,present,introduced,,,2020,
148791541,FR,present,introduced,invasive,,2020,
148791542,FR,present,introduced,,,2020,
148791543,FR,present,introduced,,,2020,
148791544,FR,present,introduced,,,2020,
148791545,FR,present,introduced,,,2020,
148791546,FR,present,introduced,,,2020,
148791547,FR,present,introduced,,,2020,
148791548,FR,present,introduced,,,2020,
148791549,FR,present,introduced,,,2020,
148791550,FR,present,introduced,,,2020,
148791551,FR,present,introduced,,,2020,
148791552,FR,present,introduced,,,2020,
148791553,FR,present,introduced,,,2020,
148791554,FR,present,introduced,,,2020,
148791555,FR,present,introduced,,,2020,
148791556,FR,present,introduced,,,2020,
148791557,FR,present,introduced,,,2020,
148791558,FR,present,introduced,,,2020,
148791559,FR,present,introduced,,,2020,
148791560,FR,present,introduced,,,2020,
148791561,FR,present,introduced,invasive,,2020,
148791562,FR,present,introduced,,,2020,
148791563,FR,present,introduced,,,2020,
148791564,FR,present,introduced,,,2020,
148791565,FR,present,introduced,,,2020,
148791566,FR,present,introduced,invasive,,2020,
148791567,FR,present,introduced,,,2020,
148791568,FR,present,introduced,,,2020,
148791569,FR,present,introduced,,,2020,
148791570,FR,present,introduced,,,2020,
148791571,FR,present,introduced,,,2020,
148791572,FR,present,introduced,,,2020,
148791573,FR,present,introduced,,,2020,
148791574,FR,present,introduced,,,2020,
148791575,FR,present,introduced,,,2020,
148791576,FR,present,introduced,,,2020,
148791577,FR,present,introduced,,,2020,
148791578,FR,present,introduced,,,2020,
148791579,FR,present,introduced,,,2020,
148791580,FR,present,introduced,,,2020,
148791581,FR,present,introduced,,,2020,
148791582,FR,present,introduced,,,2020,
148791583,FR,present,introduced,,,2020,
148791584,FR,present,introduced,,,2020,
148791585,FR,present,introduced,,,2020,
148791586,FR,present,introduced,,,2020,
148791587,FR,present,introduced,,,2020,
148791588,FR,present,introduced,,,2020,
148791589,FR,present,introduced,,,2020,
148791590,FR,present,introduced,,,2020,
148791591,FR,present,introduced,,,2020,
148791592,FR,present,introduced,,,2020,
148791593,FR,present,introduced,,,2020,
148791594,FR,present,introduced,,,2020,
148791595,FR,present,introduced,,,2020,
148791598,FR,present,introduced,,,2020,
148791599,FR,present,introduced,,,2020,
148791600,FR,present,introduced,,,2020,
148791601,FR,present,introduced,,,2020,
148791603,FR,present,introduced,,,2020,
148791604,FR,present,introduced,invasive,,2020,
148791605,FR,present,introduced,,,2020,
148791606,FR,present,introduced,,,2020,
148791607,FR,present,introduced,,,2020,
148791610,FR,present,introduced,,,2020,
148791612,FR,present,introduced,,,2020,
148791613,FR,present,introduced,,,2020,
148791614,FR,present,introduced,,,2020,
148791615,FR,present,introduced,,,2020,
148791618,FR,present,introduced,,,2020,
148791619,FR,present,introduced,,,2020,
148791620,FR,present,introduced,,,2020,
148791622,FR,present,introduced,,,2020,
148791623,FR,present,introduced,,,2020,
148791626,FR,present,introduced,,,2020,
148791628,FR,present,introduced,,,2020,
148791630,FR,present,introduced,,,2020,
148791632,FR,present,introduced,,,2020,
148791633,FR,present,introduced,,,2020,
148791634,FR,present,introduced,,,2020,
148791635,FR,present,introduced,,,2020,
148791636,FR,present,introduced,,,2020,
148791637,FR,present,introduced,,,2020,
148791638,FR,present,introduced,,,2020,
148791639,FR,present,introduced,,,2020,
148791640,FR,present,introduced,,,2020,
148791641,FR,present,introduced,,,2020,
148791642,FR,present,introduced,,,2020,
148791643,FR,present,introduced,,,2020,
148791644,FR,present,introduced,,,2020,
148791645,FR,present,introduced,,,2020,
148791646,FR,present,introduced,,,2020,
148791647,FR,present,introduced,,,2020,
148791648,FR,present,introduced,,,2020,
148791649,FR,present,introduced,,,2020,
148791650,FR,present,introduced,invasive,,2020,
148791651,FR,present,introduced,,,2020,
148791652,FR,present,introduced,,,2020,
148791653,FR,present,introduced,,,2020,
148791654,FR,present,introduced,,,2020,
148791655,FR,present,introduced,,,2020,
148791656,FR,present,introduced,,,2020,
148791657,FR,present,introduced,,,2020,
148791658,FR,present,introduced,,,2020,
148791659,FR,present,introduced,,,2020,
148791660,FR,present,introduced,,,2020,
148791661,FR,present,introduced,,,2020,
148791662,FR,present,introduced,,,2020,
148791663,FR,present,introduced,,,2020,
148791664,FR,present,introduced,,,2020,
148791665,FR,present,introduced,,,2020,
148791666,FR,present,introduced,,,2020,
148791667,FR,present,introduced,,,2020,
148791668,FR,present,introduced,,,2020,
148791669,FR,present,introduced,,,2020,
148791670,FR,present,introduced,,,2020,
148791671,FR,present,introduced,,,2020,
148791672,FR,present,introduced,,,2020,
148791673,FR,present,introduced,,,2020,
148791674,FR,present,introduced,,,2020,
148791675,FR,present,introduced,,,2020,
148791676,FR,present,introduced,,,2020,
148791677,FR,present,introduced,,,2020,
148791678,FR,present,introduced,,,2020,
148791679,FR,present,introduced,,,2020,
148791680,FR,present,introduced,,,2020,
148791681,FR,present,introduced,,,2020,
148791682,FR,present,introduced,,,2020,
148791685,FR,present,introduced,,,2020,
148791686,FR,present,introduced,,,2020,
148791688,FR,present,introduced,,,2020,
148791690,FR,present,introduced,,,2020,
148791693,FR,present,introduced,,,2020,
148791695,FR,present,introduced,,,2020,
148791697,FR,present,introduced,,,2020,
148791699,FR,present,introduced,,,2020,
148791700,FR,present,introduced,,,2020,
148791701,FR,present,introduced,,,2020,
148791702,FR,present,introduced,,,2020,
148791703,FR,present,introduced,,,2020,
148791704,FR,present,introduced,,,2020,
148791705,FR,present,introduced,,,2020,
148791706,FR,present,introduced,,,2020,
148791707,FR,present,introduced,,,2020,
148791708,FR,present,introduced,,,2020,
148791709,FR,present,introduced,,,2020,
148791710,FR,present,introduced,,,2020,
148791711,FR,present,introduced,,,2020,
148791712,FR,present,introduced,,,2020,
148791713,FR,present,introduced,,,2020,
148791716,FR,present,introduced,,,2020,
148791717,FR,present,introduced,,,2020,
148791718,FR,present,introduced,,,2020,
148791720,FR,present,introduced,,,2020,
148791722,FR,present,introduced,,,2020,
148791723,FR,present,introduced,,,2020,
148791726,FR,present,introduced,invasive,,2020,
148791727,FR,present,introduced,,,2020,
148791728,FR,present,introduced,,,2020,
148791729,FR,present,introduced,,,2020,
148791730,FR,present,introduced,,,2020,
148791732,FR,present,introduced,,,2020,
148791733,FR,present,introduced,,,2020,
148791736,FR,present,introduced,,,2020,
148791738,FR,present,introduced,,,2020,
148791740,FR,present,introduced,,,2020,
148791741,FR,present,introduced,,,2020,
148791742,FR,present,introduced,invasive,,2020,
148791743,FR,present,introduced,,,2020,
148791744,FR,present,introduced,,,2020,
148791745,FR,present,introduced,,,2020,
148791746,FR,present,introduced,,,2020,
148791747,FR,present,introduced,,,2020,
148791748,FR,present,introduced,,,2020,
148791749,FR,present,introduced,,,2020,
148791750,FR,present,introduced,,,2020,
148791751,FR,present,introduced,,,2020,
148791752,FR,present,introduced,,,2020,
148791753,FR,present,introduced,,,2020,
148791754,FR,present,introduced,,,2020,
148791755,FR,present,introduced,,,2020,
148791756,FR,present,introduced,,,2020,
148791757,FR,present,introduced,,,2020,
148791758,FR,present,introduced,,,2020,
148791759,FR,present,introduced,,,2020,
148791760,FR,present,introduced,,,2020,
148791761,FR,present,introduced,,,2020,
148791762,FR,present,introduced,,,2020,
148791763,FR,present,introduced,,,2020,
148791764,FR,present,introduced,,,2020,
148791765,FR,present,introduced,invasive,,2020,
148791766,FR,present,introduced,,,2020,
148791767,FR,present,introduced,,,2020,
148791769,FR,present,introduced,,,2020,
148791771,FR,present,introduced,,,2020,
148791772,FR,present,introduced,,,2020,
148791773,FR,present,introduced,,,2020,
148791774,FR,present,introduced,,,2020,
148791775,FR,present,introduced,,,2020,
148791776,FR,present,introduced,,,2020,
148791777,FR,present,introduced,,,2020,
148791778,FR,present,introduced,,,2020,
148791779,FR,present,introduced,,,2020,
148791780,FR,present,introduced,,,2020,
148791781,FR,present,introduced,,,2020,
148791783,FR,present,introduced,,,2020,
148791786,FR,present,introduced,,,2020,
148791788,FR,present,introduced,,,2020,
148791790,FR,present,introduced,,,2020,
148791792,FR,present,introduced,,,2020,
148791794,FR,present,introduced,,,2020,
148791796,FR,present,introduced,,,2020,
148791797,FR,present,introduced,,,2020,
148791798,FR,present,introduced,,,2020,
148791799,FR,present,introduced,,,2020,
148791801,FR,present,introduced,,,2020,
148791803,FR,present,introduced,,,2020,
148791805,FR,present,introduced,,,2020,
148791806,FR,present,introduced,,,2020,
148791807,FR,present,introduced,,,2020,
148791808,FR,present,introduced,,,2020,
148791809,FR,present,introduced,,,2020,
148791810,FR,present,introduced,,,2020,
148791811,FR,present,introduced,,,2020,
148791812,FR,present,introduced,,,2020,
148791813,FR,present,introduced,,,2020,
148791814,FR,present,introduced,,,2020,
148791815,FR,present,introduced,,,2020,
148791816,FR,present,introduced,,,2020,
148791817,FR,present,introduced,,,2020,
148791818,FR,present,introduced,,,2020,
148791819,FR,present,introduced,,,2020,
148791820,FR,present,introduced,,,2020,
148791821,FR,present,introduced,,,2020,
148791822,FR,present,introduced,invasive,,2020,
148791823,FR,present,introduced,,,2020,
148791824,FR,present,introduced,,,2020,
148791825,FR,present,introduced,,,2020,
148791826,FR,present,introduced,,,2020,
148791827,FR,present,introduced,,,2020,
148791828,FR,present,introduced,,,2020,
148791829,FR,present,introduced,,,2020,
148791830,FR,present,introduced,,,2020,
148791831,FR,present,introduced,,,2020,
148791832,FR,present,introduced,,,2020,
148791833,FR,present,introduced,,,2020,
148791834,FR,present,introduced,,,2020,
148791835,FR,present,introduced,,,2020,
148791836,FR,present,introduced,,,2020,
148791837,FR,present,introduced,,,2020,
148791838,FR,present,introduced,,,2020,
148791839,FR,present,introduced,invasive,,2020,
148791840,FR,present,introduced,,,2020,
148791841,FR,present,introduced,,,2020,
148791842,FR,present,introduced,,,2020,
148791843,FR,present,introduced,,,2020,
148791844,FR,present,introduced,,,2020,
148791845,FR,present,introduced,,,2020,
148791846,FR,present,introduced,,,2020,
148791847,FR,present,introduced,,,2020,
148791848,FR,present,introduced,,,2020,
148791849,FR,present,introduced,,,2020,
148791850,FR,present,introduced,,,2020,
148791851,FR,present,introduced,,,2020,
148791852,FR,present,introduced,invasive,,2020,
148791853,FR,present,introduced,,,2020,
148791856,FR,present,introduced,invasive,,2020,
148791857,FR,present,introduced,,,2020,
148791859,FR,present,introduced,,,2020,
148791861,FR,present,introduced,,,2020,
148791863,FR,present,introduced,,,2020,
148791865,FR,present,introduced,,,2020,
148791867,FR,present,introduced,,,2020,
148791869,FR,present,introduced,,,2020,
148791871,FR,present,introduced,,,2020,
148791873,FR,present,introduced,,,2020,
148791875,FR,present,introduced,,,2020,
148791876,FR,present,introduced,,,2020,
148791877,FR,present,introduced,,,2020,
148791878,FR,present,introduced,,,2020,
148791879,FR,present,introduced,,,2020,
148791880,FR,present,introduced,,,2020,
148791881,FR,present,introduced,,,2020,
148791882,FR,present,introduced,,,2020,
148791883,FR,present,introduced,,,2020,
148791884,FR,present,introduced,,,2020,
148791885,FR,present,introduced,,,2020,
148791886,FR,present,introduced,,,2020,
148791887,FR,present,introduced,,,2020,
148791888,FR,present,introduced,,,2020,
148791889,FR,present,introduced,,,2020,
148791890,FR,present,introduced,,,2020,
148791891,FR,present,introduced,invasive,,2020,
148791892,FR,present,introduced,,,2020,
148791893,FR,present,introduced,,,2020,
148791894,FR,present,introduced,,,2020,
148791895,FR,present,introduced,,,2020,
148791896,FR,present,introduced,,,2020,
148791897,FR,present,introduced,,,2020,
148791898,FR,present,introduced,,,2020,
148791899,FR,present,introduced,,,2020,
148791900,FR,present,introduced,,,2020,
148791901,FR,present,introduced,,,2020,
148791902,FR,present,introduced,,,2020,
148791903,FR,present,introduced,,,2020,
148791904,FR,present,introduced,invasive,,2020,
148791905,FR,present,introduced,,,2020,
148791906,FR,present,introduced,,,2020,
148791907,FR,present,introduced,,,2020,
148791908,FR,present,introduced,,,2020,
148791909,FR,present,introduced,,,2020,
148791910,FR,present,introduced,,,2020,
148791911,FR,present,introduced,,,2020,
148791912,FR,present,introduced,,,2020,
148791913,FR,present,introduced,,,2020,
148791914,FR,present,introduced,,,2020,
148791915,FR,present,introduced,,,2020,
148791916,FR,present,introduced,,,2020,
148791917,FR,present,introduced,,,2020,
148791918,FR,present,introduced,,,2020,
148791919,FR,present,introduced,,,2020,
148791920,FR,present,introduced,invasive,,2020,
148791921,FR,present,introduced,invasive,,2020,
148791922,FR,present,introduced,,,2020,
148791923,FR,present,introduced,,,2020,
148791924,FR,present,introduced,,,2020,
148791925,FR,present,introduced,,,2020,
148791926,FR,present,introduced,,,2020,
148791929,FR,present,introduced,,,2020,
148791930,FR,present,introduced,,,2020,
148791931,FR,present,introduced,,,2020,
148791932,FR,present,introduced,,,2020,
148791933,FR,present,introduced,,,2020,
148791934,FR,present,introduced,,,2020,
148791937,FR,present,introduced,,,2020,
148791938,FR,present,introduced,,,2020,
148791939,FR,present,introduced,,,2020,
148791941,FR,present,introduced,,,2020,
148791942,FR,present,introduced,,,2020,
148791945,FR,present,introduced,,,2020,
148791946,FR,present,introduced,,,2020,
148791947,FR,present,introduced,,,2020,
148791949,FR,present,introduced,,,2020,
148791950,FR,present,introduced,,,2020,
148791953,FR,present,introduced,,,2020,
148791955,FR,present,introduced,,,2020,
148791957,FR,present,introduced,,,2020,
148791958,FR,present,introduced,,,2020,
148791959,FR,present,introduced,invasive,,2020,
148791960,FR,present,introduced,,,2020,
148791961,FR,present,introduced,,,2020,
148791963,FR,present,introduced,,,2020,
148791965,FR,present,introduced,,,2020,
148791967,FR,present,introduced,,,2020,
148791968,FR,present,introduced,,,2020,
148791969,FR,present,introduced,,,2020,
148791970,FR,present,introduced,,,2020,
148791971,FR,present,introduced,,,2020,
148791972,FR,present,introduced,,,2020,
148791973,FR,present,introduced,,,2020,
148791974,FR,present,introduced,,,2020,
148791975,FR,present,introduced,,,2020,
148791976,FR,present,introduced,,,2020,
148791977,FR,present,introduced,,,2020,
148791978,FR,present,introduced,,,2020,
148791979,FR,present,introduced,,,2020,
148791980,FR,present,introduced,,,2020,
148791981,FR,present,introduced,,,2020,
148791982,FR,present,introduced,,,2020,
148791983,FR,present,introduced,,,2020,
148791984,FR,present,introduced,,,2020,
148791985,FR,present,introduced,,,2020,
148791986,FR,present,introduced,,,2020,
148791987,FR,present,introduced,,,2020,
148791988,FR,present,introduced,,,2020,
148791989,FR,present,introduced,,,2020,
148791990,FR,present,introduced,,,2020,
148791991,FR,present,introduced,,,2020,
148791992,FR,present,introduced,,,2020,
148791993,FR,present,introduced,,,2020,
148791994,FR,present,introduced,,,2020,
148791995,FR,present,introduced,,,2020,
148791996,FR,present,introduced,,,2020,
148791997,FR,present,introduced,,,2020,
148791998,FR,present,introduced,,,2020,
148791999,FR,present,introduced,,,2020,
148792000,FR,present,introduced,,,2020,
148792001,FR,present,introduced,,,2020,
148792002,FR,present,introduced,,,2020,
148792003,FR,present,introduced,,,2020,
148792004,FR,present,introduced,,,2020,
148792005,FR,present,introduced,,,2020,
148792006,FR,present,introduced,,,2020,
148792007,FR,present,introduced,,,2020,
148792008,FR,present,introduced,,,2020,
148792009,FR,present,introduced,,,2020,
148792010,FR,present,introduced,,,2020,
148792011,FR,present,introduced,,,2020,
148792012,FR,present,introduced,,,2020,
148792013,FR,present,introduced,,,2020,
148792014,FR,present,introduced,,,2020,
148792015,FR,present,introduced,,,2020,
148792016,FR,present,introduced,,,2020,
148792019,FR,present,introduced,,,2020,
148792020,FR,present,introduced,,,2020,
148792021,FR,present,introduced,,,2020,
148792022,FR,present,introduced,,,2020,
148792023,FR,present,introduced,invasive,,2020,
148792025,FR,present,introduced,,,2020,
148792026,FR,present,introduced,,,2020,
148792028,FR,present,introduced,,,2020,
148792029,FR,present,introduced,,,2020,
148792031,FR,present,introduced,,,2020,
148792034,FR,present,introduced,,,2020,
148792036,FR,present,introduced,,,2020,
148792037,FR,present,introduced,,,2020,
148792038,FR,present,introduced,,,2020,
148792039,FR,present,introduced,,,2020,
148792040,FR,present,introduced,,,2020,
148792041,FR,present,introduced,,,2020,
148792042,FR,present,introduced,,,2020,
148792043,FR,present,introduced,,,2020,
148792044,FR,present,introduced,,,2020,
148792045,FR,present,introduced,,,2020,
148792046,FR,present,introduced,,,2020,
148792047,FR,present,introduced,,,2020,
148792048,FR,present,introduced,,,2020,
148792049,FR,present,introduced,,,2020,
148792050,FR,present,introduced,,,2020,
148792051,FR,present,introduced,,,2020,
148792054,FR,present,introduced,,,2020,
148792056,FR,present,introduced,,,2020,
148792058,FR,present,introduced,,,2020,
148792059,FR,present,introduced,,,2020,
148792060,FR,present,introduced,,,2020,
148792061,FR,present,introduced,,,2020,
148792063,FR,present,introduced,,,2020,
148792064,FR,present,introduced,,,2020,
148792065,FR,present,introduced,,,2020,
148792066,FR,present,introduced,,,2020,
148792067,FR,present,introduced,,,2020,
148792068,FR,present,introduced,,,2020,
148792070,FR,present,introduced,,,2020,
148792071,FR,present,introduced,,,2020,
148792072,FR,present,introduced,,,2020,
148792074,FR,present,introduced,,,2020,
148792076,FR,present,introduced,,,2020,
148792077,FR,present,introduced,,,2020,
148792078,FR,present,introduced,,,2020,
148792079,FR,present,introduced,,,2020,
148792080,FR,present,introduced,,,2020,
148792082,FR,present,introduced,,,2020,
148792085,FR,present,introduced,,,2020,
148792086,FR,present,introduced,,,2020,
148792088,FR,present,introduced,,,2020,
148792090,FR,present,introduced,,,2020,
148792092,FR,present,introduced,,,2020,
148792093,FR,present,introduced,invasive,,2020,
148792096,FR,present,introduced,,,2020,
148792097,FR,present,introduced,,,2020,
148792099,FR,present,introduced,,,2020,
148792100,FR,present,introduced,,,2020,
148792101,FR,present,introduced,invasive,,2020,
148792102,FR,present,introduced,,,2020,
148792104,FR,present,introduced,,,2020,
148792105,FR,present,introduced,,,2020,
148792106,FR,present,introduced,,,2020,
148792107,FR,present,introduced,,,2020,
148792110,FR,present,introduced,,,2020,
148792112,FR,present,introduced,,,2020,
148792114,FR,present,introduced,,,2020,
148792116,FR,present,introduced,,,2020,
148792117,FR,present,introduced,,,2020,
148792118,FR,present,introduced,,,2020,
148792119,FR,present,introduced,,,2020,
148792120,FR,present,introduced,,,2020,
148792121,FR,present,introduced,,,2020,
148792123,FR,present,introduced,,,2020,
148792124,FR,present,introduced,,,2020,
148792125,FR,present,introduced,,,2020,
148792128,FR,present,introduced,,,2020,
148792130,FR,present,introduced,,,2020,
148792131,FR,present,introduced,,,2020,
148792132,FR,present,introduced,,,2020,
148792133,FR,present,introduced,,,2020,
148792134,FR,present,introduced,,,2020,
148792135,FR,present,introduced,,,2020,
148792136,FR,present,introduced,,,2020,
148792137,FR,present,introduced,,,2020,
148792138,FR,present,introduced,,,2020,
148792139,FR,present,introduced,,,2020,
148792140,FR,present,introduced,,,2020,
148792141,FR,present,introduced,,,2020,
148792142,FR,present,introduced,,,2020,
148792143,FR,present,introduced,invasive,,2020,
148792144,FR,present,introduced,invasive,,2020,
148792145,FR,present,introduced,,,2020,
148792146,FR,present,introduced,,,2020,
148792147,FR,present,introduced,,,2020,
148792148,FR,present,introduced,,,2020,
148792151,FR,present,introduced,,,2020,
148792153,FR,present,introduced,,,2020,
148792154,FR,present,introduced,,,2020,
148792156,FR,present,introduced,,,2020,
148792157,FR,present,introduced,,,2020,
148792158,FR,present,introduced,,,2020,
148792159,FR,present,introduced,,,2020,
148792160,FR,present,introduced,,,2020,
148792161,FR,present,introduced,,,2020,
148792162,FR,present,introduced,,,2020,
148792163,FR,present,introduced,,,2020,
148792164,FR,present,introduced,invasive,,2020,
148792165,FR,present,introduced,,,2020,
148792166,FR,present,introduced,,,2020,
148792167,FR,present,introduced,,,2020,
148792168,FR,present,introduced,,,2020,
148792169,FR,present,introduced,,,2020,
148792170,FR,present,introduced,,,2020,
148792171,FR,present,introduced,,,2020,
148792172,FR,present,introduced,,,2020,
148792173,FR,present,introduced,,,2020,
148792174,FR,present,introduced,,,2020,
148792175,FR,present,introduced,,,2020,
148792176,FR,present,introduced,,,2020,
148792177,FR,present,introduced,,,2020,
148792178,FR,present,introduced,,,2020,
148792179,FR,present,introduced,,,2020,
148792180,FR,present,introduced,,,2020,
148792181,FR,present,introduced,,,2020,
148792182,FR,present,introduced,,,2020,
148792183,FR,present,introduced,invasive,,2020,
148792184,FR,present,introduced,invasive,,2020,
148792185,FR,present,introduced,,,2020,
148792186,FR,present,introduced,,,2020,
148792187,FR,present,introduced,,,2020,
148792188,FR,present,introduced,,,2020,
148792189,FR,present,introduced,,,2020,
148792190,FR,present,introduced,,,2020,
148792191,FR,present,introduced,,,2020,
148792192,FR,present,introduced,,,2020,
148792193,FR,present,introduced,,,2020,
148792194,FR,present,introduced,,,2020,
148792195,FR,present,introduced,,,2020,
148792196,FR,present,introduced,,,2020,
148792197,FR,present,introduced,,,2020,
148792198,FR,present,introduced,,,2020,
148792199,FR,present,introduced,invasive,,2020,
148792200,FR,present,introduced,,,2020,
148792201,FR,present,introduced,invasive,,2020,
148792202,FR,present,introduced,invasive,,2020,
148792205,FR,present,introduced,,,2020,
148792207,FR,present,introduced,,,2020,
148792209,FR,present,introduced,,,2020,
148792211,FR,present,introduced,,,2020,
148792213,FR,present,introduced,,,2020,
148792214,FR,present,introduced,,,2020,
148792215,FR,present,introduced,,,2020,
148792216,FR,present,introduced,,,2020,
148792217,FR,present,introduced,,,2020,
148792218,FR,present,introduced,,,2020,
148792219,FR,present,introduced,,,2020,
148792220,FR,present,introduced,,,2020,
148792221,FR,present,introduced,,,2020,
148792222,FR,present,introduced,,,2020,
148792223,FR,present,introduced,,,2020,
148792224,FR,present,introduced,,,2020,
148792225,FR,present,introduced,,,2020,
148792226,FR,present,introduced,,,2020,
148792227,FR,present,introduced,,,2020,
148792228,FR,present,introduced,,,2020,
148792229,FR,present,introduced,,,2020,
148792230,FR,present,introduced,,,2020,
148792231,FR,present,introduced,,,2020,
148792232,FR,present,introduced,,,2020,
148792234,FR,present,introduced,,,2020,
148792235,FR,present,introduced,,,2020,
148792238,FR,present,introduced,,,2020,
148792240,FR,present,introduced,,,2020,
148792241,FR,present,introduced,,,2020,
148792242,FR,present,introduced,,,2020,
148792244,FR,present,introduced,,,2020,
148792245,FR,present,introduced,,,2020,
148792246,FR,present,introduced,,,2020,
148792247,FR,present,introduced,invasive,,2020,
148792249,FR,present,introduced,,,2020,
148792252,FR,present,introduced,,,2020,
148792253,FR,present,introduced,,,2020,
148792254,FR,present,introduced,,,2020,
148792255,FR,present,introduced,,,2020,
148792256,FR,present,introduced,,,2020,
148792257,FR,present,introduced,,,2020,
148792258,FR,present,introduced,,,2020,
148792259,FR,present,introduced,,,2020,
148792260,FR,present,introduced,,,2020,
148792261,FR,present,introduced,,,2020,
148792262,FR,present,introduced,,,2020,
148792263,FR,present,introduced,,,2020,
148792266,FR,present,introduced,,,2020,
148792269,FR,present,introduced,,,2020,
148792270,FR,present,introduced,,,2020,
148792271,FR,present,introduced,,,2020,
148792272,FR,present,introduced,,,2020,
148792273,FR,present,introduced,,,2020,
148792274,FR,present,introduced,,,2020,
148792275,FR,present,introduced,,,2020,
148792276,FR,present,introduced,invasive,,2020,
148792277,FR,present,introduced,,,2020,
148792279,FR,present,introduced,,,2020,
148792281,FR,present,introduced,,,2020,
148792282,FR,present,introduced,,,2020,
148792283,FR,present,introduced,,,2020,
148792284,FR,present,introduced,,,2020,
148792286,FR,present,introduced,,,2020,
148792287,FR,present,introduced,,,2020,
148792288,FR,present,introduced,,,2020,
148792289,FR,present,introduced,,,2020,
148792290,FR,present,introduced,,,2020,
148792291,FR,present,introduced,,,2020,
148792292,FR,present,introduced,,,2020,
148792293,FR,present,introduced,,,2020,
148792294,FR,present,introduced,,,2020,
148792295,FR,present,introduced,,,2020,
148792296,FR,present,introduced,,,2020,
148792297,FR,present,introduced,,,2020,
148792299,FR,present,introduced,,,2020,
148792301,FR,present,introduced,,,2020,
148792302,FR,present,introduced,,,2020,
148792305,FR,present,introduced,,,2020,
148792307,FR,present,introduced,,,2020,
148792308,FR,present,introduced,,,2020,
148792309,FR,present,introduced,,,2020,
148792310,FR,present,introduced,,,2020,
148792311,FR,present,introduced,,,2020,
148792312,FR,present,introduced,,,2020,
148792313,FR,present,introduced,,,2020,
148792314,FR,present,introduced,,,2020,
148792315,FR,present,introduced,,,2020,
148792316,FR,present,introduced,,,2020,
148792317,FR,present,introduced,,,2020,
148792318,FR,present,introduced,,,2020,
148792319,FR,present,introduced,,,2020,
148792322,FR,present,introduced,,,2020,
148792323,FR,present,introduced,invasive,,2020,
148792324,FR,present,introduced,invasive,,2020,
148792325,FR,present,introduced,,,2020,
148792326,FR,present,introduced,,,2020,
148792328,FR,present,introduced,,,2020,
148792329,FR,present,introduced,,,2020,
148792330,FR,present,introduced,,,2020,
148792331,FR,present,introduced,,,2020,
148792332,FR,present,introduced,,,2020,
148792333,FR,present,introduced,,,2020,
148792334,FR,present,introduced,,,2020,
148792336,FR,present,introduced,,,2020,
148792339,FR,present,introduced,,,2020,
148792341,FR,present,introduced,,,2020,
148792343,FR,present,introduced,,,2020,
148792345,FR,present,introduced,,,2020,
148792347,FR,present,introduced,,,2020,
148792349,FR,present,introduced,invasive,,2020,
148792350,FR,present,introduced,,,2020,
148792351,FR,present,introduced,,,2020,
148792352,FR,present,introduced,,,2020,
148792353,FR,present,introduced,,,2020,
148792354,FR,present,introduced,,,2020,
148792355,FR,present,introduced,,,2020,
148792356,FR,present,introduced,,,2020,
148792357,FR,present,introduced,,,2020,
148792358,FR,present,introduced,,,2020,
148792359,FR,present,introduced,,,2020,
148792360,FR,present,introduced,,,2020,
148792361,FR,present,introduced,,,2020,
148792362,FR,present,introduced,,,2020,
148792363,FR,present,introduced,,,2020,
148792364,FR,present,introduced,,,2020,
148792365,FR,present,introduced,,,2020,
148792368,FR,present,introduced,,,2020,
148792369,FR,present,introduced,,,2020,
148792370,FR,present,introduced,,,2020,
148792371,FR,present,introduced,,,2020,
148792372,FR,present,introduced,,,2020,
148792373,FR,present,introduced,,,2020,
148792374,FR,present,introduced,,,2020,
148792375,FR,present,introduced,,,2020,
148792376,FR,present,introduced,,,2020,
148792378,FR,present,introduced,,,2020,
148792379,FR,present,introduced,,,2020,
148792382,FR,present,introduced,,,2020,
148792384,FR,present,introduced,,,2020,
148792386,FR,present,introduced,,,2020,
148792388,FR,present,introduced,,,2020,
148792390,FR,present,introduced,,,2020,
148792391,FR,present,introduced,,,2020,
148792393,FR,present,introduced,,,2020,
148792395,FR,present,introduced,,,2020,
148792397,FR,present,introduced,,,2020,
148792399,FR,present,introduced,,,2020,
148792401,FR,present,introduced,,,2020,
148792403,FR,present,introduced,,,2020,
148792404,FR,present,introduced,,,2020,
148792405,FR,present,introduced,,,2020,
148792407,FR,present,introduced,,,2020,
148792409,FR,present,introduced,,,2020,
148792411,FR,present,introduced,,,2020,
148792413,FR,present,introduced,,,2020,
148792415,FR,present,introduced,,,2020,
148792417,FR,present,introduced,,,2020,
148792419,FR,present,introduced,,,2020,
148792421,FR,present,introduced,,,2020,
148792423,FR,present,introduced,,,2020,
148792425,FR,present,introduced,,,2020,
148792426,FR,present,introduced,,,2020,
148792427,FR,present,introduced,,,2020,
148792428,FR,present,introduced,,,2020,
148792429,FR,present,introduced,,,2020,
148792430,FR,present,introduced,,,2020,
148792431,FR,present,introduced,,,2020,
148792432,FR,present,introduced,,,2020,
148792434,FR,present,introduced,,,2020,
148792436,FR,present,introduced,,,2020,
148792440,FR,present,introduced,,,2020,
148792442,FR,present,introduced,,,2020,
148792444,FR,present,introduced,,,2020,
148792445,FR,present,introduced,,,2020,
148792447,FR,present,introduced,,,2020,
148792449,FR,present,introduced,,,2020,
148792451,FR,present,introduced,,,2020,
148792452,FR,present,introduced,,,2020,
148792454,FR,present,introduced,,,2020,
148792456,FR,present,introduced,,,2020,
148792457,FR,present,introduced,,,2020,
148792458,FR,present,introduced,,,2020,
148792459,FR,present,introduced,,,2020,
148792460,FR,present,introduced,,,2020,
148792461,FR,present,introduced,,,2020,
148792462,FR,present,introduced,,,2020,
148792463,FR,present,introduced,,,2020,
148792464,FR,present,introduced,,,2020,
148792465,FR,present,introduced,,,2020,
148792466,FR,present,introduced,,,2020,
148792467,FR,present,introduced,,,2020,
148792468,FR,present,introduced,,,2020,
148792469,FR,present,introduced,,,2020,
148792470,FR,present,introduced,,,2020,
148792471,FR,present,introduced,,,2020,
148792472,FR,present,introduced,,,2020,
148792473,FR,present,introduced,,,2020,
148792474,FR,present,introduced,,,2020,
148792475,FR,present,introduced,,,2020,
148792476,FR,present,introduced,,,2020,
148792477,FR,present,introduced,,,2020,
148792478,FR,present,introduced,,,2020,
148792479,FR,present,introduced,,,2020,
148792480,FR,present,introduced,invasive,,2020,
148792481,FR,present,introduced,,,2020,
148792482,FR,present,introduced,,,2020,
148792483,FR,present,introduced,invasive,,2020,
148792484,FR,present,introduced,,,2020,
148792485,FR,present,introduced,,,2020,
148792486,FR,present,introduced,,,2020,
148792487,FR,present,introduced,,,2020,
148792488,FR,present,introduced,,,2020,
148792489,FR,present,introduced,,,2020,
148792490,FR,present,introduced,invasive,,2020,
148792491,FR,present,introduced,,,2020,
148792492,FR,present,introduced,,,2020,
148792493,FR,present,introduced,,,2020,
148792494,FR,present,introduced,,,2020,
148792495,FR,present,introduced,,,2020,
148792496,FR,present,introduced,,,2020,
148792497,FR,present,introduced,,,2020,
148792498,FR,present,introduced,,,2020,
148792499,FR,present,introduced,,,2020,
148792500,FR,present,introduced,,,2020,
148792501,FR,present,introduced,,,2020,
148792502,FR,present,introduced,,,2020,
148792503,FR,present,introduced,,,2020,
148792504,FR,present,introduced,,,2020,
148792505,FR,present,introduced,,,2020,
148792506,FR,present,introduced,,,2020,
148792507,FR,present,introduced,invasive,,2020,
148792508,FR,present,introduced,,,2020,
148792509,FR,present,introduced,,,2020,
148792510,FR,present,introduced,,,2020,
148792511,FR,present,introduced,,,2020,
148792512,FR,present,introduced,,,2020,
148792513,FR,present,introduced,,,2020,
148792514,FR,present,introduced,,,2020,
148792515,FR,present,introduced,,,2020,
148792516,FR,present,introduced,,,2020,
148792517,FR,present,introduced,,,2020,
148792518,FR,present,introduced,invasive,,2020,
148792519,FR,present,introduced,,,2020,
148792520,FR,present,introduced,invasive,,2020,
148792521,FR,present,introduced,,,2020,
148792522,FR,present,introduced,,,2020,
148792523,FR,present,introduced,,,2020,
148792524,FR,present,introduced,,,2020,
148792525,FR,present,introduced,,,2020,
148792526,FR,present,introduced,,,2020,
148792527,FR,present,introduced,,,2020,
148792528,FR,present,introduced,,,2020,
148792529,FR,present,introduced,,,2020,
148792530,FR,present,introduced,,,2020,
148792531,FR,present,introduced,,,2020,
148792532,FR,present,introduced,,,2020,
148792533,FR,present,introduced,,,2020,
148792534,FR,present,introduced,,,2020,
148792535,FR,present,introduced,,,2020,
148792536,FR,present,introduced,,,2020,
148792537,FR,present,introduced,,,2020,
148792538,FR,present,introduced,,,2020,
148792539,FR,present,introduced,,,2020,
148792540,FR,present,introduced,,,2020,
148792541,FR,present,introduced,,,2020,
148792542,FR,present,introduced,,,2020,
148792543,FR,present,introduced,,,2020,
148792544,FR,present,introduced,,,2020,
148792545,FR,present,introduced,,,2020,
148792546,FR,present,introduced,,,2020,
148792547,FR,present,introduced,,,2020,
148792548,FR,present,introduced,,,2020,
148792549,FR,present,introduced,,,2020,
148792550,FR,present,introduced,,,2020,
148792551,FR,present,introduced,invasive,,2020,
148792552,FR,present,introduced,,,2020,
148792553,FR,present,introduced,,,2020,
148792554,FR,present,introduced,invasive,,2020,
148792555,FR,present,introduced,,,2020,
148792556,FR,present,introduced,,,2020,
148792557,FR,present,introduced,,,2020,
148792558,FR,present,introduced,,,2020,
148792559,FR,present,introduced,,,2020,
148792560,FR,present,introduced,,,2020,
148792561,FR,present,introduced,,,2020,
148792562,FR,present,introduced,,,2020,
148792563,FR,present,introduced,,,2020,
148792564,FR,present,introduced,,,2020,
148792565,FR,present,introduced,,,2020,
148792566,FR,present,introduced,,,2020,
148792567,FR,present,introduced,,,2020,
148792568,FR,present,introduced,,,2020,
148792569,FR,present,introduced,,,2020,
148792570,FR,present,introduced,,,2020,
148792571,FR,present,introduced,,,2020,
148792572,FR,present,introduced,,,2020,
148792573,FR,present,introduced,,,2020,
148792574,FR,present,introduced,,,2020,
148792575,FR,present,introduced,,,2020,
148792576,FR,present,introduced,,,2020,
148792577,FR,present,introduced,,,2020,
148792578,FR,present,introduced,,,2020,
148792579,FR,present,introduced,,,2020,
148792580,FR,present,introduced,,,2020,
148792581,FR,present,introduced,,,2020,
148792582,FR,present,introduced,,,2020,
148792583,FR,present,introduced,,,2020,
148792584,FR,present,introduced,,,2020,
148792585,FR,present,introduced,,,2020,
148792586,FR,present,introduced,,,2020,
148792587,FR,present,introduced,,,2020,
148792588,FR,present,introduced,,,2020,
148792589,FR,present,introduced,,,2020,
148792590,FR,present,introduced,,,2020,
148792591,FR,present,introduced,,,2020,
148792592,FR,present,introduced,,,2020,
148792593,FR,present,introduced,,,2020,
148792594,FR,present,introduced,,,2020,
148792595,FR,present,introduced,,,2020,
148792596,FR,present,introduced,,,2020,
148792597,FR,present,introduced,,,2020,
148792598,FR,present,introduced,,,2020,
148792599,FR,present,introduced,,,2020,
148792600,FR,present,introduced,,,2020,
148792601,FR,present,introduced,,,2020,
148792602,FR,present,introduced,,,2020,
148792603,FR,present,introduced,,,2020,
148792604,FR,present,introduced,,,2020,
148792605,FR,present,introduced,invasive,,2020,
148792606,FR,present,introduced,,,2020,
148792607,FR,present,introduced,,,2020,
148792608,FR,present,introduced,,,2020,
148792609,FR,present,introduced,invasive,,2020,
148792610,FR,present,introduced,,,2020,
148792611,FR,present,introduced,,,2020,
148792612,FR,present,introduced,,,2020,
148792613,FR,present,introduced,,,2020,
148792614,FR,present,introduced,,,2020,
148792615,FR,present,introduced,,,2020,
148792616,FR,present,introduced,,,2020,
148792617,FR,present,introduced,,,2020,
148792618,FR,present,introduced,,,2020,
148792619,FR,present,introduced,,,2020,
148792620,FR,present,introduced,,,2020,
148792621,FR,present,introduced,invasive,,2020,
148792622,FR,present,introduced,,,2020,
148792623,FR,present,introduced,,,2020,
148792624,FR,present,introduced,,,2020,
148792625,FR,present,introduced,,,2020,
148792626,FR,present,introduced,,,2020,
148792627,FR,present,introduced,,,2020,
148792628,FR,present,introduced,,,2020,
148792629,FR,present,introduced,,,2020,
148792630,FR,present,introduced,,,2020,
148792631,FR,present,introduced,,,2020,
148792632,FR,present,introduced,,,2020,
148792633,FR,present,introduced,,,2020,
148792634,FR,present,introduced,invasive,,2020,
148792635,FR,present,introduced,,,2020,
148792636,FR,present,introduced,,,2020,
148792637,FR,present,introduced,,,2020,
148792638,FR,present,introduced,,,2020,
148792639,FR,present,introduced,,,2020,
148792640,FR,present,introduced,,,2020,
148792641,FR,present,introduced,,,2020,
148792642,FR,present,introduced,,,2020,
148792643,FR,present,introduced,,,2020,
148792644,FR,present,introduced,,,2020,
148792645,FR,present,introduced,,,2020,
148792646,FR,present,introduced,,,2020,
148792647,FR,present,introduced,,,2020,
148792648,FR,present,introduced,,,2020,
148792649,FR,present,introduced,,,2020,
148792650,FR,present,introduced,,,2020,
148792651,FR,present,introduced,,,2020,
148792652,FR,present,introduced,,,2020,
148792653,FR,present,introduced,invasive,,2020,
148792654,FR,present,introduced,,,2020,
148792655,FR,present,introduced,,,2020,
148792656,FR,present,introduced,invasive,,2020,
148792657,FR,present,introduced,invasive,,2020,
148792658,FR,present,introduced,,,2020,
148792659,FR,present,introduced,,,2020,
148792660,FR,present,introduced,,,2020,
148792661,FR,present,introduced,,,2020,
148792662,FR,present,introduced,,,2020,
148792663,FR,present,introduced,,,2020,
148792664,FR,present,introduced,,,2020,
148792665,FR,present,introduced,,,2020,
148792666,FR,present,introduced,,,2020,
148792667,FR,present,introduced,,,2020,
148792668,FR,present,introduced,,,2020,
148792669,FR,present,introduced,,,2020,
148792670,FR,present,introduced,,,2020,
148792671,FR,present,introduced,,,2020,
148792672,FR,present,introduced,,,2020,
148792673,FR,present,introduced,,,2020,
148792674,FR,present,introduced,,,2020,
148792675,FR,present,introduced,,,2020,
148792676,FR,present,introduced,,,2020,
148792677,FR,present,introduced,,,2020,
148792678,FR,present,introduced,,,2020,
148792679,FR,present,introduced,,,2020,
148792680,FR,present,introduced,,,2020,
148792681,FR,present,introduced,,,2020,
148792682,FR,present,introduced,,,2020,
148792683,FR,present,introduced,,,2020,
148792684,FR,present,introduced,,,2020,
148792685,FR,present,introduced,,,2020,
148792686,FR,present,introduced,,,2020,
148792687,FR,present,introduced,,,2020,
148792688,FR,present,introduced,,,2020,
148792689,FR,present,introduced,,,2020,
148792690,FR,present,introduced,,,2020,
148792691,FR,present,introduced,,,2020,
148792692,FR,present,introduced,,,2020,
148792693,FR,present,introduced,,,2020,
148792694,FR,present,introduced,,,2020,
148792695,FR,present,introduced,,,2020,
148792699,FR,present,introduced,,,2020,
148792700,FR,present,introduced,,,2020,
148792703,FR,present,introduced,,,2020,
148792705,FR,present,introduced,,,2020,
148792707,FR,present,introduced,,,2020,
148792708,FR,present,introduced,,,2020,
148792709,FR,present,introduced,,,2020,
148792710,FR,present,introduced,,,2020,
148792711,FR,present,introduced,,,2020,
148792712,FR,present,introduced,,,2020,
148792713,FR,present,introduced,,,2020,
148792714,FR,present,introduced,,,2020,
148792715,FR,present,introduced,,,2020,
148792716,FR,present,introduced,,,2020,
148792717,FR,present,introduced,,,2020,
148792718,FR,present,introduced,,,2020,
148792719,FR,present,introduced,,,2020,
148792720,FR,present,introduced,,,2020,
148792721,FR,present,introduced,,,2020,
148792722,FR,present,introduced,,,2020,
148792723,FR,present,introduced,,,2020,
148792724,FR,present,introduced,,,2020,
148792725,FR,present,introduced,,,2020,
148792726,FR,present,introduced,,,2020,
148792727,FR,present,introduced,,,2020,
148792728,FR,present,introduced,,,2020,
148792731,FR,present,introduced,,,2020,
148792732,FR,present,introduced,invasive,,2020,
148792735,FR,present,introduced,,,2020,
148792736,FR,present,introduced,,,2020,
148792738,FR,present,introduced,,,2020,
148792739,FR,present,introduced,,,2020,
148792741,FR,present,introduced,,,2020,
148792743,FR,present,introduced,,,2020,
148792745,FR,present,introduced,,,2020,
148792747,FR,present,introduced,,,2020,
148792749,FR,present,introduced,,,2020,
148792751,FR,present,introduced,,,2020,
148792753,FR,present,introduced,,,2020,
148792755,FR,present,introduced,,,2020,
148792757,FR,present,introduced,,,2020,
148792759,FR,present,introduced,,,2020,
148792761,FR,present,introduced,,,2020,
148792763,FR,present,introduced,invasive,,2020,
148792765,FR,present,introduced,,,2020,
148792766,FR,present,introduced,invasive,,2020,
148792767,FR,present,introduced,invasive,,2020,
148792768,FR,present,introduced,,,2020,
148792769,FR,present,introduced,invasive,,2020,
148792770,FR,present,introduced,,,2020,
148792771,FR,present,introduced,,,2020,
148792772,FR,present,introduced,,,2020,
148792773,FR,present,introduced,,,2020,
148792774,FR,present,introduced,,,2020,
148792775,FR,present,introduced,,,2020,
148792776,FR,present,introduced,,,2020,
148792777,FR,present,introduced,,,2020,
148792778,FR,present,introduced,,,2020,
148792779,FR,present,introduced,,,2020,
148792780,FR,present,introduced,,,2020,
148792781,FR,present,introduced,,,2020,
148792782,FR,present,introduced,,,2020,
148792783,FR,present,introduced,,,2020,
148792784,FR,present,introduced,,,2020,
148792785,FR,present,introduced,,,2020,
148792786,FR,present,introduced,,,2020,
148792787,FR,present,introduced,invasive,,2020,
148792788,FR,present,introduced,,,2020,
148792789,FR,present,introduced,,,2020,
148792790,FR,present,introduced,,,2020,
148792791,FR,present,introduced,,,2020,
148792792,FR,present,introduced,,,2020,
148792793,FR,present,introduced,,,2020,
148792794,FR,present,introduced,,,2020,
148792795,FR,present,introduced,,,2020,
148792797,FR,present,introduced,,,2020,
148792799,FR,present,introduced,,,2020,
148792801,FR,present,introduced,,,2020,
148792803,FR,present,introduced,,,2020,
148792804,FR,present,introduced,,,2020,
148792805,FR,present,introduced,,,2020,
148792806,FR,present,introduced,,,2020,
148792807,FR,present,introduced,,,2020,
148792808,FR,present,introduced,,,2020,
148792809,FR,present,introduced,,,2020,
148792810,FR,present,introduced,,,2020,
148792811,FR,present,introduced,,,2020,
148792812,FR,present,introduced,invasive,,2020,
148792813,FR,present,introduced,,,2020,
148792814,FR,present,introduced,,,2020,
148792815,FR,present,introduced,,,2020,
148792816,FR,present,introduced,,,2020,
148792817,FR,present,introduced,,,2020,
148792818,FR,present,introduced,,,2020,
148792819,FR,present,introduced,,,2020,
148792820,FR,present,introduced,,,2020,
148792821,FR,present,introduced,,,2020,
148792822,FR,present,introduced,,,2020,
148792823,FR,present,introduced,,,2020,
148792824,FR,present,introduced,,,2020,
148792825,FR,present,introduced,,,2020,
148792826,FR,present,introduced,,,2020,
148792827,FR,present,introduced,,,2020,
148792828,FR,present,introduced,,,2020,
148792829,FR,present,introduced,,,2020,
148792830,FR,present,introduced,,,2020,
148792831,FR,present,introduced,,,2020,
148792832,FR,present,introduced,,,2020,
148792833,FR,present,introduced,,,2020,
148792834,FR,present,introduced,,,2020,
148792835,FR,present,introduced,,,2020,
148792836,FR,present,introduced,,,2020,
148792837,FR,present,introduced,,,2020,
148792838,FR,present,introduced,,,2020,
148792839,FR,present,introduced,,,2020,
148792840,FR,present,introduced,,,2020,
148792841,FR,present,introduced,,,2020,
148792842,FR,present,introduced,,,2020,
148792843,FR,present,introduced,,,2020,
148792844,FR,present,introduced,invasive,,2020,
148792845,FR,present,introduced,,,2020,
148792846,FR,present,introduced,invasive,,2020,
148792847,FR,present,introduced,,,2020,
148792848,FR,present,introduced,,,2020,
148792849,FR,present,introduced,,,2020,
148792850,FR,present,introduced,invasive,,2020,
148792851,FR,present,introduced,,,2020,
148792852,FR,present,introduced,,,2020,
148792853,FR,present,introduced,,,2020,
148792854,FR,present,introduced,,,2020,
148792855,FR,present,introduced,,,2020,
148792856,FR,present,introduced,,,2020,
148792857,FR,present,introduced,,,2020,
148792858,FR,present,introduced,,,2020,
148792859,FR,present,introduced,invasive,,2020,
148792860,FR,present,introduced,,,2020,
148792861,FR,present,introduced,,,2020,
148792862,FR,present,introduced,,,2020,
148792863,FR,present,introduced,,,2020,
148792864,FR,present,introduced,invasive,,2020,
148792865,FR,present,introduced,,,2020,
148792866,FR,present,introduced,,,2020,
148792867,FR,present,introduced,,,2020,
148792868,FR,present,introduced,,,2020,
148792869,FR,present,introduced,,,2020,
148792870,FR,present,introduced,invasive,,2020,
148792871,FR,present,introduced,,,2020,
148792872,FR,present,introduced,,,2020,
148792873,FR,present,introduced,,,2020,
148792874,FR,present,introduced,,,2020,
148792875,FR,present,introduced,,,2020,
148792876,FR,present,introduced,,,2020,
148792877,FR,present,introduced,,,2020,
148792878,FR,present,introduced,,,2020,
148792879,FR,present,introduced,,,2020,
148792880,FR,present,introduced,,,2020,
148792885,FR,present,introduced,,,2020,
148792886,FR,present,introduced,,,2020,
148792887,FR,present,introduced,,,2020,
148792888,FR,present,introduced,,,2020,
148792889,FR,present,introduced,invasive,,2020,
148792890,FR,present,introduced,,,2020,
148792892,FR,present,introduced,,,2020,
148792893,FR,present,introduced,,,2020,
148792894,FR,present,introduced,,,2020,
148792895,FR,present,introduced,,,2020,
148792896,FR,present,introduced,,,2020,
148792897,FR,present,introduced,,,2020,
148792898,FR,present,introduced,,,2020,
148792899,FR,present,introduced,,,2020,
148792900,FR,present,introduced,,,2020,
148792901,FR,present,introduced,,,2020,
148792902,FR,present,introduced,,,2020,
148792903,FR,present,introduced,,,2020,
148792904,FR,present,introduced,,,2020,
164743273,FR,present,introduced,,,2020,
164743287,FR,present,introduced,,,2020,
164743289,FR,present,introduced,,,2020,
164743299,FR,present,introduced,,,2020,
164743305,FR,present,introduced,,,2020,
164743307,FR,present,introduced,,,2020,
164743311,FR,present,introduced,,,2020,
164743312,FR,present,introduced,,,2020,
164743314,FR,present,introduced,,,2020,
164743315,FR,present,introduced,invasive,,2020,
164743319,FR,present,introduced,invasive,,2020,
164743320,FR,present,introduced,,,2020,
164743323,FR,present,introduced,invasive,,2020,
164743327,FR,present,introduced,,,2020,
164743359,FR,present,introduced,,,2020,
164743366,FR,present,introduced,invasive,,2020,
164743370,FR,present,introduced,invasive,,2020,
164743372,FR,present,introduced,,,2020,
164743373,FR,present,introduced,,,2020,
164743379,FR,present,introduced,invasive,,2020,
164743392,FR,present,introduced,,,2020,
164743393,FR,present,introduced,,,2020,
164743394,FR,present,introduced,,,2020,
164743403,FR,present,introduced,,,2020,
164743408,FR,present,introduced,,,2020,
164743410,FR,present,introduced,,,2020,
164743411,FR,present,introduced,,,2020,
164743412,FR,present,introduced,,,2020,
164743413,FR,present,introduced,,,2020,
164743414,FR,present,introduced,,,2020,
164743422,FR,present,introduced,,,2020,
164743424,FR,present,introduced,,,2020,
164743429,FR,present,introduced,,,2020,
164743435,FR,present,introduced,,,2020,
164743436,FR,present,introduced,,,2020,
164743438,FR,present,introduced,,,2020,
164743439,FR,present,introduced,,,2020,
164743440,FR,present,introduced,,,2020,
164743443,FR,present,introduced,,,2020,
164743447,FR,present,introduced,,,2020,
164743448,FR,present,introduced,,,2020,
164743454,FR,present,introduced,,,2020,
164743456,FR,present,introduced,,,2020,
164743459,FR,present,introduced,,,2020,
164743466,FR,present,introduced,invasive,,2020,
164743468,FR,present,introduced,,,2020,
164743476,FR,present,introduced,,,2020,
164743492,FR,present,introduced,,,2020,
164743493,FR,present,introduced,,,2020,
164743496,FR,present,introduced,,,2020,
164743498,FR,present,introduced,,,2020,
164743502,FR,present,introduced,,,2020,
164743511,FR,present,introduced,,,2020,
164743517,FR,present,introduced,,,2020,
164743524,FR,present,introduced,,,2020,
164743527,FR,present,introduced,,,2020,
164743528,FR,present,introduced,,,2020,
164743529,FR,present,introduced,,,2020,
164743531,FR,present,introduced,,,2020,
164743543,FR,present,introduced,invasive,,2020,
164743544,FR,present,introduced,,,2020,
164743545,FR,present,introduced,,,2020,
164743548,FR,present,introduced,,,2020,
164743555,FR,present,introduced,,,2020,
164743556,FR,present,introduced,,,2020,
164743557,FR,present,introduced,,,2020,
164743559,FR,present,introduced,,,2020,
164743560,FR,present,introduced,,,2020,
164743561,FR,present,introduced,,,2020,
164743562,FR,present,introduced,,,2020,
164743563,FR,present,introduced,,,2020,
164743564,FR,present,introduced,,,2020,
164743565,FR,present,introduced,,,2020,
164743566,FR,present,introduced,,,2020,
164743569,FR,present,introduced,invasive,,2020,
164743573,FR,present,introduced,,,2020,
164743574,FR,present,introduced,,,2020,
164743576,FR,present,introduced,,,2020,
164743579,FR,present,introduced,,,2020,
164743584,FR,present,introduced,invasive,,2020,
164743585,FR,present,introduced,,,2020,
164743588,FR,present,introduced,,,2020,
164743589,FR,present,introduced,,,2020,
164743590,FR,present,introduced,,,2020,
164743591,FR,present,introduced,,,2020,
164743593,FR,present,introduced,,,2020,
164743595,FR,present,introduced,,,2020,
164743596,FR,present,introduced,,,2020,
164743597,FR,present,introduced,,,2020,
164743598,FR,present,introduced,,,2020,
164743599,FR,present,introduced,,,2020,
164743602,FR,present,introduced,invasive,,2020,
164743608,FR,present,introduced,,,2020,
164743612,FR,present,introduced,,,2020,
164743613,FR,present,introduced,,,2020,
164743617,FR,present,introduced,,,2020,
164743618,FR,present,introduced,,,2020,
164743629,FR,present,introduced,,,2020,
164743630,FR,present,introduced,,,2020,
164743631,FR,present,introduced,,,2020,
164743634,FR,present,introduced,invasive,,2020,
164743636,FR,present,introduced,,,2020,
164743638,FR,present,introduced,,,2020,
164743643,FR,present,introduced,,,2020,
164743645,FR,present,introduced,,,2020,
164743646,FR,present,introduced,,,2020,
164743650,FR,present,introduced,,,2020,
164743652,FR,present,introduced,,,2020,
164743653,FR,present,introduced,,,2020,
164743655,FR,present,introduced,,,2020,
164743656,FR,present,introduced,,,2020,
164743659,FR,present,introduced,,,2020,
164743667,FR,present,introduced,,,2020,
164743670,FR,present,introduced,,,2020,
164743672,FR,present,introduced,,,2020,
164743675,FR,present,introduced,invasive,,2020,
164743678,FR,present,introduced,invasive,,2020,
164743681,FR,present,introduced,,,2020,
164743684,FR,present,introduced,,,2020,
164743687,FR,present,introduced,,,2020,
164743689,FR,present,introduced,,,2020,
164743690,FR,present,introduced,,,2020,
164743693,FR,present,introduced,,,2020,
164743695,FR,present,introduced,,,2020,
164743696,FR,present,introduced,,,2020,
164743700,FR,present,introduced,,,2020,
164743702,FR,present,introduced,,,2020,
164743703,FR,present,introduced,,,2020,
164743704,FR,present,introduced,,,2020,
164743706,FR,present,introduced,,,2020,
164743708,FR,present,introduced,,,2020,
164743709,FR,present,introduced,,,2020,
164743711,FR,present,introduced,,,2020,
164743712,FR,present,introduced,,,2020,
164743714,FR,present,introduced,,,2020,
164743727,FR,present,introduced,,,2020,
164743733,FR,present,introduced,,,2020,
164743734,FR,present,introduced,,,2020,
164743738,FR,present,introduced,,,2020,
164743747,FR,present,introduced,,,2020,
164743750,FR,present,introduced,,,2020,
164743767,FR,present,introduced,,,2020,
164743774,FR,present,introduced,,,2020,
164743777,FR,present,introduced,,,2020,
164743780,FR,present,introduced,,,2020,
164743782,FR,present,introduced,,,2020,
164743784,FR,present,introduced,,,2020,
164743790,FR,present,introduced,,,2020,
164743792,FR,present,introduced,,,2020,
164743793,FR,present,introduced,,,2020,
164743795,FR,present,introduced,,,2020,
164743797,FR,present,introduced,,,2020,
164743798,FR,present,introduced,,,2020,
164743799,FR,present,introduced,,,2020,
164743800,FR,present,introduced,,,2020,
164743801,FR,present,introduced,invasive,,2020,
164743802,FR,present,introduced,,,2020,
164743803,FR,present,introduced,,,2020,
164743805,FR,present,introduced,,,2020,
164743806,FR,present,introduced,,,2020,
164743807,FR,present,introduced,invasive,,2020,
164743808,FR,present,introduced,,,2020,
164743809,FR,present,introduced,,,2020,
164743810,FR,present,introduced,,,2020,
164743812,FR,present,introduced,,,2020,
164743813,FR,present,introduced,,,2020,
164743814,FR,present,introduced,,,2020,
164743816,FR,present,introduced,,,2020,
164743817,FR,present,introduced,,,2020,
164743818,FR,present,introduced,,,2020,
164743820,FR,present,introduced,,,2020,
164743822,FR,present,introduced,,,2020,
164743823,FR,present,introduced,,,2020,
164743825,FR,present,introduced,,,2020,
164743826,FR,present,introduced,,,2020,
164743827,FR,present,introduced,,,2020,
164743829,FR,present,introduced,,,2020,
164743830,FR,present,introduced,,,2020,
164743832,FR,present,introduced,,,2020,
164743833,FR,present,introduced,invasive,,2020,
164743834,FR,present,introduced,,,2020,
164743835,FR,present,introduced,invasive,,2020,
164743836,FR,present,introduced,,,2020,
164743837,FR,present,introduced,,,2020,
164743838,FR,present,introduced,,,2020,
164743839,FR,present,introduced,,,2020,
164743841,FR,present,introduced,,,2020,
164743842,FR,present,introduced,,,2020,
164743843,FR,present,introduced,,,2020,
164743844,FR,present,introduced,,,2020,
164743845,FR,present,introduced,,,2020,
164743846,FR,present,introduced,,,2020,
164743847,FR,present,introduced,,,2020,
164743849,FR,present,introduced,,,2020,
164743850,FR,present,introduced,,,2020,
164743851,FR,present,introduced,,,2020,
164743852,FR,present,introduced,,,2020,
164743854,FR,present,introduced,,,2020,
164743855,FR,present,introduced,,,2020,
164743857,FR,present,introduced,,,2020,
164743859,FR,present,introduced,invasive,,2020,
164743861,FR,present,introduced,,,2020,
164743862,FR,present,introduced,,,2020,
164743863,FR,present,introduced,,,2020,
164743864,FR,present,introduced,invasive,,2020,
164743865,FR,present,introduced,,,2020,
164743866,FR,present,introduced,,,2020,
164743867,FR,present,introduced,,,2020,
164743870,FR,present,introduced,,,2020,
164743875,FR,present,introduced,,,2020,
164743876,FR,present,introduced,,,2020,
164743889,FR,present,introduced,,,2020,
164743891,FR,present,introduced,,,2020,
164743894,FR,present,introduced,,,2020,
164743895,FR,present,introduced,,,2020,
164743896,FR,present,introduced,,,2020,
164743899,FR,present,introduced,,,2020,
164743905,FR,present,introduced,,,2020,
164743910,FR,present,introduced,,,2020,
164743914,FR,present,introduced,,,2020,
164743915,FR,present,introduced,,,2020,
164743919,FR,present,introduced,,,2020,
164743922,FR,present,introduced,,,2020,
164743923,FR,present,introduced,,,2020,
164743926,FR,present,introduced,,,2020,
164743930,FR,present,introduced,,,2020,
164743934,FR,present,introduced,,,2020,
164743935,FR,present,introduced,,,2020,
164743938,FR,present,introduced,,,2020,
164743944,FR,present,introduced,,,2020,
164743948,FR,present,introduced,,,2020,
164743949,FR,present,introduced,,,2020,
164743953,FR,present,introduced,,,2020,
164743954,FR,present,introduced,,,2020,
164743956,FR,present,introduced,,,2020,
164743957,FR,present,introduced,,,2020,
164743958,FR,present,introduced,,,2020,
164743959,FR,present,introduced,invasive,,2020,
164743960,FR,present,introduced,,,2020,
164743961,FR,present,introduced,,,2020,
164743962,FR,present,introduced,,,2020,
164743963,FR,present,introduced,,,2020,
164743964,FR,present,introduced,,,2020,
164743965,FR,present,introduced,,,2020,
164743966,FR,present,introduced,,,2020,
164743967,FR,present,introduced,,,2020,
164743968,FR,present,introduced,,,2020,
164743969,FR,present,introduced,,,2020,
164743974,FR,present,introduced,,,2020,
164743976,FR,present,introduced,,,2020,
164743977,FR,present,introduced,,,2020,
164743978,FR,present,introduced,,,2020,
164743979,FR,present,introduced,,,2020,
164743981,FR,present,introduced,,,2020,
164743983,FR,present,introduced,,,2020,
164743987,FR,present,introduced,,,2020,
164743993,FR,present,introduced,,,2020,
164743996,FR,present,introduced,,,2020,
164743998,FR,present,introduced,,,2020,
164744003,FR,present,introduced,,,2020,
164744004,FR,present,introduced,,,2020,
164744006,FR,present,introduced,,,2020,
164744008,FR,present,introduced,,,2020,
164744018,FR,present,introduced,,,2020,
164744023,FR,present,introduced,,,2020,
164744025,FR,present,introduced,,,2020,
164744031,FR,present,introduced,,,2020,
164744032,FR,present,introduced,,,2020,
164744033,FR,present,introduced,,,2020,
164744034,FR,present,introduced,invasive,,2020,
164744036,FR,present,introduced,,,2020,
164744038,FR,present,introduced,,,2020,
164744044,FR,present,introduced,,,2020,
164744048,FR,present,introduced,invasive,,2020,
164744053,FR,present,introduced,,,2020,
164744055,FR,present,introduced,,,2020,
164744057,FR,present,introduced,invasive,,2020,
164744059,FR,present,introduced,,,2020,
164744061,FR,present,introduced,invasive,,2020,
164744063,FR,present,introduced,invasive,,2020,
164744065,FR,present,introduced,,,2020,
164744067,FR,present,introduced,,,2020,
164744070,FR,present,introduced,,,2020,
164744071,FR,present,introduced,,,2020,
164744074,FR,present,introduced,,,2020,
164744076,FR,present,introduced,,,2020,
164744077,FR,present,introduced,,,2020,
164744081,FR,present,introduced,,,2020,
164744082,FR,present,introduced,,,2020,
164744083,FR,present,introduced,,,2020,
164744084,FR,present,introduced,,,2020,
164744086,FR,present,introduced,,,2020,
164744088,FR,present,introduced,,,2020,
164744090,FR,present,introduced,,,2020,
164744092,FR,present,introduced,,,2020,
164744094,FR,present,introduced,,,2020,
164744095,FR,present,introduced,,,2020,
164744096,FR,present,introduced,,,2020,
164744097,FR,present,introduced,,,2020,
164744098,FR,present,introduced,,,2020,
164744099,FR,present,introduced,,,2020,
164744100,FR,present,introduced,,,2020,
164744101,FR,present,introduced,,,2020,
164744103,FR,present,introduced,,,2020,
164744105,FR,present,introduced,,,2020,
164744107,FR,present,introduced,,,2020,
164744108,FR,present,introduced,,,2020,
164744109,FR,present,introduced,,,2020,
164744110,FR,present,introduced,,,2020,
164744112,FR,present,introduced,,,2020,
164744114,FR,present,introduced,,,2020,
164744115,FR,present,introduced,,,2020,
164744116,FR,present,introduced,,,2020,
164744123,FR,present,introduced,,,2020,
164744124,FR,present,introduced,,,2020,
164744126,FR,present,introduced,,,2020,
164744130,FR,present,introduced,,,2020,
164744135,FR,present,introduced,,,2020,
164744137,FR,present,introduced,,,2020,
164744140,FR,present,introduced,,,2020,
164744141,FR,present,introduced,,,2020,
164744142,FR,present,introduced,,,2020,
164744145,FR,present,introduced,,,2020,
164744146,FR,present,introduced,,,2020,
164744148,FR,present,introduced,,,2020,
164744149,FR,present,introduced,,,2020,
164744151,FR,present,introduced,,,2020,
164744166,FR,present,introduced,,,2020,
164744174,FR,present,introduced,,,2020,
164744176,FR,present,introduced,,,2020,
164744180,FR,present,introduced,,,2020,
164744181,FR,present,introduced,,,2020,
164744183,FR,present,introduced,,,2020,
164744186,FR,present,introduced,,,2020,
164744187,FR,present,introduced,,,2020,
164744189,FR,present,introduced,,,2020,
164744190,FR,present,introduced,invasive,,2020,
164744192,FR,present,introduced,,,2020,
164744195,FR,present,introduced,,,2020,
164744199,FR,present,introduced,,,2020,
164744201,FR,present,introduced,,,2020,
164744203,FR,present,introduced,invasive,,2020,
164744207,FR,present,introduced,,,2020,
164744213,FR,present,introduced,,,2020,
164744215,FR,present,introduced,invasive,,2020,
164744218,FR,present,introduced,,,2020,
164744226,FR,present,introduced,invasive,,2020,
164744229,FR,present,introduced,,,2020,
164744231,FR,present,introduced,,,2020,
164744233,FR,present,introduced,,,2020,
164744239,FR,present,introduced,,,2020,
164744240,FR,present,introduced,,,2020,
164744242,FR,present,introduced,,,2020,
164744246,FR,present,introduced,,,2020,
164744249,FR,present,introduced,,,2020,
164744251,FR,present,introduced,,,2020,
164744252,FR,present,introduced,,,2020,
164744253,FR,present,introduced,,,2020,
164744255,FR,present,introduced,,,2020,
164744256,FR,present,introduced,,,2020,
164744257,FR,present,introduced,,,2020,
164744258,FR,present,introduced,,,2020,
164744260,FR,present,introduced,,,2020,
164744262,FR,present,introduced,,,2020,
164744263,FR,present,introduced,,,2020,
164744265,FR,present,introduced,,,2020,
164744266,FR,present,introduced,,,2020,
164744268,FR,present,introduced,,,2020,
164744273,FR,present,introduced,,,2020,
164744277,FR,present,introduced,,,2020,
164744278,FR,present,introduced,,,2020,
164744285,FR,present,introduced,,,2020,
164744295,FR,present,introduced,,,2020,
164744299,FR,present,introduced,,,2020,
164744300,FR,present,introduced,,,2020,
164744301,FR,present,introduced,,,2020,
164744304,FR,present,introduced,,,2020,
164744310,FR,present,introduced,,,2020,
164744311,FR,present,introduced,,,2020,
164744312,FR,present,introduced,,,2020,
164744313,FR,present,introduced,,,2020,
164744314,FR,present,introduced,,,2020,
164744315,FR,present,introduced,,,2020,
164744316,FR,present,introduced,,,2020,
164744318,FR,present,introduced,,,2020,
164744319,FR,present,introduced,,,2020,
164744320,FR,present,introduced,,,2020,
164744321,FR,present,introduced,,,2020,
164744322,FR,present,introduced,,,2020,
164744323,FR,present,introduced,,,2020,
164744325,FR,present,introduced,,,2020,
164744330,FR,present,introduced,,,2020,
164744331,FR,present,introduced,,,2020,
164744332,FR,present,introduced,,,2020,
164744333,FR,present,introduced,,,2020,
164744334,FR,present,introduced,,,2020,
164744335,FR,present,introduced,,,2020,
164744339,FR,present,introduced,,,2020,
164744342,FR,present,introduced,,,2020,
164744343,FR,present,introduced,,,2020,
164744347,FR,present,introduced,,,2020,
164744349,FR,present,introduced,,,2020,
164744350,FR,present,introduced,,,2020,
164744356,FR,present,introduced,,,2020,
164744364,FR,present,introduced,,,2020,
164744365,FR,present,introduced,,,2020,
164744366,FR,present,introduced,,,2020,
164744368,FR,present,introduced,,,2020,
164744370,FR,present,introduced,,,2020,
164744371,FR,present,introduced,,,2020,
164744372,FR,present,introduced,,,2020,
164744373,FR,present,introduced,,,2020,
164744375,FR,present,introduced,,,2020,
164744376,FR,present,introduced,,,2020,
164744377,FR,present,introduced,,,2020,
164744378,FR,present,introduced,,,2020,
164744380,FR,present,introduced,,,2020,
164744384,FR,present,introduced,,,2020,
164744386,FR,present,introduced,,,2020,
164744388,FR,present,introduced,,,2020,
164744390,FR,present,introduced,,,2020,
164744391,FR,present,introduced,,,2020,
164744399,FR,present,introduced,,,2020,
164744400,FR,present,introduced,,,2020,
164744402,FR,present,introduced,,,2020,
164744405,FR,present,introduced,,,2020,
164744407,FR,present,introduced,,,2020,
164744415,FR,present,introduced,,,2020,
164744417,FR,present,introduced,,,2020,
164744419,FR,present,introduced,,,2020,
164744420,FR,present,introduced,,,2020,
164744421,FR,present,introduced,,,2020,
164744422,FR,present,introduced,,,2020,
164744423,FR,present,introduced,,,2020,
164744424,FR,present,introduced,,,2020,
164744425,FR,present,introduced,,,2020,
164744426,FR,present,introduced,,,2020,
164744427,FR,present,introduced,,,2020,
164744428,FR,present,introduced,,,2020,
164744431,FR,present,introduced,,,2020,
164744436,FR,present,introduced,,,2020,
164744437,FR,present,introduced,,,2020,
164744439,FR,present,introduced,,,2020,
164744443,FR,present,introduced,,,2020,
164744447,FR,present,introduced,,,2020,
164744451,FR,present,introduced,,,2020,
164744453,FR,present,introduced,,,2020,
164744454,FR,present,introduced,,,2020,
164744456,FR,present,introduced,,,2020,
164744457,FR,present,introduced,,,2020,
164744458,FR,present,introduced,,,2020,
164744459,FR,present,introduced,,,2020,
164744461,FR,present,introduced,,,2020,
164744462,FR,present,introduced,,,2020,
164744464,FR,present,introduced,,,2020,
164744465,FR,present,introduced,,,2020,
164744466,FR,present,introduced,,,2020,
164744467,FR,present,introduced,,,2020,
164744469,FR,present,introduced,,,2020,
164744470,FR,present,introduced,,,2020,
164744471,FR,present,introduced,,,2020,
164744472,FR,present,introduced,,,2020,
164744474,FR,present,introduced,,,2020,
164744475,FR,present,introduced,,,2020,
164744476,FR,present,introduced,,,2020,
164744487,FR,present,introduced,,,2020,
164744490,FR,present,introduced,,,2020,
164744495,FR,present,introduced,,,2020,
164744496,FR,present,introduced,,,2020,
164744498,FR,present,introduced,,,2020,
164744499,FR,present,introduced,,,2020,
164744501,FR,present,introduced,,,2020,
164744502,FR,present,introduced,,,2020,
164744503,FR,present,introduced,invasive,,2020,
164744504,FR,present,introduced,,,2020,
164744505,FR,present,introduced,,,2020,
164744506,FR,present,introduced,,,2020,
164744508,FR,present,introduced,,,2020,
164744509,FR,present,introduced,,,2020,
164744510,FR,present,introduced,,,2020,
164744511,FR,present,introduced,,,2020,
164744513,FR,present,introduced,,,2020,
164744514,FR,present,introduced,,,2020,
164744515,FR,present,introduced,,,2020,
164744516,FR,present,introduced,,,2020,
164744517,FR,present,introduced,,,2020,
164744518,FR,present,introduced,,,2020,
164744519,FR,present,introduced,,,2020,
164744521,FR,present,introduced,,,2020,
164744522,FR,present,introduced,,,2020,
164744523,FR,present,introduced,,,2020,
164744525,FR,present,introduced,,,2020,
164744526,FR,present,introduced,,,2020,
164744529,FR,present,introduced,,,2020,
164744531,FR,present,introduced,,,2020,
164744536,FR,present,introduced,,,2020,
164744537,FR,present,introduced,,,2020,
164744538,FR,present,introduced,,,2020,
164744540,FR,present,introduced,,,2020,
164744542,FR,present,introduced,,,2020,
164744551,FR,present,introduced,,,2020,
164744552,FR,present,introduced,,,2020,
164744559,FR,present,introduced,,,2020,
164744569,FR,present,introduced,,,2020,
164744570,FR,present,introduced,,,2020,
164744572,FR,present,introduced,,,2020,
164744573,FR,present,introduced,,,2020,
164744574,FR,present,introduced,,,2020,
164744575,FR,present,introduced,,,2020,
164744576,FR,present,introduced,,,2020,
164744578,FR,present,introduced,,,2020,
164744579,FR,present,introduced,,,2020,
164744580,FR,present,introduced,,,2020,
164744585,FR,present,introduced,,,2020,
164744586,FR,present,introduced,,,2020,
164744587,FR,present,introduced,,,2020,
164744588,FR,present,introduced,,,2020,
164744589,FR,present,introduced,,,2020,
164744590,FR,present,introduced,,,2020,
164744591,FR,present,introduced,,,2020,
164744592,FR,present,introduced,,,2020,
164744593,FR,present,introduced,,,2020,
164744595,FR,present,introduced,,,2020,
164744597,FR,present,introduced,,,2020,
164744598,FR,present,introduced,,,2020,
164744600,FR,present,introduced,,,2020,
164744602,FR,present,introduced,,,2020,
164744604,FR,present,introduced,,,2020,
164744607,FR,present,introduced,,,2020,
164744615,FR,present,introduced,,,2020,
164744616,FR,present,introduced,,,2020,
164744617,FR,present,introduced,,,2020,
164744619,FR,present,introduced,,,2020,
164744620,FR,present,introduced,,,2020,
164744621,FR,present,introduced,,,2020,
164744622,FR,present,introduced,,,2020,
164744623,FR,present,introduced,,,2020,
164744624,FR,present,introduced,,,2020,
164744625,FR,present,introduced,,,2020,
164744626,FR,present,introduced,,,2020,
164744627,FR,present,introduced,,,2020,
164744628,FR,present,introduced,,,2020,
164744630,FR,present,introduced,,,2020,
164744631,FR,present,introduced,,,2020,
164744632,FR,present,introduced,,,2020,
164744634,FR,present,introduced,,,2020,
164744635,FR,present,introduced,,,2020,
164744636,FR,present,introduced,,,2020,
164744637,FR,present,introduced,,,2020,
164744638,FR,present,introduced,,,2020,
164744639,FR,present,introduced,,,2020,
164744640,FR,present,introduced,,,2020,
164744641,FR,present,introduced,,,2020,
164744642,FR,present,introduced,,,2020,
164744643,FR,present,introduced,,,2020,
164744644,FR,present,introduced,,,2020,
164744645,FR,present,introduced,,,2020,
164744646,FR,present,introduced,,,2020,
164744647,FR,present,introduced,,,2020,
164744648,FR,present,introduced,,,2020,
164744649,FR,present,introduced,,,2020,
164744650,FR,present,introduced,,,2020,
164744652,FR,present,introduced,,,2020,
164744653,FR,present,introduced,,,2020,
164744654,FR,present,introduced,,,2020,
164744656,FR,present,introduced,,,2020,
164744657,FR,present,introduced,,,2020,
164744658,FR,present,introduced,,,2020,
164744659,FR,present,introduced,,,2020,
164744660,FR,present,introduced,,,2020,
164744661,FR,present,introduced,,,2020,
164744662,FR,present,introduced,,,2020,
164744663,FR,present,introduced,,,2020,
164744664,FR,present,introduced,,,2020,
164744665,FR,present,introduced,,,2020,
164744666,FR,present,introduced,,,2020,
164744668,FR,present,introduced,,,2020,
164744670,FR,present,introduced,,,2020,
164744671,FR,present,introduced,,,2020,
164744672,FR,present,introduced,,,2020,
164744674,FR,present,introduced,,,2020,
164744675,FR,present,introduced,,,2020,
164744676,FR,present,introduced,,,2020,
164744678,FR,present,introduced,,,2020,
164744680,FR,present,introduced,,,2020,
164744681,FR,present,introduced,,,2020,
164744682,FR,present,introduced,,,2020,
164744683,FR,present,introduced,,,2020,
164744684,FR,present,introduced,,,2020,
164744685,FR,present,introduced,,,2020,
164744687,FR,present,introduced,,,2020,
164744688,FR,present,introduced,,,2020,
164744689,FR,present,introduced,,,2020,
164744690,FR,present,introduced,,,2020,
164744691,FR,present,introduced,,,2020,
164744692,FR,present,introduced,,,2020,
164744694,FR,present,introduced,,,2020,
164744696,FR,present,introduced,,,2020,
164744697,FR,present,introduced,,,2020,
164744698,FR,present,introduced,,,2020,
164744700,FR,present,introduced,,,2020,
164744701,FR,present,introduced,,,2020,
164744702,FR,present,introduced,,,2020,
164744703,FR,present,introduced,,,2020,
164744704,FR,present,introduced,,,2020,
164744710,FR,present,introduced,,,2020,
164744712,FR,present,introduced,,,2020,
164744714,FR,present,introduced,,,2020,
164744716,FR,present,introduced,,,2020,
164744717,FR,present,introduced,,,2020,
164744718,FR,present,introduced,,,2020,
164744719,FR,present,introduced,,,2020,
164744720,FR,present,introduced,,,2020,
164744721,FR,present,introduced,,,2020,
164744722,FR,present,introduced,,,2020,
164744723,FR,present,introduced,,,2020,
164744724,FR,present,introduced,,,2020,
164744725,FR,present,introduced,,,2020,
164744726,FR,present,introduced,,,2020,
164744727,FR,present,introduced,,,2020,
164744728,FR,present,introduced,,,2020,
164744729,FR,present,introduced,,,2020,
164744730,FR,present,introduced,,,2020,
164744731,FR,present,introduced,,,2020,
164744732,FR,present,introduced,,,2020,
164744733,FR,present,introduced,,,2020,
164744734,FR,present,introduced,,,2020,
164744735,FR,present,introduced,,,2020,
164744737,FR,present,introduced,,,2020,
164744738,FR,present,introduced,,,2020,
164744739,FR,present,introduced,,,2020,
164744740,FR,present,introduced,,,2020,
164744741,FR,present,introduced,,,2020,
164744742,FR,present,introduced,,,2020,
164744743,FR,present,introduced,,,2020,
164744744,FR,present,introduced,,,2020,
164744746,FR,present,introduced,,,2020,
164744747,FR,present,introduced,,,2020,
164744748,FR,present,introduced,,,2020,
164744749,FR,present,introduced,,,2020,
164744750,FR,present,introduced,,,2020,
164744751,FR,present,introduced,,,2020,
164744752,FR,present,introduced,,,2020,
164744753,FR,present,introduced,,,2020,
164744754,FR,present,introduced,,,2020,
164744755,FR,present,introduced,,,2020,
164744756,FR,present,introduced,,,2020,
164744757,FR,present,introduced,,,2020,
164744758,FR,present,introduced,,,2020,
164744759,FR,present,introduced,,,2020,
164744760,FR,present,introduced,,,2020,
164744761,FR,present,introduced,,,2020,
164744762,FR,present,introduced,,,2020,
164744764,FR,present,introduced,,,2020,
164744766,FR,present,introduced,,,2020,
164744767,FR,present,introduced,,,2020,
164744768,FR,present,introduced,,,2020,
164744769,FR,present,introduced,,,2020,
164744771,FR,present,introduced,,,2020,
164744772,FR,present,introduced,,,2020,
164744773,FR,present,introduced,,,2020,
164744774,FR,present,introduced,,,2020,
164744775,FR,present,introduced,,,2020,
164744776,FR,present,introduced,,,2020,
164744777,FR,present,introduced,,,2020,
164744778,FR,present,introduced,,,2020,
164744779,FR,present,introduced,,,2020,
164744780,FR,present,introduced,,,2020,
164744782,FR,present,introduced,,,2020,
164744786,FR,present,introduced,,,2020,
164744788,FR,present,introduced,,,2020,
164744789,FR,present,introduced,,,2020,
164744790,FR,present,introduced,,,2020,
164744791,FR,present,introduced,,,2020,
164744792,FR,present,introduced,,,2020,
164744793,FR,present,introduced,,,2020,
164744794,FR,present,introduced,,,2020,
164744795,FR,present,introduced,,,2020,
164744799,FR,present,introduced,,,2020,
164744802,FR,present,introduced,,,2020,
164744803,FR,present,introduced,,,2020,
164744804,FR,present,introduced,,,2020,
164744806,FR,present,introduced,,,2020,
164744809,FR,present,introduced,,,2020,
164744810,FR,present,introduced,,,2020,
164744813,FR,present,introduced,,,2020,
164744814,FR,present,introduced,,,2020,
164744815,FR,present,introduced,,,2020,
164744817,FR,present,introduced,,,2020,
164744818,FR,present,introduced,,,2020,
164744820,FR,present,introduced,,,2020,
164744822,FR,present,introduced,,,2020,
164744823,FR,present,introduced,,,2020,
164744825,FR,present,introduced,,,2020,
164744828,FR,present,introduced,,,2020,
164744829,FR,present,introduced,,,2020,
164744831,FR,present,introduced,,,2020,
164744832,FR,present,introduced,,,2020,
164744834,FR,present,introduced,,,2020,
164744836,FR,present,introduced,,,2020,
164744837,FR,present,introduced,,,2020,
164744838,FR,present,introduced,,,2020,
164744839,FR,present,introduced,,,2020,
164744840,FR,present,introduced,,,2020,
164744842,FR,present,introduced,,,2020,
164744843,FR,present,introduced,,,2020,
164744846,FR,present,introduced,,,2020,
164744847,FR,present,introduced,,,2020,
164744848,FR,present,introduced,,,2020,
164744849,FR,present,introduced,,,2020,
164744850,FR,present,introduced,,,2020,
164744855,FR,present,introduced,,,2020,
164744856,FR,present,introduced,,,2020,
164744857,FR,present,introduced,,,2020,
164744859,FR,present,introduced,,,2020,
164744868,FR,present,introduced,,,2020,
164744869,FR,present,introduced,,,2020,
164744870,FR,present,introduced,,,2020,
164744871,FR,present,introduced,,,2020,
164744872,FR,present,introduced,,,2020,
164744880,FR,present,introduced,,,2020,
164744884,FR,present,introduced,,,2020,
164744885,FR,present,introduced,,,2020,
164744886,FR,present,introduced,,,2020,
164744887,FR,present,introduced,,,2020,
164744888,FR,present,introduced,,,2020,
164744890,FR,present,introduced,,,2020,
164744891,FR,present,introduced,,,2020,
164744895,FR,present,introduced,,,2020,
164744899,FR,present,introduced,,,2020,
164744900,FR,present,introduced,,,2020,
164744903,FR,present,introduced,,,2020,
164744904,FR,present,introduced,,,2020,
164744907,FR,present,introduced,,,2020,
164744908,FR,present,introduced,,,2020,
164744909,FR,present,introduced,,,2020,
164744910,FR,present,introduced,,,2020,
164744911,FR,present,introduced,,,2020,
164744912,FR,present,introduced,,,2020,
164744913,FR,present,introduced,,,2020,
164744914,FR,present,introduced,,,2020,
164744916,FR,present,introduced,,,2020,
164744918,FR,present,introduced,,,2020,
164744920,FR,present,introduced,,,2020,
164744922,FR,present,introduced,,,2020,
164744924,FR,present,introduced,,,2020,
164744926,FR,present,introduced,,,2020,
164744931,FR,present,introduced,,,2020,
164744932,FR,present,introduced,,,2020,
164744933,FR,present,introduced,,,2020,
164744934,FR,present,introduced,invasive,,2020,
164744935,FR,present,introduced,,,2020,
164744936,FR,present,introduced,,,2020,
164744937,FR,present,introduced,,,2020,
164744942,FR,present,introduced,,,2020,
164744944,FR,present,introduced,,,2020,
164744945,FR,present,introduced,,,2020,
164744946,FR,present,introduced,,,2020,
164744948,FR,present,introduced,,,2020,
164744949,FR,present,introduced,,,2020,
164744951,FR,present,introduced,,,2020,
164744957,FR,present,introduced,,,2020,
164744958,FR,present,introduced,,,2020,
164744962,FR,present,introduced,,,2020,
164744968,FR,present,introduced,,,2020,
164744969,FR,present,introduced,,,2020,
164744970,FR,present,introduced,,,2020,
164744972,FR,present,introduced,,,2020,
164744974,FR,present,introduced,,,2020,
164744975,FR,present,introduced,,,2020,
164744976,FR,present,introduced,,,2020,
164744977,FR,present,introduced,,,2020,
164744978,FR,present,introduced,,,2020,
164744979,FR,present,introduced,,,2020,
164744980,FR,present,introduced,,,2020,
164744981,FR,present,introduced,,,2020,
164744982,FR,present,introduced,,,2020,
164744985,FR,present,introduced,,,2020,
164744986,FR,present,introduced,,,2020,
164744992,FR,present,introduced,,,2020,
164744997,FR,present,introduced,,,2020,
164744999,FR,present,introduced,,,2020,
164745000,FR,present,introduced,,,2020,
164745004,FR,present,introduced,,,2020,
164745006,FR,present,introduced,,,2020,
164745007,FR,present,introduced,,,2020,
164745010,FR,present,introduced,,,2020,
164745011,FR,present,introduced,,,2020,
164745012,FR,present,introduced,,,2020,
164745015,FR,present,introduced,,,2020,
164745016,FR,present,introduced,,,2020,
164745018,FR,present,introduced,,,2020,
164745020,FR,present,introduced,,,2020,
164745023,FR,present,introduced,,,2020,
164745024,FR,present,introduced,,,2020,
164745025,FR,present,introduced,,,2020,
164745028,FR,present,introduced,,,2020,
164745030,FR,present,introduced,,,2020,
164745032,FR,present,introduced,,,2020,
164745033,FR,present,introduced,,,2020,
164745034,FR,present,introduced,,,2020,
164745036,FR,present,introduced,,,2020,
164745039,FR,present,introduced,,,2020,
164745040,FR,present,introduced,,,2020,
164745042,FR,present,introduced,,,2020,
164745043,FR,present,introduced,,,2020,
164745049,FR,present,introduced,,,2020,
164745050,FR,present,introduced,,,2020,
164745051,FR,present,introduced,,,2020,
164745054,FR,present,introduced,,,2020,
164745059,FR,present,introduced,,,2020,
164745061,FR,present,introduced,,,2020,
164745062,FR,present,introduced,,,2020,
164745063,FR,present,introduced,,,2020,
164745064,FR,present,introduced,,,2020,
164745065,FR,present,introduced,,,2020,
164745066,FR,present,introduced,,,2020,
164745067,FR,present,introduced,,,2020,
164745068,FR,present,introduced,,,2020,
164745069,FR,present,introduced,,,2020,
164745070,FR,present,introduced,,,2020,
164745071,FR,present,introduced,,,2020,
164745072,FR,present,introduced,,,2020,
164745073,FR,present,introduced,,,2020,
164745074,FR,present,introduced,,,2020,
164745075,FR,present,introduced,,,2020,
164745076,FR,present,introduced,,,2020,
164745077,FR,present,introduced,,,2020,
164745078,FR,present,introduced,,,2020,
164745079,FR,present,introduced,,,2020,
164745080,FR,present,introduced,,,2020,
164745081,FR,present,introduced,,,2020,
164745082,FR,present,introduced,,,2020,
164745083,FR,present,introduced,,,2020,
164745087,FR,present,introduced,,,2020,
164745088,FR,present,introduced,,,2020,
164745089,FR,present,introduced,,,2020,
164745090,FR,present,introduced,,,2020,
164745092,FR,present,introduced,,,2020,
164745094,FR,present,introduced,,,2020,
164745095,FR,present,introduced,,,2020,
164745096,FR,present,introduced,,,2020,
164745098,FR,present,introduced,,,2020,
164745099,FR,present,introduced,,,2020,
164745101,FR,present,introduced,,,2020,
164745102,FR,present,introduced,,,2020,
164745103,FR,present,introduced,,,2020,
164745104,FR,present,introduced,,,2020,
164745105,FR,present,introduced,,,2020,
164745106,FR,present,introduced,,,2020,
164745107,FR,present,introduced,,,2020,
164745108,FR,present,introduced,,,2020,
164745109,FR,present,introduced,,,2020,
164745111,FR,present,introduced,,,2020,
164745113,FR,present,introduced,,,2020,
164745114,FR,present,introduced,,,2020,
164745115,FR,present,introduced,,,2020,
164745116,FR,present,introduced,,,2020,
164745117,FR,present,introduced,,,2020,
164745119,FR,present,introduced,,,2020,
164745120,FR,present,introduced,,,2020,
164745121,FR,present,introduced,,,2020,
164745123,FR,present,introduced,,,2020,
164745124,FR,present,introduced,,,2020,
164745126,FR,present,introduced,,,2020,
164745127,FR,present,introduced,,,2020,
164745129,FR,present,introduced,,,2020,
164745130,FR,present,introduced,,,2020,
164745131,FR,present,introduced,,,2020,
164745133,FR,present,introduced,,,2020,
164745134,FR,present,introduced,,,2020,
164745136,FR,present,introduced,,,2020,
164745138,FR,present,introduced,,,2020,
164745139,FR,present,introduced,,,2020,
164745141,FR,present,introduced,,,2020,
164745143,FR,present,introduced,,,2020,
164745144,FR,present,introduced,,,2020,
164745145,FR,present,introduced,,,2020,
164745147,FR,present,introduced,,,2020,
164745148,FR,present,introduced,,,2020,
164745149,FR,present,introduced,,,2020,
164745150,FR,present,introduced,,,2020,
164745151,FR,present,introduced,,,2020,
164745152,FR,present,introduced,,,2020,
164745153,FR,present,introduced,,,2020,
164745154,FR,present,introduced,,,2020,
164745155,FR,present,introduced,,,2020,
164745156,FR,present,introduced,,,2020,
164745157,FR,present,introduced,,,2020,
164745158,FR,present,introduced,,,2020,
164745159,FR,present,introduced,,,2020,
164745160,FR,present,introduced,,,2020,
164745163,FR,present,introduced,,,2020,
164745164,FR,present,introduced,,,2020,
164745165,FR,present,introduced,,,2020,
164745166,FR,present,introduced,,,2020,
164745167,FR,present,introduced,,,2020,
164745173,FR,present,introduced,,,2020,
164745174,FR,present,introduced,,,2020,
164745175,FR,present,introduced,,,2020,
164745177,FR,present,introduced,,,2020,
164745179,FR,present,introduced,,,2020,
164745180,FR,present,introduced,,,2020,
164745181,FR,present,introduced,,,2020,
164745182,FR,present,introduced,,,2020,
164745183,FR,present,introduced,,,2020,
164745184,FR,present,introduced,,,2020,
164745185,FR,present,introduced,,,2020,
164745189,FR,present,introduced,,,2020,
164745192,FR,present,introduced,,,2020,
164745193,FR,present,introduced,,,2020,
164745195,FR,present,introduced,,,2020,
164745196,FR,present,introduced,,,2020,
164745199,FR,present,introduced,,,2020,
164745200,FR,present,introduced,,,2020,
164745202,FR,present,introduced,,,2020,
164745203,FR,present,introduced,,,2020,
164745204,FR,present,introduced,,,2020,
164745206,FR,present,introduced,,,2020,
164745207,FR,present,introduced,,,2020,
164745209,FR,present,introduced,,,2020,
164745211,FR,present,introduced,,,2020,
164745212,FR,present,introduced,,,2020,
164745213,FR,present,introduced,,,2020,
164745214,FR,present,introduced,,,2020,
164745215,FR,present,introduced,,,2020,
164745216,FR,present,introduced,,,2020,
164745218,FR,present,introduced,,,2020,
164745219,FR,present,introduced,,,2020,
164745220,FR,present,introduced,,,2020,
164745222,FR,present,introduced,,,2020,
164745223,FR,present,introduced,,,2020,
164745224,FR,present,introduced,,,2020,
164745226,FR,present,introduced,,,2020,
164745227,FR,present,introduced,,,2020,
164745228,FR,present,introduced,,,2020,
164745230,FR,present,introduced,,,2020,
164745231,FR,present,introduced,,,2020,
164745232,FR,present,introduced,,,2020,
164745233,FR,present,introduced,,,2020,
164745234,FR,present,introduced,,,2020,
164745237,FR,present,introduced,,,2020,
164745252,FR,present,introduced,invasive,,2020,
164745256,FR,present,introduced,,,2020,
164745259,FR,present,introduced,,,2020,
164745260,FR,present,introduced,,,2020,
164745262,FR,present,introduced,,,2020,
164745263,FR,present,introduced,,,2020,
164745267,FR,present,introduced,,,2020,
164745269,FR,present,introduced,,,2020,
164745270,FR,present,introduced,,,2020,
164745275,FR,present,introduced,,,2020,
164745276,FR,present,introduced,invasive,,2020,
164745277,FR,present,introduced,,,2020,
164745278,FR,present,introduced,,,2020,
164745279,FR,present,introduced,,,2020,
164745280,FR,present,introduced,,,2020,
164745281,FR,present,introduced,,,2020,
164745283,FR,present,introduced,,,2020,
164745284,FR,present,introduced,,,2020,
164745285,FR,present,introduced,invasive,,2020,
164745287,FR,present,introduced,invasive,,2020,
164745288,FR,present,introduced,,,2020,
164745289,FR,present,introduced,,,2020,
164745291,FR,present,introduced,,,2020,
164745292,FR,present,introduced,,,2020,
164745293,FR,present,introduced,,,2020,
164745294,FR,present,introduced,,,2020,
164745295,FR,present,introduced,,,2020,
164745296,FR,present,introduced,,,2020,
164745297,FR,present,introduced,,,2020,
164745298,FR,present,introduced,,,2020,
164745300,FR,present,introduced,,,2020,
164745301,FR,present,introduced,,,2020,
164745302,FR,present,introduced,,,2020,
164745304,FR,present,introduced,,,2020,
164745305,FR,present,introduced,,,2020,
164745306,FR,present,introduced,,,2020,
164745308,FR,present,introduced,,,2020,
164745309,FR,present,introduced,,,2020,
164745310,FR,present,introduced,,,2020,
164745311,FR,present,introduced,,,2020,
164745313,FR,present,introduced,,,2020,
164745314,FR,present,introduced,,,2020,
164745315,FR,present,introduced,,,2020,
164745316,FR,present,introduced,,,2020,
164745318,FR,present,introduced,,,2020,
164745319,FR,present,introduced,,,2020,
164745320,FR,present,introduced,,,2020,
164745321,FR,present,introduced,,,2020,
164745322,FR,present,introduced,,,2020,
164745323,FR,present,introduced,,,2020,
164745324,FR,present,introduced,,,2020,
164745325,FR,present,introduced,,,2020,
164745327,FR,present,introduced,,,2020,
164745328,FR,present,introduced,,,2020,
164745329,FR,present,introduced,,,2020,
164745330,FR,present,introduced,,,2020,
164745331,FR,present,introduced,,,2020,
164745332,FR,present,introduced,,,2020,
164745333,FR,present,introduced,,,2020,
164745334,FR,present,introduced,,,2020,
164745335,FR,present,introduced,,,2020,
164745336,FR,present,introduced,,,2020,
164745337,FR,present,introduced,,,2020,
164745338,FR,present,introduced,,,2020,
164745339,FR,present,introduced,,,2020,
164745340,FR,present,introduced,,,2020,
164745341,FR,present,introduced,,,2020,
164745342,FR,present,introduced,,,2020,
164745343,FR,present,introduced,,,2020,
164745344,FR,present,introduced,,,2020,
164745345,FR,present,introduced,,,2020,
164745346,FR,present,introduced,,,2020,
164745347,FR,present,introduced,,,2020,
164745348,FR,present,introduced,,,2020,
164745349,FR,present,introduced,,,2020,
164745350,FR,present,introduced,,,2020,
164745351,FR,present,introduced,,,2020,
164745352,FR,present,introduced,,,2020,
164745353,FR,present,introduced,,,2020,
164745355,FR,present,introduced,,,2020,
164745356,FR,present,introduced,,,2020,
164745357,FR,present,introduced,,,2020,
164745358,FR,present,introduced,,,2020,
164745359,FR,present,introduced,,,2020,
164745361,FR,present,introduced,,,2020,
164745362,FR,present,introduced,,,2020,
164745363,FR,present,introduced,,,2020,
164745365,FR,present,introduced,,,2020,
164745366,FR,present,introduced,,,2020,
164745368,FR,present,introduced,,,2020,
164745369,FR,present,introduced,,,2020,
164745371,FR,present,introduced,,,2020,
164745373,FR,present,introduced,,,2020,
164745375,FR,present,introduced,,,2020,
164745376,FR,present,introduced,,,2020,
164745381,FR,present,introduced,,,2020,
164745382,FR,present,introduced,,,2020,
164745383,FR,present,introduced,,,2020,
164745384,FR,present,introduced,,,2020,
164745385,FR,present,introduced,,,2020,
164745386,FR,present,introduced,,,2020,
164745390,FR,present,introduced,,,2020,
164745391,FR,present,introduced,,,2020,
164745394,FR,present,introduced,,,2020,
164745396,FR,present,introduced,,,2020,
164745398,FR,present,introduced,,,2020,
164745400,FR,present,introduced,,,2020,
164745402,FR,present,introduced,,,2020,
164745404,FR,present,introduced,,,2020,
164745406,FR,present,introduced,,,2020,
164745407,FR,present,introduced,,,2020,
164745408,FR,present,introduced,,,2020,
164745409,FR,present,introduced,,,2020,
164745410,FR,present,introduced,,,2020,
164745411,FR,present,introduced,,,2020,
164745412,FR,present,introduced,,,2020,
164745413,FR,present,introduced,,,2020,
164745414,FR,present,introduced,,,2020,
164745415,FR,present,introduced,,,2020,
164745416,FR,present,introduced,,,2020,
164745417,FR,present,introduced,,,2020,
164745418,FR,present,introduced,,,2020,
164745419,FR,present,introduced,,,2020,
164745420,FR,present,introduced,,,2020,
164745421,FR,present,introduced,,,2020,
164745422,FR,present,introduced,,,2020,
164745423,FR,present,introduced,,,2020,
164745424,FR,present,introduced,,,2020,
164745425,FR,present,introduced,,,2020,
164745426,FR,present,introduced,,,2020,
164745427,FR,present,introduced,,,2020,
164745428,FR,present,introduced,,,2020,
164745429,FR,present,introduced,,,2020,
164745430,FR,present,introduced,,,2020,
164745431,FR,present,introduced,,,2020,
164745432,FR,present,introduced,,,2020,
164745433,FR,present,introduced,,,2020,
164745434,FR,present,introduced,,,2020,
164745435,FR,present,introduced,,,2020,
164745436,FR,present,introduced,,,2020,
164745437,FR,present,introduced,,,2020,
164745438,FR,present,introduced,,,2020,
164745439,FR,present,introduced,,,2020,
164745440,FR,present,introduced,,,2020,
164745446,FR,present,introduced,,,2020,
164745454,FR,present,introduced,,,2020,
164745455,FR,present,introduced,,,2020,
164745456,FR,present,introduced,invasive,,2020,
164745457,FR,present,introduced,,,2020,
164745458,FR,present,introduced,,,2020,
164745459,FR,present,introduced,,,2020,
164745460,FR,present,introduced,,,2020,
164745461,FR,present,introduced,,,2020,
164745462,FR,present,introduced,,,2020,
164745463,FR,present,introduced,,,2020,
164745464,FR,present,introduced,,,2020,
164745465,FR,present,introduced,,,2020,
164745466,FR,present,introduced,,,2020,
164745467,FR,present,introduced,,,2020,
164745468,FR,present,introduced,,,2020,
164745473,FR,present,introduced,,,2020,
164745476,FR,present,introduced,,,2020,
164745477,FR,present,introduced,,,2020,
164745478,FR,present,introduced,,,2020,
164745483,FR,present,introduced,,,2020,
164745485,FR,present,introduced,,,2020,
164745486,FR,present,introduced,,,2020,
164745488,FR,present,introduced,,,2020,
164745489,FR,present,introduced,,,2020,
164745490,FR,present,introduced,,,2020,
164745491,FR,present,introduced,,,2020,
164745492,FR,present,introduced,,,2020,
