taxonKey,taxonID,scientificName,kingdom,taxonRank
148746414,30257,"Urnatella gracilis Leidy, 1851",Animalia,SPECIES
148746421,28831,"Craspedacusta sowerbii Lankester, 1880",Animalia,SPECIES
148746428,28795,"Cordylophora caspia (Pallas, 1771)",Animalia,SPECIES
3204090,29815,Plasmopara halstedii (Farl.) Berl. & De Toni,Chromista,SPECIES
148746437,29265,"Hypania invalida (Grube, 1860)",Animalia,SPECIES
3203749,29727,Peronospora lamii A.Braun,Chromista,SPECIES
3276937,29728,Peronospora hyoscyami de Bary,Chromista,SPECIES
148746445,29814,Plasmopara angustiterminalis Novot.,Chromista,SPECIES
148746446,29816,Plasmopara viticola (Berk. & M.A.Curtis) Berl. & De Toni,Chromista,SPECIES
7849089,30323,"Xironogiton instabilius (Moore, 1894)",Animalia,SPECIES
148746448,29793,Phytophthora infestans (Mont.) de Bary,Chromista,SPECIES
148746449,29726,Peronospora manshurica (Naumov) Syd.,Chromista,SPECIES
148746451,29725,Peronospora arthurii Farl.,Chromista,SPECIES
148746452,29879,Pseudoperonospora cubensis (Berk. & M.A.Curtis) Rostovzev,Chromista,SPECIES
148746454,28671,"Caspiobdella fadejewi (Epshtein, 1961)",Animalia,SPECIES
3204007,29880,Pseudoperonospora cubensis (Berk. & M.A.Curtis) Rostovzev,Chromista,SPECIES
148746456,28534,Basidiophora entospora Roze & Cornu,Chromista,SPECIES
148746460,28571,"Branchiura sowerbyi Beddard, 1892",Animalia,SPECIES
148746462,28454,Aphanomyces astaci Schikora,Chromista,SPECIES
148746469,28531,"Barbronia weberi (Blanchard, 1897)",Animalia,SPECIES
148746475,29111,"Fascioloides magna (Bassa, 1875)",Animalia,SPECIES
148746476,30139,Synchytrium endobioticum (Schilb.) Percival,Fungi,SPECIES
10808078,29740,"Nothophaeocryptopus gaeumannii (T.Rohde) Videira, C.Nakash., U.Braun & Crous",Fungi,SPECIES
148746485,28923,"Dendrocoelum romanodanubiale (Codreanu, 1949)",Animalia,SPECIES
148746488,29307,Kabatina thujae R.Schneid. & Arx,Fungi,SPECIES
148746498,29438,Lunularia cruciata (L.) Dumort. ex Lindb.,Plantae,SPECIES
5892120,28978,"Girardia tigrina (Girard, 1850)",Animalia,SPECIES
148746508,29128,Fulvia fulva (Cooke) Cif.,Fungi,SPECIES
7435779,29890,Nogopterium gracile (Hedw.) Crosby & W.R.Buck,Plantae,SPECIES
148746510,29196,"Gyrodactylus gasterostei Gläser, 1974",Animalia,SPECIES
148746516,29875,"Pseudodactylogyrus anguillae (Yin & Sproston, 1948) Gusev, 1965",Animalia,SPECIES
148746517,29659,Orthodontium lineare Schwägr.,Plantae,SPECIES
148746518,29876,"Pseudodactylogyrus bini (Kikuchi, 1929)",Animalia,SPECIES
148746522,28907,"Dactylogyrus yinwenyingae Gusev, 1962",Animalia,SPECIES
148746523,28642,Campylopus introflexus (Hedw.) Brid.,Plantae,SPECIES
2622090,29553,Lecanosticta acicola (Thüm.) Syd.,Fungi,SPECIES
148746525,28906,"Dactylogyrus vastator Nybelin, 1924",Animalia,SPECIES
2611366,29185,Phyllosticta paviae Desm.,Fungi,SPECIES
148746536,29799,Pinus strobus L.,Plantae,SPECIES
148746537,29883,Pseudotsuga menziesii (Mirb.) Franco,Plantae,SPECIES
2684855,30183,Platycladus orientalis (L.) Franco,Plantae,SPECIES
148746542,29311,"Khawia sinensis Hsü, 1935",Animalia,SPECIES
148746543,30184,Thuja plicata Donn ex D.Don,Plantae,SPECIES
148746544,30182,Thuja occidentalis L.,Plantae,SPECIES
148746548,28715,Chamaecyparis lawsoniana (A.Murray bis) Parl.,Plantae,SPECIES
148746549,28714,Chamaecyparis pisifera (Siebold & Zucc.) Endl.,Plantae,SPECIES
148746550,28622,Calocedrus decurrens (Torr.) Florin,Plantae,SPECIES
148746553,28944,Didymella lycopersici Kleb.,Fungi,SPECIES
148746556,30001,Salvinia ×molesta D.S.Mitch.,Plantae,SPECIES
148746557,28525,Azolla filiculoides Lam.,Plantae,SPECIES
4344983,28568,"Bothriocephalus claviceps (Goeze, 1782) Rudolphi, 1810",Animalia,SPECIES
7758879,28567,"Schyzocotyle acheilognathi (Yamaguti, 1934) Brabec, Waeschenbach, Scholz, Littlewood & Kuchta, 2015",Animalia,SPECIES
148746566,28904,Cyrtomium falcatum (L.fil.) C.Presl,Plantae,SPECIES
148746567,29928,Rhabdocline pseudotsugae Syd.,Fungi,SPECIES
148746570,28943,Didymascella thujina (E.J.Durand) Maire,Fungi,SPECIES
148746572,29888,Pteris multifida Poir.,Plantae,SPECIES
148746577,28700,Ceratopteris thalictroides (L.) Brongn.,Plantae,SPECIES
148746579,30065,"Sinanodonta woodiana (I.Lea, 1834)",Animalia,SPECIES
2578415,30256,Erysiphe necator Schwein.,Fungi,SPECIES
148746583,28701,Ceratopteris thalictroides (L.) Brongn.,Plantae,SPECIES
148746585,28973,"Dreissena polymorpha (Pallas, 1771)",Animalia,SPECIES
5255301,30105,Podosphaera mors-uvae (Schwein.) U.Braun & S.Takam.,Fungi,SPECIES
148746590,28793,"Corbicula fluminea (O.F.Müller, 1774)",Animalia,SPECIES
148746593,28495,Asplenium ceterach L.,Plantae,SPECIES
2578839,29076,Golovinomyces magnicellulatus (U.Braun) V.P.Heluta,Fungi,SPECIES
2578759,29521,Erysiphe alphitoides (Griffon & Maubl.) U.Braun & S.Takam.,Fungi,SPECIES
148746601,29765,Phoenix dactylifera L.,Plantae,SPECIES
3482288,29524,Erysiphe vanbruntiana (W.R.Gerard) U.Braun & S.Takam.,Fungi,SPECIES
148746608,30175,"Theodoxus fluviatilis (Linnaeus, 1758)",Animalia,SPECIES
2578594,29523,Erysiphe syringae Schwein.,Fungi,SPECIES
148746612,30246,Tulipa sylvestris L.,Plantae,SPECIES
148746613,30245,Tulipa gesneriana L.,Plantae,SPECIES
148746614,29391,Lilium lancifolium Thunb.,Plantae,SPECIES
148746615,29390,Lilium candidum L.,Plantae,SPECIES
148746618,29832,"Pomatias elegans (O.F.Müller, 1774)",Animalia,SPECIES
148746620,29126,Fritillaria imperialis L.,Plantae,SPECIES
2578694,29522,Erysiphe euonymi-japonici U.Braun & S.Takam.,Fungi,SPECIES
148746622,29845,"Potamopyrgus antipodarum (J.E.Gray, 1843)",Animalia,SPECIES
148746628,29831,"Pomacea bridgesii (Reeve, 1856)",Animalia,SPECIES
148746629,30268,Vallisneria spiralis L.,Plantae,SPECIES
148746631,29321,Lagarosiphon major (Ridl.) Moss,Plantae,SPECIES
148746632,29258,Hydrilla verticillata (L.f.) Royle,Plantae,SPECIES
148746633,29489,"Melanoides tuberculata (O.F.Müller, 1774)",Animalia,SPECIES
148746635,29013,Elodea nuttallii (Planch.) H.St.John,Plantae,SPECIES
148746637,29012,Elodea canadensis Michx.,Plantae,SPECIES
148746638,29882,"Pseudosuccinea columella (Say, 1817)",Animalia,SPECIES
148746639,29011,Elodea callitrichoides (Rich.) Casp.,Plantae,SPECIES
3483444,28488,Erysiphe mougeotii (Lév.) de Bary,Fungi,SPECIES
148746641,29133,"Galba cubensis (L.Pfeiffer, 1839)",Animalia,SPECIES
5329263,29004,Elodea densa (Planch.) Casp.,Plantae,SPECIES
148746644,29075,Erysiphe flexuosa (Peck) U.Braun & S.Takam.,Fungi,SPECIES
148746645,29077,Erysiphe paeoniae R.Y.Zheng & G.Q.Chen,Fungi,SPECIES
148746649,29989,Sagittaria latifolia Willd.,Plantae,SPECIES
9520065,29113,"Ferrissia californica (Rowell, 1863)",Animalia,SPECIES
148746653,29646,Ophiostoma ulmi (Buisman) Nannf.,Fungi,SPECIES
148746654,29808,"Planorbella duryi (Wetherby, 1879)",Animalia,SPECIES
148746655,29645,Ophiostoma novo-ulmi Brasier,Fungi,SPECIES
148746658,29195,"Gyraulus parvus (Say, 1817)",Animalia,SPECIES
148746659,29193,"Gyraulus chinensis (Dunker, 1848)",Animalia,SPECIES
11062899,28993,Aquarius cordifolius (L.) Christenh. & Byng,Plantae,SPECIES
148746664,28849,Cryphonectria parasitica (Murrill) M.E.Barr,Fungi,SPECIES
148746665,30338,"Zonitoides arboreus (Say, 1817)",Animalia,SPECIES
148746668,29802,Pistia stratiotes L.,Plantae,SPECIES
8678824,29798,Pinellia ternata (Thunb.) Makino,Plantae,SPECIES
148746673,29786,"Physella hendersoni (Clench, 1925)",Animalia,SPECIES
148746674,29346,Lemna aequinoctialis Welw.,Plantae,SPECIES
148746676,29784,"Physella acuta (Draparnaud, 1805)",Animalia,SPECIES
5189806,29787,"Physella acuta (Draparnaud, 1805)",Animalia,SPECIES
148746678,29347,Lemna minuta Kunth,Plantae,SPECIES
148746679,29785,"Physella gyrina (Say, 1821)",Animalia,SPECIES
148746680,29348,Lemna turionifera Landolt,Plantae,SPECIES
148746686,30159,"Tandonia sowerbyi (A.Férussac, 1823)",Animalia,SPECIES
148746687,28851,Cryptocoryne wendtii de Wit,Plantae,SPECIES
5250213,30258,Urocystis magica Pass.,Fungi,SPECIES
148746690,30158,"Tandonia rustica (Millet, 1843)",Animalia,SPECIES
148746692,29233,Heteranthera zosterifolia Mart.,Plantae,SPECIES
8699607,30266,Mycosarcoma maydis (DC.) Bref.,Fungi,SPECIES
148746698,30157,"Tandonia budapestensis (Hazay, 1880)",Animalia,SPECIES
148746699,30193,Tradescantia virginiana L.,Plantae,SPECIES
148746700,29527,"Milax nigricans (R.A.Philippi, 1836)",Animalia,SPECIES
148746701,28782,Commelina communis L.,Plantae,SPECIES
148746702,28781,Commelina tuberosa L.,Plantae,SPECIES
148746705,29526,"Milax gagates (Draparnaud, 1801)",Animalia,SPECIES
148746706,29650,Orchis simia Lam.,Plantae,SPECIES
148746710,29435,"Lucilla singleyana (Pilsbry, 1889)",Animalia,SPECIES
148746715,29103,Exobasidium japonicum Shirai,Fungi,SPECIES
2294131,29323,"Allopeas clavulinum (Potiez & Michaud, 1838)",Animalia,SPECIES
148746717,30071,Sisyrinchium bermudiana L.,Plantae,SPECIES
7362921,29643,"Opeas hannense (Rang, 1831)",Animalia,SPECIES
5298069,29297,Iris ×germanica L.,Plantae,SPECIES
148746725,29180,Graphiola phoenicis (Moug. ex Fr.) Poit.,Fungi,SPECIES
148746726,29296,Iris pallida Lam.,Plantae,SPECIES
148746727,29295,Iris ×germanica L.,Plantae,SPECIES
148746729,29163,Gladiolus communis L.,Plantae,SPECIES
11787668,29344,"Letourneuxia nyctelia (Bourguignat, 1861)",Animalia,SPECIES
8014163,29345,"Ambigolimax valentianus (A.Férussac, 1821)",Animalia,SPECIES
148746735,29392,"Limacus flavus (Linnaeus, 1758)",Animalia,SPECIES
148746736,28843,Crocus flavus Weston,Plantae,SPECIES
148746738,28842,Crocus banaticus J.Gay,Plantae,SPECIES
148746739,29203,"Hawaiia minuscula (A.Binney, 1841)",Animalia,SPECIES
148746740,28841,Crocus chrysanthus (Herb.) Herb.,Plantae,SPECIES
148746742,29021,Entyloma calendulae (Oudem.) de Bary,Fungi,SPECIES
148746743,29536,"Monacha cantiana (Montagu, 1803)",Animalia,SPECIES
148746744,28840,Crocosmia ×crocosmiiflora (Lemoine) N.E.Br.,Plantae,SPECIES
148746745,29022,Entyloma dahliae Syd. & P.Syd.,Fungi,SPECIES
148746746,28847,Crocus tommasinianus Herb.,Plantae,SPECIES
7622204,28846,Crocus neapolitanus (Ker Gawl.) Loisel.,Plantae,SPECIES
148746749,28845,Crocus ligusticus Mariotti,Plantae,SPECIES
148746751,28844,Crocus heuffelianus Herb.,Plantae,SPECIES
148746755,29260,"Hygromia cinctella (Draparnaud, 1801)",Animalia,SPECIES
148746758,28931,"Deroceras sturanyi (Simroth, 1894)",Animalia,SPECIES
2773281,29241,Ornithogalum nutans L.,Plantae,SPECIES
148746761,28930,"Deroceras reticulatum (O.F.Müller, 1774)",Animalia,SPECIES
148746763,28929,"Deroceras panormitanum (Lessona & Pollonera, 1882)",Animalia,SPECIES
5303935,29248,Hosta sieboldiana var. sieboldiana,Plantae,VARIETY
148746767,30329,Yucca filamentosa L.,Plantae,SPECIES
148746768,30198,Tranzschelia discolor (Fuckel) Tranzschel & M.A.Litv.,Fungi,SPECIES
3647528,30020,Scilla tmoli Speta,Plantae,SPECIES
148746770,29486,"Medora macascarensis carniolica (Küster, 1854)",Animalia,SUBSPECIES
148746771,29382,Leucotelium cerasi (Castagne) Tranzschel,Fungi,SPECIES
148746773,29231,Herilla bosniensis bosniensis,Animalia,SUBSPECIES
2767275,30023,Scilla forbesii (Baker) Speta,Plantae,SPECIES
148746775,30022,Scilla sardensis (Whittall ex Barr & Sugden) Speta,Plantae,SPECIES
148746776,30021,Scilla luciliae (Boiss.) Speta,Plantae,SPECIES
148746778,29987,Ruscus aculeatus L.,Plantae,SPECIES
148746779,29908,Puschkinia scilloides Adams,Plantae,SPECIES
148746780,28718,"Charpentieria itala braunii (Rossmässler, 1836)",Animalia,SUBSPECIES
148746781,29654,Ornithogalum nutans L.,Plantae,SPECIES
148746784,29653,Ornithogalum divergens Boreau,Plantae,SPECIES
8080743,29666,Scilla siberica Andrews,Plantae,SPECIES
2767579,29665,Scilla amoena L.,Plantae,SPECIES
4565140,28704,"Cernuella cisalpina (Rossmässler, 1837)",Animalia,SPECIES
148746789,28706,"Cernuella virgata (Da Costa, 1778)",Animalia,SPECIES
2772174,29550,Muscari armeniacum Leichtlin ex Baker,Plantae,SPECIES
148746791,29552,Muscari botryoides (L.) Mill.,Plantae,SPECIES
148746794,29551,Muscari azureum Fenzl,Plantae,SPECIES
148746796,29249,Hosta lancifolia (Thunb.) Engl.,Plantae,SPECIES
148746797,29024,"Eobania vermiculata (O.F.Müller, 1774)",Animalia,SPECIES
148746798,29250,Hosta plantaginea (Lam.) Asch.,Plantae,SPECIES
148746800,30261,Uromyces silphii (Syd. & P.Syd.) Arthur,Fungi,SPECIES
148746801,28643,"Cantareus apertus (Born, 1778)",Animalia,SPECIES
148746803,29253,Hyacinthoides italica (L.) Rothm.,Plantae,SPECIES
148746804,29254,Hyacinthoides non-scripta (L.) Chouard ex Rothm.,Plantae,SPECIES
148746805,28705,"Cernuella neglecta (Draparnaud, 1805)",Animalia,SPECIES
148746806,29255,Hyacinthus orientalis L.,Plantae,SPECIES
148746807,29899,Puccinia komarovii Tranzschel ex P.Syd. & Syd.,Fungi,SPECIES
148746808,28580,Brimeura amethystina (L.) Chouard,Plantae,SPECIES
148746810,28490,Asparagus officinalis L.,Plantae,SPECIES
148746811,29900,Puccinia lagenophorae Cooke,Fungi,SPECIES
9547834,28741,"Campylaea planospira (Lamarck, 1822)",Animalia,SPECIES
148746814,29901,Puccinia malvacearum Bertero ex Mont.,Fungi,SPECIES
148746815,29225,Hemerocallis fulva (L.) L.,Plantae,SPECIES
148746816,28492,Asphodelus fistulosus L.,Plantae,SPECIES
148746817,29902,Puccinia pelargonii-zonalis Doidge,Fungi,SPECIES
12181537,29903,"Allodus prostii (Moug. ex Duby) S.Ullah, Aime, M.Abbasi & Khalid",Fungi,SPECIES
148746820,29220,"Helix lucorum Linnaeus, 1758",Animalia,SPECIES
148746821,29564,Narcissus minor L.,Plantae,SPECIES
148746822,29904,Puccinia sorghi Schwein.,Fungi,SPECIES
148746823,29905,Puccinia tulipae J.Schröt.,Fungi,SPECIES
148746825,29565,Narcissus hybridus Hort.,Plantae,SPECIES
148746826,28802,"Cornu aspersum (O.F.Müller, 1774)",Animalia,SPECIES
148746827,28740,"Chilostoma cingulatum gobanzi (Frauenfeld, 1867)",Animalia,SUBSPECIES
148746828,29898,Puccinia horiana Henn.,Fungi,SPECIES
2514345,29896,Puccinia helianthi-mollis (Schwein.) H.S.Jacks.,Fungi,SPECIES
148746832,29568,Narcissus ×incomparabilis Mill.,Plantae,SPECIES
148746833,29895,Puccinia antirrhini Dietel & Holw.,Fungi,SPECIES
148746834,29566,Narcissus poeticus L.,Plantae,SPECIES
148746835,29567,Narcissus pseudonarcissus L.,Plantae,SPECIES
148746836,28646,"Caracollina lenticula (Michaud, 1831)",Animalia,SPECIES
148746837,28876,Cumminsiella mirabilissima (Peck) Nannf.,Fungi,SPECIES
148746838,29132,Galanthus elwesii Hook.f.,Plantae,SPECIES
148746842,28562,"Boettgerilla pallens Simroth, 1912",Animalia,SPECIES
148746843,28848,Cronartium ribicola J.C.Fisch.,Fungi,SPECIES
148746846,28475,"Arion distinctus Mabille, 1868",Animalia,SPECIES
148746847,28478,"Arion vulgaris Moquin-Tandon, 1855",Animalia,SPECIES
148746848,28365,Allium schoenoprasum L.,Plantae,SPECIES
148746849,28368,Allium christophii Trautv.,Plantae,SPECIES
148746851,28373,Allium sativum L.,Plantae,SPECIES
148746853,28374,Allium subhirsutum L.,Plantae,SPECIES
148746855,28369,Allium fistulosum L.,Plantae,SPECIES
148746856,28476,"Arion flagellus Collinge, 1893",Animalia,SPECIES
148746857,28370,Allium nigrum L.,Plantae,SPECIES
148746859,28371,Allium paradoxum (M.Bieb.) G.Don,Plantae,SPECIES
2857444,28372,Allium obliquum L.,Plantae,SPECIES
148746865,29947,Rigidoporus lineatus (Pers.) Ryvarden,Fungi,SPECIES
148746867,30251,Typha laxmannii Lepech.,Plantae,SPECIES
148746870,29306,Juncus tenuis Willd.,Plantae,SPECIES
148746872,29305,Juncus ensifolius Wikstr.,Plantae,SPECIES
148746873,28436,"Anguillicola crassus Kuwahara, Niimi & Itagaki, 1974",Animalia,SPECIES
148746876,29304,Juncus dudleyi Wiegand,Plantae,SPECIES
148746881,28903,Cyperus rotundus L.,Plantae,SPECIES
7540482,28901,"Cyperus longus A.Rich., 1850",Plantae,SPECIES
148746885,28760,Clathrus archeri (Berk.) Dring,Fungi,SPECIES
148746886,28900,Cyperus glomeratus L.,Plantae,SPECIES
148746887,28899,Cyperus esculentus L.,Plantae,SPECIES
148746888,28898,Cyperus eragrostis Lam.,Plantae,SPECIES
148746889,29857,"Proteus anguinus Laurenti, 1768",Animalia,SPECIES
148746890,28653,Carex bebbii (L.H.Bailey) Olney ex Fernald,Plantae,SPECIES
148746891,28654,Carex vulpinoidea Michx.,Plantae,SPECIES
148746892,28761,Clathrus ruber P.Micheli ex Pers.,Fungi,SPECIES
148746898,30190,"Trachemys scripta (Thunberg In Schoepff, 1792)",Animalia,SPECIES
148746904,30132,Stropharia rugosoannulata Farl. ex Murrill,Fungi,SPECIES
7226834,28987,Echinochloa crus-galli subsp. crus-galli,Plantae,SUBSPECIES
2468350,29647,"Pseudopus apodus (Pallas, 1775)",Animalia,SPECIES
2705420,29041,Eragrostis pectinacea (Michx.) Nees,Plantae,SPECIES
148746910,29820,Pluteus variabilicolor Babos,Fungi,SPECIES
148746912,29823,"Podarcis muralis maculiventris (Werner, 1891)",Animalia,SUBSPECIES
2705400,29039,Eragrostis pilosa (L.) P.Beauv.,Plantae,SPECIES
148746916,29824,"Podarcis muralis nigriventris Bonaparte, 1838",Animalia,SUBSPECIES
148746917,29490,Melanotus flavolivens (Berk. & M.A.Curtis) Singer,Fungi,SPECIES
148746918,29317,Lacerta trilineata trilineata,Animalia,SUBSPECIES
4125308,29683,Panicum schinzii Hack.,Plantae,SPECIES
2705622,29714,Paspalum distichum L.,Plantae,SPECIES
148746927,29351,Lentinula edodes (Berk.) Pegler,Fungi,SPECIES
2458928,28780,"Hierophis gemonensis (Laurenti, 1768)",Animalia,SPECIES
7618730,29720,Cenchrus caudatus (Schrad.) Kuntze,Plantae,SPECIES
11812602,29188,Collybiopsis luxurians (Peck) R.H.Petersen,Fungi,SPECIES
148746935,29661,"Oryctolagus cuniculus (Linnaeus, 1758)",Animalia,SPECIES
2705162,29684,Panicum capillare L.,Plantae,SPECIES
148746940,29854,"Procyon lotor (Linnaeus, 1758)",Animalia,SPECIES
148746942,28783,Conocybe crispella (Murrill) Singer,Fungi,SPECIES
2706403,30234,Triticum aestivum subsp. spelta (L.) Thell.,Plantae,SUBSPECIES
5218823,29579,"Mustela vison Schreber, 1777",Animalia,SPECIES
148746945,30235,Triticum turgidum L.,Plantae,SPECIES
148746948,29600,"Nyctereutes procyonoides (Gray, 1834)",Animalia,SPECIES
148746949,30233,Triticum monococcum L.,Plantae,SPECIES
148746952,28564,Bolbitius coprophilus (Peck) Hongo,Fungi,SPECIES
148746953,29667,"Ovis aries Linnaeus, 1758",Animalia,SPECIES
148746954,30230,×Triticosecale rimpaui (M.Graebn.) Wittm. ex A.W.Hill,Plantae,SPECIES
148746956,28912,"Dama dama (Linnaeus, 1758)",Animalia,SPECIES
148746957,28708,"Cervus nippon Temminck, 1838",Animalia,SPECIES
148746959,30231,Triticum aestivum L.,Plantae,SPECIES
148746962,30197,Tragus racemosus (L.) All.,Plantae,SPECIES
148746963,29636,"Ondatra zibethicus (Linnaeus, 1766)",Animalia,SPECIES
148746966,29924,"Rattus rattus (Linnaeus, 1758)",Animalia,SPECIES
148746967,30331,Zea mays L.,Plantae,SPECIES
148746968,29923,"Rattus norvegicus (Berkenhout, 1769)",Animalia,SPECIES
148746970,29549,"Mus musculus Linnaeus, 1758",Animalia,SPECIES
8373305,28519,Avena ×hybrida Peterm.,Plantae,SPECIES
2535581,29377,Leucocoprinus cepistipes (Sowerby) Pat.,Fungi,SPECIES
4264886,29548,"Mus musculus domesticus Schwarz & Schwarz, 1943",Animalia,SUBSPECIES
9203821,29376,Leucocoprinus cepistipes J.E.Lange,Fungi,SPECIES
148746976,29556,"Myocastor coypus (Molina, 1782)",Animalia,SPECIES
148746979,30248,Tulostoma giovanellae Bres.,Fungi,SPECIES
5289972,28951,Digitaria sanguinalis (L.) Scop.,Plantae,SPECIES
148746981,28672,"Castor canadensis Kuhl, 1820",Animalia,SPECIES
2705228,28932,Catapodium rigidum (L.) C.E.Hubb.,Plantae,SPECIES
148746987,29378,Leucocoprinus cretaceus (Bull.) Locq.,Fungi,SPECIES
148746988,30042,Setaria parviflora (Poir.) Kerguélen,Plantae,SPECIES
148746989,30322,"Xiphophorus maculatus (Günther, 1866)",Animalia,SPECIES
5289686,30043,Setaria verticillata (L.) P.Beauv.,Plantae,SPECIES
148746991,30321,"Xiphophorus hellerii Heckel, 1848",Animalia,SPECIES
148746992,30040,Setaria grisebachii E.Fourn.,Plantae,SPECIES
148746993,29825,"Poecilia reticulata Peters, 1859",Animalia,SPECIES
148746994,30041,Setaria italica (L.) P.Beauv.,Plantae,SPECIES
148746996,29379,Leucocoprinus ianthinus (Sacc.) P.Mohr,Fungi,SPECIES
5289684,30044,Setaria viridis (L.) P.Beauv.,Plantae,SPECIES
148746998,29374,Leucoagaricus americanus (Peck) Vellinga,Fungi,SPECIES
148746999,30032,Secale cereale L.,Plantae,SPECIES
148747001,29375,Leucocoprinus birnbaumii (Corda) Singer,Fungi,SPECIES
5289709,30038,Setaria sphacelata (Schumach.) Stapf & C.E.Hubb. ex Moss,Plantae,SPECIES
148747003,30039,Setaria faberi R.A.W.Herrm.,Plantae,SPECIES
148747004,29829,"Polyodon spathula (Walbaum, 1792)",Animalia,SPECIES
148747005,29364,Lepiota elaiophylla Vellinga & Huijser,Fungi,SPECIES
148747006,29963,Rostraria cristata (L.) Tzvelev,Plantae,SPECIES
148747008,29380,Leucocoprinus straminellus (Bagl.) Narducci & Caroti,Fungi,SPECIES
148747009,30115,Sporobolus cryptandrus (Torr.) A.Gray,Plantae,SPECIES
148747011,30116,Sporobolus neglectus Nash,Plantae,SPECIES
148747012,29994,"Salvelinus namaycush (Walbaum, 1792)",Animalia,SPECIES
148747013,30117,Sporobolus vaginiflorus (Torr. ex A.Gray) Alph.Wood,Plantae,SPECIES
148747014,29993,"Salvelinus fontinalis (Mitchill, 1814)",Animalia,SPECIES
148747016,29635,"Oncorhynchus mykiss (Walbaum, 1792)",Animalia,SPECIES
148747017,30101,Sorghum halepense (L.) Pers.,Plantae,SPECIES
148747018,28344,Agaricus bisporus (J.E.Lange) Imbach,Fungi,SPECIES
148747019,29634,"Oncorhynchus kisutch (Walbaum, 1792)",Animalia,SPECIES
148747020,30100,Sorghum bicolor (L.) Moench,Plantae,SPECIES
8335191,29800,Oloptum miliaceum (L.) Röser & Hamasha,Plantae,SPECIES
148747025,29821,Poa infirma Kunth,Plantae,SPECIES
4285968,29576,"Ponticola kessleri (Günther, 1861)",Animalia,SPECIES
148747028,29775,Phyllostachys nigra (Lodd. ex Lindl.) Munro,Plantae,SPECIES
148747029,29756,Phleum arenarium L.,Plantae,SPECIES
148747030,29758,Phleum subulatum (Savi) Asch. & Graebn.,Plantae,SPECIES
148747031,29757,Phleum paniculatum Huds.,Plantae,SPECIES
148747033,29744,Phalaris minor Retz.,Plantae,SPECIES
5788062,29575,"Babka gymnotrachelus (Kessler, 1857)",Animalia,SPECIES
148747035,29743,Phalaris canariensis L.,Plantae,SPECIES
148747036,29745,Phalaris paradoxa L.,Plantae,SPECIES
5671747,29719,Cenchrus alopecuroides (L.) Thunb.,Plantae,SPECIES
148747039,29577,"Neogobius melanostomus (Pallas, 1814)",Animalia,SPECIES
148747040,29742,Phalaris brachystachys Link,Plantae,SPECIES
148747043,29830,Polypogon monspeliensis (L.) Desf.,Plantae,SPECIES
148747044,29689,Panicum gattingeri Nash,Plantae,SPECIES
148747045,29688,Panicum dichotomiflorum Michx.,Plantae,SPECIES
148747047,29690,Panicum hillmanii Chase,Plantae,SPECIES
5211250,29516,"Micropterus dolomieu Lacepède, 1802",Animalia,SPECIES
148747049,29685,Panicum virgatum L.,Plantae,SPECIES
148747050,29517,"Micropterus salmoides (Lacepède, 1802)",Animalia,SPECIES
148747052,29365,"Lepomis gibbosus (Linnaeus, 1758)",Animalia,SPECIES
148747053,29686,Panicum capillare L.,Plantae,SPECIES
148747055,29694,Panicum schinzii Hack.,Plantae,SPECIES
148747056,29227,"Hemichromis fasciatus Peters, 1857",Animalia,SPECIES
148747059,29715,Paspalum distichum L.,Plantae,SPECIES
148747060,29226,"Hemichromis bimaculatus Gill, 1862",Animalia,SPECIES
4121799,29518,Festuca lachenalii (C.C.Gmel.) Spenn.,Plantae,SPECIES
148747064,29907,"Pungitius pungitius (Linnaeus, 1758)",Animalia,SPECIES
7738766,29534,Miscanthus sacchariflorus (Maxim.) Benth. & Hook.f. ex Franch.,Plantae,SPECIES
148747066,29535,Miscanthus sinensis Andersson,Plantae,SPECIES
148747067,29141,"Gasterosteus aculeatus Linnaeus, 1758",Animalia,SPECIES
148747071,29424,Lolium rigidum Gaudin,Plantae,SPECIES
148747072,29881,"Pseudorasbora parva (Temminck & Schlegel, 1846)",Animalia,SPECIES
148747073,29423,Lolium multiflorum Lam.,Plantae,SPECIES
148747074,29322,Lagurus ovatus L.,Plantae,SPECIES
148747075,29555,"Mylopharyngodon piceus (Richardson, 1846)",Animalia,SPECIES
148747076,29270,"Hypophthalmichthys molitrix (Valenciennes, 1844)",Animalia,SPECIES
148747077,29247,Hordeum vulgare L.,Plantae,SPECIES
148747078,29271,"Hypophthalmichthys nobilis (Richardson, 1845)",Animalia,SPECIES
148747079,29246,Hordeum secalinum Schreb.,Plantae,SPECIES
148747081,28869,"Ctenopharyngodon idella (Valenciennes, 1844)",Animalia,SPECIES
148747082,29244,Hordeum marinum Huds.,Plantae,SPECIES
148747083,28649,"Carassius auratus (Linnaeus, 1758)",Animalia,SPECIES
148747084,29243,Hordeum jubatum L.,Plantae,SPECIES
148747085,29242,Hordeum distichon L.,Plantae,SPECIES
148747086,28532,"Barbus plebejus Bonaparte, 1839",Animalia,SPECIES
148747087,29142,Gastridium ventricosum (Gouan) Schinz & Thell.,Plantae,SPECIES
148747088,29143,Gaudinia fragilis (L.) P.Beauv.,Plantae,SPECIES
148747091,28413,"Ameiurus nebulosus (Lesueur, 1819)",Animalia,SPECIES
148747093,28412,"Ameiurus melas (Rafinesque, 1820)",Animalia,SPECIES
148747094,29172,Glyceria striata (Lam.) Hitchc.,Plantae,SPECIES
148747096,29040,Eragrostis curvula (Schrad.) Nees,Plantae,SPECIES
148747098,29042,Eragrostis cilianensis (All.) Vignolo ex Janch.,Plantae,SPECIES
148747100,28341,Aegilops cylindrica Host,Plantae,SPECIES
148747101,29885,"Psittacula krameri (Scopoli, 1769)",Animalia,SPECIES
148747102,29554,"Myiopsitta monachus (Boddaert, 1783)",Animalia,SPECIES
148747105,28351,Agrostis castellana Boiss. & Reut.,Plantae,SPECIES
148747106,28352,Agrostis scabra Willd.,Plantae,SPECIES
148747107,30144,"Syrmaticus reevesii (J.E.Gray, 1829)",Animalia,SPECIES
148747108,29748,"Phasianus colchicus Linnaeus, 1758",Animalia,SPECIES
9488533,28350,Agropyron desertorum (K.Richt.),Plantae,SPECIES
148747110,29718,"Pavo cristatus Linnaeus, 1758",Animalia,SPECIES
148747111,29433,"Lophura nycthemera (Linnaeus, 1758)",Animalia,SPECIES
148747112,29491,"Meleagris gallopavo Linnaeus, 1758",Animalia,SPECIES
148747113,28377,Alopecurus rendlei Eig,Plantae,SPECIES
148747114,28444,Anthoxanthum aristatum Boiss.,Plantae,SPECIES
148747115,28748,"Chrysolophus pictus (Linnaeus, 1758)",Animalia,SPECIES
148747116,28363,"Alectoris rufa (Linnaeus, 1758)",Animalia,SPECIES
148747117,28524,Avena strigosa Schreb.,Plantae,SPECIES
148747118,28520,Avena barbata Pott ex Link,Plantae,SPECIES
148747119,28362,"Alectoris chukar (J.E.Gray, 1830)",Animalia,SPECIES
148747120,28521,Avena brevis Roth,Plantae,SPECIES
148747123,28522,Avena sativa L.,Plantae,SPECIES
148747124,30147,"Tadorna ferruginea (Pallas, 1764)",Animalia,SPECIES
148747125,28523,Avena sterilis L.,Plantae,SPECIES
148747126,29675,"Oxyura jamaicensis (J.F.Gmelin, 1789)",Animalia,SPECIES
148747127,28538,Beckmannia syzigachne (Steud.) Fernald,Plantae,SPECIES
148747128,28886,"Cygnus olor (J.F.Gmelin, 1789)",Animalia,SPECIES
148747129,28885,"Cygnus atratus (Latham, 1790)",Animalia,SPECIES
148747130,28569,Brachypodium distachyon (L.) P.Beauv.,Plantae,SPECIES
148747131,28573,"Branta leucopsis (Bechstein, 1803)",Animalia,SPECIES
148747132,28582,Bromus rigidus Roth,Plantae,SPECIES
148747133,28581,Briza minor L.,Plantae,SPECIES
148747134,28584,Bromus carinatus Hook. & Arn.,Plantae,SPECIES
148747135,28583,Bromus briziformis Fisch. & C.A.Mey.,Plantae,SPECIES
148747136,28586,Bromus diandrus Roth,Plantae,SPECIES
148747137,28572,"Branta canadensis (Linnaeus, 1758)",Animalia,SPECIES
148747138,28585,Bromus catharticus Vahl,Plantae,SPECIES
148747139,28613,"Cairina moschata (Linnaeus, 1758)",Animalia,SPECIES
148747141,28587,Bromus grossus Desf. ex DC.,Plantae,SPECIES
148747142,28590,Bromus lepidus Holmb.,Plantae,SPECIES
148747143,28357,"Aix sponsa (Linnaeus, 1758)",Animalia,SPECIES
148747144,28589,Bromus lanceolatus Roth,Plantae,SPECIES
148747145,28378,"Alopochen aegyptiaca (Linnaeus, 1766)",Animalia,SPECIES
148747147,28356,"Aix galericulata (Linnaeus, 1758)",Animalia,SPECIES
148747148,28591,Bromus madritensis L.,Plantae,SPECIES
5289726,28679,Cenchrus spinifex Cav.,Plantae,SPECIES
148747152,28674,Catapodium rigidum (L.) C.E.Hubb.,Plantae,SPECIES
148747153,28773,Coix lacryma-jobi L.,Plantae,SPECIES
148747154,28332,"Acridotheres cristatellus (Linnaeus, 1758)",Animalia,SPECIES
148747155,28895,Cynodon dactylon (L.) Pers.,Plantae,SPECIES
148747157,28991,Echinochloa muricata (P.Beauv.) Fernald,Plantae,SPECIES
148747158,28990,Echinochloa frumentacea Link,Plantae,SPECIES
6313089,28989,Echinochloa crus-galli subsp. utilis (Ohwi & Yabuno) T.Koyama,Plantae,SUBSPECIES
148747160,28988,Echinochloa colonum (L.) Link,Plantae,SPECIES
148747164,28897,Cynosurus echinatus L.,Plantae,SPECIES
148747165,28915,Dasypyrum villosum (L.) Borbás,Plantae,SPECIES
148747166,29047,Eragrostis virescens J.Presl,Plantae,SPECIES
148747167,30250,"Tygarrup javanicus Attems, 1929",Animalia,SPECIES
148747168,29044,Eragrostis multicaulis Steud.,Plantae,SPECIES
148747169,29043,Eragrostis mexicana (Hornem.) Link,Plantae,SPECIES
148747170,29046,Eragrostis trichodes (Nutt.) Alph.Wood,Plantae,SPECIES
148747171,29045,Eragrostis pectinacea (Michx.) Nees,Plantae,SPECIES
148747173,29009,Eleusine indica (L.) Gaertn.,Plantae,SPECIES
148747174,30128,"Stigmatogaster gracilis Meinert, 1870",Animalia,SPECIES
148747175,29010,Eleusine tristachya (Lam.) Lam.,Plantae,SPECIES
148747182,29601,"Nyctunguis persimilis Attems, 1932",Animalia,SPECIES
148747185,28330,Acorus calamus L.,Plantae,SPECIES
148747186,29324,"Lamyctes emarginatus Newport, 1844",Animalia,SPECIES
148747187,28331,Acorus gramineus Aiton,Plantae,SPECIES
148747191,30205,Tribulus terrestris L.,Plantae,SPECIES
148747192,29159,"Ghilaroviella valiachmedovi Zalesskaja, 1975",Animalia,SPECIES
7300214,29817,Platanus hispanica Ten.,Plantae,SPECIES
148747201,29668,Oxalis corniculata L.,Plantae,SPECIES
148747202,29669,Oxalis dillenii Jacq.,Plantae,SPECIES
148747203,29794,"Picripleuroxus denticulatus (Birge, 1879)",Animalia,SPECIES
148747204,29670,Oxalis stricta L.,Plantae,SPECIES
148747207,28913,"Daphnia parvula Fordyce, 1901",Animalia,SPECIES
148747210,30304,Vitis amurensis Rupr.,Plantae,SPECIES
148747211,28974,"Drepanothrix dentata (Eurén, 1861)",Animalia,SPECIES
148747213,30306,Vitis riparia Michx.,Plantae,SPECIES
148747215,30305,Vitis labrusca L.,Plantae,SPECIES
148747217,29712,Parthenocissus tricuspidata (Siebold & Zucc.) Planch.,Plantae,SPECIES
148747218,29711,Parthenocissus inserta (A.Kern.) Fritsch,Plantae,SPECIES
148747220,29710,Parthenocissus quinquefolia (L.) Planch.,Plantae,SPECIES
148747224,29414,Liriodendron tulipifera L.,Plantae,SPECIES
148747226,29199,"Halectinosoma abrau (Krichagin, 1877)",Animalia,SPECIES
148747230,29339,Laurus nobilis L.,Plantae,SPECIES
148747232,29100,"Eurytemora velox (Lilljeborg, 1853)",Animalia,SPECIES
148747236,29508,"Mesocyclops ruttneri Kiefer, 1981",Animalia,SPECIES
148747237,30008,Saururus cernuus L.,Plantae,SPECIES
148747238,28882,"Cyclops vicinus Uljanin, 1875",Animalia,SPECIES
148747240,29251,Houttuynia cordata Thunb.,Plantae,SPECIES
148747247,30104,"Sphaeridia pumilis (Krausbauer, 1898)",Animalia,SPECIES
148747249,29147,Geranium ×magnificum Hyl.,Plantae,SPECIES
148747250,30076,"Sminthurinus trinotatus W.M.Axelson, 1905",Animalia,SPECIES
148747252,29149,Geranium macrostylum Boiss.,Plantae,SPECIES
148747254,29148,Geranium aequale (Bab.) Aedo,Plantae,SPECIES
148747255,29507,"Mesaphorura krausbaueri C.Börner, 1901",Animalia,SPECIES
148747256,29151,Geranium bohemicum L.,Plantae,SPECIES
148747257,29150,Geranium versicolor L.,Plantae,SPECIES
148747259,29153,Geranium platypetalum Fisch. & C.A.Mey.,Plantae,SPECIES
148747260,29152,Geranium endressii J.Gay,Plantae,SPECIES
148747261,29155,Geranium pyrenaicum Burm.f.,Plantae,SPECIES
148747262,29154,Geranium purpureum Vill.,Plantae,SPECIES
148747263,29156,Geranium sibiricum L.,Plantae,SPECIES
148747264,29125,"Friesea claviseta Axelson, 1900",Animalia,SPECIES
8391331,29063,Erodium moschatum (L.) Aiton,Plantae,SPECIES
2891621,29062,"Erodium malacoides (L.) Willd., 1794",Plantae,SPECIES
2891628,29061,Erodium botrys (Cav.) Bertol.,Plantae,SPECIES
148747272,29753,Philadelphus pubescens Loisel.,Plantae,SPECIES
148747273,29256,Hydrangea arborescens L.,Plantae,SPECIES
148747274,29708,"Parisotoma notabilis (Schäffer, 1896)",Animalia,SPECIES
148747275,29257,Hydrangea macrophylla (Thunb.) Ser.,Plantae,SPECIES
148747277,28934,Deutzia gracilis Siebold & Zucc.,Plantae,SPECIES
148747278,28933,"Desoria trispinata (Mac Gillivray, 1896)",Animalia,SPECIES
148747279,28935,Deutzia scabra Thunb.,Plantae,SPECIES
6427526,28803,"Cornus alba Lam., 1786",Plantae,SPECIES
148747283,28805,Cornus sericea L.,Plantae,SPECIES
148747284,29856,"Proisotoma minuta (Tullberg, 1871)",Animalia,SPECIES
148747287,29454,Lythrum junceum Banks & Sol.,Plantae,SPECIES
7386618,28866,"Hemisotoma thermophila (Axelson, 1900)",Animalia,SPECIES
3188682,28877,Cuphea procumbens Ortega,Plantae,SPECIES
148747291,29628,Oenothera ×wienii Renner ex Rostanski,Plantae,SPECIES
148747293,29620,Oenothera rosea Aiton,Plantae,SPECIES
148747295,29621,Oenothera ×rubricaulis Kleb.,Plantae,SPECIES
148747296,29622,Oenothera stricta Link,Plantae,SPECIES
3188924,29623,Oenothera biennis L.,Plantae,SPECIES
148747298,28640,"Campodea quilisi Silvestri, 1932",Animalia,SPECIES
8994150,29624,Oenothera parviflora L.,Plantae,SPECIES
148747300,29625,Oenothera ×fallax Renner,Plantae,SPECIES
148747301,28639,"Campodea lubbockii Silvestri, 1912",Animalia,SPECIES
148747302,29626,Oenothera ×hoelscheri Renner ex Rostanski,Plantae,SPECIES
148747303,29627,Oenothera ×issleri Renner ex Rostanski,Plantae,SPECIES
148747304,29610,Oenothera ×carinthiaca Rostanski,Plantae,SPECIES
148747305,28641,"Campodea rhopalota Denis, 1930",Animalia,SPECIES
7223870,29611,Camissonia campestris subsp. campestris,Plantae,SUBSPECIES
148747307,29608,Oenothera biennis L.,Plantae,SPECIES
6427623,29609,Oenothera villosa subsp. villosa,Plantae,SUBSPECIES
148747309,29606,Oenothera ×ammophila Focke,Plantae,SPECIES
8994150,29607,Oenothera parviflora L.,Plantae,SPECIES
148747311,29604,Oenothera ×punctulata Rostanski & Gutte,Plantae,SPECIES
3188924,29605,Oenothera biennis L.,Plantae,SPECIES
148747315,29859,"Proturentomon discretum Condé, 1961",Animalia,SPECIES
148747316,29618,Oenothera parviflora L.,Plantae,SPECIES
3188924,29619,Oenothera biennis L.,Plantae,SPECIES
148747319,29616,Oenothera laciniata Hill,Plantae,SPECIES
148747320,29617,Oenothera oakesiana (A.Gray) J.W.Robbins ex S.Watson,Plantae,SPECIES
148747321,28541,"Berberentulus berberus (Condé, 1948)",Animalia,SPECIES
148747322,29614,Oenothera glazioviana Micheli,Plantae,SPECIES
148747323,29615,Oenothera ×heiniana Teyber,Plantae,SPECIES
8994150,29612,Oenothera parviflora L.,Plantae,SPECIES
6427623,29613,Oenothera villosa subsp. villosa,Plantae,SUBSPECIES
7322213,29432,Lopezia racemosa subsp. racemosa,Plantae,SUBSPECIES
5421030,29436,Ludwigia repens J.R.Forst.,Plantae,SPECIES
3666302,29144,Oenothera gaura W.L.Wagner & Hoch,Plantae,SPECIES
148747332,29309,"Katamysis warpachowskyi G.O.Sars, 1893",Animalia,SPECIES
148747333,29036,Epilobium ciliatum x tetragonum,Plantae,SPECIES
148747334,29035,Epilobium ciliatum x roseum,Plantae,SPECIES
148747335,29032,Epilobium ciliatum x obscurum,Plantae,SPECIES
148747336,29031,Epilobium ciliatum x montanum,Plantae,SPECIES
148747337,29394,"Limnomysis benedeni Czerniavsky, 1882",Animalia,SPECIES
148747338,29034,Epilobium ciliatum x parviflorum,Plantae,SPECIES
148747339,29033,Epilobium ciliatum x palustre,Plantae,SPECIES
148747340,29030,Epilobium ciliatum Raf.,Plantae,SPECIES
148747341,28758,Clarkia pulchella Pursh,Plantae,SPECIES
148747342,29228,"Hemimysis anomala G.O.Sars, 1907",Animalia,SPECIES
148747343,28757,Clarkia amoena (Lehm.) A.Nelson & J.F.Macbr.,Plantae,SPECIES
148747344,28759,Clarkia unguiculata Lindl.,Plantae,SPECIES
148747348,28676,Celastrus scandens L.,Plantae,SPECIES
148747352,30140,"Synurella ambulans (F.Müller, 1846)",Animalia,SPECIES
148747354,30289,Viburnum rhytidophyllum Hemsl. ex Forbes & Hemsl.,Plantae,SPECIES
148747356,30288,Viburnum lantana x rhytidophyllum,Plantae,SPECIES
148747358,30286,Viburnum buddleifolium C.H.Wright,Plantae,SPECIES
148747361,29596,"Niphargus hrabei S.Karaman, 1932",Animalia,SPECIES
148747362,30133,Symphoricarpos ×chenaultii Rehder,Plantae,SPECIES
6369607,30134,Symphoricarpos albus var. laevigatus (Fernald) S.F.Blake,Plantae,VARIETY
3856026,30310,Weigelia hybrida hort. ex Dippel,Plantae,SPECIES
148747368,29602,"Obesogammarus obesus (G.O.Sars, 1894)",Animalia,SPECIES
5598598,29426,Lonicera acuminata Wall.,Plantae,SPECIES
148747372,30309,Weigela florida (Bunge) A.DC.,Plantae,SPECIES
148747373,30135,Symphoricarpos orbiculatus Moench,Plantae,SPECIES
4417132,28995,"Chaetogammarus trichiatus Martynov, 1932",Animalia,SPECIES
7764700,29430,Lonicera pileata var. yunnanensis (Franch.) Bernd Schulz,Plantae,VARIETY
148747376,29429,Lonicera japonica Thunb.,Plantae,SPECIES
148747377,29428,Lonicera involucrata (Richards.) Banks ex Spreng.,Plantae,SPECIES
148747378,29427,Lonicera pileata Oliv.,Plantae,SPECIES
148747379,29431,Lonicera tatarica L.,Plantae,SPECIES
4315713,28994,"Chaetogammarus ischnus (Stebbing, 1899)",Animalia,SPECIES
148747381,28960,Dipsacus sativus (L.) Honck.,Plantae,SPECIES
7443846,28961,Dipsacus strigosus Willd.,Plantae,SPECIES
148747383,28693,Cephalaria radiata Griseb. & Schenk,Plantae,SPECIES
2888796,28694,Cephalaria syriaca (L.) Roem. & Schult.,Plantae,SPECIES
148747385,28695,Cephalaria transsylvanica (L.) Schrad. ex Roem. & Schult.,Plantae,SPECIES
148747386,28691,Centranthus ruber (L.) DC.,Plantae,SPECIES
148747387,28953,"Dikerogammarus haemobaphes (Eichwald, 1841)",Animalia,SPECIES
148747390,29290,Ipomoea tricolor Cav.,Plantae,SPECIES
148747391,29293,Ipomoea purpurea (L.) Roth,Plantae,SPECIES
148747392,29292,Ipomoea hederacea Jacq.,Plantae,SPECIES
148747393,29291,Ipomoea coccinea L.,Plantae,SPECIES
12177646,28880,Cuscuta australis subsp. australis,Plantae,SUBSPECIES
148747395,28881,Cuscuta suaveolens Ser.,Plantae,SPECIES
148747396,28878,Cuscuta campestris Yunck.,Plantae,SPECIES
148747397,28954,"Dikerogammarus villosus (Sowinsky, 1894)",Animalia,SPECIES
148747398,28879,Cuscuta gronovii Willd. ex Schult.,Plantae,SPECIES
148747399,28952,"Dikerogammarus bispinosus Martynov, 1925",Animalia,SPECIES
148747400,28790,Convolvulus tricolor L.,Plantae,SPECIES
148747401,28624,Calystegia ×pulchra Brumm. & Heywood,Plantae,SPECIES
148747403,28625,Calystegia silvatica (Kit.) Griseb.,Plantae,SPECIES
148747405,28720,"Chelicorophium curvispinum (G.O.Sars, 1895)",Animalia,SPECIES
5581168,29777,Physalis philadelphica subsp. ixocarpa (Brot. ex Hornem.) Sobr.-Vesp. & Sanz-Elorza,Plantae,SUBSPECIES
148747410,30019,Schizanthus pinnatus Ruiz & Pav.,Plantae,SPECIES
148747411,29853,"Procambarus clarkii (Girard, 1852)",Animalia,SPECIES
2929146,30091,Solanum retroflexum Dunal,Plantae,SPECIES
8909595,29651,"Faxonius limosus (Rafinesque, 1817)",Animalia,SPECIES
148747414,30081,Solanum mammosum L.,Plantae,SPECIES
148747416,30082,Solanum melongena L.,Plantae,SPECIES
148747417,29678,"Pacifastacus leniusculus (Dana, 1852)",Animalia,SPECIES
2931714,30079,Solanum laxum Spreng.,Plantae,SPECIES
148747419,30080,Solanum lycopersicum L.,Plantae,SPECIES
2929362,30078,Solanum capsicoides All.,Plantae,SPECIES
148747423,30089,Solanum triflorum Nutt.,Plantae,SPECIES
148747424,30090,Solanum tuberosum L.,Plantae,SPECIES
148747425,30087,Solanum sarrachoides Sendtn.,Plantae,SPECIES
148747426,30088,Solanum sisymbriifolium Lam.,Plantae,SPECIES
148747427,28513,"Atyaephyra desmarestii (Millet, 1831)",Animalia,SPECIES
148747428,30085,Solanum pseudocapsicum L.,Plantae,SPECIES
2929800,30086,Solanum angustifolium Houst. ex Mill.,Plantae,SPECIES
148747432,30084,Solanum physalifolium Rusby,Plantae,SPECIES
148747434,29781,Physalis lanceolata Michx.,Plantae,SPECIES
148747435,29780,Physalis angulata L.,Plantae,SPECIES
148747437,30211,"Trichorhina tomentosa (Budde-Lund, 1893)",Animalia,SPECIES
2928840,29778,Withania somnifera (L.) Dunal,Plantae,SPECIES
8791507,29783,Physalis philadelphica Lambert,Plantae,SPECIES
148747441,29782,Physalis peruviana L.,Plantae,SPECIES
148747442,29858,"Protracheoniscus major (Dollfus, 1903)",Animalia,SPECIES
148747444,29734,Petunia ×atkinsiana D.Don ex Loudon,Plantae,SPECIES
148747446,29301,"Jaera istri Veuille, 1979",Animalia,SPECIES
148747447,29586,Nicandra physalodes (L.) Gaertn.,Plantae,SPECIES
148747448,29592,Nicotiana tabacum L.,Plantae,SPECIES
2928759,29588,Nicotiana langsdorffii Weinm.,Plantae,SPECIES
148747450,29589,Nicotiana alata Link & Otto,Plantae,SPECIES
148747451,29590,Nicotiana alata x forgetiana,Plantae,SPECIES
148747452,29591,Nicotiana rustica L.,Plantae,SPECIES
148747454,28479,"Armadillidium nasatum Budde-Lund, 1885",Animalia,SPECIES
148747455,29447,Lycium chinense Mill.,Plantae,SPECIES
148747457,29446,Lycium barbarum L.,Plantae,SPECIES
148747460,29264,Hyoscyamus albus L.,Plantae,SPECIES
148747461,28892,"Cylindroiulus truncorum (Silvestri, 1896)",Animalia,SPECIES
148747462,28918,Datura stramonium L.,Plantae,SPECIES
148747463,28891,"Cylindroiulus punctatus (Leach, 1816)",Animalia,SPECIES
148747464,28919,Datura wrightii Regel,Plantae,SPECIES
148747465,28916,Datura ferox L.,Plantae,SPECIES
148747466,28890,"Cylindroiulus latestriatus (Curtis, 1845)",Animalia,SPECIES
148747467,28917,Datura innoxia Mill.,Plantae,SPECIES
148747468,28889,"Cylindroiulus caeruleocinctus (Wood, 1864)",Animalia,SPECIES
148747469,28645,Capsicum annuum L.,Plantae,SPECIES
148747471,28888,"Cylindroiulus britannicus (Verhoeff, 1891)",Animalia,SPECIES
148747474,28609,Cabomba caroliniana A.Gray,Plantae,SPECIES
148747476,29837,"Poratia digitata (Porat, 1889)",Animalia,SPECIES
148747480,29677,Pachysandra terminalis Siebold & Zucc.,Plantae,SPECIES
148747482,28608,Buxus sempervirens L.,Plantae,SPECIES
148747485,30129,"Stosatea italicum (Latzel, 1886)",Animalia,SPECIES
148747486,30179,Thladiantha dubia Bunge,Plantae,SPECIES
7317524,30178,Thladiantha cordifolia (Blume) Cogn.,Plantae,SPECIES
148747488,30046,Sicyos angulatus L.,Plantae,SPECIES
148747489,28992,Echinocystis lobata (Michx.) Torr. & A.Gray,Plantae,SPECIES
148747490,28985,Ecballium elaterium (L.) A.Rich.,Plantae,SPECIES
148747491,29671,"Oxidus gracilis (C.L.Koch, 1847)",Animalia,SPECIES
148747493,28871,Cucumis sativus L.,Plantae,SPECIES
148747494,28870,Cucumis melo L.,Plantae,SPECIES
148747495,28887,"Cylindrodesmus hirsutus Pocock, 1889",Animalia,SPECIES
148747496,28874,Cucurbita maxima Duchesne,Plantae,SPECIES
148747497,28875,Cucurbita pepo L.,Plantae,SPECIES
148747499,28872,Cucurbita ficifolia Bouché,Plantae,SPECIES
148747500,28419,"Amphitomeus attemsi (Schubart, 1934)",Animalia,SPECIES
148747501,28873,Cucurbita foetidissima Kunth,Plantae,SPECIES
148747503,28754,Citrullus lanatus (Thunb.) Matsum. & Nakai,Plantae,SPECIES
148747506,28539,Begonia semperflorens Link & Otto,Plantae,SPECIES
148747510,30311,"Withius hispanus (L.Koch, 1873)",Animalia,SPECIES
148747511,28517,Aucuba japonica Thunb.,Plantae,SPECIES
148747514,30312,"Withius piger (Simon, 1878)",Animalia,SPECIES
148747516,30301,Vinca major L.,Plantae,SPECIES
148747517,29146,"Geogarypus minor (L.Koch, 1873)",Animalia,SPECIES
148747518,29724,Periploca graeca L.,Plantae,SPECIES
148747520,29178,Gomphocarpus fruticosus (L.) W.T.Aiton,Plantae,SPECIES
148747522,29648,"Opilio canestrinii (Thorell, 1876)",Animalia,SPECIES
148747523,28489,Asclepias syriaca L.,Plantae,SPECIES
148747525,29964,Rubia tinctorum L.,Plantae,SPECIES
148747526,29649,"Opilio ruzickai Šilhavý, 1938",Animalia,SPECIES
7671397,29770,Phuopsis stylosa (Trin.) G.Nicholson,Plantae,SPECIES
148747529,28941,"Dicranolasma scabrum (Herbst, 1799)",Animalia,SPECIES
148747530,29139,Galium rubrum L.,Plantae,SPECIES
148747531,29140,Galium verrucosum Huds.,Plantae,SPECIES
148747533,28491,Asperula orientalis Boiss. & Hohen.,Plantae,SPECIES
148747537,29101,"Euscorpius italicus (Herbst, 1800)",Animalia,SPECIES
148747538,29941,Ribes aureum Pursh,Plantae,SPECIES
148747539,29942,Ribes nigrum L.,Plantae,SPECIES
148747540,29943,Ribes rubrum L.,Plantae,SPECIES
148747541,29944,Ribes spicatum E.Robson,Plantae,SPECIES
148747543,29680,Paeonia officinalis L.,Plantae,SPECIES
148747545,29679,Paeonia mascula (L.) Mill.,Plantae,SPECIES
148747547,28692,"Centruroides gracilis (Latreille, 1804)",Animalia,SPECIES
148747548,29557,Myriophyllum aquaticum (Vell.) Verdc.,Plantae,SPECIES
148747549,28607,"Buthus occitanus (Amoreux, 1789)",Animalia,SPECIES
148747550,29558,Myriophyllum heterophyllum Michx.,Plantae,SPECIES
4201862,30033,Petrosedum orientale ('t Hart) Grulich,Plantae,SPECIES
148747554,29752,Phedimus spurius (M.Bieb.) 't Hart,Plantae,SPECIES
148747556,29750,Phedimus hybridus (L.) 't Hart,Plantae,SPECIES
148747557,29749,Phedimus aizoon (L.) 't Hart,Plantae,SPECIES
148747558,29262,Hylotelephium sieboldii (Regel) H.Ohba,Plantae,SPECIES
148747560,29263,Hylotelephium spectabile (Boreau) H.Ohba,Plantae,SPECIES
148747563,30255,"Uloborus plumipes Lucas, 1846",Animalia,SPECIES
7339513,28505,Astilbe rubra Hook.fil. & Thomson,Plantae,SPECIES
148747567,30009,Saxifraga ×geum L.,Plantae,SPECIES
148747568,30010,Saxifraga hirsuta L.,Plantae,SPECIES
7783291,30165,"Eratigena atrica (C.L.Koch, 1843)",Animalia,SPECIES
148747570,30011,Saxifraga stolonifera Curtis,Plantae,SPECIES
148747571,30012,Saxifraga umbrosa L.,Plantae,SPECIES
148747572,30013,Saxifraga ×arendsii Engl.,Plantae,SPECIES
148747573,30167,"Tegenaria parietina (Fourcroy, 1785)",Animalia,SPECIES
148747574,30014,Saxifraga ×urbium D.A.Webb,Plantae,SPECIES
148747575,30166,"Tegenaria domestica (Clerck, 1757)",Animalia,SPECIES
148747576,29234,Heuchera sanguinea Engelm.,Plantae,SPECIES
148747578,28545,Bergenia crassifolia (L.) Fritsch,Plantae,SPECIES
5567694,28544,Bergenia crassifolia (L.) Fritsch,Plantae,SPECIES
148747580,30337,"Zodarion rubidum Simon, 1914",Animalia,SPECIES
8330218,28546,Bergenia ciliata (Haw.) Sternb.,Plantae,SPECIES
148747582,28506,Astilbe japonica (C.Morren & Decne.) A.Gray,Plantae,SPECIES
148747584,30336,"Zodarion italicum (Canestrini, 1868)",Animalia,SPECIES
148747586,30335,"Zodarion hamatum Wiehle, 1964",Animalia,SPECIES
148747587,28470,Aralia spinosa L.,Plantae,SPECIES
148747589,28471,Aralia elata (Miq.) Seem.,Plantae,SPECIES
148747591,30333,"Zelotes puritanus Chamberlin, 1922",Animalia,SPECIES
148747592,30189,Torilis nodosa (L.) Gaertn.,Plantae,SPECIES
148747593,30037,Seseli campestre Besser,Plantae,SPECIES
11921804,29946,Anethum ridolfia Spalik & Reduron,Plantae,SPECIES
148747596,30077,Smyrnium perfoliatum L.,Plantae,SPECIES
148747597,30340,"Zygiella x-notata (Clerck, 1757)",Animalia,SPECIES
148747598,29797,Pimpinella peregrina L.,Plantae,SPECIES
5539680,29796,Pimpinella aromatica M.Bieb.,Plantae,SPECIES
148747600,29733,Petroselinum crispum (Mill.) Fuss,Plantae,SPECIES
148747603,30339,"Zoropsis spinimana (Dufour, 1820)",Animalia,SPECIES
9568743,29328,"Silphiodaucus hispidus (M.Bieb.) Spalik, Wojew., Banasiak, Piwczyñski & Reduron",Plantae,SPECIES
148747606,29383,Levisticum officinale W.D.J.Koch,Plantae,SPECIES
148747607,30031,"Scytodes thoracica (Latreille, 1802)",Animalia,SPECIES
148747608,29229,Heracleum mantegazzianum Sommier & Levier,Plantae,SPECIES
148747610,29230,Heracleum pubescens (Hoffm.) M.Bieb.,Plantae,SPECIES
148747611,29114,Ferulago galbanifera (Mill.) W.D.J.Koch,Plantae,SPECIES
148747613,29117,Foeniculum vulgare Mill.,Plantae,SPECIES
148747614,29767,"Phoneutria depilata (Strand, 1909)",Animalia,SPECIES
148747615,29066,Eryngium giganteum M.Bieb.,Plantae,SPECIES
148747618,29766,"Pholcus phalangioides (Fuesslin, 1775)",Animalia,SPECIES
148747619,28920,Daucosma laciniatum Engelm. & A.Gray,Plantae,SPECIES
148747620,29884,"Psilochorus simoni (Berland, 1911)",Animalia,SPECIES
148747622,28867,Cryptotaenia canadensis (L.) DC.,Plantae,SPECIES
11362518,29632,"Nolavia antiguensis columbiensis (Schmidt, 1971)",Animalia,SUBSPECIES
148747624,28799,Coriandrum sativum L.,Plantae,SPECIES
148747625,28606,Bupleurum lancifolium Hornem.,Plantae,SPECIES
148747626,28605,Bupleurum fontanesii Caruel,Plantae,SPECIES
148747627,28604,Bupleurum baldense Turra,Plantae,SPECIES
148747629,28603,Bunium bulbocastanum L.,Plantae,SPECIES
148747630,28558,Bifora radians M.Bieb.,Plantae,SPECIES
148747631,30160,"Tapinesthis inermis (Simon, 1882)",Animalia,SPECIES
148747633,29642,"Oonops pulcher Templeton, 1835",Animalia,SPECIES
148747636,28435,Angelica archangelica L.,Plantae,SPECIES
148747638,28434,Anethum graveolens L.,Plantae,SPECIES
148747639,28415,Ammi majus L.,Plantae,SPECIES
9597437,29584,"Kryptonesticus eremita (Simon, 1880)",Animalia,SPECIES
5371753,28416,Visnaga daucoides Gaertn.,Plantae,SPECIES
148747645,30290,Vicia dalmatica A.Kern.,Plantae,SPECIES
148747648,29746,Phaseolus coccineus L.,Plantae,SPECIES
148747649,29370,"Leptorchestes berolinensis (C.L.Koch, 1846)",Animalia,SPECIES
148747652,29747,Phaseolus vulgaris L.,Plantae,SPECIES
148747654,30224,Trigonella caerulea (L.) Ser.,Plantae,SPECIES
5359177,30223,Trifolium resupinatum var. majus Boiss.,Plantae,VARIETY
2138688,29027,"Mermessus trilobatus (Emerton, 1882)",Animalia,SPECIES
148747657,30222,Trifolium squarrosum L.,Plantae,SPECIES
148747658,30221,Trifolium resupinatum L.,Plantae,SPECIES
148747659,30220,Trifolium nigrescens Viv.,Plantae,SPECIES
148747660,30219,Trifolium mutabile Port.,Plantae,SPECIES
148747661,29664,"Ostearius melanopygius (O.Pickard-Cambridge, 1880)",Animalia,SPECIES
148747662,30218,Trifolium lappaceum L.,Plantae,SPECIES
5359378,30217,Trifolium incarnatum L.,Plantae,SPECIES
5359378,30216,Trifolium incarnatum L.,Plantae,SPECIES
148747666,30215,Trifolium hybridum subsp. elegans (Savi) Asch. & Graebn.,Plantae,SUBSPECIES
148747667,30214,Trifolium echinatum M.Bieb.,Plantae,SPECIES
148747668,30213,Trifolium alexandrinum L.,Plantae,SPECIES
148747669,29060,"Ero aphana (Walckenaer, 1802)",Animalia,SPECIES
148747670,30212,Trifolium repens subsp. prostratum Nyman,Plantae,SUBSPECIES
5360455,30227,Trigonella kotschyi Benth.,Plantae,SPECIES
148747672,30228,Trigonella procumbens (Besser) Rchb.,Plantae,SPECIES
8261015,30225,Trigonella foenum-graecum (Habl.),Plantae,SPECIES
148747675,30226,Trigonella grandiflora Bunge,Plantae,SPECIES
148747676,30253,Ulex europaeus L.,Plantae,SPECIES
148747677,30291,Vicia articulata Hornem.,Plantae,SPECIES
148747678,30292,Vicia benghalensis L.,Plantae,SPECIES
148747680,30293,Vicia bithynica (L.) L.,Plantae,SPECIES
8271282,30294,Vicia sativa subsp. cordata (Wulfen ex Hoppe) Batt.,Plantae,SUBSPECIES
148747682,30295,Vicia ervilia (L.) Willd.,Plantae,SPECIES
148747683,30296,Vicia faba L.,Plantae,SPECIES
148747684,30297,Vicia lutea L.,Plantae,SPECIES
148747685,30298,Vicia peregrina L.,Plantae,SPECIES
148747686,30299,Vicia sativa L.,Plantae,SPECIES
148747687,30300,Vicia serratifolia Jacq.,Plantae,SPECIES
148747688,28417,Amorpha fruticosa L.,Plantae,SPECIES
7555806,28942,"Brigittea civica (Lucas, 1850)",Animalia,SPECIES
148747690,29595,"Nigma walckenaeri (Roewer, 1951)",Animalia,SPECIES
148747691,28463,Apios americana Medik.,Plantae,SPECIES
148747692,28507,Astragalus falcatus Lam.,Plantae,SPECIES
148747694,28648,Caragana frutex (L.) K.Koch,Plantae,SPECIES
148747695,28979,"Dysdera crocata C.L.Koch, 1838",Animalia,SPECIES
148747696,28647,Caragana arborescens Lam.,Plantae,SPECIES
148747697,28702,Cercis siliquastrum L.,Plantae,SPECIES
148747698,28806,Coronilla scorpioides (L.) W.D.J.Koch,Plantae,SPECIES
148747700,28905,Cytisus scoparius (L.) Link,Plantae,SPECIES
148747701,29169,Gleditsia triacanthos L.,Plantae,SPECIES
148747702,28709,"Cetonana laticeps (Canestrini, 1868)",Animalia,SPECIES
148747703,29187,Gymnocladus dioicus (L.) K.Koch,Plantae,SPECIES
148747704,29173,Glycine max (L.) Merr.,Plantae,SPECIES
148747706,29174,Glycyrrhiza glabra L.,Plantae,SPECIES
148747707,29134,Galega orientalis Lam.,Plantae,SPECIES
3967193,29200,Caragana halodendron (Pall.) Dum.Cours.,Plantae,SPECIES
148747709,28719,"Cheiracanthium mildei L.Koch, 1864",Animalia,SPECIES
148747710,29335,Lathyrus odoratus L.,Plantae,SPECIES
148747711,29336,Lathyrus sativus L.,Plantae,SPECIES
148747712,29333,Lathyrus aphaca L.,Plantae,SPECIES
148747713,29334,Lathyrus cicera L.,Plantae,SPECIES
148747714,29331,Lathyrus sphaericus Retz.,Plantae,SPECIES
148747716,29332,Lathyrus annuus L.,Plantae,SPECIES
2946873,29350,Vicia lenticula (Hoppe) Janka,Plantae,SPECIES
3973001,29349,Vicia lens (L.) Coss. & Germ.,Plantae,SPECIES
4550741,30177,"Sardinidion blackwalli (O.Pickard-Cambridge, 1871)",Animalia,SPECIES
148747721,29316,Laburnum anagyroides Medik.,Plantae,SPECIES
148747722,29494,Melilotus sulcatus Desf.,Plantae,SPECIES
148747723,29493,Melilotus infestus Guss.,Plantae,SPECIES
148747724,29492,Melilotus indicus (L.) All.,Plantae,SPECIES
148747726,29480,Medicago arabica (L.) Huds.,Plantae,SPECIES
148747727,29481,Medicago disciformis DC.,Plantae,SPECIES
2157402,28324,"Parasteatoda tepidariorum (C.L.Koch, 1841)",Animalia,SPECIES
148747729,29482,Medicago polymorpha L.,Plantae,SPECIES
2965354,29483,Medicago falcata L.,Plantae,SPECIES
148747731,29484,Medicago scutellata (L.) Mill.,Plantae,SPECIES
148747733,29485,Medicago ×varia Martyn,Plantae,SPECIES
4550742,28323,"Parasteatoda tabulata (Levi, 1980)",Animalia,SPECIES
148747735,29443,Lupinus polyphyllus Lindl.,Plantae,SPECIES
148747736,30122,"Steatoda triangulosa (Walckenaer, 1802)",Animalia,SPECIES
3972042,29442,Lupinus gussoneanus J.Agardh,Plantae,SPECIES
148747738,30121,"Steatoda grossa (C.L.Koch, 1838)",Animalia,SPECIES
148747739,29441,Lupinus luteus L.,Plantae,SPECIES
148747740,29440,Lupinus angustifolius L.,Plantae,SPECIES
148747741,30120,"Steatoda castanea (Clerck, 1757)",Animalia,SPECIES
148747742,29439,Lupinus albus L.,Plantae,SPECIES
148747743,29434,Lotus ornithopodioides L.,Plantae,SPECIES
148747744,29583,"Nesticodes rufipes (Lucas, 1846)",Animalia,SPECIES
148747745,29656,Ornithopus sativus Brot.,Plantae,SPECIES
148747746,28775,"Coleosoma floridanum Banks, 1900",Animalia,SPECIES
148747747,29655,Ornithopus perpusillus L.,Plantae,SPECIES
148747748,28655,"Carniella brignolii Thaler & Steinberger, 1988",Animalia,SPECIES
148747749,29637,Onobrychis viciifolia Scop.,Plantae,SPECIES
148747751,29638,Ononis mitissima L.,Plantae,SPECIES
148747754,30106,"Spilopsyllus cuniculi (Dale, 1878)",Animalia,SPECIES
5347846,29803,Lathyrus oleraceus Lam.,Plantae,SPECIES
148747756,30102,Spartium junceum L.,Plantae,SPECIES
2963569,30096,Styphnolobium japonicum (L.) Schott,Plantae,SPECIES
148747759,29949,Robinia viscosa Michx. ex Vent.,Plantae,SPECIES
5352251,29948,Robinia pseudoacacia L.,Plantae,SPECIES
148747763,29599,"Nosopsyllus fasciatus (Bosc, 1800)",Animalia,SPECIES
148747764,29738,Phacelia tanacetifolia Benth.,Plantae,SPECIES
148747765,29737,Phacelia congesta (Douglas ex Lehm.) Hook.,Plantae,SPECIES
148747769,30181,"Thrips simplex (Morison, 1930)",Animalia,SPECIES
148747770,29218,Heliotropium europaeum L.,Plantae,SPECIES
4063383,30191,Trachystemon orientale (L.) D.Don,Plantae,SPECIES
148747773,29713,"Parthenothrips dracaenae (Heeger, 1854)",Animalia,SPECIES
148747774,29217,"Heliothrips haemorrhoidalis (Bouché, 1833)",Animalia,SPECIES
148747775,29123,"Frankliniella occidentalis (Pergande, 1895)",Animalia,SPECIES
148747776,30137,Symphytum asperum Lepech.,Plantae,SPECIES
148747777,30138,Symphytum ×uplandicum Nyman,Plantae,SPECIES
148747778,28998,"Echinothrips americanus Morgan, 1913",Animalia,SPECIES
148747779,29598,Nonea lutea (Desr.) DC.,Plantae,SPECIES
148747780,29325,Lappula patula (Lehm.) Menyh.,Plantae,SPECIES
148747781,29098,"Euphysothrips minozzii Bagnall, 1926",Animalia,SPECIES
148747782,28999,Echium italicum L.,Plantae,SPECIES
148747783,29000,Echium plantagineum L.,Plantae,SPECIES
148747784,28896,Cynoglottis barrelieri (All.) Vural & Kit Tan,Plantae,SPECIES
148747785,28599,Brunnera macrophylla (Adams) I.M.Johnst.,Plantae,SPECIES
148747788,28565,Borago officinalis L.,Plantae,SPECIES
148747789,28868,"Ctenolepisma longicaudatum Escherich, 1905",Animalia,SPECIES
148747790,28428,Anchusa ochroleuca M.Bieb.,Plantae,SPECIES
148747791,28427,Anchusa azurea Mill.,Plantae,SPECIES
9405645,28429,Lycopsis arvensis subsp. orientalis (L.) Kusn.,Plantae,SUBSPECIES
148747794,28420,Amsinckia calycina (Moris) Chater,Plantae,SPECIES
148747795,28778,"Coletinia maggii (Grassi, 1887)",Animalia,SPECIES
148747799,30152,Tamarix ramosissima Ledeb.,Plantae,SPECIES
148747800,30151,Tamarix parviflora DC.,Plantae,SPECIES
148747802,29790,Phytolacca americana L.,Plantae,SPECIES
8359411,29791,Phytolacca acinosa var. esculenta (Van Houtte) Maxim.,Plantae,VARIETY
4022617,29838,Portulaca nitida (Danin & H.G.Baker) Ricceri & Arrigoni,Plantae,SPECIES
148747814,30229,"Trimenopon hispidum (Burmeister, 1838)",Animalia,SPECIES
148747815,29840,Portulaca grandiflora Hook.,Plantae,SPECIES
10363580,29672,Mirabilis nyctaginea (Michx.) Mac Mill.,Plantae,SPECIES
148747818,29533,Mirabilis jalapa L.,Plantae,SPECIES
148747823,29395,Limonium sinuatum (L.) Mill.,Plantae,SPECIES
148747826,30207,"Trichodectes octomaculatus Paine, 1912",Animalia,SPECIES
6709291,29106,Reynoutria compacta (Hook.fil.) Nakai,Plantae,SPECIES
4033335,29729,Bistorta affinis (D.Don) Greene,Plantae,SPECIES
148747831,30210,"Trichopsocus dalii (McLachlan, 1867)",Animalia,SPECIES
148747837,29409,"Liposcelis bostrychophila Badonnel, 1931",Animalia,SPECIES
148747838,29981,Rumex kerneri Borbás,Plantae,SPECIES
148747839,29982,Rumex longifolius DC.,Plantae,SPECIES
148747840,29979,Rumex cristatus DC.,Plantae,SPECIES
148747842,29977,Rumex confertus Willd.,Plantae,SPECIES
10533980,29978,Rumex confertus × crispus,Plantae,SPECIES
148747844,29412,"Liposcelis decolor (Pearman, 1925)",Animalia,SPECIES
148747845,29975,Rumex brownii Campd.,Plantae,SPECIES
148747846,29976,Rumex bucephalophorus L.,Plantae,SPECIES
148747847,29413,"Liposcelis pearmani Lienhard, 1990",Animalia,SPECIES
148747848,29931,Rheum rhabarbarum L.,Plantae,SPECIES
8848208,29732,Koenigia polystachya (Wall. ex Meisn.) T.M.Schust. & Reveal,Plantae,SPECIES
148747850,29410,"Liposcelis brunnea Motschulsky, 1852",Animalia,SPECIES
148747851,29731,Persicaria orientalis (L.) Spach,Plantae,SPECIES
148747852,29411,"Liposcelis corrodens (Heymons, 1909)",Animalia,SPECIES
148747853,29730,Persicaria capitata (Buch.-Ham. ex D.Don) H.Gross,Plantae,SPECIES
148747854,29828,Polygonum graminifolium Heuff.,Plantae,SPECIES
148747856,29827,Polygonum arenarium Waldst. & Kit.,Plantae,SPECIES
148747857,29109,Fallopia japonica x sachalinensis,Plantae,SPECIES
2889173,29108,Reynoutria japonica Houtt.,Plantae,SPECIES
2889088,29110,Reynoutria sachalinensis (F.Schmidt) Nakai,Plantae,SPECIES
148747860,29804,"Pitrufquenia coypus Marelli, 1932",Animalia,SPECIES
148747861,29105,Fagopyrum tataricum (L.) Gaertn.,Plantae,SPECIES
148747862,29104,Fagopyrum esculentum Moench,Plantae,SPECIES
148747863,29107,Fallopia baldschuanica (Regel) Holub,Plantae,SPECIES
148747865,29197,"Gyropus ovalis Burmeister, 1838",Animalia,SPECIES
7095665,28762,Claytonia perfoliata subsp. perfoliata,Plantae,SUBSPECIES
148747868,30170,Tetragonia tetragonoides (Pall.) Kuntze,Plantae,SPECIES
148747869,29170,"Gliricola porcelli (Schrank, 1781)",Animalia,SPECIES
148747870,28658,Carpobrotus acinaciformis (L.) L.Bolus,Plantae,SPECIES
148747872,29002,"Ectopsocus meridionalis Ribaga, 1904",Animalia,SPECIES
5584611,29444,Silene chalcedonica (L.) E.H.L.Krause,Plantae,SPECIES
148747876,30052,Silene chalcedonica (L.) E.H.L.Krause,Plantae,SPECIES
148747878,30053,Silene conoidea L.,Plantae,SPECIES
148747879,30054,Silene coronaria (L.) Clairv.,Plantae,SPECIES
5384773,30055,Silene pendula L.,Plantae,SPECIES
148747881,30049,Silene flavescens Waldst. & Kit.,Plantae,SPECIES
148747882,29886,"Psyllipsocus ramburii Selys-Longchamps, 1872",Animalia,SPECIES
148747883,28967,"Dorypteryx pallida Aaron, 1883",Animalia,SPECIES
7268098,30050,Atocion armeria (L.) Raf.,Plantae,SPECIES
5584756,30051,Silene cappadocica Boiss. & Heldr.,Plantae,SPECIES
148747887,30060,Silene muscipula L.,Plantae,SPECIES
148747888,30236,"Trogium pulsatorium (Linnaeus, 1758)",Animalia,SPECIES
148747889,30061,Silene pendula L.,Plantae,SPECIES
148747890,30056,Silene csereii Baumg.,Plantae,SPECIES
148747891,30057,Silene dichotoma Ehrh.,Plantae,SPECIES
148747892,30058,Silene gallica L.,Plantae,SPECIES
148747893,29363,"Lepinotus reticulatus Enderlein, 1904",Animalia,SPECIES
148747895,29362,"Lepinotus patruelis Pearman, 1931",Animalia,SPECIES
148747896,29826,Polycarpon tetraphyllum (L.) L.,Plantae,SPECIES
148747897,29361,"Lepinotus inquilinus Heyden, 1850",Animalia,SPECIES
148747898,28707,"Cerobasis annulata (Hagen, 1865)",Animalia,SPECIES
148747899,29709,Paronychia kapela (Hacq.) A.Kern.,Plantae,SPECIES
9378273,29532,Sabulina tenuifolia subsp. hybrida (Vill.) Dillenb.,Plantae,SUBSPECIES
5384741,29445,Silene coronaria (L.) Clairv.,Plantae,SPECIES
148747905,29371,Lepyrodiclis holosteoides (C.A.Mey.) Fenzl ex Fisch. & C.A.Mey.,Plantae,SPECIES
148747906,29190,Gypsophila elegans M.Bieb.,Plantae,SPECIES
148747907,29191,Gypsophila pilosa Huds.,Plantae,SPECIES
148747908,29792,"Phytomyza gymnostoma Loew, 1858",Animalia,SPECIES
8402808,29189,Gypsophila acutifolia Fisch.,Plantae,SPECIES
148747910,29192,Gypsophila scorzonerifolia Ser.,Plantae,SPECIES
148747911,29415,"Liriomyza huidobrensis (Blanchard, 1926)",Animalia,SPECIES
148747912,29080,Eudianthe coeli-rosa (L.) Fenzl ex Endl.,Plantae,SPECIES
148747913,29416,"Liriomyza trifolii (Burgess, 1880)",Animalia,SPECIES
148747914,28937,Dianthus giganteus d'Urv.,Plantae,SPECIES
148747916,29259,"Hydrotaea aenescens (Wiedemann, 1830)",Animalia,SPECIES
148747917,28938,Dianthus gratianopolitanus Vill.,Plantae,SPECIES
148747919,28976,"Drosophila tsigana Burla & Gloor, 1952",Animalia,SPECIES
148747920,28697,Cerastium tomentosum L.,Plantae,SPECIES
148747921,28696,Cerastium biebersteinii DC.,Plantae,SPECIES
7268098,28508,Atocion armeria (L.) Raf.,Plantae,SPECIES
148747924,28964,"Dohrniphora cornuta (Bigot, 1857)",Animalia,SPECIES
8577467,28387,Amaranthus tuberculatus (Moq.) J.D.Sauer,Plantae,SPECIES
148747930,29539,"Monarthropalpus flavus (Schrank, 1776)",Animalia,SPECIES
3083838,28721,Chenopodium album L.,Plantae,SPECIES
148747932,29112,"Feltiella acarisuga (Vallot, 1827)",Animalia,SPECIES
3755928,28722,Chenopodium album var. missouriense (Aellen) Bassett & Crompton,Plantae,VARIETY
148747935,28789,"Contarinia quinquenotata (Löw, 1888)",Animalia,SPECIES
148747936,30107,Spinacia oleracea L.,Plantae,SPECIES
148747937,28788,"Contarinia pisi (Winnertz, 1854)",Animalia,SPECIES
148747938,28980,Dysphania ambrosioides (L.) Mosyakin & Clemants,Plantae,SPECIES
3083888,28981,Teloxys aristata (L.) Moq.,Plantae,SPECIES
148747941,28982,Dysphania botrys (L.) Mosyakin & Clemants,Plantae,SPECIES
148747942,28983,Dysphania pumilio (R.Br.) Mosyakin & Clemants,Plantae,SPECIES
148747943,28984,Dysphania schraderiana (Schult.) Mosyakin & Clemants,Plantae,SPECIES
148747944,28800,Corispermum pallasii Steven,Plantae,SPECIES
148747945,30330,"Zaprionus indianus Gupta, 1970",Animalia,SPECIES
3083975,28801,Corispermum pallasii Steven,Plantae,SPECIES
148747947,28723,Chenopodium pratericola Rydb.,Plantae,SPECIES
148747949,28393,Amaranthus cruentus L.,Plantae,SPECIES
148747950,28396,Amaranthus hybridus L.,Plantae,SPECIES
148747951,28750,"Chymomyza amoena (Loew, 1862)",Animalia,SPECIES
148747952,28395,Amaranthus deflexus L.,Plantae,SPECIES
148747954,28398,Amaranthus muricatus (Gillies ex Moq.) Hieron.,Plantae,SPECIES
148747955,28397,Amaranthus hypochondriacus L.,Plantae,SPECIES
148747956,28749,"Chrysomya albiceps (Wiedemann, 1819)",Animalia,SPECIES
148747958,28399,Amaranthus palmeri S.Watson,Plantae,SPECIES
148747959,28402,Amaranthus powellii x retroflexus,Plantae,SPECIES
148747960,28401,Amaranthus powellii S.Watson,Plantae,SPECIES
148747962,28404,Amaranthus retroflexus L.,Plantae,SPECIES
148747963,28698,"Ceratitis capitata (Wiedemann, 1824)",Animalia,SPECIES
148747967,28406,Amaranthus ×tamariscinus Nutt.,Plantae,SPECIES
148747968,28405,Amaranthus standleyanus Parodi ex Covas,Plantae,SPECIES
148747969,28408,Amaranthus viridis L.,Plantae,SPECIES
148747970,29927,"Reticulitermes flavipes (Kollar, 1837)",Animalia,SPECIES
148747971,28407,Amaranthus tuberculatus (Moq.) J.D.Sauer,Plantae,SPECIES
148747974,29723,"Periplaneta australasiae (Fabricius, 1775)",Animalia,SPECIES
5384383,28388,Amaranthus thunbergii Moq.,Plantae,SPECIES
148747976,29722,"Periplaneta americana (Linnaeus, 1758)",Animalia,SPECIES
148747977,28389,Amaranthus blitoides S.Watson,Plantae,SPECIES
148747978,28561,"Blatta orientalis Linnaeus, 1758",Animalia,SPECIES
148747980,28391,Amaranthus caudatus L.,Plantae,SPECIES
148747982,28392,Amaranthus crispus (Lesp. & Thévenau) N.Terracc.,Plantae,SPECIES
148747984,28511,Atriplex micrantha Ledeb.,Plantae,SPECIES
148747985,28510,Atriplex hortensis L.,Plantae,SPECIES
148747987,28549,Beta maritima L.,Plantae,SPECIES
148747988,28550,Beta trigyna Waldst. & Kit.,Plantae,SPECIES
148747989,28551,Beta vulgaris L.,Plantae,SPECIES
5731826,28526,"Bacillus rossius tripolitanus (de Haan, 1842)",Animalia,SUBSPECIES
7788974,28536,Bassia scoparia var. subvillosa (Moq.) Buttler,Plantae,VARIETY
148747992,28535,Bassia hyssopifolia (Pall.) Kuntze,Plantae,SPECIES
7219488,28537,Bassia scoparia subsp. scoparia,Plantae,SUBSPECIES
148747995,28677,Celosia argentea L.,Plantae,SPECIES
148747997,30176,"Theresimima ampellophaga (Bayle-Barelle, 1809)",Animalia,SPECIES
148747998,28734,Chenopodium probstii Aellen,Plantae,SPECIES
5568339,28735,Dysphania pumilio (R.Br.) Mosyakin & Clemants,Plantae,SPECIES
148748001,28736,Chenopodium quinoa Willd.,Plantae,SPECIES
7507099,28730,Blitum capitatum subsp. capitatum,Plantae,SUBSPECIES
148748004,29705,"Parapoynx diminutalis Snellen, 1880",Animalia,SPECIES
148748005,28731,Chenopodium desiccatum A.Nelson,Plantae,SPECIES
148748006,28732,Chenopodium giganteum D.Don,Plantae,SPECIES
148748007,28733,Chenopodium hircinum Schrad.,Plantae,SPECIES
148748008,28738,Chenopodium striatiforme Murr,Plantae,SPECIES
3083838,28739,Chenopodium album L.,Plantae,SPECIES
5568428,28729,Dysphania botrys (L.) Mosyakin & Clemants,Plantae,SPECIES
148748013,29629,"Oinophila v-flava (Haworth, 1828)",Animalia,SPECIES
3083888,28727,Teloxys aristata (L.) Moq.,Plantae,SPECIES
5568446,28726,Dysphania ambrosioides (L.) Mosyakin & Clemants,Plantae,SPECIES
148748016,29543,"Monopis crocicapitella (Clemens, 1859)",Animalia,SPECIES
3083920,28725,Chenopodium berlandieri Moq.,Plantae,SPECIES
148748022,30242,Tropaeolum majus L.,Plantae,SPECIES
148748024,29925,Reseda alba L.,Plantae,SPECIES
1845962,29603,"Oegoconia quadripuncta Haworth, 1829",Animalia,SPECIES
148748026,29926,Reseda odorata L.,Plantae,SPECIES
148748028,29393,Limnanthes douglasii R.Br.,Plantae,SPECIES
3872451,28766,Tarenaya spinosa (Jacq.) Raf.,Plantae,SPECIES
148748032,29269,"Hyphantria cunea (Drury, 1773)",Animalia,SPECIES
148748034,29005,"Eilema caniola (Hübner, 1808)",Animalia,SPECIES
148748035,29951,Rorippa lippizensis (Wulfen) Rchb.,Plantae,SPECIES
148748037,29952,Rorippa pyrenaica (L.) Rchb.,Plantae,SPECIES
148748038,30026,"Scrobipalpa ocellatella (Boyd, 1858)",Animalia,SPECIES
148748040,30075,"Sitotroga cerealella (Olivier, 1789)",Animalia,SPECIES
148748042,30070,Sisymbrium volgense M.Bieb. ex E.Fourn.,Plantae,SPECIES
148748043,29769,"Phthorimaea operculella (Zeller, 1873)",Animalia,SPECIES
148748044,30069,Sisymbrium pallescens Jord.,Plantae,SPECIES
148748045,28777,"Coleotechnites piceaella (Kearfott, 1903)",Animalia,SPECIES
148748046,29920,Raphanus sativus L.,Plantae,SPECIES
148748050,29569,Nasturtium ×sterile (Airy Shaw) Oefelein,Plantae,SPECIES
148748051,29422,Lobularia maritima (L.) Desv.,Plantae,SPECIES
148748052,28774,"Coleophora spiraeella Rebel, 1916",Animalia,SPECIES
148748054,29768,"Phtheochroa pulvillana (Herrich-Schäffer, 1851)",Animalia,SPECIES
148748055,29437,Lunaria annua L.,Plantae,SPECIES
148748056,29182,"Grapholita molesta (Busck, 1916)",Animalia,SPECIES
148748057,29037,"Epinotia cedricida Diakonoff, 1969",Animalia,SPECIES
7794941,28767,"Cnephasia pasiuana (Hübner, 1796-1799)",Animalia,SPECIES
148748060,29474,Matthiola incana (L.) W.T.Aiton,Plantae,SPECIES
148748062,28747,Chrysodeixis acuta (Walker),Animalia,SPECIES
5373440,29463,Strigosella africana (L.) Botsch.,Plantae,SPECIES
148748064,29464,Malcolmia maritima (L.) W.T.Aiton,Plantae,SPECIES
148748066,29358,Lepidium sativum L.,Plantae,SPECIES
148748067,29773,"Phyllonorycter platani (Staudinger, 1870)",Animalia,SPECIES
148748068,29357,Lepidium latifolium L.,Plantae,SPECIES
148748069,29356,Lepidium heterophyllum Benth.,Plantae,SPECIES
148748070,29772,"Phyllonorycter leucographella (Zeller, 1850)",Animalia,SPECIES
148748071,29355,Lepidium graminifolium L.,Plantae,SPECIES
148748072,29771,"Phyllonorycter issikii (Kumata, 1963)",Animalia,SPECIES
148748073,29354,Lepidium densiflorum Schrad.,Plantae,SPECIES
8741260,29774,"Macrosaccus robiniella (Clemens, 1859)",Animalia,SPECIES
148748075,29353,Lepidium didymum L.,Plantae,SPECIES
148748076,29360,Lepidium virginicum L.,Plantae,SPECIES
148748077,29706,"Parectopa robiniella Clemens, 1863",Animalia,SPECIES
5376616,29359,Lepidium ruderale L.,Plantae,SPECIES
148748080,28630,"Cameraria ohridella Deschka & Dimić, 1986",Animalia,SPECIES
148748081,28623,"Caloptilia azaleella (Brants, 1913)",Animalia,SPECIES
148748083,29236,Hirschfeldia incana (L.) Lagr.-Foss.,Plantae,SPECIES
148748084,28474,"Argyresthia trifasciata Staudinger, 1871",Animalia,SPECIES
148748085,29279,Iberis sempervirens L.,Plantae,SPECIES
148748086,28473,"Argyresthia thuiella Packard, 1871",Animalia,SPECIES
148748087,29280,Iberis umbellata L.,Plantae,SPECIES
148748088,29277,Iberis amara L.,Plantae,SPECIES
148748090,29278,Iberis pinnata L.,Plantae,SPECIES
148748091,30002,"Samia cynthia Drury, 1773",Animalia,SPECIES
148748092,29289,Ionopsidium acaule (Desf.) DC. ex Rchb.,Plantae,SPECIES
148748093,29079,Euclidium syriacum (L.) W.T.Aiton,Plantae,SPECIES
148748094,29071,Erysimum cheiri (L.) Crantz,Plantae,SPECIES
148748095,28442,"Antheraea yamamai Guérin-Méneville, 1861",Animalia,SPECIES
148748097,28383,Alyssum hirsutum M.Bieb.,Plantae,SPECIES
3693541,28384,Odontarrhena muralis (Waldst. & Kit.) Endl.,Plantae,SPECIES
148748100,28385,Alyssum strigosum Banks & Sol.,Plantae,SPECIES
148748101,28467,Arabis procurrens Waldst. & Kit.,Plantae,SPECIES
148748102,28466,Arabis caucasica Willd.,Plantae,SPECIES
148748103,29001,"Ectomyelois ceratoniae Zeller, 1839",Animalia,SPECIES
148748104,28480,"Armoracia rusticana P.Gaertn., B.Mey. & Scherb.",Plantae,SPECIES
148748105,28518,Aurinia petraea (Ard.) Schur,Plantae,SPECIES
148748106,28515,Aubrieta deltoidea (L.) DC.,Plantae,SPECIES
148748107,28514,Aubrieta columnae Guss.,Plantae,SPECIES
148748108,29818,"Plodia interpunctella (Hübner, 1813)",Animalia,SPECIES
148748109,28516,Aubrieta ×cultorum Bergmans,Plantae,SPECIES
148748110,29704,"Paralipsa gularis (Zeller, 1877)",Animalia,SPECIES
148748111,28548,Berteroa mutabilis (Vent.) DC.,Plantae,SPECIES
148748112,29028,"Ephestia elutella (Hübner, 1796)",Animalia,SPECIES
148748113,29029,"Ephestia kuehniella Zeller, 1879",Animalia,SPECIES
148748114,28794,"Corcyra cephalonica (Stainton, 1866)",Animalia,SPECIES
148748115,28528,Barbarea intermedia Boreau,Plantae,SPECIES
148748116,28611,"Cadra cautella (Walker, 1863)",Animalia,SPECIES
148748117,28529,Barbarea intermedia x vulgaris,Plantae,SPECIES
148748118,28612,"Cadra figulilella (Gregson, 1871)",Animalia,SPECIES
148748119,28530,Barbarea verna (Mill.) Asch.,Plantae,SPECIES
148748120,28610,"Cadra calidella Guenée, 1845",Animalia,SPECIES
148748121,28601,Bunias erucago L.,Plantae,SPECIES
148748122,28602,Bunias orientalis L.,Plantae,SPECIES
148748123,28421,"Amyelois transitella Walker, 1863",Animalia,SPECIES
148748124,28617,Calepina irregularis (Asso) Thell.,Plantae,SPECIES
148748127,28575,Brassica juncea (L.) Czern.,Plantae,SPECIES
148748128,28576,Brassica napus L.,Plantae,SPECIES
148748129,28577,Brassica nigra (L.) W.D.J.Koch,Plantae,SPECIES
148748130,28578,Brassica oleracea L.,Plantae,SPECIES
148748131,28579,Brassica rapa L.,Plantae,SPECIES
148748132,28644,Capsella rubella Reut.,Plantae,SPECIES
148748134,28651,Cardamine glanduligera O.Schwarz,Plantae,SPECIES
148748135,30208,"Trichogramma brassicae Bezdenko, 1968",Animalia,SPECIES
148748136,28627,Camelina alyssum (Mill.) Thell.,Plantae,SPECIES
9073641,28626,Camelina sativa (L.) Crantz,Plantae,SPECIES
148748138,28628,Camelina rumelica Velen.,Plantae,SPECIES
148748140,28744,Chorispora tenella (Pall.) DC.,Plantae,SPECIES
148748141,28784,Conringia orientalis (L.) Dumort.,Plantae,SPECIES
148748142,30209,"Trichogramma dendrolimi Matsumura, 1926",Animalia,SPECIES
148748144,28830,Crambe orientalis L.,Plantae,SPECIES
148748146,30068,"Sirex cyaneus Fabricius, 1781",Animalia,SPECIES
148748147,28829,Crambe hispanica L.,Plantae,SPECIES
5377060,28807,Lepidium didymum L.,Plantae,SPECIES
148748149,28958,Diplotaxis erucoides (L.) DC.,Plantae,SPECIES
148748151,28959,Diplotaxis muralis (L.) DC.,Plantae,SPECIES
148748152,29855,"Prodecatoma cooki (Howard, 1896)",Animalia,SPECIES
148748153,28969,Draba nemorosa L.,Plantae,SPECIES
5375971,28968,Drabella muralis (L.) Fourr.,Plantae,SPECIES
3045875,28924,Cardamine glanduligera O.Schwarz,Plantae,SPECIES
148748158,29676,"Pachynematus itoi Okutani, 1955",Animalia,SPECIES
148748159,29068,Erysimum pulchellum (Willd.) J.Gay,Plantae,SPECIES
148748160,29069,Erysimum aureum M.Bieb.,Plantae,SPECIES
148748161,29574,"Nematus tibialis Newman, 1837",Animalia,SPECIES
148748162,29070,Erysimum canum (Piller & Mitterp.) Polatschek,Plantae,SPECIES
5375920,29064,Eruca vesicaria (L.) Cav.,Plantae,SPECIES
148748165,29487,"Megastigmus spermotrophus Wachtl, 1893",Animalia,SPECIES
148748166,29065,Erucastrum gallicum (Willd.) O.E.Schulz,Plantae,SPECIES
5374994,29074,Arabis allionii DC.,Plantae,SPECIES
148748169,29073,Erysimum perofskianum Fisch. & C.A.Mey.,Plantae,SPECIES
148748170,30017,"Sceliphron curvatum (F.Smith, 1870)",Animalia,SPECIES
148748171,29072,Erysimum cuspidatum (M.Bieb.) DC.,Plantae,SPECIES
148748174,30016,"Sceliphron caementarium (Drury, 1773)",Animalia,SPECIES
2879520,29916,Quercus conferta Kit.,Plantae,SPECIES
148748176,29299,"Isodontia mexicana (de Saussure, 1867)",Animalia,SPECIES
148748178,30171,"Tetramorium bicarinatum (Nylander, 1846)",Animalia,SPECIES
148748179,30161,"Tapinoma melanocephalum (Fabricius, 1793)",Animalia,SPECIES
148748180,30164,"Technomyrmex detorquens (Walker, 1859)",Animalia,SPECIES
148748181,29917,Quercus rubra L.,Plantae,SPECIES
148748182,30163,"Technomyrmex albipes (Smith, 1861)",Animalia,SPECIES
8288647,29889,Pterocarya fraxinifolia (Poir.) Spach,Plantae,SPECIES
148748186,30172,"Tetramorium insolens (Smith, 1861)",Animalia,SPECIES
148748187,29303,Juglans nigra L.,Plantae,SPECIES
148748189,29542,"Monomorium pharaonis (Linnaeus, 1758)",Animalia,SPECIES
148748190,28813,Corylus maxima Mill.,Plantae,SPECIES
148748191,29405,"Linepithema humile (Mayr, 1868)",Animalia,SPECIES
148748192,29406,"Linepithema leucomelas (Emery, 1894)",Animalia,SPECIES
148748193,28814,Corylus colurna L.,Plantae,SPECIES
148748194,29272,"Hypoponera punctatissima (Roger, 1859)",Animalia,SPECIES
148748195,28375,Alnus cordata (Loisel.) Duby,Plantae,SPECIES
148748198,28834,"Crematogaster scutellaris (Olivier, 1792)",Animalia,SPECIES
148748201,29762,Phlox drummondii Hook.,Plantae,SPECIES
148748202,28453,"Aphaenogaster gibbosa (Latreille, 1798)",Animalia,SPECIES
148748203,29763,Phlox paniculata L.,Plantae,SPECIES
148748204,29764,Phlox subulata L.,Plantae,SPECIES
148748207,29851,Primula juliae Kusn.,Plantae,SPECIES
148748208,29020,"Encarsia perniciosi (Tower, 1913)",Animalia,SPECIES
148748210,29018,"Encarsia berlesei (Howard, 1906)",Animalia,SPECIES
148748212,29019,"Encarsia formosa Gahan, 1924",Animalia,SPECIES
148748213,29285,Impatiens glandulifera Royle,Plantae,SPECIES
148748214,28455,"Aphelinus mali (Haldeman, 1851)",Animalia,SPECIES
148748215,29286,Impatiens parviflora DC.,Plantae,SPECIES
148748216,29283,Impatiens balfourii Hook.fil.,Plantae,SPECIES
148748217,29284,Impatiens balsamina L.,Plantae,SPECIES
148748221,28456,"Aphidius colemani Viereck, 1912",Animalia,SPECIES
148748222,29935,Rhododendron luteum Sweet,Plantae,SPECIES
148748225,29934,Rhododendron ponticum L.,Plantae,SPECIES
1373909,29641,"Ooencyrtus kuvanae (Howard, 1910)",Animalia,SPECIES
148748227,29510,"Metaphycus helvolus (Compere, 1926)",Animalia,SPECIES
148748228,29933,Rhododendron japonicum (A.Gray) Suringar,Plantae,SPECIES
148748229,29368,"Leptomastix dactylopii Howard, 1885",Animalia,SPECIES
148748230,29308,Kalmia angustifolia L.,Plantae,SPECIES
148748231,28346,"Ageniaspis fuscicollis (Dalman, 1820)",Animalia,SPECIES
148748232,29050,Erica spiculifolia Salisb.,Plantae,SPECIES
148748234,29051,Erica tetralix L.,Plantae,SPECIES
148748237,30127,"Stictocephala bisonia Kopp & Yonke, 1977",Animalia,SPECIES
148748240,29807,"Planococcus citri (Risso, 1813)",Animalia,SPECIES
6550091,28337,Actinidia chinensis var. deliciosa (A.Chev.) A.Chev.,Plantae,VARIETY
8370390,29658,"Insignorthezia insignis (Browne, 1887)",Animalia,SPECIES
148748247,29673,"Oxycarenus lavaterae (Fabricius, 1787)",Animalia,SPECIES
148748249,29462,Mahonia aquifolium (Pursh) Nutt.,Plantae,SPECIES
148748250,28542,Berberis julianae C.K.Schneid.,Plantae,SPECIES
148748251,28543,Berberis thunbergii DC.,Plantae,SPECIES
148748255,29585,"Nezara viridula (Linnaeus, 1758)",Animalia,SPECIES
2888564,28939,Lamprocapnos spectabilis (L.) Fukuhara,Plantae,SPECIES
148748258,29511,"Metcalfa pruinosa (Say, 1830)",Animalia,SPECIES
148748259,29950,Roemeria refracta DC.,Plantae,SPECIES
148748260,29877,Pseudofumaria alba (Mill.) Lidén,Plantae,SPECIES
148748261,29878,Pseudofumaria lutea (L.) Borkh.,Plantae,SPECIES
148748263,29338,"Lauritrioza alacris (Flor, 1861)",Animalia,SPECIES
148748265,29702,Papaver somniferum L.,Plantae,SPECIES
148748267,29367,"Leptoglossus occidentalis Heidemann, 1910",Animalia,SPECIES
148748268,29700,Papaver orientale L.,Plantae,SPECIES
148748269,29701,Papaver pilosum Sm.,Plantae,SPECIES
148748270,29698,Papaver croceum Ledeb.,Plantae,SPECIES
9587676,29699,Roemeria hispida Stace,Plantae,SPECIES
148748273,29696,Papaver atlanticum (Ball) Coss.,Plantae,SPECIES
148748274,29240,"Homotoma ficus (Linnaeus, 1758)",Animalia,SPECIES
148748275,29697,Papaver commutatum Fisch. & C.A.Mey.,Plantae,SPECIES
148748276,29695,Papaver bracteatum Lindl.,Plantae,SPECIES
3602683,29479,Papaver cambricum L.,Plantae,SPECIES
148748280,29129,Fumaria capreolata L.,Plantae,SPECIES
148748281,29198,"Haematoloma dorsata (Ahrens, 1812)",Animalia,SPECIES
148748283,29165,Glaucium corniculatum (L.) Rudolph,Plantae,SPECIES
148748284,29281,"Icerya purchasi Maskell, 1879",Animalia,SPECIES
148748285,29166,Glaucium flavum Crantz,Plantae,SPECIES
148748287,29078,Eschscholzia californica Cham.,Plantae,SPECIES
148748288,28699,Ceratocapnos claviculata subsp. claviculata,Plantae,SUBSPECIES
148748289,30015,"Scaphoideus titanus Ball, 1932",Animalia,SPECIES
148748290,28472,Argemone mexicana L.,Plantae,SPECIES
148748292,29457,"Macropsis elaeagni Emeljanov, 1964",Animalia,SPECIES
148748293,29919,Ranunculus pedatus Waldst. & Kit.,Plantae,SPECIES
148748294,29593,Nigella damascena L.,Plantae,SPECIES
148748295,29302,"Japananus hyalinus (Osborn, 1900)",Animalia,SPECIES
148748296,29594,Nigella sativa L.,Plantae,SPECIES
148748297,29222,Helleborus orientalis Lam.,Plantae,SPECIES
148748298,29181,"Graphocephala fennahi Young, 1977",Animalia,SPECIES
148748299,29221,Helleborus foetida Georgi,Plantae,SPECIES
3923866,29223,Helleborus ×hybridus H.Vilm.,Plantae,SPECIES
148748301,29048,Eranthis hyemalis (L.) Salisb.,Plantae,SPECIES
148748302,29099,"Eupteryx decemnotata Rey, 1891",Animalia,SPECIES
148748303,28922,Delphinium ×cultorum Voss,Plantae,SPECIES
3033532,28763,Clematis orientalis L.,Plantae,SPECIES
148748306,28765,Clematis viticella L.,Plantae,SPECIES
148748307,30249,"Tuponia elegans (Jakovlev, 1867)",Animalia,SPECIES
148748308,28764,Clematis tangutica (Maxim.) Korsh.,Plantae,SPECIES
3033833,28785,Delphinium ajacis L.,Plantae,SPECIES
8429167,28786,Delphinium hispanicum Costa,Plantae,SPECIES
148748312,28940,"Dichrooscytus gustavi Josifov, 1981",Animalia,SPECIES
148748313,28465,Aquilegia flavescens S.Watson,Plantae,SPECIES
9673106,28433,Eriocapitella ×hybrida (L.H.Bailey) Christenh. & Byng,Plantae,SPECIES
148748315,28432,Anemone apennina L.,Plantae,SPECIES
148748316,28925,"Deraeocoris flavilinea (A.Costa, 1862)",Animalia,SPECIES
148748317,28431,Anemone blanda Schott & Kotschy,Plantae,SPECIES
148748319,28340,Adonis annua L.,Plantae,SPECIES
2049512,28908,"Daktulosphaira vitifoliae (Fitch, 1855)",Animalia,SPECIES
2049732,29161,"Adelges cooleyi (Gillette, 1907)",Animalia,SPECIES
5410628,30136,Campanula hofmannii (Pantan.) Greuter & Burdet,Plantae,SPECIES
148748328,29421,Lobelia siphilitica L.,Plantae,SPECIES
148748329,29420,Lobelia inflata L.,Plantae,SPECIES
148748330,29419,Lobelia erinus L.,Plantae,SPECIES
148748331,29343,Legousia hybrida (L.) Delarbre,Plantae,SPECIES
148748332,28634,Campanula garganica Ten.,Plantae,SPECIES
148748333,28633,Campanula carpatica Jacq.,Plantae,SPECIES
148748334,28632,Campanula alliariifolia Willd.,Plantae,SPECIES
2049607,29025,"Pineus strobi (Hartig, 1839)",Animalia,SPECIES
148748337,28631,Campanula portenschlagiana Schult.,Plantae,SPECIES
2049747,28975,"Adelges nordmannianae (Eckstein, 1890)",Animalia,SPECIES
148748339,28638,Campanula rhomboidalis L.,Plantae,SPECIES
2049640,29162,"Adelges coweni (Gillette, 1907)",Animalia,SPECIES
148748341,28637,Campanula pyramidalis L.,Plantae,SPECIES
148748343,28636,Campanula poscharskyana Degen,Plantae,SPECIES
148748344,28635,Campanula medium L.,Plantae,SPECIES
148748346,28815,"Corythucha ciliata (Say, 1832)",Animalia,SPECIES
148748349,29906,"Pulvinaria regalis Canard, 1968",Animalia,SPECIES
148748350,28771,"Coccus hesperidum Linnaeus, 1758",Animalia,SPECIES
11063166,30153,Chrysanthemum zawadzkii subsp. zawadzkii,Plantae,SUBSPECIES
148748353,30200,"Trialeurodes vaporariorum (Westwood, 1856)",Animalia,SPECIES
148748354,28540,"Bemisia tabaci (Gennadius, 1889)",Animalia,SPECIES
148748357,29657,"Orsillus depressus Dallas, 1852",Animalia,SPECIES
5693189,30194,Tragopogon minor Mill.,Plantae,SPECIES
148748359,28482,"Arocatus longiceps Stal, 1872",Animalia,SPECIES
148748361,30168,Telekia speciosa (Schreb.) Baumg.,Plantae,SPECIES
148748363,30196,Tragopogon porrifolius L.,Plantae,SPECIES
2086988,29915,"Diaspidiotus perniciosus (Comstock, 1881)",Animalia,SPECIES
148748366,29874,"Pseudaulacaspis pentagona (Targioni Tozzetti, 1886)",Animalia,SPECIES
148748367,30320,Xanthium spinosum L.,Plantae,SPECIES
148748368,30334,Zinnia elegans Jacq.,Plantae,SPECIES
5392174,28553,Bidens frondosa L.,Plantae,SPECIES
5161787,28494,"Aspidiotus nerii Bouche, 1833",Animalia,SPECIES
148748372,28452,"Aonidia lauri (Bouche, 1833)",Animalia,SPECIES
148748373,30264,Urospermum picroides (L.) Scop. ex F.W.Schmidt,Plantae,SPECIES
148748375,29448,"Lyctocoris campestris (Fabricius, 1794)",Animalia,SPECIES
148748376,28443,"Anthocoris butleri Le Quesne, 1954",Animalia,SPECIES
148748377,30278,Verbesina occidentalis (L.) Walter,Plantae,SPECIES
148748380,30315,Xanthium orientale L.,Plantae,SPECIES
11519882,30314,Xanthium orientale var. italicum (Moretti) M.Hassl.,Plantae,VARIETY
3089178,30317,Xanthium occidentale Bertol.,Plantae,SPECIES
148748384,28418,"Amphiareus obscuriceps (Poppius, 1909)",Animalia,SPECIES
3089154,30319,Xanthium strumarium L.,Plantae,SPECIES
11794300,30318,Xanthium orientale var. saccharatum (Wallr.) M.Hassl.,Plantae,VARIETY
148748389,30045,Shinnersia rivularis (A.Gray) R.M.King & H.Rob.,Plantae,SPECIES
2069599,29938,"Rhopalosiphum sanguinarium Baker, 1934",Animalia,SPECIES
148748391,30034,Senecio inaequidens DC.,Plantae,SPECIES
148748392,30035,Senecio vernalis Waldst. & Kit.,Plantae,SPECIES
3091275,30036,Klasea quinquefolia (Willd.) Greuter & Wagenitz,Plantae,SPECIES
148748395,30024,Scolymus hispanicus L.,Plantae,SPECIES
148748397,30004,Sanvitalia procumbens Lam.,Plantae,SPECIES
148748398,29973,Rudbeckia laciniata L.,Plantae,SPECIES
148748399,29974,Rudbeckia triloba L.,Plantae,SPECIES
148748400,29971,Rudbeckia fulgida Aiton,Plantae,SPECIES
148748401,29972,Rudbeckia hirta L.,Plantae,SPECIES
148748402,30259,"Uroleucon erigeronense (Thomas, 1878)",Animalia,SPECIES
148748403,29929,Rhagadiolus edulis Gaertn.,Plantae,SPECIES
3088491,30150,Tagetes tenuifolia Millsp.,Plantae,SPECIES
3088488,30149,Tagetes erecta L.,Plantae,SPECIES
148748406,30148,Tagetes erecta L.,Plantae,SPECIES
148748407,30156,Tanacetum parthenium (L.) Sch.Bip.,Plantae,SPECIES
148748408,30155,Tanacetum macrophyllum (Waldst. & Kit.) Sch.Bip.,Plantae,SPECIES
148748409,30188,"Tinocallis nevskyi Remaudière, Quednau & Heie, 1988",Animalia,SPECIES
148748410,30154,Tanacetum balsamita L.,Plantae,SPECIES
148748411,30095,Solidago gigantea Aiton,Plantae,SPECIES
148748412,30094,Solidago canadensis x virgaurea,Plantae,SPECIES
148748413,30093,Solidago canadensis L.,Plantae,SPECIES
148748414,30064,Sinacalia tangutica (Maxim.) B.Nord.,Plantae,SPECIES
3125893,30048,Sigesbeckia jorullensis Kunth,Plantae,SPECIES
7044774,28457,Aphis craccivora craccivora,Animalia,SUBSPECIES
148748418,30062,Silphium perfoliatum L.,Plantae,SPECIES
148748419,30063,Silybum marianum (L.) Gaertn.,Plantae,SPECIES
148748420,30308,"Wahlgreniella nervata (Gillette, 1908)",Animalia,SPECIES
148748422,29937,"Rhopalosiphoninus latysiphon (Davidson, 1912)",Animalia,SPECIES
148748423,29640,Onopordum tauricum Willd.,Plantae,SPECIES
148748424,29639,Onopordum illyricum L.,Plantae,SPECIES
9123250,29546,Lactuca tatarica (L.) C.A.Mey.,Plantae,SPECIES
148748426,29932,"Rhodobium porosum (Sanderson, 1900)",Animalia,SPECIES
148748427,29476,Mauranthemum paludosum (Poir.) Vogt & Oberpr.,Plantae,SPECIES
148748428,29473,Matricaria discoidea DC.,Plantae,SPECIES
148748429,29682,"Panaphis juglandis (Goeze, 1778)",Animalia,SPECIES
148748430,29561,"Myzus persicae (Sulzer, 1776)",Animalia,SPECIES
148748431,29562,"Myzus varians Davidson, 1912",Animalia,SPECIES
148748432,29472,Mantisalca salmantica (L.) Briq. & Cavill.,Plantae,SPECIES
148748433,29559,"Myzus ascalonicus Doncaster, 1946",Animalia,SPECIES
148748434,29461,Madia sativa Molina,Plantae,SPECIES
148748435,29560,"Myzus ornatus Laing, 1932",Animalia,SPECIES
148748436,29313,Klasea quinquefolia (Willd.) Greuter & Wagenitz,Plantae,SPECIES
148748437,29578,"Neomyzus circumflexus (Buckton, 1876)",Animalia,SPECIES
148748438,29458,"Macrosiphoniella sanborni (Gillette, 1908)",Animalia,SPECIES
148748439,29319,Lactuca tatarica (L.) C.A.Mey.,Plantae,SPECIES
148748440,29460,"Macrosiphum euphorbiae (Thomas, 1878)",Animalia,SPECIES
148748441,29320,Lactuca sativa L.,Plantae,SPECIES
148748442,29459,"Macrosiphum albifrons Essig, 1911",Animalia,SPECIES
148748444,29326,Lapsana communis subsp. intermedia (M.Bieb.) Hayek,Plantae,SUBSPECIES
148748446,29282,"Illinoia azaleae (Mason, 1925)",Animalia,SPECIES
148748447,29373,Leucanthemella serotina (L.) Tzvelev,Plantae,SPECIES
148748448,29287,"Impatientinum asiaticum Nevsky, 1929",Animalia,SPECIES
148748449,29385,Ligularia fischeri (Ledeb.) Turcz.,Plantae,SPECIES
148748450,29008,"Elatobium abietinum (Walker, 1849)",Animalia,SPECIES
148748451,29059,"Eriosoma lanigerum (Hausmann, 1802)",Animalia,SPECIES
148748452,28963,"Diuraphis noxia (Mordvilko, 1913)",Animalia,SPECIES
148748453,29387,Ligularia przewalskii (Maxim.) Diels,Plantae,SPECIES
148748454,28713,"Chaetosiphon fragaefolii (Cockerell, 1901)",Animalia,SPECIES
148748455,29386,Ligularia dentata (A.Gray) H.Hara,Plantae,SPECIES
148748456,29388,Ligularia sibirica (L.) Cass.,Plantae,SPECIES
148748457,29206,Helianthus annuus L.,Plantae,SPECIES
148748459,29208,Helianthus annuus x decapetalus,Plantae,SPECIES
148748461,28745,"Chromaphis juglandicola (Kaltenbach, 1843)",Animalia,SPECIES
148748462,29204,Helenium autumnale L.,Plantae,SPECIES
148748463,28461,"Aphis spiraephaga F.P.Muller, 1961",Animalia,SPECIES
148748464,29205,Helianthus mollis Lam.,Plantae,SPECIES
148748465,28458,"Aphis forbesi Weed, 1889",Animalia,SPECIES
148748466,28460,"Aphis spiraecola Patch, 1914",Animalia,SPECIES
148748467,28459,"Aphis gossypii Glover, 1877",Animalia,SPECIES
148748468,29224,Helminthotheca echioides (L) Holub,Plantae,SPECIES
148748469,28339,"Acyrthosiphon pisum (Harris, 1776)",Animalia,SPECIES
3102871,29215,Xerochrysum bracteatum (Vent.) Tzvelev,Plantae,SPECIES
148748471,29214,Helianthus tuberosus L.,Plantae,SPECIES
148748472,28338,"Acyrthosiphon caraganae (Cholodkovsky, 1908)",Animalia,SPECIES
148748473,29216,Heliopsis helianthoides (L.) Sweet,Plantae,SPECIES
148748475,29211,Helianthus pauciflorus Nutt.,Plantae,SPECIES
148748477,29210,Helianthus decapetalus L.,Plantae,SPECIES
148748479,29213,Helianthus petiolaris Nutt.,Plantae,SPECIES
148748480,30146,"Tachycines asynamorus Adelung, 1902",Animalia,SPECIES
148748481,29212,Helianthus pauciflorus x tuberosus,Plantae,SPECIES
3141890,29300,Cyclachaena xanthiifolia (Nutt.) Fresen.,Plantae,SPECIES
148748484,29288,Inula helenium L.,Plantae,SPECIES
148748485,29131,Gaillardia ×grandiflora Van Houtte,Plantae,SPECIES
148748486,29130,Gaillardia aristata Pursh,Plantae,SPECIES
148748487,28468,"Arachnocephalus vestitus Costa, 1855",Animalia,SPECIES
148748489,28422,"Anacridium aegyptium (Linnaeus, 1764)",Animalia,SPECIES
148748490,29138,Galinsoga parviflora Cav.,Plantae,SPECIES
8298495,29136,Galinsoga quadriradiata Ruiz & Pav.,Plantae,SPECIES
10238522,29137,Galinsoga parviflora x quadriradiata,Plantae,SPECIES
148748496,29102,Euthamia graminifolia (L.) Nutt.,Plantae,SPECIES
148748497,29183,Grindelia squarrosa (Pursh) Dunal,Plantae,SPECIES
148748498,29186,Guizotia abyssinica (L.fil.) Cass.,Plantae,SPECIES
7627205,29167,Glebionis coronaria (L.) Tzvelev,Plantae,SPECIES
148748500,29168,Glebionis segetum (L.) Fourr.,Plantae,SPECIES
1689694,29239,"Bucrates clausus (Scudder, 1878)",Animalia,SPECIES
148748502,28997,Echinops exaltatus Schrad.,Plantae,SPECIES
148748503,28996,Echinops bannaticus Rochel ex Schrad.,Plantae,SPECIES
148748505,29058,Erigeron speciosus (Lindl.) DC.,Plantae,SPECIES
148748506,29052,Erigeron canadensis L.,Plantae,SPECIES
148748507,29053,Erigeron sumatrensis Retz.,Plantae,SPECIES
148748509,29057,Erigeron philadelphicus L.,Plantae,SPECIES
8050770,28349,"Yvelinula abbreviata (Redtenbacher, 1891)",Animalia,SPECIES
148748513,29049,Erechtites hieraciifolius (L.) Raf. ex DC.,Plantae,SPECIES
148748514,29478,"Meconema meridionale Costa, 1860",Animalia,SPECIES
148748515,28911,Dahlia ×cultorum Thorsrud & Reisaeter,Plantae,SPECIES
148748516,28910,Dahlia ×pinnata Cav.,Plantae,SPECIES
148748517,29369,"Leptophyes punctatissima (Bosc, 1792)",Animalia,SPECIES
148748518,28986,Echinacea purpurea (L.) Moench,Plantae,SPECIES
148748520,29184,"Gryllodes sigillatus (Walker, 1869)",Animalia,SPECIES
148748521,28325,"Acheta domesticus (Linnaeus, 1758)",Animalia,SPECIES
148748522,28962,Dittrichia graveolens (L.) Greuter,Plantae,SPECIES
148748525,28966,Doronicum pardalianches L.,Plantae,SPECIES
148748526,28965,Doronicum orientale Hoffm.,Plantae,SPECIES
148748527,30169,"Tenebroides mauritanicus (Linnaeus, 1758)",Animalia,SPECIES
148748529,28796,Coreopsis grandiflora Hogg ex Sweet,Plantae,SPECIES
148748531,28797,Coreopsis lanceolata L.,Plantae,SPECIES
148748532,30326,"Xylographus bostrychoides (Dufour, 1843)",Animalia,SPECIES
148748533,28798,Coreopsis tinctoria Nutt.,Plantae,SPECIES
148748535,28816,Cosmos bipinnatus Cav.,Plantae,SPECIES
148748536,30130,"Strategus ajax (Olivier, 1789)",Animalia,SPECIES
148748537,28828,Cotula coronopifolia L.,Plantae,SPECIES
148748539,28835,Crepis pygmaea L.,Plantae,SPECIES
148748541,30072,"Sitophilus linearis A.Hustache, 1930",Animalia,SPECIES
148748542,28836,Crepis vesicaria subsp. taraxacifolia (Thuill.) Thell.,Plantae,SUBSPECIES
148748543,30074,"Sitophilus zeamais Motschulsky & V.de, 1855",Animalia,SPECIES
148748545,28839,Crepis zacintha (L.) Babc.,Plantae,SPECIES
148748546,29739,"Phaenops guttulata (Gebler, 1830)",Animalia,SPECIES
148748547,28838,Crepis pulchra L.,Plantae,SPECIES
148748549,28837,Crepis nicaeensis Balb. ex Pers.,Plantae,SPECIES
148748550,28776,Coleostephus myconis (L.) Rchb.fil.,Plantae,SPECIES
3127691,28768,Centaurea benedicta (L.) L.,Plantae,SPECIES
148748552,29909,"Pycnomerus inexpectus Jacquelin du Val, 1859",Animalia,SPECIES
3146791,28791,Erigeron canadensis L.,Plantae,SPECIES
3146683,28792,Erigeron sumatrensis Retz.,Plantae,SPECIES
148748555,28717,Chamaemelum nobile (L.) All.,Plantae,SPECIES
3110767,28716,Cladanthus mixtus (L.) Chevall.,Plantae,SPECIES
148748557,28751,Cichorium calvum Sch.Bip. ex Asch.,Plantae,SPECIES
148748559,28752,Cichorium endivia L.,Plantae,SPECIES
6997654,30131,"Stricticollis tobias De Marseul, 1879",Animalia,SPECIES
148748561,29633,"Omonadus floralis (Linnaeus, 1758)",Animalia,SPECIES
5393707,28746,Plagius grandis (L.) Alavi & Heywood,Plantae,SPECIES
148748564,29547,"Murmidius ovalis (Beck, 1817)",Animalia,SPECIES
148748566,28681,Centaurea dichroantha A.Kern.,Plantae,SPECIES
148748568,28680,Centaurea calcitrapa L.,Plantae,SPECIES
148748569,28667,Carthamus tinctorius L.,Plantae,SPECIES
148748570,28666,Carthamus lanatus L.,Plantae,SPECIES
148748571,28686,Centaurea nigra L.,Plantae,SPECIES
148748572,28687,Centaurea rupestris L.,Plantae,SPECIES
1045471,29563,"Nacerdes melanura (Linnaeus, 1758)",Animalia,SPECIES
3120277,28327,Achillea micrantha Willd.,Plantae,SPECIES
148748575,28326,Achillea ageratum L.,Plantae,SPECIES
148748576,28329,Achillea grandifolia Friv.,Plantae,SPECIES
148748578,28328,Achillea filipendulina Lam.,Plantae,SPECIES
10676000,28333,Leuzea repens (L.) D.J.N.Hind,Plantae,SPECIES
148748581,28348,Ageratum houstonianum Mill.,Plantae,SPECIES
148748582,28347,Ageratina altissima (L.) R.M.King & H.Rob.,Plantae,SPECIES
9716265,30199,"Perigona nigriceps (Dejean, 1831)",Animalia,SPECIES
148748584,28424,Anacyclus radiatus Loisel.,Plantae,SPECIES
148748585,28423,Anacyclus clavatus (Desf.) Pers.,Plantae,SPECIES
148748586,28411,Ambrosia trifida L.,Plantae,SPECIES
3110593,28409,Ambrosia polystachya DC.,Plantae,SPECIES
148748588,28410,Ambrosia psilostachya DC.,Plantae,SPECIES
5390637,28441,Cota segetalis (Ten.) Holub,Plantae,SPECIES
5390611,28440,Cota altissima (L.) J.Gay,Plantae,SPECIES
148748591,28430,Andryala integrifolia L.,Plantae,SPECIES
148748592,29453,"Lymnastis galilaeus Piochard de la Brûlerie, 1876",Animalia,SPECIES
148748593,28425,Anacyclus ×valentinus L.,Plantae,SPECIES
148748594,28426,Anaphalis margaritacea (L.) Benth.,Plantae,SPECIES
148748595,28481,Arnica chamissonis Less.,Plantae,SPECIES
148748596,28483,Artemisia biennis Willd.,Plantae,SPECIES
3121088,28484,Artemisia alba Turra,Plantae,SPECIES
3121593,28485,Artemisia gmelinii Weber ex Stechm.,Plantae,SPECIES
148748599,28486,Artemisia dracunculus L.,Plantae,SPECIES
148748601,28487,Artemisia verlotiorum Lamotte,Plantae,SPECIES
148748602,29514,"Micromalthus debilis LeConte, 1878",Animalia,SPECIES
3151751,28504,Symphyotrichum ×versicolor (Willd.) G.L.Nesom,Plantae,SPECIES
3098616,28502,Tripolium pannonicum (Jacq.) Dobrocz.,Plantae,SPECIES
5927586,28503,Eurybia sibirica subsp. sibirica,Plantae,SUBSPECIES
3151558,28500,Symphyotrichum novi-belgii (L.) G.L.Nesom,Plantae,SPECIES
3151755,28501,Symphyotrichum pilosum (Willd.) G.L.Nesom,Plantae,SPECIES
9202318,28498,Symphyotrichum lanceolatum (Willd.) G.L.Nesom,Plantae,SPECIES
3151618,28499,Symphyotrichum novae-angliae (L.) G.L.Nesom,Plantae,SPECIES
148748612,29315,"Korynetes caeruleus (De Geer, 1775)",Animalia,SPECIES
8421156,28496,Symphyotrichum laeve (L.) Á.Löve & D.Löve,Plantae,SPECIES
148748615,30162,"Tarsostenus univittatus Rossi, 1790",Animalia,SPECIES
148748616,28557,Bidens vulgata Greene,Plantae,SPECIES
148748617,28555,Bidens frondosa L.,Plantae,SPECIES
148748618,29644,"Opetiopalpus scutellaris (Panzer, 1797)",Animalia,SPECIES
148748619,28556,Bidens pilosa L.,Plantae,SPECIES
148748620,29571,"Necrobia ruficollis (Fabricius, 1775)",Animalia,SPECIES
148748621,28554,Bidens bipinnata L.,Plantae,SPECIES
148748622,29573,"Necrobia violacea (Linnaeus, 1758)",Animalia,SPECIES
148748623,28552,"Bidens ferulifolia Hemsl., 1881",Plantae,SPECIES
148748624,29572,"Necrobia rufipes (Fabricius, 1781)",Animalia,SPECIES
148748626,30123,"Stegobium paniceum (Linnaeus, 1758)",Animalia,SPECIES
148748627,28616,Calendula officinalis L.,Plantae,SPECIES
148748628,29630,"Oligomerus ptilinoides (Wollaston, 1854)",Animalia,SPECIES
9182765,28615,Calendula arvensis L.,Plantae,SPECIES
148748630,28652,Carduus hamulosus Ehrh.,Plantae,SPECIES
148748631,29587,"Nicobium castaneum (Olivier, 1790)",Animalia,SPECIES
148748632,28619,Callistephus chinensis (L.) Nees,Plantae,SPECIES
148748633,29329,"Lasioderma serricorne Fabricius, 1792",Animalia,SPECIES
148748634,28690,Centaurea solstitialis L.,Plantae,SPECIES
148748636,28685,Centaurea diluta Aiton,Plantae,SPECIES
148748639,29381,"Leucohimatium arundinaceum (Forskal, 1775)",Animalia,SPECIES
148748640,28682,Centaurea diffusa Lam.,Plantae,SPECIES
3128403,28688,Rhaponticoides ruthenica (Lam.) M.V.Agab. & Greuter,Plantae,SPECIES
148748646,29237,"Holoparamecus caularum (Aubé, 1843)",Animalia,SPECIES
148748649,30274,Verbena bonariensis L.,Plantae,SPECIES
148748650,30276,Verbena bracteata Cav. ex Lag. & Rodr.,Plantae,SPECIES
7916615,30275,Verbena ×hybrida Voss,Plantae,SPECIES
10796900,29990,Streptocarpus ionanthus subsp. ionanthus,Plantae,SUBSPECIES
148748655,29026,"Epauloecus unicolor (Piller & Mitterpacher, 1783)",Animalia,SPECIES
6964183,30103,"Sphaericus pinguis (Wollaston, 1854)",Animalia,SPECIES
148748658,29894,"Ptinus tectus Boieldieu, 1856",Animalia,SPECIES
148748659,29717,Paulownia tomentosa (Thunb.) Steud.,Plantae,SPECIES
148748661,29893,"Ptinus latro Fabricius, 1775",Animalia,SPECIES
7878507,29528,Erythranthe cuprea (Dombrain) G.L.Nesom,Plantae,SPECIES
148748663,29892,"Ptinus fur (Linnaeus, 1758)",Animalia,SPECIES
7346090,29530,Erythranthe moschata (Douglas ex Lindl.) G.L.Nesom,Plantae,SPECIES
7346102,29529,Erythranthe guttata (DC.) G.L.Nesom,Plantae,SPECIES
148748666,29891,"Ptinus bicinctus Sturm, 1837",Animalia,SPECIES
148748667,29597,"Niptus hololeucus (Faldermann, 1835)",Animalia,SPECIES
148748668,29513,"Mezium sulcatum (Fabricius, 1781)",Animalia,SPECIES
148748670,29512,"Mezium affine Boieldieu, 1856",Animalia,SPECIES
148748671,29160,"Gibbium psylloides (Czenpinski, 1778)",Animalia,SPECIES
148748673,29202,"Harmonia axyridis (Pallas, 1773)",Animalia,SPECIES
148748674,28852,"Cryptolaemus montrouzieri Mulsant, 1853",Animalia,SPECIES
148748676,28856,"Cryptolestes pusilloides (Steel & Howe, 1952)",Animalia,SPECIES
148748677,29477,Mazus pumilio R.Br.,Plantae,SPECIES
148748678,28857,"Cryptolestes pusillus (Schénherr, 1817)",Animalia,SPECIES
148748680,28858,"Cryptolestes turcicus (Grouvelle, 1876)",Animalia,SPECIES
148748681,28853,"Cryptolestes capensis (Waltl, 1834)",Animalia,SPECIES
148748682,28854,"Cryptolestes duplicatus (Waltl, 1839)",Animalia,SPECIES
148748683,28855,"Cryptolestes ferrugineus (Stephens, 1831)",Animalia,SPECIES
148748684,30142,Syringa ×chinensis Willd.,Plantae,SPECIES
148748686,30143,Syringa persica L.,Plantae,SPECIES
148748687,30141,Syringa vulgaris L.,Plantae,SPECIES
148748689,29389,Ligustrum ovalifolium Hassk.,Plantae,SPECIES
148748690,28864,"Cryptophilus obliteratus Reitter, 1878",Animalia,SPECIES
148748691,28863,"Cryptophilus integer (Heer, 1841)",Animalia,SPECIES
148748693,28756,"Clambus simsoni Blackburn, 1902",Animalia,SPECIES
148748694,29124,Fraxinus pennsylvanica Marshall,Plantae,SPECIES
148748696,29119,Forsythia viridissima Lindl.,Plantae,SPECIES
148748697,28675,"Catogenus rufus (Fabricius, 1792)",Animalia,SPECIES
148748698,29120,Forsythia ×intermedia Zabel,Plantae,SPECIES
148748699,29118,Forsythia suspensa (Thunb.) Vahl,Plantae,SPECIES
148748702,28673,Catalpa bignonioides Walter,Plantae,SPECIES
4450839,29525,"Migneauxia lederi Reitter, 1875",Animalia,SPECIES
148748707,28614,Calceolaria pinnata L.,Plantae,SPECIES
148748708,28669,"Cartodere nodifer (Westwood, 1839)",Animalia,SPECIES
148748710,30270,Verbascum bombyciferum Boiss.,Plantae,SPECIES
148748711,30271,Verbascum pulverulentum Vill.,Plantae,SPECIES
148748712,29337,"Latridius minutus (Linnaeus, 1767)",Animalia,SPECIES
148748713,30269,Verbascum chaixii subsp. chaixii,Plantae,SUBSPECIES
148748714,28945,"Dienerella costulata (Reitter, 1877)",Animalia,SPECIES
148748715,30272,Verbascum sinuatum L.,Plantae,SPECIES
148748716,30273,Verbascum virgatum Stokes,Plantae,SPECIES
148748717,28947,"Dienerella pilifera (Reitter, 1875)",Animalia,SPECIES
148748718,30028,Scrophularia canina L.,Plantae,SPECIES
148748719,28946,"Dienerella filum (Aubé, 1850)",Animalia,SPECIES
148748720,30027,Scrophularia vernalis L.,Plantae,SPECIES
7332437,29520,Chaenorhinum litorale subsp. litorale,Plantae,SUBSPECIES
148748722,28809,"Corticaria fenestralis (Linnaeus, 1758)",Animalia,SPECIES
148748724,28808,"Corticaria elongata (Gyllenhal, 1827)",Animalia,SPECIES
148748725,28600,Buddleja davidii Franch.,Plantae,SPECIES
148748726,28811,"Corticaria pubescens (Gyllenhal, 1827)",Animalia,SPECIES
148748728,28810,"Corticaria fulva (Comolli, 1837)",Animalia,SPECIES
148748729,28812,"Corticaria serrata (Paykull, 1798)",Animalia,SPECIES
148748730,28668,"Cartodere bifasciata (Reitter, 1877)",Animalia,SPECIES
5414976,28533,Bellardia trixago (L.) All.,Plantae,SPECIES
148748735,30281,Veronica filiformis Sm.,Plantae,SPECIES
148748736,30280,Veronica ceratocarpa C.A.Mey.,Plantae,SPECIES
148748737,30279,Veronica gentianoides Vahl,Plantae,SPECIES
148748738,28909,"Dactylosternum abdominale (Fabricius, 1792)",Animalia,SPECIES
148748739,30284,Veronica persica Poir.,Plantae,SPECIES
148748740,28865,"Cryptopleurum subtile Sharp, 1884",Animalia,SPECIES
148748742,28703,"Cercyon laminatus Sharp, 1873",Animalia,SPECIES
148748744,28650,"Carcinops pumilio (Erichson, 1834)",Animalia,SPECIES
148748745,29810,Plantago coronopus L.,Plantae,SPECIES
148748747,29809,Plantago aristata Michx.,Plantae,SPECIES
148748748,29812,Plantago sempervirens Crantz,Plantae,SPECIES
7766246,29811,Plantago bellardii subsp. bellardii,Plantae,SUBSPECIES
148748750,29813,Plantago virginica L.,Plantae,SPECIES
148748752,29396,Linaria angustissima (Loisel.) Borbás,Plantae,SPECIES
5018567,30263,"Ips rubripennis Heer, 1841",Animalia,SPECIES
11247108,29398,Linaria caesia (Lag. ex Pers.) F.Dietr.,Plantae,SPECIES
148748757,29399,Linaria dalmatica (L.) Mill.,Plantae,SPECIES
8287616,29404,Linaria simplex (Willd.) DC.,Plantae,SPECIES
1201317,30125,"Rhyncolus submuricatus Schoenherr, 1832",Animalia,SPECIES
148748760,29400,Linaria incarnata (Vent.) Spreng.,Plantae,SPECIES
148748761,29401,Linaria maroccana Hook.fil.,Plantae,SPECIES
148748762,29402,Linaria purpurea (L.) Mill.,Plantae,SPECIES
148748763,29403,Linaria repens (L.) Mill.,Plantae,SPECIES
148748764,28949,Digitalis lanata Ehrh.,Plantae,SPECIES
148748766,28948,Digitalis ferruginea L.,Plantae,SPECIES
148748767,28950,Digitalis purpurea L.,Plantae,SPECIES
1222970,29801,Pissodes gyllenhali (C.R.Sahlberg),Animalia,SPECIES
148748769,28893,"Cymbalaria muralis G.Gaertn., B.Mey. & Scherb.",Plantae,SPECIES
148748770,28779,Collinsia heterophylla Buist ex Graham,Plantae,SPECIES
148748772,28451,Antirrhinum majus L.,Plantae,SPECIES
1201622,29384,"Thysanocnemis bischoffi Blatchley & Leng, 1916",Animalia,SPECIES
148748777,29537,Monarda didyma L.,Plantae,SPECIES
148748778,29176,"Gnathotrichus materiarius Wood & Bright, 1992",Animalia,SPECIES
148748779,30186,Thymus ×citriodorus (Pers.) Schreb.,Plantae,SPECIES
148748780,30185,Thymus vulgaris L.,Plantae,SPECIES
148748781,30030,Scutellaria altissima L.,Plantae,SPECIES
1179369,29082,"Pentarthrum confine Broun, 1881",Animalia,SPECIES
148748784,30029,Scutellaria minor Huds.,Plantae,SPECIES
1239155,29759,"Hylesinus aubei Perris, 1855",Animalia,SPECIES
148748787,30006,Satureja hortensis L.,Plantae,SPECIES
148748788,30007,Satureja montana L.,Plantae,SPECIES
148748790,29761,"Phloeotribus scarabaeoides (Bernard, 1788)",Animalia,SPECIES
148748791,29995,Salvia aethiopis L.,Plantae,SPECIES
148748792,29997,Salvia officinalis L.,Plantae,SPECIES
148748793,29996,Salvia farinacea Benth.,Plantae,SPECIES
148748794,29999,Salvia sclarea L.,Plantae,SPECIES
148748795,29998,Salvia reflexa Hornem.,Plantae,SPECIES
148748796,30000,Salvia viridis L.,Plantae,SPECIES
148748797,30244,"Trypodendron laeve Eggers, 1939",Animalia,SPECIES
148748798,30118,Stachys arvensis (L.) L.,Plantae,SPECIES
148748799,30119,Stachys byzantina K.Koch,Plantae,SPECIES
1178981,30324,"Xyleborinus attenuatus Wood & Bright, 1992",Animalia,SPECIES
148748801,29789,Physostegia virginiana (L.) Benth.,Plantae,SPECIES
148748802,29652,Origanum majorana L.,Plantae,SPECIES
148748803,29538,Monarda punctata L.,Plantae,SPECIES
148748804,29581,Nepeta racemosa Lam.,Plantae,SPECIES
148748805,29580,Nepeta ×faassenii Bergmans ex Stearn,Plantae,SPECIES
148748806,30325,"Xyleborus affinis Eichhoff, 1868",Animalia,SPECIES
5020078,30327,"Xyleborus germanus Blandford, 1894",Animalia,SPECIES
148748808,29582,Nepeta cataria L.,Plantae,SPECIES
148748809,29505,Mentha ×piperita L.,Plantae,SPECIES
7473163,29504,"Mentha gentilis Forssk., 1775",Plantae,SPECIES
3893979,29506,Mentha ×wirtgeniana F.W.Schultz,Plantae,SPECIES
5018713,28659,"Ips bipustulatus Heer, 1841",Animalia,SPECIES
7923052,29500,Mentha ×gracilis Sole,Plantae,SPECIES
148748816,29501,Mentha spicata L.,Plantae,SPECIES
148748817,29502,Mentha suaveolens Ehrh.,Plantae,SPECIES
148748818,29503,Mentha ×dalmatica Tausch,Plantae,SPECIES
148748819,29496,Mentha ×carinthiaca Host,Plantae,SPECIES
5020574,28883,"Xyleborus bodoanus Reitter, 1913",Animalia,SPECIES
148748821,29806,"Pityophthorus traeghardhi Spessivtseff, 1921",Animalia,SPECIES
148748822,29497,Mentha ×dumetorum Schult.,Plantae,SPECIES
148748823,29498,Mentha ×rotundifolia (L.) Huds.,Plantae,SPECIES
148748824,29499,Mentha ×villosa Huds.,Plantae,SPECIES
148748825,29805,"Pityophthorus micrographus (C.Linnaeus, 1758)",Animalia,SPECIES
148748826,29495,Melissa officinalis L.,Plantae,SPECIES
148748827,29760,"Phloeotribus caucasicus Reitter, 1891",Animalia,SPECIES
148748828,29340,Lavandula angustifolia Mill.,Plantae,SPECIES
148748829,29721,"Pentarthrum huttoni T.V.Wollaston, 1854",Animalia,SPECIES
1217393,29660,"Orthotomicus erosus (Wollaston, 1857) Wollaston, 1857",Animalia,SPECIES
148748832,29275,"Hypothenemus kuennemanni Reitter, 1902",Animalia,SPECIES
148748833,29276,Hyssopus officinalis L.,Plantae,SPECIES
148748834,29273,"Hypothenemus areccae Wood & Bright, 1992",Animalia,SPECIES
148748835,29274,"Hypothenemus hampei (Ferrari, 1867)",Animalia,SPECIES
6411098,29135,Lamium galeobdolon subsp. argentatum (Smejkal) J.Duvign.,Plantae,SUBSPECIES
148748837,28657,"Carphoborus rossicus A.P.Semenov Tjan-Shansky, 1902",Animalia,SPECIES
148748838,29015,Elsholtzia stauntonii Benth.,Plantae,SPECIES
148748839,29014,Elsholtzia ciliata (Thunb.) Hyl.,Plantae,SPECIES
148748841,28970,Dracocephalum moldavica L.,Plantae,SPECIES
148748842,30262,"Urophorus humeralis (Fabricius, 1798)",Animalia,SPECIES
148748843,28972,Dracocephalum thymiflorum L.,Plantae,SPECIES
148748844,28971,Dracocephalum parviflorum Nutt.,Plantae,SPECIES
3897802,28670,Caryopteris ×clandonensis A.Simmonds ex C.H.Curtis,Plantae,SPECIES
148748846,30124,"Stelidota geminata (Say, 1825)",Animalia,SPECIES
148748847,28345,Agastache foeniculum (Pursh) Kuntze,Plantae,SPECIES
148748849,29171,"Glischrochilus quadrisignatus (Say, 1835)",Animalia,SPECIES
148748850,29261,Hygrophila polysperma (Roxb.) T.Anderson,Plantae,SPECIES
148748851,29038,"Epuraea ocularis Fairmaire, 1849",Animalia,SPECIES
148748852,28317,Acanthus mollis L.,Plantae,SPECIES
148748855,28665,"Carpophilus quadrisignatus Erichson, 1843",Animalia,SPECIES
148748856,29939,Rhus typhina L.,Plantae,SPECIES
148748858,28663,"Carpophilus mutilatus Erichson, 1843",Animalia,SPECIES
148748859,28664,"Carpophilus pilosellus Motschulsky, 1858",Animalia,SPECIES
148748860,29988,Ruta graveolens L.,Plantae,SPECIES
148748861,28661,"Carpophilus hemipterus (Linnaeus, 1758)",Animalia,SPECIES
148748862,28662,"Carpophilus marginellus Motschulsky, 1858",Animalia,SPECIES
148748863,28660,"Carpophilus dimidiatus (Fabricius, 1792)",Animalia,SPECIES
148748864,29887,Ptelea trifoliata L.,Plantae,SPECIES
8077391,28755,Citrus ×aurantium L.,Plantae,SPECIES
148748868,28570,"Brachypterolus vestitus (Kiesenwetter, 1850)",Animalia,SPECIES
148748869,28354,Ailanthus altissima (Mill.) Swingle,Plantae,SPECIES
148748872,29314,Koelreuteria paniculata Laxm.,Plantae,SPECIES
148748874,30025,"Scolytogenes jalapae Wood & Bright, 1992",Animalia,SPECIES
148748875,28342,Aesculus hippocastanum L.,Plantae,SPECIES
148748877,29294,"Ips duplicatus Sahlberg, 1836",Animalia,SPECIES
4925890,28318,Acer tataricum subsp. ginnala (Maxim.) Wesm.,Plantae,SUBSPECIES
148748880,28320,Acer negundo L.,Plantae,SPECIES
6005568,29452,"Lyctus carbonarius Waltl, 1832",Animalia,SPECIES
148748882,28319,Acer monspessulanum L.,Plantae,SPECIES
148748883,28322,Acer saccharum Marshall,Plantae,SPECIES
148748885,28321,Acer saccharinum L.,Plantae,SPECIES
148748886,28770,"Coccotrypes dactyliperda (J.C.Fabricius, 1802)",Animalia,SPECIES
148748890,28769,"Coccotrypes carpophagus Wood & Bright, 1992",Animalia,SPECIES
148748891,30302,Viola sororia Willd.,Plantae,SPECIES
148748892,29940,"Rhyzopertha dominica (Fabricius, 1792)",Animalia,SPECIES
148748893,30303,Viola ×wittrockiana Gams,Plantae,SPECIES
148748895,29531,"Minthea obsita (Wollaston, 1867)",Animalia,SPECIES
148748896,29449,"Lyctus africanus Lesne, 1907",Animalia,SPECIES
3040241,29833,Populus ×jackii Sarg.,Plantae,SPECIES
148748899,29451,"Lyctus cavicollis LeConte, 1866",Animalia,SPECIES
148748900,29450,"Lyctus brunneus (Stephens, 1830)",Animalia,SPECIES
148748902,28956,"Dinoderus bifoveolatus (Wollaston, 1858)",Animalia,SPECIES
148748903,29992,Salix ×pendulina Wender.,Plantae,SPECIES
148748904,28957,"Dinoderus minutus (Fabricius, 1775)",Animalia,SPECIES
8190077,29836,Populus ×canadensis Moench,Plantae,SPECIES
148748906,28566,"Bostrychoplites cornutus (Olivier, 1790)",Animalia,SPECIES
148748907,29835,Populus balsamifera L.,Plantae,SPECIES
148748909,29834,Populus simonii Carrière,Plantae,SPECIES
148748910,30252,"Typhaea stercorea (Linnaeus, 1758)",Animalia,SPECIES
148748912,29407,Linum grandiflorum Desf.,Plantae,SPECIES
148748913,29408,Linum usitatissimum L.,Plantae,SPECIES
148748915,29266,Hypericum androsaemum L.,Plantae,SPECIES
148748916,29417,"Litargus balteatus LeConte, 1856",Animalia,SPECIES
148748917,29268,Hypericum pulchrum L.,Plantae,SPECIES
148748918,29267,Hypericum calycinum L.,Plantae,SPECIES
148748920,28547,"Berginus tamarisci Wollaston, 1854",Animalia,SPECIES
148748922,29007,Elatine ambigua Wight,Plantae,SPECIES
148748923,28859,"Cryptophagus acutangulus Gyllenhal, 1827",Animalia,SPECIES
148748925,29945,Ricinus communis L.,Plantae,SPECIES
148748926,28861,"Cryptophagus fallax Balfour-Browne, 1953",Animalia,SPECIES
3067119,29096,Euphorbia maculata L.,Plantae,SPECIES
148748928,29095,Euphorbia serpens Kunth,Plantae,SPECIES
148748929,28860,"Cryptophagus cellaris (Scopoli, 1763)",Animalia,SPECIES
148748930,29097,Euphorbia taurinensis All.,Plantae,SPECIES
148748931,28862,"Cryptophagus subfumatus Kraatz, 1856",Animalia,SPECIES
148748932,29088,Euphorbia lathyris L.,Plantae,SPECIES
148748933,28509,"Atomaria lewisi Reitter, 1877",Animalia,SPECIES
148748934,29087,Euphorbia humifusa Willd.,Plantae,SPECIES
148748935,29090,Euphorbia marginata Pursh,Plantae,SPECIES
148748937,29089,Euphorbia maculata L.,Plantae,SPECIES
148748938,28493,"Aspidapion validum (Germar, 1817)",Animalia,SPECIES
148748939,29092,Euphorbia nutans Lag.,Plantae,SPECIES
148748941,29091,Euphorbia myrsinites L.,Plantae,SPECIES
148748942,29094,Euphorbia segetalis L.,Plantae,SPECIES
9778765,30243,"Gonotropis dorsalis (Thunberg, 1796)",Animalia,SPECIES
148748944,29093,Euphorbia rigida M.Bieb.,Plantae,SPECIES
148748945,29083,Euphorbia prostrata Aiton,Plantae,SPECIES
7225874,29084,Euphorbia falcata subsp. falcata,Plantae,SUBSPECIES
3067869,29085,Euphorbia chamaesyce L.,Plantae,SPECIES
148748948,28469,"Araecerus fasciculatus (C.DeGeer, 1775)",Animalia,SPECIES
148748949,29086,Euphorbia glyptosperma Engelm.,Plantae,SPECIES
148748951,28313,Acalypha virginica L.,Plantae,SPECIES
148748952,30238,"Trogoderma glabrum (Herbst, 1783)",Animalia,SPECIES
148748954,30239,"Trogoderma granarium Everts, 1898",Animalia,SPECIES
148748955,30237,"Trogoderma angustum (Solier, 1849)",Animalia,SPECIES
148748957,30241,"Trogoderma versicolor (Creutzer, 1799)",Animalia,SPECIES
148748958,30254,Ulmus pumila L.,Plantae,SPECIES
148748959,30240,"Trogoderma megatomoides Reitter, 1881",Animalia,SPECIES
148748960,30180,"Thorictodes heydeni Reitter, 1875",Animalia,SPECIES
148748961,30332,Zelkova serrata (Thunb.) Makino,Plantae,SPECIES
148748963,28928,"Dermestes peruvianus Laporte de Castelnau, 1840",Animalia,SPECIES
148748964,28927,"Dermestes maculatus DeGeer, 1774",Animalia,SPECIES
148748965,28926,"Dermestes carnivorus Fabricius, 1775",Animalia,SPECIES
148748966,30265,Urtica pilulifera L.,Plantae,SPECIES
148748967,28512,"Attagenus unicolor (Brahm, 1790)",Animalia,SPECIES
148748968,30092,Soleirolia soleirolii (Req.) Dandy,Plantae,SPECIES
148748969,28445,"Anthrenocerus australis (Hope, 1843)",Animalia,SPECIES
148748970,29707,Parietaria judaica L.,Plantae,SPECIES
148748972,28448,"Anthrenus festivus Erichson, 1846",Animalia,SPECIES
148748973,29006,Elaeagnus angustifolia L.,Plantae,SPECIES
148748974,28449,"Anthrenus olgae Kalik, 1946",Animalia,SPECIES
148748976,28446,"Anthrenus caucasicus Reitter, 1881",Animalia,SPECIES
148748977,29252,Humulus scandens (Lour.) Merr.,Plantae,SPECIES
148748978,28447,"Anthrenus coloratus Reitter, 1881",Animalia,SPECIES
148748979,28678,Celtis occidentalis L.,Plantae,SPECIES
148748982,29544,Morus alba L.,Plantae,SPECIES
148748983,29545,Morus nigra L.,Plantae,SPECIES
148748984,28437,"Anommatus diecki Reitter, 1875",Animalia,SPECIES
148748985,29456,Maclura pomifera (Raf. ex Sarg.) C.K.Schneid.,Plantae,SPECIES
148748986,29116,Ficus carica L.,Plantae,SPECIES
148748988,28593,Broussonetia papyrifera (L.) L'Hér. ex Vent.,Plantae,SPECIES
148748989,30201,"Tribolium castaneum (Herbst, 1797)",Animalia,SPECIES
148748991,30202,"Tribolium confusum Jaquelin Du Val, 1868",Animalia,SPECIES
148748992,30203,"Tribolium destructor Uyttenboogaart, 1934",Animalia,SPECIES
148748994,30204,"Tribolium madens (Charpentier, 1825)",Animalia,SPECIES
3026622,30109,Spiraea ×vanhouttei (Briot) Zabel,Plantae,SPECIES
148748997,29681,"Palorus subdepressus (Wollaston, 1864)",Animalia,SPECIES
148748998,29330,"Latheticus oryzae C.O.Waterhouse, 1880",Animalia,SPECIES
3853033,30126,Neillia incisa (Thunb.) S.H.Oh,Plantae,SPECIES
148749001,29175,"Gnaptor spinimanus (Pallas, 1781)",Animalia,SPECIES
148749003,29177,"Gnatocerus cornutus (Fabricius, 1798)",Animalia,SPECIES
3002333,29953,Rosa spinosissima L.,Plantae,SPECIES
148749005,28560,"Blaps gigas (Linnaeus, 1767)",Animalia,SPECIES
148749006,28379,"Alphitobius diaperinus (Panzer, 1797)",Animalia,SPECIES
148749007,28380,"Alphitophagus bifasciatus (Say, 1824)",Animalia,SPECIES
8151172,29911,Pyrus nivalis Jacq.,Plantae,SPECIES
148749011,29936,"Rhopalapion longirostre (Olivier, 1807)",Animalia,SPECIES
5370511,30003,Poterium dodecandrum (Moretti) Benth. & Hook.fil.,Plantae,SPECIES
148749013,28376,"Alocentron curvirostre (Gyllenhal, 1833)",Animalia,SPECIES
148749015,29662,"Oryzaephilus mercator (Fauvel, 1889)",Animalia,SPECIES
148749016,29970,Rubus ulmifolius Schott,Plantae,SPECIES
148749017,29663,"Oryzaephilus surinamensis (Linnaeus, 1758)",Animalia,SPECIES
148749018,29969,Rubus phoenicolasius Maxim.,Plantae,SPECIES
148749019,28353,"Ahasverus advena (Walt, 1832)",Animalia,SPECIES
148749020,29968,Rubus odoratus L.,Plantae,SPECIES
148749021,29967,Rubus occidentalis L.,Plantae,SPECIES
148749022,29966,Rubus laciniatus Willd.,Plantae,SPECIES
148749023,29965,Rubus armeniacus Focke,Plantae,SPECIES
148749024,28355,"Airaphilus nasutus Chevrolat, 1860",Animalia,SPECIES
1042185,30174,"Thecturota tenuissima Casey, 1893",Animalia,SPECIES
1042457,30206,"Trichiusa robustula Casey, 1893",Animalia,SPECIES
148749028,30145,"Tachinus sibiricus Sharp, 1888",Animalia,SPECIES
148749029,29962,Rosa ×francofurtana Münchh.,Plantae,SPECIES
7272185,29961,Rosa carolina subsp. carolina,Plantae,SUBSPECIES
148749031,29960,Rosa rugosa Thunb.,Plantae,SPECIES
148749032,29959,Rosa multiflora Thunb.,Plantae,SPECIES
148749033,29958,Rosa foetida Herrm.,Plantae,SPECIES
148749034,29755,"Philonthus spinipes Sharp, 1874",Animalia,SPECIES
148749035,29957,Rosa chinensis Jacq.,Plantae,SPECIES
148749036,29754,"Philonthus rectangulus Sharp, 1874",Animalia,SPECIES
148749037,29631,"Oligota parva Kraatz, 1862",Animalia,SPECIES
148749038,29674,"Oxytelus migrator Fauvel, 1904",Animalia,SPECIES
148749039,29418,"Lithocharis nigriceps Kraatz, 1859",Animalia,SPECIES
148749040,29956,Rosa blanda Aiton,Plantae,SPECIES
148749041,29955,Rosa ×alba L.,Plantae,SPECIES
148749042,29515,"Micropeplus marietti Jacquelin du Val, 1857",Animalia,SPECIES
148749043,29954,Rosa acicularis Lindl.,Plantae,SPECIES
148749045,30110,Spiraea alba Du Roi,Plantae,SPECIES
7528066,30111,Spiraea billardii Meehan,Plantae,SPECIES
148749047,30112,Spiraea douglasii Hook.,Plantae,SPECIES
5371450,30113,Kerria japonica (L.) DC.,Plantae,SPECIES
9466681,29003,"Edaphus lederi Eppelsheim, 1878",Animalia,SPECIES
148749050,30114,Spiraea prunifolia Siebold & Zucc.,Plantae,SPECIES
148749051,30098,Sorbaria tomentosa (Lindl.) Rehder,Plantae,SPECIES
148749052,30097,Sorbaria sorbifolia (L.) A.Braun,Plantae,SPECIES
148749053,29081,"Eulissus chalybaeus Mannerheim, 1830",Animalia,SPECIES
10071055,30099,Scandosorbus ×intermedia (Ehrh.) Sennikov,Plantae,SPECIES
148749055,29788,Physocarpus opulifolius (L.) Maxim.,Plantae,SPECIES
148749057,28656,"Carpelimus zealandicus (Sharp, 1900)",Animalia,SPECIES
148749058,29910,Pyracantha coccinea M.Roem.,Plantae,SPECIES
148749059,28559,"Bisnius parcus (Sharp, 1874)",Animalia,SPECIES
148749060,29912,Pyrus communis L.,Plantae,SPECIES
148749061,28563,"Bohemiellina flavipennis (Cameron, 1920)",Animalia,SPECIES
7832168,29913,Pyrus nivalis Pall. ex Georgi,Plantae,SPECIES
8151172,29914,Pyrus nivalis Jacq.,Plantae,SPECIES
148749064,28364,"Aleochara puberula Klug, 1833",Animalia,SPECIES
148749065,28334,"Acrotona pseudotenera (Cameron, 1933)",Animalia,SPECIES
148749066,29872,Prunus virginiana L.,Plantae,SPECIES
8149923,29870,Prunus persica (L.) Stokes,Plantae,SPECIES
148749069,28527,"Baeocrara japonica (Matthews, 1884)",Animalia,SPECIES
148749070,28336,"Acrotrichis insularis (Mäklin, 1852)",Animalia,SPECIES
148749071,28311,Acaena inermis Hook.fil.,Plantae,SPECIES
148749072,28335,"Acrotrichis cognata (A.Matthews, 1877)",Animalia,SPECIES
148749074,28312,Acaena microphylla Hook.fil.,Plantae,SPECIES
148749075,28359,Alchemilla speciosa Buser,Plantae,SPECIES
148749076,28360,Alchemilla cymatophylla Juz.,Plantae,SPECIES
148749078,28361,Alchemilla mollis (Buser) Rothm.,Plantae,SPECIES
3023903,28414,Amelanchier humilis Wiegand,Plantae,SPECIES
148749080,28712,Chaenomeles speciosa (Sweet) Nakai,Plantae,SPECIES
148749081,28710,Chaenomeles japonica (Thunb.) Lindl. ex Spach,Plantae,SPECIES
148749082,28711,Chaenomeles japonica x speciosa,Plantae,SPECIES
6275970,28316,"Dactylispa pallidipennis (Motschulsky, 1861)",Animalia,SPECIES
148749084,29366,"Leptinotarsa decemlineata (Say, 1824)",Animalia,SPECIES
148749085,28833,Crataemespilus gillotii Beck,Plantae,SPECIES
148749086,28936,Diabrotica virgifera virgifera,Animalia,SUBSPECIES
148749087,28832,Crataegus sanguinea Pall.,Plantae,SPECIES
148749088,28827,Cotoneaster multiflorus Bunge,Plantae,SPECIES
148749089,28620,"Callosobruchus chinensis (Linnaeus, 1758)",Animalia,SPECIES
148749090,28824,Cotoneaster horizontalis Decne.,Plantae,SPECIES
148749091,28621,"Callosobruchus maculatus (Fabricius, 1775)",Animalia,SPECIES
148749092,28823,Cotoneaster franchetii Boiss.,Plantae,SPECIES
3025811,28826,"Cotoneaster melanocarpus (Ledeb.) Lodd., G.Lodd. & W.Lodd. ex C.K.Schneid., 1906",Plantae,SPECIES
148749094,28598,"Bruchus signaticornis Gyllenhal, 1833",Animalia,SPECIES
3025770,28825,Cotoneaster acutifolius Turcz.,Plantae,SPECIES
148749096,28821,Cotoneaster dammeri C.K.Schneid.,Plantae,SPECIES
148749098,28822,Cotoneaster divaricatus Rehder & E.H.Wilson,Plantae,SPECIES
148749099,28819,Cotoneaster dielsianus E.Pritz.,Plantae,SPECIES
148749100,28820,Cotoneaster bullatus Bois ex Bilm. & Bois,Plantae,SPECIES
148749104,28597,"Bruchus rufimanus Boheman, 1833",Animalia,SPECIES
148749105,28596,"Bruchus pisorum Linnaeus, 1758",Animalia,SPECIES
148749106,28315,"Acanthoscelides obtectus (Say, 1831)",Animalia,SPECIES
148749107,28884,Cydonia oblonga Mill.,Plantae,SPECIES
1156052,29541,"Monochamus urussovii (Fischer-Waldheim, 1806)",Animalia,SPECIES
5365717,28977,Potentilla indica (Andrews) Th.Wolf,Plantae,SPECIES
148749112,28914,Dasiphora fruticosa (L.) Rydb.,Plantae,SPECIES
148749113,30173,"Tetropium gracilicorne Reitter, 1889",Animalia,SPECIES
148749114,29158,Geum vernum (Raf.) Torr. & A.Gray,Plantae,SPECIES
148749115,29157,Geum coccineum Sibth. & Sm.,Plantae,SPECIES
148749116,30328,"Xylotrechus altaicus (Gebler, 1836)",Animalia,SPECIES
148749117,29122,Fragaria ×ananassa (Weston) Rozier,Plantae,SPECIES
148749118,29930,"Rhagium inquisitor rugipenne Reitter, 1898",Animalia,SUBSPECIES
3029922,29121,Fragaria virginiana subsp. virginiana,Plantae,SUBSPECIES
148749120,29310,Kerria japonica (L.) DC.,Plantae,SPECIES
148749121,29509,Mespilus germanica L.,Plantae,SPECIES
148749122,29466,Malus ×dasyphylla Borkh.,Plantae,SPECIES
148749123,29467,Malus domestica (Suckow) Borkh.,Plantae,SPECIES
7778720,29776,"Poecilium lividum (Rossi, 1794)",Animalia,SPECIES
148749126,29865,Prunus cerasus L.,Plantae,SPECIES
7499940,29862,Prunus armeniaca Thunb.,Plantae,SPECIES
148749128,29540,"Monochamus sutor (Linnaeus, 1758)",Animalia,SPECIES
148749129,29863,Prunus cerasifera Ehrh.,Plantae,SPECIES
3020980,29868,Prunus amygdalus Batsch,Plantae,SPECIES
148749131,29869,Prunus laurocerasus L.,Plantae,SPECIES
148749133,29570,"Nathrius brevipennis (Mulsant, 1839)",Animalia,SPECIES
148749135,29179,"Gracilia minuta (Fabricius, 1781)",Animalia,SPECIES
148749136,29860,Prunus cerasifera Ehrh.,Plantae,SPECIES
148749137,28743,"Chlorophorus annularis (Fabricius, 1787)",Animalia,SPECIES
148749138,28618,"Callidium chlorizans (Solsky, 1870)",Animalia,SPECIES
5368008,29849,Potentilla fruticosa Hook.f.,Plantae,SPECIES
148749141,28438,"Anoplophora chinensis (Forster, 1771)",Animalia,SPECIES
5365494,29848,Potentilla argyrophylla var. atrosanguinea (G.Lodd. ex D.Don) Hook.fil.,Plantae,VARIETY
148749143,29847,Potentilla anglica Laich.,Plantae,SPECIES
148749144,29846,Potentilla chrysantha Trevir.,Plantae,SPECIES
148749145,28439,"Anoplophora glabripennis (Motschulsky, 1854)",Animalia,SPECIES
148749146,29850,Potentilla intermedia L.,Plantae,SPECIES
148749147,29871,Prunus serotina Ehrh.,Plantae,SPECIES
148749148,28314,"Acanthocinus carinulatus (Gebler, 1833)",Animalia,SPECIES
148749151,28753,Cistus monspeliensis L.,Plantae,SPECIES
148749153,30187,Tilia tomentosa Moench,Plantae,SPECIES
3152521,28955,Althaea hirsuta L.,Plantae,SPECIES
148749156,30047,Sida spinosa L.,Plantae,SPECIES
148749157,29471,Malva verticillata L.,Plantae,SPECIES
148749158,29469,Malva nicaeensis All.,Plantae,SPECIES
148749160,29468,Malva moschata L.,Plantae,SPECIES
148749161,29465,Malope trifida Cav.,Plantae,SPECIES
148749162,29312,Kitaibela vitifolia Willd.,Plantae,SPECIES
3940326,29342,Malva trimestris (L.) Salisb.,Plantae,SPECIES
148749165,29235,Hibiscus syriacus L.,Plantae,SPECIES
148749166,28382,Althaea hirsuta L.,Plantae,SPECIES
148749167,28381,Althaea cannabina L.,Plantae,SPECIES
148749168,28358,Alcea rosea L.,Plantae,SPECIES
148749169,28310,Abutilon theophrasti Medik.,Plantae,SPECIES
