taxonKey,taxonID,scientificName,kingdom,taxonRank
160884527,86233,Uromyces silphii (Syd. & P.Syd.) Arthur,Fungi,SPECIES
8007875,85935,Ranunculus acris subsp. friesianus (Jord.) Syme,Plantae,SUBSPECIES
160884537,86193,"Trichopsocus dalii (McLachlan, 1867)",Animalia,SPECIES
5020078,86301,"Xyleborus germanus Blandford, 1894",Animalia,SPECIES
4102733,86285,Dipsacus pilosus L.,Plantae,SPECIES
3221841,85154,"Pantoea stewartii (Smith, 1898) Mergaert et al., 1993",Bacteria,SPECIES
160884558,86104,Spiraea douglasii Hook.,Plantae,SPECIES
160884561,84914,"Chlamydophila psittaci (Lillie, 1930) Everett et al., 1999",Bacteria,SPECIES
160884568,85724,Parietaria officinalis L.,Plantae,SPECIES
160884569,84935,"Clavibacter michiganensis subsp. insidiosus (McCulloch, 1925) Davis et al., 1984",Bacteria,SUBSPECIES
160884571,84936,Clavibacter michiganensis subsp. michiganensis,Bacteria,SUBSPECIES
10808630,84937,"Clavibacter sepedonicus (Spieckermann & Kotthoff) Li, Tambong, Yuan, Chen, Xu, Levesque & De Boer, 2018",Bacteria,SPECIES
160884577,85558,"Moenchia erecta (L.) G.Gaertn., G.Mey. & Scherb.",Plantae,SPECIES
160884584,86101,"Spilococcus mamillariae (Bouche, 1844)",Animalia,SPECIES
160884586,85025,Cylindrospermopsis raciborskii (Wołosz.) Seenayya & Subbaraju,Bacteria,SPECIES
160884587,84964,"Cordylophora caspia (Pallas, 1771)",Animalia,SPECIES
160884589,84604,Anabaenopsis cunningtonii W.R.Taylor,Bacteria,SPECIES
160884594,84985,"Craspedacusta sowerbii Lankester, 1880",Animalia,SPECIES
160884601,85898,"Pseudodactylogyrus bini (Kikuchi, 1929)",Animalia,SPECIES
160884604,86065,Sisymbrium altissimum L.,Plantae,SPECIES
160884609,85837,Poa chaixii Vill.,Plantae,SPECIES
160884610,86154,"Testudo marginata Schoepff, 1792",Animalia,SPECIES
160884611,85620,Odontites vernus (Bellardi) Dumort.,Plantae,SPECIES
160884614,85568,Myagrum perfoliatum L.,Plantae,SPECIES
160884618,85577,"Myzocallis walshii (Monell, 1879)",Animalia,SPECIES
160884619,85214,Fumaria capreolata L.,Plantae,SPECIES
160884620,85089,"Dreissena polymorpha (Pallas, 1771)",Animalia,SPECIES
160884627,85936,Raphanus raphanistrum L.,Plantae,SPECIES
160884628,85743,"Periphyllus californiensis (Shinji, 1917)",Animalia,SPECIES
160884631,84962,"Corbicula fluminalis (O.F.Müller, 1774)",Animalia,SPECIES
160884633,84963,"Corbicula fluminea (O.F.Müller, 1774)",Animalia,SPECIES
160884634,85885,Prunus domestica L.,Plantae,SPECIES
160884639,85527,Melanopsichium pennsylvanicum Hirschh.,Fungi,SPECIES
160884644,86231,"Uroleucon pseudambrosiae (Olive, 1963)",Animalia,SPECIES
160884645,85870,"Potamothrix moldaviensis Vejdovský & Mrázek, 1903",Animalia,SPECIES
4062005,85458,Buglossoides tenuiflora (L.fil.) I.M.Johnst.,Plantae,SPECIES
160884656,85209,Festuca rupicaprina (Hack.) A.Kern.,Plantae,SPECIES
160884658,85826,Plantago lagopus L.,Plantae,SPECIES
160884660,85541,"Menopon gallinae (Linnaeus, 1758)",Animalia,SPECIES
160884663,85832,"Platorchestia platensis (Krøyer, 1845)",Animalia,SPECIES
160884667,85796,Phytophthora capsici Leonian,Chromista,SPECIES
160884669,86150,"Teredo navalis Linnaeus, 1758",Animalia,SPECIES
160884671,85805,Phytophthora tropicalis Aragaki & J.Y.Uchida,Chromista,SPECIES
3276937,85755,Peronospora hyoscyami de Bary,Chromista,SPECIES
3085625,85758,Petrorhagia dubia (Raf.) G.López & Romo,Plantae,SPECIES
160884680,85668,"Opilio canestrinii (Thorell, 1876)",Animalia,SPECIES
2882841,85699,Vaccinium macrocarpon Aiton,Plantae,SPECIES
160884684,85753,Peronospora sparsa Berk.,Chromista,SPECIES
160884685,85700,"Oxytelus migrator Fauvel, 1904",Animalia,SPECIES
160884686,85833,"Platycercus elegans (Gmelin, 1788)",Animalia,SPECIES
160884687,85800,Phytophthora cryptogea Pethybr. & Laff.,Chromista,SPECIES
160884689,85799,Phytophthora citrophthora (R.E.Sm. & E.H.Sm.) Leonian,Chromista,SPECIES
160884690,85562,"Monarthropalpus flavus (Schrank, 1776)",Animalia,SPECIES
160884691,85798,Phytophthora citricola Sawada,Chromista,SPECIES
160884692,85561,"Monacha claustralis (Menke, 1828)",Animalia,SPECIES
160884693,85797,Phytophthora cinnamomi Rands,Chromista,SPECIES
160884695,85803,Phytophthora palmivora (E.J.Butler) E.J.Butler,Chromista,SPECIES
160884696,85475,Lunaria annua L.,Plantae,SPECIES
160884697,85804,"Phytophthora ramorum Werres, De Cock & Man",Chromista,SPECIES
160884699,85801,Phytophthora infestans (Mont.) de Bary,Chromista,SPECIES
160884702,85411,"Leiobunum limbatum Koch, 1861",Animalia,SPECIES
160884703,85807,Picea glauca (Moench) Voss,Plantae,SPECIES
160884704,85434,"Limax maximus Linnaeus, 1758",Animalia,SPECIES
160884705,85808,Picea orientalis (L.) Peterm.,Plantae,SPECIES
160884706,85435,"Limnodrilus cervix Brinkhurst, 1963",Animalia,SPECIES
160884707,85806,"Piaractus brachypomus (Cuvier, 1818)",Animalia,SPECIES
160884709,85757,Petrorhagia saxifraga (L.) Link,Plantae,SPECIES
8149923,85756,Prunus persica (L.) Stokes,Plantae,SPECIES
160884713,85754,Peronospora statices Lobik,Chromista,SPECIES
4565020,85301,"Xerolenta obvia (Menke, 1828)",Animalia,SPECIES
160884715,85751,Peronospora jaapiana Magnus,Chromista,SPECIES
8360203,85752,Peronospora viciae (Berk.) Casp.,Chromista,SPECIES
160884718,85295,Helenium autumnale L.,Plantae,SPECIES
160884719,85749,Peronospora ducometi Siemaszko & Jank.,Chromista,SPECIES
3203768,85750,Peronospora farinosa (Fr.) Fr.,Chromista,SPECIES
160884722,85903,"Psilochorus simoni (Berland, 1911)",Animalia,SPECIES
160884723,85057,"Deroceras panormitanum (Lessona & Pollonera, 1882)",Animalia,SPECIES
160884725,85904,"Psittacula derbiana (Fraser, 1852)",Animalia,SPECIES
160884728,84870,"Cernuella neglecta (Draparnaud, 1805)",Animalia,SPECIES
160884730,84972,"Cornu aspersum (O.F.Müller, 1774)",Animalia,SPECIES
160884731,84652,Aphanomyces astaci Schikora,Chromista,SPECIES
160884733,84743,"Boettgerilla pallens Simroth, 1912",Animalia,SPECIES
160884735,84671,"Arion distinctus Mabille, 1868",Animalia,SPECIES
160884737,84673,"Arion lusitanicus Mabille, 1868",Animalia,SPECIES
160884738,84672,"Arion fasciatus (Nilsson, 1823)",Animalia,SPECIES
160884740,84674,"Arion rufus (Linnaeus, 1758)",Animalia,SPECIES
5892120,85093,"Girardia tigrina (Girard, 1850)",Animalia,SPECIES
3027231,86103,Spiraea media Schmidt,Plantae,SPECIES
7787813,86102,Spiraea alba DuRoi,Plantae,SPECIES
160884755,86121,"Stigmatogaster subterranea Shaw, 1789",Animalia,SPECIES
160884758,85043,"Dasyhormus lithophorus Marcus, 1945",Animalia,SPECIES
160884763,85571,"Mycteria ibis (Linnaeus, 1766)",Animalia,SPECIES
160884766,85286,"Gyrodactylus proterorhini Ergens, 1967",Animalia,SPECIES
160884767,85288,"Gyropus ovalis Burmeister, 1838",Animalia,SPECIES
2621905,85570,Dothistroma septosporum (Dorogin) M.Morelet,Fungi,SPECIES
160884769,85287,"Gyrodactylus turnbulli Harris, 1986",Animalia,SPECIES
160884774,85719,"Paramysis lacustris (Czerniavsky, 1882)",Animalia,SPECIES
5815252,86116,"Goniodes gigas (Taschenberg, 1879)",Animalia,SPECIES
160884776,85181,"Eudocimus ruber (Linnaeus, 1758)",Animalia,SPECIES
160884781,85782,"Phyllocoptes adalius Keifer, 1939",Animalia,SPECIES
10944522,86166,Mummenhoffia alliacea (L.) Esmailbegi & Al-Shehbaz,Plantae,SPECIES
160884785,85901,"Pseudorasbora parva (Temminck & Schlegel, 1846)",Animalia,SPECIES
160884786,85430,"Leptusa norvegica A.Strand, 1941",Animalia,SPECIES
160884787,85902,Pseudotsuga menziesii (Mirb.) Franco,Plantae,SPECIES
160884791,85037,"Dactylogyrus hypophthalmichthys Akhmerov, 1952",Animalia,SPECIES
160884792,85036,"Dactylogyrus aristichthys Long & Yu, 1958",Animalia,SPECIES
160884794,85040,"Dactylogyrus suchengtaii Gusev, 1962",Animalia,SPECIES
160884795,85280,Guizotia abyssinica (L.fil.) Cass.,Plantae,SPECIES
160884796,85039,"Dactylogyrus nobilis Long & Yu, 1958",Animalia,SPECIES
160884797,85038,"Dactylogyrus lamellatus Akhmerow, 1952",Animalia,SPECIES
160884805,85573,"Myocastor coypus (Molina, 1782)",Animalia,SPECIES
160884806,85170,Erysiphe necator Schwein.,Fungi,SPECIES
9807414,84940,"Ligictaluridus monticellii (Cognetti de Martis, 1924) Klassen & Beverley-Burton, 1985",Animalia,SPECIES
160884811,85177,"Eublepharis macularius (Blyth, 1854)",Animalia,SPECIES
7849018,85605,"Cucumispora dikerogammari (Ovcharenko & Kurandina) Ovcharenko, K.Bacela, T.Wilkinson, J.E.Ironside, T.Rigaud & R.A.Wattie",Protozoa,SPECIES
160884816,85659,"Oncorhynchus kisutch (Walbaum, 1792)",Animalia,SPECIES
160884818,85372,Kickxia elatine (L.) Dumort.,Plantae,SPECIES
160884821,85658,"Oncorhynchus gorbuscha (Walbaum, 1792)",Animalia,SPECIES
160884824,85101,"Echinococcus multilocularis (Leuckart, 1863)",Animalia,SPECIES
12154039,85657,Erysiphe neolycopersici (L.Kiss) H.Y.Hsiao & Y.M.Shen,Fungi,SPECIES
2578625,85656,Golovinomyces biocellatus (Ehrenb.) V.P.Heluta,Fungi,SPECIES
7758879,84748,"Schyzocotyle acheilognathi (Yamaguti, 1934) Brabec, Waeschenbach, Scholz, Littlewood & Kuchta, 2015",Animalia,SPECIES
160884832,85844,Polycarpon tetraphyllum (L.) L.,Plantae,SPECIES
160884835,85175,Erysiphe syringae-japonicae (U.Braun) U.Braun & S.Takam.,Fungi,SPECIES
160884837,85174,Erysiphe syringae Schwein.,Fungi,SPECIES
160884838,84943,"Clinostomum complanatum (Rudolphi, 1814) Braun, 1899",Animalia,SPECIES
3482288,85176,Erysiphe vanbruntiana (W.R.Gerard) U.Braun & S.Takam.,Fungi,SPECIES
160884841,85171,Erysiphe palczewskii (Jacz.) U.Braun & S.Takam.,Fungi,SPECIES
160884843,85720,"Paranais frici Hrabĕ, 1941",Animalia,SPECIES
160884844,85173,Erysiphe symphoricarpi (Howe) U.Braun & S.Takam.,Fungi,SPECIES
160884845,85207,"Ferrisia virgata (Cockerell, 1893)",Animalia,SPECIES
160884846,85172,Erysiphe russellii (Clinton) U.Braun & S.Takam.,Fungi,SPECIES
160884848,85163,Erysiphe begoniicola U.Braun & S.Takam.,Fungi,SPECIES
160884850,85162,Erysiphe azaleae (U.Braun) U.Braun & S.Takam.,Fungi,SPECIES
160884851,85988,Rubia tinctorum L.,Plantae,SPECIES
160884852,85165,Erysiphe catalpae Simonyan,Fungi,SPECIES
160884853,84662,"Apophallus muehlingi (Jägerskiöld, 1899) Lühe, 1909",Animalia,SPECIES
160884854,85164,Erysiphe betae (Vaňha) Weltzien,Fungi,SPECIES
160884857,85167,Erysiphe flexuosa (Peck) U.Braun & S.Takam.,Fungi,SPECIES
160884859,85166,Erysiphe euonymi-japonici U.Braun & S.Takam.,Fungi,SPECIES
2578839,85169,Golovinomyces magnicellulatus (U.Braun) V.P.Heluta,Fungi,SPECIES
160884862,86200,Trifolium patens Schreb.,Plantae,SPECIES
160884863,85168,Erysiphe howeana U.Braun,Fungi,SPECIES
160884867,85721,"Paratenuisentis ambiguus (Van Cleave, 1921)",Animalia,SPECIES
160884872,84646,"Aonchotheca bilobata (Bhalerao, 1933)",Animalia,SPECIES
160884873,85669,"Opilio parietinus (DeGeer, 1778)",Animalia,SPECIES
160884881,85199,"Evadne anonyx Sars, 1897",Animalia,SPECIES
160884882,85538,"Meloidogyne javanica (Treub, 1885) Chitwood, 1949",Animalia,SPECIES
160884884,85539,"Melopsittacus undulatus (Shaw, 1805)",Animalia,SPECIES
160884885,85536,"Meloidogyne hapla Chitwood, 1949",Animalia,SPECIES
160884890,85934,Ranunculus arvensis L.,Plantae,SPECIES
160884891,85783,"Phyllonorycter issikii (Kumata, 1963)",Animalia,SPECIES
160884894,85323,"Hohorstiella gigantea (Denny, 1842)",Animalia,SPECIES
160884896,84998,Cryphonectria parasitica (Murrill) M.E.Barr,Fungi,SPECIES
160884897,85537,"Meloidogyne incognita (Kofoid & White, 1919) Chitwood, 1949",Animalia,SPECIES
160884899,85263,"Globodera rostochiensis (Wollenweber, 1923) Skarbilovich, 1959",Animalia,SPECIES
160884901,85264,Glyceria striata (Lam.) Hitchc.,Plantae,SPECIES
160884904,85080,"Ditylenchus destructor Thorne, 1945",Animalia,SPECIES
160884908,86139,"Tadorna ferruginea (Pallas, 1764)",Animalia,SPECIES
5777790,84797,"Bursaphelenchus xylophilus (Steiner & Buhrer, 1934), 1970",Animalia,SPECIES
160884915,84728,"Batrachochytrium dendrobatidis Longcore, Pessier & D.K.Nichols",Fungi,SPECIES
160884918,84729,"Baylisascaris columnaris (Leidy, 1856)",Animalia,SPECIES
160884920,84730,"Baylisascaris procyonis (Stefanski & Zarnowski, 1951)",Animalia,SPECIES
160884924,85477,"Luperomorpha xanthodera (Fairmaire, 1888)",Animalia,SPECIES
160884927,85587,"Nelima sempronii Szalay, 1951",Animalia,SPECIES
160884933,85590,"Neogobius fluviatilis (Pallas, 1814)",Animalia,SPECIES
160884936,86234,Urtica cannabina L.,Plantae,SPECIES
160884938,85118,Eleusine indica (L.) Gaertn.,Plantae,SPECIES
8235573,84949,Hariotina polychorda (Korshikov) E.Hegewald,Plantae,SPECIES
160884947,86243,Valerianella dentata (L.) Pollich,Plantae,SPECIES
160884949,84692,"Ashworthius sidemi Schulz, 1933",Animalia,SPECIES
160884956,84882,Chara connivens Salzmann ex A.Braun,Plantae,SPECIES
160884957,85079,"Dirofilaria repens Railliet & Henry, 1911",Animalia,SPECIES
160884958,86244,Valerianella locusta (L.) Laterr.,Plantae,SPECIES
160884961,86242,Valerianella coronata (L.) DC.,Plantae,SPECIES
4346612,84628,"Anguillicola crassus Kuwahara, Niimi & Itagaki, 1974",Animalia,SPECIES
160884969,85528,"Meleagris gallopavo Linnaeus, 1758",Animalia,SPECIES
160884970,85684,"Oryctolagus cuniculus (Linnaeus, 1758)",Animalia,SPECIES
160884976,85501,Marrubium peregrinum L.,Plantae,SPECIES
160884979,85429,Leptosphaeria maculans Ces. & De Not.,Fungi,SPECIES
160884984,85341,"Hyphantria cunea (Drury, 1773)",Animalia,SPECIES
160884985,85552,"Microtritia tropica Märkel, 1964",Animalia,SPECIES
160884987,84815,Campylopus introflexus (Hedw.) Brid.,Plantae,SPECIES
160884989,84531,"Aeolosoma headleyi Beddard, 1888",Animalia,SPECIES
160884996,85273,"Graphocephala fennahi Young, 1977",Animalia,SPECIES
6935190,86221,"Menacanthus phasiani (Modrzejewska & Zlotorzycka, 1977)",Animalia,SPECIES
160885001,86219,Typha laxmannii Lepech.,Plantae,SPECIES
160885002,85819,Pistia stratiotes L.,Plantae,SPECIES
160885003,86220,Typha minima Funck,Plantae,SPECIES
160885004,85201,Exobasidium rhododendri (Fuckel) C.E.Cramer,Fungi,SPECIES
160885005,85818,Pinus strobus L.,Plantae,SPECIES
160885006,85202,Fagopyrum tataricum (L.) Gaertn.,Plantae,SPECIES
160885007,85893,"Pseudeurostus hilleri (Reitter, 1877)",Animalia,SPECIES
5347846,85821,Lathyrus oleraceus Lam.,Plantae,SPECIES
5347846,85820,Lathyrus oleraceus Lam.,Plantae,SPECIES
160885011,85871,"Potamothrix vejdovskyi (Hrabĕ, 1941)",Animalia,SPECIES
3141855,85810,Helminthotheca echioides (L) Holub,Plantae,SPECIES
3000723,85872,Sibbaldianthe bifurca (L.) Kurtto & T.Erikss.,Plantae,SPECIES
4485681,85811,"Parapiesma quadratum (Fieber, 1844)",Animalia,SPECIES
160885016,85812,"Pineus strobi (Hartig, 1839)",Animalia,SPECIES
1032839,85128,"Menacanthus stramineus (Nitzsch, 1818)",Animalia,SPECIES
160885018,85873,Potentilla conferta Bunge,Plantae,SPECIES
160885019,85906,"Psittacula krameri (Scopoli, 1769)",Animalia,SPECIES
160885020,85126,Entyloma dahliae Syd. & P.Syd.,Fungi,SPECIES
160885021,85874,Potentilla intermedia L.,Plantae,SPECIES
160885022,85397,"Lasioderma serricorne Fabricius, 1792",Animalia,SPECIES
160885024,85875,Potentilla pensylvanica L.,Plantae,SPECIES
160885027,85723,Parietaria lusitanica L.,Plantae,SPECIES
160885028,86174,"Tinocallis nevskyi Remaudière, Quednau & Heie, 1988",Animalia,SPECIES
160885029,85436,"Limnomysis benedeni Czerniavsky, 1882",Animalia,SPECIES
160885031,86175,"Tinocallis saltans (Nevsky, 1929)",Animalia,SPECIES
160885032,84756,"Branchiura sowerbyi Beddard, 1892",Animalia,SPECIES
160885033,84879,Chamaecyparis lawsoniana (A.Murray bis) Parl.,Plantae,SPECIES
160885037,85522,Melampyrum arvense L.,Plantae,SPECIES
5250069,86238,"Thecaphora oxalidis (Ellis & Tracy) M.Lutz, R.Bauer & Piątek",Fungi,SPECIES
160885044,85113,Elaeagnus angustifolia L.,Plantae,SPECIES
8699607,86237,Mycosarcoma maydis (DC.) Bref.,Fungi,SPECIES
7310757,84876,Asplenium ceterach subsp. ceterach,Plantae,SUBSPECIES
160885049,85919,Puccinia pelargonii-zonalis Doidge,Fungi,SPECIES
160885050,85046,"Dendrobaena veneta (Rosa, 1886)",Animalia,SPECIES
160885052,85920,Pulicaria dysenterica (L.) Bernh.,Plantae,SPECIES
160885054,85112,"Eisenia fetida (Savigny, 1826)",Animalia,SPECIES
160885055,84720,Azolla filiculoides Lam.,Plantae,SPECIES
4410738,84553,"Aporrectodea smaragdina (Rosa, 1892)",Animalia,SPECIES
160885057,85921,Pulmonaria rubra Schott,Plantae,SPECIES
160885060,85922,"Pulvinaria floccifera (Westwood, 1870)",Animalia,SPECIES
160885063,85923,"Pycnoscelus surinamensis (Linnaeus, 1758)",Animalia,SPECIES
160885069,85917,Puccinia malvacearum Bertero ex Mont.,Fungi,SPECIES
160885072,85007,Cumminsiella mirabilissima (Peck) Nannf.,Fungi,SPECIES
160885076,86222,Ulex europaeus L.,Plantae,SPECIES
160885078,84996,Cronartium ribicola J.C.Fisch.,Fungi,SPECIES
160885079,85224,Galeopsis angustifolia Ehrh. ex Hoffm.,Plantae,SPECIES
160885082,85223,Gagea minima (L.) Ker Gawl.,Plantae,SPECIES
160885083,85685,"Oryzaephilus mercator (Fauvel, 1889)",Animalia,SPECIES
160885090,85822,"Planococcus citri (Risso, 1813)",Animalia,SPECIES
160885091,85239,Gaudinia fragilis (L.) P.Beauv.,Plantae,SPECIES
160885092,85414,Leonurus cardiaca L.,Plantae,SPECIES
160885093,85686,"Oryzaephilus surinamensis (Linnaeus, 1758)",Animalia,SPECIES
160885095,85413,Lemna turionifera Landolt,Plantae,SPECIES
160885101,86252,Verbascum sinuatum L.,Plantae,SPECIES
160885102,85884,Prunus cerasus L.,Plantae,SPECIES
2524108,85067,Phallus indusiatus Vent.,Fungi,SPECIES
160885104,85121,Elsholtzia ciliata (Thunb.) Hyl.,Plantae,SPECIES
160885106,85567,"Mya arenaria Linnaeus, 1758",Animalia,SPECIES
160885107,85120,Elodea nuttallii (Planch.) H.St.John,Plantae,SPECIES
3047147,85595,Neslia paniculata subsp. thracica (Velen.) Bornm.,Plantae,SUBSPECIES
160885109,84934,Clathrus ruber P.Micheli ex Pers.,Fungi,SPECIES
160885113,84933,Clathrus archeri (Berk.) Dring,Fungi,SPECIES
160885114,85611,"Nyctibora sericea Burmeister, 1838",Animalia,SPECIES
2765942,85111,Pontederia crassipes Mart.,Plantae,SPECIES
160885121,84954,Commelina communis L.,Plantae,SPECIES
160885122,86130,Symphyotrichum lanceolatum (Willd.) G.L.Nesom,Plantae,SPECIES
160885123,85486,"Macrosiphoniella sanborni (Gillette, 1908)",Animalia,SPECIES
2763962,84953,Commelina tuberosa L.,Plantae,SPECIES
160885131,85664,Onopordum acanthium L.,Plantae,SPECIES
160885132,85308,"Hemiberlesia palmae (Cockerell, 1893)",Animalia,SPECIES
8339825,84744,Aureoboletus projectellus (Murrill) Halling,Fungi,SPECIES
160885137,86077,"Sitophilus zeamais Motschulsky & V.de, 1855",Animalia,SPECIES
160885138,85945,Reseda luteola L.,Plantae,SPECIES
160885140,84995,Crocus vernus (L.) Hill,Plantae,SPECIES
160885141,85944,Reseda inodora Rchb.,Plantae,SPECIES
160885144,85566,Mutinus ravenelii (Berk.) E.Fisch.,Fungi,SPECIES
160885145,85678,Orobanche hederae Duby,Plantae,SPECIES
160885148,84693,Asparagus acutifolius L.,Plantae,SPECIES
160885149,84538,Agrocybe putaminum (Maire) Singer,Fungi,SPECIES
160885150,85574,Myosotis arvensis (L.) Hill,Plantae,SPECIES
160885151,84694,Asparagus tenuifolius Lam.,Plantae,SPECIES
3193658,85618,"Biddulphia sinensis Greville, 1866",Chromista,SPECIES
160885157,84552,Allium rotundum L.,Plantae,SPECIES
160885159,84551,Allium ramosum L.,Plantae,SPECIES
160885161,84550,Allium paradoxum (M.Bieb.) G.Don,Plantae,SPECIES
160885163,85336,"Hydrotaea aenescens (Wiedemann, 1830)",Animalia,SPECIES
160885168,84842,"Castor canadensis Kuhl, 1820",Animalia,SPECIES
160885170,84519,Acorus calamus L.,Plantae,SPECIES
160885171,85607,"Nosopsyllus fasciatus (Bosc, 1800)",Animalia,SPECIES
1417300,85608,"Nosopsyllus londiniensis (Rothschild, 1903)",Animalia,SPECIES
160885177,86225,"Umbra pygmaea (DeKay, 1842)",Animalia,SPECIES
160885178,86131,Symphyotrichum novae-angliae (L.) G.L.Nesom,Plantae,SPECIES
160885179,86224,"Umbra krameri Walbaum, 1792",Animalia,SPECIES
160885183,85371,"Khawia sinensis Hsü, 1935",Animalia,SPECIES
160885184,85370,Juncus tenuis Willd.,Plantae,SPECIES
4262380,84874,"Cervus elaphus canadensis Erxleben, 1777",Animalia,SUBSPECIES
8344672,86028,Scorzonera cana (C.A.Mey.) O.Hoffm.,Plantae,SPECIES
160885188,85937,Raphanus sativus L.,Plantae,SPECIES
160885189,85030,Cyperus esculentus L.,Plantae,SPECIES
160885190,85041,"Dama dama (Linnaeus, 1758)",Animalia,SPECIES
160885191,85031,Cyperus houghtonii Torr.,Plantae,SPECIES
160885192,84875,"Cervus nippon Temminck, 1838",Animalia,SPECIES
160885193,84831,Carex vulpinoidea Michx.,Plantae,SPECIES
160885194,84830,Carex brizoides L.,Plantae,SPECIES
160885195,84817,"Capreolus pygargus (Pallas, 1771)",Animalia,SPECIES
160885199,86050,Sicyos angulatus L.,Plantae,SPECIES
160885200,85691,Oxalis dillenii Jacq.,Plantae,SPECIES
160885202,84740,"Bison bison (Linnaeus, 1758)",Animalia,SPECIES
160885203,85320,Hippocrepis comosa L.,Plantae,SPECIES
2702816,85100,Echinochloa muricata (P.Beauv.) Fernald,Plantae,SPECIES
160885210,84993,"Crocodylus niloticus Laurenti, 1768",Animalia,SPECIES
160885211,85774,"Phoenicopterus chilensis Molina, 1782",Animalia,SPECIES
160885212,86254,Verbena officinalis L.,Plantae,SPECIES
160885214,86186,"Tribolium confusum Jaquelin Du Val, 1868",Animalia,SPECIES
160885217,85770,Phleum arenarium L.,Plantae,SPECIES
8413591,84530,Aegilops speltoides subsp. ligustica (Savign.) Zhuk.,Plantae,SUBSPECIES
160885221,85929,Quercus rubra L.,Plantae,SPECIES
2703723,84785,Bromus catharticus Vahl,Plantae,SPECIES
160885224,85930,"Radopholus bridgei Siddiqi & Hahn, 1995",Animalia,SPECIES
4124881,84777,Bromus ×ferronii Mabille,Plantae,SPECIES
9052721,86295,"Xanthium strumarium Lour., 1790",Plantae,SPECIES
5427649,86296,"Xanthomonas arboricola Vauterin, Hoste, Kersters & Swings, 1995",Bacteria,SPECIES
160885230,86297,"Xenopsylla cheopis (Rothschild, 1903)",Animalia,SPECIES
160885232,86048,Setaria viridis (L.) P.Beauv.,Plantae,SPECIES
160885233,85585,"Nausibius clavicornis (Kugelann, 1794)",Animalia,SPECIES
160885234,86049,Sherardia arvensis L.,Plantae,SPECIES
160885235,86052,Silene conica L.,Plantae,SPECIES
160885237,86051,Sideritis montana L.,Plantae,SPECIES
160885239,86031,Scutellaria minor Huds.,Plantae,SPECIES
160885240,85990,Rubus armeniacus Focke,Plantae,SPECIES
160885241,85842,"Poecilia reticulata Peters, 1859",Animalia,SPECIES
160885242,85989,Rubus allegheniensis Porter,Plantae,SPECIES
160885243,85841,Podosphaera mors-uvae (Schwein.) U.Braun & S.Takam.,Fungi,SPECIES
160885244,86113,"Steatoda triangulosa (Walckenaer, 1802)",Animalia,SPECIES
160885245,86097,"Sphaerospermopsis aphanizomenoides (Forti) Zapomelová, Jezberová, Hrouzek, Hisem, Reháková & Komárková",Bacteria,SPECIES
8286501,85840,Scorzonera laciniata L.,Plantae,SPECIES
160885250,85352,"Illinoia azaleae (Mason, 1925)",Animalia,SPECIES
160885251,85775,"Phoenicopterus ruber Linnaeus, 1758",Animalia,SPECIES
160885252,85773,"Phoeniconaias minor (É.Geoffroy Saint-Hilaire, 1798)",Animalia,SPECIES
160885254,85766,Phedimus spurius (M.Bieb.) 't Hart,Plantae,SPECIES
160885255,85178,"Eucalymnatus tessellatus (Signoret, 1873)",Animalia,SPECIES
160885256,85765,"Phasianus colchicus Linnaeus, 1758",Animalia,SPECIES
160885257,85767,"Phelsuma laticauda (Boettger, 1880)",Animalia,SPECIES
160885259,85781,"Phthiracarus phoxos Niedbala, 2004",Animalia,SPECIES
5594382,85185,Tetradium daniellii (Benn.) T.G.Hartley,Plantae,SPECIES
160885261,85763,Phalaris paradoxa L.,Plantae,SPECIES
5678561,85764,Phalaris truncata Guss.,Plantae,SPECIES
160885264,85762,Phalaris minor Retz.,Plantae,SPECIES
160885267,85857,"Pontogammarus robustoides (Sars, 1894)",Animalia,SPECIES
160885268,85117,"Elaphostrongylus cervi Cameron, 1931",Animalia,SPECIES
160885269,85461,Lolium remotum Schrank,Plantae,SPECIES
160885270,85465,Lonicera ×bella Zabel,Plantae,SPECIES
160885271,85713,Papaver dubium L.,Plantae,SPECIES
160885272,85462,Lolium rigidum Gaudin,Plantae,SPECIES
160885273,85391,"Lamyctes emarginatus Newport, 1844",Animalia,SPECIES
160885274,85463,Lolium subulatum Vis.,Plantae,SPECIES
160885276,85464,Lolium temulentum L.,Plantae,SPECIES
160885277,84766,"Broadleysaurus major (Duméril, 1851)",Animalia,SPECIES
160885278,85530,Melilotus indicus (L.) All.,Plantae,SPECIES
160885279,85327,Hordeum marinum Huds.,Plantae,SPECIES
160885281,85326,Hordeum jubatum L.,Plantae,SPECIES
160885283,85329,Hordeum secalinum Schreb.,Plantae,SPECIES
160885284,86156,"Tetramorium caldarium (Roger, 1857)",Animalia,SPECIES
160885285,85328,Hordeum murinum L.,Plantae,SPECIES
160885286,86155,Tetragonia tetragonoides (Pall.) Kuntze,Plantae,SPECIES
160885287,85330,"Hucho hucho (Linnaeus, 1758)",Animalia,SPECIES
160885288,86158,"Tetramorium insolens (Smith, 1861)",Animalia,SPECIES
160885289,85210,"Frankliniella occidentalis (Pergande, 1895)",Animalia,SPECIES
160885290,86157,"Tetramorium immigrans Santschi, 1927",Animalia,SPECIES
160885291,85240,Genista anglica L.,Plantae,SPECIES
160885293,85265,Glycyrrhiza echinata L.,Plantae,SPECIES
2965531,85506,Medicago polymorpha L.,Plantae,SPECIES
160885295,85123,"Emberiza elegans Temminck, 1836",Animalia,SPECIES
160885298,86184,"Trialeurodes vaporariorum (Westwood, 1856)",Animalia,SPECIES
6313089,85099,Echinochloa crus-galli subsp. utilis (Ohwi & Yabuno) T.Koyama,Plantae,SUBSPECIES
160885300,86183,"Treptoplatypus solidus Bright & Skidmore, 2002",Animalia,SPECIES
160885301,85098,Echinochloa crus-galli (L.) P.Beauv.,Plantae,SPECIES
160885302,85895,"Pseudococcus longispinus (Targioni Tozzetti, 1867)",Animalia,SPECIES
160885303,85097,Echinochloa colonum (L.) Link,Plantae,SPECIES
160885304,85275,"Graptemys pseudogeographica (Gray, 1831)",Animalia,SPECIES
160885305,85147,"Eriosoma lanigerum (Hausmann, 1802)",Animalia,SPECIES
160885306,85276,"Gronops inaequalis Boheman, 1842",Animalia,SPECIES
3132457,85141,Erechtites hieraciifolius (L.) Raf. ex DC.,Plantae,SPECIES
160885309,85140,Eragrostis virescens J.Presl,Plantae,SPECIES
160885310,84884,"Chelydra serpentina (Linnaeus, 1758)",Animalia,SPECIES
160885311,85134,Eragrostis amurensis Prob.,Plantae,SPECIES
160885312,84529,Aegilops cylindrica Host,Plantae,SPECIES
160885314,84539,Agropyron cristatum (L.) Gaertn.,Plantae,SPECIES
160885315,84648,"Apalone ferox (Schneider, 1783)",Animalia,SPECIES
160885316,84555,Alopecurus myosuroides Huds.,Plantae,SPECIES
160885318,84556,Alopecurus utriculatus Banks & Sol.,Plantae,SPECIES
160885321,84649,Apera spica-venti (L.) P.Beauv.,Plantae,SPECIES
160885322,85739,"Perccottus glenii Dybowski, 1877",Animalia,SPECIES
160885323,84640,Anthoxanthum aristatum Boiss.,Plantae,SPECIES
160885325,84731,Beckmannia eruciformis (L.) Host,Plantae,SPECIES
160885326,84561,"Alytes obstetricans (Laurenti, 1768)",Animalia,SPECIES
160885327,84715,Avena barbata Pott ex Link,Plantae,SPECIES
160885328,84717,Avena fatua L.,Plantae,SPECIES
160885330,84716,Avena brevis Roth,Plantae,SPECIES
160885332,84719,Avena strigosa Schreb.,Plantae,SPECIES
160885334,84718,Avena sterilis L.,Plantae,SPECIES
160885335,85839,"Podarcis siculus hieroglyphicus (Berthold, 1840)",Animalia,SUBSPECIES
160885336,84754,Brachypodium distachyon (L.) P.Beauv.,Plantae,SPECIES
160885338,84776,Bromus madritensis L.,Plantae,SPECIES
160885340,84774,Bromus lanceolatus Roth,Plantae,SPECIES
2492482,85776,"Chaimarrornis leucocephalus (Vigors, 1831)",Animalia,SPECIES
160885342,84775,Bromus lepidus Holmb.,Plantae,SPECIES
160885343,85777,Phoenix dactylifera L.,Plantae,SPECIES
160885344,84772,Bromus intermedius Guss.,Plantae,SPECIES
160885345,84773,Bromus japonicus Houtt.,Plantae,SPECIES
160885346,85778,Pholiurus pannonicus (Host) Trin.,Plantae,SPECIES
160885347,84770,Bromus grossus Desf. ex DC.,Plantae,SPECIES
160885351,84768,Bromus briziformis Fisch. & C.A.Mey.,Plantae,SPECIES
160885352,85549,"Mesoplophora michaeliana Berlese, 1904",Animalia,SPECIES
160885353,84769,Bromus carinatus Hook. & Arn.,Plantae,SPECIES
160885355,84767,Bromus arvensis L.,Plantae,SPECIES
160885357,84765,Briza minor L.,Plantae,SPECIES
160885358,85867,"Potamothrix bavaricus (Oschmann, 1913)",Animalia,SPECIES
160885359,84779,Bromus rubens L.,Plantae,SPECIES
160885360,84778,Bromus rigidus Roth,Plantae,SPECIES
160885362,84781,Bromus secalinus L.,Plantae,SPECIES
160885364,84780,Bromus scoparius L.,Plantae,SPECIES
160885365,85278,"Gryllus bimaculatus De Geer, 1773",Animalia,SPECIES
160885366,84783,Bromus sterilis L.,Plantae,SPECIES
160885368,84782,Bromus squarrosus L.,Plantae,SPECIES
160885370,84784,Bromus tectorum L.,Plantae,SPECIES
160885371,84850,Cenchrus ciliaris L.,Plantae,SPECIES
160885372,85737,"Pemphigus borealis Tullgren, 1909",Animalia,SPECIES
160885374,84844,Catapodium rigidum (L.) C.E.Hubb.,Plantae,SPECIES
160885375,84915,Chloris virgata Sw.,Plantae,SPECIES
160885376,86172,"Thymallus baicalensis Dybowski, 1874",Animalia,SPECIES
160885377,85035,Dactyloctenium aegyptium (L.) Willd.,Plantae,SPECIES
160885378,85834,"Pleurosira laevis (Ehrenberg) Compère, 1982",Chromista,SPECIES
160885379,85074,Dinebra retroflexa (Vahl) Panz.,Plantae,SPECIES
160885380,85182,"Eudyptes moseleyi Mathews & Iredale, 1921",Animalia,SPECIES
160885381,85071,Digitaria sanguinalis (L.) Scop.,Plantae,SPECIES
2049732,85255,"Adelges cooleyi (Gillette, 1907)",Animalia,SPECIES
160885385,85028,Cynodon dactylon (L.) Pers.,Plantae,SPECIES
160885387,85029,Cynosurus echinatus L.,Plantae,SPECIES
160885388,85183,"Eugaster spinulosa (Johannson, 1763)",Animalia,SPECIES
160885389,85136,Eragrostis mexicana (Hornem.) Link,Plantae,SPECIES
160885391,85137,Eragrostis minor Host,Plantae,SPECIES
160885393,85138,Eragrostis multicaulis Steud.,Plantae,SPECIES
160885394,85091,"Dromaius novaehollandiae (Latham, 1790)",Animalia,SPECIES
160885395,85139,Eragrostis pilosa (L.) P.Beauv.,Plantae,SPECIES
160885397,85135,Eragrostis cilianensis (All.) Vignolo ex Janch.,Plantae,SPECIES
160885400,85836,"Pluvianus aegyptius (Linnaeus, 1758)",Animalia,SPECIES
160885402,85910,"Ptinus fur (Linnaeus, 1758)",Animalia,SPECIES
160885404,85909,"Pterygoplichthys gibbiceps (Kner, 1854)",Animalia,SPECIES
160885405,86192,"Trichopsocus clarus (Banks, 1908)",Animalia,SPECIES
8288647,85908,Pterocarya fraxinifolia (Poir.) Spach,Plantae,SPECIES
160885408,85859,Populus ×canadensis Moench,Plantae,SPECIES
160885409,85615,"Obolodiplosis robiniae (Haldeman, 1847)",Animalia,SPECIES
160885411,85540,"Menetus dilatatus (A.Gould, 1841)",Animalia,SPECIES
160885413,85016,"Cyanoliseus patagonus (Vieillot, 1818)",Animalia,SPECIES
160885414,86024,Scirpus georgianus R.M.Harper,Plantae,SPECIES
160885418,85971,Robinia viscosa Michx. ex Vent.,Plantae,SPECIES
160885419,86126,Suillus placidus (Bonord.) Singer,Fungi,SPECIES
160885421,85623,Oenothera ×acutifolia Rostanski,Plantae,SPECIES
160885422,86038,Senecio santiagoensis Kuntze,Plantae,SPECIES
160885423,85243,Geranium bohemicum L.,Plantae,SPECIES
160885424,85769,"Philonthus spinipes Sharp, 1874",Animalia,SPECIES
160885425,84952,"Columba livia J.F.Gmelin, 1789",Animalia,SPECIES
160885426,86039,Senecio vernalis Waldst. & Kit.,Plantae,SPECIES
160885430,86141,"Taeniopygia guttata (Vieillot, 1817)",Animalia,SPECIES
160885432,85768,"Philonthus rectangulus Sharp, 1874",Animalia,SPECIES
9823072,85692,Oxalis stricta L.,Plantae,SPECIES
160885434,85474,"Lucilla singleyana (Pilsbry, 1889)",Animalia,SPECIES
160885436,85529,Melica altissima L.,Plantae,SPECIES
160885437,85696,"Oxycarenus lavaterae (Fabricius, 1787)",Animalia,SPECIES
160885438,84920,"Chrysolophus pictus (Linnaeus, 1758)",Animalia,SPECIES
160885439,85694,Oxalis tetraphylla Cav.,Plantae,SPECIES
160885441,85693,Oxalis stricta L.,Plantae,SPECIES
160885444,85572,"Mymarothecium viatorum Boeger, Piasecki & Sobecka, 2002",Animalia,SPECIES
160885447,84927,"Ciconia abdimii Lichtenstein, 1823",Animalia,SPECIES
160885448,85731,"Parthenothrips dracaenae (Heeger, 1854)",Animalia,SPECIES
6431611,86292,Festuca geniculata (L.) Lag. & Rodr.,Plantae,SPECIES
4225554,86293,Xanthium orientale var. albinum (Widder) Adema & M.T.Jansen,Plantae,VARIETY
160885453,85718,"Paralongidorus maximus (Bütschli, 1874)",Animalia,SPECIES
160885454,85732,"Passerina cyanea (Linnaeus, 1766)",Animalia,SPECIES
160885456,85291,"Haplophthalmus montivagus Verhoeff, 1941",Animalia,SPECIES
160885458,85290,"Haliaeetus pelagicus (Pallas, 1811)",Animalia,SPECIES
2974887,86270,Vicia ervilia (L.) Willd.,Plantae,SPECIES
160885460,85283,Gypsophila perfoliata L.,Plantae,SPECIES
160885464,84845,"Cathartes aura (Linnaeus, 1758)",Animalia,SPECIES
2702740,86290,Festuca bromoides L.,Plantae,SPECIES
160885468,86247,Vallisneria spiralis L.,Plantae,SPECIES
160885470,86246,Valerianella rimosa Bastard,Plantae,SPECIES
160885471,84819,"Caracara plancus (J.F.Miller, 1777)",Animalia,SPECIES
160885472,86248,"Varroa destructor Anderson & Trueman, 2000",Animalia,SPECIES
160885474,86249,Ventenata dubia (Leers) Coss. & Durieu,Plantae,SPECIES
160885476,86250,Verbascum chaixii Vill.,Plantae,SPECIES
160885477,86251,Verbascum olympicum Boiss.,Plantae,SPECIES
160885479,86132,Symphyotrichum novi-belgii (L.) G.L.Nesom,Plantae,SPECIES
160885480,84621,"Anas zonorhyncha Swinhoe, 1866",Animalia,SPECIES
160885481,85472,"Lophodytes cucullatus (Linnaeus, 1758)",Animalia,SPECIES
160885482,86143,"Talitroides alluaudi (Chevreux, 1896)",Animalia,SPECIES
160885483,85466,Lonicera caprifolium L.,Plantae,SPECIES
160885484,86144,Tanacetum partheniifolium (Willd.) Sch.Bip.,Plantae,SPECIES
160885485,85467,Lonicera caucasica Pall.,Plantae,SPECIES
3022668,85703,Prunus virginiana L.,Plantae,SPECIES
160885487,85470,Lonicera morrowii A.Gray,Plantae,SPECIES
160885488,85600,"Nicoletia meinerti Silvestri, 1905",Animalia,SPECIES
160885489,85471,Lonicera tatarica L.,Plantae,SPECIES
160885490,85473,"Lophura nycthemera (Linnaeus, 1758)",Animalia,SPECIES
160885491,85468,Lonicera maackii (Rupr.) Maxim.,Plantae,SPECIES
160885492,85021,"Cygnus atratus (Latham, 1790)",Animalia,SPECIES
160885493,85469,Lonicera ×minutiflora Zabel,Plantae,SPECIES
160885494,85022,"Cygnus buccinator Richardson, 1831",Animalia,SPECIES
160885496,85023,"Cygnus melancoryphus (Molina, 1782)",Animalia,SPECIES
160885498,85047,"Dendrocygna arcuata (Horsfield, 1824)",Animalia,SPECIES
160885500,85048,"Dendrocygna bicolor (Vieillot, 1816)",Animalia,SPECIES
160885501,86288,Vitis vinifera L.,Plantae,SPECIES
160885502,84888,"Chenonetta jubata (Latham, 1801)",Animalia,SPECIES
2498161,84887,"Anser rossii Cassin, 1861",Animalia,SPECIES
160885504,86287,Vitis riparia Michx.,Plantae,SPECIES
2498163,84886,"Anser canagicus (Sevastianov, 1802)",Animalia,SPECIES
2049512,86286,"Daktulosphaira vitifoliae (Fitch, 1855)",Animalia,SPECIES
2498167,84885,"Anser caerulescens (Linnaeus, 1758)",Animalia,SPECIES
160885508,86289,Volutaria lippii (L.) Cass.,Plantae,SPECIES
160885509,84632,"Anser caerulescens (Linnaeus, 1758)",Animalia,SPECIES
160885511,84800,"Cairina moschata (Linnaeus, 1758)",Animalia,SPECIES
160885513,84790,"Bucephala albeola (Linnaeus, 1758)",Animalia,SPECIES
160885514,85866,"Potamopyrgus antipodarum (J.E.Gray, 1843)",Animalia,SPECIES
160885515,84791,"Bucephala islandica (J.F.Gmelin, 1789)",Animalia,SPECIES
160885517,84805,"Callonetta leucophrys (Vieillot, 1816)",Animalia,SPECIES
160885518,85864,Portulaca oleracea L.,Plantae,SPECIES
160885519,84757,"Branta canadensis (Linnaeus, 1758)",Animalia,SPECIES
160885520,86014,Salsola kali L.,Plantae,SPECIES
160885521,84758,"Branta hutchinsii (Richardson, 1832)",Animalia,SPECIES
160885522,86013,Salsola collina Pall.,Plantae,SPECIES
160885523,84633,"Anser indicus (Latham, 1790)",Animalia,SPECIES
3758349,86016,Soda inermis (Moench) Fourr.,Plantae,SPECIES
160885525,84614,"Anas bahamensis Linnaeus, 1758",Animalia,SPECIES
160885527,85865,Portulaca oleracea var. oleracea,Plantae,VARIETY
160885528,84615,"Anas castanea (Eyton, 1838)",Animalia,SPECIES
160885529,85863,"Porphyrio porphyrio (Linnaeus, 1758)",Animalia,SPECIES
9405036,84616,Spatula cyanoptera cyanoptera,Animalia,SUBSPECIES
160885531,85862,Populus trichocarpa Torr. & A.Gray ex Hook.,Plantae,SPECIES
9480191,84617,"Mareca falcata (Georgi, 1775)",Animalia,SPECIES
160885534,84618,"Anas flavirostris Vieillot, 1816",Animalia,SPECIES
160885535,85446,"Lipeurus maculosus Clay, 1938",Animalia,SPECIES
9235549,84619,"Sibirionetta formosa (Georgi, 1775)",Animalia,SPECIES
160885537,85445,Linum perenne L.,Plantae,SPECIES
9508460,84620,"Mareca sibilatrix (Poeppig, 1829)",Animalia,SPECIES
160885540,84557,"Alopochen aegyptiaca (Linnaeus, 1766)",Animalia,SPECIES
160885541,85547,"Mermessus trilobatus (Emerton, 1882)",Animalia,SPECIES
160885542,84544,"Aix sponsa (Linnaeus, 1758)",Animalia,SPECIES
160885543,85197,Euthamia graminifolia (L.) Nutt.,Plantae,SPECIES
160885544,84543,"Aix galericulata (Linnaeus, 1758)",Animalia,SPECIES
160885545,85196,Euphorbia taurinensis All.,Plantae,SPECIES
160885547,85195,Euphorbia seguieriana Neck.,Plantae,SPECIES
160885549,85194,Euphorbia peplus L.,Plantae,SPECIES
160885550,86046,Setaria pumila (Poir.) Roem. & Schult.,Plantae,SPECIES
160885551,85193,Euphorbia maculata L.,Plantae,SPECIES
160885552,86045,Setaria italica (L.) P.Beauv.,Plantae,SPECIES
160885554,85191,Euphorbia humifusa Willd.,Plantae,SPECIES
160885556,85188,Euphorbia exigua L.,Plantae,SPECIES
160885557,86145,Tanacetum parthenium (L.) Sch.Bip.,Plantae,SPECIES
160885558,85189,Euphorbia falcata L.,Plantae,SPECIES
160885560,85190,Euphorbia helioscopia L.,Plantae,SPECIES
5894230,85779,"Boeremia foveata (Foister) Aveskamp, Gruyter & Verkley",Fungi,SPECIES
160885565,85245,Geranium dissectum L.,Plantae,SPECIES
160885568,85735,"Pelomyia occidentalis Williston, 1893",Animalia,SPECIES
160885569,85249,Geranium pusillum L.,Plantae,SPECIES
160885571,85248,Geranium molle L.,Plantae,SPECIES
160885573,85247,Geranium lucidum L.,Plantae,SPECIES
160885575,85246,Geranium divaricatum Ehrh.,Plantae,SPECIES
160885576,84978,"Corvus splendens Vieillot, 1817",Animalia,SPECIES
160885577,85253,Geranium wilfordii Maxim.,Plantae,SPECIES
160885579,85252,Geranium sibiricum L.,Plantae,SPECIES
160885580,85251,Geranium rotundifolium L.,Plantae,SPECIES
160885581,84745,"Bombycilla japonica (Siebold, 1824)",Animalia,SPECIES
160885582,85250,Geranium pyrenaicum Burm.f.,Plantae,SPECIES
160885584,85254,"Geronticus eremita (Linnaeus, 1758)",Animalia,SPECIES
160885585,84520,"Acridotheres tristis (Linnaeus, 1766)",Animalia,SPECIES
160885590,85151,Erucastrum gallicum (Willd.) O.E.Schulz,Plantae,SPECIES
160885593,86229,Urocystis magica Pass.,Fungi,SPECIES
160885595,86230,"Uroleucon erigeronense (Thomas, 1878)",Animalia,SPECIES
160885596,85484,"Macrolophus melanotoma (A.Costa, 1853)",Animalia,SPECIES
3188924,85650,Oenothera biennis L.,Plantae,SPECIES
160885601,85809,Picea sitchensis (Bong.) Carrière,Plantae,SPECIES
160885604,85652,Oenothera ×wienii Renner ex Rostanski,Plantae,SPECIES
160885606,85653,Oenothera ×wratislaviensis Rostanski,Plantae,SPECIES
160885607,85634,Oenothera ×flaemingina Hudziok,Plantae,SPECIES
9657576,85654,"Golovinomyces chrysanthemi (Rabenh.) M.Bradshaw, U.Braun, Meeboon & S.Takam.",Fungi,SPECIES
160885613,85625,Oenothera ×albipercurva Renner ex Hudziok,Plantae,SPECIES
160885615,85624,Oenothera ×albipercurva Renner ex Hudziok,Plantae,SPECIES
160885616,85460,Lolium multiflorum Lam.,Plantae,SPECIES
160885617,85633,Oenothera ×fallax Renner,Plantae,SPECIES
8994150,85631,Oenothera parviflora L.,Plantae,SPECIES
8994150,85630,Oenothera parviflora L.,Plantae,SPECIES
160885622,86176,Torilis arvensis (Huds.) Link,Plantae,SPECIES
160885623,85629,Oenothera ×coronifera Renner,Plantae,SPECIES
6427623,85628,Oenothera villosa subsp. villosa,Plantae,SUBSPECIES
160885625,86021,Scandix pecten-veneris L.,Plantae,SPECIES
160885626,85627,Oenothera biennis L.,Plantae,SPECIES
160885627,86022,"Sceliphron curvatum (F.Smith, 1870)",Animalia,SPECIES
160885628,85626,Oenothera ×ammophila Focke,Plantae,SPECIES
160885629,85660,"Oncorhynchus mykiss (Walbaum, 1792)",Animalia,SPECIES
160885630,85640,Oenothera oakesiana (A.Gray) J.W.Robbins ex S.Watson,Plantae,SPECIES
160885631,85661,"Oncorhynchus tshawytscha (Walbaum, 1792)",Animalia,SPECIES
160885632,85641,Oenothera ×paradoxa Hudziok,Plantae,SPECIES
160885633,85662,"Ondatra zibethicus (Linnaeus, 1766)",Animalia,SPECIES
160885634,85638,Oenothera ×jueterbogensis Hudziok,Plantae,SPECIES
160885635,85663,Onobrychis viciifolia Scop.,Plantae,SPECIES
160885636,85639,Oenothera ×nuda Renner ex Rostanski,Plantae,SPECIES
160885637,85331,Humulus scandens (Lour.) Merr.,Plantae,SPECIES
160885638,85636,Oenothera ×hoelscheri Renner ex Rostanski,Plantae,SPECIES
160885639,84965,"Coregonus muksun (Pallas, 1814)",Animalia,SPECIES
160885640,85637,Oenothera ×issleri Renner ex Rostanski,Plantae,SPECIES
160885641,84966,"Coregonus peled (Gmelin, 1789)",Animalia,SPECIES
160885642,85635,Oenothera glazioviana Micheli,Plantae,SPECIES
8994150,85648,Oenothera parviflora L.,Plantae,SPECIES
160885646,85649,Oenothera ×tacikii Rostanski,Plantae,SPECIES
160885647,85742,"Perillus bioculatus (Fabricius, 1775)",Animalia,SPECIES
3188924,85646,Oenothera biennis L.,Plantae,SPECIES
160885649,85647,Oenothera suaveolens Desf. ex Pers.,Plantae,SPECIES
160885651,85644,Oenothera ×pseudochicaginensis Rostanski,Plantae,SPECIES
9746485,85551,Pseudomicrostroma juglandis (Bérenger) Kijporn. & Aime,Fungi,SPECIES
6427623,85632,Oenothera villosa subsp. villosa,Plantae,SUBSPECIES
160885654,85426,"Leptinotarsa decemlineata (Say, 1824)",Animalia,SPECIES
160885655,85645,Oenothera ×punctulata Rostanski & Gutte,Plantae,SPECIES
160885657,85642,Oenothera parviflora L.,Plantae,SPECIES
160885658,85676,Ornithogalum boucheanum (Kunth) Asch.,Plantae,SPECIES
3188884,85643,Oenothera oakesiana (A.Gray) J.W.Robbins ex S.Watson,Plantae,SPECIES
160885660,84701,"Astronotus ocellatus (Agassiz, 1831)",Animalia,SPECIES
2705400,85133,Eragrostis pilosa (L.) P.Beauv.,Plantae,SPECIES
160885665,85886,Prunus domestica subsp. domestica,Plantae,SUBSPECIES
160885666,84973,Cornus alba L.,Plantae,SPECIES
5218823,85593,"Mustela vison Schreber, 1777",Animalia,SPECIES
160885668,84974,Cornus sericea L.,Plantae,SPECIES
160885669,85592,"Neomyzus circumflexus (Buckton, 1876)",Animalia,SPECIES
160885671,84721,"Babka gymnotrachelus (Kessler, 1857)",Animalia,SPECIES
160885677,85350,"Idiopterus nephrelepidis Davis, 1909",Animalia,SPECIES
160885680,86169,"Thrips tabaci Lindeman, 1889",Animalia,SPECIES
160885681,85905,"Psittacula eupatria (Linnaeus, 1766)",Animalia,SPECIES
160885682,86054,Silene gallica L.,Plantae,SPECIES
160885683,85344,"Hypoponera punctatissima (Roger, 1859)",Animalia,SPECIES
160885684,85102,Echinocystis lobata (Michx.) Torr. & A.Gray,Plantae,SPECIES
160885685,85343,"Hypophthalmichthys nobilis (Richardson, 1845)",Animalia,SPECIES
160885686,85032,"Cyprinus carpio Linnaeus, 1758",Animalia,SPECIES
160885687,84931,Citrullus colocynthis (L.) Schrad.,Plantae,SPECIES
160885688,85006,"Ctenopharyngodon idella (Valenciennes, 1844)",Animalia,SPECIES
160885689,84788,Bryonia alba L.,Plantae,SPECIES
160885690,84822,"Carassius gibelio (Bloch, 1782)",Animalia,SPECIES
160885691,84789,Bryonia dioica Jacq.,Plantae,SPECIES
160885692,84821,"Carassius auratus (Linnaeus, 1758)",Animalia,SPECIES
160885694,84722,"Ballerus sapa (Pallas, 1814)",Animalia,SPECIES
160885699,86083,Solanum sisymbriifolium Lam.,Plantae,SPECIES
160885700,85913,Puccinia antirrhini Dietel & Holw.,Fungi,SPECIES
160885703,86082,Solanum nigrum L.,Plantae,SPECIES
160885704,85711,"Pantherophis guttatus (Linnaeus, 1766)",Animalia,SPECIES
160885707,84932,"Clarias gariepinus (Burchell, 1822)",Animalia,SPECIES
160885708,85790,"Physella acuta (Draparnaud, 1805)",Animalia,SPECIES
160885711,84591,"Ameiurus nebulosus (Lesueur, 1819)",Animalia,SPECIES
160885712,85791,Physocarpus opulifolius (L.) Maxim.,Plantae,SPECIES
160885713,84590,"Ameiurus melas (Rafinesque, 1820)",Animalia,SPECIES
160885714,86088,Solidago ×niederederi Khek,Plantae,SPECIES
160885716,86087,Solidago gigantea Aiton,Plantae,SPECIES
160885718,86089,Sonchus asper (L.) Hill,Plantae,SPECIES
160885719,85854,Polypogon monspeliensis (L.) Desf.,Plantae,SPECIES
160885720,86084,Solanum triflorum Nutt.,Plantae,SPECIES
160885721,86086,Solidago canadensis L.,Plantae,SPECIES
160885723,86085,Solanum villosum Mill.,Plantae,SPECIES
160885724,85333,"Hyalomma aegyptium Linnaeus, 1758",Animalia,SPECIES
160885725,85792,Phytolacca acinosa Roxb.,Plantae,SPECIES
160885726,84515,"Acipenser gueldenstaedtii Brandt & Ratzeburg, 1833",Animalia,SPECIES
160885727,85481,"Lyctus brunneus (Stephens, 1830)",Animalia,SPECIES
160885728,84516,"Acipenser ruthenus Linnaeus, 1758",Animalia,SPECIES
160885730,84514,"Acipenser baerii Brandt, 1869",Animalia,SPECIES
160885731,85339,Hyoscyamus niger L.,Plantae,SPECIES
160885733,85340,"Hypania invalida (Grube, 1860)",Animalia,SPECIES
160885735,85044,Datura stramonium L.,Plantae,SPECIES
2925944,85392,Hackelia deflexa (Wahlenb.) Opiz,Plantae,SPECIES
3610755,85008,Cuscuta tasmanica Engelm.,Plantae,SPECIES
2927492,85012,Cuscuta gronovii Willd. ex Schult.,Plantae,SPECIES
160885745,86125,"Suillia lurida (Meigen, 1830)",Animalia,SPECIES
160885746,85011,Cuscuta epithymum (L.) L.,Plantae,SPECIES
160885748,85311,Heracleum mantegazzianum Sommier & Levier,Plantae,SPECIES
160885749,85014,Cuscuta suaveolens Ser.,Plantae,SPECIES
160885751,85013,Cuscuta pentagona Engelm.,Plantae,SPECIES
160885753,85009,Cuscuta campestris Yunck.,Plantae,SPECIES
160885755,85010,Cuscuta epilinum Weihe,Plantae,SPECIES
160885756,85200,Exobasidium japonicum Shirai,Fungi,SPECIES
160885758,84807,Calystegia silvatica (Kit.) Griseb.,Plantae,SPECIES
160885759,84868,"Cercopagis pengoi (Ostroumov, 1891)",Animalia,SPECIES
160885764,86053,Silene dichotoma Ehrh.,Plantae,SPECIES
160885766,85992,Rubus laciniatus Willd.,Plantae,SPECIES
160885767,85722,"Parectopa robiniella Clemens, 1863",Animalia,SPECIES
160885768,85230,Galium parisiense L.,Plantae,SPECIES
160885769,85437,Linaria arvensis (L.) Desf.,Plantae,SPECIES
2914754,85231,Galium verrucosum Huds.,Plantae,SPECIES
160885771,85310,"Henia vesuviana Newport, 1845",Animalia,SPECIES
160885772,85233,Galium tricornutum Dandy,Plantae,SPECIES
160885774,85234,Galium verrucosum Huds.,Plantae,SPECIES
160885776,85235,"Gammarus roeselii Gervais, 1835",Animalia,SPECIES
160885777,85861,Populus nigra L.,Plantae,SPECIES
160885778,85232,Galium spurium L.,Plantae,SPECIES
160885780,84695,Asperula arvensis L.,Plantae,SPECIES
160885783,84691,Asclepias syriaca L.,Plantae,SPECIES
160885784,85835,"Plexippus paykulli (Audouin, 1826)",Animalia,SPECIES
160885787,86147,Telekia speciosa (Schreb.) Baumg.,Plantae,SPECIES
160885789,85674,"Oreochromis niloticus (Linnaeus, 1758)",Animalia,SPECIES
11920812,86282,Viola lutea subsp. calaminaria (DC.) Rothm.,Plantae,SUBSPECIES
3040233,85860,Populus alba L.,Plantae,SPECIES
160885794,86271,Vicia grandiflora Scop.,Plantae,SPECIES
160885795,85616,"Octodon degus (Molina, 1782)",Animalia,SPECIES
160885798,85242,"Geopelia cuneata (Latham, 1801)",Animalia,SPECIES
160885799,85535,"Meloidogyne arenaria (Neal, 1889) Chitwood, 1949",Animalia,SPECIES
160885802,86204,Trigonella caerulea (L.) Ser.,Plantae,SPECIES
160885804,86205,Trigonella foenum-graecum L.,Plantae,SPECIES
160885805,84878,"Chaetogammarus ischnus (Stebbing, 1899)",Animalia,SPECIES
160885806,86206,"Trimenopon hispidum (Burmeister, 1838)",Animalia,SPECIES
160885807,85236,"Gammarus tigrinus Sexton, 1939",Animalia,SPECIES
160885808,86207,Tripleurospermum inodorum (L.) Sch.-Bip,Plantae,SPECIES
160885809,86208,Tripolium pannonicum (Jacq.) Dobrocz.,Plantae,SPECIES
160885810,85237,"Gammarus varsoviensis Jazdzewski, 1975",Animalia,SPECIES
160885811,86209,"Trogoderma angustum (Solier, 1849)",Animalia,SPECIES
160885812,85238,Ganoderma pfeifferi Bres.,Fungi,SPECIES
160885813,86210,"Trogoderma granarium Everts, 1898",Animalia,SPECIES
4417132,85103,"Chaetogammarus trichiatus Martynov, 1932",Animalia,SPECIES
160885815,86201,Trifolium resupinatum L.,Plantae,SPECIES
160885816,85072,"Dikerogammarus haemobaphes (Eichwald, 1841)",Animalia,SPECIES
160885817,86202,Trifolium stellatum L.,Plantae,SPECIES
160885818,85073,"Dikerogammarus villosus (Sowinsky, 1894)",Animalia,SPECIES
160885819,86203,Trifolium tomentosum L.,Plantae,SPECIES
5354675,84880,Chamaecytisus elongatus (Waldst. & Kit.) Link,Plantae,SPECIES
160885823,84883,"Chelicorophium curvispinum (G.O.Sars, 1895)",Animalia,SPECIES
160885824,86274,Vicia narbonensis L.,Plantae,SPECIES
160885826,86275,Vicia pannonica Crantz,Plantae,SPECIES
160885828,86272,Vicia hirsuta (L.) Gray,Plantae,SPECIES
160885829,85956,Rhododendron ferrugineum L.,Plantae,SPECIES
160885830,86273,Vicia lutea L.,Plantae,SPECIES
160885832,86279,Vicia villosa Roth,Plantae,SPECIES
160885834,84598,Amorpha fruticosa L.,Plantae,SPECIES
160885835,85882,"Proterorhinus marmoratus (Pallas, 1814)",Animalia,SPECIES
160885836,84666,Arachis hypogaea L.,Plantae,SPECIES
160885837,85881,Prorocentrum cordatum (Ostenf.) J.D.Dodge,Chromista,SPECIES
160885838,84820,Caragana arborescens Lam.,Plantae,SPECIES
160885839,85675,"Orius laevigatus (Fieber, 1860)",Animalia,SPECIES
160885840,84975,Coronilla scorpioides (L.) W.D.J.Koch,Plantae,SPECIES
5632022,85083,Lotus dorycnium L.,Plantae,SPECIES
160885843,85706,"Panaphis juglandis (Goeze, 1778)",Animalia,SPECIES
7815140,85082,Lotus herbaceus (Vill.) Jauzein,Plantae,SPECIES
160885845,85707,"Panchlora exoleta Burmeister, 1838",Animalia,SPECIES
6097732,85267,"Gnatocerus cornutus (Fabricius, 1798)",Animalia,SPECIES
160885848,85266,Glycyrrhiza glabra L.,Plantae,SPECIES
5347702,85241,Genista sagittalis L.,Plantae,SPECIES
160885850,85704,"Palaemon elegans Rathke, 1837",Animalia,SPECIES
3050595,85321,Hirschfeldia incana (L.) Lagr.-Foss.,Plantae,SPECIES
160885853,85406,"Latrodectus geometricus C.L.Koch, 1841",Animalia,SPECIES
160885854,85591,"Neogobius melanostomus (Pallas, 1814)",Animalia,SPECIES
160885855,85405,Lathyrus tuberosus L.,Plantae,SPECIES
160885857,85404,Lathyrus sativus L.,Plantae,SPECIES
160885858,85146,Eriochloa villosa (Thunb.) Kunth,Plantae,SPECIES
160885859,85403,Lathyrus pannonicus (Jacq.) Garcke,Plantae,SPECIES
160885861,85402,Lathyrus ochrus (L.) DC.,Plantae,SPECIES
160885863,85401,Lathyrus nissolia L.,Plantae,SPECIES
160885865,84713,"Atyaephyra desmarestii (Millet, 1831)",Animalia,SPECIES
160885866,85534,"Melita nitida S.I.Smith, 1873",Animalia,SPECIES
160885869,85533,Melilotus wolgicus Poir.,Plantae,SPECIES
160885870,86199,Trifolium glomeratum L.,Plantae,SPECIES
3966270,85508,Medicago lessingii Fisch. & C.A.Mey. ex Kar.,Plantae,SPECIES
160885873,85511,Medicago rigidula (L.) All.,Plantae,SPECIES
160885874,85880,"Procyon lotor (Linnaeus, 1758)",Animalia,SPECIES
160885875,85510,Medicago praecox DC.,Plantae,SPECIES
160885877,85507,Medicago arabica (L.) Huds.,Plantae,SPECIES
9341614,85365,"Cupressatia siskiyou (Felt, 1917)",Animalia,SPECIES
160885879,85364,"Jaera sarsi Valkanov, 1936",Animalia,SPECIES
160885880,85513,Medicago scutellata (L.) Mill.,Plantae,SPECIES
160885881,85515,"Megabalanus coccopoma (Darwin, 1854)",Animalia,SPECIES
160885883,85509,Medicago polymorpha L.,Plantae,SPECIES
160885884,84675,"Armadillidium nasatum Budde-Lund, 1885",Animalia,SPECIES
160885885,85512,Medicago sativa L.,Plantae,SPECIES
160885887,85514,Medicago ×varia Martyn,Plantae,SPECIES
10773250,85531,Melilotus siculus (Turra) Steud.,Plantae,SPECIES
160885891,85532,Melilotus sulcatus Desf.,Plantae,SPECIES
160885892,86196,Trifolium alexandrinum L.,Plantae,SPECIES
160885893,85479,Lycium barbarum L.,Plantae,SPECIES
160885894,85292,"Harmonia axyridis (Pallas, 1773)",Animalia,SPECIES
9568373,85679,Orobanche lucorum A.Braun ex Koch,Plantae,SPECIES
160885896,85665,"Oonops domesticus Dalmas, 1916",Animalia,SPECIES
160885897,84626,"Androniscus dentiger Verhoeff, 1908",Animalia,SPECIES
160885898,85823,"Planorbella duryi (Wetherby, 1879)",Animalia,SPECIES
160885900,85824,Plantago afra L.,Plantae,SPECIES
160885902,85972,Rosa acicularis Lindl.,Plantae,SPECIES
160885904,85973,Rosa blanda Aiton,Plantae,SPECIES
160885905,85516,"Megaselia gregaria (Wood, 1910)",Animalia,SPECIES
160885906,85974,Rosa carolina L.,Plantae,SPECIES
160885907,84599,"Amphibalanus improvisus (Darwin, 1854)",Animalia,SPECIES
160885908,85975,Rosa davurica Pall.,Plantae,SPECIES
160885911,86280,"Victorella pavida Saville-Kent, 1870",Animalia,SPECIES
160885913,86281,Viola arvensis Murray,Plantae,SPECIES
11850816,86283,Viola lutea subsp. westfalica (A.A.H.Schulz) U.Hildebr. et al.,Plantae,SUBSPECIES
160885916,85024,"Cylindroiulus truncorum (Silvestri, 1896)",Animalia,SPECIES
160885917,86276,Vicia sativa L.,Plantae,SPECIES
160885919,86277,Vicia tenuissima (M.Bieb.) Schinz & Thell.,Plantae,SPECIES
160885921,86278,Vicia tetrasperma (L.) Schreb.,Plantae,SPECIES
160885922,84600,"Amphitomeus attemsi (Schubart, 1934)",Animalia,SPECIES
160885929,86253,Verbascum virgatum Stokes,Plantae,SPECIES
160885930,85701,"Oxyura jamaicensis (J.F.Gmelin, 1789)",Animalia,SPECIES
160885932,85960,"Rhopalomyia chrysanthemi (Ahlberg, 1939)",Animalia,SPECIES
160885934,85961,"Rhopalosiphoninus latysiphon (Davidson, 1912)",Animalia,SPECIES
160885935,85589,"Neocaridina davidi (Bouvier, 1904)",Animalia,SPECIES
160885937,85412,Lemna minuta Kunth,Plantae,SPECIES
160885938,85357,"Impatientinum asiaticum Nevsky, 1929",Animalia,SPECIES
160885940,85356,Impatiens parviflora DC.,Plantae,SPECIES
160885941,85670,"Opogona sacchari (Bojer, 1856)",Animalia,SPECIES
160885942,85355,Impatiens glandulifera Royle,Plantae,SPECIES
160885943,85671,"Orchamoplatus mammaeferus (Quaintance & Baker, 1917)",Animalia,SPECIES
160885947,85379,Lactuca perennis L.,Plantae,SPECIES
4005183,84611,Lysimachia tenella L.,Plantae,SPECIES
160885949,85066,"Dicranopalpus ramosus (Simon, 1909)",Animalia,SPECIES
9631539,84609,Lysimachia arvensis subsp. arvensis,Plantae,SUBSPECIES
160885954,85049,"Dermatophagoides evansi Fain, Hughes & Johnston, 1967",Animalia,SPECIES
8368021,84610,Lysimachia foemina (Mill.) U.Manns & Anderb.,Plantae,SPECIES
160885959,85483,Lythrum junceum Banks & Sol.,Plantae,SPECIES
160885961,85019,Cyclamen purpurascens Mill.,Plantae,SPECIES
8260577,84839,"Halacarellus hyrcanus (Viets, 1928)",Animalia,SPECIES
160885963,84627,Androsace elongata L.,Plantae,SPECIES
160885968,84955,Comptonia peregrina (L.) J.M.Coult.,Plantae,SPECIES
2184263,84661,"Amblyomma sphenodonti Dumbleton, 1943",Animalia,SPECIES
160885972,85932,"Rangia cuneata (G.B.Sowerby I, 1832)",Animalia,SPECIES
160885973,85955,"Rhodobium porosum (Sanderson, 1900)",Animalia,SPECIES
160885974,85933,"Rangifer tarandus (Linnaeus, 1758)",Animalia,SPECIES
160885975,85334,"Hyalopterus amygdali (Blanchard, 1840)",Animalia,SPECIES
160885976,84841,Castanea sativa Mill.,Plantae,SPECIES
160885977,84579,"Amblyomma exornatum Koch, 1844",Animalia,SPECIES
160885979,84585,"Amblyomma varanense Supino, 1897",Animalia,SPECIES
160885981,84584,"Amblyomma transversale Lucas, 1845",Animalia,SPECIES
160885982,84581,"Amblyomma latum Koch, 1844",Animalia,SPECIES
160885983,85912,"Ptinus tectus Boieldieu, 1856",Animalia,SPECIES
160885984,84580,"Amblyomma flavomaculatum Lucas, 1846",Animalia,SPECIES
160885985,85369,Juncus anthelatus (Wiegand) R.E.Brooks,Plantae,SPECIES
160885986,84583,"Amblyomma quadricavum Schulze, 1941",Animalia,SPECIES
160885987,85368,Juglans regia L.,Plantae,SPECIES
160885989,85367,Juglans nigra L.,Plantae,SPECIES
160885992,84837,Carya laciniosa (F.Michx.) Loudon,Plantae,SPECIES
160885994,84838,Carya ovata (Mill.) K.Koch,Plantae,SPECIES
160885995,85550,"Micropterus salmoides (Lacepède, 1802)",Animalia,SPECIES
2876469,84554,Alnus incana subsp. rugosa (Du Roi) R.T.Clausen,Plantae,SUBSPECIES
2194515,84711,"Hoplophorella vitrina (Berlese, 1913)",Animalia,SPECIES
160886003,85949,Rhinanthus alectorolophus (Scop.) Pollich,Plantae,SPECIES
160886005,85948,"Rhagoletis cingulata (Loew, 1862)",Animalia,SPECIES
160886006,85947,Reynoutria japonica Houtt.,Plantae,SPECIES
2194487,84709,"Hoplophorella hamata (Ewing, 1909)",Animalia,SPECIES
160886009,85784,"Phyllonorycter leucographella (Zeller, 1850)",Animalia,SPECIES
160886011,85322,"Hirschmanniella caudacrena Sher, 1968",Animalia,SPECIES
160886012,84710,"Atropacarus singularis Sellnick, 1959",Animalia,SPECIES
160886015,85161,Erysiphe alphitoides (Griffon & Maubl.) U.Braun & S.Takam.,Fungi,SPECIES
160886016,86170,Thuja occidentalis L.,Plantae,SPECIES
4450839,85553,"Migneauxia lederi Reitter, 1875",Animalia,SPECIES
2188657,84523,"Acrotritia curticephala (Jacot, 1938)",Animalia,SPECIES
3688630,84665,Catolobus pendulus (L.) Al-Shehbaz,Plantae,SPECIES
7903057,84764,Brassica rapa L.,Plantae,SPECIES
160886025,86228,"Urnatella gracilis Leidy, 1851",Animalia,SPECIES
5376627,84977,Lepidium coronopus (L.) Al-Shehbaz,Plantae,SPECIES
160886030,86037,Senecio inaequidens DC.,Plantae,SPECIES
5377060,84976,Lepidium didymum L.,Plantae,SPECIES
160886033,86066,Sisymbrium austriacum Jacq.,Plantae,SPECIES
160886034,86067,Sisymbrium irio L.,Plantae,SPECIES
160886035,85907,Ptelea trifoliata L.,Plantae,SPECIES
160886036,86171,Thuja plicata Donn ex D.Don,Plantae,SPECIES
3046744,86072,Sisymbrium volgense M.Bieb. ex E.Fourn.,Plantae,SPECIES
160886039,86073,Sisyrinchium bermudiana L.,Plantae,SPECIES
160886040,85667,Ophiostoma novo-ulmi Brasier,Fungi,SPECIES
2077652,86074,"Macrosiphum ptericolens Patch, 1919",Animalia,SPECIES
160886043,86075,"Sitophilus granarius (C.Linnaeus, 1758)",Animalia,SPECIES
160886045,85599,"Nicobium castaneum (Olivier, 1790)",Animalia,SPECIES
160886046,86069,Sisymbrium officinale (L.) Scop.,Plantae,SPECIES
160886047,86070,Sisymbrium orientale L.,Plantae,SPECIES
160886049,86071,Sisymbrium volgense M.Bieb. ex E.Fourn.,Plantae,SPECIES
160886050,85940,"Rattus norvegicus (Berkenhout, 1769)",Animalia,SPECIES
160886051,85689,"Ovis ammon (Linnaeus, 1758)",Animalia,SPECIES
160886052,85942,"Reesa vespulae (Milliron, 1939)",Animalia,SPECIES
160886053,85548,"Merops nubicus J.F.Gmelin, 1788",Animalia,SPECIES
160886054,85941,"Rattus rattus (Linnaeus, 1758)",Animalia,SPECIES
160886055,85943,Reseda alba L.,Plantae,SPECIES
2622090,85569,Lecanosticta acicola (Thüm.) Syd.,Fungi,SPECIES
160886058,85838,"Podarcis muralis (Laurenti, 1768)",Animalia,SPECIES
160886059,85598,"Netta peposaca (Vieillot, 1816)",Animalia,SPECIES
160886060,85896,"Pseudococcus maritimus (Ehrhorn, 1900)",Animalia,SPECIES
160886061,85597,"Nesticella mogera (Yaginuma, 1972)",Animalia,SPECIES
160886062,85476,Lunularia cruciata (L.) Dumort. ex Lindb.,Plantae,SPECIES
160886063,85294,"Hawaiia minuscula (A.Binney, 1841)",Animalia,SPECIES
160886064,85491,Malus domestica (Suckow) Borkh.,Plantae,SPECIES
160886065,85349,"Ictiobus niger (Rafinesque, 1819)",Animalia,SPECIES
160886066,85361,"Ischnura senegalensis (Rambur, 1842)",Animalia,SPECIES
160886067,85419,Lepidium latifolium L.,Plantae,SPECIES
160886069,85418,Lepidium heterophyllum Benth.,Plantae,SPECIES
160886070,86167,Thlaspi arvense L.,Plantae,SPECIES
5376961,84823,Lepidium draba L.,Plantae,SPECIES
3045113,84560,Odontarrhena argentea (All.) Ledeb.,Plantae,SPECIES
160886074,84677,"Armoracia rusticana P.Gaertn., B.Mey. & Scherb.",Plantae,SPECIES
4550742,84508,"Parasteatoda tabulata (Levi, 1980)",Animalia,SPECIES
160886076,84724,Barbarea intermedia Boreau,Plantae,SPECIES
160886077,84725,Barbarea verna (Mill.) Asch.,Plantae,SPECIES
2157402,84509,"Parasteatoda tepidariorum (C.L.Koch, 1841)",Animalia,SPECIES
160886081,84763,Brassica rapa subsp. rapa,Plantae,SUBSPECIES
160886082,86117,"Stenostomum pseudoacetabulum Nuttycombe & Waters, 1935",Animalia,SPECIES
160886083,84762,Brassica oleracea L.,Plantae,SPECIES
2088123,85375,"Kuwanaspis pseudoleucaspis (Kuwana, 1923)",Animalia,SPECIES
160886085,84761,Brassica nigra (L.) W.D.J.Koch,Plantae,SPECIES
160886086,85407,"Latrodectus mactans (Fabricius, 1775)",Animalia,SPECIES
160886087,84760,Brassica juncea (L.) Czern.,Plantae,SPECIES
160886088,85408,Legousia hybrida (L.) Delarbre,Plantae,SPECIES
160886089,84759,Brassica elongata Ehrh.,Plantae,SPECIES
160886091,84811,Camelina rumelica Velen.,Plantae,SPECIES
160886093,84810,Camelina microcarpa subsp. microcarpa,Plantae,SUBSPECIES
160886094,84809,Camelina microcarpa Andrz. ex DC.,Plantae,SPECIES
160886095,86153,"Testudo horsfieldii Gray, 1844",Animalia,SPECIES
160886096,84808,Camelina alyssum (Mill.) Thell.,Plantae,SPECIES
160886098,84812,Camelina sativa (L.) Crantz,Plantae,SPECIES
160886099,85855,Polypogon viridis (Gouan) Breistr.,Plantae,SPECIES
160886100,84818,Capsella bursa-pastoris (L.) Medik.,Plantae,SPECIES
160886102,84794,Bunias orientalis L.,Plantae,SPECIES
160886103,84947,Cochlearia danica L.,Plantae,SPECIES
160886104,86164,"Thermobia domestica (Packard, 1837)",Animalia,SPECIES
160886105,84948,Cochlearia officinalis L.,Plantae,SPECIES
5531435,85712,"Roemeria argemone (L.) C.Morales, R.Mend. & Romero García",Plantae,SPECIES
160886107,84916,Chorispora tenella (Pall.) DC.,Plantae,SPECIES
160886108,85130,"Ephestia elutella (Hübner, 1796)",Animalia,SPECIES
160886109,84957,Conringia orientalis (L.) Dumort.,Plantae,SPECIES
160886111,84950,Coincya monensis (L.) Greuter & Burdet,Plantae,SPECIES
160886112,85058,Descurainia sophia (L.) Webb ex Prantl,Plantae,SPECIES
160886113,85785,"Phyllonorycter platani (Staudinger, 1870)",Animalia,SPECIES
160886114,85078,Diplotaxis tenuifolia (L.) DC.,Plantae,SPECIES
160886115,84847,"Cecidophyopsis hendersoni (Keifer, 1954)",Animalia,SPECIES
160886116,85077,Diplotaxis muralis (L.) DC.,Plantae,SPECIES
160886117,84524,"Aculus atlantazaleae (Keifer, 1940)",Animalia,SPECIES
160886118,85076,Diplotaxis erucoides (L.) DC.,Plantae,SPECIES
160886119,84502,"Acalitus essigi (Hassan, 1928)",Animalia,SPECIES
160886120,85152,Erucastrum nasturtiifolium (Poir.) O.E.Schulz,Plantae,SPECIES
160886121,85156,Erysimum crepidifolium Rchb.,Plantae,SPECIES
160886123,85153,"Erwinia amylovora (Burrill, 1882) Winslow et al., 1920",Bacteria,SPECIES
160886125,85159,Erysimum repandum L.,Plantae,SPECIES
3048474,85160,Erysimum hungaricum Zapal.,Plantae,SPECIES
160886128,84726,"Basanistes huchonis (Schrank, 1786)",Animalia,SPECIES
160886129,85157,Erysimum diffusum Ehrh.,Plantae,SPECIES
160886130,85158,Erysimum marschallianum Andrz. ex M.Bieb.,Plantae,SPECIES
5375971,85085,Drabella muralis (L.) Fourr.,Plantae,SPECIES
160886134,85180,"Eudiplozoon nipponicum (Goto, 1891) Khotenovsky, 1984",Animalia,SPECIES
160886135,84504,"Acartia tonsa Dana, 1849",Animalia,SPECIES
7565783,85318,"Hieracium amplexicaule M.Bieb., 1808",Plantae,SPECIES
160886138,85420,Lepidium perfoliatum L.,Plantae,SPECIES
160886139,85421,Lepidium ruderale L.,Plantae,SPECIES
160886141,85422,Lepidium virginicum L.,Plantae,SPECIES
160886143,85423,"Lepidosaphes tokionis (Kuwana, 1902)",Animalia,SPECIES
160886144,85602,"Nipaecoccus nipae (Maskell, 1893)",Animalia,SPECIES
160886145,85416,Lepidium densiflorum Schrad.,Plantae,SPECIES
160886146,85417,Lepidium draba L.,Plantae,SPECIES
160886149,86168,"Threskiornis aethiopicus (Latham, 1790)",Animalia,SPECIES
160886151,85425,"Lepomis gibbosus (Linnaeus, 1758)",Animalia,SPECIES
160886154,86047,Setaria verticillata (L.) P.Beauv.,Plantae,SPECIES
160886156,86223,"Uloborus plumipes Lucas, 1846",Animalia,SPECIES
160886157,86173,Thymelaea passerina (L.) Coss. & Germ.,Plantae,SPECIES
160886158,86180,"Trachemys scripta troostii (Holbrook, 1836)",Animalia,SUBSPECIES
7993840,86029,"Scorzonera laciniata Jacq., 1776",Plantae,SPECIES
160886160,86181,Tragopogon porrifolius L.,Plantae,SPECIES
160886162,86146,"Tandonia budapestensis (Hazay, 1880)",Animalia,SPECIES
160886163,86119,"Stephanitis takeyai Drake & Maa, 1955",Animalia,SPECIES
5371753,84597,Visnaga daucoides Gaertn.,Plantae,SPECIES
160886165,86025,"Scirtothrips longipennis (Bagnall, 1909)",Animalia,SPECIES
160886166,85734,"Pelecanus rufescens Gmelin, 1789",Animalia,SPECIES
160886168,85304,Heliotropium europaeum L.,Plantae,SPECIES
160886169,85576,"Mytilopsis leucophaeata (Conrad, 1831)",Animalia,SPECIES
160886170,85314,Herniaria hirsuta L.,Plantae,SPECIES
160886171,85312,Heracleum sosnowskyi Manden.,Plantae,SPECIES
160886172,85211,Fraxinus angustifolia Vahl,Plantae,SPECIES
160886173,85313,"Hercinothrips femoralis (Reuter, 1891)",Animalia,SPECIES
160886174,85106,"Echinothrips americanus Morgan, 1913",Animalia,SPECIES
160886175,85045,Daucus aureus Desf.,Plantae,SPECIES
160886177,84956,Conium maculatum L.,Plantae,SPECIES
160886178,84877,Chaerophyllum aureum L.,Plantae,SPECIES
160886180,84846,Caucalis platycarpos L.,Plantae,SPECIES
3141890,85362,Cyclachaena xanthiifolia (Nutt.) Fresen.,Plantae,SPECIES
160886182,84796,Bupleurum rotundifolium L.,Plantae,SPECIES
160886184,84795,Bunium bulbocastanum L.,Plantae,SPECIES
160886185,84994,"Crocothemis servilia (Drury, 1773)",Animalia,SPECIES
160886186,84739,Bifora radians M.Bieb.,Plantae,SPECIES
160886187,84645,Anthriscus cerefolium (L.) Hoffm.,Plantae,SPECIES
160886189,84644,Anthriscus caucalis M.Bieb.,Plantae,SPECIES
160886191,84596,Ammi majus L.,Plantae,SPECIES
160886192,86302,"Zabrotes subfasciatus (Bohemann, 1833)",Animalia,SPECIES
160886193,84534,Aethusa cynapium L.,Plantae,SPECIES
8139851,84535,Aethusa cynapium var. agrestis Wallr.,Plantae,VARIETY
160886196,85609,"Nyctereutes procyonoides (Gray, 1834)",Animalia,SPECIES
160886199,85610,"Nyctibora brunnea (Thunberg, 1826)",Animalia,SPECIES
160886200,86259,Veronica gentianoides Vahl,Plantae,SPECIES
160886201,84867,"Ceratophyllus columbae (Gervais, 1844)",Animalia,SPECIES
160886206,86198,Trifolium echinatum M.Bieb.,Plantae,SPECIES
8889878,85683,"Elaphe taeniura (Cope, 1861)",Animalia,SPECIES
160886208,86197,Trifolium angustifolium L.,Plantae,SPECIES
160886209,85953,"Rhizoecus americanus (Hambleton, 1946)",Animalia,SPECIES
160886211,85954,"Rhizoecus cacticans (Hambleton, 1946)",Animalia,SPECIES
160886212,86211,"Trogoderma inclusum LeConte, 1854",Animalia,SPECIES
3728894,85681,Phelipanche ramosa (L.) Pomel,Plantae,SPECIES
160886215,85682,Orthodontium lineare Schwägr.,Plantae,SPECIES
160886216,85680,Orobanche minor Sm.,Plantae,SPECIES
160886217,85856,"Polytelis anthopeplus (Lear, 1831)",Animalia,SPECIES
160886218,85622,Oenothera ×acerviphila Rostanski,Plantae,SPECIES
160886220,85621,"Oena capensis (Linnaeus, 1766)",Animalia,SPECIES
160886221,85452,"Liposcelis rufa Broadhead, 1950",Animalia,SPECIES
5586736,85524,Silene latifolia subsp. alba (Mill.) Greuter & Burdet,Plantae,SUBSPECIES
160886223,85523,Melampyrum barbatum Waldst. & Kit. ex Willd.,Plantae,SPECIES
160886224,85453,"Liriomyza bryoniae (Kaltenbach, 1858)",Animalia,SPECIES
160886226,85449,"Liposcelis brunnea Motschulsky, 1852",Animalia,SPECIES
160886228,85450,"Liposcelis corrodens (Heymons, 1909)",Animalia,SPECIES
7346090,85555,Erythranthe moschata (Douglas ex Lindl.) G.L.Nesom,Plantae,SPECIES
160886230,85451,"Liposcelis decolor (Pearman, 1925)",Animalia,SPECIES
160886233,85556,Misopates orontium (L.) Raf.,Plantae,SPECIES
160886236,86120,"Stictocephala bisonia Kopp & Yonke, 1977",Animalia,SPECIES
160886237,85338,Hyoscyamus albus L.,Plantae,SPECIES
9647688,86140,"Radjah radjah (Garnot & R.Lesson, 1828)",Animalia,SPECIES
160886242,85433,"Limacus flavus (Linnaeus, 1758)",Animalia,SPECIES
160886243,85385,Lamium album L.,Plantae,SPECIES
160886244,85212,Fraxinus pennsylvanica Marshall,Plantae,SPECIES
160886246,85213,Fucus evanescens C.Agardh,Chromista,SPECIES
160886247,85271,"Gracilia minuta (Fabricius, 1781)",Animalia,SPECIES
160886249,85269,"Goniocotes gallinae (de Geer, 1778)",Animalia,SPECIES
160886251,85270,"Goniodes pavonis (Linnaeus, 1758)",Animalia,SPECIES
160886252,85831,"Platalea alba Scopoli, 1786",Animalia,SPECIES
160886254,86263,Veronica polita Fr.,Plantae,SPECIES
160886255,85289,"Haliaeetus leucocephalus (Linnaeus, 1766)",Animalia,SPECIES
160886256,86264,Veronica triphyllos L.,Plantae,SPECIES
160886258,86261,Veronica peregrina L.,Plantae,SPECIES
160886260,86262,Veronica persica Poir.,Plantae,SPECIES
160886261,85110,"Ectopsocus briggsi McLachlan, 1899",Animalia,SPECIES
160886262,86267,Vicia articulata Hornem.,Plantae,SPECIES
160886263,86268,Vicia benghalensis L.,Plantae,SPECIES
160886265,86265,Viburnum lantana L.,Plantae,SPECIES
160886266,85084,"Dorypteryx domestica (Smithers, 1958)",Animalia,SPECIES
2975014,86266,Vicia sativa L.,Plantae,SPECIES
160886269,86269,Vicia bithynica (L.) L.,Plantae,SPECIES
160886271,85827,Plantago patagonica Jacq.,Plantae,SPECIES
7865211,86226,"Heliospora longissima (von Sieboldon Kölliker, 1848)",Chromista,SPECIES
3204090,85829,Plasmopara halstedii (Farl.) Berl. & De Toni,Chromista,SPECIES
4155529,85828,Plantago strictissima L.,Plantae,SPECIES
160886276,85830,Plasmopara viticola (Berk. & M.A.Curtis) Berl. & De Toni,Chromista,SPECIES
160886277,85129,"Eotetranychus lewisi (McGregor, 1943)",Animalia,SPECIES
160886278,85557,"Mnemiopsis leidyi A.Agassiz, 1865",Animalia,SPECIES
2927208,85542,Mentha aquatica L.,Plantae,SPECIES
160886280,85374,"Kochiura aulica (C.L.Koch, 1838)",Animalia,SPECIES
160886281,85324,"Hoplocampa testudinea (Klug, 1816)",Animalia,SPECIES
160886282,85373,Kickxia spuria (L.) Dumort.,Plantae,SPECIES
160886284,85440,Linaria repens (L.) Mill.,Plantae,SPECIES
160886285,84871,"Cerobasis annulata (Hagen, 1865)",Animalia,SPECIES
160886286,85439,Linaria genistifolia (L.) Mill.,Plantae,SPECIES
5415017,85442,Linaria spartea (L.) Chaz.,Plantae,SPECIES
160886290,85441,Linaria saxatilis (L.) Chaz.,Plantae,SPECIES
160886291,86194,"Trichorhina tomentosa (Budde-Lund, 1893)",Animalia,SPECIES
160886292,85438,Linaria chalepensis (L.) Mill.,Plantae,SPECIES
160886293,84751,"Bovicola ovis (Schrank, 1781)",Animalia,SPECIES
160886294,85443,"Linepithema humile (Mayr, 1868)",Animalia,SPECIES
160886295,84750,"Bovicola caprae (Gurlt, 1843)",Animalia,SPECIES
160886296,85026,"Cymbalaria muralis G.Gaertn., B.Mey. & Scherb.",Plantae,SPECIES
160886298,85069,Digitalis purpurea L.,Plantae,SPECIES
160886300,85068,Digitalis ferruginea L.,Plantae,SPECIES
2086988,85927,"Diaspidiotus perniciosus (Comstock, 1881)",Animalia,SPECIES
160886303,85710,"Panonychus citri (McGregor, 1916)",Animalia,SPECIES
160886304,84843,Catalpa bignonioides Walter,Plantae,SPECIES
160886305,85709,"Pangasianodon hypophthalmus (Sauvage, 1878)",Animalia,SPECIES
160886308,86258,Veronica filiformis Sm.,Plantae,SPECIES
1325547,85612,"Paratrechina jaegerskioeldi (Mayr, 1904)",Animalia,SPECIES
160886310,86255,Verbesina encelioides (Cav.) Benth. & Hook.fil. ex A.Gray,Plantae,SPECIES
160886311,85613,"Nymphicus hollandicus (Kerr, 1792)",Animalia,SPECIES
160886312,86256,Veronica agrestis L.,Plantae,SPECIES
160886313,85109,"Ectobius duskei Adelung, 1906",Animalia,SPECIES
160886314,86257,Veronica arvensis L.,Plantae,SPECIES
160886315,84742,"Blattella germanica (Linnaeus, 1767)",Animalia,SPECIES
160886316,84792,Buddleja davidii Franch.,Plantae,SPECIES
160886319,85748,Peronospora destructor (Berk.) Casp. ex Berk.,Chromista,SPECIES
160886321,85747,Peronospora arthurii Farl.,Chromista,SPECIES
8974899,85543,Mentha ×rotundifolia (L.) Huds.,Plantae,SPECIES
160886323,84741,"Blatta orientalis Linnaeus, 1758",Animalia,SPECIES
160886324,86165,Thladiantha dubia Bunge,Plantae,SPECIES
7096204,84801,Clinopodium menthifolium subsp. menthifolium,Plantae,SUBSPECIES
160886329,86152,"Testudo hermanni Gmelin, 1789",Animalia,SPECIES
11162940,86035,Phedimus spurius subsp. spurius,Plantae,SUBSPECIES
160886333,86129,Symphyotrichum ciliatum (Ledeb.) G.L.Nesom,Plantae,SPECIES
160886334,86034,Sedum album L.,Plantae,SPECIES
160886336,86023,"Schizaphis rotundiventris (Signoret, 1860)",Animalia,SPECIES
160886337,85738,"Pentarthrum huttoni T.V.Wollaston, 1854",Animalia,SPECIES
160886338,86115,"Stenchaetothrips biformis (Bagnall, 1913)",Animalia,SPECIES
160886340,86114,"Stegobium paniceum (Linnaeus, 1758)",Animalia,SPECIES
160886341,85454,"Liriomyza huidobrensis (Blanchard, 1926)",Animalia,SPECIES
160886342,85596,Neslia paniculata (L.) Desv.,Plantae,SPECIES
160886343,85502,Marrubium vulgare L.,Plantae,SPECIES
160886344,85455,"Liriomyza trifolii (Burgess, 1880)",Animalia,SPECIES
160886345,85503,Matricaria chamomilla L.,Plantae,SPECIES
160886346,85456,"Litargus balteatus LeConte, 1856",Animalia,SPECIES
160886347,85546,Mercurialis annua L.,Plantae,SPECIES
160886349,85545,Mentha spicata L.,Plantae,SPECIES
160886350,85448,"Liposcelis bostrychophila Badonnel, 1931",Animalia,SPECIES
160886351,85544,Mentha ×rotundifolia (L.) Huds.,Plantae,SPECIES
160886353,85386,Lamium amplexicaule L.,Plantae,SPECIES
160886354,85337,Hygrophila polysperma (Roxb.) T.Anderson,Plantae,SPECIES
4273231,85387,Lamium purpureum var. incisum (Willd.) Pers.,Plantae,VARIETY
160886357,85390,"Lampropeltis triangulum (Lacépède, 1789)",Animalia,SPECIES
160886358,85518,"Megaselia tamilnaduensis Disney, 1995",Animalia,SPECIES
160886359,85389,Lamium purpureum L.,Plantae,SPECIES
160886360,85519,"Megastigmus atedius Walker, 1851",Animalia,SPECIES
7483962,85388,Lamium purpureum var. moluccellifolium Schumach.,Plantae,VARIETY
160886362,85517,"Megaselia scalaris (Loew, 1866)",Animalia,SPECIES
160886363,85415,Lepidium campestre (L.) W.T.Aiton,Plantae,SPECIES
160886364,85081,"Dohrniphora cornuta (Bigot, 1857)",Animalia,SPECIES
160886365,85348,"Icius hamatus (C.L.Koch, 1846)",Animalia,SPECIES
160886368,85964,"Rhopalosiphum rufiabdominale (Sasaki, 1899)",Animalia,SPECIES
160886369,85226,Galeopsis segetum Neck.,Plantae,SPECIES
160886370,85563,"Monomorium pharaonis (Linnaeus, 1758)",Animalia,SPECIES
160886371,85227,Galinsoga parviflora Cav.,Plantae,SPECIES
160886373,85122,Elymus canadensis L.,Plantae,SPECIES
160886374,85366,Juglans cinerea L.,Plantae,SPECIES
160886375,85088,Dracocephalum thymiflorum L.,Plantae,SPECIES
160886376,85042,"Dasineura gleditchiae (Osten Sacken, 1866)",Animalia,SPECIES
160886377,85086,Dracocephalum moldavicum C.Morren,Plantae,SPECIES
160886378,84960,"Contarinia quinquenotata (Löw, 1888)",Animalia,SPECIES
160886379,85087,Dracocephalum parviflorum Nutt.,Plantae,SPECIES
160886381,84723,Ballota nigra L.,Plantae,SPECIES
160886382,84923,"Chymomyza amoena (Loew, 1862)",Animalia,SPECIES
160886385,84537,Agastache urticifolia (Benth.) Kuntze,Plantae,SPECIES
160886386,85952,"Rhithropanopeus harrisii (Gould, 1841)",Animalia,SPECIES
160886387,84536,Agastache rugosa (Fisch. & C.A.Mey.) Kuntze,Plantae,SPECIES
160886388,84865,"Ceratitis capitata (Wiedemann, 1824)",Animalia,SPECIES
160886389,84545,Ajuga chamaepitys (L.) Schreb.,Plantae,SPECIES
1488614,84755,"Bradysia impatiens (Johannsen, 1912)",Animalia,SPECIES
160886395,86239,Ustilago trichophora (Link) Kunze,Fungi,SPECIES
160886397,86241,Valerianella carinata Loisel.,Plantae,SPECIES
8091998,86240,Gypsophila vaccaria (L.) Sm.,Plantae,SPECIES
160886400,86026,Scleranthus annuus L.,Plantae,SPECIES
160886401,85728,Parthenocissus inserta (A.Kern.) Fritsch,Plantae,SPECIES
160886403,85726,"Parlatoria proteus (Curtis, 1843)",Animalia,SPECIES
160886404,85521,Melampsoridium hiratsukanum S.Ito ex Hirats.f.,Fungi,SPECIES
160886405,85727,Parthenium hysterophorus L.,Plantae,SPECIES
160886406,85520,"Megastigmus spermotrophus Wachtl, 1893",Animalia,SPECIES
160886409,85565,"Mus musculus Linnaeus, 1758",Animalia,SPECIES
160886410,86162,"Thaparocleidus caecus (Mizelle & Kritsky, 1969) Lim, 1996",Animalia,SPECIES
160886412,86161,Teucrium scorodonia L.,Plantae,SPECIES
160886413,85114,Elaeagnus commutata Bernh. ex Rydb.,Plantae,SPECIES
160886414,86160,"Tetranychus urticae Koch, 1836",Animalia,SPECIES
2458374,85116,"Zamenis situla (Linnaeus, 1758)",Animalia,SPECIES
160886416,85564,Morus alba L.,Plantae,SPECIES
8214730,85115,Elaeagnus pungens Thunb. ex A.Murray,Plantae,SPECIES
160886418,85614,"Obesogammarus crassus (G.O.Sars, 1894)",Animalia,SPECIES
160886420,85399,"Latheticus oryzae C.O.Waterhouse, 1880",Animalia,SPECIES
160886422,85444,Linum austriacum L.,Plantae,SPECIES
160886423,85332,"Huso huso (Linnaeus, 1758)",Animalia,SPECIES
160886424,85345,"Hypoponera schauinslandi (Emery, 1899)",Animalia,SPECIES
160886425,84849,Celtis occidentalis L.,Plantae,SPECIES
160886426,85346,"Hypothenemus hampei (Ferrari, 1867)",Animalia,SPECIES
160886427,84816,Cannabis sativa L.,Plantae,SPECIES
160886430,85325,Hordeum bulbosum L.,Plantae,SPECIES
160886433,86111,Stachys arvensis (L.) L.,Plantae,SPECIES
160886434,84664,"Aproceros leucopoda Takeuchi, 1939",Animalia,SPECIES
3026622,86107,Spiraea ×vanhouttei (Briot) Zabel,Plantae,SPECIES
160886438,84653,"Aphelinus mali (Haldeman, 1851)",Animalia,SPECIES
160886442,86110,Stachys annua (L.) L.,Plantae,SPECIES
160886443,86036,"Sefrania bleusei Pic, 1899",Animalia,SPECIES
160886446,85876,"Proasellus coxalis (Dollfus, 1892)",Animalia,SPECIES
160886447,85991,Rubus canadensis L.,Plantae,SPECIES
160886450,85492,Malva alcea L.,Plantae,SPECIES
7563173,85672,"Cryptorchestia cavimana (Heller, 1865)",Animalia,SPECIES
5365717,85092,Potentilla indica (Andrews) Th.Wolf,Plantae,SPECIES
160886455,85342,"Hypophthalmichthys molitrix (Valenciennes, 1844)",Animalia,SPECIES
160886458,85759,Phalaris brachystachys Link,Plantae,SPECIES
160886459,85690,Oxalis corniculata L.,Plantae,SPECIES
160886461,85094,"Duponchelia fovealis Zeller, 1847",Animalia,SPECIES
5365026,84651,Aphanes australis Rydb.,Plantae,SPECIES
160886463,85020,"Cydalima perspectalis (Walker, 1859)",Animalia,SPECIES
160886467,86112,Stagonospora tainanensis W.H.Hsieh,Fungi,SPECIES
160886469,85303,"Heliothrips haemorrhoidalis (Bouché, 1833)",Animalia,SPECIES
160886470,84919,"Chrysodeixis chalcites (Esper, 1789)",Animalia,SPECIES
160886471,85888,Prunus serotina Ehrh.,Plantae,SPECIES
8670166,84863,Prunus cerasus subsp. cerasus,Plantae,SUBSPECIES
160886474,85997,Rumex bucephalophorus L.,Plantae,SPECIES
160886475,85132,Epilobium ciliatum Raf.,Plantae,SPECIES
160886476,85998,Rumex confertus Willd.,Plantae,SPECIES
160886478,84799,"Cadra cautella (Walker, 1863)",Animalia,SPECIES
160886479,85995,Rudbeckia hirta L.,Plantae,SPECIES
160886480,85996,Rudbeckia laciniata L.,Plantae,SPECIES
160886482,85993,Rubus odoratus L.,Plantae,SPECIES
160886483,84798,"Cacoecimorpha pronubana (Hübner, 1796-1799)",Animalia,SPECIES
160886484,85994,Rubus xanthocarpus Bureau & Franch.,Plantae,SPECIES
160886486,85987,"Rothschildia orizaba Westwood, 1854",Animalia,SPECIES
160886487,85789,Physalis peruviana L.,Plantae,SPECIES
5581168,85788,Physalis philadelphica subsp. ixocarpa (Brot. ex Hornem.) Sobr.-Vesp. & Sanz-Elorza,Plantae,SUBSPECIES
160886490,85985,Rostraria cristata (L.) Tzvelev,Plantae,SPECIES
3797084,85787,Alkekengi officinarum Moench,Plantae,SPECIES
2505569,85984,"Apophallus donicus (Skrjabin & Lindtrop, 1919) Price, 1931",Animalia,SPECIES
8741260,85786,"Macrosaccus robiniella (Clemens, 1859)",Animalia,SPECIES
160886494,85983,Rosa woodsii Lindl.,Plantae,SPECIES
160886495,85725,Parietaria pensylvanica Muhl. ex Willd.,Plantae,SPECIES
160886496,84548,Alchemilla sericata Rchb.,Plantae,SPECIES
160886497,84806,"Caloptilia azaleella (Brants, 1913)",Animalia,SPECIES
160886498,84547,Alchemilla mollis (Buser) Rothm.,Plantae,SPECIES
160886499,84813,"Cameraria ohridella Deschka & Dimić, 1986",Animalia,SPECIES
160886500,84592,Amelanchier alnifolia (Nutt.) Nutt.,Plantae,SPECIES
160886502,84593,Amelanchier ×lamarckii F.G.Schroed.,Plantae,SPECIES
160886503,84747,"Borkhausenia nefrax Hodges, 1974",Animalia,SPECIES
3023903,84594,Amelanchier humilis Wiegand,Plantae,SPECIES
160886506,84650,Aphanes arvensis L.,Plantae,SPECIES
160886507,84669,"Argyresthia thuiella Packard, 1871",Animalia,SPECIES
160886508,84678,Aronia melanocarpa (Michx.) Elliott,Plantae,SPECIES
160886509,84670,"Argyresthia trifasciata Staudinger, 1871",Animalia,SPECIES
3025770,84983,Cotoneaster acutifolius Turcz.,Plantae,SPECIES
160886511,84986,Crataegus coccinea L.,Plantae,SPECIES
3014366,84987,Crataegus flabellata (Bosc ex Spach) K.Koch,Plantae,SPECIES
160886514,84613,"Anarsia lineatella Zeller, 1839",Animalia,SPECIES
7790614,84988,Crataegus coccinea L.,Plantae,SPECIES
160886517,84981,Cotoneaster divaricatus Rehder & E.H.Wilson,Plantae,SPECIES
160886518,84622,"Anatrachyntis badia (Hodges, 1962)",Animalia,SPECIES
160886519,84982,Cotoneaster horizontalis Decne.,Plantae,SPECIES
160886520,85887,Prunus mahaleb L.,Plantae,SPECIES
160886522,85891,"Pseudemys nelsoni Carr, 1938",Animalia,SPECIES
3022789,84862,Prunus mahaleb L.,Plantae,SPECIES
160886526,85892,"Pseudeuophrys lanigera (Simon, 1871)",Animalia,SPECIES
1420954,86142,"Thrips simplex (Morison, 1930)",Animalia,SPECIES
160886528,85705,"Palaemon macrodactylus M.J.Rathbun, 1902",Animalia,SPECIES
160886530,85889,"Psammoryctides moravicus (Hrabĕ, 1934)",Animalia,SPECIES
160886532,85890,"Pseudaulacaspis pentagona (Targioni Tozzetti, 1886)",Animalia,SPECIES
4423350,85033,"Cyrtaspis scutata (Charpentier, 1825)",Animalia,SPECIES
160886534,85879,"Prociphilus fraxinifolii (Riley, 1879)",Animalia,SPECIES
160886535,85184,"Eumeces schneiderii (Daudin, 1802)",Animalia,SPECIES
9442269,85878,"Procambarus virginalis Lyko, 2017",Animalia,SPECIES
160886538,85877,"Procambarus clarkii (Girard, 1852)",Animalia,SPECIES
2611366,85279,Phyllosticta paviae Desm.,Fungi,SPECIES
160886540,85928,Quercus cerris L.,Plantae,SPECIES
160886541,84510,"Acheta domesticus (Linnaeus, 1758)",Animalia,SPECIES
160886542,85794,Phytophthora cactorum (Lebert & Cohn) J.Schröt.,Chromista,SPECIES
160886544,86096,Spergula arvensis L.,Plantae,SPECIES
4447097,86095,"Speonomus normandi hydrophilus (Jeannel, 1907)",Animalia,SUBSPECIES
160886547,85963,"Rhopalosiphum maidis (Fitch, 1856)",Animalia,SPECIES
160886548,86108,"Spodoptera littoralis (Boisduval, 1833)",Animalia,SPECIES
160886550,86109,Sporobolus cryptandrus (Torr.) A.Gray,Plantae,SPECIES
3026444,86106,Spiraea ×pseudosalicifolia Silverside,Plantae,SPECIES
2069599,85962,"Rhopalosiphum sanguinarium Baker, 1934",Animalia,SPECIES
160886555,85976,Rosa foetida Herrm.,Plantae,SPECIES
160886557,85977,Rosa glauca Pourr.,Plantae,SPECIES
2929505,86080,Solanum villosum Mill.,Plantae,SPECIES
160886559,85978,Rosa gorenkensis Besser,Plantae,SPECIES
2929800,86079,Solanum angustifolium Houst. ex Mill.,Plantae,SPECIES
160886561,85979,Rosa multiflora Thunb.,Plantae,SPECIES
160886562,85980,Rosa rugosa Thunb.,Plantae,SPECIES
160886563,86081,Solanum lycopersicum L.,Plantae,SPECIES
160886564,85981,Rosa spinosissima L.,Plantae,SPECIES
160886566,85982,Rosa virginiana Herrm.,Plantae,SPECIES
160886567,85583,"Nathrius brevipennis (Mulsant, 1839)",Animalia,SPECIES
160886571,85588,"Nematodirus battus Crofton & Thomas, 1951",Animalia,SPECIES
160886572,85305,Helleborus viridis L.,Plantae,SPECIES
160886575,85897,"Pseudodactylogyrus anguillae (Yin & Sproston, 1948) Gusev, 1965",Animalia,SPECIES
160886577,85914,Puccinia horiana Henn.,Fungi,SPECIES
160886579,85916,Puccinia lagenophorae Cooke,Fungi,SPECIES
160886581,85915,Puccinia komarovii Tranzschel ex P.Syd. & Syd.,Fungi,SPECIES
7441718,85606,"Nosema pontogammari Ovcharenko & Kurandina, 1987",Protozoa,SPECIES
9234296,85459,"Chelon ramada (Risso, 1827)",Animalia,SPECIES
160886586,86118,"Stephanitis rhododendri Horváth, 1905",Animalia,SPECIES
9309359,84623,Lycopsis arvensis subsp. arvensis,Plantae,SUBSPECIES
160886588,85601,Nigella arvensis L.,Plantae,SPECIES
160886589,86138,"Tachycines asynamorus Adelung, 1902",Animalia,SPECIES
160886590,85398,"Lasius neglectus Van Loon, Boomsma & Andrasfalvy, 1990",Animalia,SPECIES
160886591,85925,"Python molurus (Linnaeus, 1758)",Animalia,SPECIES
160886593,85575,Myrrhis odorata (L.) Scop.,Plantae,SPECIES
8952395,85771,Phleum alpinum L.,Plantae,SPECIES
160886596,85772,Phleum subulatum (Savi) Asch. & Graebn.,Plantae,SPECIES
4933861,85395,Lapsana communis subsp. intermedia (M.Bieb.) Hayek,Plantae,SUBSPECIES
160886598,85702,"Pacifastacus leniusculus (Dana, 1852)",Animalia,SPECIES
160886599,85107,Echium plantagineum L.,Plantae,SPECIES
1201622,85431,"Thysanocnemis bischoffi Blatchley & Leng, 1916",Animalia,SPECIES
160886601,84793,Buglossoides arvensis (L.) I.M.Johnst.,Plantae,SPECIES
160886602,84624,Anchusa azurea Mill.,Plantae,SPECIES
160886605,85457,"Lithoglyphus naticoides (C.Pfeiffer, 1828)",Animalia,SPECIES
160886606,84601,Amsinckia calycina (Moris) Chater,Plantae,SPECIES
160886608,84603,Amsinckia menziesii (Lehm.) A.Nelson & J.F.Macbr.,Plantae,SPECIES
160886609,85293,"Hasarius adansoni (Audouin, 1826)",Animalia,SPECIES
160886610,84602,Amsinckia lycopsoides Lehm.,Plantae,SPECIES
160886612,84549,Alkanna primuliflora Griseb.,Plantae,SPECIES
160886613,84999,"Cryptolestes capensis (Waltl, 1834)",Animalia,SPECIES
160886615,85004,"Cryptolestes spartii (Curtis, 1834)",Animalia,SPECIES
160886617,85002,"Cryptolestes ferrugineus (Stephens, 1831)",Animalia,SPECIES
160886619,85003,"Cryptolestes pusillus (Schénherr, 1817)",Animalia,SPECIES
160886620,85490,Malcolmia maritima (L.) W.T.Aiton,Plantae,SPECIES
160886621,85000,"Cryptolestes corticinus (Erichson, 1846)",Animalia,SPECIES
160886622,84733,Berberis thunbergii DC.,Plantae,SPECIES
160886623,85001,"Cryptolestes duplicatus (Waltl, 1839)",Animalia,SPECIES
160886626,85717,"Paradiplozoon marinae Achmerov, 1974",Animalia,SPECIES
9587676,85714,Roemeria hispida Stace,Plantae,SPECIES
160886629,85716,"Parabuteo unicinctus (Temminck, 1824)",Animalia,SPECIES
160886630,86305,Zygophyllum fabago L.,Plantae,SPECIES
160886631,85715,Papaver rhoeas L.,Plantae,SPECIES
160886633,85257,Glaucium flavum Crantz,Plantae,SPECIES
160886635,85258,Glebionis segetum (L.) Fourr.,Plantae,SPECIES
160886636,86218,Turgenia latifolia (L.) Hoffm.,Plantae,SPECIES
160886637,85215,Fumaria densiflora DC.,Plantae,SPECIES
160886638,85217,Fumaria officinalis L.,Plantae,SPECIES
160886639,86187,"Tribolium destructor Uyttenboogaart, 1934",Animalia,SPECIES
160886640,85216,Fumaria muralis Koch,Plantae,SPECIES
160886641,86304,"Zonitoides arboreus (Say, 1817)",Animalia,SPECIES
160886642,85219,Fumaria schleicheri Soy.-Will.,Plantae,SPECIES
4988004,86303,"Goniodes colchici Denny, 1842",Animalia,SPECIES
160886644,85218,Fumaria rostellata Knaf,Plantae,SPECIES
2084175,85221,"Furchadaspis zamiae (Morgan, 1890)",Animalia,SPECIES
160886647,85741,"Perigona nigriceps (Dejean, 1831)",Animalia,SPECIES
160886648,85220,Fumaria vaillantii Loisel.,Plantae,SPECIES
2474936,85277,"Anthropoides virgo (Linnaeus, 1758)",Animalia,SPECIES
160886651,85347,Hyssopus officinalis L.,Plantae,SPECIES
160886652,84668,Argemone mexicana L.,Plantae,SPECIES
160886653,85075,"Dinoplatypus cavus Bright & Skidmore, 2002",Animalia,SPECIES
160886657,85034,"Dacne picta Crotch, 1873",Animalia,SPECIES
160886658,85939,Rapistrum rugosum (L.) All.,Plantae,SPECIES
160886662,84945,"Coccotrypes dactyliperda (J.C.Fabricius, 1802)",Animalia,SPECIES
5371697,84866,Ceratocephala orthoceras DC.,Plantae,SPECIES
160886665,85938,Rapistrum perenne (L.) All.,Plantae,SPECIES
160886666,85603,"Nippotaenia mogurndae Yamaguti & Miyata, 1940",Animalia,SPECIES
160886667,84944,"Coccotrypes carpophagus Wood & Bright, 1992",Animalia,SPECIES
160886668,85306,Helminthotheca echioides (L) Holub,Plantae,SPECIES
160886669,85970,Robinia pseudoacacia L.,Plantae,SPECIES
3033833,84958,Delphinium ajacis L.,Plantae,SPECIES
160886671,86068,Sisymbrium loeselii L.,Plantae,SPECIES
10763835,84959,Delphinium consolida subsp. consolida,Plantae,SUBSPECIES
160886673,85482,Lysimachia punctata L.,Plantae,SPECIES
160886674,84942,Clematis vitalba L.,Plantae,SPECIES
160886676,84527,Adonis aestivalis L.,Plantae,SPECIES
160886677,85005,"Cryptopleurum subtile Sharp, 1884",Animalia,SPECIES
160886678,84528,Adonis flammea Jacq.,Plantae,SPECIES
160886679,84869,"Cercyon laminatus Sharp, 1873",Animalia,SPECIES
160886683,85261,"Glischrochilus quadrisignatus (Say, 1835)",Animalia,SPECIES
160886684,85409,Legousia speculum-veneris (L.) Chaix,Plantae,SPECIES
160886685,85262,"Globodera pallida (Stone, 1973) Behrens, 1975",Animalia,SPECIES
8014163,85410,"Ambigolimax valentianus (A.Férussac, 1821)",Animalia,SPECIES
160886687,84832,"Carpophilus hemipterus (Linnaeus, 1758)",Animalia,SPECIES
160886688,84814,Campanula rapunculus L.,Plantae,SPECIES
160886689,84833,"Carpophilus marginellus Motschulsky, 1858",Animalia,SPECIES
160886694,86032,"Scythris buszkoi Baran, 2004",Animalia,SPECIES
7730307,85554,Erythranthe lutea (L.) G.L.Nesom,Plantae,SPECIES
160886698,85396,Larix kaempferi (Lamb.) Carrière,Plantae,SPECIES
6989023,84835,"Dienerella costulata (Reitter, 1877)",Animalia,SPECIES
160886702,85108,Eclipta prostrata (L.) L.,Plantae,SPECIES
160886703,84667,"Araecerus fasciculatus (C.DeGeer, 1775)",Animalia,SPECIES
160886704,86213,"Trypodendron laeve Eggers, 1939",Animalia,SPECIES
160886706,86212,"Trogoderma megatomoides Reitter, 1881",Animalia,SPECIES
160886708,86260,Veronica opaca Fr.,Plantae,SPECIES
160886710,86185,"Tribolium castaneum (Herbst, 1797)",Animalia,SPECIES
160886711,86217,Tulipa sylvestris L.,Plantae,SPECIES
3148578,84606,Anacyclus pyrethrum (L.) Link,Plantae,SPECIES
160886716,86214,Tsuga canadensis (L.) Carrière,Plantae,SPECIES
160886718,86040,Senecio vulgaris L.,Plantae,SPECIES
10676000,84521,Leuzea repens (L.) D.J.N.Hind,Plantae,SPECIES
160886720,85946,Reynoutria ×bohemica Chrtek & Chrtková,Plantae,SPECIES
160886722,85051,"Dermestes carnivorus Fabricius, 1775",Animalia,SPECIES
160886723,85052,"Dermestes coronatus Steven, 1808",Animalia,SPECIES
5390636,84636,Cota austriaca (Jacq.) Sch.Bip.,Plantae,SPECIES
160886725,85050,"Dermestes ater DeGeer, 1774",Animalia,SPECIES
160886727,85055,"Dermestes maculatus DeGeer, 1774",Animalia,SPECIES
5390611,84634,Cota altissima (L.) J.Gay,Plantae,SPECIES
160886729,85056,"Dermestes peruvianus Laporte de Castelnau, 1840",Animalia,SPECIES
160886730,85053,"Dermestes frischi Kugelman, 1792",Animalia,SPECIES
9666315,84827,Carduus platypus subsp. platypus,Plantae,SUBSPECIES
160886734,84712,"Attagenus smirnovi Zhantiev, 1973",Animalia,SPECIES
160886736,84641,"Anthrenus caucasicus Reitter, 1881",Animalia,SPECIES
4934006,84859,Centaurea nigrescens subsp. transalpina (Mérat) Nyman,Plantae,SUBSPECIES
160886738,84642,"Anthrenus flavidus Solskij, 1876",Animalia,SPECIES
160886740,84643,"Anthrenus flavipes Leconte, 1856",Animalia,SPECIES
3110767,84881,Cladanthus mixtus (L.) Chevall.,Plantae,SPECIES
160886744,86195,"Trichuris myocastoris Enigk, 1933",Animalia,SPECIES
3146717,84961,Erigeron bonariensis L.,Plantae,SPECIES
160886748,85272,Graphiola phoenicis (Moug. ex Fr.) Poit.,Fungi,SPECIES
160886749,84631,"Anoplophora glabripennis (Motschulsky, 1854)",Animalia,SPECIES
7627205,84918,Glebionis coronaria (L.) Tzvelev,Plantae,SPECIES
160886751,86294,Xanthium spinosum L.,Plantae,SPECIES
5019978,86298,"Xyleborus attenuatus Blandford, 1894",Animalia,SPECIES
160886754,85744,"Periplaneta americana (Linnaeus, 1758)",Animalia,SPECIES
160886755,86299,"Xyleborus affinis Eichhoff, 1868",Animalia,SPECIES
160886756,84562,"Amara majuscula (Chaudoir, 1850)",Animalia,SPECIES
160886757,86300,"Xyleborus perforans Wood & Bright, 1992",Animalia,SPECIES
160886759,86042,"Serinus pusillus (Pallas, 1811)",Animalia,SPECIES
160886760,86189,"Trichocerca simoneae De Smet, 1990",Animalia,SPECIES
160886761,86041,"Serinus canaria (Linnaeus, 1758)",Animalia,SPECIES
160886762,86191,"Trichoferus griseus (Fabricius, 1793)",Animalia,SPECIES
160886763,86044,Setaria faberi R.A.W.Herrm.,Plantae,SPECIES
160886764,86190,"Trichodectes octomaculatus Paine, 1912",Animalia,SPECIES
5540347,86043,Hippomarathrum petraeum (M.Bieb.) Link,Plantae,SPECIES
160886766,85400,Lathyrus inconspicuus L.,Plantae,SPECIES
160886767,85268,"Goniocotes chrysocephalus Giebel, 1874",Animalia,SPECIES
160886768,86033,"Scytodes thoracica (Latreille, 1802)",Animalia,SPECIES
160886769,85027,"Cynaeus angustus (LeConte, 1851)",Animalia,SPECIES
160886770,85999,Rumex longifolius DC.,Plantae,SPECIES
160886771,84559,"Alphitophagus bifasciatus (Say, 1824)",Animalia,SPECIES
160886772,86000,Rumex obovatus Danser,Plantae,SPECIES
160886773,84558,"Alphitobius diaperinus (Panzer, 1797)",Animalia,SPECIES
160886774,86151,"Testudo graeca Linnaeus, 1758",Animalia,SPECIES
160886776,86148,"Telmatogeton japonicus Tokunaga, 1933",Animalia,SPECIES
160886777,86149,"Tenuipalpus pacificus Baker, 1945",Animalia,SPECIES
160886778,85688,"Ostrinia nubilalis Hübner, 1796",Animalia,SPECIES
160886779,86133,Symphyotrichum tradescantii (L.) G.L.Nesom,Plantae,SPECIES
160886780,85687,"Ostearius melanopygius (O.Pickard-Cambridge, 1880)",Animalia,SPECIES
160886781,86135,Synchytrium endobioticum (Schilb.) Percival,Fungi,SPECIES
160886782,85586,"Necrobia rufipes (Fabricius, 1781)",Animalia,SPECIES
160886783,86134,Symphytum asperum Lepech.,Plantae,SPECIES
160886784,84541,"Ahasverus advena (Walt, 1832)",Animalia,SPECIES
160886785,86137,"Syrmaticus reevesii (J.E.Gray, 1829)",Animalia,SPECIES
3151474,84698,Symphyotrichum tradescantii (L.) G.L.Nesom,Plantae,SPECIES
160886788,84522,"Acrotrichis henrici (A.Matthews, 1872)",Animalia,SPECIES
160886789,86136,Syringa vulgaris L.,Plantae,SPECIES
160886791,86093,Sorghum bicolor (L.) Moench,Plantae,SPECIES
160886793,86094,Sorghum halepense (L.) Pers.,Plantae,SPECIES
160886794,85478,Lupinus polyphyllus Lindl.,Plantae,SPECIES
160886795,86091,Sorbaria sorbifolia (L.) A.Braun,Plantae,SPECIES
160886796,85427,"Leptoglossus occidentalis Heidemann, 1910",Animalia,SPECIES
10071055,86092,Scandosorbus ×intermedia (Ehrh.) Sennikov,Plantae,SPECIES
1048497,85059,"Diabrotica virgifera LeConte, 1868",Animalia,SPECIES
160886799,86090,Sonchus oleraceus L.,Plantae,SPECIES
160886800,84786,"Bruchus pisorum Linnaeus, 1758",Animalia,SPECIES
160886801,86063,Sinapis arvensis L.,Plantae,SPECIES
160886802,84787,"Bruchus rufimanus Boheman, 1833",Animalia,SPECIES
160886803,86064,"Sinoxylon anale Lesne, 1897",Animalia,SPECIES
160886804,84503,"Acanthoscelides obtectus (Say, 1831)",Animalia,SPECIES
160886805,85843,"Pogona vitticeps (Ahl, 1926)",Animalia,SPECIES
160886807,85924,Pyrus communis L.,Plantae,SPECIES
7362921,85666,"Opeas hannense (Rang, 1831)",Animalia,SPECIES
160886811,85730,"Parthenolecanium perlatum (Cockerell, 1898)",Animalia,SPECIES
4129181,86291,Festuca ambigua Le Gall,Plantae,SPECIES
160886813,85504,Matricaria discoidea DC.,Plantae,SPECIES
160886815,85505,"Mauremys sinensis (Gray, 1834)",Animalia,SPECIES
160886816,86124,Stropharia rugosoannulata Farl. ex Murrill,Fungi,SPECIES
160886817,85381,Lactuca serriola L.,Plantae,SPECIES
160886819,85382,Lactuca tatarica (L.) C.A.Mey.,Plantae,SPECIES
160886820,85814,"Pinnaspis strachani (Cooley, 1899)",Animalia,SPECIES
160886821,85380,Lactuca saligna L.,Plantae,SPECIES
160886823,85383,Lactuca virosa L.,Plantae,SPECIES
160886824,85745,"Periplaneta australasiae (Fabricius, 1775)",Animalia,SPECIES
160886825,85384,"Lagopoecus colchicus Emerson, 1949",Animalia,SPECIES
160886827,85298,Helianthus tuberosus L.,Plantae,SPECIES
160886828,85677,Ornithopus compressus L.,Plantae,SPECIES
160886830,85300,"Helicella itala (Linnaeus, 1758)",Animalia,SPECIES
160886831,85698,"Oxychilus translucidus (Mortillet, 1853)",Animalia,SPECIES
3119181,85299,Helianthus ×laetiflorus Pers.,Plantae,SPECIES
160886834,85296,Helianthus decapetalus L.,Plantae,SPECIES
160886835,85485,"Macropus rufogriseus (Desmarest, 1817)",Animalia,SPECIES
160886836,85297,Helianthus ×laetiflorus Pers.,Plantae,SPECIES
160886838,85307,Hemerocallis fulva (L.) L.,Plantae,SPECIES
5280189,85428,Chenia leptophylla (Müll.Hal.) R.H.Zander,Plantae,SPECIES
160886840,85813,"Pinnaspis aspidistrae (Signoret, 1869)",Animalia,SPECIES
160886842,85281,"Gymnaspis aechmeae Newstead, 1898",Animalia,SPECIES
160886843,85359,Inula helenium L.,Plantae,SPECIES
160886844,85360,Isatis tinctoria L.,Plantae,SPECIES
4133331,85319,Anthoxanthum repens (Host) Veldkamp,Plantae,SPECIES
160886847,85958,Rhodotypos scandens (Thunb.) Makino,Plantae,SPECIES
160886848,85198,Eutypella parasitica R.W.Davidson & R.C.Lorenz,Fungi,SPECIES
160886849,85957,Rhododendron ponticum L.,Plantae,SPECIES
160886851,86105,Spiraea tomentosa L.,Plantae,SPECIES
160886852,85259,"Gliricola porcelli (Schrank, 1781)",Animalia,SPECIES
160886853,85825,Plantago altissima L.,Plantae,SPECIES
3204007,85900,Pseudoperonospora cubensis (Berk. & M.A.Curtis) Rostovzev,Chromista,SPECIES
160886855,85228,Galinsoga quadriradiata Ruiz & Pav.,Plantae,SPECIES
160886856,85899,Pseudoperonospora cubensis (Berk. & M.A.Curtis) Rostovzev,Chromista,SPECIES
160886857,85229,Galium glaucum L.,Plantae,SPECIES
160886858,85604,"Niptus hololeucus (Faldermann, 1835)",Animalia,SPECIES
160886859,85104,Echinops exaltatus Schrad.,Plantae,SPECIES
9520065,85208,"Ferrissia californica (Rowell, 1863)",Animalia,SPECIES
160886861,85105,Echinops sphaerocephalus L.,Plantae,SPECIES
160886863,85143,Erigeron canadensis L.,Plantae,SPECIES
160886865,85142,Erigeron annuus (L.) Pers.,Plantae,SPECIES
160886866,85256,Glaucium corniculatum (L.) Rudolph,Plantae,SPECIES
160886867,85145,"Eriocheir sinensis H.Milne Edwards, 1853",Animalia,SPECIES
160886869,85144,Erigeron strigosus Muhl. ex Willd.,Plantae,SPECIES
2049747,85090,"Adelges nordmannianae (Eckstein, 1890)",Animalia,SPECIES
160886871,85018,Cyclachaena xanthiifolia (Nutt.) Fresen.,Plantae,SPECIES
160886872,85815,Pinus banksiana Lamb.,Plantae,SPECIES
160886873,85363,"Jaera istri Veuille, 1979",Animalia,SPECIES
160886875,84997,Crupina vulgaris (Pers.) Cass.,Plantae,SPECIES
160886876,85274,"Graptemys ouachitensis Cagle, 1953",Animalia,SPECIES
160886877,84992,Crepis setosa Haller fil.,Plantae,SPECIES
160886878,85125,Entyloma calendulae (Oudem.) de Bary,Fungi,SPECIES
7706146,84991,Crepis nicaeensis Balb.,Plantae,SPECIES
160886881,84990,Crepis foetida L.,Plantae,SPECIES
160886882,86122,"Streptopelia roseogrisea (Sundevall, 1857)",Animalia,SPECIES
160886883,84989,Crepis aurea (L.) Cass.,Plantae,SPECIES
160886884,86123,"Strongyloides myopotami Artigas & Pacheco, 1933",Animalia,SPECIES
160886885,84984,Cotula anthemoides L.,Plantae,SPECIES
160886886,84980,"Corythucha ciliata (Say, 1832)",Animalia,SPECIES
160886887,84925,Cichorium intybus L.,Plantae,SPECIES
160886889,84924,Cichorium endivia L.,Plantae,SPECIES
160886890,84928,"Cimex lectularius Linnaeus, 1758",Animalia,SPECIES
160886891,84926,Cichorium intybus subsp. intybus,Plantae,SUBSPECIES
160886896,86011,Salix cordata Michx.,Plantae,SPECIES
160886897,84824,Carduus acanthoides L.,Plantae,SPECIES
160886898,86012,Salix eriocephala Michx.,Plantae,SPECIES
160886899,84826,Carduus nutans L.,Plantae,SPECIES
160886900,86010,Salix arbusculoides Andersson,Plantae,SPECIES
160886901,84825,Carduus hamulosus Ehrh.,Plantae,SPECIES
160886902,85926,"Python regius (Shaw, 1802)",Animalia,SPECIES
160886903,85733,Pastinaca sativa L.,Plantae,SPECIES
160886904,84828,Carduus pycnocephalus L.,Plantae,SPECIES
160886905,84513,Achillea nobilis L.,Plantae,SPECIES
160886906,85179,Euclidium syriacum (L.) W.T.Aiton,Plantae,SPECIES
160886907,84512,Achillea micrantha Willd.,Plantae,SPECIES
160886908,84946,"Coccus hesperidum Linnaeus, 1758",Animalia,SPECIES
160886909,84511,Achillea crithmifolia Waldst. & Kit.,Plantae,SPECIES
160886910,84872,"Ceroplastes rubens Maskell, 1893",Animalia,SPECIES
160886911,84588,Ambrosia psilostachya DC.,Plantae,SPECIES
160886912,84873,"Ceroplastes rusci (Linnaeus, 1758)",Animalia,SPECIES
160886913,84589,Ambrosia trifida L.,Plantae,SPECIES
160886915,84586,Ambrosia artemisiifolia L.,Plantae,SPECIES
160886916,84700,"Asterolecanium epidendri (Bouché, 1844)",Animalia,SPECIES
160886917,84587,Ambrosia polystachya DC.,Plantae,SPECIES
160886919,84607,Anacyclus radiatus Loisel.,Plantae,SPECIES
160886920,86188,Tribulus terrestris L.,Plantae,SPECIES
160886921,84608,Anacyclus ×valentinus L.,Plantae,SPECIES
160886922,84605,Anacyclus clavatus (Desf.) Pers.,Plantae,SPECIES
160886924,84612,Anaphalis margaritacea (L.) Benth.,Plantae,SPECIES
8382786,85060,"Massilieurodes chittendeni (Laing, 1928)",Animalia,SPECIES
160886926,84638,Anthemis ruthenica M.Bieb.,Plantae,SPECIES
8909595,85673,"Faxonius limosus (Rafinesque, 1817)",Animalia,SPECIES
160886928,84637,Anthemis cotula L.,Plantae,SPECIES
160886929,84732,"Bemisia tabaci (Gennadius, 1889)",Animalia,SPECIES
160886930,84635,Anthemis arvensis L.,Plantae,SPECIES
160886932,84682,Artemisia annua L.,Plantae,SPECIES
160886933,84683,Artemisia austriaca Jacq.,Plantae,SPECIES
160886935,84680,Artemisia abrotanum L.,Plantae,SPECIES
160886937,84681,Artemisia absinthium L.,Plantae,SPECIES
160886939,84690,Artemisia verlotiorum Lamotte,Plantae,SPECIES
160886940,86182,Tragus racemosus (L.) All.,Plantae,SPECIES
3121562,84688,Artemisia sieversiana Ehrh. ex Willd.,Plantae,SPECIES
7879222,84687,Artemisia maritima Besser,Plantae,SPECIES
160886944,84686,Artemisia gmelinii Weber ex Stechm.,Plantae,SPECIES
2929111,86078,Solanum hoehnei C.V.Morton,Plantae,SPECIES
160886946,84685,Artemisia dracunculus L.,Plantae,SPECIES
160886947,84526,"Acyrthosiphon ignotum Mordvilko, 1914",Animalia,SPECIES
160886948,84684,Artemisia biennis Willd.,Plantae,SPECIES
160886949,84525,"Acyrthosiphon caraganae (Cholodkovsky, 1908)",Animalia,SPECIES
160886950,84689,Artemisia tournefortiana Rchb.,Plantae,SPECIES
160886951,84655,"Aphis gossypii Glover, 1877",Animalia,SPECIES
160886952,84736,Bidens frondosa L.,Plantae,SPECIES
160886953,84656,"Aphis nerii Boyer de Fonscolombe, 1841",Animalia,SPECIES
160886954,84735,Bidens connata Muhl. ex Willd.,Plantae,SPECIES
160886955,84657,"Aphis oenotherae Oestlund, 1887",Animalia,SPECIES
160886956,84697,Aster salignus L.,Plantae,SPECIES
160886957,84699,Asteriscus aquaticus (L.) Less.,Plantae,SPECIES
160886958,84658,"Aphis spiraecola Patch, 1914",Animalia,SPECIES
160886960,84654,"Aphis forbesi Weed, 1889",Animalia,SPECIES
160886961,84737,Bidens pilosa L.,Plantae,SPECIES
160886962,84659,"Aphis spiraephaga F.P.Muller, 1961",Animalia,SPECIES
160886963,84663,"Appendiseta robiniae (Gillette, 1907)",Animalia,SPECIES
160886964,84804,Calendula officinalis L.,Plantae,SPECIES
160886965,84753,"Brachycaudus rumexicolens (Patch, 1917)",Animalia,SPECIES
160886966,84803,Calendula arvensis L.,Plantae,SPECIES
160886967,84752,"Brachycaudus divaricatae Shaposhnikov, 1956",Animalia,SPECIES
8349297,84858,Centaurea tenuiflora DC.,Plantae,SPECIES
160886969,84802,"Calaphis flava Mordvilko, 1928",Animalia,SPECIES
160886970,84857,Centaurea solstitialis L.,Plantae,SPECIES
160886971,84853,Centaurea diffusa Lam.,Plantae,SPECIES
160886972,84864,"Cerataphis lataniae (Boisduval, 1867)",Animalia,SPECIES
160886973,84854,Centaurea melitensis L.,Plantae,SPECIES
160886974,84929,"Cinara juniperi (De Geer, 1773)",Animalia,SPECIES
160886975,84855,Centaurea micranthos J.F.Gmel.,Plantae,SPECIES
160886976,84917,"Chromaphis juglandicola (Kaltenbach, 1843)",Animalia,SPECIES
160886977,84856,Centaurea ovina Pall. ex Willd.,Plantae,SPECIES
160886978,84951,"Coloradoa abrotani (Koch, 1854)",Animalia,SPECIES
160886979,84851,Centaurea calcitrapa L.,Plantae,SPECIES
160886980,85148,Erodium laciniatum (Cav.) Willd.,Plantae,SPECIES
160886981,84852,Centaurea cyanus L.,Plantae,SPECIES
160886982,85335,"Hydrochoerus hydrochaeris (Linnaeus, 1766)",Animalia,SPECIES
3089561,85017,Centaurea cyanus L.,Plantae,SPECIES
160886984,85353,"Illinoia lambersi (MacGillivray, 1960)",Animalia,SPECIES
160886985,84829,Carduus tenuiflorus Curtis,Plantae,SPECIES
160886986,85354,Impatiens capensis Meerb.,Plantae,SPECIES
160886987,85351,"Iguana iguana (Linnaeus, 1758)",Animalia,SPECIES
160886989,85358,"Insignorthezia insignis (Browne, 1887)",Animalia,SPECIES
160886991,85489,Mahonia aquifolium (Pursh) Nutt.,Plantae,SPECIES
160886992,85969,Robinia neomexicana A.Gray,Plantae,SPECIES
160886993,85488,"Macrosiphum euphorbiae (Thomas, 1878)",Animalia,SPECIES
160886995,85487,"Macrosiphum albifrons Essig, 1911",Animalia,SPECIES
160886997,85594,Nepeta cataria L.,Plantae,SPECIES
160886998,85581,"Myzus varians Davidson, 1912",Animalia,SPECIES
160886999,85186,Eupatorium cannabinum L.,Plantae,SPECIES
160887000,85582,"Nacerdes melanura (Linnaeus, 1758)",Animalia,SPECIES
160887001,85911,"Ptinus latro Fabricius, 1775",Animalia,SPECIES
160887002,85578,"Myzus ascalonicus Doncaster, 1946",Animalia,SPECIES
160887004,85579,"Myzus ornatus Laing, 1932",Animalia,SPECIES
160887005,84542,Ailanthus altissima (Mill.) Swingle,Plantae,SPECIES
160887006,85580,"Myzus persicae (Sulzer, 1776)",Animalia,SPECIES
160887008,85708,"Panchlora nivea (Linnaeus, 1758)",Animalia,SPECIES
160887009,84533,Aesculus hippocastanum L.,Plantae,SPECIES
160887010,85883,Prunus cerasifera Ehrh.,Plantae,SPECIES
160887012,85740,Peridinium gatunense Nygaard,Chromista,SPECIES
160887013,84506,Acer saccharinum L.,Plantae,SPECIES
160887014,85746,Peronospora arborescens (Berk.) de Bary,Chromista,SPECIES
160887015,84505,Acer negundo L.,Plantae,SPECIES
160887016,85959,"Rhopalapion longirostre (Olivier, 1807)",Animalia,SPECIES
160887017,84507,Acer saccharum Marshall,Plantae,SPECIES
160887018,85965,Rhus typhina L.,Plantae,SPECIES
160887020,85968,Robinia ×ambigua Poir.,Plantae,SPECIES
160887022,85967,Ribes rubrum L.,Plantae,SPECIES
160887024,86027,Sclerochloa dura (L.) P.Beauv.,Plantae,SPECIES
160887026,86179,"Trachemys scripta elegans (Wied, 1838)",Animalia,SUBSPECIES
160887027,85795,Phytophthora cambivora (Petri) Buisman,Chromista,SPECIES
8035334,86178,Aphis aurantii aurantii,Animalia,SUBSPECIES
160887030,86163,"Theridion melanostictum O.Pickard-Cambridge, 1876",Animalia,SPECIES
160887032,86236,Urtica urens L.,Plantae,SPECIES
160887033,85869,"Potamothrix heuscheri (Bretscher, 1900)",Animalia,SPECIES
160887034,86235,Urtica pilulifera L.,Plantae,SPECIES
160887038,85966,"Rhyzopertha dominica (Fabricius, 1792)",Animalia,SPECIES
160887039,85697,"Oxychilus draparnaudi (H.Beck, 1837)",Animalia,SPECIES
160887044,85931,"Ralstonia solanacearum (Smith, 1896) Yabuuchi et al., 1996",Bacteria,SPECIES
3084807,84938,Montia linearis (Douglas ex Hook.) Greene,Plantae,SPECIES
7095665,84939,Claytonia perfoliata subsp. perfoliata,Plantae,SUBSPECIES
160887048,85376,Laburnum anagyroides Medik.,Plantae,SPECIES
5300136,85222,Gagea minima (L.) Ker Gawl.,Plantae,SPECIES
160887053,86018,"Salvelinus fontinalis (Mitchill, 1814)",Animalia,SPECIES
160887054,85817,Pinus peuce Griseb.,Plantae,SPECIES
160887056,85816,Pinus nigra J.F.Arnold,Plantae,SPECIES
160887057,85894,"Pseudochattonella farcimen (Eikrem, B.Edvardsen & J.Throndsen) Eikrem",Chromista,SPECIES
160887058,86017,"Salvelinus alpinus (Linnaeus, 1758)",Animalia,SPECIES
160887059,85729,Parthenocissus quinquefolia (L.) Planch.,Plantae,SPECIES
160887061,85424,"Lepisma saccharinum Linnaeus, 1758",Animalia,SPECIES
160887062,86019,Salvia dumetorum Andrz. ex Besser,Plantae,SPECIES
160887063,85309,"Hemimysis anomala G.O.Sars, 1907",Animalia,SPECIES
2083914,84746,"Hemiberlesia palmae (Cockerell, 1893)",Animalia,SPECIES
5384334,84572,Amaranthus viridis L.,Plantae,SPECIES
160887067,85282,"Gyps rueppellii (A.E.Brehm, 1852)",Animalia,SPECIES
160887069,85095,"Dynaspidiotus britannicus (Newstead, 1898)",Animalia,SPECIES
5384397,84575,Amaranthus tricolor L.,Plantae,SPECIES
160887071,85063,"Diaspis boisduvalii Signoret, 1869",Animalia,SPECIES
160887073,85065,"Diaspis echinocacti (Bouché, 1833)",Animalia,SPECIES
7219439,84564,Amaranthus graecizans subsp. graecizans,Plantae,SUBSPECIES
160887075,85064,"Diaspis bromeliae (Kerner, 1778)",Animalia,SPECIES
160887077,84922,"Chrysomphalus dictyospermi (Morgan, 1889)",Animalia,SPECIES
5384390,84569,Amaranthus cruentus L.,Plantae,SPECIES
160887079,84921,"Chrysomphalus aonidum (Linnaeus, 1758)",Animalia,SPECIES
160887081,84714,"Aulacaspis yasumatsui Takagi, 1977",Animalia,SPECIES
5568322,84908,Dysphania schraderiana (Schult.) Mosyakin & Clemants,Plantae,SPECIES
160887083,84696,"Aspidiotus nerii Bouche, 1833",Animalia,SPECIES
5568322,84898,Dysphania schraderiana (Schult.) Mosyakin & Clemants,Plantae,SPECIES
160887085,84647,"Aonidia lauri (Bouche, 1833)",Animalia,SPECIES
160887087,84500,"Abgrallaspis cyanophylli (Signoret, 1869)",Animalia,SPECIES
8336376,84899,Blitum virgatum subsp. virgatum,Plantae,SUBSPECIES
7551162,84902,"Chenopodiastrum hybridum (L.) S.Fuentes, Uotila & Borsch",Plantae,SPECIES
8149099,84903,"Chenopodiastrum murale (L.) S.Fuentes, Uotila & Borsch",Plantae,SPECIES
5568446,84891,Dysphania ambrosioides (L.) Mosyakin & Clemants,Plantae,SPECIES
3083888,84892,Teloxys aristata (L.) Moq.,Plantae,SPECIES
8044896,84894,Blitum bonus-henricus (L.) Rchb.,Plantae,SPECIES
5568339,84907,Dysphania pumilio (R.Br.) Mosyakin & Clemants,Plantae,SPECIES
160887101,86020,Saxifraga umbrosa L.,Plantae,SPECIES
160887102,85848,Polygonum arenarium Waldst. & Kit.,Plantae,SPECIES
160887103,85849,Polygonum patulum M.Bieb.,Plantae,SPECIES
8848208,85850,Koenigia polystachya (Wall. ex Meisn.) T.M.Schust. & Reveal,Plantae,SPECIES
160887105,85096,Dysphania botrys (L.) Mosyakin & Clemants,Plantae,SPECIES
5568428,84895,Dysphania botrys (L.) Mosyakin & Clemants,Plantae,SPECIES
160887107,84969,Corispermum marschallii Steven,Plantae,SPECIES
160887108,84970,Corispermum nitidum Kit. ex Schult.,Plantae,SPECIES
160887109,84967,Corispermum hyssopifolium L.,Plantae,SPECIES
160887110,84968,Corispermum intermedium Schweigg.,Plantae,SPECIES
160887112,84563,Amaranthus albus L.,Plantae,SPECIES
160887113,84565,Amaranthus blitoides S.Watson,Plantae,SPECIES
160887114,84577,Amaranthus retroflexus L.,Plantae,SPECIES
160887115,84576,Amaranthus palmeri S.Watson,Plantae,SPECIES
160887116,84578,Amaranthus standleyanus Parodi ex Covas,Plantae,SPECIES
160887117,84568,Amaranthus californicus (Moq.) S.Watson,Plantae,SPECIES
160887118,84567,Amaranthus bouchonii Thell.,Plantae,SPECIES
160887119,84566,Amaranthus blitum L.,Plantae,SPECIES
8911082,84574,Amaranthus blitum L.,Plantae,SPECIES
160887121,84573,Amaranthus hybridus L.,Plantae,SPECIES
160887122,84571,Amaranthus dinteri Schinz,Plantae,SPECIES
160887123,84570,Amaranthus deflexus L.,Plantae,SPECIES
160887124,84727,Bassia scoparia (L.) A.J.Scott,Plantae,SPECIES
160887125,84702,Atriplex hortensis L.,Plantae,SPECIES
160887126,84704,Atriplex oblongifolia Waldst. & Kit.,Plantae,SPECIES
160887127,84705,Atriplex prostrata DC.,Plantae,SPECIES
160887128,84706,Atriplex rosea L.,Plantae,SPECIES
160887129,84708,Atriplex tatarica L.,Plantae,SPECIES
3760099,84703,Atriplex sagittata Borkh.,Plantae,SPECIES
160887132,84897,Chenopodium ficifolium Sm.,Plantae,SPECIES
8157588,84896,Chenopodium capitatum Wats. ex Britton,Plantae,SPECIES
160887134,84901,Chenopodium hircinum Schrad.,Plantae,SPECIES
160887135,84900,Chenopodium giganteum D.Don,Plantae,SPECIES
8357729,84904,Chenopodium opulifolium Schrad.,Plantae,SPECIES
160887137,84906,Chenopodium pratericola Rydb.,Plantae,SPECIES
160887138,84909,Chenopodium striatiforme Murr,Plantae,SPECIES
160887139,84889,Chenopodium acerifolium Andrz.,Plantae,SPECIES
160887140,84890,Chenopodium album L.,Plantae,SPECIES
3083838,84905,Chenopodium album L.,Plantae,SPECIES
160887142,84893,Chenopodium berlandieri Moq.,Plantae,SPECIES
160887143,84913,Chenopodium vulvaria L.,Plantae,SPECIES
160887144,84912,Chenopodium urbicum Trosganzenvoet,Plantae,SPECIES
160887145,84911,Chenopodium suecicum Murr,Plantae,SPECIES
3083838,84910,Chenopodium album L.,Plantae,SPECIES
160887149,85761,Phalaris coerulescens Desf.,Plantae,SPECIES
7298981,86245,Valerianella microcarpa Loisel.,Plantae,SPECIES
160887151,86056,Silene linicola C.C.Gmel.,Plantae,SPECIES
160887152,86057,Silene noctiflora L.,Plantae,SPECIES
160887153,86060,Simsia foetida (Cav.) S.F.Blake,Plantae,SPECIES
160887154,86061,"Sinanodonta woodiana (I.Lea, 1834)",Animalia,SPECIES
160887155,85526,"Melanoides tuberculata (O.F.Müller, 1774)",Animalia,SPECIES
160887156,86058,Silene viscosa (L.) Pers.,Plantae,SPECIES
160887157,86059,Silphium perfoliatum L.,Plantae,SPECIES
5384834,85525,Silene noctiflora L.,Plantae,SPECIES
160887159,86030,Scutellaria altissima L.,Plantae,SPECIES
6483827,86100,"Sphaerospora dykovae Gunter & Adlard, 2010",Animalia,SPECIES
160887161,86062,Sinapis alba L.,Plantae,SPECIES
160887162,85760,Phalaris canariensis L.,Plantae,SPECIES
160887163,85847,Polycnemum majus A.Braun,Plantae,SPECIES
160887164,85559,Moenchia mantica (L.) Bartl.,Plantae,SPECIES
160887165,85560,"Monacha cartusiana (O.F.Müller, 1774)",Animalia,SPECIES
160887166,85284,Gypsophila viscosa Murray,Plantae,SPECIES
160887167,85285,"Gyrodactylus fairporti Van Cleave, 1921",Animalia,SPECIES
160887168,85315,Herniaria incana Lam.,Plantae,SPECIES
160887169,85316,Herniaria polygama Gay,Plantae,SPECIES
160887170,85317,Hesperis matronalis L.,Plantae,SPECIES
160887171,85061,Dianthus barbatus L.,Plantae,SPECIES
160887173,84540,Agrostemma githago L.,Plantae,SPECIES
160887176,85206,"Fascioloides magna (Bassa, 1875)",Animalia,SPECIES
160887178,85853,"Polyplax spinulosa (Burmeister, 1839)",Animalia,SPECIES
8266758,84518,Aconogonon polystachyum (Meisn.) Small,Plantae,SPECIES
160887181,86003,Rumex stenophyllus Ledeb.,Plantae,SPECIES
160887182,86006,"Saissetia coffeae (Walker, 1852)",Animalia,SPECIES
160887183,86005,Rumex triangulivalvis (Danser) Rech.fil.,Plantae,SPECIES
160887184,86008,"Saissetia oleae (Olivier, 1791)",Animalia,SPECIES
8198400,86007,"Parasaissetia nigra (Nietner, 1861)",Animalia,SPECIES
160887186,86009,Salix acutifolia Willd.,Plantae,SPECIES
160887187,86001,Rumex patientia L.,Plantae,SPECIES
160887188,86002,Rumex pulcher L.,Plantae,SPECIES
160887189,85951,"Rhipicephalus sanguineus Latreille, 1806",Animalia,SPECIES
160887190,85950,Rhinanthus serotinus (Schönh. ex Halácsy & Heinr.Braun) Oborny,Plantae,SPECIES
160887191,85851,"Polyodon spathula (Walbaum, 1792)",Animalia,SPECIES
160887192,85852,"Polyphagotarsonemus latus (Banks, 1904)",Animalia,SPECIES
2889088,85205,Reynoutria sachalinensis (F.Schmidt) Nakai,Plantae,SPECIES
160887194,85203,"Falco biarmicus Temminck, 1825",Animalia,SPECIES
160887197,86177,Torilis nodosa (L.) Gaertn.,Plantae,SPECIES
160887199,85496,Malva nicaeensis All.,Plantae,SPECIES
160887200,85495,Malva neglecta Wallr.,Plantae,SPECIES
160887201,85498,Malva sylvestris L.,Plantae,SPECIES
160887202,85497,Malva pusilla Sm.,Plantae,SPECIES
160887203,85500,"Marenzelleria neglecta Sikorski & Bick, 2004",Animalia,SPECIES
160887204,85494,Malva moschata L.,Plantae,SPECIES
160887205,85499,Malva verticillata L.,Plantae,SPECIES
3152377,85493,Malva verticillata L.,Plantae,SPECIES
160887207,84629,Anoda cristata (L.) Schltdl.,Plantae,SPECIES
3152493,84630,Anoda cristata (L.) Schltdl.,Plantae,SPECIES
160887209,84546,Alcea rugosa Alef.,Plantae,SPECIES
160887210,84501,Abutilon theophrasti Medik.,Plantae,SPECIES
