taxonKey,nubKey,countryCode,occurrenceStatus,establishmentMeans,degreeOfEstablishment,pathway,eventDate,source
148702483,2284485,GB,present,introduced,,,,
148702484,5422556,GB,present,introduced,yes,,,
148702488,3197314,GB,present,introduced,yes,,,
148702492,2501248,GB,present,introduced,,,,
148702498,4283395,GB,present,introduced,,,,
148702501,8018048,GB,present,introduced,,,,
148702505,3197970,GB,present,introduced,,,,
148702513,2266754,GB,present,introduced,,,,
148702514,9355965,GB,present,introduced,,,,
148702519,2265249,GB,present,introduced,,,,
148702522,8041570,GB,present,introduced,,,,
148702524,2266009,GB,present,introduced,yes,,,
3193658,5421668,GB,present,introduced,,,,
148702528,5185676,GB,present,introduced,,,,
148702535,2251202,GB,present,introduced,,,,
148702537,5421557,GB,present,introduced,,,,
148702539,2246541,GB,present,introduced,,,,
148702548,4985433,GB,present,introduced,,,,
148702549,8050384,GB,present,introduced,,,,
148702556,7974238,GB,present,introduced,,,,
148702557,4985072,GB,present,introduced,yes,,,
148702562,8155634,GB,present,introduced,yes,,,
148702565,8155634,GB,present,introduced,,,,
148702567,7699567,GB,present,introduced,,,,
148702568,1010024,GB,present,introduced,yes,,,
148702571,8428595,GB,present,introduced,,,,
148702573,4984851,GB,present,introduced,,,,
148702575,7668385,GB,present,introduced,,,,
148702582,2527401,GB,present,introduced,,,,
148702588,2304415,GB,present,introduced,yes,,,
148702590,4363499,GB,present,introduced,,,,
148702592,6096602,GB,present,introduced,,,,
148702593,4363583,GB,present,introduced,,,,
148702600,8207003,GB,present,introduced,,,,
9520065,8075198,GB,present,introduced,,,,
148702602,7926430,GB,present,introduced,,,,
148702603,5189713,GB,present,introduced,,,,
148702610,5192470,GB,present,introduced,yes,,,
148702611,7230558,GB,present,introduced,yes,,,
148702617,5192789,GB,present,introduced,yes,,,
148702618,5281901,GB,present,introduced,yes,,,
148702623,2301629,GB,present,introduced,,,,
148702624,5278964,GB,present,introduced,,,,
148702628,4598226,GB,present,introduced,,,,
148702630,2658889,GB,present,introduced,yes,,,
148702631,4598225,GB,present,introduced,,,,
148702635,5780572,GB,present,introduced,,,,
148702636,2658866,GB,present,introduced,,,,
148702639,9418736,GB,present,introduced,,,,
148702642,5189806,GB,present,introduced,,,,
148702644,5189789,GB,present,introduced,,,,
10889612,2663133,GB,present,introduced,,,,
8014163,5190784,GB,present,introduced,,,,
148702651,2668884,GB,present,introduced,yes,,,
148702652,5279840,GB,present,introduced,yes,,,
148702654,2295442,GB,present,introduced,,,,
148702656,4567599,GB,present,introduced,,,,
148702660,4565039,GB,present,introduced,,,,
11453075,5277431,GB,present,introduced,,,,
148702663,4565046,GB,present,introduced,,,,
148702664,7682935,GB,present,introduced,yes,,,
148702668,2657641,GB,present,introduced,,,,
148702669,2657651,GB,present,introduced,,,,
148702672,2294277,GB,present,introduced,,,,
148702673,2294287,GB,present,introduced,,,,
148702676,2657585,GB,present,introduced,,,,
148702677,2656854,GB,present,introduced,,,,
7910695,2297296,GB,present,introduced,,,,
148702680,5190777,GB,present,introduced,,,,
148702685,5279303,GB,present,introduced,,,,
148702686,2296807,GB,present,introduced,,,,
148702687,2296805,GB,present,introduced,,,,
10284648,4564624,GB,present,introduced,,,,
9890104,2296797,GB,present,introduced,,,,
8624880,8624880,GB,present,introduced,,,,
148702694,5279603,GB,present,introduced,,,,
148702696,2297229,GB,present,introduced,,,,
148702697,5279613,GB,present,introduced,,,,
148702699,4567717,GB,present,introduced,,,,
148702700,5279568,GB,present,introduced,,,,
148702706,7791733,GB,present,introduced,,,,
2287076,8283653,GB,present,introduced,yes,,,
148702712,2688189,GB,present,introduced,,,,
148702713,2287073,GB,present,introduced,yes,,,
148702714,2287072,GB,present,introduced,yes,,,
148702720,2687940,GB,present,introduced,,,,
148702721,8485639,GB,present,introduced,yes,,,
148702722,2287249,GB,present,introduced,,,,
148702729,2285357,GB,present,introduced,,,,
148702732,7498955,GB,present,introduced,,,,
7820753,2286069,GB,present,introduced,yes,,,
10173892,10173892,GB,present,introduced,,,,
148702737,5275404,GB,present,introduced,,,,
148702738,2286079,GB,present,introduced,,,,
148702739,2286081,GB,present,introduced,,,,
148702744,5188971,GB,present,introduced,yes,,,
11829634,4025486,GB,present,introduced,,,,
148702747,2286719,GB,present,introduced,,,,
148702750,4372686,GB,present,introduced,,,,
148702751,2287615,GB,present,introduced,,,,
148702752,2650903,GB,present,introduced,,,,
148702753,2287668,GB,present,introduced,,,,
148702755,8190231,GB,present,introduced,yes,,,
148702756,2650999,GB,present,introduced,,,,
148702760,2651122,GB,present,introduced,,,,
6531311,2285760,GB,present,introduced,,,,
148702763,2285737,GB,present,introduced,,,,
148702764,7157952,GB,present,introduced,,,,
148702765,5188832,GB,present,introduced,,,,
148702768,7319302,GB,present,introduced,,,,
148702771,4345792,GB,present,introduced,yes,,,
148702774,4414288,GB,present,introduced,,,,
148702775,2650829,GB,present,introduced,,,,
4412444,4412443,GB,present,introduced,,,,
8788742,4078566,GB,present,introduced,,,,
148702784,4412419,GB,present,introduced,,,,
148702785,4412372,GB,present,introduced,,,,
9530165,7296768,GB,present,introduced,,,,
148702793,2650107,GB,present,introduced,yes,,,
148702794,5233371,GB,present,introduced,,,,
11589404,4416127,GB,present,introduced,,,,
148702801,5892137,GB,present,introduced,,,,
148702802,2765156,GB,present,introduced,,,,
148702803,8701771,GB,present,introduced,,,,
148702804,2765272,GB,present,introduced,,,,
148702806,2766030,GB,present,introduced,,,,
148702807,2502805,GB,present,introduced,yes,,,
2765942,2765940,GB,present,introduced,,,,
148702810,6477009,GB,present,introduced,,,,
148702812,2502865,GB,present,introduced,yes,,,
148702813,2502795,GB,present,introduced,,,,
148702814,5329014,GB,present,introduced,,,,
148702816,2502792,GB,present,introduced,yes,,,
148702817,5328909,GB,present,introduced,yes,,,
7758879,4413868,GB,present,introduced,,,,
148702823,5329027,GB,present,introduced,,,,
148702827,7825598,GB,present,introduced,,,,
148702829,2865526,GB,present,introduced,,,,
148702830,4413920,GB,present,introduced,,,,
148702831,4413919,GB,present,introduced,,,,
148702834,5329404,GB,present,introduced,,,,
148702835,2865565,GB,present,introduced,yes,,,
148702837,8172382,GB,present,introduced,,,,
5329263,5329260,GB,present,introduced,yes,,,
148702840,5329212,GB,present,introduced,yes,,,
148702841,4559504,GB,present,introduced,,,,
148702842,5329198,GB,present,introduced,,,,
148702843,4559502,GB,present,introduced,,,,
148702844,2865448,GB,present,introduced,yes,,,
148702849,2868827,GB,present,introduced,,,,
148702851,4554479,GB,present,introduced,,,,
148702853,2870583,GB,present,introduced,,,,
148702856,2867631,GB,present,introduced,,,,
148702859,2867614,GB,present,introduced,yes,,,
148702860,4556178,GB,present,introduced,,,,
148702863,4556340,GB,present,introduced,,,,
148702864,2869311,GB,present,introduced,yes,,,
5777790,5777790,GB,present,introduced,,,,
148702870,2869301,GB,present,introduced,,,,
4346612,5890148,GB,present,introduced,yes,,,
148702876,4411119,GB,present,introduced,,,,
148702879,2308258,GB,present,introduced,,,,
148702881,5330001,GB,present,introduced,,,,
148702882,2869101,GB,present,introduced,,,,
148702884,2308549,GB,present,introduced,,,,
148702886,7228304,GB,present,introduced,,,,
148702888,5194067,GB,present,introduced,,,,
148702889,2867531,GB,present,introduced,,,,
148702891,2308541,GB,present,introduced,,,,
148702892,2308557,GB,present,introduced,,,,
148702894,2308574,GB,present,introduced,,,,
148702896,5328593,GB,present,introduced,,,,
148702900,2321012,GB,present,introduced,,,,
148702904,5299536,GB,present,introduced,,,,
148702905,5299675,GB,present,introduced,,,,
148702907,5299458,GB,present,introduced,,,,
148702909,5199161,GB,present,introduced,yes,,,
148702911,2753146,GB,present,introduced,,,,
148702912,2753026,GB,present,introduced,,,,
148702914,5199488,GB,present,introduced,,,,
148702915,2752849,GB,present,introduced,,,,
148702916,2327326,GB,present,introduced,,,,
148702918,2328302,GB,present,introduced,yes,,,
148702919,2328293,GB,present,introduced,,,,
148702920,2328383,GB,present,introduced,yes,,,
148702921,2327735,GB,present,introduced,yes,,,
148702924,2753786,GB,present,introduced,,,,
148702925,5200151,GB,present,introduced,,,,
148702930,5197206,GB,present,introduced,,,,
148702933,2316488,GB,present,introduced,,,,
4931274,2778519,GB,present,introduced,,,,
148702936,2315382,GB,present,introduced,,,,
148702937,2778511,GB,present,introduced,,,,
148702939,2781074,GB,present,introduced,,,,
148702940,2781103,GB,present,introduced,,,,
148702942,5305162,GB,present,introduced,,,,
148702945,5305033,GB,present,introduced,,,,
148702948,2778457,GB,present,introduced,,,,
148702950,2230413,GB,present,introduced,,,,
148702952,2230973,GB,present,introduced,,,,
8316677,2747442,GB,present,introduced,,,,
148702959,4539276,GB,present,introduced,,,,
148702962,4537152,GB,present,introduced,,,,
148702969,1030608,GB,present,introduced,,,,
5296860,5296862,GB,present,introduced,,,,
5296860,5296865,GB,present,introduced,,,,
148702975,1017419,GB,present,introduced,,,,
148702979,1013209,GB,present,introduced,,,,
5298224,2748377,GB,present,introduced,,,,
148702981,4419413,GB,present,introduced,,,,
2746005,2746008,GB,present,introduced,,,,
148702985,5297820,GB,present,introduced,,,,
148702989,5296432,GB,present,introduced,,,,
148702990,2234836,GB,present,introduced,,,,
148702994,5296178,GB,present,introduced,,,,
148702995,2220312,GB,present,introduced,yes,,,
148702998,5175940,GB,present,introduced,,,,
148703000,2208437,GB,present,introduced,,,,
148703001,5296365,GB,present,introduced,,,,
148703003,5296218,GB,present,introduced,,,,
2205843,5176345,GB,present,introduced,,,,
148703007,2745809,GB,present,introduced,,,,
148703010,2223429,GB,present,introduced,,,,
148703012,5298334,GB,present,introduced,,,,
148703013,4377567,GB,present,introduced,,,,
148703015,2225815,GB,present,introduced,,,,
148703017,2224970,GB,present,introduced,,,,
148703018,2748312,GB,present,introduced,,,,
148703019,5298126,GB,present,introduced,,,,
148703021,5298946,GB,present,introduced,,,,
148703022,2227289,GB,present,introduced,yes,,,
148703023,5298900,GB,present,introduced,,,,
148703024,2227300,GB,present,introduced,yes,,,
8971201,2227064,GB,present,introduced,yes,,,
148703026,5298069,GB,present,introduced,,,,
8909595,2227000,GB,present,introduced,yes,,,
5298069,8070210,GB,present,introduced,,,,
148703029,5298051,GB,present,introduced,,,,
148703031,5298019,GB,present,introduced,,,,
148703032,5972004,GB,present,introduced,,,,
148703033,5297966,GB,present,introduced,,,,
148703035,2227663,GB,present,introduced,yes,,,
148703036,5296922,GB,present,introduced,,,,
148703037,2227670,GB,present,introduced,yes,,,
148703039,5296704,GB,present,introduced,,,,
10673640,7458030,GB,present,introduced,,,,
148703041,4382841,GB,present,introduced,yes,,,
148703042,2225772,GB,present,introduced,yes,,,
148703043,2750096,GB,present,introduced,,,,
148703044,2225776,GB,present,introduced,yes,,,
148703045,2225797,GB,present,introduced,,,,
148703048,2747530,GB,present,introduced,,,,
8946295,4417551,GB,present,introduced,yes,,,
148703050,2226990,GB,present,introduced,yes,,,
148703051,2747718,GB,present,introduced,,,,
148703052,2226998,GB,present,introduced,,,,
148703053,2747815,GB,present,introduced,,,,
2747567,2747568,GB,present,introduced,,,,
148703057,2219149,GB,present,introduced,,,,
148703059,2217982,GB,present,introduced,yes,,,
148703060,2747564,GB,present,introduced,,,,
148703063,2747567,GB,present,introduced,,,,
148703064,2747340,GB,present,introduced,,,,
148703065,2747842,GB,present,introduced,,,,
148703066,2217354,GB,present,introduced,,,,
148703067,2747313,GB,present,introduced,,,,
148703068,4314702,GB,present,introduced,yes,,,
148703069,4314683,GB,present,introduced,,,,
148703070,2747489,GB,present,introduced,,,,
148703071,2747305,GB,present,introduced,,,,
148703072,6460944,GB,present,introduced,,,,
148703073,2747464,GB,present,introduced,,,,
148703074,2747927,GB,present,introduced,,,,
148703076,2747946,GB,present,introduced,,,,
148703077,2747959,GB,present,introduced,,,,
148703079,2744161,GB,present,introduced,,,,
148703080,4315713,GB,present,introduced,,,,
148703082,2744906,GB,present,introduced,,,,
4315720,4315721,GB,present,introduced,,,,
148703086,2219863,GB,present,introduced,yes,,,
148703087,4315703,GB,present,introduced,yes,,,
148703088,4315705,GB,present,introduced,yes,,,
2859597,2859569,GB,present,introduced,,,,
148703090,4315708,GB,present,introduced,,,,
148703093,5178057,GB,present,introduced,yes,,,
148703096,7563173,GB,present,introduced,,,,
2855328,2855333,GB,present,introduced,,,,
148703099,4314748,GB,present,introduced,,,,
2860425,7816663,GB,present,introduced,,,,
10755213,2858375,GB,present,introduced,,,,
148703106,4928424,GB,present,introduced,,,,
148703107,2114151,GB,present,introduced,,,,
148703108,2858401,GB,present,introduced,,,,
148703109,2854755,GB,present,introduced,,,,
148703111,2855968,GB,present,introduced,,,,
148703113,2857697,GB,present,introduced,,,,
4335587,8412690,GB,present,introduced,,,,
148703115,2856037,GB,present,introduced,,,,
148703117,2855683,GB,present,introduced,,,,
148703118,2115769,GB,present,introduced,yes,,,
148703120,2856681,GB,present,introduced,,,,
148703121,4805564,GB,present,introduced,,,,
148703122,2857829,GB,present,introduced,,,,
148703123,2856457,GB,present,introduced,,,,
148703124,6467647,GB,present,introduced,,,,
148703125,2856456,GB,present,introduced,,,,
148703127,2857017,GB,present,introduced,yes,,,
148703129,2855893,GB,present,introduced,yes,,,
2857444,2856476,GB,present,introduced,,,,
148703131,2856348,GB,present,introduced,,,,
148703133,2855825,GB,present,introduced,,,,
148703134,2856288,GB,present,introduced,,,,
148703135,5166760,GB,present,introduced,,,,
148703138,2855823,GB,present,introduced,,,,
148703140,4553820,GB,present,introduced,,,,
148703141,5325855,GB,present,introduced,,,,
148703143,2855342,GB,present,introduced,,,,
148703146,2855339,GB,present,introduced,,,,
148703147,2855379,GB,present,introduced,,,,
7783291,2140000,GB,present,introduced,,,,
7909042,2139978,GB,present,introduced,,,,
148703151,5800485,GB,present,introduced,,,,
148703152,2855338,GB,present,introduced,,,,
2855338,8039494,GB,present,introduced,,,,
148703154,2855374,GB,present,introduced,,,,
148703156,2855356,GB,present,introduced,,,,
148703157,2142456,GB,present,introduced,,,,
148703158,2855398,GB,present,introduced,,,,
148703160,5168969,GB,present,introduced,,,,
148703161,2860409,GB,present,introduced,,,,
148703162,2853283,GB,present,introduced,,,,
10686844,2171760,GB,present,introduced,,,,
148703166,2858909,GB,present,introduced,,,,
148703167,2173236,GB,present,introduced,,,,
148703169,2162537,GB,present,introduced,,,,
148703171,2858654,GB,present,introduced,,,,
148703172,2858846,GB,present,introduced,,,,
11690517,2162175,GB,present,introduced,,,,
148703174,2858359,GB,present,introduced,,,,
148703176,2858584,GB,present,introduced,,,,
148703177,7227587,GB,present,introduced,,,,
148703178,2858581,GB,present,introduced,,,,
148703179,2144994,GB,present,introduced,,,,
148703180,2858739,GB,present,introduced,,,,
148703181,2144770,GB,present,introduced,,,,
148703182,2858321,GB,present,introduced,,,,
148703183,2858420,GB,present,introduced,,,,
148703186,2855486,GB,present,introduced,,,,
7902793,2146639,GB,present,introduced,,,,
10755213,2858363,GB,present,introduced,,,,
148703190,2858963,GB,present,introduced,,,,
148703191,2139092,GB,present,introduced,,,,
148703192,2139331,GB,present,introduced,,,,
148703193,2858501,GB,present,introduced,,,,
148703196,2134305,GB,present,introduced,,,,
2856204,2856205,GB,present,introduced,,,,
148703198,2137699,GB,present,introduced,,,,
148703202,2140443,GB,present,introduced,,,,
148703203,2140326,GB,present,introduced,,,,
2775683,2775677,GB,present,introduced,,,,
148703206,2143921,GB,present,introduced,,,,
148703209,5170994,GB,present,introduced,,,,
2767229,2767230,GB,present,introduced,,,,
148703212,2149784,GB,present,introduced,,,,
148703213,2149937,GB,present,introduced,,,,
148703214,2149679,GB,present,introduced,,,,
148703216,2150089,GB,present,introduced,,,,
2767271,2767272,GB,present,introduced,,,,
2157402,4659890,GB,present,introduced,,,,
4550810,2157642,GB,present,introduced,,,,
148703224,2157242,GB,present,introduced,,,,
148703225,2157203,GB,present,introduced,,,,
2767275,2767279,GB,present,introduced,,,,
148703227,2156506,GB,present,introduced,,,,
148703228,2155867,GB,present,introduced,,,,
148703233,4324251,GB,present,introduced,,,,
148703235,2110811,GB,present,introduced,,,,
148703236,2110813,GB,present,introduced,,,,
148703237,2769204,GB,present,introduced,,,,
148703239,2117035,GB,present,introduced,,,,
148703241,2110451,GB,present,introduced,,,,
148703243,2110459,GB,present,introduced,,,,
148703244,2110464,GB,present,introduced,,,,
2769435,2769444,GB,present,introduced,,,,
148703246,5304187,GB,present,introduced,,,,
148703247,2110467,GB,present,introduced,,,,
148703248,2110481,GB,present,introduced,,,,
148703250,2767405,GB,present,introduced,,,,
148703252,2767506,GB,present,introduced,,,,
148703253,4329507,GB,present,introduced,,,,
148703254,4329506,GB,present,introduced,,,,
148703255,2767302,GB,present,introduced,,,,
148703256,2116335,GB,present,introduced,,,,
148703257,2767389,GB,present,introduced,,,,
148703260,4333253,GB,present,introduced,,,,
148703261,8080743,GB,present,introduced,,,,
148703262,2114446,GB,present,introduced,,,,
148703263,2767432,GB,present,introduced,,,,
148703265,2772865,GB,present,introduced,,,,
148703266,2769775,GB,present,introduced,,,,
148703267,8152187,GB,present,introduced,,,,
148703269,2772094,GB,present,introduced,,,,
148703274,8351995,GB,present,introduced,,,,
2773448,2773467,GB,present,introduced,,,,
148703277,2773281,GB,present,introduced,,,,
148703279,1423286,GB,present,introduced,,,,
148703281,5304298,GB,present,introduced,,,,
148703282,1427734,GB,present,introduced,,,,
148703285,2772666,GB,present,introduced,,,,
148703286,1412393,GB,present,introduced,,,,
148703287,5304257,GB,present,introduced,,,,
148703289,1415862,GB,present,introduced,,,,
148703290,2766411,GB,present,introduced,,,,
148703293,2768885,GB,present,introduced,,,,
148703294,1824113,GB,present,introduced,yes,,,
148703295,2767031,GB,present,introduced,,,,
148703298,4528702,GB,present,introduced,,,,
148703300,5102445,GB,present,introduced,,,,
148703302,5769719,GB,present,introduced,,,,
148703303,2700874,GB,present,introduced,,,,
148703304,7457167,GB,present,introduced,,,,
148703306,2701970,GB,present,introduced,,,,
5105642,5879975,GB,present,introduced,,,,
148703309,1802868,GB,present,introduced,,,,
148703310,2702084,GB,present,introduced,,,,
148703312,2701564,GB,present,introduced,,,,
148703313,1858063,GB,present,introduced,,,,
148703314,1855620,GB,present,introduced,,,,
148703316,1857068,GB,present,introduced,,,,
148703317,2696031,GB,present,introduced,,,,
148703319,1864008,GB,present,introduced,,,,
148703321,1807881,GB,present,introduced,,,,
148703322,5117791,GB,present,introduced,,,,
148703324,5148424,GB,present,introduced,,,,
148703325,5287984,GB,present,introduced,,,,
148703326,1986452,GB,present,introduced,,,,
1957570,11275490,GB,present,introduced,,,,
148703329,2715482,GB,present,introduced,,,,
148703330,1983888,GB,present,introduced,,,,
148703331,2728060,GB,present,introduced,,,,
148703332,1983997,GB,present,introduced,,,,
148703333,1982406,GB,present,introduced,,,,
148703335,2712244,GB,present,introduced,,,,
148703336,1875425,GB,present,introduced,,,,
148703338,1878470,GB,present,introduced,,,,
148703341,5879783,GB,present,introduced,,,,
148703342,1741826,GB,present,introduced,,,,
7262124,5946708,GB,present,introduced,,,,
148703344,1736574,GB,present,introduced,,,,
148703345,4143248,GB,present,introduced,,,,
148703346,1737131,GB,present,introduced,,,,
148703347,1737917,GB,present,introduced,,,,
148703348,1737816,GB,present,introduced,,,,
148703349,1737783,GB,present,introduced,,,,
148703352,5290052,GB,present,introduced,,,,
1884437,4531697,GB,present,introduced,,,,
148703354,1887576,GB,present,introduced,,,,
4531968,4531968,GB,present,introduced,,,,
148703356,1887087,GB,present,introduced,,,,
2703231,2703231,GB,present,introduced,,,,
1884461,11195352,GB,present,introduced,,,,
148703359,1884441,GB,present,introduced,,,,
148703360,1879078,GB,present,introduced,,,,
148703362,1879452,GB,present,introduced,,,,
1884132,10907063,GB,present,introduced,,,,
148703365,4532122,GB,present,introduced,,,,
148703367,5120767,GB,present,introduced,,,,
4154191,4112411,GB,present,introduced,,,,
148703370,5109882,GB,present,introduced,,,,
148703371,5109931,GB,present,introduced,,,,
148703372,5109850,GB,present,introduced,,,,
148703373,1759673,GB,present,introduced,,,,
2703670,4112404,GB,present,introduced,,,,
148703376,1787590,GB,present,introduced,,,,
148703378,1795215,GB,present,introduced,,,,
148703379,1785185,GB,present,introduced,,,,
148703381,1750159,GB,present,introduced,,,,
2703663,2703664,GB,present,introduced,,,,
148703384,1749936,GB,present,introduced,,,,
148703385,1750056,GB,present,introduced,,,,
2703721,2703722,GB,present,introduced,,,,
148703387,1750157,GB,present,introduced,,,,
148703388,1750288,GB,present,introduced,,,,
148703390,5104903,GB,present,introduced,,,,
148703391,1749449,GB,present,introduced,,,,
2703760,2703761,GB,present,introduced,yes,,,
2703746,2703751,GB,present,introduced,,,,
2703647,2703648,GB,present,introduced,,,,
148703399,1921004,GB,present,introduced,,,,
148703401,1932752,GB,present,introduced,,,,
6067827,4148214,GB,present,introduced,,,,
4528100,4528099,GB,present,introduced,,,,
148703405,1852118,GB,present,introduced,,,,
148703406,1850279,GB,present,introduced,,,,
148703408,1850450,GB,present,introduced,,,,
2703723,2703727,GB,present,introduced,,,,
2703712,2703715,GB,present,introduced,,,,
148703412,1851409,GB,present,introduced,,,,
148703413,5122232,GB,present,introduced,,,,
148703416,1830221,GB,present,introduced,,,,
4932232,4126278,GB,present,introduced,,,,
148703418,1830209,GB,present,introduced,,,,
148703419,1830271,GB,present,introduced,,,,
148703422,4529740,GB,present,introduced,,,,
8335191,4109217,GB,present,introduced,,,,
148703426,1419902,GB,present,introduced,,,,
4130858,4131114,GB,present,introduced,,,,
148703431,5039293,GB,present,introduced,,,,
148703432,1337092,GB,present,introduced,,,,
4132188,4132054,GB,present,introduced,,,,
148703437,1346919,GB,present,introduced,,,,
148703439,1316805,GB,present,introduced,,,,
148703440,10114895,GB,present,introduced,,,,
148703442,1323493,GB,present,introduced,,,,
9592414,5290030,GB,present,introduced,,,,
148703444,1323414,GB,present,introduced,,,,
148703445,1322635,GB,present,introduced,,,,
148703446,1321805,GB,present,introduced,,,,
9478836,5290026,GB,present,introduced,,,,
148703449,1320787,GB,present,introduced,,,,
148703451,1325561,GB,present,introduced,,,,
9394776,5290035,GB,present,introduced,,,,
148703453,1325564,GB,present,introduced,,,,
148703454,1325436,GB,present,introduced,,,,
148703455,1316908,GB,present,introduced,yes,,,
148703457,7358948,GB,present,introduced,yes,,,
148703458,1325120,GB,present,introduced,,,,
148703460,5289693,GB,present,introduced,,,,
148703461,6096907,GB,present,introduced,yes,,,
148703462,2703325,GB,present,introduced,,,,
148703463,7795888,GB,present,introduced,,,,
148703465,1309652,GB,present,introduced,,,,
148703466,2706406,GB,present,introduced,,,,
2702727,5289590,GB,present,introduced,,,,
148703468,4497124,GB,present,introduced,,,,
148703471,1589856,GB,present,introduced,,,,
148703472,9283187,GB,present,introduced,,,,
4120648,4144456,GB,present,introduced,,,,
148703477,4120602,GB,present,introduced,,,,
148703478,1562730,GB,present,introduced,,,,
148703480,1587157,GB,present,introduced,,,,
148703482,2705966,GB,present,introduced,,,,
148703485,5289698,GB,present,introduced,,,,
148703486,5289684,GB,present,introduced,,,,
148703487,5289686,GB,present,introduced,,,,
148703489,2705185,GB,present,introduced,,,,
148703490,2705181,GB,present,introduced,,,,
148703492,1528980,GB,present,introduced,yes,,,
148703493,7952471,GB,present,introduced,yes,,,
148703495,8362005,GB,present,introduced,yes,,,
148703496,5073820,GB,present,introduced,,,,
148703499,4127352,GB,present,introduced,yes,,,
9341614,1593181,GB,present,introduced,,,,
148703504,1595142,GB,present,introduced,,,,
148703507,4128359,GB,present,introduced,,,,
148703512,5289746,GB,present,introduced,,,,
148703515,5289744,GB,present,introduced,,,,
148703516,5289752,GB,present,introduced,,,,
148703517,1469908,GB,present,introduced,,,,
148703518,5289758,GB,present,introduced,,,,
148703519,2705622,GB,present,introduced,,,,
148703520,2705962,GB,present,introduced,,,,
148703522,2704261,GB,present,introduced,,,,
148703524,1554694,GB,present,introduced,,,,
148703526,2704211,GB,present,introduced,,,,
148703527,1552561,GB,present,introduced,,,,
148703529,2704228,GB,present,introduced,,,,
148703531,5289919,GB,present,introduced,,,,
148703534,5289833,GB,present,introduced,,,,
148703536,5289831,GB,present,introduced,,,,
148703538,2705162,GB,present,introduced,,,,
148703540,2705090,GB,present,introduced,,,,
148703542,4129708,GB,present,introduced,,,,
148703543,5055183,GB,present,introduced,,,,
148703545,1653695,GB,present,introduced,,,,
148703546,1651430,GB,present,introduced,,,,
148703548,2706242,GB,present,introduced,,,,
148703551,2706026,GB,present,introduced,,,,
7763534,11068237,GB,present,introduced,,,,
5153690,5153689,GB,present,introduced,,,,
148703556,2053954,GB,present,introduced,yes,,,
148703558,2706052,GB,present,introduced,,,,
148703559,5164224,GB,present,introduced,,,,
5156017,5156016,GB,present,introduced,,,,
148703564,8332019,GB,present,introduced,,,,
148703565,5156102,GB,present,introduced,,,,
148703566,8332019,GB,present,introduced,,,,
148703568,5153082,GB,present,introduced,,,,
148703569,7226802,GB,present,introduced,,,,
148703571,2078852,GB,present,introduced,,,,
148703572,4485843,GB,present,introduced,,,,
148703573,2706056,GB,present,introduced,,,,
148703575,7886346,GB,present,introduced,,,,
148703576,4270548,GB,present,introduced,,,,
148703577,2080592,GB,present,introduced,,,,
148703579,5290177,GB,present,introduced,,,,
148703583,2092051,GB,present,introduced,,,,
148703584,2092040,GB,present,introduced,yes,,,
148703585,2091932,GB,present,introduced,,,,
148703586,8042547,GB,present,introduced,,,,
148703588,2705512,GB,present,introduced,,,,
148703590,5676003,GB,present,introduced,,,,
2704949,2704955,GB,present,introduced,,,,
148703594,2706501,GB,present,introduced,,,,
148703596,2706541,GB,present,introduced,,,,
148703598,2706444,GB,present,introduced,,,,
148703600,5290097,GB,present,introduced,,,,
148703602,4136947,GB,present,introduced,,,,
8382786,4484292,GB,present,introduced,,,,
148703604,2012118,GB,present,introduced,,,,
148703606,5289642,GB,present,introduced,,,,
148703607,2020688,GB,present,introduced,,,,
148703608,5289643,GB,present,introduced,,,,
148703609,2020686,GB,present,introduced,,,,
148703610,2705972,GB,present,introduced,,,,
148703611,2020655,GB,present,introduced,,,,
148703613,2020779,GB,present,introduced,,,,
148703615,5290059,GB,present,introduced,,,,
148703617,2705295,GB,present,introduced,,,,
5152721,7527347,GB,present,introduced,,,,
148703619,2705286,GB,present,introduced,,,,
148703620,4487799,GB,present,introduced,,,,
148703621,2705290,GB,present,introduced,,,,
148703622,2705297,GB,present,introduced,,,,
148703623,7769968,GB,present,introduced,,,,
148703625,4488082,GB,present,introduced,,,,
148703626,2705300,GB,present,introduced,,,,
148703627,4487742,GB,present,introduced,,,,
148703628,2703717,GB,present,introduced,,,,
148703631,4488821,GB,present,introduced,,,,
148703633,2702793,GB,present,introduced,,,,
148703637,2702792,GB,present,introduced,,,,
148703638,4111775,GB,present,introduced,,,,
148703641,5162004,GB,present,introduced,,,,
148703642,2703711,GB,present,introduced,,,,
148703643,2703705,GB,present,introduced,,,,
148703644,8016819,GB,present,introduced,,,,
2703686,2703687,GB,present,introduced,,,,
148703646,5161787,GB,present,introduced,,,,
148703647,4154003,GB,present,introduced,,,,
148703649,2704523,GB,present,introduced,,,,
148703650,4486365,GB,present,introduced,,,,
148703651,4486382,GB,present,introduced,,,,
148703652,5289998,GB,present,introduced,,,,
148703655,5289972,GB,present,introduced,,,,
2070692,2070695,GB,present,introduced,,,,
148703659,5290003,GB,present,introduced,,,,
8035334,2075867,GB,present,introduced,,,,
148703662,2704394,GB,present,introduced,,,,
2074719,4484903,GB,present,introduced,,,,
10271458,2071553,GB,present,introduced,,,,
148703665,2705400,GB,present,introduced,,,,
148703666,2071540,GB,present,introduced,,,,
148703667,2071530,GB,present,introduced,,,,
148703668,2705378,GB,present,introduced,,,,
148703669,2071843,GB,present,introduced,,,,
148703670,2077950,GB,present,introduced,,,,
148703671,2073062,GB,present,introduced,,,,
148703673,4386522,GB,present,introduced,,,,
148703674,2705369,GB,present,introduced,,,,
148703675,4386522,GB,present,introduced,,,,
148703676,2702808,GB,present,introduced,,,,
148703677,2077113,GB,present,introduced,,,,
148703678,2077119,GB,present,introduced,,,,
148703679,6431411,GB,present,introduced,,,,
148703681,2069529,GB,present,introduced,,,,
148703682,2702822,GB,present,introduced,,,,
6313089,2702798,GB,present,introduced,,,,
148703686,2704987,GB,present,introduced,,,,
148703688,4123970,GB,present,introduced,,,,
2704922,2704947,GB,present,introduced,,,,
148703699,2072761,GB,present,introduced,,,,
148703704,2873769,GB,present,introduced,,,,
148703705,2072384,GB,present,introduced,,,,
148703706,2072196,GB,present,introduced,,,,
148703707,9083295,GB,present,introduced,,,,
148703708,2873807,GB,present,introduced,,,,
148703715,2069916,GB,present,introduced,,,,
148703716,2684171,GB,present,introduced,,,,
148703718,2683894,GB,present,introduced,,,,
148703720,2074362,GB,present,introduced,,,,
148703721,2074369,GB,present,introduced,,,,
148703723,2073287,GB,present,introduced,,,,
148703724,2683909,GB,present,introduced,,,,
148703726,2684120,GB,present,introduced,,,,
148703727,2075983,GB,present,introduced,,,,
148703729,2684070,GB,present,introduced,,,,
148703732,5284237,GB,present,introduced,,,,
148703733,2074729,GB,present,introduced,,,,
148703734,2077985,GB,present,introduced,,,,
148703735,2683866,GB,present,introduced,,,,
148703736,2077209,GB,present,introduced,,,,
148703737,2074696,GB,present,introduced,,,,
148703738,2074705,GB,present,introduced,,,,
148703739,2074753,GB,present,introduced,,,,
148703740,2074803,GB,present,introduced,,,,
148703741,2683880,GB,present,introduced,,,,
148703742,2074776,GB,present,introduced,,,,
148703744,2074978,GB,present,introduced,,,,
148703745,2684984,GB,present,introduced,,,,
148703746,2077652,GB,present,introduced,,,,
148703748,2077734,GB,present,introduced,,,,
148703750,11383063,GB,present,introduced,,,,
148703751,2687210,GB,present,introduced,,,,
148703752,5159694,GB,present,introduced,,,,
148703754,2685796,GB,present,introduced,,,,
148703755,2076179,GB,present,introduced,,,,
148703756,2075896,GB,present,introduced,,,,
148703759,5284884,GB,present,introduced,,,,
148703761,2078259,GB,present,introduced,,,,
148703762,2076388,GB,present,introduced,,,,
148703763,2074692,GB,present,introduced,,,,
148703765,2049607,GB,present,introduced,,,,
148703766,2049603,GB,present,introduced,,,,
148703767,5284745,GB,present,introduced,,,,
148703768,2049732,GB,present,introduced,,,,
148703770,2029273,GB,present,introduced,,,,
148703771,2045436,GB,present,introduced,,,,
148703773,5284917,GB,present,introduced,,,,
148703774,4484044,GB,present,introduced,,,,
148703775,4483961,GB,present,introduced,,,,
148703776,2046028,GB,present,introduced,,,,
148703777,5284871,GB,present,introduced,,,,
148703778,4483385,GB,present,introduced,,,,
148703779,2048955,GB,present,introduced,,,,
148703780,2038171,GB,present,introduced,,,,
148703781,2037925,GB,present,introduced,,,,
148703782,5284950,GB,present,introduced,,,,
148703783,2037991,GB,present,introduced,,,,
148703784,2029899,GB,present,introduced,,,,
148703785,5284827,GB,present,introduced,,,,
148703786,2043586,GB,present,introduced,,,,
148703787,5285727,GB,present,introduced,,,,
148703788,4483099,GB,present,introduced,,,,
148703789,2041682,GB,present,introduced,yes,,,
148703790,2049181,GB,present,introduced,,,,
148703791,5985037,GB,present,introduced,,,,
148703792,2032333,GB,present,introduced,,,,
148703793,2026820,GB,present,introduced,,,,
148703794,5285053,GB,present,introduced,,,,
148703795,2040612,GB,present,introduced,,,,
4483843,2029336,GB,present,introduced,,,,
148703797,5285565,GB,present,introduced,yes,,,
148703798,4484051,GB,present,introduced,,,,
148703801,5285079,GB,present,introduced,,,,
148703802,4998217,GB,present,introduced,,,,
148703803,5285074,GB,present,introduced,,,,
148703805,5284982,GB,present,introduced,,,,
148703806,5285750,GB,present,introduced,,,,
148703807,5825913,GB,present,introduced,,,,
148703810,7230699,GB,present,introduced,,,,
148703811,4469707,GB,present,introduced,,,,
148703812,5285385,GB,present,introduced,,,,
148703813,1247584,GB,present,introduced,,,,
148703814,5284809,GB,present,introduced,yes,,,
148703815,2686157,GB,present,introduced,,,,
148703817,2686212,GB,present,introduced,,,,
148703818,1066826,GB,present,introduced,,,,
148703819,5284702,GB,present,introduced,,,,
148703822,1154692,GB,present,introduced,,,,
148703823,1107218,GB,present,introduced,,,,
148703825,5284698,GB,present,introduced,,,,
148703826,5284682,GB,present,introduced,,,,
148703828,1077130,GB,present,introduced,,,,
148703829,2685308,GB,present,introduced,,,,
148703830,2685361,GB,present,introduced,,,,
148703831,2685552,GB,present,introduced,,,,
148703832,2685326,GB,present,introduced,,,,
148703834,2685318,GB,present,introduced,,,,
148703836,2685484,GB,present,introduced,,,,
148703838,6097315,GB,present,introduced,,,,
148703840,4452858,GB,present,introduced,,,,
1179346,4465640,GB,present,introduced,,,,
148703845,3686235,GB,present,introduced,,,,
1179369,4465638,GB,present,introduced,,,,
148703849,5018748,GB,present,introduced,,,,
148703854,3039203,GB,present,introduced,,,,
7836477,8357062,GB,present,introduced,,,,
148703856,1216881,GB,present,introduced,,,,
148703857,5013177,GB,present,introduced,,,,
148703858,5372392,GB,present,introduced,,,,
148703859,1189397,GB,present,introduced,,,,
148703860,1189261,GB,present,introduced,,,,
148703861,3039194,GB,present,introduced,yes,,,
148703862,9288314,GB,present,introduced,,,,
148703863,3039209,GB,present,introduced,,,,
148703864,1179354,GB,present,introduced,,,,
1176496,4467969,GB,present,introduced,,,,
148703868,2984676,GB,present,introduced,,,,
148703871,1195102,GB,present,introduced,,,,
148703872,3626311,GB,present,introduced,,,,
148703873,1195019,GB,present,introduced,,,,
148703874,1195013,GB,present,introduced,,,,
148703875,1194823,GB,present,introduced,,,,
148703876,2891720,GB,present,introduced,,,,
148703877,1194863,GB,present,introduced,,,,
148703878,2891652,GB,present,introduced,,,,
148703879,4467541,GB,present,introduced,,,,
148703880,2891677,GB,present,introduced,,,,
148703881,1174299,GB,present,introduced,,,,
148703882,8427624,GB,present,introduced,,,,
148703883,2891707,GB,present,introduced,,,,
5018848,9472594,GB,present,introduced,,,,
148703885,2891664,GB,present,introduced,,,,
148703886,7318131,GB,present,introduced,,,,
148703887,7766801,GB,present,introduced,,,,
148703888,9823072,GB,present,introduced,,,,
148703889,4990243,GB,present,introduced,,,,
148703890,7560711,GB,present,introduced,,,,
148703891,1188893,GB,present,introduced,,,,
148703892,1228061,GB,present,introduced,,,,
148703893,2891661,GB,present,introduced,yes,,,
148703894,7156959,GB,present,introduced,,,,
148703895,2891755,GB,present,introduced,,,,
148703896,7318087,GB,present,introduced,,,,
148703897,7859228,GB,present,introduced,,,,
148703900,3034015,GB,present,introduced,,,,
148703901,1212105,GB,present,introduced,,,,
148703902,9202355,GB,present,introduced,,,,
148703904,1231274,GB,present,introduced,,,,
148703906,1043326,GB,present,introduced,,,,
148703907,4452268,GB,present,introduced,,,,
148703908,1043118,GB,present,introduced,,,,
148703910,4989904,GB,present,introduced,yes,,,
148703911,2984306,GB,present,introduced,yes,,,
148703912,1043105,GB,present,introduced,,,,
148703913,1043663,GB,present,introduced,,,,
148703914,1043717,GB,present,introduced,,,,
148703915,1043498,GB,present,introduced,,,,
148703916,8078925,GB,present,introduced,yes,,,
148703917,6993524,GB,present,introduced,,,,
148703923,1230310,GB,present,introduced,,,,
3932661,6376779,GB,present,introduced,,,,
148703926,1212134,GB,present,introduced,,,,
148703929,5018642,GB,present,introduced,,,,
148703932,5331235,GB,present,introduced,,,,
148703933,4451390,GB,present,introduced,,,,
148703935,7628663,GB,present,introduced,,,,
148703936,1095910,GB,present,introduced,,,,
148703938,1095808,GB,present,introduced,,,,
148703939,1095973,GB,present,introduced,,,,
148703940,9153437,GB,present,introduced,,,,
148703941,1095979,GB,present,introduced,,,,
5372655,5582947,GB,present,introduced,,,,
148703943,1095977,GB,present,introduced,,,,
148703944,1095971,GB,present,introduced,,,,
148703945,1095946,GB,present,introduced,,,,
148703946,1095834,GB,present,introduced,,,,
148703947,4427381,GB,present,introduced,,,,
148703948,7645931,GB,present,introduced,,,,
148703949,1095856,GB,present,introduced,,,,
148703950,1095854,GB,present,introduced,,,,
148703951,5372513,GB,present,introduced,,,,
148703954,4476584,GB,present,introduced,,,,
148703955,4474984,GB,present,introduced,,,,
148703956,5582033,GB,present,introduced,,,,
148703958,7917481,GB,present,introduced,,,,
148703959,7103891,GB,present,introduced,,,,
148703960,9716265,GB,present,introduced,,,,
148703961,5757175,GB,present,introduced,,,,
148703962,5372829,GB,present,introduced,,,,
148703963,5372614,GB,present,introduced,,,,
148703965,5755203,GB,present,introduced,,,,
148703966,5372933,GB,present,introduced,,,,
148703968,3040185,GB,present,introduced,,,,
148703969,1036779,GB,present,introduced,,,,
148703970,3040184,GB,present,introduced,,,,
148703971,6362904,GB,present,introduced,,,,
148703972,4473101,GB,present,introduced,,,,
148703973,3040233,GB,present,introduced,,,,
148703976,1045842,GB,present,introduced,,,,
148703977,5878296,GB,present,introduced,,,,
148703978,2873861,GB,present,introduced,,,,
148703979,4990338,GB,present,introduced,,,,
148703980,7987689,GB,present,introduced,,,,
148703982,1045837,GB,present,introduced,,,,
148703983,1045839,GB,present,introduced,,,,
148703984,1045833,GB,present,introduced,,,,
148703985,6097732,GB,present,introduced,,,,
148703986,6436603,GB,present,introduced,,,,
148703988,7548037,GB,present,introduced,,,,
148703992,3713919,GB,present,introduced,,,,
148703993,1045874,GB,present,introduced,,,,
148703994,1045875,GB,present,introduced,,,,
148703996,3712851,GB,present,introduced,,,,
148703997,3714630,GB,present,introduced,,,,
148703998,4440220,GB,present,introduced,,,,
148703999,3189497,GB,present,introduced,,,,
1042185,6097410,GB,present,introduced,,,,
148704001,1040328,GB,present,introduced,,,,
148704002,4436873,GB,present,introduced,,,,
148704003,1041477,GB,present,introduced,,,,
148704004,1040045,GB,present,introduced,,,,
148704005,4439559,GB,present,introduced,,,,
148704006,3189526,GB,present,introduced,,,,
148704007,3712539,GB,present,introduced,,,,
148704008,8190228,GB,present,introduced,,,,
148704010,4440144,GB,present,introduced,,,,
148704011,4437317,GB,present,introduced,,,,
148704012,3062975,GB,present,introduced,,,,
148704013,1041063,GB,present,introduced,,,,
148704014,3065244,GB,present,introduced,,,,
148704015,1040288,GB,present,introduced,,,,
148704017,8498959,GB,present,introduced,,,,
1048497,1048497,GB,present,introduced,,,,
148704019,4990500,GB,present,introduced,,,,
148704020,4460066,GB,present,introduced,,,,
4460196,7948612,GB,present,introduced,,,,
148704022,3068819,GB,present,introduced,,,,
148704023,4460185,GB,present,introduced,,,,
148704024,1047341,GB,present,introduced,,,,
148704026,5752157,GB,present,introduced,,,,
148704027,7225838,GB,present,introduced,,,,
148704028,3067353,GB,present,introduced,,,,
148704029,1047651,GB,present,introduced,,,,
148704030,1047525,GB,present,introduced,,,,
7225838,3067363,GB,present,introduced,,,,
148704036,8203538,GB,present,introduced,,,,
7402123,3064275,GB,present,introduced,,,,
148704038,2458538,GB,present,introduced,yes,,,
148704039,3069593,GB,present,introduced,,,,
148704041,3070106,GB,present,introduced,,,,
148704042,2469188,GB,present,introduced,yes,,,
148704043,6159243,GB,present,introduced,yes,,,
148704044,3069475,GB,present,introduced,,,,
148704046,3067119,GB,present,introduced,,,,
148704048,3069460,GB,present,introduced,,,,
148704049,2443002,GB,present,introduced,yes,,,
148704050,8909809,GB,present,introduced,yes,,,
148704052,5220318,GB,present,introduced,,,,
148704053,3066367,GB,present,introduced,,,,
148704054,2441905,GB,present,introduced,,,,
148704058,7707408,GB,present,introduced,yes,,,
148704059,3066965,GB,present,introduced,,,,
148704061,3066386,GB,present,introduced,,,,
148704063,3068153,GB,present,introduced,,,,
148704064,5200487,GB,present,introduced,,,,
148704066,5200463,GB,present,introduced,yes,,,
148704071,4356092,GB,present,introduced,,,,
148704074,2331498,GB,present,introduced,,,,
2890038,2890039,GB,present,introduced,,,,
148704077,7954301,GB,present,introduced,,,,
148704078,2331942,GB,present,introduced,yes,,,
148704079,2890532,GB,present,introduced,,,,
148704080,4354937,GB,present,introduced,yes,,,
148704081,4354941,GB,present,introduced,yes,,,
148704082,2890651,GB,present,introduced,,,,
148704083,2890122,GB,present,introduced,,,,
148704084,2332123,GB,present,introduced,yes,,,
148704085,2890959,GB,present,introduced,,,,
148704087,2891079,GB,present,introduced,,,,
148704090,2890983,GB,present,introduced,,,,
148704091,2890287,GB,present,introduced,,,,
148704092,2431887,GB,present,introduced,yes,,,
148704093,2891390,GB,present,introduced,,,,
148704094,2431776,GB,present,introduced,,,,
148704095,2890040,GB,present,introduced,,,,
148704096,2431783,GB,present,introduced,yes,,,
148704097,2890502,GB,present,introduced,,,,
2431783,5784900,GB,present,introduced,,,,
148704099,2891124,GB,present,introduced,,,,
148704101,2891552,GB,present,introduced,,,,
148704103,2890739,GB,present,introduced,,,,
148704104,5217334,GB,present,introduced,yes,,,
148704106,2426661,GB,present,introduced,yes,,,
2426654,5784980,GB,present,introduced,,,,
148704109,3826854,GB,present,introduced,,,,
148704110,2427091,GB,present,introduced,yes,,,
148704114,2874680,GB,present,introduced,,,,
148704115,2423435,GB,present,introduced,,,,
148704116,2874508,GB,present,introduced,,,,
148704118,2426612,GB,present,introduced,,,,
2874515,7655426,GB,present,introduced,,,,
148704123,2436940,GB,present,introduced,yes,,,
148704124,2874570,GB,present,introduced,,,,
148704129,2440196,GB,present,introduced,,,,
4264886,4409155,GB,present,introduced,yes,,,
148704134,2986045,GB,present,introduced,,,,
148704135,2439261,GB,present,introduced,yes,,,
148704136,2439270,GB,present,introduced,yes,,,
148704137,5219721,GB,present,introduced,,,,
148704138,2985994,GB,present,introduced,,,,
5786666,2437610,GB,present,introduced,,,,
148704142,2985965,GB,present,introduced,,,,
148704144,5706486,GB,present,introduced,yes,,,
148704146,2439683,GB,present,introduced,,,,
148704149,2437450,GB,present,introduced,,,,
148704150,2437438,GB,present,introduced,,,,
148704151,3082244,GB,present,introduced,yes,,,
148704152,5219681,GB,present,introduced,yes,,,
148704153,2437232,GB,present,introduced,,,,
148704157,8365953,GB,present,introduced,,,,
148704160,2441056,GB,present,introduced,yes,,,
148704161,3082263,GB,present,introduced,,,,
4262380,8600904,GB,present,introduced,,,,
148704165,5220114,GB,present,introduced,,,,
148704166,2440974,GB,present,introduced,,,,
148704167,2440946,GB,present,introduced,yes,,,
148704168,2440931,GB,present,introduced,yes,,,
148704169,5220136,GB,present,introduced,yes,,,
148704171,2440954,GB,present,introduced,yes,,,
148704175,5218786,GB,present,introduced,,,,
148704176,3988701,GB,present,introduced,,,,
148704177,2433536,GB,present,introduced,,,,
5218823,2433652,GB,present,introduced,yes,,,
5218913,5816581,GB,present,introduced,yes,,,
148704182,5219380,GB,present,introduced,,,,
2434903,2434904,GB,present,introduced,,,,
148704186,2435035,GB,present,introduced,yes,,,
148704187,3188747,GB,present,introduced,,,,
5219303,2434532,GB,present,introduced,,,,
148704193,2434552,GB,present,introduced,,,,
148704197,5203115,GB,present,introduced,,,,
3176369,3176366,GB,present,introduced,,,,
2477464,11232878,GB,present,introduced,,,,
148704203,3185043,GB,present,introduced,,,,
7595433,6169634,GB,present,introduced,,,,
148704207,5420309,GB,present,introduced,,,,
148704208,2351327,GB,present,introduced,,,,
148704209,4284020,GB,present,introduced,,,,
148704210,2351271,GB,present,introduced,yes,,,
148704211,5711980,GB,present,introduced,,,,
148704212,5204019,GB,present,introduced,yes,,,
148704213,5204034,GB,present,introduced,,,,
148704214,5204037,GB,present,introduced,yes,,,
148704215,2351413,GB,present,introduced,,,,
148704218,3181762,GB,present,introduced,,,,
148704220,2367936,GB,present,introduced,,,,
148704222,2359014,GB,present,introduced,,,,
148704224,3181859,GB,present,introduced,,,,
148704226,3176787,GB,present,introduced,,,,
2362486,2362489,GB,present,introduced,,,,
148704228,2362868,GB,present,introduced,yes,,,
148704229,3176283,GB,present,introduced,,,,
148704230,2360842,GB,present,introduced,,,,
148704231,2367742,GB,present,introduced,,,,
148704232,4409643,GB,present,introduced,yes,,,
148704233,2362881,GB,present,introduced,yes,,,
148704234,2362473,GB,present,introduced,,,,
148704235,4286975,GB,present,introduced,,,,
148704236,4286942,GB,present,introduced,yes,,,
148704237,2366645,GB,present,introduced,,,,
148704240,2382155,GB,present,introduced,yes,,,
148704241,3176982,GB,present,introduced,,,,
148704243,2394486,GB,present,introduced,yes,,,
148704244,2394514,GB,present,introduced,,,,
148704247,2337607,GB,present,introduced,yes,,,
148704248,3176234,GB,present,introduced,,,,
148704250,5202520,GB,present,introduced,,,,
148704251,2340977,GB,present,introduced,yes,,,
148704253,3177112,GB,present,introduced,,,,
148704255,4287131,GB,present,introduced,,,,
148704257,2402168,GB,present,introduced,,,,
148704262,2495150,GB,present,introduced,,,,
8126975,7356413,GB,present,introduced,,,,
148704266,2495160,GB,present,introduced,,,,
148704267,7322292,GB,present,introduced,,,,
148704276,3188894,GB,present,introduced,,,,
148704277,9691034,GB,present,introduced,,,,
148704278,4352332,GB,present,introduced,,,,
148704279,2481110,GB,present,introduced,,,,
148704280,2481104,GB,present,introduced,,,,
148704283,2475243,GB,present,introduced,,,,
148704284,2475215,GB,present,introduced,,,,
148704286,3188924,GB,present,introduced,,,,
148704288,2478765,GB,present,introduced,,,,
148704289,3188799,GB,present,introduced,,,,
148704290,2478782,GB,present,introduced,,,,
148704292,2477872,GB,present,introduced,,,,
148704294,3188830,GB,present,introduced,,,,
148704297,5420991,GB,present,introduced,,,,
2495190,2495193,GB,present,introduced,,,,
148704300,2495691,GB,present,introduced,,,,
6101223,2495659,GB,present,introduced,,,,
148704302,5421039,GB,present,introduced,yes,,,
6101224,2495715,GB,present,introduced,,,,
148704304,2495688,GB,present,introduced,,,,
148704305,2495342,GB,present,introduced,,,,
148704306,5938224,GB,present,introduced,,,,
148704307,2495494,GB,present,introduced,,,,
148704308,2495486,GB,present,introduced,,,,
148704309,3667399,GB,present,introduced,,,,
148704310,2495898,GB,present,introduced,,,,
148704312,2495891,GB,present,introduced,,,,
148704316,2475452,GB,present,introduced,,,,
148704317,2475396,GB,present,introduced,,,,
148704318,2475445,GB,present,introduced,,,,
148704320,9188840,GB,present,introduced,,,,
148704321,2475648,GB,present,introduced,,,,
148704323,2475360,GB,present,introduced,,,,
148704324,7322764,GB,present,introduced,,,,
148704325,2475379,GB,present,introduced,,,,
148704326,2475373,GB,present,introduced,,,,
148704329,2481936,GB,present,introduced,,,,
148704330,2481946,GB,present,introduced,,,,
148704332,5420978,GB,present,introduced,,,,
148704335,5420957,GB,present,introduced,,,,
148704338,2481091,GB,present,introduced,,,,
148704340,8014966,GB,present,introduced,,,,
148704343,2480999,GB,present,introduced,,,,
2929800,2930922,GB,present,introduced,,,,
148704345,2481000,GB,present,introduced,,,,
148704347,2481031,GB,present,introduced,,,,
148704348,2481020,GB,present,introduced,,,,
9568608,2481058,GB,present,introduced,,,,
148704353,2480989,GB,present,introduced,,,,
2932872,2932877,GB,present,introduced,,,,
148704357,5228450,GB,present,introduced,,,,
148704360,2930439,GB,present,introduced,,,,
148704361,2497562,GB,present,introduced,,,,
2497415,5232199,GB,present,introduced,,,,
148704363,5959111,GB,present,introduced,,,,
148704364,2929710,GB,present,introduced,,,,
148704365,5959092,GB,present,introduced,yes,,,
148704366,5959096,GB,present,introduced,,,,
148704367,5959144,GB,present,introduced,,,,
148704368,2930805,GB,present,introduced,,,,
148704369,5959118,GB,present,introduced,,,,
148704370,2497266,GB,present,introduced,,,,
148704372,2929032,GB,present,introduced,,,,
148704375,2932144,GB,present,introduced,,,,
148704377,5229156,GB,present,introduced,,,,
148704378,2480352,GB,present,introduced,,,,
148704380,2929505,GB,present,introduced,,,,
148704381,2480790,GB,present,introduced,,,,
148704382,2480764,GB,present,introduced,,,,
148704383,2480766,GB,present,introduced,,,,
148704384,2932184,GB,present,introduced,,,,
148704385,2480765,GB,present,introduced,,,,
148704386,2480800,GB,present,introduced,,,,
148704388,2931237,GB,present,introduced,,,,
148704389,2480772,GB,present,introduced,,,,
148704390,2480770,GB,present,introduced,,,,
148704391,2930262,GB,present,introduced,,,,
148704392,5229205,GB,present,introduced,,,,
148704393,5229204,GB,present,introduced,,,,
148704396,2480848,GB,present,introduced,,,,
148704397,2932633,GB,present,introduced,,,,
148704398,2480830,GB,present,introduced,,,,
148704399,2480907,GB,present,introduced,,,,
148704402,2474416,GB,present,introduced,,,,
148704403,2928796,GB,present,introduced,,,,
148704405,2474945,GB,present,introduced,,,,
148704406,5228229,GB,present,introduced,,,,
3797084,5341813,GB,present,introduced,,,,
148704409,5341784,GB,present,introduced,,,,
148704411,8969026,GB,present,introduced,,,,
148704413,2497981,GB,present,introduced,,,,
5581168,6402873,GB,present,introduced,,,,
2928779,2928779,GB,present,introduced,,,,
148704418,2498163,GB,present,introduced,,,,
148704420,2928761,GB,present,introduced,,,,
148704422,5341754,GB,present,introduced,,,,
148704426,2928835,GB,present,introduced,,,,
2498335,2498336,GB,present,introduced,,,,
2498294,2498295,GB,present,introduced,,,,
148704430,2928809,GB,present,introduced,,,,
148704431,2498229,GB,present,introduced,,,,
148704432,2498011,GB,present,introduced,,,,
148704433,2498007,GB,present,introduced,,,,
9647688,2498012,GB,present,introduced,,,,
148704436,2928808,GB,present,introduced,,,,
148704437,2498010,GB,present,introduced,,,,
148704438,2498001,GB,present,introduced,,,,
148704440,5232465,GB,present,introduced,,,,
148704441,2928978,GB,present,introduced,,,,
148704442,2498181,GB,present,introduced,,,,
148704444,2498177,GB,present,introduced,,,,
148704445,2498320,GB,present,introduced,,,,
10214759,3802419,GB,present,introduced,,,,
148704447,2498310,GB,present,introduced,,,,
148704448,5232470,GB,present,introduced,,,,
148704450,2498305,GB,present,introduced,yes,,,
148704451,2928751,GB,present,introduced,yes,,,
148704452,5232468,GB,present,introduced,,,,
148704453,5232469,GB,present,introduced,,,,
148704454,7894250,GB,present,introduced,,,,
148704457,5232435,GB,present,introduced,,,,
148704458,2497999,GB,present,introduced,,,,
148704459,2498344,GB,present,introduced,,,,
148704460,2932944,GB,present,introduced,,,,
148704462,2498345,GB,present,introduced,,,,
148704466,3610757,GB,present,introduced,,,,
148704467,2498380,GB,present,introduced,,,,
148704468,2928576,GB,present,introduced,,,,
148704469,2498396,GB,present,introduced,,,,
148704470,2498404,GB,present,introduced,,,,
148704471,2928538,GB,present,introduced,,,,
148704472,2498402,GB,present,introduced,,,,
148704473,2498393,GB,present,introduced,,,,
148704474,2498406,GB,present,introduced,,,,
148704475,2498288,GB,present,introduced,,,,
148704476,5232422,GB,present,introduced,,,,
148704477,2498046,GB,present,introduced,,,,
148704478,2928446,GB,present,introduced,,,,
148704479,5232427,GB,present,introduced,,,,
148704480,5232428,GB,present,introduced,,,,
148704481,5232423,GB,present,introduced,,,,
148704482,2498384,GB,present,introduced,,,,
148704483,3678949,GB,present,introduced,,,,
148704484,5232432,GB,present,introduced,,,,
148704485,2498325,GB,present,introduced,,,,
2498283,2498283,GB,present,introduced,,,,
148704491,2498387,GB,present,introduced,,,,
148704492,2498388,GB,present,introduced,yes,,,
148704494,2498252,GB,present,introduced,yes,,,
148704496,2498411,GB,present,introduced,,,,
148704500,2498078,GB,present,introduced,,,,
148704501,2498090,GB,present,introduced,,,,
148704502,2498094,GB,present,introduced,,,,
148704504,2498097,GB,present,introduced,,,,
9405036,2498139,GB,present,introduced,,,,
148704507,2498064,GB,present,introduced,,,,
9480191,2498096,GB,present,introduced,,,,
148704509,2498065,GB,present,introduced,,,,
148704511,2498127,GB,present,introduced,,,,
148704512,2498095,GB,present,introduced,,,,
9496048,2498071,GB,present,introduced,,,,
148704514,2498108,GB,present,introduced,,,,
7272736,4930163,GB,present,introduced,,,,
148704516,2498109,GB,present,introduced,,,,
9290528,2498138,GB,present,introduced,,,,
9583342,2498131,GB,present,introduced,,,,
148704520,9450106,GB,present,introduced,,,,
9508460,2498110,GB,present,introduced,,,,
9288935,2498145,GB,present,introduced,,,,
148704523,2498084,GB,present,introduced,,,,
9462721,2498114,GB,present,introduced,,,,
148704527,2498156,GB,present,introduced,,,,
148704530,2498035,GB,present,introduced,,,,
148704531,3857198,GB,present,introduced,,,,
148704533,2498034,GB,present,introduced,,,,
148704534,2498262,GB,present,introduced,,,,
148704536,2498260,GB,present,introduced,,,,
148704539,2888585,GB,present,introduced,,,,
148704543,5232445,GB,present,introduced,,,,
148704546,2888625,GB,present,introduced,,,,
148704547,2473341,GB,present,introduced,,,,
148704549,2474320,GB,present,introduced,,,,
148704550,5228080,GB,present,introduced,,,,
148704551,2888607,GB,present,introduced,,,,
148704553,2888588,GB,present,introduced,,,,
148704554,2473544,GB,present,introduced,,,,
148704555,6369819,GB,present,introduced,,,,
148704556,2473510,GB,present,introduced,,,,
148704557,2473529,GB,present,introduced,,,,
148704558,2473477,GB,present,introduced,,,,
148704559,9752149,GB,present,introduced,yes,,,
148704560,5227775,GB,present,introduced,,,,
148704561,9451184,GB,present,introduced,,,,
148704562,2888722,GB,present,introduced,,,,
148704563,2473599,GB,present,introduced,,,,
148704565,2888723,GB,present,introduced,,,,
148704566,5227966,GB,present,introduced,,,,
148704568,5227984,GB,present,introduced,,,,
148704569,5227993,GB,present,introduced,,,,
148704570,9606290,GB,present,introduced,,,,
148704571,5227919,GB,present,introduced,,,,
148704573,9326020,GB,present,introduced,,,,
148704574,5227765,GB,present,introduced,,,,
148704575,2474162,GB,present,introduced,,,,
8082581,2474128,GB,present,introduced,,,,
148704577,2474099,GB,present,introduced,,,,
5598598,5599230,GB,present,introduced,,,,
148704579,2474098,GB,present,introduced,,,,
148704580,5228033,GB,present,introduced,,,,
148704581,5228034,GB,present,introduced,,,,
148704583,5227753,GB,present,introduced,,,,
148704584,2474045,GB,present,introduced,,,,
148704585,2474051,GB,present,introduced,yes,,,
7301011,2888805,GB,present,introduced,,,,
148704588,5229426,GB,present,introduced,,,,
148704589,2888769,GB,present,introduced,,,,
148704593,2479598,GB,present,introduced,,,,
148704594,5229086,GB,present,introduced,,,,
148704595,2888789,GB,present,introduced,,,,
148704596,2479686,GB,present,introduced,,,,
148704597,2480089,GB,present,introduced,,,,
148704598,2888773,GB,present,introduced,,,,
148704599,5229045,GB,present,introduced,,,,
148704600,4095539,GB,present,introduced,,,,
148704601,5229044,GB,present,introduced,,,,
148704602,5229072,GB,present,introduced,,,,
148704603,5229055,GB,present,introduced,,,,
148704604,5229034,GB,present,introduced,,,,
148704605,2479226,GB,present,introduced,yes,,,
148704606,5229062,GB,present,introduced,,,,
148704607,2480181,GB,present,introduced,,,,
148704608,2479813,GB,present,introduced,,,,
148704609,2479308,GB,present,introduced,,,,
2479550,2479550,GB,present,introduced,,,,
148704611,8201823,GB,present,introduced,,,,
148704612,2479546,GB,present,introduced,,,,
148704613,4095186,GB,present,introduced,,,,
148704614,2479544,GB,present,introduced,,,,
148704615,2479553,GB,present,introduced,,,,
148704616,2479545,GB,present,introduced,,,,
148704617,2479629,GB,present,introduced,,,,
148704618,2479666,GB,present,introduced,,,,
148704619,2479662,GB,present,introduced,,,,
148704620,2888730,GB,present,introduced,,,,
148704621,2479646,GB,present,introduced,,,,
148704622,2479612,GB,present,introduced,,,,
148704624,5959227,GB,present,introduced,,,,
148704625,2888636,GB,present,introduced,,,,
148704626,5959230,GB,present,introduced,,,,
148704627,5959231,GB,present,introduced,,,,
148704628,5334240,GB,present,introduced,,,,
148704629,5959225,GB,present,introduced,,,,
148704630,5959233,GB,present,introduced,,,,
148704631,2479115,GB,present,introduced,,,,
148704632,5334253,GB,present,introduced,,,,
148704633,2479146,GB,present,introduced,,,,
148704634,2479158,GB,present,introduced,,,,
148704635,2479153,GB,present,introduced,,,,
148704636,2479113,GB,present,introduced,,,,
148704637,5334227,GB,present,introduced,,,,
148704638,2479159,GB,present,introduced,,,,
148704639,2479089,GB,present,introduced,,,,
148704640,2479105,GB,present,introduced,,,,
148704641,5334259,GB,present,introduced,,,,
148704642,2479104,GB,present,introduced,,,,
148704643,5334242,GB,present,introduced,,,,
148704644,2479720,GB,present,introduced,,,,
148704645,5598915,GB,present,introduced,,,,
148704646,2479888,GB,present,introduced,,,,
148704647,2480108,GB,present,introduced,,,,
148704648,2479745,GB,present,introduced,,,,
148704649,2479761,GB,present,introduced,,,,
148704650,2479529,GB,present,introduced,,,,
148704651,5229105,GB,present,introduced,,,,
7764700,5599249,GB,present,introduced,,,,
148704653,5229110,GB,present,introduced,,,,
148704654,2888579,GB,present,introduced,,,,
148704655,2479486,GB,present,introduced,,,,
148704656,2480075,GB,present,introduced,,,,
148704657,7443846,GB,present,introduced,,,,
148704658,2479798,GB,present,introduced,,,,
148704659,2888814,GB,present,introduced,,,,
148704660,2479446,GB,present,introduced,,,,
148704661,2888816,GB,present,introduced,,,,
148704662,2480102,GB,present,introduced,,,,
148704663,7298987,GB,present,introduced,,,,
148704664,2479407,GB,present,introduced,yes,,,
148704665,2479977,GB,present,introduced,,,,
148704666,2479509,GB,present,introduced,,,,
148704667,2479498,GB,present,introduced,,,,
148704668,2479497,GB,present,introduced,,,,
148704669,2479958,GB,present,introduced,,,,
148704670,2888797,GB,present,introduced,,,,
148704671,2479964,GB,present,introduced,,,,
148704672,2479501,GB,present,introduced,,,,
148704673,2479320,GB,present,introduced,,,,
148704674,2479329,GB,present,introduced,,,,
148704675,2888740,GB,present,introduced,,,,
148704676,2479311,GB,present,introduced,,,,
148704679,2480762,GB,present,introduced,,,,
5229142,11380022,GB,present,introduced,,,,
148704685,5229146,GB,present,introduced,,,,
148704686,5229134,GB,present,introduced,,,,
5229136,11261756,GB,present,introduced,,,,
148704689,7433196,GB,present,introduced,,,,
148704690,5789302,GB,present,introduced,,,,
148704693,7102937,GB,present,introduced,,,,
7192426,2481190,GB,present,introduced,,,,
7192427,2481161,GB,present,introduced,,,,
148704696,6065817,GB,present,introduced,,,,
148704700,2482096,GB,present,introduced,,,,
148704702,2481295,GB,present,introduced,,,,
148704706,9483893,GB,present,introduced,,,,
148704707,2489345,GB,present,introduced,,,,
148704708,9300456,GB,present,introduced,,,,
148704709,9300456,GB,present,introduced,,,,
148704710,6434985,GB,present,introduced,,,,
148704711,2489396,GB,present,introduced,,,,
148704712,2489373,GB,present,introduced,,,,
148704713,2489362,GB,present,introduced,,,,
148704714,7341633,GB,present,introduced,,,,
148704715,2493182,GB,present,introduced,,,,
148704720,2882443,GB,present,introduced,,,,
6100872,2490904,GB,present,introduced,,,,
6100882,2490914,GB,present,introduced,,,,
148704727,2484627,GB,present,introduced,,,,
148704729,2484626,GB,present,introduced,,,,
148704730,2484628,GB,present,introduced,,,,
148704731,3033077,GB,present,introduced,,,,
148704732,2484613,GB,present,introduced,,,,
148704736,2487463,GB,present,introduced,,,,
148704738,2492765,GB,present,introduced,,,,
148704739,3169707,GB,present,introduced,yes,,,
148704741,6421637,GB,present,introduced,,,,
148704742,2490487,GB,present,introduced,,,,
148704743,2490495,GB,present,introduced,,,,
148704744,5230855,GB,present,introduced,,,,
148704745,5230861,GB,present,introduced,,,,
148704746,3169708,GB,present,introduced,,,,
148704747,5230862,GB,present,introduced,,,,
148704749,5230852,GB,present,introduced,,,,
148704751,5230870,GB,present,introduced,,,,
148704753,2487872,GB,present,introduced,,,,
148704754,7270381,GB,present,introduced,,,,
6100921,2493518,GB,present,introduced,,,,
148704759,9750846,GB,present,introduced,,,,
148704760,2488966,GB,present,introduced,,,,
148704761,2488963,GB,present,introduced,,,,
148704762,7270031,GB,present,introduced,,,,
148704766,2486222,GB,present,introduced,,,,
148704767,2486121,GB,present,introduced,,,,
148704768,2486132,GB,present,introduced,,,,
148704769,2486129,GB,present,introduced,,,,
148704770,2486151,GB,present,introduced,,,,
148704772,2486131,GB,present,introduced,,,,
148704773,2486130,GB,present,introduced,,,,
148704774,2486150,GB,present,introduced,,,,
148704775,2892272,GB,present,introduced,,,,
148704776,5230300,GB,present,introduced,,,,
148704777,7671397,GB,present,introduced,,,,
148704778,2486188,GB,present,introduced,,,,
148704779,2911624,GB,present,introduced,,,,
148704780,2486187,GB,present,introduced,,,,
148704784,5231207,GB,present,introduced,,,,
148704785,5231210,GB,present,introduced,,,,
148704786,2913452,GB,present,introduced,,,,
148704787,5231192,GB,present,introduced,,,,
148704789,6100969,GB,present,introduced,,,,
148704791,2913214,GB,present,introduced,,,,
148704792,2489450,GB,present,introduced,,,,
148704793,2911525,GB,present,introduced,,,,
148704795,2491862,GB,present,introduced,,,,
148704796,2492081,GB,present,introduced,,,,
148704797,2491645,GB,present,introduced,,,,
148704799,2487049,GB,present,introduced,,,,
148704801,2916662,GB,present,introduced,,,,
148704804,2916975,GB,present,introduced,,,,
148704811,5384931,GB,present,introduced,,,,
2492482,6089319,GB,present,introduced,,,,
148704820,7313595,GB,present,introduced,,,,
7340976,5231226,GB,present,introduced,,,,
148704824,2490789,GB,present,introduced,,,,
148704825,7497322,GB,present,introduced,,,,
148704826,2490747,GB,present,introduced,,,,
148704827,2873991,GB,present,introduced,,,,
148704828,5231223,GB,present,introduced,,,,
7341536,11249485,GB,present,introduced,,,,
148704830,2874019,GB,present,introduced,,,,
148704832,5231282,GB,present,introduced,,,,
148704834,2492680,GB,present,introduced,,,,
148704837,6100962,GB,present,introduced,,,,
148704839,2482553,GB,present,introduced,,,,
148704840,5421389,GB,present,introduced,yes,,,
148704841,2482593,GB,present,introduced,,,,
148704843,7341881,GB,present,introduced,,,,
148704844,2482478,GB,present,introduced,,,,
148704845,2482519,GB,present,introduced,,,,
148704846,2927744,GB,present,introduced,,,,
148704849,5230383,GB,present,introduced,,,,
7690055,2494590,GB,present,introduced,,,,
148704855,2891782,GB,present,introduced,,,,
6101014,2494729,GB,present,introduced,,,,
148704857,2891770,GB,present,introduced,yes,,,
148704859,2891774,GB,present,introduced,,,,
6101015,2494716,GB,present,introduced,,,,
7341794,2494678,GB,present,introduced,,,,
8323485,2494446,GB,present,introduced,,,,
148704867,2882849,GB,present,introduced,,,,
5231640,2494653,GB,present,introduced,,,,
148704869,2882841,GB,present,introduced,,,,
2494787,2494788,GB,present,introduced,,,,
148704872,7327990,GB,present,introduced,yes,,,
148704874,7135755,GB,present,introduced,,,,
6100996,5231585,GB,present,introduced,,,,
6100975,5231544,GB,present,introduced,,,,
148704878,2494303,GB,present,introduced,,,,
148704879,5333354,GB,present,introduced,,,,
148704880,5231530,GB,present,introduced,,,,
148704881,2494194,GB,present,introduced,,,,
148704882,2494536,GB,present,introduced,,,,
148704883,2494402,GB,present,introduced,,,,
148704884,2494407,GB,present,introduced,,,,
148704885,2494143,GB,present,introduced,,,,
148704886,2494146,GB,present,introduced,,,,
148704887,6100998,GB,present,introduced,,,,
6400569,2882977,GB,present,introduced,,,,
148704889,2494514,GB,present,introduced,,,,
148704892,2484608,GB,present,introduced,,,,
148704895,2882990,GB,present,introduced,,,,
6101130,2493487,GB,present,introduced,,,,
6101137,2493468,GB,present,introduced,,,,
6101120,2493443,GB,present,introduced,,,,
148704901,5231397,GB,present,introduced,,,,
148704902,2883007,GB,present,introduced,,,,
148704903,5231398,GB,present,introduced,,,,
148704904,2493355,GB,present,introduced,,,,
148704905,2883005,GB,present,introduced,,,,
148704906,2493357,GB,present,introduced,,,,
148704907,2493392,GB,present,introduced,,,,
148704908,2882758,GB,present,introduced,yes,,,
148704909,2493453,GB,present,introduced,,,,
148704910,2493462,GB,present,introduced,,,,
148704911,2493472,GB,present,introduced,,,,
148704912,2493455,GB,present,introduced,,,,
148704913,2493149,GB,present,introduced,,,,
148704916,2882753,GB,present,introduced,,,,
7340679,5230005,GB,present,introduced,,,,
7340636,5230041,GB,present,introduced,,,,
7340870,5229977,GB,present,introduced,,,,
148704923,5230037,GB,present,introduced,,,,
148704924,7340608,GB,present,introduced,,,,
148704925,8347912,GB,present,introduced,,,,
148704926,2484659,GB,present,introduced,,,,
148704928,5333409,GB,present,introduced,,,,
5789082,2493601,GB,present,introduced,,,,
148704931,2493723,GB,present,introduced,,,,
148704932,2493640,GB,present,introduced,,,,
2493633,8823948,GB,present,introduced,,,,
148704934,7340452,GB,present,introduced,,,,
148704935,5333410,GB,present,introduced,,,,
148704936,2493599,GB,present,introduced,,,,
148704938,2493624,GB,present,introduced,,,,
148704939,2493615,GB,present,introduced,,,,
148704940,2493618,GB,present,introduced,,,,
148704941,2493598,GB,present,introduced,,,,
148704942,4845776,GB,present,introduced,,,,
148704943,2493626,GB,present,introduced,,,,
148704944,2493623,GB,present,introduced,,,,
148704945,2493680,GB,present,introduced,,,,
148704946,2493660,GB,present,introduced,,,,
148704947,2493661,GB,present,introduced,,,,
148704948,2493669,GB,present,introduced,,,,
148704949,2493654,GB,present,introduced,,,,
148704950,2493662,GB,present,introduced,,,,
148704951,2493691,GB,present,introduced,,,,
148704952,2493697,GB,present,introduced,,,,
148704953,2493698,GB,present,introduced,,,,
148704954,2493707,GB,present,introduced,,,,
148704956,2493988,GB,present,introduced,,,,
148704958,2493987,GB,present,introduced,,,,
148704959,2494028,GB,present,introduced,,,,
148704960,2494058,GB,present,introduced,,,,
148704961,2494025,GB,present,introduced,,,,
148704962,2494057,GB,present,introduced,,,,
148704963,2494066,GB,present,introduced,,,,
148704965,2494012,GB,present,introduced,,,,
148704966,2494070,GB,present,introduced,,,,
148704967,2494097,GB,present,introduced,,,,
148704968,2494100,GB,present,introduced,,,,
148704969,2494086,GB,present,introduced,,,,
148704970,2494089,GB,present,introduced,,,,
148704971,2494101,GB,present,introduced,,,,
148704972,2494098,GB,present,introduced,,,,
148704973,2494091,GB,present,introduced,,,,
148704974,2494093,GB,present,introduced,,,,
148704975,2494092,GB,present,introduced,,,,
148704976,2494088,GB,present,introduced,,,,
148704977,2494102,GB,present,introduced,,,,
148704978,2494090,GB,present,introduced,,,,
2494106,11368697,GB,present,introduced,,,,
148704981,2490610,GB,present,introduced,,,,
148704982,2490641,GB,present,introduced,,,,
148704984,5231372,GB,present,introduced,,,,
148704988,5231103,GB,present,introduced,,,,
148704989,2484155,GB,present,introduced,,,,
148704990,9709230,GB,present,introduced,,,,
8368021,4005890,GB,present,introduced,,,,
148704997,2491475,GB,present,introduced,,,,
148705000,2491538,GB,present,introduced,,,,
148705001,7974503,GB,present,introduced,,,,
148705002,2490384,GB,present,introduced,,,,
148705003,2491961,GB,present,introduced,,,,
148705004,7290470,GB,present,introduced,,,,
148705005,9409198,GB,present,introduced,,,,
2484103,2484105,GB,present,introduced,,,,
148705010,2484251,GB,present,introduced,,,,
148705012,5641003,GB,present,introduced,,,,
2484184,11247186,GB,present,introduced,,,,
148705014,2484479,GB,present,introduced,,,,
148705016,2494998,GB,present,introduced,,,,
148705018,5641134,GB,present,introduced,,,,
6100940,2489114,GB,present,introduced,,,,
6100945,2489103,GB,present,introduced,,,,
148705023,5641267,GB,present,introduced,,,,
148705025,5414324,GB,present,introduced,,,,
6091856,2489110,GB,present,introduced,,,,
148705027,5640518,GB,present,introduced,,,,
6100941,2489109,GB,present,introduced,,,,
148705031,3169365,GB,present,introduced,,,,
7341580,2489108,GB,present,introduced,,,,
5845390,2489101,GB,present,introduced,,,,
7341597,2489111,GB,present,introduced,,,,
148705039,3169391,GB,present,introduced,,,,
6100944,2489115,GB,present,introduced,,,,
148705042,3169340,GB,present,introduced,,,,
148705043,5230739,GB,present,introduced,,,,
148705044,5230735,GB,present,introduced,,,,
148705045,2489071,GB,present,introduced,,,,
148705046,2489080,GB,present,introduced,,,,
148705047,7127713,GB,present,introduced,,,,
148705049,7127810,GB,present,introduced,,,,
148705050,2488999,GB,present,introduced,,,,
148705051,7127354,GB,present,introduced,,,,
148705052,2489016,GB,present,introduced,,,,
148705054,2489057,GB,present,introduced,,,,
148705056,2928226,GB,present,introduced,,,,
148705058,2489036,GB,present,introduced,,,,
148705059,7341615,GB,present,introduced,,,,
148705060,2489010,GB,present,introduced,,,,
148705061,2489004,GB,present,introduced,,,,
148705062,2489005,GB,present,introduced,,,,
148705065,2481942,GB,present,introduced,,,,
148705067,2481930,GB,present,introduced,,,,
2925870,4058401,GB,present,introduced,,,,
148705074,2480377,GB,present,introduced,,,,
148705075,2480715,GB,present,introduced,,,,
148705077,2480410,GB,present,introduced,,,,
9309359,7982157,GB,present,introduced,,,,
148705080,2480453,GB,present,introduced,,,,
148705081,2480446,GB,present,introduced,,,,
148705082,2480384,GB,present,introduced,,,,
4063383,7397268,GB,present,introduced,,,,
148705084,2480389,GB,present,introduced,,,,
148705085,2480383,GB,present,introduced,,,,
148705086,9487001,GB,present,introduced,,,,
148705087,2480461,GB,present,introduced,,,,
148705088,7989836,GB,present,introduced,,,,
148705089,2480529,GB,present,introduced,,,,
148705090,2480566,GB,present,introduced,,,,
148705091,2480542,GB,present,introduced,,,,
148705092,4067302,GB,present,introduced,,,,
148705093,2480513,GB,present,introduced,,,,
148705094,2480514,GB,present,introduced,,,,
148705095,5229165,GB,present,introduced,,,,
148705097,2926066,GB,present,introduced,,,,
7629613,4067539,GB,present,introduced,,,,
148705099,4067112,GB,present,introduced,,,,
148705100,4066938,GB,present,introduced,,,,
148705101,5660450,GB,present,introduced,,,,
148705102,5341204,GB,present,introduced,,,,
148705103,2926130,GB,present,introduced,yes,,,
148705104,2925747,GB,present,introduced,,,,
148705105,5341170,GB,present,introduced,,,,
148705106,2926048,GB,present,introduced,,,,
7294854,2925902,GB,present,introduced,,,,
148705108,2925756,GB,present,introduced,,,,
148705109,4067922,GB,present,introduced,,,,
148705110,4068166,GB,present,introduced,,,,
148705111,2925895,GB,present,introduced,,,,
148705112,7131800,GB,present,introduced,,,,
148705113,2926045,GB,present,introduced,,,,
148705114,2926110,GB,present,introduced,,,,
148705115,4063741,GB,present,introduced,,,,
148705116,2926055,GB,present,introduced,,,,
148705117,5341201,GB,present,introduced,,,,
148705118,5662089,GB,present,introduced,,,,
148705119,5341198,GB,present,introduced,,,,
148705120,2925874,GB,present,introduced,,,,
148705123,2874878,GB,present,introduced,,,,
148705124,2874984,GB,present,introduced,,,,
3169001,5414217,GB,present,introduced,,,,
8288647,4205382,GB,present,introduced,,,,
148705130,3054357,GB,present,introduced,,,,
148705131,3054368,GB,present,introduced,,,,
148705133,2880580,GB,present,introduced,yes,,,
148705134,2879098,GB,present,introduced,yes,,,
148705135,2880808,GB,present,introduced,,,,
148705136,2880539,GB,present,introduced,,,,
148705137,5333294,GB,present,introduced,,,,
148705139,2876049,GB,present,introduced,,,,
148705140,2875968,GB,present,introduced,,,,
148705141,8184083,GB,present,introduced,,,,
148705142,5332157,GB,present,introduced,,,,
148705143,5332120,GB,present,introduced,,,,
148705144,2876607,GB,present,introduced,,,,
148705145,9148577,GB,present,introduced,,,,
148705146,2876176,GB,present,introduced,,,,
148705149,2889934,GB,present,introduced,,,,
148705150,4162399,GB,present,introduced,,,,
148705152,3040254,GB,present,introduced,,,,
148705153,3040251,GB,present,introduced,,,,
148705154,3040253,GB,present,introduced,,,,
148705156,5334527,GB,present,introduced,,,,
5373292,3040567,GB,present,introduced,,,,
3042086,5373604,GB,present,introduced,,,,
5377778,3054014,GB,present,introduced,,,,
5377060,5377061,GB,present,introduced,,,,
5376627,5376633,GB,present,introduced,,,,
5376514,8355504,GB,present,introduced,,,,
148705171,3050595,GB,present,introduced,,,,
10944522,3052738,GB,present,introduced,,,,
3047621,6306788,GB,present,introduced,,,,
148705174,3047621,GB,present,introduced,,,,
148705175,3046851,GB,present,introduced,,,,
148705176,3046736,GB,present,introduced,,,,
148705177,3047598,GB,present,introduced,,,,
148705178,3052680,GB,present,introduced,,,,
148705179,3047633,GB,present,introduced,,,,
148705180,3046850,GB,present,introduced,,,,
148705181,3046812,GB,present,introduced,,,,
148705182,3046890,GB,present,introduced,,,,
148705183,3046875,GB,present,introduced,,,,
148705184,3046744,GB,present,introduced,,,,
148705185,7225596,GB,present,introduced,,,,
148705186,7678610,GB,present,introduced,,,,
148705187,5373365,GB,present,introduced,,,,
148705188,5373368,GB,present,introduced,,,,
148705189,3053406,GB,present,introduced,,,,
148705190,3052632,GB,present,introduced,,,,
148705191,9040863,GB,present,introduced,,,,
148705192,5373358,GB,present,introduced,,,,
148705193,5376816,GB,present,introduced,,,,
148705194,5376616,GB,present,introduced,,,,
148705195,5376565,GB,present,introduced,,,,
148705196,5376648,GB,present,introduced,,,,
148705197,5376961,GB,present,introduced,,,,
5376961,7628901,GB,present,introduced,,,,
148705199,5376994,GB,present,introduced,,,,
148705200,7703116,GB,present,introduced,,,,
148705201,5377395,GB,present,introduced,,,,
148705202,5377378,GB,present,introduced,,,,
148705203,5373124,GB,present,introduced,,,,
148705204,3044855,GB,present,introduced,,,,
148705205,5374922,GB,present,introduced,,,,
148705206,5374998,GB,present,introduced,,,,
148705207,3041022,GB,present,introduced,,,,
148705208,3053522,GB,present,introduced,,,,
148705209,5374635,GB,present,introduced,,,,
148705210,5374614,GB,present,introduced,,,,
148705211,5374672,GB,present,introduced,,,,
148705212,3054117,GB,present,introduced,,,,
148705213,7903057,GB,present,introduced,,,,
7903057,3042723,GB,present,introduced,,,,
7903057,3042716,GB,present,introduced,,,,
148705216,7225636,GB,present,introduced,,,,
148705217,3042751,GB,present,introduced,,,,
148705218,3042636,GB,present,introduced,,,,
3042636,6306661,GB,present,introduced,,,,
148705220,3042637,GB,present,introduced,,,,
148705221,3042888,GB,present,introduced,,,,
148705222,3050364,GB,present,introduced,,,,
148705223,9073641,GB,present,introduced,,,,
148705224,5375388,GB,present,introduced,,,,
148705225,5375425,GB,present,introduced,,,,
148705226,3046032,GB,present,introduced,,,,
148705227,3046134,GB,present,introduced,,,,
148705228,3045634,GB,present,introduced,,,,
148705229,3046015,GB,present,introduced,,,,
148705230,3045797,GB,present,introduced,,,,
11092690,5373274,GB,present,introduced,,,,
148705232,3040913,GB,present,introduced,,,,
148705233,3040633,GB,present,introduced,,,,
148705234,5373502,GB,present,introduced,,,,
148705235,3044318,GB,present,introduced,,,,
148705236,5376337,GB,present,introduced,,,,
148705237,5376309,GB,present,introduced,,,,
148705238,5376426,GB,present,introduced,,,,
148705239,3048266,GB,present,introduced,,,,
148705240,3048203,GB,present,introduced,,,,
148705241,5375920,GB,present,introduced,,,,
148705242,5375547,GB,present,introduced,,,,
148705243,5377303,GB,present,introduced,,,,
148705244,5551241,GB,present,introduced,,,,
148705245,5374118,GB,present,introduced,,,,
148705246,3042291,GB,present,introduced,,,,
148705247,5373324,GB,present,introduced,,,,
148705250,8380575,GB,present,introduced,,,,
148705251,2874702,GB,present,introduced,,,,
148705253,3084719,GB,present,introduced,,,,
148705255,3084022,GB,present,introduced,,,,
148705256,4192540,GB,present,introduced,,,,
148705259,4088624,GB,present,introduced,,,,
148705260,4088788,GB,present,introduced,,,,
148705262,3086240,GB,present,introduced,,,,
2889173,5334357,GB,present,introduced,yes,,,
2889088,5334293,GB,present,introduced,yes,,,
4036310,4036274,GB,present,introduced,,,,
5652131,5334432,GB,present,introduced,,,,
8811572,4038531,GB,present,introduced,,,,
7291264,4036951,GB,present,introduced,,,,
9018536,4036486,GB,present,introduced,yes,,,
8879994,4034135,GB,present,introduced,,,,
8848208,6391908,GB,present,introduced,yes,,,
9020499,4037102,GB,present,introduced,,,,
4036957,7459093,GB,present,introduced,,,,
148705288,2889010,GB,present,introduced,,,,
148705289,2888943,GB,present,introduced,,,,
148705290,2889019,GB,present,introduced,,,,
148705291,2888976,GB,present,introduced,,,,
148705292,2888948,GB,present,introduced,,,,
148705293,2888990,GB,present,introduced,,,,
148705294,2888961,GB,present,introduced,,,,
148705295,6390897,GB,present,introduced,,,,
148705296,2889304,GB,present,introduced,,,,
148705298,4034001,GB,present,introduced,,,,
148705299,7291308,GB,present,introduced,,,,
148705300,5334315,GB,present,introduced,,,,
148705301,5334294,GB,present,introduced,,,,
148705302,2888859,GB,present,introduced,yes,,,
148705303,2889373,GB,present,introduced,,,,
148705305,5334351,GB,present,introduced,yes,,,
148705307,5384300,GB,present,introduced,,,,
7095665,3084748,GB,present,introduced,,,,
148705309,3084742,GB,present,introduced,,,,
8185812,5384309,GB,present,introduced,,,,
3707676,3705768,GB,present,introduced,,,,
148705315,5384307,GB,present,introduced,,,,
148705316,8668262,GB,present,introduced,,,,
148705317,3707693,GB,present,introduced,,,,
148705318,3704907,GB,present,introduced,,,,
148705319,3084872,GB,present,introduced,,,,
148705320,3084850,GB,present,introduced,yes,,,
148705321,3704055,GB,present,introduced,,,,
148705322,3703606,GB,present,introduced,,,,
148705323,3703453,GB,present,introduced,,,,
148705324,3084842,GB,present,introduced,yes,,,
7068845,7541214,GB,present,introduced,,,,
3083975,3083977,GB,present,introduced,,,,
5568339,3083831,GB,present,introduced,,,,
8273130,3083910,GB,present,introduced,,,,
8290282,3083930,GB,present,introduced,,,,
8044896,3083843,GB,present,introduced,,,,
8149099,3083851,GB,present,introduced,,,,
7551162,3083901,GB,present,introduced,,,,
3083945,3757976,GB,present,introduced,,,,
148705344,3083647,GB,present,introduced,,,,
148705345,3083905,GB,present,introduced,,,,
3083838,3083941,GB,present,introduced,,,,
148705347,3083932,GB,present,introduced,,,,
148705348,9631834,GB,present,introduced,,,,
148705350,3083935,GB,present,introduced,,,,
8357729,8357729,GB,present,introduced,,,,
7507099,3083854,GB,present,introduced,,,,
148705353,3083862,GB,present,introduced,,,,
148705354,3756077,GB,present,introduced,,,,
5568446,3083836,GB,present,introduced,,,,
148705356,3083920,GB,present,introduced,,,,
148705357,5383936,GB,present,introduced,,,,
148705358,7068845,GB,present,introduced,,,,
148705359,5383926,GB,present,introduced,,,,
148705360,3083761,GB,present,introduced,,,,
148705362,3083718,GB,present,introduced,,,,
148705363,6109611,GB,present,introduced,,,,
148705364,5384390,GB,present,introduced,,,,
148705365,8911082,GB,present,introduced,,,,
148705366,5384361,GB,present,introduced,,,,
148705367,6109534,GB,present,introduced,,,,
148705368,5384396,GB,present,introduced,,,,
148705369,5384364,GB,present,introduced,,,,
148705370,5384395,GB,present,introduced,,,,
148705371,7905507,GB,present,introduced,,,,
10953644,7268155,GB,present,introduced,,,,
5584611,3085889,GB,present,introduced,,,,
3814157,5384787,GB,present,introduced,,,,
8091998,3085320,GB,present,introduced,,,,
7268098,5384830,GB,present,introduced,,,,
148705381,7671800,GB,present,introduced,,,,
148705382,5384848,GB,present,introduced,,,,
148705383,8993502,GB,present,introduced,,,,
148705384,5384805,GB,present,introduced,,,,
7675955,5586033,GB,present,introduced,,,,
148705386,5384834,GB,present,introduced,,,,
8027596,5584717,GB,present,introduced,,,,
148705388,5584240,GB,present,introduced,,,,
148705389,7423636,GB,present,introduced,,,,
148705390,8096233,GB,present,introduced,,,,
148705391,3085811,GB,present,introduced,,,,
148705392,3085357,GB,present,introduced,,,,
148705393,3085360,GB,present,introduced,,,,
148705394,3085623,GB,present,introduced,,,,
5384741,3085878,GB,present,introduced,,,,
148705397,3085797,GB,present,introduced,,,,
148705398,5384458,GB,present,introduced,,,,
148705399,3085421,GB,present,introduced,,,,
148705400,3085412,GB,present,introduced,,,,
148705401,3085420,GB,present,introduced,,,,
148705402,3085439,GB,present,introduced,,,,
148705403,3085438,GB,present,introduced,,,,
148705404,6363863,GB,present,introduced,,,,
148705405,5587267,GB,present,introduced,,,,
148705406,3085368,GB,present,introduced,,,,
148705409,2986185,GB,present,introduced,,,,
148705410,2986130,GB,present,introduced,,,,
148705411,7510171,GB,present,introduced,,,,
148705412,2986192,GB,present,introduced,,,,
148705413,2986132,GB,present,introduced,,,,
148705415,5361785,GB,present,introduced,yes,,,
148705416,5361788,GB,present,introduced,,,,
148705417,5361762,GB,present,introduced,yes,,,
148705418,5555409,GB,present,introduced,,,,
148705419,5555421,GB,present,introduced,,,,
148705421,7155281,GB,present,introduced,,,,
148705422,3083488,GB,present,introduced,,,,
148705424,3032698,GB,present,introduced,,,,
148705425,5371605,GB,present,introduced,,,,
148705426,3754587,GB,present,introduced,,,,
148705427,7663587,GB,present,introduced,,,,
3754057,7885434,GB,present,introduced,,,,
148705429,3753098,GB,present,introduced,,,,
148705430,3032762,GB,present,introduced,,,,
148705431,7339396,GB,present,introduced,,,,
148705432,3032812,GB,present,introduced,,,,
148705433,3032653,GB,present,introduced,,,,
148705434,3032611,GB,present,introduced,,,,
148705435,5567694,GB,present,introduced,,,,
5567694,5567698,GB,present,introduced,,,,
148705437,7596861,GB,present,introduced,,,,
148705438,3032696,GB,present,introduced,,,,
11162940,5362018,GB,present,introduced,,,,
7768495,5362051,GB,present,introduced,,,,
4201879,5690152,GB,present,introduced,,,,
2985863,9210845,GB,present,introduced,,,,
4202184,5687999,GB,present,introduced,,,,
148705450,4201709,GB,present,introduced,,,,
148705451,2985949,GB,present,introduced,,,,
148705452,5361991,GB,present,introduced,,,,
7334609,5362043,GB,present,introduced,,,,
148705454,5362012,GB,present,introduced,,,,
148705455,5690814,GB,present,introduced,,,,
4201688,5362032,GB,present,introduced,,,,
148705457,5361982,GB,present,introduced,,,,
148705458,7172720,GB,present,introduced,,,,
148705459,5688068,GB,present,introduced,,,,
148705460,5362046,GB,present,introduced,,,,
148705461,5362008,GB,present,introduced,,,,
148705462,5689983,GB,present,introduced,,,,
5362054,8035075,GB,present,introduced,yes,,,
148705464,7334263,GB,present,introduced,,,,
148705465,4198315,GB,present,introduced,,,,
148705468,2986293,GB,present,introduced,,,,
148705469,2986285,GB,present,introduced,,,,
148705471,5581563,GB,present,introduced,,,,
148705473,3036075,GB,present,introduced,,,,
148705474,3036033,GB,present,introduced,,,,
148705475,3039046,GB,present,introduced,,,,
148705476,3036958,GB,present,introduced,,,,
148705477,3036940,GB,present,introduced,,,,
148705478,3036892,GB,present,introduced,,,,
5371753,3034183,GB,present,introduced,,,,
5538108,3034230,GB,present,introduced,,,,
148705484,3034823,GB,present,introduced,,,,
148705485,3034233,GB,present,introduced,,,,
148705486,3034782,GB,present,introduced,yes,,,
148705487,6027089,GB,present,introduced,,,,
7224069,8193935,GB,present,introduced,,,,
148705489,7224157,GB,present,introduced,,,,
148705490,3034681,GB,present,introduced,,,,
148705491,5371772,GB,present,introduced,,,,
148705492,7978544,GB,present,introduced,yes,,,
148705493,3636471,GB,present,introduced,,,,
148705494,7480365,GB,present,introduced,,,,
148705495,3628745,GB,present,introduced,,,,
148705496,3034825,GB,present,introduced,yes,,,
148705497,3034922,GB,present,introduced,,,,
148705498,3034426,GB,present,introduced,,,,
148705499,3034402,GB,present,introduced,,,,
148705500,3034393,GB,present,introduced,,,,
148705501,3631129,GB,present,introduced,,,,
148705502,5371782,GB,present,introduced,,,,
148705503,8048981,GB,present,introduced,,,,
148705505,3034871,GB,present,introduced,,,,
148705506,3034807,GB,present,introduced,,,,
148705507,6027328,GB,present,introduced,,,,
148705508,3642531,GB,present,introduced,,,,
148705509,3034714,GB,present,introduced,,,,
148705510,3034554,GB,present,introduced,,,,
148705511,3034558,GB,present,introduced,,,,
148705512,6027105,GB,present,introduced,,,,
148705513,3638793,GB,present,introduced,,,,
148705514,3034915,GB,present,introduced,,,,
148705515,5371746,GB,present,introduced,,,,
148705516,5371808,GB,present,introduced,,,,
148705517,3034646,GB,present,introduced,,,,
148705518,3034182,GB,present,introduced,,,,
148705519,3034620,GB,present,introduced,,,,
8139851,6307891,GB,present,introduced,,,,
3160243,3160245,GB,present,introduced,,,,
148705525,5407810,GB,present,introduced,,,,
148705526,3166807,GB,present,introduced,,,,
148705527,5408087,GB,present,introduced,,,,
148705528,8022456,GB,present,introduced,,,,
148705529,3158788,GB,present,introduced,,,,
148705530,3166285,GB,present,introduced,,,,
148705531,5410411,GB,present,introduced,,,,
148705532,5410151,GB,present,introduced,,,,
148705533,5411453,GB,present,introduced,,,,
148705534,5411475,GB,present,introduced,,,,
148705535,5410194,GB,present,introduced,,,,
148705536,5411392,GB,present,introduced,,,,
148705537,5410181,GB,present,introduced,,,,
148705538,5411920,GB,present,introduced,,,,
148705539,5410480,GB,present,introduced,,,,
148705540,5410661,GB,present,introduced,,,,
148705541,5410436,GB,present,introduced,,,,
10676000,3142214,GB,present,introduced,,,,
5396165,5396171,GB,present,introduced,,,,
3151618,5406425,GB,present,introduced,,,,
3151558,5406382,GB,present,introduced,,,,
5390636,3102828,GB,present,introduced,,,,
3146717,5404795,GB,present,introduced,,,,
3146791,5404801,GB,present,introduced,,,,
7945325,5394918,GB,present,introduced,,,,
7065884,3112151,GB,present,introduced,,,,
7222865,3097499,GB,present,introduced,,,,
11665063,3115856,GB,present,introduced,,,,
3141890,5402620,GB,present,introduced,,,,
3096972,3096973,GB,present,introduced,,,,
6079099,3136822,GB,present,introduced,,,,
4219085,4244748,GB,present,introduced,,,,
3103209,5390819,GB,present,introduced,,,,
3146233,3146260,GB,present,introduced,,,,
5402340,3093587,GB,present,introduced,,,,
8370958,3103774,GB,present,introduced,,,,
148705582,3149321,GB,present,introduced,,,,
7337604,4230859,GB,present,introduced,,,,
3141855,3141857,GB,present,introduced,,,,
3123262,6300711,GB,present,introduced,,,,
6296150,6296160,GB,present,introduced,,,,
3088282,3088330,GB,present,introduced,yes,,,
3092691,3092698,GB,present,introduced,,,,
3092782,5387035,GB,present,introduced,,,,
148705598,3108199,GB,present,introduced,,,,
11153937,3097222,GB,present,introduced,,,,
7903764,3107845,GB,present,introduced,,,,
148705603,3118430,GB,present,introduced,,,,
148705604,3118526,GB,present,introduced,,,,
148705605,3118254,GB,present,introduced,,,,
148705606,5389173,GB,present,introduced,,,,
5386897,7065940,GB,present,introduced,,,,
148705608,5386938,GB,present,introduced,,,,
148705609,3104179,GB,present,introduced,,,,
148705610,3089150,GB,present,introduced,,,,
148705611,3089140,GB,present,introduced,,,,
9052721,9052721,GB,present,introduced,,,,
148705613,3108191,GB,present,introduced,,,,
148705614,3107361,GB,present,introduced,,,,
148705615,3108356,GB,present,introduced,,,,
148705616,3109086,GB,present,introduced,,,,
148705617,8419686,GB,present,introduced,,,,
148705618,8336087,GB,present,introduced,,,,
148705619,3107708,GB,present,introduced,,,,
148705620,3115131,GB,present,introduced,,,,
148705621,3145214,GB,present,introduced,,,,
3125893,3125895,GB,present,introduced,,,,
148705623,6063730,GB,present,introduced,,,,
148705624,3109117,GB,present,introduced,,,,
148705625,3107855,GB,present,introduced,,,,
148705626,5388967,GB,present,introduced,,,,
148705627,5389029,GB,present,introduced,yes,,,
148705628,5389017,GB,present,introduced,,,,
148705629,3088481,GB,present,introduced,,,,
148705630,3088488,GB,present,introduced,,,,
3088488,3088492,GB,present,introduced,,,,
148705632,3114229,GB,present,introduced,,,,
148705633,3114225,GB,present,introduced,,,,
148705634,3125933,GB,present,introduced,,,,
148705635,3088310,GB,present,introduced,,,,
148705636,7749287,GB,present,introduced,yes,,,
148705637,8656996,GB,present,introduced,,,,
148705638,6082220,GB,present,introduced,,,,
148705639,3122924,GB,present,introduced,,,,
7222674,4234352,GB,present,introduced,,,,
3122924,6300700,GB,present,introduced,,,,
148705642,9741800,GB,present,introduced,,,,
148705644,3123663,GB,present,introduced,,,,
148705645,5404996,GB,present,introduced,,,,
148705646,5405000,GB,present,introduced,,,,
148705647,5405261,GB,present,introduced,,,,
148705648,5405403,GB,present,introduced,,,,
148705649,3094921,GB,present,introduced,,,,
148705650,3094900,GB,present,introduced,,,,
148705651,5395475,GB,present,introduced,,,,
148705652,5395559,GB,present,introduced,,,,
148705653,3088405,GB,present,introduced,,,,
148705654,3103791,GB,present,introduced,,,,
148705655,3096529,GB,present,introduced,,,,
6079061,7408520,GB,present,introduced,,,,
148705657,8360497,GB,present,introduced,,,,
7760110,7760110,GB,present,introduced,,,,
7565783,7565783,GB,present,introduced,,,,
4248063,4243424,GB,present,introduced,,,,
148705661,3131367,GB,present,introduced,,,,
148705662,3119175,GB,present,introduced,,,,
148705663,9206251,GB,present,introduced,,,,
148705664,3119225,GB,present,introduced,,,,
148705665,5401877,GB,present,introduced,,,,
148705666,4933861,GB,present,introduced,,,,
148705667,9123250,GB,present,introduced,,,,
148705668,3140490,GB,present,introduced,,,,
148705669,7403263,GB,present,introduced,,,,
148705670,9175693,GB,present,introduced,,,,
148705671,3148331,GB,present,introduced,,,,
148705672,3148340,GB,present,introduced,,,,
148705673,3115755,GB,present,introduced,,,,
148705674,8298495,GB,present,introduced,,,,
148705675,3132570,GB,present,introduced,,,,
148705676,3112455,GB,present,introduced,,,,
148705678,3141101,GB,present,introduced,,,,
148705679,7627205,GB,present,introduced,,,,
148705680,8584304,GB,present,introduced,,,,
148705681,3101193,GB,present,introduced,,,,
148705682,3101184,GB,present,introduced,,,,
148705683,8340385,GB,present,introduced,,,,
148705684,3143034,GB,present,introduced,,,,
148705685,3142951,GB,present,introduced,,,,
148705686,5392859,GB,present,introduced,,,,
148705687,5392683,GB,present,introduced,,,,
148705688,5392883,GB,present,introduced,,,,
148705689,3119285,GB,present,introduced,,,,
148705690,3117449,GB,present,introduced,,,,
148705691,3147168,GB,present,introduced,,,,
148705692,3146888,GB,present,introduced,,,,
148705693,5387142,GB,present,introduced,,,,
148705694,3112364,GB,present,introduced,,,,
148705695,3134183,GB,present,introduced,,,,
148705696,3112110,GB,present,introduced,,,,
148705697,3112086,GB,present,introduced,,,,
148705698,8542672,GB,present,introduced,,,,
148705699,5403470,GB,present,introduced,,,,
7706146,7706146,GB,present,introduced,,,,
148705701,4245384,GB,present,introduced,,,,
148705702,5403508,GB,present,introduced,,,,
148705703,5403709,GB,present,introduced,,,,
148705705,8334709,GB,present,introduced,,,,
148705706,3098912,GB,present,introduced,,,,
148705707,3113027,GB,present,introduced,,,,
148705708,3113650,GB,present,introduced,,,,
148705709,5392252,GB,present,introduced,,,,
3140260,3140264,GB,present,introduced,,,,
7222255,3140450,GB,present,introduced,,,,
3140247,3140249,GB,present,introduced,,,,
148705713,3092946,GB,present,introduced,,,,
148705714,3128166,GB,present,introduced,,,,
148705715,3128305,GB,present,introduced,,,,
148705716,3128483,GB,present,introduced,,,,
148705717,3129010,GB,present,introduced,,,,
148705718,3120284,GB,present,introduced,,,,
148705719,3120032,GB,present,introduced,,,,
3120264,8468622,GB,present,introduced,,,,
148705721,5401760,GB,present,introduced,,,,
148705722,3110588,GB,present,introduced,,,,
148705723,8002952,GB,present,introduced,,,,
148705724,3110686,GB,present,introduced,,,,
148705725,4926336,GB,present,introduced,,,,
148705726,7389428,GB,present,introduced,,,,
148705727,8035698,GB,present,introduced,,,,
148705729,3102781,GB,present,introduced,,,,
148705730,8042568,GB,present,introduced,,,,
148705731,3121319,GB,present,introduced,,,,
148705732,3121391,GB,present,introduced,,,,
148705733,3120790,GB,present,introduced,,,,
148705734,3121226,GB,present,introduced,,,,
148705735,3121581,GB,present,introduced,,,,
148705736,7353729,GB,present,introduced,,,,
3151755,10667416,GB,present,introduced,,,,
5831099,5401178,GB,present,introduced,,,,
148705739,3093921,GB,present,introduced,,,,
8421156,5406475,GB,present,introduced,,,,
9202318,5406285,GB,present,introduced,yes,,,
3151764,5406509,GB,present,introduced,,,,
148705743,3120946,GB,present,introduced,,,,
148705744,3129663,GB,present,introduced,,,,
148705745,3138434,GB,present,introduced,,,,
148705746,3138474,GB,present,introduced,,,,
148705747,5392174,GB,present,introduced,,,,
148705748,7384809,GB,present,introduced,,,,
148705749,5392083,GB,present,introduced,,,,
148705750,9182765,GB,present,introduced,,,,
148705751,5391480,GB,present,introduced,,,,
148705753,3138327,GB,present,introduced,,,,
148705754,3114667,GB,present,introduced,,,,
148705755,3134867,GB,present,introduced,,,,
148705756,3128888,GB,present,introduced,,,,
148705757,3128091,GB,present,introduced,,,,
148705758,9023462,GB,present,introduced,,,,
148705759,3128547,GB,present,introduced,,,,
148705760,3129064,GB,present,introduced,,,,
148705761,3089561,GB,present,introduced,,,,
9523596,7946711,GB,present,introduced,,,,
3602227,11016096,GB,present,introduced,,,,
8342911,2888438,GB,present,introduced,,,,
3600984,6709073,GB,present,introduced,,,,
148705772,2888513,GB,present,introduced,,,,
148705774,7315072,GB,present,introduced,,,,
148705775,2888464,GB,present,introduced,,,,
148705776,7314930,GB,present,introduced,,,,
5531435,2888445,GB,present,introduced,,,,
148705778,3602069,GB,present,introduced,,,,
9587676,2888446,GB,present,introduced,,,,
148705780,2888439,GB,present,introduced,,,,
148705781,2888443,GB,present,introduced,,,,
148705782,5334216,GB,present,introduced,,,,
148705783,5334215,GB,present,introduced,,,,
148705784,5334217,GB,present,introduced,,,,
148705785,5530883,GB,present,introduced,,,,
148705786,6419895,GB,present,introduced,,,,
148705787,2888380,GB,present,introduced,,,,
148705788,2888553,GB,present,introduced,,,,
148705789,2888546,GB,present,introduced,,,,
148705790,5530881,GB,present,introduced,,,,
148705791,5334208,GB,present,introduced,,,,
148705792,5530829,GB,present,introduced,,,,
148705793,5334186,GB,present,introduced,,,,
7300375,7300252,GB,present,introduced,,,,
148705798,3033865,GB,present,introduced,,,,
148705799,3981814,GB,present,introduced,,,,
148705800,3981543,GB,present,introduced,,,,
148705801,3033896,GB,present,introduced,,,,
148705802,4938160,GB,present,introduced,,,,
148705803,3981472,GB,present,introduced,,,,
148705804,3033905,GB,present,introduced,,,,
148705805,3981040,GB,present,introduced,,,,
148705808,3924221,GB,present,introduced,,,,
5616112,3929311,GB,present,introduced,,,,
8250106,3929324,GB,present,introduced,,,,
148705812,7278040,GB,present,introduced,,,,
148705813,6376340,GB,present,introduced,,,,
148705814,3033348,GB,present,introduced,,,,
148705815,3928139,GB,present,introduced,,,,
148705816,3033318,GB,present,introduced,,,,
148705817,3033396,GB,present,introduced,,,,
148705818,5371702,GB,present,introduced,,,,
148705819,5371699,GB,present,introduced,,,,
148705820,6374953,GB,present,introduced,,,,
148705821,3033227,GB,present,introduced,,,,
3033833,3033830,GB,present,introduced,,,,
148705823,3033518,GB,present,introduced,,,,
148705824,3033535,GB,present,introduced,,,,
148705825,6374830,GB,present,introduced,,,,
148705826,3921611,GB,present,introduced,,,,
148705827,6376216,GB,present,introduced,,,,
148705828,7527324,GB,present,introduced,,,,
148705829,3927746,GB,present,introduced,,,,
148705830,3033266,GB,present,introduced,,,,
148705831,3033242,GB,present,introduced,,,,
148705832,5371709,GB,present,introduced,,,,
148705833,3923253,GB,present,introduced,,,,
148705836,2925514,GB,present,introduced,,,,
148705837,2925529,GB,present,introduced,,,,
148705839,5588846,GB,present,introduced,,,,
148705841,3170823,GB,present,introduced,,,,
7730307,6070840,GB,present,introduced,yes,,,
7346090,6070793,GB,present,introduced,,,,
7346102,7333256,GB,present,introduced,,,,
148705848,11123537,GB,present,introduced,,,,
148705849,6008574,GB,present,introduced,,,,
7333324,7918827,GB,present,introduced,,,,
148705852,7564934,GB,present,introduced,,,,
148705853,3173273,GB,present,introduced,,,,
148705854,7331741,GB,present,introduced,,,,
148705855,3738544,GB,present,introduced,,,,
148705857,5415039,GB,present,introduced,,,,
148705858,3172291,GB,present,introduced,,,,
148705859,3682568,GB,present,introduced,,,,
148705860,3172261,GB,present,introduced,,,,
148705861,3172266,GB,present,introduced,,,,
148705862,3172347,GB,present,introduced,,,,
148705863,7325877,GB,present,introduced,,,,
148705865,3171943,GB,present,introduced,,,,
148705866,8949622,GB,present,introduced,,,,
148705867,3741100,GB,present,introduced,,,,
148705868,3171948,GB,present,introduced,,,,
148705869,3171939,GB,present,introduced,,,,
148705870,3736698,GB,present,introduced,,,,
148705871,3171951,GB,present,introduced,,,,
148705872,3171954,GB,present,introduced,,,,
148705873,3171952,GB,present,introduced,,,,
148705874,8345868,GB,present,introduced,,,,
148705875,7477038,GB,present,introduced,,,,
148705876,7810918,GB,present,introduced,,,,
5561475,3728734,GB,present,introduced,,,,
148705878,3727761,GB,present,introduced,,,,
148705879,3173337,GB,present,introduced,,,,
148705880,6387494,GB,present,introduced,,,,
148705881,3173338,GB,present,introduced,yes,,,
148705883,3172127,GB,present,introduced,,,,
6411098,3894182,GB,present,introduced,yes,,,
148705887,2926903,GB,present,introduced,,,,
148705888,6411747,GB,present,introduced,,,,
148705889,5341442,GB,present,introduced,,,,
148705890,5341373,GB,present,introduced,,,,
148705891,2927298,GB,present,introduced,,,,
148705892,2927230,GB,present,introduced,,,,
148705893,2927229,GB,present,introduced,,,,
148705894,2927235,GB,present,introduced,,,,
148705895,7666664,GB,present,introduced,,,,
148705896,5341296,GB,present,introduced,,,,
148705898,3883959,GB,present,introduced,,,,
148705899,2926884,GB,present,introduced,,,,
148705900,2927026,GB,present,introduced,,,,
148705901,2926995,GB,present,introduced,,,,
148705902,2927000,GB,present,introduced,,,,
148705903,2927001,GB,present,introduced,,,,
148705904,2927004,GB,present,introduced,,,,
148705905,3886505,GB,present,introduced,,,,
148705906,2927452,GB,present,introduced,,,,
148705907,5341497,GB,present,introduced,,,,
148705908,5341499,GB,present,introduced,,,,
148705909,5341389,GB,present,introduced,,,,
148705910,5341501,GB,present,introduced,,,,
148705911,2927175,GB,present,introduced,,,,
148705912,2927174,GB,present,introduced,,,,
148705913,5341387,GB,present,introduced,,,,
148705914,2926683,GB,present,introduced,,,,
148705915,2926679,GB,present,introduced,,,,
148705916,2926681,GB,present,introduced,,,,
148705917,2926684,GB,present,introduced,,,,
148705918,2926682,GB,present,introduced,,,,
148705919,8941778,GB,present,introduced,,,,
148705920,5341305,GB,present,introduced,,,,
148705921,5341306,GB,present,introduced,,,,
148705922,5341308,GB,present,introduced,,,,
148705923,2926894,GB,present,introduced,,,,
10846508,3883382,GB,present,introduced,,,,
3725447,7402007,GB,present,introduced,,,,
4936163,5560054,GB,present,introduced,,,,
3733590,7539299,GB,present,introduced,,,,
3731944,5559957,GB,present,introduced,,,,
7331824,5559735,GB,present,introduced,,,,
148705936,8019690,GB,present,introduced,,,,
148705937,3172099,GB,present,introduced,,,,
148705938,3172082,GB,present,introduced,,,,
148705939,3172100,GB,present,introduced,,,,
148705940,3732412,GB,present,introduced,,,,
148705941,3172119,GB,present,introduced,,,,
148705942,7331926,GB,present,introduced,,,,
148705943,7331874,GB,present,introduced,,,,
148705944,3172077,GB,present,introduced,,,,
148705945,3172074,GB,present,introduced,,,,
10324382,9963884,GB,present,introduced,,,,
148705947,3172104,GB,present,introduced,,,,
148705948,3172118,GB,present,introduced,,,,
148705949,3172070,GB,present,introduced,,,,
148705950,7332262,GB,present,introduced,,,,
148705951,3189762,GB,present,introduced,,,,
5415009,8233535,GB,present,introduced,,,,
148705953,5415011,GB,present,introduced,,,,
148705954,8105164,GB,present,introduced,,,,
148705955,7886077,GB,present,introduced,,,,
148705956,5415016,GB,present,introduced,,,,
148705957,5415019,GB,present,introduced,,,,
148705958,5415012,GB,present,introduced,,,,
148705959,3171145,GB,present,introduced,,,,
148705960,3170817,GB,present,introduced,,,,
148705961,3170819,GB,present,introduced,,,,
148705962,3741446,GB,present,introduced,,,,
148705963,7331861,GB,present,introduced,,,,
148705964,5559838,GB,present,introduced,,,,
148705965,5559871,GB,present,introduced,,,,
148705966,8200663,GB,present,introduced,,,,
148705967,5559837,GB,present,introduced,,,,
148705968,5414990,GB,present,introduced,,,,
7332416,7351929,GB,present,introduced,,,,
148705970,3171669,GB,present,introduced,,,,
148705971,3729273,GB,present,introduced,,,,
148705972,3172001,GB,present,introduced,,,,
148705974,5415453,GB,present,introduced,,,,
148705975,5415455,GB,present,introduced,yes,,,
148705978,3190538,GB,present,introduced,,,,
148705979,3190563,GB,present,introduced,,,,
148705980,3190557,GB,present,introduced,,,,
148705981,3190522,GB,present,introduced,,,,
148705983,6433998,GB,present,introduced,,,,
148705984,3833284,GB,present,introduced,,,,
148705986,3190653,GB,present,introduced,yes,,,
148705988,5421180,GB,present,introduced,,,,
148705989,3189809,GB,present,introduced,,,,
148705990,8566446,GB,present,introduced,,,,
148705991,3189815,GB,present,introduced,,,,
148705992,7262908,GB,present,introduced,,,,
148705993,3189866,GB,present,introduced,,,,
148705994,3189846,GB,present,introduced,,,,
148705995,3189870,GB,present,introduced,,,,
148705996,7263145,GB,present,introduced,,,,
148705997,3189837,GB,present,introduced,,,,
148706000,7303616,GB,present,introduced,,,,
148706002,6371424,GB,present,introduced,,,,
148706004,5361815,GB,present,introduced,,,,
148706005,2984366,GB,present,introduced,,,,
148706006,5361803,GB,present,introduced,,,,
148706008,5361888,GB,present,introduced,,,,
148706009,5361909,GB,present,introduced,,,,
148706011,7293094,GB,present,introduced,,,,
148706012,3039274,GB,present,introduced,,,,
7752288,7752288,GB,present,introduced,,,,
8214730,8214730,GB,present,introduced,,,,
148706016,5361880,GB,present,introduced,,,,
7272312,8463192,GB,present,introduced,,,,
5365717,3031919,GB,present,introduced,,,,
148706023,5362445,GB,present,introduced,,,,
148706025,3021922,GB,present,introduced,,,,
3000406,5363911,GB,present,introduced,,,,
7925720,7750982,GB,present,introduced,,,,
3003709,8684350,GB,present,introduced,,,,
148706032,3026819,GB,present,introduced,,,,
148706033,3026454,GB,present,introduced,yes,,,
148706034,3026454,GB,present,introduced,,,,
148706035,8170635,GB,present,introduced,,,,
148706036,3027231,GB,present,introduced,,,,
148706037,3027166,GB,present,introduced,,,,
148706038,6287826,GB,present,introduced,,,,
148706039,3026406,GB,present,introduced,,,,
148706040,3027159,GB,present,introduced,yes,,,
7787813,7787813,GB,present,introduced,,,,
148706042,3027138,GB,present,introduced,,,,
9306058,8576221,GB,present,introduced,,,,
10071055,3012254,GB,present,introduced,,,,
9312105,3012326,GB,present,introduced,,,,
9478021,7468205,GB,present,introduced,,,,
9629033,3012154,GB,present,introduced,,,,
9245228,3012400,GB,present,introduced,,,,
10613095,3012761,GB,present,introduced,,,,
148706050,3012103,GB,present,introduced,,,,
148706051,3012089,GB,present,introduced,,,,
148706052,3012117,GB,present,introduced,,,,
148706053,3022609,GB,present,introduced,,,,
148706054,8202030,GB,present,introduced,,,,
148706055,3022789,GB,present,introduced,,,,
148706056,3021850,GB,present,introduced,yes,,,
148706057,8149923,GB,present,introduced,,,,
148706058,5367186,GB,present,introduced,,,,
148706059,5367294,GB,present,introduced,,,,
148706060,5365305,GB,present,introduced,,,,
148706061,3021496,GB,present,introduced,yes,,,
148706062,3020871,GB,present,introduced,yes,,,
3020980,3022502,GB,present,introduced,,,,
8004986,8004986,GB,present,introduced,,,,
148706065,7931731,GB,present,introduced,,,,
148706066,3021730,GB,present,introduced,,,,
2988172,2988220,GB,present,introduced,,,,
148706068,2988188,GB,present,introduced,,,,
148706069,5362573,GB,present,introduced,,,,
148706070,5362573,GB,present,introduced,,,,
148706071,2991408,GB,present,introduced,,,,
148706072,2994120,GB,present,introduced,,,,
148706073,2994335,GB,present,introduced,,,,
148706074,2992543,GB,present,introduced,,,,
148706075,8235931,GB,present,introduced,,,,
148706076,2996525,GB,present,introduced,,,,
148706077,3003244,GB,present,introduced,,,,
148706078,3003979,GB,present,introduced,yes,,,
148706079,3004638,GB,present,introduced,,,,
148706080,9382645,GB,present,introduced,,,,
148706081,3002530,GB,present,introduced,,,,
7354625,3008275,GB,present,introduced,,,,
148706083,2989222,GB,present,introduced,,,,
148706084,2993761,GB,present,introduced,,,,
148706085,2994912,GB,present,introduced,,,,
148706086,2990630,GB,present,introduced,,,,
148706087,2995149,GB,present,introduced,,,,
2994229,2989557,GB,present,introduced,,,,
148706089,3029411,GB,present,introduced,,,,
148706090,5366327,GB,present,introduced,,,,
148706091,5365705,GB,present,introduced,,,,
148706092,5365888,GB,present,introduced,,,,
148706093,2988354,GB,present,introduced,,,,
148706094,2988485,GB,present,introduced,,,,
148706095,3031774,GB,present,introduced,,,,
3001244,3001093,GB,present,introduced,,,,
148706097,3001077,GB,present,introduced,,,,
148706098,2987780,GB,present,introduced,,,,
148706099,5371450,GB,present,introduced,,,,
148706100,3029912,GB,present,introduced,,,,
148706101,8350369,GB,present,introduced,,,,
148706102,5370043,GB,present,introduced,,,,
148706103,5369784,GB,present,introduced,,,,
148706104,5362215,GB,present,introduced,,,,
3026162,3025810,GB,present,introduced,,,,
148706106,3025605,GB,present,introduced,,,,
3025858,3025564,GB,present,introduced,,,,
3026162,3025745,GB,present,introduced,,,,
3025638,3026290,GB,present,introduced,,,,
148706110,3026219,GB,present,introduced,,,,
3026162,3026154,GB,present,introduced,,,,
3026162,3025612,GB,present,introduced,,,,
148706113,3026107,GB,present,introduced,yes,,,
3025896,3025615,GB,present,introduced,,,,
148706115,3025749,GB,present,introduced,,,,
148706116,3025980,GB,present,introduced,,,,
148706117,3013404,GB,present,introduced,,,,
148706118,3014860,GB,present,introduced,,,,
148706119,7790614,GB,present,introduced,,,,
148706120,3025626,GB,present,introduced,,,,
148706121,3025626,GB,present,introduced,,,,
3025740,3025825,GB,present,introduced,,,,
148706123,3025731,GB,present,introduced,,,,
3025572,3026087,GB,present,introduced,,,,
3025770,3025769,GB,present,introduced,,,,
3026105,8327867,GB,present,introduced,,,,
3026162,3025868,GB,present,introduced,,,,
148706129,3026105,GB,present,introduced,yes,,,
3026035,3025705,GB,present,introduced,,,,
3025858,3026168,GB,present,introduced,,,,
3026074,3025758,GB,present,introduced,,,,
148706133,3025695,GB,present,introduced,,,,
148706134,3025793,GB,present,introduced,,,,
3026162,3026187,GB,present,introduced,,,,
148706136,3025882,GB,present,introduced,,,,
148706137,3026064,GB,present,introduced,,,,
3026294,3026160,GB,present,introduced,,,,
6287869,3026159,GB,present,introduced,,,,
148706140,3026074,GB,present,introduced,,,,
148706141,3026239,GB,present,introduced,,,,
3025629,7714764,GB,present,introduced,,,,
3026049,3026101,GB,present,introduced,,,,
3025858,3025789,GB,present,introduced,,,,
148706145,3025948,GB,present,introduced,,,,
148706146,3026015,GB,present,introduced,,,,
148706147,3025572,GB,present,introduced,,,,
3025799,7497832,GB,present,introduced,,,,
3025764,3025935,GB,present,introduced,,,,
3025566,3025808,GB,present,introduced,,,,
148706151,3026022,GB,present,introduced,,,,
148706152,8031653,GB,present,introduced,,,,
148706153,3013974,GB,present,introduced,,,,
148706154,3015457,GB,present,introduced,,,,
148706155,9047268,GB,present,introduced,,,,
148706156,3015560,GB,present,introduced,,,,
148706157,3016137,GB,present,introduced,,,,
148706158,7756070,GB,present,introduced,,,,
3026294,3026167,GB,present,introduced,,,,
3025799,7864317,GB,present,introduced,,,,
3025617,3025934,GB,present,introduced,,,,
3025626,3025608,GB,present,introduced,,,,
148706163,5370651,GB,present,introduced,,,,
148706164,5370687,GB,present,introduced,,,,
148706165,5370755,GB,present,introduced,yes,,,
148706166,7942884,GB,present,introduced,,,,
148706167,5370829,GB,present,introduced,,,,
148706168,3028586,GB,present,introduced,,,,
148706169,3028528,GB,present,introduced,yes,,,
148706170,3028431,GB,present,introduced,,,,
148706171,3024109,GB,present,introduced,yes,,,
148706172,5363629,GB,present,introduced,,,,
148706173,5363627,GB,present,introduced,,,,
148706174,2988625,GB,present,introduced,,,,
148706175,5362136,GB,present,introduced,,,,
148706176,3000610,GB,present,introduced,,,,
148706177,3000679,GB,present,introduced,,,,
3025617,3025910,GB,present,introduced,,,,
3025626,3026011,GB,present,introduced,,,,
148706180,3026024,GB,present,introduced,,,,
148706181,3025857,GB,present,introduced,,,,
3025572,8036392,GB,present,introduced,,,,
148706183,3025799,GB,present,introduced,,,,
148706184,3025764,GB,present,introduced,,,,
3025858,3026321,GB,present,introduced,,,,
148706186,3025617,GB,present,introduced,,,,
3025770,3025930,GB,present,introduced,,,,
3025731,3025962,GB,present,introduced,,,,
148706189,3026092,GB,present,introduced,,,,
148706190,3025794,GB,present,introduced,,,,
148706191,3025617,GB,present,introduced,yes,,,
3025852,3025759,GB,present,introduced,,,,
148706193,3025781,GB,present,introduced,,,,
148706194,3026137,GB,present,introduced,,,,
3026080,7576311,GB,present,introduced,,,,
148706196,3025918,GB,present,introduced,,,,
148706197,7671195,GB,present,introduced,,,,
148706198,3026162,GB,present,introduced,,,,
148706199,3025986,GB,present,introduced,,,,
3026042,3026042,GB,present,introduced,,,,
148706201,3025896,GB,present,introduced,,,,
148706202,3026334,GB,present,introduced,,,,
3025718,3025717,GB,present,introduced,,,,
3025896,3025932,GB,present,introduced,,,,
148706205,3025899,GB,present,introduced,,,,
148706206,3025875,GB,present,introduced,,,,
148706207,3025894,GB,present,introduced,,,,
148706208,3026049,GB,present,introduced,,,,
148706209,3026294,GB,present,introduced,,,,
3025736,3025974,GB,present,introduced,,,,
3025626,3025607,GB,present,introduced,,,,
2975035,6404750,GB,present,introduced,,,,
5356973,2963137,GB,present,introduced,,,,
148706219,5356805,GB,present,introduced,,,,
5360221,5360221,GB,present,introduced,,,,
148706221,5359395,GB,present,introduced,,,,
148706222,5359037,GB,present,introduced,,,,
148706223,5359175,GB,present,introduced,,,,
148706224,6109535,GB,present,introduced,,,,
148706225,5359060,GB,present,introduced,,,,
148706226,5359067,GB,present,introduced,,,,
5359378,7302754,GB,present,introduced,,,,
148706228,9182154,GB,present,introduced,,,,
148706229,2975188,GB,present,introduced,,,,
148706230,7068379,GB,present,introduced,,,,
148706231,2974811,GB,present,introduced,,,,
148706232,2979000,GB,present,introduced,,,,
148706233,5352425,GB,present,introduced,,,,
148706234,5352372,GB,present,introduced,,,,
148706235,5346614,GB,present,introduced,,,,
148706236,5343253,GB,present,introduced,,,,
148706237,2947311,GB,present,introduced,,,,
148706238,7844167,GB,present,introduced,yes,,,
148706239,5348633,GB,present,introduced,,,,
148706240,5354707,GB,present,introduced,,,,
148706241,7681436,GB,present,introduced,,,,
148706242,5359660,GB,present,introduced,,,,
148706243,5347761,GB,present,introduced,,,,
148706244,5347796,GB,present,introduced,,,,
148706245,5347587,GB,present,introduced,,,,
148706246,2975667,GB,present,introduced,,,,
148706247,5356343,GB,present,introduced,,,,
148706248,5356345,GB,present,introduced,,,,
148706249,5356382,GB,present,introduced,,,,
148706250,5356517,GB,present,introduced,,,,
148706251,7571428,GB,present,introduced,,,,
148706252,5356541,GB,present,introduced,,,,
148706253,5353705,GB,present,introduced,,,,
148706254,2964525,GB,present,introduced,,,,
148706255,2963807,GB,present,introduced,,,,
148706256,2964355,GB,present,introduced,,,,
148706257,2965221,GB,present,introduced,,,,
148706258,2965485,GB,present,introduced,,,,
148706259,7068169,GB,present,introduced,,,,
2971024,2971024,GB,present,introduced,,,,
148706261,2971016,GB,present,introduced,,,,
148706262,2971042,GB,present,introduced,,,,
148706263,2971095,GB,present,introduced,,,,
148706264,2965280,GB,present,introduced,,,,
148706265,5356522,GB,present,introduced,,,,
148706266,5356662,GB,present,introduced,,,,
148706267,5356514,GB,present,introduced,,,,
3973001,5350010,GB,present,introduced,,,,
148706269,5358266,GB,present,introduced,,,,
148706270,5358265,GB,present,introduced,,,,
148706271,2977234,GB,present,introduced,,,,
5347846,5347845,GB,present,introduced,,,,
148706273,5350466,GB,present,introduced,,,,
148706274,5352251,GB,present,introduced,yes,,,
148706275,5355395,GB,present,introduced,,,,
5350005,5350000,GB,present,introduced,,,,
148706277,5358302,GB,present,introduced,,,,
148706278,2974832,GB,present,introduced,,,,
148706279,2975132,GB,present,introduced,,,,
3940326,3152769,GB,present,introduced,,,,
3933415,3152773,GB,present,introduced,,,,
148706286,3152723,GB,present,introduced,,,,
148706287,3152720,GB,present,introduced,,,,
7428145,3152771,GB,present,introduced,,,,
148706289,3152365,GB,present,introduced,,,,
148706290,3152374,GB,present,introduced,,,,
148706291,3152377,GB,present,introduced,,,,
148706292,3152378,GB,present,introduced,,,,
148706293,3152372,GB,present,introduced,,,,
148706294,3152373,GB,present,introduced,,,,
148706295,3152367,GB,present,introduced,,,,
148706296,3940089,GB,present,introduced,,,,
148706297,3152560,GB,present,introduced,,,,
148706298,3152521,GB,present,introduced,,,,
148706299,5406789,GB,present,introduced,,,,
148706300,3152614,GB,present,introduced,,,,
