taxonKey,nubKey,taxonID,scientificName,kingdom,taxonRank
148702483,2284485,23750,"Loxomitra kefersteinii (Claparède, 1867)",Animalia,SPECIES
148702484,5422556,24880,Undaria pinnatifida (Harv.) Suringar,Chromista,SPECIES
148702488,3197314,24504,Sargassum muticum (Yendo) Fensholt,Chromista,SPECIES
148702492,2501248,23853,"Mnemiopsis leidyi A.Agassiz, 1865",Animalia,SPECIES
148702498,4283395,23099,"Diadumene lineata (Verrill, 1869)",Animalia,SPECIES
148702501,8018048,23108,"Dictyota cyanoloma Tronholm, De Clerck, Gomez Garreta & Rull Lluch, 2010",Chromista,SPECIES
148702505,3197970,22820,Colpomenia peregrina Sauv.,Chromista,SPECIES
148702513,2266754,23414,"Gonionemus vertens A.Agassiz, 1862",Animalia,SPECIES
148702514,9355965,24785,"Thalassiosira punctigera Castracane, 1886",Chromista,SPECIES
148702519,2265249,24793,"Thecocodium brieni Bouillon, 1967",Animalia,SPECIES
148702522,8041570,24257,"Pleurosigma simonsenii Hasle, 1990",Chromista,SPECIES
148702524,2266009,22839,"Cordylophora caspia (Pallas, 1771)",Animalia,SPECIES
3193658,5421668,23963,"Biddulphia sinensis Greville, 1866",Chromista,SPECIES
148702528,5185676,22863,"Coryne pintneri Schneider, 1897",Animalia,SPECIES
148702535,2251202,24722,"Suberites massa Nardo, 1847",Animalia,SPECIES
148702537,5421557,22866,"Coscinodiscus wailesii Gran & Angst, 1931",Chromista,SPECIES
148702539,2246541,22731,"Chalinula loosanoffi (Hartman, 1958)",Animalia,SPECIES
148702548,4985433,24941,"Victorella pavida Saville-Kent, 1870",Animalia,SPECIES
148702549,8050384,22549,"Bonamia ostreae Pichot, Comps, Tigé, Grizel & Rabouin, 1980",Protozoa,SPECIES
148702556,7974238,22232,Alexandrium catenella (Whedon & Kofoid) Balech,Chromista,SPECIES
148702557,4985072,24831,"Tricellaria inopinata d'Hondt & Occhipinti Ambrogi, 1985",Animalia,SPECIES
148702562,8155634,24959,"Watersipora subatra (Ortmann, 1890)",Animalia,SPECIES
148702565,8155634,24958,"Watersipora subatra (Ortmann, 1890)",Animalia,SPECIES
148702567,7699567,23525,"Hymenoscyphus pseudoalbidus V.Queloz, C.R.Grünig, R.Berndt, T.Kowalski, T.N.Sieber & O.Holdenrieder",Fungi,SPECIES
148702568,1010024,24521,"Schizoporella japonica Ortmann, 1890",Animalia,SPECIES
148702571,8428595,22607,"Bugulina stolonifera (Ryland, 1960)",Animalia,SPECIES
148702573,4984851,22605,"Bugula neritina (Linnaeus, 1758)",Animalia,SPECIES
148702575,7668385,22606,"Bugulina simplex (Hincks, 1886)",Animalia,SPECIES
148702582,2527401,23312,Favolaschia calocera R.Heim,Fungi,SPECIES
148702588,2304415,24886,"Urosalpinx cinerea (Say, 1822)",Animalia,SPECIES
148702590,4363499,24704,"Stramonita floridana (Conrad, 1837)",Animalia,SPECIES
148702592,6096602,23744,Lophocolea semiteres (Lehm.) Mitt.,Plantae,SPECIES
148702593,4363583,24391,"Rapana venosa (Valenciennes, 1846)",Animalia,SPECIES
148702600,8207003,23948,Nitella syncarpa (Thuill.) Chevall.,Plantae,SPECIES
9520065,8075198,23315,"Ferrissia californica (Rowell, 1863)",Animalia,SPECIES
148702602,7926430,22734,Chara socotrensis Nordstedt,Plantae,SPECIES
148702603,5189713,23826,"Menetus dilatatus (A.Gould, 1841)",Animalia,SPECIES
148702610,5192470,24292,"Potamopyrgus antipodarum (J.E.Gray, 1843)",Animalia,SPECIES
148702611,7230558,22814,Codium fragile subsp. fragile,Plantae,SUBSPECIES
148702617,5192789,22979,"Crepidula fornicata (Linnaeus, 1758)",Animalia,SPECIES
148702618,5281901,22649,Campylopus introflexus (Hedw.) Brid.,Plantae,SPECIES
148702623,2301629,22633,"Calyptraea chinensis (Linnaeus, 1758)",Animalia,SPECIES
148702624,5278964,23415,Gracilaria vermiculophylla (Ohmi) Papenfuss,Plantae,SPECIES
148702628,4598226,24758,"Tandonia sowerbyi (A.Férussac, 1823)",Animalia,SPECIES
148702630,2658889,23421,Grateloupia turuturu Yamada,Plantae,SPECIES
148702631,4598225,24757,"Tandonia budapestensis (Hazay, 1880)",Animalia,SPECIES
148702635,5780572,24778,"Testacella scutulum G.B.Sowerby I, 1821",Animalia,SPECIES
148702636,2658866,23420,Grateloupia subpectinata Holmes,Plantae,SPECIES
148702639,9418736,24561,"Selenochlamys ysbryda Rowson & Symondson, 2008",Animalia,SPECIES
148702642,5189806,24189,"Physella acuta (Draparnaud, 1805)",Animalia,SPECIES
148702644,5189789,24190,"Physella gyrina (Say, 1821)",Animalia,SPECIES
10889612,2663133,22783,"Botryocladia wrightii (Harvey) W.E.Schmidt, D.L.Ballantine & Fredericq, 2017",Plantae,SPECIES
8014163,5190784,23658,"Ambigolimax valentianus (A.Férussac, 1821)",Animalia,SPECIES
148702651,2668884,22550,Bonnemaisonia hamifera Hariot,Plantae,SPECIES
148702652,5279840,22456,Asparagopsis armata Harv.,Plantae,SPECIES
148702654,2295442,23700,"Limacus flavus (Linnaeus, 1758)",Animalia,SPECIES
148702656,4567599,23701,"Limacus maculatus (Kaleniczenko, 1851)",Animalia,SPECIES
148702660,4565039,23523,"Hygromia cinctella (Draparnaud, 1801)",Animalia,SPECIES
11453075,5277431,23931,Melanothamnus japonicus (Harv.) Diaz-Tapia & Maggs,Plantae,SPECIES
148702663,4565046,23524,"Hygromia limbata (Draparnaud, 1805)",Animalia,SPECIES
148702664,7682935,23075,Dasysiphonia japonica (Yendo) H.-S.Kim,Plantae,SPECIES
148702668,2657641,22374,Antithamnionella ternifolia (Hook.f. & Harv.) Lyle,Plantae,SPECIES
148702669,2657651,22373,Antithamnionella spirographidis (Schiffner) E.M.Wollaston,Plantae,SPECIES
148702672,2294277,24792,"Theba pisana (O.F.Müller, 1774)",Animalia,SPECIES
148702673,2294287,23460,"Helix pomatia Linnaeus, 1758",Animalia,SPECIES
148702676,2657585,23422,Griffithsia schousboei Mont.,Plantae,SPECIES
148702677,2656854,22350,Anotrichium furcellatum (J.Agardh) Baldock,Plantae,SPECIES
7910695,2297296,23458,"Lucilla singleyana (Pilsbry, 1889)",Animalia,SPECIES
148702680,5190777,23094,"Deroceras panormitanum (Lessona & Pollonera, 1882)",Animalia,SPECIES
148702685,5279303,24206,"Pikea californica Harvey, 1853",Plantae,SPECIES
148702686,2296807,22813,"Cochlicella barbara (Linnaeus, 1758)",Animalia,SPECIES
148702687,2296805,24854,"Trochoidea elegans (Gmelin, 1791)",Animalia,SPECIES
10284648,4564624,22651,"Xeroplexa olisippensis (Servain, 1880)",Animalia,SPECIES
9890104,2296797,22650,"Xeroplexa intersecta (Poiret, 1801)",Animalia,SPECIES
8624880,8624880,22719,"Cernuella virgata (Muller, 1774)",Animalia,SPECIES
148702694,5279603,24647,"Solieria chordalis (C.Agardh) J.Agardh, 1842",Plantae,SPECIES
148702696,2297229,22692,"Cecilioides acicula (O.F.Müller, 1774)",Animalia,SPECIES
148702697,5279613,24648,Solieria filiformis (Kütz.) P.W.Gabrielson,Plantae,SPECIES
148702699,4567717,22546,"Boettgerilla pallens Simroth, 1912",Animalia,SPECIES
148702700,5279568,22210,Agardhiella subulata (C.Agardh) Kraft & M.J.Wynne,Plantae,SPECIES
148702706,7791733,23874,"Mya arenaria Linnaeus, 1758",Animalia,SPECIES
2287076,8283653,23890,"Mytilopsis leucophaeata (Conrad, 1831)",Animalia,SPECIES
148702712,2688189,24560,Selaginella kraussiana (Kunze) A.Braun,Plantae,SPECIES
148702713,2287073,23135,"Dreissena bugensis (Andrusov, 1897)",Animalia,SPECIES
148702714,2287072,23136,"Dreissena polymorpha (Pallas, 1771)",Animalia,SPECIES
148702720,2687940,23200,Equisetum ramosissimum Desf.,Plantae,SPECIES
148702721,8485639,23187,"Ensis leei M.Huber, 2015",Animalia,SPECIES
148702722,2287249,23186,"Ensis directus (Conrad, 1844)",Animalia,SPECIES
148702729,2285357,23581,"Isognomon bicolor (C.B.Adams, 1845)",Animalia,SPECIES
148702732,7498955,23107,Dicksonia antarctica Labill.,Plantae,SPECIES
7820753,2286069,22964,"Magallana gigas (Thunberg, 1793)",Animalia,SPECIES
10173892,10173892,24015,"Ostrea chilensis Philippi, 1846",Animalia,SPECIES
148702737,5275404,24347,Pteris cretica L.,Plantae,SPECIES
148702738,2286079,22965,"Crassostrea virginica (Gmelin, 1791)",Animalia,SPECIES
148702739,2286081,22963,"Crassostrea brasiliana (Lamarck, 1819)",Animalia,SPECIES
148702744,5188971,24382,"Rangia cuneata (G.B.Sowerby I, 1832)",Animalia,SPECIES
11829634,4025486,24184,Lecanopteris pustulata subsp. pustulata,Plantae,SUBSPECIES
148702747,2286719,23871,"Musculium transversum (Say, 1829)",Animalia,SPECIES
148702750,4372686,24456,"Ruditapes philippinarum (A.Adams & Reeve, 1850)",Animalia,SPECIES
148702751,2287615,24138,"Petricolaria pholadiformis (Lamarck, 1818)",Animalia,SPECIES
148702752,2650903,23985,Onoclea sensibilis L.,Plantae,SPECIES
148702753,2287668,23830,"Mercenaria mercenaria (Linnaeus, 1758)",Animalia,SPECIES
148702755,8190231,22837,"Corbicula fluminea (O.F.Müller, 1774)",Animalia,SPECIES
148702756,2650999,23802,Matteuccia struthiopteris (L.) Tod.,Plantae,SPECIES
148702760,2651122,24281,Polystichum munitum (Kaulf.) C.Presl,Plantae,SPECIES
6531311,2285760,23870,"Arcuatula senhousia (W.H.Benson, 1842)",Animalia,SPECIES
148702763,2285737,22556,"Brachidontes exustus (Linnaeus, 1758)",Animalia,SPECIES
148702764,7157952,23144,Dryopteris erythrosora (D.C.Eaton) Kuntze,Plantae,SPECIES
148702765,5188832,22490,"Aulacomya atra (Molina, 1782)",Animalia,SPECIES
148702768,7319302,23143,Dryopteris cycadina (Franch. & Sav.) C.Chr.,Plantae,SPECIES
148702771,4345792,24330,"Pseudamphistomum truncatum (Rudolphi, 1819) Lühe, 1908",Animalia,SPECIES
148702774,4414288,24498,"Sanguinicola inermis Plehn, 1905",Animalia,SPECIES
148702775,2650829,23060,Cyrtomium falcatum (L.fil.) C.Presl,Plantae,SPECIES
4412444,4412443,24884,"Onchocleidus principalis Mizelle, 1936",Animalia,SPECIES
8788742,4078566,22544,Parablechnum cordatum (Desv.) Gasper & Salino,Plantae,SPECIES
148702784,4412419,24105,"Pellucidhaptor pricei Gusev & Strijak, 1972",Animalia,SPECIES
148702785,4412372,23066,"Dactylogyrus anchoratus (Dujardin, 1845) Wagener, 1857",Animalia,SPECIES
9530165,7296768,22545,Austroblechnum penna-marina subsp. penna-marina,Plantae,SUBSPECIES
148702793,2650107,22505,Azolla filiculoides Lam.,Plantae,SPECIES
148702794,5233371,24240,"Planaria torva (O.F.Müller, 1773)",Animalia,SPECIES
11589404,4416127,22491,"Kontikia coxii (Fletcher & Hamilton, 1888)",Animalia,SPECIES
148702801,5892137,24248,"Platydemus manokwari Beauchamp, 1962",Animalia,SPECIES
148702802,2765156,24822,Tradescantia fluminensis Vell.,Plantae,SPECIES
148702803,8701771,23960,"Obama nungara Carbayo, Alvarez-Presas, Jones & Riutort, 2016",Animalia,SPECIES
148702804,2765272,24823,Tradescantia virginiana L.,Plantae,SPECIES
148702806,2766030,24285,Pontederia cordata L.,Plantae,SPECIES
148702807,2502805,23609,"Kontikia ventrolineata (Dendy, 1892)",Animalia,SPECIES
2765942,2765940,23166,Pontederia crassipes Mart.,Plantae,SPECIES
148702810,6477009,23608,"Kontikia andersoni Jones, 1981",Animalia,SPECIES
148702812,2502865,22492,"Australoplana sanguinea (Moseley, 1877)",Animalia,SPECIES
148702813,2502795,22448,"Arthurdendyus albidus Jones, 1999",Animalia,SPECIES
148702814,5329014,24471,Sagittaria subulata (L.) Buchenau,Plantae,SPECIES
148702816,2502792,22449,"Arthurdendyus triangulatus (Dendy, 1895)",Animalia,SPECIES
148702817,5328909,24469,Sagittaria latifolia Willd.,Plantae,SPECIES
7758879,4413868,22553,"Schyzocotyle acheilognathi (Yamaguti, 1934) Brabec, Waeschenbach, Scholz, Littlewood & Kuchta, 2015",Animalia,SPECIES
148702823,5329027,24470,Sagittaria rigida Pursh,Plantae,SPECIES
148702827,7825598,23855,"Monobothrium wageneri Nybelin, 1922",Animalia,SPECIES
148702829,2865526,24898,Vallisneria spiralis L.,Plantae,SPECIES
148702830,4413920,23602,"Khawia sinensis Hsü, 1935",Animalia,SPECIES
148702831,4413919,22483,"Atractolytocestus huronensis Anthony, 1958",Animalia,SPECIES
148702834,5329404,23896,Najas graminea Delile,Plantae,SPECIES
148702835,2865565,23617,Lagarosiphon major (Ridl.) Moss,Plantae,SPECIES
148702837,8172382,24946,"Vieitezia luzmurubeae Junoy, Andrade & Giribet, 2010",Animalia,SPECIES
5329263,5329260,23165,Elodea densa (Planch.) Casp.,Plantae,SPECIES
148702840,5329212,23176,Elodea nuttallii (Planch.) H.St.John,Plantae,SPECIES
148702841,4559504,22425,"Argonemertes dendyi (Dakin, 1915)",Animalia,SPECIES
148702842,5329198,23174,Elodea callitrichoides (Rich.) Casp.,Plantae,SPECIES
148702843,4559502,22371,"Antiponemertes pantini (Southgate, 1954)",Animalia,SPECIES
148702844,2865448,23175,Elodea canadensis Michx.,Plantae,SPECIES
148702849,2868827,24975,Zantedeschia aethiopica (L.) Spreng.,Plantae,SPECIES
148702851,4554479,24969,"Xiphinema coxi Tarjan, 1964",Animalia,SPECIES
148702853,2870583,24233,Pistia stratiotes L.,Plantae,SPECIES
148702856,2867631,23663,Lemna turionifera Landolt,Plantae,SPECIES
148702859,2867614,23662,Lemna minuta Kunth,Plantae,SPECIES
148702860,4556178,24872,"Tylenchorhynchus claytoni Steiner, 1937",Animalia,SPECIES
148702863,4556340,24300,"Pratylenchus bolivianus Corbett, 1983",Animalia,SPECIES
148702864,2869311,23766,Lysichiton americanus Hultén & H.St.John,Plantae,SPECIES
5777790,5777790,22614,"Bursaphelenchus xylophilus (Steiner & Buhrer, 1934), 1970",Animalia,SPECIES
148702870,2869301,23767,Lysichiton camtschatcensis (L.) Schott,Plantae,SPECIES
4346612,5890148,22342,"Anguillicola crassus Kuwahara, Niimi & Itagaki, 1974",Animalia,SPECIES
148702876,4411119,24853,"Trocheta pseudodina Nesemann, 1990",Animalia,SPECIES
148702879,2308258,24663,"Sparganophilus tamesis Benham, 1892",Animalia,SPECIES
148702881,5330001,23134,Dracunculus vulgaris Schott,Plantae,SPECIES
148702882,2869101,22626,Calla palustris L.,Plantae,SPECIES
148702884,2308549,23704,"Limnodrilus maumeensis Brinkhurst & Cook, 1966",Animalia,SPECIES
148702886,7228304,22451,Arum italicum subsp. italicum,Plantae,SUBSPECIES
148702888,5194067,23557,"Insulodrilus Brinkhurst, 1965",Animalia,GENUS
148702889,2867531,22430,Arisarum proboscideum (L.) Savi,Plantae,SPECIES
148702891,2308541,23703,"Limnodrilus cervix Brinkhurst, 1963",Animalia,SPECIES
148702892,2308557,23705,"Limnodrilus profundicola (Verrill, 1871)",Animalia,SPECIES
148702894,2308574,22564,"Branchiura sowerbyi Beddard, 1892",Animalia,SPECIES
148702896,5328593,22388,Aponogeton distachyos L.f.,Plantae,SPECIES
148702900,2321012,23798,"Marenzelleria viridis (Verrill, 1873)",Animalia,SPECIES
148702904,5299536,24864,Tulipa sylvestris L.,Plantae,SPECIES
148702905,5299675,24862,Tulipa gesneriana L.,Plantae,SPECIES
148702907,5299458,24863,Tulipa saxatilis Sieber ex Spreng.,Plantae,SPECIES
148702909,5199161,23527,"Hypania invalida (Grube, 1860)",Animalia,SPECIES
148702911,2753146,23698,Lilium martagon L.,Plantae,SPECIES
148702912,2753026,23699,Lilium pyrenaicum Gouan,Plantae,SPECIES
148702914,5199488,24207,"Pileolaria berkeleyana (Rioja, 1942)",Animalia,SPECIES
148702915,2752849,23231,Erythronium dens-canis L.,Plantae,SPECIES
148702916,2327326,23926,"Neodexiospira brasiliensis (Grube, 1872)",Animalia,SPECIES
148702918,2328302,23519,"Hydroides elegans (Haswell, 1883)",Animalia,SPECIES
148702919,2328293,23518,"Hydroides dianthus (Verrill, 1873)",Animalia,SPECIES
148702920,2328383,23520,"Hydroides ezoensis Okuda, 1934",Animalia,SPECIES
148702921,2327735,23323,"Ficopomatus enigmaticus (Fauvel, 1923)",Animalia,SPECIES
148702924,2753786,22257,Alstroemeria aurea Graham,Plantae,SPECIES
148702925,5200151,23096,"Desdemona ornata Banse, 1957",Animalia,SPECIES
148702930,5197206,22810,"Clymenella torquata (Leidy, 1855)",Animalia,SPECIES
148702933,2316488,23413,"Goniadella gracilis (Verrill, 1873)",Animalia,SPECIES
4931274,2778519,24172,Phormium colensoi Hook.f.,Plantae,SPECIES
148702936,2315382,22233,"Alitta succinea (Leuckart, 1847)",Animalia,SPECIES
148702937,2778511,24173,Phormium tenax J.R.Forst. & G.Forst.,Plantae,SPECIES
148702939,2781074,23463,Hemerocallis fulva (L.) L.,Plantae,SPECIES
148702940,2781103,23464,Hemerocallis lilioasphodelus L.,Plantae,SPECIES
148702942,5305162,23605,Kniphofia ×praecox Baker,Plantae,SPECIES
148702945,5305033,23606,Kniphofia uvaria (L.) Oken,Plantae,SPECIES
148702948,2778457,22461,Asphodelus albus Mill.,Plantae,SPECIES
148702950,2230413,23719,"Lithobius peregrinus Latzel, 1880",Animalia,SPECIES
148702952,2230973,23632,"Lamyctes emarginatus Newport, 1844",Animalia,SPECIES
8316677,2747442,22999,Crocus autumnalis Mill.,Plantae,SPECIES
148702959,4539276,23675,"Lepidocyrtus nigrescens Szeptycki, 1967",Animalia,SPECIES
148702962,4537152,24627,"Sminthurinus trinotatus W.M.Axelson, 1905",Animalia,SPECIES
148702969,1030608,23288,"Eusarsiella zostericola (Cushman, 1906)",Animalia,SPECIES
5296860,5296862,23693,Libertia chilensis (Molina) Gunckel,Plantae,SPECIES
5296860,5296865,23692,Libertia chilensis (Molina) Gunckel,Plantae,SPECIES
148702975,1017419,24038,"Oxidus gracilis (C.L.Koch, 1847)",Animalia,SPECIES
148702979,1013209,24879,"Unciger foetidus (C.L.Koch, 1838)",Animalia,SPECIES
5298224,2748377,23475,Iris tuberosa L.,Plantae,SPECIES
148702981,4419413,23442,"Haplopodoiulus spathifer (Brölemann, 1897)",Animalia,SPECIES
2746005,2746008,24522,Hesperantha coccinea (Backh. & Harv.) Goldblatt & J.C.Manning,Plantae,SPECIES
148702985,5297820,24960,Watsonia borbonica (Pourr.) Goldblatt,Plantae,SPECIES
148702989,5296432,24622,Sisyrinchium striatum Sm.,Plantae,SPECIES
148702990,2234836,23070,"Daphnia ambigua Scourfield, 1947",Animalia,SPECIES
148702994,5296178,24621,Sisyrinchium montanum Greene,Plantae,SPECIES
148702995,2220312,23467,"Hemimysis anomala G.O.Sars, 1907",Animalia,SPECIES
148702998,5175940,23706,"Limnoria tripunctata Menzies, 1951",Animalia,SPECIES
148703000,2208437,23838,"Metatrichoniscoides leydigii (Weber, 1881)",Animalia,SPECIES
148703001,5296365,24620,Sisyrinchium laxum Otto ex Sims,Plantae,SPECIES
148703003,5296218,24619,Sisyrinchium californicum (Ker Gawl.) Dryand.,Plantae,SPECIES
2205843,5176345,22455,"Caecidotea communis (Say, 1818)",Animalia,SPECIES
148703007,2745809,24662,Sparaxis grandiflora (D.Delaroche) Ker Gawl.,Plantae,SPECIES
148703010,2223429,24111,"Penaeus japonicus Spence Bate, 1888",Animalia,SPECIES
148703012,5298334,23570,Iris laevigata Fisch.,Plantae,SPECIES
148703013,4377567,24216,"Pilumnoides perlatus (Poeppig, 1836)",Animalia,SPECIES
148703015,2225815,24045,"Pachygrapsus marmoratus (Fabricius, 1787)",Animalia,SPECIES
148703017,2224970,24050,"Palaemon macrodactylus M.J.Rathbun, 1902",Animalia,SPECIES
148703018,2748312,23571,Iris orientalis Mill.,Plantae,SPECIES
148703019,5298126,23572,Iris sibirica L.,Plantae,SPECIES
148703021,5298946,23573,Iris spuria L.,Plantae,SPECIES
148703022,2227289,24309,"Procambarus acutus (Girard, 1852)",Animalia,SPECIES
148703023,5298900,23568,Iris ensata Thunb.,Plantae,SPECIES
148703024,2227300,24310,"Procambarus clarkii (Girard, 1852)",Animalia,SPECIES
8971201,2227064,23994,"Faxonius virilis (Hagen, 1870)",Animalia,SPECIES
148703026,5298069,23569,Iris ×germanica L.,Plantae,SPECIES
8909595,2227000,23993,"Faxonius limosus (Rafinesque, 1817)",Animalia,SPECIES
5298069,8070210,23567,Iris ×germanica L.,Plantae,SPECIES
148703029,5298051,23574,Iris unguicularis Poir.,Plantae,SPECIES
148703031,5298019,23575,Iris versicolor L.,Plantae,SPECIES
148703032,5972004,23496,"Homarus americanus H.Milne Edwards, 1837",Animalia,SPECIES
148703033,5297966,23576,Iris xiphium L.,Plantae,SPECIES
148703035,2227663,24408,"Rhithropanopeus harrisii (Gould, 1841)",Animalia,SPECIES
148703036,5296922,23584,Ixia paniculata D.Delaroche,Plantae,SPECIES
148703037,2227670,23149,"Dyspanopeus sayi (Smith, 1869)",Animalia,SPECIES
148703039,5296704,23583,Ixia campanulata Houtt.,Plantae,SPECIES
10673640,7458030,23338,Freesia ×kewensis J.Wright bis,Plantae,SPECIES
148703041,4382841,23466,"Hemigrapsus takanoi Asakura & Watanabe, 2005",Animalia,SPECIES
148703042,2225772,23465,"Hemigrapsus sanguineus (De Haan, 1835)",Animalia,SPECIES
148703043,2750096,23404,Gladiolus communis L.,Plantae,SPECIES
148703044,2225776,23219,"Eriocheir sinensis H.Milne Edwards, 1853",Animalia,SPECIES
148703045,2225797,22562,"Brachynotus sexdentatus (Risso, 1827)",Animalia,SPECIES
148703048,2747530,23000,Crocus sieberi J.Gay,Plantae,SPECIES
8946295,4417551,22464,"Pontastacus leptodactylus (Eschscholtz, 1823)",Animalia,SPECIES
148703050,2226990,24047,"Pacifastacus leniusculus (Dana, 1852)",Animalia,SPECIES
148703051,2747718,23001,Crocus speciosus M.Bieb.,Plantae,SPECIES
148703052,2226998,22463,"Astacus astacus (Linnaeus, 1758)",Animalia,SPECIES
148703053,2747815,22998,Crocus pulchellus Herb.,Plantae,SPECIES
2747567,2747568,23004,Crocus vernus (L.) Hill,Plantae,SPECIES
148703057,2219149,23417,"Grandidierella japonica Stephensen, 1938",Animalia,SPECIES
148703059,2217982,22962,"Crangonyx pseudogracilis Bousfield, 1958",Animalia,SPECIES
148703060,2747564,23002,Crocus tommasinianus Herb.,Plantae,SPECIES
148703063,2747567,23003,Crocus vernus (L.) Hill,Plantae,SPECIES
148703064,2747340,22993,Crocus biflorus Mill.,Plantae,SPECIES
148703065,2747842,22992,Crocus ancyrensis (Herb.) Maw,Plantae,SPECIES
148703066,2217354,23856,"Monocorophium acherusicum (A.Costa, 1853)",Animalia,SPECIES
148703067,2747313,22995,Crocus kotschyanus K.Koch,Plantae,SPECIES
148703068,4314702,23857,"Monocorophium sextonae (Crawford, 1937)",Animalia,SPECIES
148703069,4314683,22741,"Chelicorophium curvispinum (G.O.Sars, 1895)",Animalia,SPECIES
148703070,2747489,22994,Crocus chrysanthus (Herb.) Herb.,Plantae,SPECIES
148703071,2747305,22997,Crocus nudiflorus Sm.,Plantae,SPECIES
148703072,6460944,22740,"Chelicorophium chelicorne (G.O.Sars, 1895)",Animalia,SPECIES
148703073,2747464,22996,Crocus longiflorus Raf.,Plantae,SPECIES
148703074,2747927,22989,Crocosmia paniculata (Klatt) Goldblatt,Plantae,SPECIES
148703076,2747946,22988,Crocosmia masoniorum (L.Bolus) N.E.Br.,Plantae,SPECIES
148703077,2747959,22990,Crocosmia pottsii (Baker) N.E.Br.,Plantae,SPECIES
148703079,2744161,22737,Chasmanthe bicolor (Gasp.) N.E.Br.,Plantae,SPECIES
148703080,4315713,22729,"Chaetogammarus ischnus (Stebbing, 1899)",Animalia,SPECIES
148703082,2744906,22431,Aristea ecklonii Baker,Plantae,SPECIES
4315720,4315721,23155,"Marinogammarus marinus (Leach, 1816)",Animalia,SPECIES
148703086,2219863,23365,"Gammarus tigrinus Sexton, 1939",Animalia,SPECIES
148703087,4315703,23117,"Dikerogammarus haemobaphes (Eichwald, 1841)",Animalia,SPECIES
148703088,4315705,23118,"Dikerogammarus villosus (Sowinsky, 1894)",Animalia,SPECIES
2859597,2859569,24847,Ipheion uniflorum (Graham) Raf.,Plantae,SPECIES
148703090,4315708,22730,"Chaetogammarus warpachowskyi (G.O.Sars, 1894)",Animalia,SPECIES
148703093,5178057,22654,"Caprella mutica Schurin, 1935",Animalia,SPECIES
148703096,7563173,23015,"Cryptorchestia cavimana (Heller, 1865)",Animalia,SPECIES
2855328,2855333,23346,Galanthus alpinus var. alpinus,Plantae,VARIETY
148703099,4314748,22417,"Arcitalitrus dorrieni (Hunt, 1925)",Animalia,SPECIES
2860425,7816663,23687,Leucojum aestivum L.,Plantae,SPECIES
10755213,2858375,23910,Narcissus hispanicus subsp. hispanicus,Plantae,SUBSPECIES
148703106,4928424,23905,Narcissus nobilis (Haw.) Schult. & Schult.f.,Plantae,SPECIES
148703107,2114151,22426,"Argulus japonicus Thiele, 1900",Animalia,SPECIES
148703108,2858401,23902,Narcissus macrolobus (Jord.) Pugsley,Plantae,SPECIES
148703109,2854755,22204,Agapanthus praecox Willd.,Plantae,SPECIES
148703111,2855968,22235,Allium carinatum L.,Plantae,SPECIES
148703113,2857697,22236,Allium cepa L.,Plantae,SPECIES
4335587,8412690,23477,"Solidobalanus fallax (Broch, 1927)",Animalia,SPECIES
148703115,2856037,22234,Allium ampeloprasum L.,Plantae,SPECIES
148703117,2855683,22246,Allium subhirsutum L.,Plantae,SPECIES
148703118,2115769,22493,"Austrominius modestus (Darwin, 1854)",Animalia,SPECIES
148703120,2856681,22245,Allium sativum L.,Plantae,SPECIES
148703121,4805564,22294,"Amphibalanus amphitrite (Darwin, 1854)",Animalia,SPECIES
148703122,2857829,22248,Allium unifolium Kellogg,Plantae,SPECIES
148703123,2856457,22247,Allium triquetrum L.,Plantae,SPECIES
148703124,6467647,22295,"Amphibalanus improvisus (Darwin, 1854)",Animalia,SPECIES
148703125,2856456,22242,Allium pendulinum Ten.,Plantae,SPECIES
148703127,2857017,22241,Allium paradoxum (M.Bieb.) G.Don,Plantae,SPECIES
148703129,2855893,22244,Allium roseum L.,Plantae,SPECIES
2857444,2856476,22243,Allium obliquum L.,Plantae,SPECIES
148703131,2856348,22238,Allium neapolitanum Cirillo,Plantae,SPECIES
148703133,2855825,22237,Allium moly L.,Plantae,SPECIES
148703134,2856288,22240,Allium paniculatum L.,Plantae,SPECIES
148703135,5166760,22293,"Ammothea hilgendorfi (Böhm, 1879)",Animalia,SPECIES
148703138,2855823,22239,Allium nigrum L.,Plantae,SPECIES
148703140,4553820,23289,"Euscorpius flavicaudis (DeGeer, 1778)",Animalia,SPECIES
148703141,5325855,22276,Amaryllis belladonna L.,Plantae,SPECIES
148703143,2855342,23353,Galanthus plicatus subsp. plicatus,Plantae,SUBSPECIES
148703146,2855339,23352,Galanthus plicatus subsp. byzantinus (Baker) D.A.Webb,Plantae,SUBSPECIES
148703147,2855379,23354,Galanthus reginae-olgae Orph.,Plantae,SPECIES
7783291,2140000,24767,"Eratigena atrica (C.L.Koch, 1843)",Animalia,SPECIES
7909042,2139978,24766,"Eratigena agrestis (Walckenaer, 1802)",Animalia,SPECIES
148703151,5800485,24768,"Tegenaria ferruginea (Panzer, 1804)",Animalia,SPECIES
148703152,2855338,23351,Galanthus plicatus M.Bieb.,Plantae,SPECIES
2855338,8039494,23350,Galanthus plicatus M.Bieb.,Plantae,SPECIES
148703154,2855374,23348,Galanthus ikariae Baker,Plantae,SPECIES
148703156,2855356,23349,Galanthus nivalis L.,Plantae,SPECIES
148703157,2142456,24877,"Uloborus plumipes Lucas, 1846",Animalia,SPECIES
148703158,2855398,23347,Galanthus elwesii Hook.f.,Plantae,SPECIES
148703160,5168969,24541,"Scytodes thoracica (Latreille, 1802)",Animalia,SPECIES
148703161,2860409,23688,Leucojum vernum L.,Plantae,SPECIES
148703162,2853283,24054,Pancratium maritimum L.,Plantae,SPECIES
10686844,2171760,24626,"Attulus pubescens (Fabricius, 1775)",Animalia,SPECIES
148703166,2858909,23901,Narcissus jonquilla L.,Plantae,SPECIES
148703167,2173236,24331,"Pseudeuophrys lanigera (Simon, 1871)",Animalia,SPECIES
148703169,2162537,23965,"Oecobius navus Blackwall, 1859",Animalia,SPECIES
148703171,2858654,23900,Narcissus cyclamineus DC.,Plantae,SPECIES
148703172,2858846,23899,Narcissus bulbocodium L.,Plantae,SPECIES
11690517,2162175,23979,"Meri sanctivincenti (Simon, 1898)",Animalia,SPECIES
148703174,2858359,23898,Narcissus bicolor L.,Plantae,SPECIES
148703176,2858584,23909,Narcissus poeticus subsp. radiiflorus (Salisb.) Baker,Plantae,SUBSPECIES
148703177,7227587,23908,Narcissus poeticus subsp. poeticus,Plantae,SUBSPECIES
148703178,2858581,23907,Narcissus poeticus L.,Plantae,SPECIES
148703179,2144994,23947,"Nigma walckenaeri (Roewer, 1951)",Animalia,SPECIES
148703180,2858739,23906,Narcissus papyraceus Ker Gawl.,Plantae,SPECIES
148703181,2144770,23650,"Lathys lepida O.Pickard-Cambridge, 1909",Animalia,SPECIES
148703182,2858321,23904,Narcissus moschatus L.,Plantae,SPECIES
148703183,2858420,23903,Narcissus minor L.,Plantae,SPECIES
148703186,2855486,23951,Nothoscordum ×borbonicum Kunth,Plantae,SPECIES
7902793,2146639,23492,"Lycosa hispanica (Walckenaer, 1837)",Animalia,SPECIES
10755213,2858363,23911,Narcissus hispanicus subsp. hispanicus,Plantae,SUBSPECIES
148703190,2858963,23912,Narcissus tazetta L.,Plantae,SPECIES
148703191,2139092,23445,"Harpactea rubicunda (C.L.Koch, 1838)",Animalia,SPECIES
148703192,2139331,23148,"Dysdera crocata C.L.Koch, 1838",Animalia,SPECIES
148703193,2858501,23913,Narcissus triandrus L.,Plantae,SPECIES
148703196,2134305,24013,"Ostearius melanopygius (O.Pickard-Cambridge, 1880)",Animalia,SPECIES
2856204,2856205,23924,Allium siculum Ucria,Plantae,SPECIES
148703198,2137699,23217,"Erigone aletris Crosby & Bishop, 1928",Animalia,SPECIES
148703202,2140443,23578,"Ischnothyreus velox Jackson, 1908",Animalia,SPECIES
148703203,2140326,23104,"Diblemma donisthorpei O.Pickard-Cambridge, 1909",Animalia,SPECIES
2775683,2775677,24971,Yucca gloriosa var. tristis Carrière,Plantae,VARIETY
148703206,2143921,22809,"Clubiona facilis O.P.-Cambridge, 1910",Animalia,SPECIES
148703209,5170994,22424,"Argiope bruennichi (Scopoli, 1772)",Animalia,SPECIES
2767229,2767230,22768,Scilla sardensis (Whittall ex Barr & Sugden) Speta,Plantae,SPECIES
148703212,2149784,24337,"Psilochorus simoni (Berland, 1911)",Animalia,SPECIES
148703213,2149937,24171,"Pholcus phalangioides (Fuesslin, 1775)",Animalia,SPECIES
148703214,2149679,23494,"Holocnemus pluchei (Scopoli, 1763)",Animalia,SPECIES
148703216,2150089,22440,"Artema atlanta Walckenaer, 1837",Animalia,SPECIES
2767271,2767272,22767,Scilla luciliae (Boiss.) Speta,Plantae,SPECIES
2157402,4659890,22173,"Parasteatoda tepidariorum (C.L.Koch, 1841)",Animalia,SPECIES
4550810,2157642,22174,"Cryptachaea veruculata (Urquhart, 1886)",Animalia,SPECIES
148703224,2157242,24695,"Steatoda triangulosa (Walckenaer, 1802)",Animalia,SPECIES
148703225,2157203,24694,"Steatoda nobilis (Thorell, 1875)",Animalia,SPECIES
2767275,2767279,22766,Scilla forbesii (Baker) Speta,Plantae,SPECIES
148703227,2156506,23122,"Dipoena lugens (O.P.-Cambridge, 1909)",Animalia,SPECIES
148703228,2155867,22818,"Coleosoma floridanum Banks, 1900",Animalia,SPECIES
148703233,4324251,24178,"Phyllodicola petiti (Delamare Deboutteville & Laubier, 1960)",Animalia,SPECIES
148703235,2110811,23888,"Mytilicola intestinalis Steuer, 1902",Animalia,SPECIES
148703236,2110813,23889,"Mytilicola orientalis Mori, 1935",Animalia,SPECIES
148703237,2769204,23868,Muscari comosum (L.) Mill.,Plantae,SPECIES
148703239,2117035,23681,"Lernaea cyprinacea Linnaeus, 1758",Animalia,SPECIES
148703241,2110451,23927,"Neoergasilus japonicus (Harada, 1930)",Animalia,SPECIES
148703243,2110459,24071,"Paraergasilus longidigitus Yin, 1954",Animalia,SPECIES
148703244,2110464,23209,"Ergasilus sieboldi von Nordmann, 1832",Animalia,SPECIES
2769435,2769444,23785,Maianthemum dilatatum (Alph.Wood) A.Nelson & J.F.Macbr.,Plantae,SPECIES
148703246,5304187,24848,Triteleia laxa Benth.,Plantae,SPECIES
148703247,2110467,23207,"Ergasilus briani Markevich, 1933",Animalia,SPECIES
148703248,2110481,23208,"Ergasilus gibbus von Nordmann, 1832",Animalia,SPECIES
148703250,2767405,24524,Scilla bithynica Boiss.,Plantae,SPECIES
148703252,2767506,24523,Scilla bifolia L.,Plantae,SPECIES
148703253,4329507,24818,"Tracheliastes polycolpus von Nordmann, 1832",Animalia,SPECIES
148703254,4329506,24817,"Tracheliastes maculatus Kollar, 1835",Animalia,SPECIES
148703255,2767302,24526,Scilla messeniaca Boiss.,Plantae,SPECIES
148703256,2116335,22178,"Achtheres percarum von Nordmann, 1832",Animalia,SPECIES
148703257,2767389,24525,Scilla lilio-hyacinthus L.,Plantae,SPECIES
148703260,4333253,22162,"Acartia margalefi Alcaraz, 1976",Animalia,SPECIES
148703261,8080743,24528,Scilla siberica Andrews,Plantae,SPECIES
148703262,2114446,22163,"Acartia tonsa Dana, 1849",Animalia,SPECIES
148703263,2767432,24527,Scilla peruviana L.,Plantae,SPECIES
148703265,2772865,24399,Reineckea carnea (Andrews) Kunth,Plantae,SPECIES
148703266,2769775,24467,Ruscus hypoglossum L.,Plantae,SPECIES
148703267,8152187,23866,Muscari armeniacum H.J.Veitch,Plantae,SPECIES
148703269,2772094,23867,Muscari botryoides (L.) Mill.,Plantae,SPECIES
148703274,8351995,23335,"Frankliniella occidentalis (Pergande, 1895)",Animalia,SPECIES
2773448,2773467,24000,Ornithogalum umbellatum L.,Plantae,SPECIES
148703277,2773281,24001,Ornithogalum nutans L.,Plantae,SPECIES
148703279,1423286,23579,"Ischnura senegalensis (Rambur, 1842)",Animalia,SPECIES
148703281,5304298,23511,Hyacinthoides italica (L.) Rothm.,Plantae,SPECIES
148703282,1427734,22991,"Crocothemis servilia (Drury, 1773)",Animalia,SPECIES
148703285,2772666,23512,Hyacinthus orientalis L.,Plantae,SPECIES
148703286,1412393,22807,"Clitarchus hookeri (White, 1846)",Animalia,SPECIES
148703287,5304257,23510,Hyacinthoides hispanica (Mill.) Rothm.,Plantae,SPECIES
148703289,1415862,22508,"Bacillus rossius (Rossi, 1790)",Animalia,SPECIES
148703290,2766411,22838,Cordyline australis (G.Forst.) Endl.,Plantae,SPECIES
148703293,2768885,22457,Asparagus officinalis L.,Plantae,SPECIES
148703294,1824113,24791,"Thaumetopoea processionea Linnaeus, 1758",Animalia,SPECIES
148703295,2767031,22212,Agave americana L.,Plantae,SPECIES
148703298,4528702,24737,"Tachystola acroxantha (Meyrick, 1885)",Animalia,SPECIES
148703300,5102445,24701,"Stigmella pyri (Glitz, 1865) Vári, 1944",Animalia,SPECIES
148703302,5769719,24702,"Stigmella speciosa (Frey, 1858) Walsingham, 1916",Animalia,SPECIES
148703303,2700874,23759,Luzula luzuloides (Lam.) Dandy & Wilmott,Plantae,SPECIES
148703304,7457167,24703,"Stigmella suberivora (Stainton, 1869) Beirne, 1945",Animalia,SPECIES
148703306,2701970,23595,Juncus subulatus Forssk.,Plantae,SPECIES
5105642,5879975,24328,"Sinica sinica (Moore, 1877)",Animalia,SPECIES
148703309,1802868,24078,"Pardasena virgulana Mabille, 1880",Animalia,SPECIES
148703310,2702084,23596,Juncus tenuis Willd.,Plantae,SPECIES
148703312,2701564,23594,Juncus pallidus R.Br.,Plantae,SPECIES
148703313,1858063,24810,"Tinea translucens Meyrick, 1917",Animalia,SPECIES
148703314,1855620,24346,"Psychoides filicivora (Meyrick, 1937)",Animalia,SPECIES
148703316,1857068,23991,"Opogona sacchari (Bojer, 1856)",Animalia,SPECIES
148703317,2696031,23961,Ochagavia carnea (Beer) L.B.Sm. & Looser,Plantae,SPECIES
148703319,1864008,23797,"Manduca quinquemaculatus Haworth, 1803",Animalia,SPECIES
148703321,1807881,24365,"Pyrrharctia isabella J.E.Smith, 1797",Animalia,SPECIES
148703322,5117791,23245,"Euchromia lethe Fabricius, 1775",Animalia,SPECIES
148703324,5148424,24795,"Thera britannica (Turner, 1925)",Animalia,SPECIES
148703325,5287984,23310,Fascicularia bicolor (Ruiz & Pav.) Mez,Plantae,SPECIES
148703326,1986452,24967,"Xanthorhoe biriviata (Borkhausen, 1794)",Animalia,SPECIES
1957570,11275490,24116,"Peribatodes secundaria (Denis & Schiffermüller), 1775",Animalia,SPECIES
148703329,2715482,23057,Cyperus eragrostis Lam.,Plantae,SPECIES
148703330,1983888,23273,"Eupithecia phoeniceata (Rambur, 1834)",Animalia,SPECIES
148703331,2728060,22676,Carex vulpinoidea Michx.,Plantae,SPECIES
148703332,1983997,23271,"Eupithecia abietaria (Goeze, 1781)",Animalia,SPECIES
148703333,1982406,23272,"Eupithecia lariciata (Freyer, 1841)",Animalia,SPECIES
148703335,2712244,22675,Carex buchananii Berggr.,Plantae,SPECIES
148703336,1875425,23291,"Euzophera osseatella Treitschke, 1832",Animalia,SPECIES
148703338,1878470,23193,"Ephestia elutella (Hübner, 1796)",Animalia,SPECIES
148703341,5879783,24790,"Thaumatotibia leucotreta (Meyrick, 1913)",Animalia,SPECIES
148703342,1741826,24249,"Platynota rostrana (Walker, 1863)",Animalia,SPECIES
7262124,5946708,24846,Trisetum flavescens subsp. flavescens,Plantae,SUBSPECIES
148703344,1736574,23419,"Grapholita molesta (Busck, 1916)",Animalia,SPECIES
148703345,4143248,24973,Yushania anceps (Mitford) W.C.Lin,Plantae,SPECIES
148703346,1737131,23199,"Epiphyas postvittana (Walker, 1863)",Animalia,SPECIES
148703347,1737917,23039,"Cydia millenniana (Adamczewski, 1967)",Animalia,SPECIES
148703348,1737816,23040,"Cydia pactolana (Zeller, 1840)",Animalia,SPECIES
148703349,1737783,23038,"Cydia conicolana (Heylaerts, 1874)",Animalia,SPECIES
148703352,5290052,24976,Zea mays L.,Plantae,SPECIES
1884437,4531697,23958,"Parapoynx fluctuosalis (Zeller, 1852)",Animalia,SPECIES
148703354,1887576,24520,"Sceliodes laisalis Walker, 1859",Animalia,SPECIES
4531968,4531968,24531,"Sclerocona acutella (Eversmann, 1842)",Animalia,SPECIES
148703356,1887087,24733,"Synclita obliteralis Walker, 1859",Animalia,SPECIES
2703231,2703231,24977,Zizania latifolia (Griseb.) Stapf,Plantae,SPECIES
1884461,11195352,23957,"Parapoynx crisonalis (Walker, 1859)",Animalia,SPECIES
148703359,1884441,24073,"Parapoynx bilinealis Snellen, 1876",Animalia,SPECIES
148703360,1879078,23977,"Oligostigma polydectalis Walker, 1859",Animalia,SPECIES
148703362,1879452,23146,"Duponchelia fovealis Zeller, 1847",Animalia,SPECIES
1884132,10907063,23177,"Nymphula manilensis Hampson, 1917",Animalia,SPECIES
148703365,4532122,23037,"Cydalima perspectalis (Walker, 1859)",Animalia,SPECIES
148703367,5120767,22817,"Coleophora laricella (Hübner, 1817)",Animalia,SPECIES
4154191,4112411,22584,Bromus pumpellianus Scribn.,Plantae,SPECIES
148703370,5109882,24687,"Spodoptera litura (Fabricius, 1775)",Animalia,SPECIES
148703371,5109931,24686,"Spodoptera littoralis (Boisduval, 1833)",Animalia,SPECIES
148703372,5109850,24685,Spodoptera eridania Stoll,Animalia,SPECIES
148703373,1759673,23721,"Lithophane leautieri Boisduval, 1829",Animalia,SPECIES
2703670,4112404,22582,Bromus inermis Leyss.,Plantae,SPECIES
148703376,1787590,23437,"Hadena compta (Denis & Schiffermüller), 1775",Animalia,SPECIES
148703378,1795215,23011,"Cryphia algae (Fabricius, 1775)",Animalia,SPECIES
148703379,1785185,22777,"Chrysodeixis chalcites (Esper, 1789)",Animalia,SPECIES
148703381,1750159,24181,"Phyllonorycter leucographella (Zeller, 1850)",Animalia,SPECIES
2703663,2703664,22345,Bromus rigidus Roth,Plantae,SPECIES
148703384,1749936,24182,"Phyllonorycter platani (Staudinger, 1870)",Animalia,SPECIES
148703385,1750056,24179,"Phyllonorycter comparella (Duponchel, 1843)",Animalia,SPECIES
2703721,2703722,22344,Bromus madritensis L.,Plantae,SPECIES
148703387,1750157,24180,"Phyllonorycter geniculella (Ragonot, 1874)",Animalia,SPECIES
148703388,1750288,24183,"Phyllonorycter strigulatella (Zeller, 1846)",Animalia,SPECIES
148703390,5104903,22631,"Caloptilia azaleella (Brants, 1913)",Animalia,SPECIES
148703391,1749449,22637,"Cameraria ohridella Deschka & Dimić, 1986",Animalia,SPECIES
2703760,2703761,22343,Bromus diandrus Roth,Plantae,SPECIES
2703746,2703751,22347,Bromus tectorum L.,Plantae,SPECIES
2703647,2703648,22346,Bromus sterilis L.,Plantae,SPECIES
148703399,1921004,24390,"Rapala schistacea (Moore, 1879)",Animalia,SPECIES
148703401,1932752,22621,"Cacyreus marshalli Butler, 1897",Animalia,SPECIES
6067827,4148214,22852,Austroderia richardii (Endl.) N.P.Barker & H.P.Linder,Plantae,SPECIES
4528100,4528099,24871,"Phthorimaea absoluta Meyrick, 1917",Animalia,SPECIES
148703405,1852118,24175,"Phthorimaea operculella (Zeller, 1873)",Animalia,SPECIES
148703406,1850279,23378,"Gelechia senticetella (Staudinger, 1859)",Animalia,SPECIES
148703408,1850450,23377,"Gelechia sabinellus (Zeller, 1839)",Animalia,SPECIES
2703723,2703727,22716,Bromus catharticus Vahl,Plantae,SPECIES
2703712,2703715,22715,Bromus carinatus Hook. & Arn.,Plantae,SPECIES
148703412,1851409,22819,"Coleotechnites piceaella (Kearfott, 1903)",Animalia,SPECIES
148703413,5122232,22482,"Athrips rancidella (Herrich-Schäffer, 1854)",Animalia,SPECIES
148703416,1830221,22427,"Argyresthia cupressella Walsingham, 1890",Animalia,SPECIES
4932232,4126278,23065,Dactylis glomerata subsp. lobata (Drejer) H.Lindb.,Plantae,SUBSPECIES
148703418,1830209,22428,"Argyresthia laevigatella Herrich-Schäffer, 1855",Animalia,SPECIES
148703419,1830271,22429,"Argyresthia trifasciata Staudinger, 1871",Animalia,SPECIES
148703422,4529740,22330,"Anatrachyntis simplex (Walsingham, 1891)",Animalia,SPECIES
8335191,4109217,24010,Oloptum miliaceum (L.) Röser & Hamasha,Plantae,SPECIES
148703426,1419902,22348,"Anisolabis maritima (Bonelli, 1832)",Animalia,SPECIES
4130858,4131114,24255,Pleioblastus variegatus (J.Dix) Makino,Plantae,SPECIES
148703431,5039293,24012,"Osmia cornuta (Latreille, 1805)",Animalia,SPECIES
148703432,1337092,23498,"Hoplitis adunca (Panzer, 1798)",Animalia,SPECIES
4132188,4132054,24254,Pleioblastus argenteostriatus (Regel) Nakai,Plantae,SPECIES
148703437,1346919,23580,"Isodontia mexicana (de Saussure, 1867)",Animalia,SPECIES
148703439,1316805,24763,"Tapinoma melanocephalum (Fabricius, 1793)",Animalia,SPECIES
148703440,10114895,24762,"Tapinoma ibericum Santschi, 1925",Animalia,SPECIES
148703442,1323493,24781,"Tetramorium caldarium (Roger, 1857)",Animalia,SPECIES
9592414,5290030,24666,Sporobolus michauxianus (Hitchc.) P.M.Peterson & Saarela,Plantae,SPECIES
148703444,1323414,24782,"Tetramorium simillimum (Smith, 1851)",Animalia,SPECIES
148703445,1322635,24156,"Pheidole megacephala (Fabricius, 1793)",Animalia,SPECIES
148703446,1321805,24155,"Pheidole bilimeki Mayr, 1870",Animalia,SPECIES
9478836,5290026,24665,Sporobolus pumilus (Roth) P.M.Peterson & Saarela,Plantae,SPECIES
148703449,1320787,24239,"Plagiolepis alluaudi Emery, 1894",Animalia,SPECIES
148703451,1325561,24075,"Paratrechina longicornis (Latreille, 1802)",Animalia,SPECIES
9394776,5290035,24664,Sporobolus alterniflorus (Loisel.) P.M.Peterson & Saarela,Plantae,SPECIES
148703453,1325564,24074,"Paratrechina bourbonica (Forel, 1886)",Animalia,SPECIES
148703454,1325436,24076,"Paratrechina vividula (Nylander, 1846)",Animalia,SPECIES
148703455,1316908,23716,"Linepithema humile (Mayr, 1868)",Animalia,SPECIES
148703457,7358948,23640,"Lasius neglectus Van Loon, Boomsma & Andrasfalvy, 1990",Animalia,SPECIES
148703458,1325120,22978,"Crematogaster scutellaris (Olivier, 1792)",Animalia,SPECIES
148703460,5289693,24586,Setaria pumila (Poir.) Roem. & Schult.,Plantae,SPECIES
148703461,6096907,22423,"Arge berberidis Schrank, 1802",Animalia,SPECIES
148703462,2703325,24849,×Triticosecale Wittm. ex A.Camus,Plantae,GENUS
148703463,7795888,24850,Triticum aestivum L.,Plantae,SPECIES
148703465,1309652,23141,"Dryocosmus kuriphilus Yasumatsu, 1951",Animalia,SPECIES
148703466,2706406,24851,Triticum turgidum L.,Plantae,SPECIES
2702727,5289590,24955,Festuca myuros L.,Plantae,SPECIES
148703468,4497124,22335,"Andricus quercuscalicis (Burgsdorff, 1783)",Animalia,SPECIES
148703471,1589856,24801,"Thoracochaeta johnsoni (Spuler, 1925)",Animalia,SPECIES
148703472,9283187,24802,"Thoracochaeta seticosa (Spuler, 1925)",Animalia,SPECIES
4120648,4144456,24956,Festuca maritima L.,Plantae,SPECIES
148703477,4120602,24562,Semiarundinaria fastuosa (Lat.-Marl. ex Mitford) Makino,Plantae,SPECIES
148703478,1562730,24313,"Prosopantrum flavifrons (Tonnoir & Malloch, 1927)",Animalia,SPECIES
148703480,1587157,24106,"Pelomyia occidentalis Williston, 1893",Animalia,SPECIES
148703482,2705966,24542,Secale cereale L.,Plantae,SPECIES
148703485,5289698,24585,Setaria italica (L.) P.Beauv.,Plantae,SPECIES
148703486,5289684,24588,Setaria viridis (L.) P.Beauv.,Plantae,SPECIES
148703487,5289686,24587,Setaria verticillata (L.) P.Beauv.,Plantae,SPECIES
148703489,2705185,24661,Sorghum halepense (L.) Pers.,Plantae,SPECIES
148703490,2705181,24660,Sorghum bicolor (L.) Moench,Plantae,SPECIES
148703492,1528980,23522,"Hydrotaea aenescens (Wiedemann, 1830)",Animalia,SPECIES
148703493,7952471,24335,Pseudosasa japonica (Siebold & Zucc. ex Steud.) Makino ex Nakai,Plantae,SPECIES
148703495,8362005,24507,Sasa palmata (Burb.) E.G.Camus,Plantae,SPECIES
148703496,5073820,23139,"Drosophila suzukii (Matsumura, 1931)",Animalia,SPECIES
148703499,4127352,24509,Sasaella ramosa (Makino) Makino,Plantae,SPECIES
9341614,1593181,23586,"Cupressatia siskiyou (Felt, 1917)",Animalia,SPECIES
148703504,1595142,23072,"Dasineura gleditchiae (Osten Sacken, 1866)",Animalia,SPECIES
148703507,4128359,24508,Sasa veitchii (Carrière) Rehder,Plantae,SPECIES
148703512,5289746,24147,Phalaris aquatica L.,Plantae,SPECIES
148703515,5289744,24148,Phalaris canariensis L.,Plantae,SPECIES
148703516,5289752,24149,Phalaris minor Retz.,Plantae,SPECIES
148703517,1469908,22663,"Carcelia iliaca (Ratzeburg, 1840)",Animalia,SPECIES
148703518,5289758,24150,Phalaris paradoxa L.,Plantae,SPECIES
148703519,2705622,24085,Paspalum distichum L.,Plantae,SPECIES
148703520,2705962,24256,Pleioblastus simonii (Carrière) Nakai,Plantae,SPECIES
148703522,2704261,24270,Poa palustris L.,Plantae,SPECIES
148703524,1554694,24196,"Phytomyza gymnostoma Loew, 1858",Animalia,SPECIES
148703526,2704211,24268,Poa chaixii Vill.,Plantae,SPECIES
148703527,1552561,22720,"Cerodontha unisetiorbita Zlobin, 1993",Animalia,SPECIES
148703529,2704228,24269,Poa flabellata (Lam.) Raspail,Plantae,SPECIES
148703531,5289919,24280,Polypogon viridis (Gouan) Breistr.,Plantae,SPECIES
148703534,5289833,23915,Nassella tenuissima (Trin.) Barkworth,Plantae,SPECIES
148703536,5289831,23914,Nassella neesiana (Trin. & Rupr.) Barkworth,Plantae,SPECIES
148703538,2705162,24055,Panicum capillare L.,Plantae,SPECIES
148703540,2705090,24056,Panicum miliaceum L.,Plantae,SPECIES
148703542,4129708,23725,Lolium multiflorum Lam.,Plantae,SPECIES
148703543,5055183,22211,"Agathomyia wankowiczii (Schnabl, 1884)",Animalia,SPECIES
148703545,1653695,23024,"Culex modestus Ficalbi, 1947",Animalia,SPECIES
148703546,1651430,22194,"Aedes albopictus (Skuse, 1894)",Animalia,SPECIES
148703548,2706242,23726,Lolium temulentum L.,Plantae,SPECIES
148703551,2706026,23849,Miscanthus sinensis Andersson,Plantae,SPECIES
7763534,11068237,24843,"Lauritrioza alacris (Flor, 1861)",Animalia,SPECIES
5153690,5153689,24844,"Powellia vitreoradiata Maskell, 1879",Animalia,SPECIES
148703556,2053954,24312,"Prokelisia marginata (Van Duzee, 1897)",Animalia,SPECIES
148703558,2706052,23503,Hordeum jubatum L.,Plantae,SPECIES
148703559,5164224,24241,"Planococcus vovae (Nasonov, 1909)",Animalia,SPECIES
5156017,5156016,23861,"Phylloxera corticalis Kaltenbach, 1867",Animalia,SPECIES
148703564,8332019,23502,Hordeum distichon L.,Plantae,SPECIES
148703565,5156102,23677,"Leptoglossus occidentalis Heidemann, 1910",Animalia,SPECIES
148703566,8332019,23501,Hordeum distichon L.,Plantae,SPECIES
148703568,5153082,23497,"Homotoma ficus (Linnaeus, 1758)",Animalia,SPECIES
148703569,7226802,23506,Hordeum murinum subsp. murinum,Plantae,SUBSPECIES
148703571,2078852,23942,"Nezara viridula (Linnaeus, 1758)",Animalia,SPECIES
148703572,4485843,23441,"Halyomorpha halys (Stål, 1855)",Animalia,SPECIES
148703573,2706056,23507,Hordeum vulgare L.,Plantae,SPECIES
148703575,7886346,23504,Hordeum murinum L.,Plantae,SPECIES
148703576,4270548,23505,Hordeum murinum subsp. leporinum (Link) Arcang.,Plantae,SUBSPECIES
148703577,2080592,23541,"Icerya purchasi Maskell, 1879",Animalia,SPECIES
148703579,5290177,23619,Lagurus ovatus L.,Plantae,SPECIES
148703583,2092051,24355,"Pulvinariella mesembryanthemi (Vallot, 1829)",Animalia,SPECIES
148703584,2092040,24354,"Pulvinaria regalis Canard, 1968",Animalia,SPECIES
148703585,2091932,24353,"Pulvinaria hydrangeae Steinweden, 1946",Animalia,SPECIES
148703586,8042547,23248,"Eulecanium excrescens (Ferris, 1920)",Animalia,SPECIES
148703588,2705512,23408,Glyceria canadensis (Michx.) Trin.,Plantae,SPECIES
148703590,5676003,23309,Fargesia spathacea Franch.,Plantae,SPECIES
2704949,2704955,23317,Festuca trachyphylla (Hack.) Hack.,Plantae,SPECIES
148703594,2706501,22217,Agrostis castellana Boiss. & Reut.,Plantae,SPECIES
148703596,2706541,22218,Agrostis gigantea Roth,Plantae,SPECIES
148703598,2706444,22219,Agrostis scabra Willd.,Plantae,SPECIES
148703600,5290097,22252,Alopecurus myosuroides Huds.,Plantae,SPECIES
148703602,4136947,22336,Anemanthele lessoniana (Steud.) Veldkamp,Plantae,SPECIES
8382786,4484292,23100,"Massilieurodes chittendeni (Laing, 1928)",Animalia,SPECIES
148703604,2012118,24099,"Pealius azaleae (Baker & Moles, 1920)",Animalia,SPECIES
148703606,5289642,22376,Apera spica-venti (L.) P.Beauv.,Plantae,SPECIES
148703607,2020688,24697,"Stephanitis rhododendri Horváth, 1905",Animalia,SPECIES
148703608,5289643,22375,Apera interrupta (L.) P.Beauv.,Plantae,SPECIES
148703609,2020686,24698,"Stephanitis takeyai Drake & Maa, 1955",Animalia,SPECIES
148703610,2705972,22366,Anthoxanthum aristatum Boiss.,Plantae,SPECIES
148703611,2020655,22865,"Corythucha ciliata (Say, 1832)",Animalia,SPECIES
148703613,2020779,22601,"Buchananiella continua (White, 1880)",Animalia,SPECIES
148703615,5290059,22519,Beckmannia syzigachne (Steud.) Fernald,Plantae,SPECIES
148703617,2705295,22498,Avena strigosa Schreb.,Plantae,SPECIES
5152721,7527347,24867,"Tuponia mixticolor (A.Costa, 1862)",Animalia,SPECIES
148703619,2705286,22497,Avena sterilis L.,Plantae,SPECIES
148703620,4487799,24865,"Tupiocoris rhododendri (Dolling, 1972)",Animalia,SPECIES
148703621,2705290,22496,Avena sativa L.,Plantae,SPECIES
148703622,2705297,22495,Avena fatua L.,Plantae,SPECIES
148703623,7769968,24866,"Tuponia brevirostris Reuter, 1883",Animalia,SPECIES
148703625,4488082,24008,"Orthotylus caprai Wagner, 1955",Animalia,SPECIES
148703626,2705300,22494,Avena barbata Pott ex Link,Plantae,SPECIES
148703627,4487742,23775,"Macrolophus melanotoma (A.Costa, 1853)",Animalia,SPECIES
148703628,2703717,22588,Bromus secalinus L.,Plantae,SPECIES
148703631,4488821,23090,"Deraeocoris flavilinea (A.Costa, 1862)",Animalia,SPECIES
148703633,2702793,22581,Briza minor L.,Plantae,SPECIES
148703637,2702792,22580,Briza maxima L.,Plantae,SPECIES
148703638,4111775,22587,Bromus pseudosecalinus P.M.Sm.,Plantae,SPECIES
148703641,5162004,23684,"Leucaspis podocarpi Green, 1929",Animalia,SPECIES
148703642,2703711,22586,Bromus lepidus Holmb.,Plantae,SPECIES
148703643,2703705,22585,Bromus arvensis L.,Plantae,SPECIES
148703644,8016819,23249,"Eulepidosaphes pyriformis (Maskell, 1879)",Animalia,SPECIES
2703686,2703687,22717,Bromus marginatus Nees ex Steud.,Plantae,SPECIES
148703646,5161787,22462,"Aspidiotus nerii Bouche, 1833",Animalia,SPECIES
148703647,4154003,22764,Chimonobambusa quadrangularis (Franceschi) Makino,Plantae,SPECIES
148703649,2704523,22853,Cortaderia selloana (Schult. & Schult.f.) Asch. & Graebn.,Plantae,SPECIES
148703650,4486365,23959,"Nysius huttoni White, 1878",Animalia,SPECIES
148703651,4486382,24006,"Orsillus depressus Dallas, 1852",Animalia,SPECIES
148703652,5289998,23114,Digitaria ciliaris (Retz.) Koeler,Plantae,SPECIES
148703655,5289972,23116,Digitaria sanguinalis (L.) Scop.,Plantae,SPECIES
2070692,2070695,24885,"Uroleucon erigeronense (Thomas, 1878)",Animalia,SPECIES
148703659,5290003,23115,Digitaria ischaemum (Schreb.) Muhl.,Plantae,SPECIES
8035334,2075867,24816,Aphis aurantii aurantii,Animalia,SUBSPECIES
148703662,2704394,23056,Cynosurus echinatus L.,Plantae,SPECIES
2074719,4484903,23548,"Illinoia goldmaryae (Knowlton, 1938)",Animalia,SPECIES
10271458,2071553,24812,"Tinocallis ulmiparvifoliae Matsumura, 1919",Animalia,SPECIES
148703665,2705400,23203,Eragrostis pilosa (L.) P.Beauv.,Plantae,SPECIES
148703666,2071540,24811,"Tinocallis nevskyi Remaudière, Quednau & Heie, 1988",Animalia,SPECIES
148703667,2071530,24813,"Tinocallis zelkowae (Takahashi, 1919)",Animalia,SPECIES
148703668,2705378,23202,Eragrostis curvula (Schrad.) Nees,Plantae,SPECIES
148703669,2071843,24888,"Utamphorophora humboldti (Essig, 1941)",Animalia,SPECIES
148703670,2077950,24957,"Wahlgreniella nervata (Gillette, 1908)",Animalia,SPECIES
148703671,2073062,24624,"Sitobion luteum (Buckton, 1876)",Animalia,SPECIES
148703673,4386522,24749,"Takecallis taiwana (Takahashi, 1926)",Animalia,SPECIES
148703674,2705369,23201,Eragrostis cilianensis (All.) Vignolo ex Janch.,Plantae,SPECIES
148703675,4386522,24748,"Takecallis taiwana (Takahashi, 1926)",Animalia,SPECIES
148703676,2702808,23152,Echinochloa crus-galli (L.) P.Beauv.,Plantae,SPECIES
148703677,2077113,24747,"Takecallis arundinariae (Essig, 1917)",Animalia,SPECIES
148703678,2077119,24746,"Takecallis arundicolens (Clarke, 1903)",Animalia,SPECIES
148703679,6431411,23151,Echinochloa colonum (L.) Link,Plantae,SPECIES
148703681,2069529,24417,"Rhopalosiphum rufiabdominale (Sasaki, 1899)",Animalia,SPECIES
148703682,2702822,23154,Echinochloa frumentacea Link,Plantae,SPECIES
6313089,2702798,23153,Echinochloa crus-galli subsp. utilis (Ohwi & Yabuno) T.Koyama,Plantae,SUBSPECIES
148703686,2704987,23319,Festuca heterophylla Lam.,Plantae,SPECIES
148703688,4123970,23318,Festuca gautieri (Hack.) K.Richt.,Plantae,SPECIES
2704922,2704947,23320,Festuca rubra L.,Plantae,SPECIES
148703699,2072761,22385,"Aphis spiraecola Patch, 1914",Animalia,SPECIES
148703704,2873769,22182,Acorus calamus L.,Plantae,SPECIES
148703705,2072384,22382,"Aphis oenotherae Oestlund, 1887",Animalia,SPECIES
148703706,2072196,22381,"Aphis nerii Boyer de Fonscolombe, 1841",Animalia,SPECIES
148703707,9083295,22380,"Aphis gossypii Glover, 1877",Animalia,SPECIES
148703708,2873807,22183,Acorus gramineus Aiton,Plantae,SPECIES
148703715,2069916,22389,"Appendiseta robiniae (Gillette, 1907)",Animalia,SPECIES
148703716,2684171,24807,Thuja plicata Donn ex D.Don,Plantae,SPECIES
148703718,2683894,24966,Xanthocyparis nootkatensis (D.Don) Farjon & Harder,Plantae,SPECIES
148703720,2074362,22713,"Cerataphis orchidearum (Westwood, 1879)",Animalia,SPECIES
148703721,2074369,22712,"Cerataphis lataniae (Boisduval, 1867)",Animalia,SPECIES
148703723,2073287,22792,"Cinara curvipes (Patch, 1912)",Animalia,SPECIES
148703724,2683909,24578,Sequoia sempervirens (D.Don) Endl.,Plantae,SPECIES
148703726,2684120,24579,Sequoiadendron giganteum (Lindl.) J.T.Buchholz,Plantae,SPECIES
148703727,2075983,23220,"Eriosoma lanigerum (Hausmann, 1802)",Animalia,SPECIES
148703729,2684070,23025,Cupressus macrocarpa Hartw. ex Gordon,Plantae,SPECIES
148703732,5284237,23013,Cryptomeria japonica (Thunb. ex L.f.) D.Don,Plantae,SPECIES
148703733,2074729,23552,"Illinoia rhododendri (Wilson, 1918)",Animalia,SPECIES
148703734,2077985,23556,"Impatientinum asiaticum Nevsky, 1929",Animalia,SPECIES
148703735,2683866,22732,Chamaecyparis lawsoniana (A.Murray bis) Parl.,Plantae,SPECIES
148703736,2077209,23545,"Idiopterus nephrelepidis Davis, 1909",Animalia,SPECIES
148703737,2074696,23547,"Illinoia azaleae (Mason, 1925)",Animalia,SPECIES
148703738,2074705,23546,"Illinoia andromedae (MacGillivray, 1958)",Animalia,SPECIES
148703739,2074753,23549,"Illinoia lambersi (MacGillivray, 1960)",Animalia,SPECIES
148703740,2074803,23551,"Illinoia morrisoni (Swain, 1918)",Animalia,SPECIES
148703741,2683880,22733,Chamaecyparis pisifera (Siebold & Zucc.) Endl.,Plantae,SPECIES
148703742,2074776,23550,"Illinoia liriodendri (Monell, 1879)",Animalia,SPECIES
148703744,2074978,23778,"Macrosiphoniella sanborni (Gillette, 1908)",Animalia,SPECIES
148703745,2684984,22416,Araucaria araucana (Molina) K.Koch,Plantae,SPECIES
148703746,2077652,23781,"Macrosiphum ptericolens Patch, 1919",Animalia,SPECIES
148703748,2077734,23779,"Macrosiphum albifrons Essig, 1911",Animalia,SPECIES
148703750,11383063,23815,"Melaphis rhois (Fitch, 1866)",Animalia,SPECIES
148703751,2687210,24861,Tsuga heterophylla (Raf.) Sarg.,Plantae,SPECIES
148703752,5159694,24057,"Paoliella eastopi Hille Ris Lambers, 1973",Animalia,SPECIES
148703754,2685796,24336,Pseudotsuga menziesii (Mirb.) Franco,Plantae,SPECIES
148703755,2076179,23894,"Myzus persicae (Sulzer, 1776)",Animalia,SPECIES
148703756,2075896,23891,"Myzaphis turanica Nevsky, 1929",Animalia,SPECIES
148703759,5284884,24197,Picea abies (L.) H.Karst.,Plantae,SPECIES
148703761,2078259,23932,"Neotoxoptera formosana (Takahashi, 1921)",Animalia,SPECIES
148703762,2076388,23918,"Nearctaphis bakeri (Cowen, 1895)",Animalia,SPECIES
148703763,2074692,24113,"Pentalonia nigronervosa Coquerel, 1859",Animalia,SPECIES
148703765,2049607,24220,"Pineus strobi (Hartig, 1839)",Animalia,SPECIES
148703766,2049603,24219,"Pineus similis (Gillette, 1907)",Animalia,SPECIES
148703767,5284745,24199,Picea glauca (Moench) Voss,Plantae,SPECIES
148703768,2049732,22191,"Adelges cooleyi (Gillette, 1907)",Animalia,SPECIES
148703770,2029273,24992,"Zygina nivea (Mulsant & Rey, 1855)",Animalia,SPECIES
148703771,2045436,24993,"Zyginella pulchra Löw, 1885",Animalia,SPECIES
148703773,5284917,24198,Picea engelmannii Parry ex Engelm.,Plantae,SPECIES
148703774,4484044,22171,"Acericerus heydenii (Kirschbaum, 1868)",Animalia,SPECIES
148703775,4483961,24953,"Viridicerus ustulatus (Mulsant & Rey, 1855)",Animalia,SPECIES
148703776,2046028,24734,"Synophropsis lauri (Horváth, 1897)",Animalia,SPECIES
148703777,5284871,24201,Picea pungens Engelm.,Plantae,SPECIES
148703778,4483385,24414,"Rhopalopyx elongata Wagner, 1952",Animalia,SPECIES
148703779,2048955,24237,"Placotettix taeniatifrons (Kirschbaum, 1868)",Animalia,SPECIES
148703780,2038171,23992,"Opsius stactogalus Fieber, 1866",Animalia,SPECIES
148703781,2037925,23996,"Orientus ishidae (Matsumura, 1902)",Animalia,SPECIES
148703782,5284950,24200,Picea omorika (Pancic) Purk.,Plantae,SPECIES
148703783,2037991,23696,"Liguropia juniperi (Lethierry, 1876)",Animalia,SPECIES
148703784,2029899,23587,"Japananus hyalinus (Osborn, 1900)",Animalia,SPECIES
148703785,5284827,24202,Picea sitchensis (Bong.) Carrière,Plantae,SPECIES
148703786,2043586,23325,"Fieberiella florii (Stål, 1864)",Animalia,SPECIES
148703787,5285727,24229,Pinus radiata D.Don,Plantae,SPECIES
148703788,4483099,23326,"Fieberiella septentrionalis Wagner, 1963",Animalia,SPECIES
148703789,2041682,23418,"Graphocephala fennahi Young, 1977",Animalia,SPECIES
148703790,2049181,23287,"Eurhadina loewii (Then, 1886)",Animalia,SPECIES
148703791,5985037,23286,"Eupteryx decemnotata Rey, 1891",Animalia,SPECIES
148703792,2032333,23142,"Dryodurgades antoniae (Melichar, 1907)",Animalia,SPECIES
148703793,2026820,23164,"Edwardsiana nigriloba (Edwards, 1924)",Animalia,SPECIES
148703794,5285053,24228,Pinus ponderosa Douglas ex C.Lawson,Plantae,SPECIES
148703795,2040612,22518,"Batracomorphus allionii (Turton, 1802)",Animalia,SPECIES
4483843,2029336,22349,"Anoterostemma ivanoffi (Lethierry, 1876)",Animalia,SPECIES
148703797,5285565,24227,Pinus pinaster Aiton,Plantae,SPECIES
148703798,4484051,22172,"Acericerus ribauti Nickel & Remane, 2002",Animalia,SPECIES
148703801,5285079,24226,Pinus peuce Griseb.,Plantae,SPECIES
148703802,4998217,24841,"Trigonogenius globulus (Solier, 1849)",Animalia,SPECIES
148703803,5285074,24231,Pinus wallichiana A.B.Jacks.,Plantae,SPECIES
148703805,5284982,24230,Pinus strobus L.,Plantae,SPECIES
148703806,5285750,24221,Pinus contorta Douglas ex Loudon,Plantae,SPECIES
148703807,5825913,24224,Pinus nigra subsp. laricio (Poir.) Maire,Plantae,SUBSPECIES
148703810,7230699,24225,Pinus nigra subsp. nigra,Plantae,SUBSPECIES
148703811,4469707,24760,"Tanysphyrus ater Blatchley, 1928",Animalia,SPECIES
148703812,5285385,24222,Pinus mugo Turra,Plantae,SPECIES
148703813,1247584,24696,"Stenopelmus rufinasus Gyllenhal, 1835",Animalia,SPECIES
148703814,5284809,24223,Pinus nigra J.F.Arnold,Plantae,SPECIES
148703815,2686157,23637,Larix kaempferi (Lamb.) Carrière,Plantae,SPECIES
148703817,2686212,23636,Larix decidua Mill.,Plantae,SPECIES
148703818,1066826,24775,"Tesarius mcclayi (Cartwright, 1955)",Animalia,SPECIES
148703819,5284702,22693,Cedrus atlantica (Endl.) Manetti ex Carriere,Plantae,SPECIES
148703822,1154692,24842,"Trinophylum cribratum Bates, 1878",Animalia,SPECIES
148703823,1107218,23917,"Nathrius brevipennis (Mulsant, 1839)",Animalia,SPECIES
148703825,5284698,22694,Cedrus deodara (Lamb.) G.Don,Plantae,SPECIES
148703826,5284682,22695,Cedrus libani A.Rich.,Plantae,SPECIES
148703828,1077130,24039,"Oxythyrea funesta (Poda, 1761)",Animalia,SPECIES
148703829,2685308,22151,Abies procera Rehd.,Plantae,SPECIES
148703830,2685361,22149,Abies grandis (Douglas ex D.Don) Lindl.,Plantae,SPECIES
148703831,2685552,22150,Abies nordmanniana (Steven) Spach,Plantae,SPECIES
148703832,2685326,22147,Abies cephalonica Loudon,Plantae,SPECIES
148703834,2685318,22148,Abies fraseri (Pursh) Poir.,Plantae,SPECIES
148703836,2685484,22146,Abies alba Mill.,Plantae,SPECIES
148703838,6097315,23818,"Meligethes ruficornis (Marsham, 1802)",Animalia,SPECIES
148703840,4452858,23817,"Meligethes incanus Sturm, 1845",Animalia,SPECIES
1179346,4465640,23253,"Pentarthrum rufum Broun, 1880",Animalia,SPECIES
148703845,3686235,24693,Staphylea pinnata L.,Plantae,SPECIES
1179369,4465638,23252,"Pentarthrum confine Broun, 1881",Animalia,SPECIES
148703849,5018748,23564,"Ips amitinus Wood & Bright, 1992",Animalia,SPECIES
148703854,3039203,24081,Parthenocissus inserta (A.Kern.) Fritsch,Plantae,SPECIES
7836477,8357062,24021,"Otiorhynchus pseudonothus Apfelbeck, 1897",Animalia,SPECIES
148703856,1216881,24970,"Xylosandrus morigerus Reitter, 1913",Animalia,SPECIES
148703857,5013177,24532,"Scolytus dimidiatus Chapuis, 1869",Animalia,SPECIES
148703858,5372392,24954,Vitis vinifera L.,Plantae,SPECIES
148703859,1189397,24533,"Scolytus laevis Chapuis, 1869",Animalia,SPECIES
148703860,1189261,24534,"Scolytus pygmaeus (J.C.Fabricius, 1787)",Animalia,SPECIES
148703861,3039194,24082,Parthenocissus quinquefolia (L.) Planch.,Plantae,SPECIES
148703862,9288314,24724,"Syagrius intrudens Waterhouse, 1903",Animalia,SPECIES
148703863,3039209,24083,Parthenocissus tricuspidata (Siebold & Zucc.) Planch.,Plantae,SPECIES
148703864,1179354,24114,"Pentarthrum huttoni T.V.Wollaston, 1854",Animalia,SPECIES
1176496,4467969,24275,"Polydrusus viridinitens (Gravenhorst, 1807)",Animalia,SPECIES
148703868,2984676,24046,Pachysandra terminalis Siebold & Zucc.,Plantae,SPECIES
148703871,1195102,24016,"Otiorhynchus armadillo (Rossi, 1792)",Animalia,SPECIES
148703872,3626311,24029,Oxalis exilis A.Cunn.,Plantae,SPECIES
148703873,1195019,24018,"Otiorhynchus coecus Germar, 1823",Animalia,SPECIES
148703874,1195013,24017,"Otiorhynchus aurifer Boheman, 1842",Animalia,SPECIES
148703875,1194823,24020,"Otiorhynchus crataegi Germar, 1823",Animalia,SPECIES
148703876,2891720,24030,Oxalis incarnata L.,Plantae,SPECIES
148703877,1194863,24019,"Otiorhynchus corruptor (Host, 1790)",Animalia,SPECIES
148703878,2891652,24027,Oxalis decaphylla Kunth,Plantae,SPECIES
148703879,4467541,24022,"Otiorhynchus setosulus Stierlin, 1861",Animalia,SPECIES
148703880,2891677,24028,Oxalis dillenii Jacq.,Plantae,SPECIES
148703881,1174299,23783,"Magdalis memnonia (Gyllenhal, 1837)",Animalia,SPECIES
148703882,8427624,24025,Oxalis corniculata L.,Plantae,SPECIES
148703883,2891707,24026,Oxalis debilis Kunth,Plantae,SPECIES
5018848,9472594,23777,"Eutornus littoralis Broun, 1880",Animalia,SPECIES
148703885,2891664,24024,Oxalis articulata Savigny,Plantae,SPECIES
148703886,7318131,24037,Oxalis valdiviensis Barnéoud,Plantae,SPECIES
148703887,7766801,23536,"Hypothenemus hampei (Ferrari, 1867)",Animalia,SPECIES
148703888,9823072,24035,Oxalis stricta L.,Plantae,SPECIES
148703889,4990243,23566,"Ips sexdentatus (I.C.H.Boerner, 1776)",Animalia,SPECIES
148703890,7560711,24036,Oxalis tetraphylla Cav.,Plantae,SPECIES
148703891,1188893,23425,"Gronops inaequalis Boheman, 1842",Animalia,SPECIES
148703892,1228061,23081,"Dendroctonus micans (J.G.Kugelann, 1794)",Animalia,SPECIES
148703893,2891661,24033,Oxalis pes-caprae L.,Plantae,SPECIES
148703894,7156959,24034,Oxalis rosea Jacq.,Plantae,SPECIES
148703895,2891755,24031,Oxalis latifolia Kunth,Plantae,SPECIES
148703896,7318087,24032,Oxalis megalorrhiza Jacq.,Plantae,SPECIES
148703897,7859228,23008,"Cryphalus asperatus (L.Gyllenhal, 1813)",Animalia,SPECIES
148703900,3034015,23651,Laurus nobilis L.,Plantae,SPECIES
148703901,1212105,23009,"Cryphalus pallidus Eichhoff, 1872",Animalia,SPECIES
148703902,9202355,23019,"Crypturgus subcribrosus Eggers, 1933",Animalia,SPECIES
148703904,1231274,23018,"Crypturgus cinereus (J.F.W.Herbst, 1793)",Animalia,SPECIES
148703906,1043326,24431,"Rodolia cardinalis (Mulsant, 1850)",Animalia,SPECIES
148703907,4452268,23470,"Henosepilachna argus (Geoffroy, 1785)",Animalia,SPECIES
148703908,1043118,23444,"Harmonia quadripunctata (Pontoppidan, 1763)",Animalia,SPECIES
148703910,4989904,23443,"Harmonia axyridis (Pallas, 1773)",Animalia,SPECIES
148703911,2984306,23429,Gunnera tinctoria (Molina) Mirb.,Plantae,SPECIES
148703912,1043105,23036,"Cycloneda sanguinea (Linnaeus, 1763)",Animalia,SPECIES
148703913,1043663,23080,"Delphastus catalinae (Horn, 1895)",Animalia,SPECIES
148703914,1043717,23012,"Cryptolaemus montrouzieri Mulsant, 1853",Animalia,SPECIES
148703915,1043498,22763,"Chilocorus nigritus (Fabricius, 1798)",Animalia,SPECIES
148703916,8078925,23428,Gunnera manicata Linden,Plantae,SPECIES
148703917,6993524,22738,"Cheilomenes lunata (Fabricius, 1775)",Animalia,SPECIES
148703923,1230310,22811,"Coccotrypes dactyliperda (J.C.Fabricius, 1802)",Animalia,SPECIES
3932661,6376779,23232,Escallonia rubra var. macrantha (Hook. & Arn.) Reiche,Plantae,VARIETY
148703926,1212134,23010,"Cryphalus piceae Wood & Bright, 1992",Animalia,SPECIES
148703929,5018642,23565,"Ips cembrae Wood & Bright, 1992",Animalia,SPECIES
148703932,5331235,24950,Viola arvensis Murray,Plantae,SPECIES
148703933,4451390,22563,"Brachypterolus vestitus (Kiesenwetter, 1850)",Animalia,SPECIES
148703935,7628663,24951,Viola cornuta L.,Plantae,SPECIES
148703936,1095910,24803,"Thorictodes heydeni Reitter, 1875",Animalia,SPECIES
148703938,1095808,24808,"Thylodrias contractus Motschulsky, 1839",Animalia,SPECIES
148703939,1095973,24855,"Trogoderma glabrum (Herbst, 1783)",Animalia,SPECIES
148703940,9153437,24475,Salix daphnoides Vill.,Plantae,SPECIES
148703941,1095979,24856,"Trogoderma granarium Everts, 1898",Animalia,SPECIES
5372655,5582947,24476,Salix eleagnos Scop.,Plantae,SPECIES
148703943,1095977,24857,"Trogoderma inclusum LeConte, 1854",Animalia,SPECIES
148703944,1095971,24858,"Trogoderma variabile Ballion, 1878",Animalia,SPECIES
148703945,1095946,24398,"Reesa vespulae (Milliron, 1939)",Animalia,SPECIES
148703946,1095834,24005,"Orphinus fulvipes (Guérin-Méneville, 1836)",Animalia,SPECIES
148703947,4427381,23092,"Dermestes leechi Kalik, 1952",Animalia,SPECIES
148703948,7645931,24473,Salix acutifolia Willd.,Plantae,SPECIES
148703949,1095856,23093,"Dermestes peruvianus Laporte de Castelnau, 1840",Animalia,SPECIES
148703950,1095854,23091,"Dermestes frischi Kugelman, 1792",Animalia,SPECIES
148703951,5372513,24474,Salix alba L.,Plantae,SPECIES
148703954,4476584,24827,"Trechus subnotatus Dejean, 1831",Animalia,SPECIES
148703955,4474984,24540,"Scybalicus oblongiusculus (Dejean, 1829)",Animalia,SPECIES
148703956,5582033,24480,Salix udensis (Wimm.) Trautv. & C.A.Mey.,Plantae,SPECIES
148703958,7917481,24349,"Pterostichus cristatus (L.Dufour, 1820)",Animalia,SPECIES
148703959,7103891,24479,Salix triandra L.,Plantae,SPECIES
148703960,9716265,24118,"Perigona nigriceps (Dejean, 1831)",Animalia,SPECIES
148703961,5757175,24266,"Plochionus pallens (Fabricius, 1775)",Animalia,SPECIES
148703962,5372829,24478,Salix fragilis L.,Plantae,SPECIES
148703963,5372614,24477,Salix eriocephala Michx.,Plantae,SPECIES
148703965,5755203,23616,"Laemostenus complanatus (Dejean, 1828)",Animalia,SPECIES
148703966,5372933,24481,Salix viminalis L.,Plantae,SPECIES
148703968,3040185,24288,Populus ×canescens (Aiton) Sm.,Plantae,SPECIES
148703969,1036779,22658,"Carabus auratus Linnaeus, 1760",Animalia,SPECIES
148703970,3040184,24287,Populus balsamifera L.,Plantae,SPECIES
148703971,6362904,24289,Populus trichocarpa Torr. & A.Gray ex Hook.,Plantae,SPECIES
148703972,4473101,22266,"Amara cursitans Zimmermann, 1832",Animalia,SPECIES
148703973,3040233,24286,Populus alba L.,Plantae,SPECIES
148703976,1045842,24771,"Tenebrio obscurus Fabricius, 1792",Animalia,SPECIES
148703977,5878296,24830,"Tribolium destructor Uyttenboogaart, 1934",Animalia,SPECIES
148703978,2873861,23717,Linum usitatissimum L.,Plantae,SPECIES
148703979,4990338,24828,"Tribolium castaneum (Herbst, 1797)",Animalia,SPECIES
148703980,7987689,24829,"Tribolium confusum Jaquelin Du Val, 1868",Animalia,SPECIES
148703982,1045837,24051,"Palorus ratzeburgi (Wissmann, 1848)",Animalia,SPECIES
148703983,1045839,24052,"Palorus subdepressus (Wollaston, 1864)",Animalia,SPECIES
148703984,1045833,23641,"Latheticus oryzae C.O.Waterhouse, 1880",Animalia,SPECIES
148703985,6097732,23412,"Gnatocerus cornutus (Fabricius, 1798)",Animalia,SPECIES
148703986,6436603,23531,Hypericum hircinum L.,Plantae,SPECIES
148703988,7548037,22855,"Corticeus pini (Panzer, 1799)",Animalia,SPECIES
148703992,3713919,23532,Hypericum nummularium L.,Plantae,SPECIES
148703993,1045874,22256,"Alphitobius laevigatus (Fabricius, 1781)",Animalia,SPECIES
148703994,1045875,22255,"Alphitobius diaperinus (Panzer, 1797)",Animalia,SPECIES
148703996,3712851,23533,Hypericum pseudohenryi N.Robson,Plantae,SPECIES
148703997,3714630,23534,Hypericum xylosteifolium (Spach) N.Robson,Plantae,SPECIES
148703998,4440220,24774,"Teropalpus unicolor (Sharp, 1900)",Animalia,SPECIES
148703999,3189497,23528,Hypericum calycinum L.,Plantae,SPECIES
1042185,6097410,24794,"Thecturota tenuissima Casey, 1893",Animalia,SPECIES
148704001,1040328,24144,"Phacophallus parumpunctatus Gyllenhal, 1827",Animalia,SPECIES
148704002,4436873,24160,"Philonthus rectangulus Sharp, 1874",Animalia,SPECIES
148704003,1041477,23886,"Myrmecocephalus concinnus (Erichson, 1839)",Animalia,SPECIES
148704004,1040045,23978,"Oligota parva Kraatz, 1862",Animalia,SPECIES
148704005,4439559,23720,"Lithocharis nigriceps Kraatz, 1859",Animalia,SPECIES
148704006,3189526,23529,Hypericum canadense L.,Plantae,SPECIES
148704007,3712539,23530,Hypericum forrestii (Chitt.) N.Robson,Plantae,SPECIES
148704008,8190228,23438,"Hadrognathus longipalpis (Mulsant & Rey, 1851)",Animalia,SPECIES
148704010,4440144,22677,"Carpelimus zealandicus (Sharp, 1900)",Animalia,SPECIES
148704011,4437317,22540,"Bisnius parcus (Sharp, 1874)",Animalia,SPECIES
148704012,3062975,23831,Mercurialis annua L.,Plantae,SPECIES
148704013,1041063,22481,"Atheta harwoodi B.S.Williams, 1930",Animalia,SPECIES
148704014,3065244,23255,Euphorbia amygdaloides subsp. robbiae (Turrill) Stace,Plantae,SUBSPECIES
148704015,1040288,22193,"Adota maritima (Mannerheim, 1843)",Animalia,SPECIES
148704017,8498959,23755,"Luperomorpha xanthodera (Fairmaire, 1888)",Animalia,SPECIES
1048497,1048497,23098,"Diabrotica virgifera LeConte, 1868",Animalia,SPECIES
148704019,4990500,22985,"Crioceris asparagi (Linnaeus, 1758)",Animalia,SPECIES
148704020,4460066,22778,"Chrysolina americana (Linnaeus, 1758)",Animalia,SPECIES
4460196,7948612,22779,"Chrysolina coerulans (Scriba, 1791)",Animalia,SPECIES
148704022,3068819,23259,Euphorbia corallioides L.,Plantae,SPECIES
148704023,4460185,22780,"Chrysolina viridana (Küster, 1844)",Animalia,SPECIES
148704024,1047341,22630,"Callosobruchus chinensis (Linnaeus, 1758)",Animalia,SPECIES
148704026,5752157,22590,"Bruchus signaticornis Gyllenhal, 1833",Animalia,SPECIES
148704027,7225838,23257,Euphorbia characias subsp. characias,Plantae,SUBSPECIES
148704028,3067353,23256,Euphorbia characias L.,Plantae,SPECIES
148704029,1047651,22259,"Altica carduorum (Guérin-Méneville, 1858)",Animalia,SPECIES
148704030,1047525,22159,"Acanthoscelides obtectus (Say, 1831)",Animalia,SPECIES
7225838,3067363,23258,Euphorbia characias subsp. characias,Plantae,SUBSPECIES
148704036,8203538,23262,Euphorbia esula L.,Plantae,SPECIES
7402123,3064275,23270,Euphorbia virgata Waldst. & Kit.,Plantae,SPECIES
148704038,2458538,24974,"Zamenis longissimus (Laurenti, 1768)",Animalia,SPECIES
148704039,3069593,23263,Euphorbia exigua L.,Plantae,SPECIES
148704041,3070106,23260,Euphorbia cyparissias L.,Plantae,SPECIES
148704042,2469188,24271,"Podarcis muralis (Laurenti, 1768)",Animalia,SPECIES
148704043,6159243,23612,"Lacerta bilineata Daudin, 1802",Animalia,SPECIES
148704044,3069475,23261,Euphorbia dulcis L.,Plantae,SPECIES
148704046,3067119,23266,Euphorbia maculata L.,Plantae,SPECIES
148704048,3069460,23267,Euphorbia oblongata Griseb.,Plantae,SPECIES
148704049,2443002,24820,"Trachemys scripta (Thunberg In Schoepff, 1792)",Animalia,SPECIES
148704050,8909809,23185,"Emys orbicularis (Linnaeus, 1758)",Animalia,SPECIES
148704052,5220318,23773,"Macrochelys temminckii Troost, 1835",Animalia,SPECIES
148704053,3066367,23264,Euphorbia helioscopia L.,Plantae,SPECIES
148704054,2441905,22743,"Chelydra serpentina (Linnaeus, 1758)",Animalia,SPECIES
148704058,7707408,23112,"Didemnum vexillum Kott, 2002",Animalia,SPECIES
148704059,3066965,23265,Euphorbia lathyris L.,Plantae,SPECIES
148704061,3066386,23268,Euphorbia peplus L.,Plantae,SPECIES
148704063,3068153,23269,Euphorbia platyphyllos L.,Plantae,SPECIES
148704064,5200487,24124,"Perophora japonica Oka, 1927",Animalia,SPECIES
148704066,5200463,22840,"Corella eumyota Traustedt, 1882",Animalia,SPECIES
148704071,4356092,22795,"Ciona robusta Hoshino & Tokioka, 1967",Animalia,SPECIES
148704074,2331498,23854,"Molgula manhattensis (De Kay, 1843)",Animalia,SPECIES
2890038,2890039,23399,Geranium yeoi Aedo & Muñoz Garm.,Plantae,SPECIES
148704077,7954301,24100,Pelargonium tomentosum Jacq.,Plantae,SPECIES
148704078,2331942,24721,"Styela clava Herdman, 1881",Animalia,SPECIES
148704079,2890532,23395,Geranium platypetalum Fisch. & C.A.Mey.,Plantae,SPECIES
148704080,4354937,22554,"Botrylloides diegensis Ritter & Forsyth, 1917",Animalia,SPECIES
148704081,4354941,22555,"Botrylloides violaceus Oka, 1927",Animalia,SPECIES
148704082,2890651,23396,Geranium psilostemon Ledeb.,Plantae,SPECIES
148704083,2890122,23397,Geranium pyrenaicum Burm.f.,Plantae,SPECIES
148704084,2332123,22474,"Asterocarpa humilis (Heller, 1878)",Animalia,SPECIES
148704085,2890959,23398,Geranium reuteri Aedo & Muñoz Garm.,Plantae,SPECIES
148704087,2891079,23391,Geranium macrorrhizum L.,Plantae,SPECIES
148704090,2890983,23392,Geranium maderense Yeo,Plantae,SPECIES
148704091,2890287,23393,Geranium nodosum L.,Plantae,SPECIES
148704092,2431887,24852,"Triturus carnifex (Laurenti, 1768)",Animalia,SPECIES
148704093,2891390,23394,Geranium phaeum L.,Plantae,SPECIES
148704094,2431776,24472,"Salamandra salamandra (Linnaeus, 1758)",Animalia,SPECIES
148704095,2890040,23387,Geranium dissectum L.,Plantae,SPECIES
148704096,2431783,23542,"Ichthyosaura alpestris (Laurenti, 1768)",Animalia,SPECIES
148704097,2890502,23388,Geranium endressii J.Gay,Plantae,SPECIES
2431783,5784900,23836,"Ichthyosaura alpestris (Laurenti, 1768)",Animalia,SPECIES
148704099,2891124,23389,Geranium himalayense Klotzsch,Plantae,SPECIES
148704101,2891552,23390,Geranium ibericum Cav.,Plantae,SPECIES
148704103,2890739,23400,Geranium versicolor L.,Plantae,SPECIES
148704104,5217334,24968,"Xenopus laevis (Daudin, 1802)",Animalia,SPECIES
148704106,2426661,24108,"Pelophylax ridibundus (Pallas, 1771)",Animalia,SPECIES
2426654,5784980,24107,"Pelophylax lessonae (Camerano, 1882)",Animalia,SPECIES
148704109,3826854,23221,Erodium manescavi Coss.,Plantae,SPECIES
148704110,2427091,23718,"Lithobates catesbeianus (Shaw, 1802)",Animalia,SPECIES
148704114,2874680,23150,Ecballium elaterium (L.) A.Rich.,Plantae,SPECIES
148704115,2423435,22547,"Bombina variegata (Linnaeus, 1758)",Animalia,SPECIES
148704116,2874508,23023,Cucurbita pepo L.,Plantae,SPECIES
148704118,2426612,22262,"Alytes obstetricans (Laurenti, 1768)",Animalia,SPECIES
2874515,7655426,23022,Cucurbita maxima Duchesne,Plantae,SPECIES
148704123,2436940,24009,"Oryctolagus cuniculus (Linnaeus, 1758)",Animalia,SPECIES
148704124,2874570,23021,Cucumis melo L.,Plantae,SPECIES
148704129,2440196,23776,"Macropus rufogriseus (Desmarest, 1817)",Animalia,SPECIES
4264886,4409155,23865,"Mus musculus domesticus Schwarz & Schwarz, 1943",Animalia,SUBSPECIES
148704134,2986045,24159,Philadelphus coronarius L.,Plantae,SPECIES
148704135,2439261,24396,"Rattus norvegicus (Berkenhout, 1769)",Animalia,SPECIES
148704136,2439270,24397,"Rattus rattus (Linnaeus, 1758)",Animalia,SPECIES
148704137,5219721,23832,"Meriones unguiculatus (Milne-Edwards, 1867)",Animalia,SPECIES
148704138,2985994,23513,Hydrangea macrophylla (Thunb.) Ser.,Plantae,SPECIES
5786666,2437610,23514,"Hydrochoerus hydrochaeris (Linnaeus, 1766)",Animalia,SPECIES
148704142,2985965,23097,Deutzia scabra Thunb.,Plantae,SPECIES
148704144,5706486,23407,"Glis glis (Linnaeus, 1766)",Animalia,SPECIES
148704146,2439683,23173,"Eliomys quercinus (Linnaeus, 1766)",Animalia,SPECIES
148704149,2437450,24752,"Tamias sibiricus (Laxmann, 1769)",Animalia,SPECIES
148704150,2437438,24753,"Tamias striatus (Linnaeus, 1758)",Animalia,SPECIES
148704151,3082244,22847,Cornus sericea L.,Plantae,SPECIES
148704152,5219681,24530,"Sciurus carolinensis Gmelin, 1788",Animalia,SPECIES
148704153,2437232,23055,"Cynomys ludovicianus (Ord, 1815)",Animalia,SPECIES
148704157,8365953,22844,Cornus alba L.,Plantae,SPECIES
148704160,2441056,22653,"Capra hircus Linnaeus, 1758",Animalia,SPECIES
148704161,3082263,22845,Cornus mas L.,Plantae,SPECIES
4262380,8600904,22721,"Cervus elaphus canadensis Erxleben, 1777",Animalia,SUBSPECIES
148704165,5220114,24383,"Rangifer tarandus (Linnaeus, 1758)",Animalia,SPECIES
148704166,2440974,23962,"Odocoileus hemionus (Rafinesque, 1817)",Animalia,SPECIES
148704167,2440946,23864,"Muntiacus reevesi (Ogilby, 1839)",Animalia,SPECIES
148704168,2440931,23521,"Hydropotes inermis Swinhoe, 1870",Animalia,SPECIES
148704169,5220136,23069,"Dama dama (Linnaeus, 1758)",Animalia,SPECIES
148704171,2440954,22722,"Cervus nippon Temminck, 1838",Animalia,SPECIES
148704175,5218786,24311,"Procyon lotor (Linnaeus, 1758)",Animalia,SPECIES
148704176,3988701,23772,Lythrum junceum Banks & Sol.,Plantae,SPECIES
148704177,2433536,23916,"Nasua nasua (Linnaeus, 1766)",Animalia,SPECIES
5218823,2433652,23933,"Mustela vison Schreber, 1777",Animalia,SPECIES
5218913,5816581,23873,"Mustela putorius furo Linnaeus, 1758",Animalia,SUBSPECIES
148704182,5219380,23829,"Mephitis mephitis (Schreber, 1776)",Animalia,SPECIES
2434903,2434904,23313,"Prionailurus bengalensis (Kerr, 1792)",Animalia,SPECIES
148704186,2435035,23314,"Felis catus Linnaeus, 1758",Animalia,SPECIES
148704187,3188747,23771,Lythrum hyssopifolia L.,Plantae,SPECIES
5219303,2434532,22253,"Vulpes lagopus (Linnaeus, 1758)",Animalia,SPECIES
148704193,2434552,23954,"Nyctereutes procyonoides (Gray, 1834)",Animalia,SPECIES
148704197,5203115,24878,"Umbra krameri Walbaum, 1792",Animalia,SPECIES
3176369,3176366,23241,Eucalyptus pauciflora subsp. niphophila (Maiden & Blakely) L.A.S.Johnson & Blaxell,Plantae,SUBSPECIES
2477464,11232878,24468,"Rhynchotus rufescens (Temminck, 1815)",Animalia,SPECIES
148704203,3185043,24875,Ugni molinae Turcz.,Plantae,SPECIES
7595433,6169634,24482,"Salmo salar Linnaeus, 1758",Animalia,SPECIES
148704207,5420309,23753,Luma apiculata (DC.) Burret,Plantae,SPECIES
148704208,2351327,24487,"Salvelinus namaycush (Walbaum, 1792)",Animalia,SPECIES
148704209,4284020,24486,"Salvelinus malma (Walbaum, 1792)",Animalia,SPECIES
148704210,2351271,24485,"Salvelinus fontinalis (Mitchill, 1814)",Animalia,SPECIES
148704211,5711980,23981,"Oncorhynchus clarkii (Richardson, 1836)",Animalia,SPECIES
148704212,5204019,23984,"Oncorhynchus mykiss (Walbaum, 1792)",Animalia,SPECIES
148704213,5204034,23983,"Oncorhynchus kisutch (Walbaum, 1792)",Animalia,SPECIES
148704214,5204037,23982,"Oncorhynchus gorbuscha (Walbaum, 1792)",Animalia,SPECIES
148704215,2351413,23509,"Hucho hucho (Linnaeus, 1758)",Animalia,SPECIES
148704218,3181762,23680,Leptospermum scoparium Forst.,Plantae,SPECIES
148704220,2367936,23850,"Misgurnus fossilis (Linnaeus, 1758)",Animalia,SPECIES
148704222,2359014,22689,"Catostomus commersonii (Lacepède, 1803)",Animalia,SPECIES
148704224,3181859,23679,Leptospermum lanigerum (Aiton) Sm.,Plantae,SPECIES
148704226,3176787,23239,Eucalyptus globulus Labill.,Plantae,SPECIES
2362486,2362489,22432,"Hypophthalmichthys nobilis (Richardson, 1845)",Animalia,SPECIES
148704228,2362868,24334,"Pseudorasbora parva (Temminck & Schlegel, 1846)",Animalia,SPECIES
148704229,3176283,23240,Eucalyptus gunnii Hook.fil.,Plantae,SPECIES
148704230,2360842,24409,"Rhodeus amarus (Bloch, 1782)",Animalia,SPECIES
148704231,2367742,24217,"Pimephales promelas Rafinesque, 1820",Animalia,SPECIES
148704232,4409643,23686,"Leuciscus idus (Linnaeus, 1758)",Animalia,SPECIES
148704233,2362881,23685,"Leucaspius delineatus (Heckel, 1843)",Animalia,SPECIES
148704234,2362473,23535,"Hypophthalmichthys molitrix (Valenciennes, 1844)",Animalia,SPECIES
148704235,4286975,23059,"Cyprinus carpio Linnaeus, 1758",Animalia,SPECIES
148704236,4286942,22661,"Carassius auratus (Linnaeus, 1758)",Animalia,SPECIES
148704237,2366645,22662,"Carassius carassius (Linnaeus, 1758)",Animalia,SPECIES
148704240,2382155,24497,"Sander lucioperca (Linnaeus, 1758)",Animalia,SPECIES
148704241,3176982,23242,Eucalyptus pulchella Desf.,Plantae,SPECIES
148704243,2394486,23676,"Lepomis gibbosus (Linnaeus, 1758)",Animalia,SPECIES
148704244,2394514,22283,"Ambloplites rupestris (Rafinesque, 1817)",Animalia,SPECIES
148704247,2337607,24605,"Silurus glanis Linnaeus, 1758",Animalia,SPECIES
148704248,3176234,23243,Eucalyptus urnigera Hook.fil.,Plantae,SPECIES
148704250,5202520,23543,"Ictalurus punctatus (Rafinesque, 1818)",Animalia,SPECIES
148704251,2340977,22288,"Ameiurus melas (Rafinesque, 1820)",Animalia,SPECIES
148704253,3177112,23244,Eucalyptus viminalis Labill.,Plantae,SPECIES
148704255,4287131,22179,"Acipenser baerii Brandt, 1869",Animalia,SPECIES
148704257,2402168,22180,"Acipenser ruthenus Linnaeus, 1758",Animalia,SPECIES
148704262,2495150,24710,"Struthio camelus Linnaeus, 1758",Animalia,SPECIES
8126975,7356413,23198,Epilobium tournefortii Michalet,Plantae,SPECIES
148704266,2495160,24406,"Rhea pennata d'Orbigny, 1834",Animalia,SPECIES
148704267,7322292,23969,Oenothera ×cambrica Rostanski,Plantae,SPECIES
148704276,3188894,23970,Oenothera glazioviana Micheli,Plantae,SPECIES
148704277,9691034,24167,"Phoenicopterus ruber Linnaeus, 1758",Animalia,SPECIES
148704278,4352332,24166,"Phoenicopterus roseus Pallas, 1811",Animalia,SPECIES
148704279,2481110,24165,"Phoenicopterus chilensis Molina, 1782",Animalia,SPECIES
148704280,2481104,24164,"Phoeniconaias minor (É.Geoffroy Saint-Hilaire, 1798)",Animalia,SPECIES
148704283,2475243,24765,"Tauraco persa (Linnaeus, 1758)",Animalia,SPECIES
148704284,2475215,23872,"Musophaga violacea Isert, 1788",Animalia,SPECIES
148704286,3188924,23968,Oenothera biennis L.,Plantae,SPECIES
148704288,2478765,24380,"Ramphastos toco P.L.S.Müller, 1776",Animalia,SPECIES
148704289,3188799,23971,Oenothera L.,Plantae,GENUS
148704290,2478782,24381,"Ramphastos vitellinus M.H.K.Lichtenstein, 1823",Animalia,SPECIES
148704292,2477872,23140,"Dryocopus martius (Linnaeus, 1758)",Animalia,SPECIES
148704294,3188830,23972,Oenothera stricta Link,Plantae,SPECIES
148704297,5420991,23752,Ludwigia peploides (Kunth) P.H.Raven,Plantae,SPECIES
2495190,2495193,23386,"Ocyphaps lophotes (Temminck, 1822)",Animalia,SPECIES
148704300,2495691,24708,"Streptopelia tranquebarica (Hermann, 1804)",Animalia,SPECIES
6101223,2495659,24707,"Spilopelia senegalensis (Linnaeus, 1766)",Animalia,SPECIES
148704302,5421039,23751,Ludwigia grandiflora (Michx.) Greuter & Burdet,Plantae,SPECIES
6101224,2495715,24705,"Spilopelia chinensis (Scopoli, 1786)",Animalia,SPECIES
148704304,2495688,24706,"Streptopelia roseogrisea (Sundevall, 1857)",Animalia,SPECIES
148704305,2495342,23967,"Oena capensis (Linnaeus, 1766)",Animalia,SPECIES
148704306,5938224,23339,Fuchsia magellanica Lam.,Plantae,SPECIES
148704307,2495494,23384,"Geopelia cuneata (Latham, 1801)",Animalia,SPECIES
148704308,2495486,23385,"Geopelia striata (Linnaeus, 1766)",Animalia,SPECIES
148704309,3667399,23197,Epilobium pedunculare A.Cunn.,Plantae,SPECIES
148704310,2495898,23163,"Ectopistes migratorius (Linnaeus, 1766)",Animalia,SPECIES
148704312,2495891,22822,"Columbina cruziana (Prévost, 1842)",Animalia,SPECIES
148704316,2475452,23835,"Merops philippinus Linnaeus, 1767",Animalia,SPECIES
148704317,2475396,23834,"Merops nubicus J.F.Gmelin, 1788",Animalia,SPECIES
148704318,2475445,23833,"Merops bullockoides A.Smith, 1834",Animalia,SPECIES
148704320,9188840,23195,Epilobium ciliatum Raf.,Plantae,SPECIES
148704321,2475648,23064,"Dacelo novaeguineae (Hermann, 1783)",Animalia,SPECIES
148704323,2475360,22835,"Coracias caudatus Linnaeus, 1766",Animalia,SPECIES
148704324,7322764,23194,Epilobium brunnescens (Cockayne) P.H.Raven & Engelhorn,Plantae,SPECIES
148704325,2475379,22834,"Coracias benghalensis (Linnaeus, 1758)",Animalia,SPECIES
148704326,2475373,22833,"Coracias abyssinicus Hermann, 1783",Animalia,SPECIES
148704329,2481936,23877,"Mycteria ibis (Linnaeus, 1766)",Animalia,SPECIES
148704330,2481946,23678,"Leptoptilos crumeniferus (Lesson, 1831)",Animalia,SPECIES
148704332,5420978,22798,Clarkia amoena (Lehm.) A.Nelson & J.F.Macbr.,Plantae,SPECIES
148704335,5420957,22799,Clarkia unguiculata Lindl.,Plantae,SPECIES
148704338,2481091,24151,"Phalcoboenus australis (J.F.Gmelin, 1788)",Animalia,SPECIES
148704340,8014966,23297,"Falco biarmicus Temminck, 1825",Animalia,SPECIES
148704343,2480999,23299,"Falco jugger J.E.Gray, 1834",Animalia,SPECIES
2929800,2930922,24634,Solanum angustifolium Houst. ex Mill.,Plantae,SPECIES
148704345,2481000,23300,"Falco mexicanus Schlegel, 1850",Animalia,SPECIES
148704347,2481031,23296,"Falco ardosiaceus Vieillot, 1823",Animalia,SPECIES
148704348,2481020,23304,"Falco subniger G.R.Gray, 1843",Animalia,SPECIES
9568608,2481058,23301,"Falco peregrinus pelegrinoides Temminck, 1829",Animalia,SUBSPECIES
148704353,2480989,22660,"Caracara plancus (J.F.Miller, 1777)",Animalia,SPECIES
2932872,2932877,24632,Solanum decipiens Opiz,Plantae,SPECIES
148704357,5228450,22618,"Bycanistes brevis Friedmann, 1929",Animalia,SPECIES
148704360,2930439,24631,Solanum laciniatum Aiton,Plantae,SPECIES
148704361,2497562,24709,"Strix rufipes P.P.King, 1827",Animalia,SPECIES
2497415,5232199,24023,"Megascops asio (Linnaeus, 1758)",Animalia,SPECIES
148704363,5959111,22592,"Bubo africanus (Temminck, 1821)",Animalia,SPECIES
148704364,2929710,24630,Solanum chenopodioides Lam.,Plantae,SPECIES
148704365,5959092,22594,"Bubo bubo (Linnaeus, 1758)",Animalia,SPECIES
148704366,5959096,22593,"Bubo bengalensis (Franklin, 1831)",Animalia,SPECIES
148704367,5959144,22595,"Bubo magellanicus (R.Lesson, 1828)",Animalia,SPECIES
148704368,2930805,24635,Solanum sarrachoides Sendtn.,Plantae,SPECIES
148704369,5959118,22596,"Bubo virginianus (J.F.Gmelin, 1788)",Animalia,SPECIES
148704370,2497266,22480,"Athene noctua (Scopoli, 1769)",Animalia,SPECIES
148704372,2929032,24636,Solanum scabrum Mill.,Plantae,SPECIES
148704375,2932144,24633,Solanum physalifolium Rusby,Plantae,SPECIES
148704377,5229156,24101,"Pelecanus conspicillatus Temminck, 1824",Animalia,SPECIES
148704378,2480352,24104,"Pelecanus rufescens Gmelin, 1789",Animalia,SPECIES
148704380,2929505,24641,Solanum villosum Mill.,Plantae,SPECIES
148704381,2480790,24796,"Theristicus caudatus (Boddaert, 1783)",Animalia,SPECIES
148704382,2480764,24804,"Threskiornis aethiopicus (Latham, 1790)",Animalia,SPECIES
148704383,2480766,24806,"Threskiornis spinicollis (Jameson, 1835)",Animalia,SPECIES
148704384,2932184,24637,Solanum sisymbriifolium Lam.,Plantae,SPECIES
148704385,2480765,24805,"Threskiornis molucca (Cuvier, 1829)",Animalia,SPECIES
148704386,2480800,24243,"Platalea alba Scopoli, 1786",Animalia,SPECIES
148704388,2931237,24638,Solanum triflorum Nutt.,Plantae,SPECIES
148704389,2480772,24253,"Plegadis ridgwayi (Allen, 1876)",Animalia,SPECIES
148704390,2480770,23401,"Geronticus eremita (Linnaeus, 1758)",Animalia,SPECIES
148704391,2930262,24639,Solanum tuberosum L.,Plantae,SPECIES
148704392,5229205,23246,"Eudocimus albus (Linnaeus, 1758)",Animalia,SPECIES
148704393,5229204,23247,"Eudocimus ruber (Linnaeus, 1758)",Animalia,SPECIES
148704396,2480848,23585,"Ixobrychus sinensis (Gmelin, 1789)",Animalia,SPECIES
148704397,2932633,24640,Solanum vernei Bitter & Wittm.,Plantae,SPECIES
148704398,2480830,22597,"Bubulcus ibis (Linnaeus, 1758)",Animalia,SPECIES
148704399,2480907,22419,"Ardeola bacchus (Bonaparte, 1855)",Animalia,SPECIES
148704402,2474416,24290,"Porphyrio porphyrio (Linnaeus, 1758)",Animalia,SPECIES
148704403,2928796,24483,Salpichroa origanifolia (Lam.) Baill.,Plantae,SPECIES
148704405,2474945,23426,"Grus antigone (Linnaeus, 1758)",Animalia,SPECIES
148704406,5228229,22510,"Balearica regulorum (E.T.Bennett, 1834)",Animalia,SPECIES
3797084,5341813,24185,Alkekengi officinarum Moench,Plantae,SPECIES
148704409,5341784,24187,Physalis peruviana L.,Plantae,SPECIES
148704411,8969026,24188,Physalis philadelphica Lam.,Plantae,SPECIES
148704413,2497981,22360,"Anseranas semipalmata (Latham, 1798)",Animalia,SPECIES
5581168,6402873,24186,Physalis philadelphica subsp. ixocarpa (Brot. ex Hornem.) Sobr.-Vesp. & Sanz-Elorza,Plantae,SUBSPECIES
2928779,2928779,23945,Nicotiana forgetiana Hemsl.,Plantae,SPECIES
148704418,2498163,22354,"Anser canagicus (Sevastianov, 1802)",Animalia,SPECIES
148704420,2928761,23944,Nicotiana alata Link & Otto,Plantae,SPECIES
148704422,5341754,23943,Nicandra physalodes (L.) Gaertn.,Plantae,SPECIES
148704426,2928835,23762,Lycium barbarum L.,Plantae,SPECIES
2498335,2498336,23045,"Cygnus melancoryphus (Molina, 1782)",Animalia,SPECIES
2498294,2498295,23746,"Lophonetta specularioides (P.P.King, 1828)",Animalia,SPECIES
148704430,2928809,23763,Lycium chinense Mill.,Plantae,SPECIES
148704431,2498229,24787,"Thalassornis leuconotus Eyton, 1838",Animalia,SPECIES
148704432,2498011,24742,"Tadorna variegata (J.F.Gmelin, 1789)",Animalia,SPECIES
148704433,2498007,24741,"Tadorna tadornoides (Jardine & Selby, 1828)",Animalia,SPECIES
9647688,2498012,24740,"Radjah radjah (Garnot & R.Lesson, 1828)",Animalia,SPECIES
148704436,2928808,23764,Lycium L.,Plantae,GENUS
148704437,2498010,24738,"Tadorna cana (J.F.Gmelin, 1789)",Animalia,SPECIES
148704438,2498001,24505,"Sarkidiornis melanotos (Pennant, 1769)",Animalia,SPECIES
148704440,5232465,24251,"Plectropterus gambensis (Linnaeus, 1766)",Animalia,SPECIES
148704441,2928978,23526,Hyoscyamus niger L.,Plantae,SPECIES
148704442,2498181,23939,"Netta peposaca (Vieillot, 1816)",Animalia,SPECIES
148704444,2498177,23938,"Netta erythrophthalma (Wied-Neuwied, 1833)",Animalia,SPECIES
148704445,2498320,23925,"Neochen jubata (Spix, 1825)",Animalia,SPECIES
10214759,3802419,23561,Eriolarynx australis (Griseb.) J.M.H.Shaw,Plantae,SPECIES
148704447,2498310,23941,"Nettapus coromandelianus (J.F.Gmelin, 1789)",Animalia,SPECIES
148704448,5232470,24043,"Oxyura maccoa (Eyton, 1838)",Animalia,SPECIES
148704450,2498305,24041,"Oxyura jamaicensis (J.F.Gmelin, 1789)",Animalia,SPECIES
148704451,2928751,23077,Datura stramonium L.,Plantae,SPECIES
148704452,5232468,24040,"Oxyura ferruginea (Eyton, 1838)",Animalia,SPECIES
148704453,5232469,24044,"Oxyura vittata (Philippi, 1860)",Animalia,SPECIES
148704454,7894250,23076,Datura ferox L.,Plantae,SPECIES
148704457,5232435,23786,"Malacorhynchus membranaceus (Latham, 1801)",Animalia,SPECIES
148704458,2497999,23479,"Heteronetta atricapilla (Merrem, 1841)",Animalia,SPECIES
148704459,2498344,23042,"Cygnus atratus (Latham, 1790)",Animalia,SPECIES
148704460,2932944,22657,Capsicum annuum L.,Plantae,SPECIES
148704462,2498345,23043,"Cygnus buccinator Richardson, 1831",Animalia,SPECIES
148704466,3610757,23026,Cuscuta campestris Yunck.,Plantae,SPECIES
148704467,2498380,23027,"Cyanochen cyanoptera (Rüppell, 1845)",Animalia,SPECIES
148704468,2928576,23563,Ipomoea purpurea (L.) Roth,Plantae,SPECIES
148704469,2498396,23086,"Dendrocygna viduata (Linnaeus, 1766)",Animalia,SPECIES
148704470,2498404,23085,"Dendrocygna javanica (Horsfield, 1821)",Animalia,SPECIES
148704471,2928538,23562,Ipomoea hederacea Jacq.,Plantae,SPECIES
148704472,2498402,23084,"Dendrocygna bicolor (Vieillot, 1816)",Animalia,SPECIES
148704473,2498393,23083,"Dendrocygna autumnalis (Linnaeus, 1758)",Animalia,SPECIES
148704474,2498406,23082,"Dendrocygna arborea (Linnaeus, 1758)",Animalia,SPECIES
148704475,2498288,22867,"Coscoroba coscoroba (Molina, 1782)",Animalia,SPECIES
148704476,5232422,22769,"Chloephaga melanoptera (Eyton, 1838)",Animalia,SPECIES
148704477,2498046,22744,"Chenonetta jubata (Latham, 1801)",Animalia,SPECIES
148704478,2928446,22635,Calystegia silvatica (Kit.) Griseb.,Plantae,SPECIES
148704479,5232427,22772,"Chloephaga rubidiceps P.L.Sclater, 1861",Animalia,SPECIES
148704480,5232428,22770,"Chloephaga picta (J.F.Gmelin, 1789)",Animalia,SPECIES
148704481,5232423,22771,"Chloephaga poliocephala P.L.Sclater, 1857",Animalia,SPECIES
148704482,2498384,22629,"Callonetta leucophrys (Vieillot, 1816)",Animalia,SPECIES
148704483,3678949,22634,Calystegia ×pulchra Brumm. & Heywood,Plantae,SPECIES
148704484,5232432,22718,"Cereopsis novaehollandiae Latham, 1801",Animalia,SPECIES
148704485,2498325,22600,"Bucephala islandica (J.F.Gmelin, 1789)",Animalia,SPECIES
2498283,2498283,22622,Cairina moschata (Established Feral),Animalia,SPECIES
148704491,2498387,22223,"Aix sponsa (Linnaeus, 1758)",Animalia,SPECIES
148704492,2498388,22222,"Aix galericulata (Linnaeus, 1758)",Animalia,SPECIES
148704494,2498252,22254,"Alopochen aegyptiaca (Linnaeus, 1766)",Animalia,SPECIES
148704496,2498411,22282,"Amazonetta brasiliensis (J.F.Gmelin, 1789)",Animalia,SPECIES
148704500,2498078,22304,"Anas aucklandica (G.R.Gray, 1844)",Animalia,SPECIES
148704501,2498090,22305,"Anas bahamensis Linnaeus, 1758",Animalia,SPECIES
148704502,2498094,22306,"Anas capensis J.F.Gmelin, 1789",Animalia,SPECIES
148704504,2498097,22307,"Anas castanea (Eyton, 1838)",Animalia,SPECIES
9405036,2498139,22308,Spatula cyanoptera cyanoptera,Animalia,SUBSPECIES
148704507,2498064,22310,"Anas erythrorhyncha J.F.Gmelin, 1789",Animalia,SPECIES
9480191,2498096,22311,"Mareca falcata (Georgi, 1775)",Animalia,SPECIES
148704509,2498065,22312,"Anas flavirostris Vieillot, 1816",Animalia,SPECIES
148704511,2498127,22314,"Anas georgica J.F.Gmelin, 1789",Animalia,SPECIES
148704512,2498095,22315,"Anas gracilis Buller, 1869",Animalia,SPECIES
9496048,2498071,22316,"Spatula hottentota (Eyton, 1838)",Animalia,SPECIES
148704514,2498108,22318,"Anas luzonica Fraser, 1839",Animalia,SPECIES
7272736,4930163,24933,Viburnum glomeratum Maxim.,Plantae,SPECIES
148704516,2498109,22317,"Anas laysanensis Rothschild, 1892",Animalia,SPECIES
9290528,2498138,22320,"Spatula platalea (Vieillot, 1816)",Animalia,SPECIES
9583342,2498131,22322,"Spatula puna (Tschudi, 1844)",Animalia,SPECIES
148704520,9450106,22321,"Anas poecilorhyncha J.R.Forster, 1781",Animalia,SPECIES
9508460,2498110,22324,"Mareca sibilatrix (Poeppig, 1829)",Animalia,SPECIES
9288935,2498145,22323,"Spatula rhynchotis (Latham, 1801)",Animalia,SPECIES
148704523,2498084,22326,"Anas superciliosa J.F.Gmelin, 1789",Animalia,SPECIES
9462721,2498114,22328,Spatula versicolor versicolor,Animalia,SUBSPECIES
148704527,2498156,22327,"Anas undulata C.F.Dubois, 1838",Animalia,SPECIES
148704530,2498035,22358,"Anser indicus (Latham, 1790)",Animalia,SPECIES
148704531,3857198,24932,Viburnum trilobum Marshall,Plantae,SPECIES
148704533,2498034,22355,"Anser cygnoides (Linnaeus, 1758)",Animalia,SPECIES
148704534,2498262,22502,"Aythya novaeseelandiae (J.F.Gmelin, 1789)",Animalia,SPECIES
148704536,2498260,22500,"Aythya baeri (Radde, 1863)",Animalia,SPECIES
148704539,2888585,24931,Viburnum tinus L.,Plantae,SPECIES
148704543,5232445,22570,"Branta sandvicensis (Vigors, 1834)",Animalia,SPECIES
148704546,2888625,24929,Viburnum rhytidophyllum Hemsl. ex Forbes & Hemsl.,Plantae,SPECIES
148704547,2473341,23952,"Numida meleagris (Linnaeus, 1758)",Animalia,SPECIES
148704549,2474320,23995,"Oreortyx pictus (Douglas, 1829)",Animalia,SPECIES
148704550,5228080,22627,"Callipepla californica (Shaw, 1798)",Animalia,SPECIES
148704551,2888607,24930,Viburnum sargentii Koehne,Plantae,SPECIES
148704553,2888588,24928,Viburnum ×rhytidophylloides Suringar,Plantae,SPECIES
148704554,2473544,24824,"Tragopan temminckii (J.E.Gray, 1831)",Animalia,SPECIES
148704555,6369819,24494,Sambucus canadensis L.,Plantae,SPECIES
148704556,2473510,24873,"Tympanuchus cupido (Linnaeus, 1758)",Animalia,SPECIES
148704557,2473529,24874,"Tympanuchus pallidicinctus (Ridgway, 1873)",Animalia,SPECIES
148704558,2473477,24736,"Syrmaticus reevesii (J.E.Gray, 1829)",Animalia,SPECIES
148704559,9752149,24153,"Phasianus colchicus Linnaeus, 1758",Animalia,SPECIES
148704560,5227775,24154,"Phasianus versicolor Vieillot, 1825",Animalia,SPECIES
148704561,9451184,24097,"Pavo cristatus Linnaeus, 1758",Animalia,SPECIES
148704562,2888722,24495,Sambucus ebulus L.,Plantae,SPECIES
148704563,2473599,24098,"Pavo muticus Linnaeus, 1766",Animalia,SPECIES
148704565,2888723,24496,Sambucus racemosa L.,Plantae,SPECIES
148704566,5227966,23748,"Lophura nycthemera (Linnaeus, 1758)",Animalia,SPECIES
148704568,5227984,23749,"Lophura swinhoii (Gould, 1863)",Animalia,SPECIES
148704569,5227993,23747,"Lophura leucomelanos (Latham, 1790)",Animalia,SPECIES
148704570,9606290,23816,"Meleagris gallopavo Linnaeus, 1758",Animalia,SPECIES
148704571,5227919,23334,"Francolinus francolinus (Linnaeus, 1766)",Animalia,SPECIES
148704573,9326020,23363,"Gallus gallus (Linnaeus, 1758)",Animalia,SPECIES
148704574,5227765,23364,"Gallus sonneratii Temminck, 1813",Animalia,SPECIES
148704575,2474162,22960,"Coturnix japonica Temminck & Schlegel, 1848",Animalia,SPECIES
8082581,2474128,22959,"Synoicus chinensis (Linnaeus, 1766)",Animalia,SPECIES
148704577,2474099,23006,"Crossoptilon auritum (Pallas, 1811)",Animalia,SPECIES
5598598,5599230,23737,Lonicera acuminata Wall.,Plantae,SPECIES
148704579,2474098,23007,"Crossoptilon mantchuricum Swinhoe, 1863",Animalia,SPECIES
148704580,5228033,22781,"Chrysolophus amherstiae (Leadbeater, 1829)",Animalia,SPECIES
148704581,5228034,22782,"Chrysolophus pictus (Linnaeus, 1758)",Animalia,SPECIES
148704583,5227753,22690,"Catreus wallichii (Hardwicke, 1827)",Animalia,SPECIES
148704584,2474045,22229,"Alectoris barbara (Bonnaterre, 1790)",Animalia,SPECIES
148704585,2474051,22230,"Alectoris rufa (Linnaeus, 1758)",Animalia,SPECIES
7301011,2888805,24517,Sixalix atropurpurea subsp. atropurpurea,Plantae,SUBSPECIES
148704588,5229426,22231,"Alectura lathami J.E.Gray, 1831",Animalia,SPECIES
148704589,2888769,24894,Valerianella carinata Loisel.,Plantae,SPECIES
148704593,2479598,23189,"Eolophus roseicapilla (Vieillot, 1817)",Animalia,SPECIES
148704594,5229086,24759,"Tanygnathus sumatranus (Raffles, 1822)",Animalia,SPECIES
148704595,2888789,24895,Valerianella dentata (L.) Pollich,Plantae,SPECIES
148704596,2479686,24833,"Trichoglossus haematodus (Linnaeus, 1771)",Animalia,SPECIES
148704597,2480089,24329,"Psephotus haematonotus (Gould, 1838)",Animalia,SPECIES
148704598,2888773,24896,Valerianella eriocarpa Desv.,Plantae,SPECIES
148704599,5229045,24338,"Psittacula alexandri (Linnaeus, 1758)",Animalia,SPECIES
148704600,4095539,24897,Valerianella rimosa Bastard,Plantae,SPECIES
148704601,5229044,24339,"Psittacula cyanocephala (Linnaeus, 1766)",Animalia,SPECIES
148704602,5229072,24340,"Psittacula derbiana (Fraser, 1852)",Animalia,SPECIES
148704603,5229055,24341,"Psittacula eupatria (Linnaeus, 1766)",Animalia,SPECIES
148704604,5229034,24342,"Psittacula finschii (Hume, 1874)",Animalia,SPECIES
148704605,2479226,24343,"Psittacula krameri (Scopoli, 1769)",Animalia,SPECIES
148704606,5229062,24344,"Psittacula roseata Biswas, 1951",Animalia,SPECIES
148704607,2480181,24345,"Psittacus erithacus Linnaeus, 1758",Animalia,SPECIES
148704608,2479813,24368,"Pyrrhura rupicola (Tschudi, 1844)",Animalia,SPECIES
148704609,2479308,24244,"Platycercus adscitus (Latham, 1790)",Animalia,SPECIES
2479550,2479550,22209,"Agapornis roseicollis (Stanley, 1814)",Animalia,SPECIES
148704611,8201823,24892,Valeriana phu L.,Plantae,SPECIES
148704612,2479546,22208,"Agapornis pullarius (Linnaeus, 1758)",Animalia,SPECIES
148704613,4095186,24893,Valeriana pyrenaica L.,Plantae,SPECIES
148704614,2479544,22205,"Agapornis fischeri Reichenow, 1887",Animalia,SPECIES
148704615,2479553,22207,"Agapornis personatus Reichenow, 1887",Animalia,SPECIES
148704616,2479545,22206,"Agapornis nigrigenis W.L.Sclater, 1906",Animalia,SPECIES
148704617,2479629,22281,"Amazona tucumana (Cabanis, 1885)",Animalia,SPECIES
148704618,2479666,22278,"Amazona amazonica (Linnaeus, 1766)",Animalia,SPECIES
148704619,2479662,22277,"Amazona aestiva (Linnaeus, 1758)",Animalia,SPECIES
148704620,2888730,24961,Weigela florida (Bunge) A.DC.,Plantae,SPECIES
148704621,2479646,22280,"Amazona oratrix Ridgway, 1887",Animalia,SPECIES
148704622,2479612,22279,"Amazona ochrocephala (Gmelin, 1788)",Animalia,SPECIES
148704624,5959227,22398,"Ara macao (Linnaeus, 1758)",Animalia,SPECIES
148704625,2888636,24726,Symphoricarpos orbiculatus Moench,Plantae,SPECIES
148704626,5959230,22399,"Ara militaris (Linnaeus, 1766)",Animalia,SPECIES
148704627,5959231,22396,"Ara ararauna (Linnaeus, 1758)",Animalia,SPECIES
148704628,5334240,23739,Lonicera japonica Thunb.,Plantae,SPECIES
148704629,5959225,22397,"Ara chloropterus G.R.Gray, 1859",Animalia,SPECIES
148704630,5959233,22395,"Ara ambiguus (Bechstein, 1811)",Animalia,SPECIES
148704631,2479115,22411,"Aratinga leucophthalma (Statius Muller, 1776)",Animalia,SPECIES
148704632,5334253,23738,Lonicera involucrata (Richards.) Banks ex Spreng.,Plantae,SPECIES
148704633,2479146,22410,"Aratinga holochlora (P.L.Sclater, 1859)",Animalia,SPECIES
148704634,2479158,22413,"Aratinga solstitialis (Linnaeus, 1758)",Animalia,SPECIES
148704635,2479153,22412,"Aratinga mitrata (Tschudi, 1844)",Animalia,SPECIES
148704636,2479113,22415,"Aratinga weddellii (Deville, 1851)",Animalia,SPECIES
148704637,5334227,23736,Lonicera caprifolium L.,Plantae,SPECIES
148704638,2479159,22414,"Aratinga wagleri (G.R.Gray, 1845)",Animalia,SPECIES
148704639,2479089,22407,"Aratinga acuticaudata (Vieillot, 1818)",Animalia,SPECIES
148704640,2479105,22409,"Aratinga finschi (Salvin, 1871)",Animalia,SPECIES
148704641,5334259,23743,Lonicera xylosteum L.,Plantae,SPECIES
148704642,2479104,22408,"Aratinga erythrogenys (Lesson, 1844)",Animalia,SPECIES
148704643,5334242,23742,Lonicera tatarica L.,Plantae,SPECIES
148704644,2479720,22516,"Barnardius zonarius (Shaw, 1805)",Animalia,SPECIES
148704645,5598915,23741,Lonicera pileata Oliv.,Plantae,SPECIES
148704646,2479888,22620,"Cacatua galerita (Latham, 1790)",Animalia,SPECIES
148704647,2480108,22632,"Calyptorhynchus banksii (Latham, 1790)",Animalia,SPECIES
148704648,2479745,22735,"Charmosyna papou (Scopoli, 1786)",Animalia,SPECIES
148704649,2479761,22736,"Charmosyna placentis (Temminck, 1835)",Animalia,SPECIES
148704650,2479529,23029,"Cyanoliseus patagonus (Vieillot, 1818)",Animalia,SPECIES
148704651,5229105,23031,"Cyanoramphus auriceps (Kuhl, 1820)",Animalia,SPECIES
7764700,5599249,23740,Lonicera pileata var. yunnanensis (Franch.) Bernd Schulz,Plantae,VARIETY
148704653,5229110,23032,"Cyanoramphus novaezelandiae (Sparrman, 1787)",Animalia,SPECIES
148704654,2888579,23691,Leycesteria formosa Wall.,Plantae,SPECIES
148704655,2479486,23192,"Eos bornea (Linnaeus, 1758)",Animalia,SPECIES
148704656,2480075,23162,"Eclectus roratus (Statius Muller, 1776)",Animalia,SPECIES
148704657,7443846,23125,Dipsacus strigosus Willd.,Plantae,SPECIES
148704658,2479798,23824,"Melopsittacus undulatus (Shaw, 1805)",Animalia,SPECIES
148704659,2888814,23123,Dipsacus laciniatus L.,Plantae,SPECIES
148704660,2479446,24007,"Orthopsittaca manilata (Boddaert, 1783)",Animalia,SPECIES
148704661,2888816,23124,Dipsacus sativus (L.) Honck.,Plantae,SPECIES
148704662,2480102,23897,"Nandayus nenday (Vieillot, 1823)",Animalia,SPECIES
148704663,7298987,22707,Centranthus calcitrapae (L.) Dufr.,Plantae,SPECIES
148704664,2479407,23878,"Myiopsitta monachus (Boddaert, 1783)",Animalia,SPECIES
148704665,2479977,23956,"Nymphicus hollandicus (Kerr, 1792)",Animalia,SPECIES
148704666,2479509,23929,"Neophema pulchella (Shaw, 1792)",Animalia,SPECIES
148704667,2479498,24283,"Polytelis anthopeplus (Lear, 1831)",Animalia,SPECIES
148704668,2479497,24282,"Polytelis alexandrae Gould, 1863",Animalia,SPECIES
148704669,2479958,24273,"Poicephalus robustus (Gmelin, 1788)",Animalia,SPECIES
148704670,2888797,22709,Cephalaria gigantea (Ledeb.) Bobrov,Plantae,SPECIES
148704671,2479964,24274,"Poicephalus senegalus (Linnaeus, 1766)",Animalia,SPECIES
148704672,2479501,24284,"Polytelis swainsonii (Desmarest, 1826)",Animalia,SPECIES
148704673,2479320,24247,"Platycercus icterotis (Temminck & Kuhl, 1820)",Animalia,SPECIES
148704674,2479329,24246,"Platycercus eximius (Shaw, 1792)",Animalia,SPECIES
148704675,2888740,22708,Centranthus ruber (L.) DC.,Plantae,SPECIES
148704676,2479311,24245,"Platycercus elegans (Gmelin, 1788)",Animalia,SPECIES
148704679,2480762,24267,"Pluvianus aegyptius (Linnaeus, 1758)",Animalia,SPECIES
5229142,11380022,23500,"Vanellus spinosus (Linnaeus, 1758)",Animalia,SPECIES
148704685,5229146,24899,"Vanellus chilensis (Molina, 1782)",Animalia,SPECIES
148704686,5229134,24900,"Vanellus miles (Boddaert, 1783)",Animalia,SPECIES
5229136,11261756,23499,"Vanellus armatus (Burchell, 1822)",Animalia,SPECIES
148704689,7433196,23251,Euonymus latifolius (L.) Mill.,Plantae,SPECIES
148704690,5789302,22765,"Chionis albus (J.F.Gmelin, 1789)",Animalia,SPECIES
148704693,7102937,23250,Euonymus japonicus Thunb.,Plantae,SPECIES
7192426,2481190,23638,Chroicocephalus cirrocephalus cirrocephalus,Animalia,SUBSPECIES
7192427,2481161,23639,Chroicocephalus novaehollandiae novaehollandiae,Animalia,SUBSPECIES
148704696,6065817,22774,"Chroicocephalus hartlaubii (Bruch, 1855)",Animalia,SPECIES
148704700,2482096,22613,"Burhinus superciliaris (Tschudi, 1843)",Animalia,SPECIES
148704702,2481295,22202,"Aethia cristatella (Pallas, 1769)",Animalia,SPECIES
148704706,9483893,24984,"Zosterops capensis Sundevall, 1850",Animalia,SPECIES
148704707,2489345,24985,"Zosterops erythropleurus Swinhoe, 1863",Animalia,SPECIES
148704708,9300456,24986,"Zosterops japonicus Temminck & Schlegel, 1845",Animalia,SPECIES
148704709,9300456,24987,"Zosterops japonicus Temminck & Schlegel, 1845",Animalia,SPECIES
148704710,6434985,23953,Nuphar advena (Aiton) Aiton,Plantae,SPECIES
148704711,2489396,24988,"Zosterops lateralis (Latham, 1802)",Animalia,SPECIES
148704712,2489373,24989,"Zosterops luteus Gould, 1843",Animalia,SPECIES
148704713,2489362,24990,"Zosterops palpebrosus (Temminck, 1824)",Animalia,SPECIES
148704714,7341633,24991,"Zosterops poliogastrus Heuglin, 1861",Animalia,SPECIES
148704715,2493182,24972,"Yuhina diademata J.Verreaux, 1869",Animalia,SPECIES
148704720,2882443,22619,Cabomba caroliniana A.Gray,Plantae,SPECIES
6100872,2490904,24982,"Geokichla erythronota (P.L.Sclater, 1859)",Animalia,SPECIES
6100882,2490914,24981,"Geokichla citrina (Latham, 1790)",Animalia,SPECIES
148704727,2484627,24945,"Vidua regia (Linnaeus, 1766)",Animalia,SPECIES
148704729,2484626,24944,"Vidua paradisaea (Linnaeus, 1758)",Animalia,SPECIES
148704730,2484628,24943,"Vidua macroura (Pallas, 1764)",Animalia,SPECIES
148704731,3033077,22489,Aucuba japonica Thunb.,Plantae,SPECIES
148704732,2484613,24942,"Vidua chalybeata (Statius Muller, 1776)",Animalia,SPECIES
148704736,2487463,24952,"Vireo altiloquus (Vieillot, 1808)",Animalia,SPECIES
148704738,2492765,24308,"Prinia flaviventris (Delessert, 1840)",Animalia,SPECIES
148704739,3169707,24949,Vinca minor L.,Plantae,SPECIES
148704741,6421637,24947,Vinca difformis Pourr.,Plantae,SPECIES
148704742,2490487,24158,"Pheucticus melanocephalus (Swainson, 1827)",Animalia,SPECIES
148704743,2490495,24157,"Pheucticus chrysopeplus (Vigors, 1832)",Animalia,SPECIES
148704744,5230855,24094,"Passerina versicolor (Bonaparte, 1838)",Animalia,SPECIES
148704745,5230861,24089,"Passerina amoena (Say, 1822)",Animalia,SPECIES
148704746,3169708,24948,Vinca major L.,Plantae,SPECIES
148704747,5230862,24090,"Passerina caerulea (Linnaeus, 1758)",Animalia,SPECIES
148704749,5230852,24091,"Passerina ciris (Linnaeus, 1758)",Animalia,SPECIES
148704751,5230870,24093,"Passerina leclancherii Lafresnaye, 1840",Animalia,SPECIES
148704753,2487872,24119,"Periparus venustulus (Swinhoe, 1870)",Animalia,SPECIES
148704754,7270381,23382,Gentiana asclepiadea L.,Plantae,SPECIES
6100921,2493518,24070,"Sinosuthora webbiana (Gould, 1852)",Animalia,SPECIES
148704759,9750846,23997,"Oriolus chinensis Linnaeus, 1766",Animalia,SPECIES
148704760,2488966,23998,"Oriolus larvatus Lichtenstein, 1823",Animalia,SPECIES
148704761,2488963,23999,"Oriolus xanthornus (Linnaeus, 1758)",Animalia,SPECIES
148704762,7270031,23383,Gentiana clusii E.P.Perrier & Songeon,Plantae,SPECIES
148704766,2486222,24684,"Spizixos semitorques Swinhoe, 1861",Animalia,SPECIES
148704767,2486121,24356,"Pycnonotus aurigaster (Vieillot, 1818)",Animalia,SPECIES
148704768,2486132,24360,"Pycnonotus leucotis (Gould, 1836)",Animalia,SPECIES
148704769,2486129,24359,"Pycnonotus leucogenys (J.E.Gray, 1835)",Animalia,SPECIES
148704770,2486151,24358,"Pycnonotus jocosus (Linnaeus, 1758)",Animalia,SPECIES
148704772,2486131,24357,"Pycnonotus cafer (Linnaeus, 1766)",Animalia,SPECIES
148704773,2486130,24362,"Pycnonotus xanthorrhous Anderson, 1869",Animalia,SPECIES
148704774,2486150,24361,"Pycnonotus sinensis (Gmelin, 1789)",Animalia,SPECIES
148704775,2892272,24441,Rubia tinctorum L.,Plantae,SPECIES
148704776,5230300,23537,"Hypsipetes leucocephalus (Gmelin, 1789)",Animalia,SPECIES
148704777,7671397,24176,Phuopsis stylosa (Trin.) G.Nicholson,Plantae,SPECIES
148704778,2486188,23469,"Hemixos flavala Blyth, 1845",Animalia,SPECIES
148704779,2911624,23936,Nertera granadensis (Mutis ex L.f.) Druce,Plantae,SPECIES
148704780,2486187,23468,"Hemixos castanonotus Swinhoe, 1870",Animalia,SPECIES
148704784,5231207,24087,"Passer euchlorus (Bonaparte, 1850)",Animalia,SPECIES
148704785,5231210,24088,"Passer luteus (Lichtenstein, 1823)",Animalia,SPECIES
148704786,2913452,23362,Galium tricornutum Dandy,Plantae,SPECIES
148704787,5231192,24086,"Passer castanopterus Blyth, 1855",Animalia,SPECIES
148704789,6100969,23431,"Gymnoris superciliaris Blyth, 1845",Animalia,SPECIES
148704791,2913214,23361,Galium spurium L.,Plantae,SPECIES
148704792,2489450,23430,"Gymnorhina tibicen (Latham, 1802)",Animalia,SPECIES
148704793,2911525,22831,Coprosma repens A.Rich.,Plantae,SPECIES
148704795,2491862,24590,"Sicalis flaveola (Linnaeus, 1766)",Animalia,SPECIES
148704796,2492081,24080,"Paroaria coronata (J.F.Miller, 1776)",Animalia,SPECIES
148704797,2491645,23129,"Diuca diuca (Molina, 1782)",Animalia,SPECIES
148704799,2487049,23188,"Entomyzon cyanotis (Latham, 1801)",Animalia,SPECIES
148704801,2916662,22459,Asperula arvensis L.,Plantae,SPECIES
148704804,2916975,22460,Asperula taurina L.,Plantae,SPECIES
148704811,5384931,23508,Houttuynia cordata Thunb.,Plantae,SPECIES
2492482,6089319,24170,"Chaimarrornis leucocephalus (Vigors, 1831)",Animalia,SPECIES
148704820,7313595,22454,Asarum europaeum L.,Plantae,SPECIES
7340976,5231226,24169,"Phoenicurus erythrogastrus (Guldenstadt, 1775)",Animalia,SPECIES
148704824,2490789,24868,"Turdus dissimilis Blyth, 1847",Animalia,SPECIES
148704825,7497322,22434,Aristolochia hirta L.,Plantae,SPECIES
148704826,2490747,24869,"Turdus kessleri (Prjevalsky, 1876)",Animalia,SPECIES
148704827,2873991,22433,Aristolochia clematitis L.,Plantae,SPECIES
148704828,5231223,24168,"Phoenicurus auroreus (Pallas, 1776)",Animalia,SPECIES
7341536,11249485,23869,"Eumyias thalassinus (Swainson, 1838)",Animalia,SPECIES
148704830,2874019,22435,Aristolochia rotunda L.,Plantae,SPECIES
148704832,5231282,23322,"Ficedula strophiata (Hodgson, 1837)",Animalia,SPECIES
148704834,2492680,22832,"Copsychus saularis (Linnaeus, 1758)",Animalia,SPECIES
148704837,6100962,24883,"Urocissa erythroryncha (Boddaert, 1783)",Animalia,SPECIES
148704839,2482553,24366,"Pyrrhocorax graculus (Linnaeus, 1766)",Animalia,SPECIES
148704840,5421389,24506,Sarracenia purpurea L.,Plantae,SPECIES
148704841,2482593,23028,"Cyanocitta cristata (Linnaeus, 1758)",Animalia,SPECIES
148704843,7341881,23030,"Cyanopica cyanus (Pallas, 1776)",Animalia,SPECIES
148704844,2482478,22856,"Corvus albicollis Latham, 1790",Animalia,SPECIES
148704845,2482519,22857,"Corvus albus Statius Muller, 1776",Animalia,SPECIES
148704846,2927744,24163,Phlox paniculata L.,Plantae,SPECIES
148704849,5230383,22869,"Cotinga cayana (Linnaeus, 1766)",Animalia,SPECIES
7690055,2494590,24882,"Carpodacus sibiricus (Pallas, 1773)",Animalia,SPECIES
148704855,2891782,23555,Impatiens parviflora DC.,Plantae,SPECIES
6101014,2494729,22670,"Chloris ambigua (Oustalet, 1896)",Animalia,SPECIES
148704857,2891770,23554,Impatiens glandulifera Royle,Plantae,SPECIES
148704859,2891774,23553,Impatiens capensis Meerb.,Plantae,SPECIES
6101015,2494716,22672,"Chloris sinica (Linnaeus, 1766)",Animalia,SPECIES
7341794,2494678,22671,"Spinus notatus (Du Bus de Gisignies, 1847)",Animalia,SPECIES
8323485,2494446,22681,"Haemorhous mexicanus (P.L.Statius Müller, 1776)",Animalia,SPECIES
148704867,2882849,24890,Vaccinium corymbosum L.,Plantae,SPECIES
5231640,2494653,22673,"Spinus tristis (Linnaeus, 1758)",Animalia,SPECIES
148704869,2882841,24891,Vaccinium macrocarpon Aiton,Plantae,SPECIES
2494787,2494788,24413,"Rhodospiza obsoleta (M.H.K.Lichtenstein, 1823)",Animalia,SPECIES
148704872,7327990,24412,Rhododendron ponticum L.,Plantae,SPECIES
148704874,7135755,24411,Rhododendron luteum Sweet,Plantae,SPECIES
6100996,5231585,24583,"Crithagra mozambica (P.L.Statius Müller, 1776)",Animalia,SPECIES
6100975,5231544,24582,"Crithagra frontalis (Reichenow, 1904)",Animalia,SPECIES
148704878,2494303,24580,"Serinus canaria (Linnaeus, 1758)",Animalia,SPECIES
148704879,5333354,23689,Leucothoe fontanesiana (Steud.) Sleumer,Plantae,SPECIES
148704880,5231530,24581,"Serinus canicollis (Swainson, 1838)",Animalia,SPECIES
148704881,2494194,24584,"Serinus pusillus (Pallas, 1811)",Animalia,SPECIES
148704882,2494536,24367,"Pyrrhula erythaca Blyth, 1862",Animalia,SPECIES
148704883,2494402,23876,"Mycerobas carnipes (Hodgson, 1836)",Animalia,SPECIES
148704884,2494407,23875,"Mycerobas affinis (Blyth, 1855)",Animalia,SPECIES
148704885,2494143,23191,"Eophona personata (Temminck & Schlegel, 1848)",Animalia,SPECIES
148704886,2494146,23190,"Eophona migratoria Hartert, 1903",Animalia,SPECIES
148704887,6100998,22986,"Crithagra gularis (A.Smith, 1836)",Animalia,SPECIES
6400569,2882977,23655,Rhododendron tomentosum (Stokes) Harmaja,Plantae,SPECIES
148704889,2494514,22682,"Carpodacus roseus (Pallas, 1776)",Animalia,SPECIES
148704892,2484608,22548,"Bombycilla japonica (Siebold, 1824)",Animalia,SPECIES
148704895,2882990,23599,Kalmia polifolia Wangenh.,Plantae,SPECIES
6101130,2493487,23368,"Trochalopteron formosum J.Verreaux, 1869",Animalia,SPECIES
6101137,2493468,23369,"Trochalopteron milnei David, 1874",Animalia,SPECIES
6101120,2493443,23367,"Trochalopteron erythrocephalum (Vigors, 1832)",Animalia,SPECIES
148704901,5231397,23659,"Leiothrix argentauris (Hodgson, 1837)",Animalia,SPECIES
148704902,2883007,23597,Kalmia angustifolia L.,Plantae,SPECIES
148704903,5231398,23660,"Leiothrix lutea (Scopoli, 1786)",Animalia,SPECIES
148704904,2493355,23846,"Minla cyanouroptera (Hodgson, 1837)",Animalia,SPECIES
148704905,2883005,23598,Kalmia latifolia L.,Plantae,SPECIES
148704906,2493357,23847,"Minla strigula (Hodgson, 1837)",Animalia,SPECIES
148704907,2493392,23480,"Heterophasia capistrata (Vigors, 1831)",Animalia,SPECIES
148704908,2882758,23375,Gaultheria shallon Pursh,Plantae,SPECIES
148704909,2493453,23366,"Garrulax albogularis (Gould, 1836)",Animalia,SPECIES
148704910,2493462,23371,"Garrulax pectoralis (Gould, 1836)",Animalia,SPECIES
148704911,2493472,23370,"Garrulax ocellatus (Vigors, 1831)",Animalia,SPECIES
148704912,2493455,23372,"Garrulax perspicillatus (Gmelin, 1789)",Animalia,SPECIES
148704913,2493149,22506,"Babax lanceolatus (J.Verreaux, 1870)",Animalia,SPECIES
148704916,2882753,23374,Gaultheria procumbens L.,Plantae,SPECIES
7340679,5230005,23920,"Cinnyris osea Bonaparte, 1856",Animalia,SPECIES
7340636,5230041,23923,"Cinnyris venustus (Shaw, 1799)",Animalia,SPECIES
7340870,5229977,23921,"Chalcomitra senegalensis (Linnaeus, 1766)",Animalia,SPECIES
148704923,5230037,23922,"Nectarinia tacazze (Stanley, 1814)",Animalia,SPECIES
148704924,7340608,22794,"Cinnyris asiaticus (Latham, 1790)",Animalia,SPECIES
148704925,8347912,23212,Erica terminalis Salisb.,Plantae,SPECIES
148704926,2484659,22403,"Arachnothera magna (Hodgson, 1836)",Animalia,SPECIES
148704928,5333409,23211,Erica lusitanica Rudolphi,Plantae,SPECIES
5789082,2493601,23731,"Euodice malabarica (Linnaeus, 1758)",Animalia,SPECIES
148704931,2493723,24881,"Uraeginthus bengalus (Linnaeus, 1766)",Animalia,SPECIES
148704932,2493640,24670,"Spermophaga haematina (Vieillot, 1807)",Animalia,SPECIES
2493633,8823948,24272,"Taeniopygia guttata (Vieillot, 1817)",Animalia,SPECIES
148704934,7340452,24053,"Paludipasser locustella Neave, 1909",Animalia,SPECIES
148704935,5333410,23210,Erica arborea L.,Plantae,SPECIES
148704936,2493599,23730,"Lonchura maja (Linnaeus, 1766)",Animalia,SPECIES
148704938,2493624,23729,"Lonchura cucullata (Swainson, 1837)",Animalia,SPECIES
148704939,2493615,23728,"Lonchura castaneothorax (Gould, 1837)",Animalia,SPECIES
148704940,2493618,23735,"Lonchura striata (Linnaeus, 1766)",Animalia,SPECIES
148704941,2493598,23734,"Lonchura punctulata (Linnaeus, 1758)",Animalia,SPECIES
148704942,4845776,23733,"Lonchura oryzivora (Linnaeus, 1758)",Animalia,SPECIES
148704943,2493626,23732,"Lonchura malacca (Linnaeus, 1766)",Animalia,SPECIES
148704944,2493623,23727,"Lonchura atricapilla (Vieillot, 1807)",Animalia,SPECIES
148704945,2493680,23618,"Lagonosticta senegala (Linnaeus, 1766)",Animalia,SPECIES
148704946,2493660,23234,"Estrilda astrild (Linnaeus, 1758)",Animalia,SPECIES
148704947,2493661,23235,"Estrilda caerulescens (Vieillot, 1817)",Animalia,SPECIES
148704948,2493669,23236,"Estrilda melpoda (Vieillot, 1817)",Animalia,SPECIES
148704949,2493654,23237,"Estrilda rhodopyga Sundevall, 1850",Animalia,SPECIES
148704950,2493662,23238,"Estrilda troglodytes (Lichtenstein, 1823)",Animalia,SPECIES
148704951,2493691,23016,"Cryptospiza reichenovii (Hartlaub, 1874)",Animalia,SPECIES
148704952,2493697,22265,"Amandava subflava (Vieillot, 1819)",Animalia,SPECIES
148704953,2493698,22264,"Amandava amandava (Linnaeus, 1758)",Animalia,SPECIES
148704954,2493707,22263,"Amadina fasciata (Gmelin, 1789)",Animalia,SPECIES
148704956,2493988,24372,"Quelea erythrops (Hartlaub, 1848)",Animalia,SPECIES
148704958,2493987,24373,"Quelea quelea (Linnaeus, 1758)",Animalia,SPECIES
148704959,2494028,24258,"Ploceus aurantius (Vieillot, 1805)",Animalia,SPECIES
148704960,2494058,24260,"Ploceus cucullatus (Statius Muller, 1776)",Animalia,SPECIES
148704961,2494025,24259,"Ploceus castaneiceps (Sharpe, 1890)",Animalia,SPECIES
148704962,2494057,24265,"Ploceus vitellinus (Lichtenstein, 1823)",Animalia,SPECIES
148704963,2494066,24262,"Ploceus jacksoni Shelley, 1888",Animalia,SPECIES
148704965,2494012,24264,"Ploceus subaureus A.Smith, 1839",Animalia,SPECIES
148704966,2494070,24263,"Ploceus melanocephalus (Linnaeus, 1758)",Animalia,SPECIES
148704967,2494097,23274,"Euplectes afer (Gmelin, 1789)",Animalia,SPECIES
148704968,2494100,23280,"Euplectes gierowii Cabanis, 1880",Animalia,SPECIES
148704969,2494086,23279,"Euplectes franciscanus (Isert, 1789)",Animalia,SPECIES
148704970,2494089,23282,"Euplectes jacksoni (Sharpe, 1891)",Animalia,SPECIES
148704971,2494101,23281,"Euplectes hordeaceus (Linnaeus, 1758)",Animalia,SPECIES
148704972,2494098,23276,"Euplectes ardens (Boddaert, 1783)",Animalia,SPECIES
148704973,2494091,23275,"Euplectes albonotatus (Cassin, 1848)",Animalia,SPECIES
148704974,2494093,23278,"Euplectes diadematus Fischer & Reichenow, 1878",Animalia,SPECIES
148704975,2494092,23277,"Euplectes axillaris (A.Smith, 1838)",Animalia,SPECIES
148704976,2494088,23284,"Euplectes orix (Linnaeus, 1758)",Animalia,SPECIES
148704977,2494102,23283,"Euplectes nigroventris Cassin, 1848",Animalia,SPECIES
148704978,2494090,23285,"Euplectes progne (Boddaert, 1783)",Animalia,SPECIES
2494106,11368697,22301,"Anaplectes rubriceps (Sundevall, 1850)",Animalia,SPECIES
148704981,2490610,23813,"Melanocorypha mongolica (Pallas, 1776)",Animalia,SPECIES
148704982,2490641,22292,"Ammomanes deserti (Lichtenstein, 1823)",Animalia,SPECIES
148704984,5231372,22228,"Alcippe brunnea Gould, 1863",Animalia,SPECIES
148704988,5231103,24979,"Zonotrichia capensis (P.L.S.Müller, 1776)",Animalia,SPECIES
148704989,2484155,24378,"Quiscalus quiscula (Linnaeus, 1758)",Animalia,SPECIES
148704990,9709230,24232,"Pipilo maculatus Swainson, 1827",Animalia,SPECIES
8368021,4005890,22299,Lysimachia foemina (Mill.) U.Manns & Anderb.,Plantae,SPECIES
148704997,2491475,23180,"Emberiza elegans Temminck, 1836",Animalia,SPECIES
148705000,2491538,23179,"Emberiza cioides J.F.Brandt, 1843",Animalia,SPECIES
148705001,7974503,24301,Primula auricula L.,Plantae,SPECIES
148705002,2490384,22669,"Cardinalis cardinalis (Linnaeus, 1758)",Animalia,SPECIES
148705003,2491961,22221,"Aimophila ruficeps (Cassin, 1852)",Animalia,SPECIES
148705004,7290470,24307,Primula sikkimensis Hook.,Plantae,SPECIES
148705005,9409198,22214,"Agelaius phoeniceus (Linnaeus, 1766)",Animalia,SPECIES
2484103,2484105,22213,"Chrysomus icterocephalus (Linnaeus, 1766)",Animalia,SPECIES
148705010,2484251,24711,"Sturnella bellicosa Filippi, 1847",Animalia,SPECIES
148705012,5641003,24306,Primula pulverulenta Duthie,Plantae,SPECIES
2484184,11247186,23254,"Euphagus carolinus (Statius Muller, 1776)",Animalia,SPECIES
148705014,2484479,22284,"Amblyramphus holosericeus (Scopoli, 1786)",Animalia,SPECIES
148705016,2494998,22195,"Aegithalos concinnus (Gould, 1855)",Animalia,SPECIES
148705018,5641134,24305,Primula prolifera Wall.,Plantae,SPECIES
6100940,2489114,24720,"Agropsar sturninus (Pallas, 1776)",Animalia,SPECIES
6100945,2489103,24718,"Spodiopsar sericeus (Gmelin, 1789)",Animalia,SPECIES
148705023,5641267,24304,Primula juliae Kusn.,Plantae,SPECIES
148705025,5414324,24303,Primula japonica A.Gray,Plantae,SPECIES
6091856,2489110,24719,"Sturnia sinensis (Gmelin, 1788)",Animalia,SPECIES
148705027,5640518,24302,Primula florindae Kingdon-Ward,Plantae,SPECIES
6100941,2489109,24716,"Sturnia pagodarum (Gmelin, 1789)",Animalia,SPECIES
148705031,3169365,23770,"Lysimachia terrestris (L.) Britton, Sterns & Poggenb.",Plantae,SPECIES
7341580,2489108,24714,"Sturnia malabarica (Gmelin, 1789)",Animalia,SPECIES
5845390,2489101,24715,"Gracupica nigricollis (Paykull, 1807)",Animalia,SPECIES
7341597,2489111,24713,"Gracupica contra (Linnaeus, 1758)",Animalia,SPECIES
148705039,3169391,23768,Lysimachia ciliata L.,Plantae,SPECIES
6100944,2489115,24712,"Spodiopsar cineraceus (Temminck, 1835)",Animalia,SPECIES
148705042,3169340,23769,Lysimachia punctata L.,Plantae,SPECIES
148705043,5230739,23989,"Onychognathus morio (Linnaeus, 1766)",Animalia,SPECIES
148705044,5230735,23990,"Onychognathus nabouroup (Daudin, 1800)",Animalia,SPECIES
148705045,2489071,23629,"Lamprotornis chalybaeus Hemprich & Ehrenberg, 1828",Animalia,SPECIES
148705046,2489080,23630,"Lamprotornis purpureus (Statius Muller, 1776)",Animalia,SPECIES
148705047,7127713,23035,Cyclamen repandum Sm.,Plantae,SPECIES
148705049,7127810,23034,Cyclamen hederifolium Aiton,Plantae,SPECIES
148705050,2488999,23416,"Gracula religiosa Linnaeus, 1758",Animalia,SPECIES
148705051,7127354,23033,Cyclamen coum Mill.,Plantae,SPECIES
148705052,2489016,22977,"Creatophora cinerea (Meuschen, 1787)",Animalia,SPECIES
148705054,2489057,22793,"Cinnyricinclus leucogaster (Boddaert, 1783)",Animalia,SPECIES
148705056,2928226,24143,Phacelia tanacetifolia Benth.,Plantae,SPECIES
148705058,2489036,22387,"Aplonis panayensis (Scopoli, 1786)",Animalia,SPECIES
148705059,7341615,22184,"Acridotheres burmannicus (Jerdon, 1862)",Animalia,SPECIES
148705060,2489010,22185,"Acridotheres cristatellus (Linnaeus, 1758)",Animalia,SPECIES
148705061,2489004,22186,"Acridotheres ginginianus (Latham, 1790)",Animalia,SPECIES
148705062,2489005,22187,"Acridotheres tristis (Linnaeus, 1766)",Animalia,SPECIES
148705065,2481942,22836,"Coragyps atratus (Bechstein, 1793)",Animalia,SPECIES
148705067,2481930,22688,"Cathartes aura (Linnaeus, 1758)",Animalia,SPECIES
2925870,4058401,22298,Amsinckia menziesii (Lehm.) A.Nelson & J.F.Macbr.,Plantae,SPECIES
148705074,2480377,24773,"Terathopius ecaudatus (Daudin, 1800)",Animalia,SPECIES
148705075,2480715,23919,"Necrosyrtes monachus (Temminck, 1823)",Animalia,SPECIES
148705077,2480410,24069,"Parabuteo unicinctus (Temminck, 1824)",Animalia,SPECIES
9309359,7982157,22331,Lycopsis arvensis subsp. arvensis,Plantae,SUBSPECIES
148705080,2480453,23440,"Haliaeetus leucoryphus (Pallas, 1771)",Animalia,SPECIES
148705081,2480446,23439,"Haliaeetus leucocephalus (Linnaeus, 1766)",Animalia,SPECIES
148705082,2480384,23435,"Gyps rueppellii (A.E.Brehm, 1852)",Animalia,SPECIES
4063383,7397268,24821,Trachystemon orientale (L.) D.Don,Plantae,SPECIES
148705084,2480389,23434,"Gyps fulvus (Hablizl, 1783)",Animalia,SPECIES
148705085,2480383,23433,"Gyps bengalensis (Gmelin, 1788)",Animalia,SPECIES
148705086,9487001,23432,"Gyps africanus Salvadori, 1865",Animalia,SPECIES
148705087,2480461,23171,"Elanoides forficatus (Linnaeus, 1758)",Animalia,SPECIES
148705088,7989836,24729,Symphytum caucasicum M.Bieb.,Plantae,SPECIES
148705089,2480529,22616,"Buteo lineatus (Gmelin, 1788)",Animalia,SPECIES
148705090,2480566,22617,"Buteo regalis (G.R.Gray, 1844)",Animalia,SPECIES
148705091,2480542,22615,"Buteo jamaicensis (Gmelin, 1788)",Animalia,SPECIES
148705092,4067302,24730,Symphytum grandiflorum DC.,Plantae,SPECIES
148705093,2480513,22391,"Aquila nipalensis Hodgson, 1833",Animalia,SPECIES
148705094,2480514,22393,"Aquila rapax (Temminck, 1828)",Animalia,SPECIES
148705095,5229165,22197,"Aegypius monachus (Linnaeus, 1766)",Animalia,SPECIES
148705097,2926066,24727,Symphytum asperum Lepech.,Plantae,SPECIES
7629613,4067539,24728,Symphytum bulbosum K.F.Schimp.,Plantae,SPECIES
148705099,4067112,24731,Symphytum orientale L.,Plantae,SPECIES
148705100,4066938,24732,Symphytum tauricum Willd.,Plantae,SPECIES
148705101,5660450,24352,Pulmonaria rubra Schott,Plantae,SPECIES
148705102,5341204,24351,Pulmonaria officinalis L.,Plantae,SPECIES
148705103,2926130,24112,Pentaglottis sempervirens (L.) Tausch ex L.H.Bailey,Plantae,SPECIES
148705104,2925747,24238,Plagiobothrys scouleri (Hook. & Arn.) I.M.Johnst.,Plantae,SPECIES
148705105,5341170,23879,Myosotis arvensis (L.) Hill,Plantae,SPECIES
148705106,2926048,23980,Omphalodes verna Moench,Plantae,SPECIES
7294854,2925902,23722,Buglossoides arvensis subsp. arvensis,Plantae,SUBSPECIES
148705108,2925756,23634,Lappula squarrosa (Retz.) Dumort.,Plantae,SPECIES
148705109,4067922,23161,Echium rosulatum Lange,Plantae,SPECIES
148705110,4068166,23159,Echium pininana Webb & Berthel.,Plantae,SPECIES
148705111,2925895,23160,Echium plantagineum L.,Plantae,SPECIES
148705112,7131800,23054,Cynoglottis barrelieri (All.) Vural & Kit Tan,Plantae,SPECIES
148705113,2926045,22591,Brunnera macrophylla (Adams) I.M.Johnst.,Plantae,SPECIES
148705114,2926110,22551,Borago officinalis L.,Plantae,SPECIES
148705115,4063741,22552,Borago pygmaea (DC.) Chater & Greuter,Plantae,SPECIES
148705116,2926055,22458,Asperugo procumbens L.,Plantae,SPECIES
148705117,5341201,22334,Anchusa officinalis L.,Plantae,SPECIES
148705118,5662089,22333,Anchusa ochroleuca M.Bieb.,Plantae,SPECIES
148705119,5341198,22332,Anchusa azurea Mill.,Plantae,SPECIES
148705120,2925874,22297,Amsinckia lycopsoides Lehm.,Plantae,SPECIES
148705123,2874878,23949,Nothofagus alpina (Poepp. & Endl.) Oerst.,Plantae,SPECIES
148705124,2874984,23950,Nothofagus obliqua (Mirb.) Oerst.,Plantae,SPECIES
3169001,5414217,23880,Morella pensylvanica (Mirb.) Kartesz,Plantae,SPECIES
8288647,4205382,24348,Pterocarya fraxinifolia (Poir.) Spach,Plantae,SPECIES
148705130,3054357,23591,Juglans nigra L.,Plantae,SPECIES
148705131,3054368,23592,Juglans regia L.,Plantae,SPECIES
148705133,2880580,24375,Quercus cerris L.,Plantae,SPECIES
148705134,2879098,24376,Quercus ilex L.,Plantae,SPECIES
148705135,2880808,24374,Quercus canariensis Willd.,Plantae,SPECIES
148705136,2880539,24377,Quercus rubra L.,Plantae,SPECIES
148705137,5333294,22686,Castanea sativa Mill.,Plantae,SPECIES
148705139,2876049,22862,Corylus maxima Mill.,Plantae,SPECIES
148705140,2875968,22861,Corylus colurna L.,Plantae,SPECIES
148705141,8184083,22535,Betula populifolia Marshall,Plantae,SPECIES
148705142,5332157,22536,Betula utilis D.Don,Plantae,SPECIES
148705143,5332120,22534,Betula papyrifera Marshall,Plantae,SPECIES
148705144,2876607,22249,Alnus cordata (Loisel.) Duby,Plantae,SPECIES
148705145,9148577,22250,Alnus incana (L.) Moench,Plantae,SPECIES
148705146,2876176,22251,Alnus rubra Bong.,Plantae,SPECIES
148705149,2889934,24859,Tropaeolum majus L.,Plantae,SPECIES
148705150,4162399,24860,Tropaeolum speciosum Poepp. & Endl.,Plantae,SPECIES
148705152,3040254,24400,Reseda alba L.,Plantae,SPECIES
148705153,3040251,24401,Reseda luteola L.,Plantae,SPECIES
148705154,3040253,24402,Reseda phyteuma L.,Plantae,SPECIES
148705156,5334527,23702,Limnanthes douglasii R.Br.,Plantae,SPECIES
5373292,3040567,24800,Pachyphragma macrophyllum (Hoffm.) N.Busch,Plantae,SPECIES
3042086,5373604,22402,Pseudoturritis turrita (L.) Al-Shehbaz,Plantae,SPECIES
5377778,3054014,22261,Aurinia saxatilis (L.) Desv.,Plantae,SPECIES
5377060,5377061,22849,Lepidium didymum L.,Plantae,SPECIES
5376627,5376633,22850,Lepidium coronopus (L.) Al-Shehbaz,Plantae,SPECIES
5376514,8355504,23668,Lepidium chalepense L.,Plantae,SPECIES
148705171,3050595,23491,Hirschfeldia incana (L.) Lagr.-Foss.,Plantae,SPECIES
10944522,3052738,24798,Mummenhoffia alliacea (L.) Esmailbegi & Al-Shehbaz,Plantae,SPECIES
3047621,6306788,24609,Sinapis alba L.,Plantae,SPECIES
148705174,3047621,24608,Sinapis alba L.,Plantae,SPECIES
148705175,3046851,24613,Sisymbrium irio L.,Plantae,SPECIES
148705176,3046736,24612,Sisymbrium altissimum L.,Plantae,SPECIES
148705177,3047598,24611,Sinapis arvensis L.,Plantae,SPECIES
148705178,3052680,24799,Thlaspi arvense L.,Plantae,SPECIES
148705179,3047633,24610,Sinapis alba subsp. dissecta (Lag.) Simonk.,Plantae,SUBSPECIES
148705180,3046850,24617,Sisymbrium strictissimum L.,Plantae,SPECIES
148705181,3046812,24616,Sisymbrium orientale L.,Plantae,SPECIES
148705182,3046890,24615,Sisymbrium officinale (L.) Scop.,Plantae,SPECIES
148705183,3046875,24614,Sisymbrium loeselii L.,Plantae,SPECIES
148705184,3046744,24618,Sisymbrium volgense M.Bieb. ex E.Fourn.,Plantae,SPECIES
148705185,7225596,24392,Raphanus raphanistrum subsp. raphanistrum,Plantae,SUBSPECIES
148705186,7678610,24393,Raphanus sativus L.,Plantae,SPECIES
148705187,5373365,24394,Rapistrum perenne (L.) All.,Plantae,SPECIES
148705188,5373368,24395,Rapistrum rugosum (L.) All.,Plantae,SPECIES
148705189,3053406,24432,Rorippa austriaca (Crantz) Besser,Plantae,SPECIES
148705190,3052632,24109,Peltaria alliacea Jacq.,Plantae,SPECIES
148705191,9040863,23937,Neslia paniculata (L.) Desv.,Plantae,SPECIES
148705192,5373358,23724,Lobularia maritima (L.) Desv.,Plantae,SPECIES
148705193,5376816,23671,Lepidium perfoliatum L.,Plantae,SPECIES
148705194,5376616,23672,Lepidium ruderale L.,Plantae,SPECIES
148705195,5376565,23673,Lepidium sativum L.,Plantae,SPECIES
148705196,5376648,23674,Lepidium virginicum L.,Plantae,SPECIES
148705197,5376961,23667,Lepidium draba L.,Plantae,SPECIES
5376961,7628901,23669,Lepidium draba L.,Plantae,SPECIES
148705199,5376994,23670,Lepidium graminifolium L.,Plantae,SPECIES
148705200,7703116,23666,Lepidium campestre (L.) W.T.Aiton,Plantae,SPECIES
148705201,5377395,23804,Matthiola longipetala (Vent.) DC.,Plantae,SPECIES
148705202,5377378,23803,Matthiola incana (L.) W.T.Aiton,Plantae,SPECIES
148705203,5373124,23787,Malcolmia maritima (L.) W.T.Aiton,Plantae,SPECIES
148705204,3044855,22260,Alyssum alyssoides (L.) L.,Plantae,SPECIES
148705205,5374922,22400,Arabis caucasica Willd.,Plantae,SPECIES
148705206,5374998,22401,Arabis collina Ten.,Plantae,SPECIES
148705207,3041022,22436,"Armoracia rusticana P.Gaertn., B.Mey. & Scherb.",Plantae,SPECIES
148705208,3053522,22530,Berteroa incana (L.) DC.,Plantae,SPECIES
148705209,5374635,22513,Barbarea intermedia Boreau,Plantae,SPECIES
148705210,5374614,22514,Barbarea stricta Andrz. ex Besser,Plantae,SPECIES
148705211,5374672,22515,Barbarea verna (Mill.) Asch.,Plantae,SPECIES
148705212,3054117,22488,Aubrieta deltoidea (L.) DC.,Plantae,SPECIES
148705213,7903057,22576,Brassica rapa L.,Plantae,SPECIES
7903057,3042723,22577,Brassica rapa L.,Plantae,SPECIES
7903057,3042716,22578,Brassica rapa L.,Plantae,SPECIES
148705216,7225636,22579,Brassica rapa subsp. rapa,Plantae,SUBSPECIES
148705217,3042751,22572,Brassica juncea (L.) Czern.,Plantae,SPECIES
148705218,3042636,22573,Brassica napus L.,Plantae,SPECIES
3042636,6306661,22574,Brassica napus L.,Plantae,SPECIES
148705220,3042637,22575,Brassica napus subsp. rapifera Metzg. ex Sinskaya,Plantae,SUBSPECIES
148705221,3042888,22571,Brassica elongata Ehrh.,Plantae,SPECIES
148705222,3050364,22608,Bunias orientalis L.,Plantae,SPECIES
148705223,9073641,22636,Camelina sativa (L.) Crantz,Plantae,SPECIES
148705224,5375388,22655,Capsella bursa-pastoris (L.) Medik.,Plantae,SPECIES
148705225,5375425,22656,Capsella rubella Reut.,Plantae,SPECIES
148705226,3046032,22667,Cardamine raphanifolia Pourr.,Plantae,SPECIES
148705227,3046134,22666,Cardamine quinquefolia (M.Bieb.) Schmalh.,Plantae,SPECIES
148705228,3045634,22665,Cardamine heptaphylla (L.) O.E.Schulz,Plantae,SPECIES
148705229,3046015,22664,Cardamine corymbosa Hook.f.,Plantae,SPECIES
148705230,3045797,22668,Cardamine trifolia L.,Plantae,SPECIES
11092690,5373274,22812,Ionopsidium megalospermum (Maire) M.Koch,Plantae,SPECIES
148705232,3040913,22826,Conringia orientalis (L.) Dumort.,Plantae,SPECIES
148705233,3040633,22815,"Coincya monensis subsp. cheiranthos (Vill.) C.Aedo Pérez, Leadlay & Muñoz Garm.",Plantae,SUBSPECIES
148705234,5373502,22961,Crambe cordifolia Steven,Plantae,SPECIES
148705235,3044318,23095,Descurainia sophia (L.) Webb ex Prantl,Plantae,SPECIES
148705236,5376337,23120,Diplotaxis muralis (L.) DC.,Plantae,SPECIES
148705237,5376309,23119,Diplotaxis erucoides (L.) DC.,Plantae,SPECIES
148705238,5376426,23121,Diplotaxis tenuifolia (L.) DC.,Plantae,SPECIES
148705239,3048266,23229,Erysimum cheiranthoides L.,Plantae,SPECIES
148705240,3048203,23230,Erysimum cheiri (L.) Crantz,Plantae,SPECIES
148705241,5375920,23223,Eruca vesicaria (L.) Cav.,Plantae,SPECIES
148705242,5375547,23224,Erucastrum gallicum (Willd.) O.E.Schulz,Plantae,SPECIES
148705243,5377303,23540,Iberis umbellata L.,Plantae,SPECIES
148705244,5551241,23539,Iberis sempervirens L.,Plantae,SPECIES
148705245,5374118,23577,Isatis tinctoria L.,Plantae,SPECIES
148705246,3042291,23478,Hesperis matronalis L.,Plantae,SPECIES
148705247,5373324,23754,Lunaria annua L.,Plantae,SPECIES
148705250,8380575,24751,Tamarix gallica L.,Plantae,SPECIES
148705251,2874702,24750,Tamarix africana Poir.,Plantae,SPECIES
148705253,3084719,24291,Portulaca oleracea L.,Plantae,SPECIES
148705255,3084022,24193,Phytolacca acinosa Roxb.,Plantae,SPECIES
148705256,4192540,24194,Phytolacca polyandra Batalin,Plantae,SPECIES
148705259,4088624,23708,Limonium platyphyllum Lincz.,Plantae,SPECIES
148705260,4088788,23707,Limonium hyblaeum Brullo,Plantae,SPECIES
148705262,3086240,23848,Mirabilis jalapa L.,Plantae,SPECIES
2889173,5334357,23307,Reynoutria japonica Houtt.,Plantae,SPECIES
2889088,5334293,23308,Reynoutria sachalinensis (F.Schmidt) Nakai,Plantae,SPECIES
4036310,4036274,23292,Fagopyrum cymosum (Trevir.) Meisn.,Plantae,SPECIES
5652131,5334432,24279,Polygonum aviculare subsp. rurivagum (Boreau) Berher,Plantae,SUBSPECIES
8811572,4038531,24134,Koenigia weyrichii (F.Schmidt) T.M.Schust. & Reveal,Plantae,SPECIES
7291264,4036951,24126,Bistorta amplexicaulis (D.Don) Greene,Plantae,SPECIES
9018536,4036486,24127,Koenigia campanulata (Hook.fil.) T.M.Schust. & Reveal,Plantae,SPECIES
8879994,4034135,24129,Koenigia mollis (D.Don) T.M.Schust. & Reveal,Plantae,SPECIES
8848208,6391908,24133,Koenigia polystachya (Wall. ex Meisn.) T.M.Schust. & Reveal,Plantae,SPECIES
9020499,4037102,24125,Koenigia alpina (All.) T.M.Schust. & Reveal,Plantae,SPECIES
4036957,7459093,24459,Rumex pulcher subsp. pulcher,Plantae,SUBSPECIES
148705288,2889010,24461,Rumex cristatus DC.,Plantae,SPECIES
148705289,2888943,24460,Rumex confertus Willd.,Plantae,SPECIES
148705290,2889019,24463,Rumex patientia L.,Plantae,SPECIES
148705291,2888976,24462,Rumex frutescens Thouars,Plantae,SPECIES
148705292,2888948,24458,Rumex alpinus L.,Plantae,SPECIES
148705293,2888990,24464,Rumex salicifolius Weinm.,Plantae,SPECIES
148705294,2888961,24465,Rumex scutatus L.,Plantae,SPECIES
148705295,6390897,24132,Persicaria sagittata (L.) H.Gross,Plantae,SPECIES
148705296,2889304,24128,Persicaria capitata (Buch.-Ham. ex D.Don) H.Gross,Plantae,SPECIES
148705298,4034001,24130,Persicaria nepalensis (Meisn.) H.Gross,Plantae,SPECIES
148705299,7291308,24278,Polygonum cognatum Meisn.,Plantae,SPECIES
148705300,5334315,24276,Polygonum arenarium Waldst. & Kit.,Plantae,SPECIES
148705301,5334294,24277,Polygonum arenastrum Boreau,Plantae,SPECIES
148705302,2888859,23863,Muehlenbeckia complexa (A.Cunn.) Meisn.,Plantae,SPECIES
148705303,2889373,23293,Fagopyrum esculentum Moench,Plantae,SPECIES
148705305,5334351,23305,Fallopia baldschuanica (Regel) Holub,Plantae,SPECIES
148705307,5384300,23858,Montia parvifolia (Moc. ex DC.) Greene,Plantae,SPECIES
7095665,3084748,22800,Claytonia perfoliata subsp. perfoliata,Plantae,SUBSPECIES
148705309,3084742,22801,Claytonia sibirica L.,Plantae,SPECIES
8185812,5384309,22390,Mesembryanthemum cordifolium L.fil.,Plantae,SPECIES
3707676,3705768,23627,Oscularia falciformis (Haw.) H.E.K.Hartmann,Plantae,SPECIES
148705315,5384307,24779,Tetragonia tetragonioides (Pallas) Kuntze,Plantae,SPECIES
148705316,8668262,24466,Ruschia caroli (L.Bolus) Schwantes,Plantae,SPECIES
148705317,3707693,24011,Oscularia deltoides (L.) Schwantes,Plantae,SPECIES
148705318,3704907,23628,Lampranthus roseus (Willd.) Schwantes,Plantae,SPECIES
148705319,3084872,23138,Drosanthemum floribundum (Haw.) Schwantes,Plantae,SPECIES
148705320,3084850,23126,Disphyma crassifolium (L.) L.Bolus,Plantae,SPECIES
148705321,3704055,23206,Erepsia heteropetala (Haw.) Schwantes,Plantae,SPECIES
148705322,3703606,22678,Carpobrotus acinaciformis (L.) L.Bolus,Plantae,SPECIES
148705323,3703453,22680,Carpobrotus glaucescens (Haw.) Schwantes,Plantae,SPECIES
148705324,3084842,22679,Carpobrotus edulis (L.) N.E.Br.,Plantae,SPECIES
7068845,7541214,22532,Beta vulgaris subsp. vulgaris,Plantae,SUBSPECIES
3083975,3083977,22843,Corispermum pallasii Steven,Plantae,SPECIES
5568339,3083831,22757,Dysphania pumilio (R.Br.) Mosyakin & Clemants,Plantae,SPECIES
8273130,3083910,22755,"Lipandra polysperma (L.) S.Fuentes, Uotila & Borsch",Plantae,SPECIES
8290282,3083930,22751,"Oxybasis glauca (L.) S.Fuentes, Uotila & Borsch",Plantae,SPECIES
8044896,3083843,22747,Blitum bonus-henricus (L.) Rchb.,Plantae,SPECIES
8149099,3083851,22753,"Chenopodiastrum murale (L.) S.Fuentes, Uotila & Borsch",Plantae,SPECIES
7551162,3083901,22752,"Chenopodiastrum hybridum (L.) S.Fuentes, Uotila & Borsch",Plantae,SPECIES
3083945,3757976,24484,Salsola tragus L.,Plantae,SPECIES
148705344,3083647,24672,Spinacia oleracea L.,Plantae,SPECIES
148705345,3083905,22760,Chenopodium suecicum Murr,Plantae,SPECIES
3083838,3083941,22759,Chenopodium album L.,Plantae,SPECIES
148705347,3083932,22762,Chenopodium vulvaria L.,Plantae,SPECIES
148705348,9631834,22761,Chenopodium urbicum Trosganzenvoet,Plantae,SPECIES
148705350,3083935,22758,Chenopodium quinoa Willd.,Plantae,SPECIES
8357729,8357729,22754,Chenopodium opulifolium Schrad.,Plantae,SPECIES
7507099,3083854,22748,Blitum capitatum subsp. capitatum,Plantae,SUBSPECIES
148705353,3083862,22749,Chenopodium ficifolium Sm.,Plantae,SPECIES
148705354,3756077,22750,Chenopodium giganteum D.Don,Plantae,SPECIES
5568446,3083836,22745,Dysphania ambrosioides (L.) Mosyakin & Clemants,Plantae,SPECIES
148705356,3083920,22746,Chenopodium berlandieri Moq.,Plantae,SPECIES
148705357,5383936,22517,Bassia scoparia (L.) A.J.Scott,Plantae,SPECIES
148705358,7068845,22533,Beta vulgaris subsp. vulgaris,Plantae,SUBSPECIES
148705359,5383926,22531,Beta trigyna Waldst. & Kit.,Plantae,SPECIES
148705360,3083761,22485,Atriplex hortensis L.,Plantae,SPECIES
148705362,3083718,22484,Atriplex halimus L.,Plantae,SPECIES
148705363,6109611,22271,Amaranthus caudatus L.,Plantae,SPECIES
148705364,5384390,22272,Amaranthus cruentus L.,Plantae,SPECIES
148705365,8911082,22269,Amaranthus blitum L.,Plantae,SPECIES
148705366,5384361,22270,Amaranthus bouchonii Thell.,Plantae,SPECIES
148705367,6109534,22275,Amaranthus retroflexus L.,Plantae,SPECIES
148705368,5384396,22273,Amaranthus deflexus L.,Plantae,SPECIES
148705369,5384364,22274,Amaranthus hybridus L.,Plantae,SPECIES
148705370,5384395,22268,Amaranthus blitoides S.Watson,Plantae,SPECIES
148705371,7905507,22267,Amaranthus albus L.,Plantae,SPECIES
10953644,7268155,23020,Silene baccifera (L.) Durande,Plantae,SPECIES
5584611,3085889,23760,Silene chalcedonica (L.) E.H.L.Krause,Plantae,SPECIES
3814157,5384787,24596,Eudianthe coeli-rosa (L.) Fenzl ex Endl.,Plantae,SPECIES
8091998,3085320,24889,Gypsophila vaccaria (L.) Sm.,Plantae,SPECIES
7268098,5384830,24594,Atocion armeria (L.) Raf.,Plantae,SPECIES
148705381,7671800,24595,Silene catholica (L.) W.T.Aiton,Plantae,SPECIES
148705382,5384848,24597,Silene gallica L.,Plantae,SPECIES
148705383,8993502,24598,Silene italica (L.) Pers.,Plantae,SPECIES
148705384,5384805,24599,Silene latifolia Poir.,Plantae,SPECIES
7675955,5586033,24600,Silene macrophylla Lag.,Plantae,SPECIES
148705386,5384834,24601,Silene noctiflora L.,Plantae,SPECIES
8027596,5584717,24602,Heliosperma alpestre (Jacq.) Griseb.,Plantae,SPECIES
148705388,5584240,24603,Silene schafta J.G.Gmel. ex Hohen.,Plantae,SPECIES
148705389,7423636,24604,Silene vulgaris subsp. macrocarpa Turrill,Plantae,SUBSPECIES
148705390,8096233,24669,Spergularia bocconei (Scheele) Graebn.,Plantae,SPECIES
148705391,3085811,24668,Spergula morisonii Boreau,Plantae,SPECIES
148705392,3085357,24502,Saponaria ocymoides L.,Plantae,SPECIES
148705393,3085360,24503,Saponaria officinalis L.,Plantae,SPECIES
148705394,3085623,24140,Petrorhagia saxifraga (L.) Link,Plantae,SPECIES
5384741,3085878,23761,Silene coronaria (L.) Clairv.,Plantae,SPECIES
148705397,3085797,23476,Herniaria hirsuta L.,Plantae,SPECIES
148705398,5384458,23436,Gypsophila paniculata L.,Plantae,SPECIES
148705399,3085421,23101,Dianthus barbatus L.,Plantae,SPECIES
148705400,3085412,23103,Dianthus plumarius L.,Plantae,SPECIES
148705401,3085420,23102,Dianthus caryophyllus L.,Plantae,SPECIES
148705402,3085439,22710,Cerastium brachypetalum Desp. ex Pers.,Plantae,SPECIES
148705403,3085438,22711,Cerastium tomentosum L.,Plantae,SPECIES
148705404,6363863,22422,Arenaria montana L.,Plantae,SPECIES
148705405,5587267,22421,Arenaria balearica L.,Plantae,SPECIES
148705406,3085368,22216,Agrostemma githago L.,Plantae,SPECIES
148705409,2986185,24428,Ribes uva-crispa L.,Plantae,SPECIES
148705410,2986130,24427,Ribes sanguineum Pursh,Plantae,SPECIES
148705411,7510171,24426,Ribes odoratum Schlecht. ex Hemsl.,Plantae,SPECIES
148705412,2986192,24425,Ribes nigrum L.,Plantae,SPECIES
148705413,2986132,24424,Ribes divaricatum Douglas,Plantae,SPECIES
148705415,5361785,23881,Myriophyllum aquaticum (Vell.) Verdc.,Plantae,SPECIES
148705416,5361788,23883,Myriophyllum quitense Kunth,Plantae,SPECIES
148705417,5361762,23882,Myriophyllum heterophyllum Michx.,Plantae,SPECIES
148705418,5555409,23885,Myriophyllum simulans Orchard,Plantae,SPECIES
148705419,5555421,23884,Myriophyllum robustum Hook.fil.,Plantae,SPECIES
148705421,7155281,24048,Paeonia mascula (L.) Mill.,Plantae,SPECIES
148705422,3083488,24049,Paeonia officinalis L.,Plantae,SPECIES
148705424,3032698,24770,Tellima grandiflora (Pursh) Douglas ex Lindl.,Plantae,SPECIES
148705425,5371605,24814,Tolmiea menziesii (Pursh) Torr. & A.Gray,Plantae,SPECIES
148705426,3754587,24430,Rodgersia podophylla A.Gray,Plantae,SPECIES
148705427,7663587,24511,Saxifraga cuneifolia L.,Plantae,SPECIES
3754057,7885434,24513,Saxifraga fragilis subsp. paniculata (Cav.) Muñoz Garm. & P.Vargas,Plantae,SUBSPECIES
148705429,3753098,24512,Saxifraga cymbalaria L.,Plantae,SPECIES
148705430,3032762,24515,Saxifraga stolonifera Curtis,Plantae,SPECIES
148705431,7339396,24514,Saxifraga rotundifolia L.,Plantae,SPECIES
148705432,3032812,24516,Saxifraga umbrosa L.,Plantae,SPECIES
148705433,3032653,23481,Heuchera sanguinea Engelm.,Plantae,SPECIES
148705434,3032611,23071,Darmera peltata (Torr. ex Benth.) Voss,Plantae,SPECIES
148705435,5567694,22529,Bergenia crassifolia (L.) Fritsch,Plantae,SPECIES
5567694,5567698,22528,Bergenia crassifolia (L.) Fritsch,Plantae,SPECIES
148705437,7596861,22476,Astilbe rivularis Buch.-Ham. ex D.Don,Plantae,SPECIES
148705438,3032696,22475,Astilbe japonica (C.Morren & Decne.) A.Gray,Plantae,SPECIES
11162940,5362018,24557,Phedimus spurius subsp. spurius,Plantae,SUBSPECIES
7768495,5362051,24559,Phedimus stolonifer (S.G.Gmel.) 't Hart,Plantae,SPECIES
4201879,5690152,24551,Petrosedum ×luteolum (Chabert) Grulich,Plantae,SPECIES
2985863,9210845,24556,Hylotelephium spectabile (Boreau) H.Ohba,Plantae,SPECIES
4202184,5687999,24545,Hylotelephium anacampseros (L.) H.Ohba,Plantae,SPECIES
148705450,4201709,24563,Sempervivum arachnoideum L.,Plantae,SPECIES
148705451,2985949,24564,Sempervivum tectorum L.,Plantae,SPECIES
148705452,5361991,24554,Sedum sexangulare L.,Plantae,SPECIES
7334609,5362043,24553,Petrosedum rupestre subsp. rupestre,Plantae,SUBSPECIES
148705454,5362012,24552,Sedum praealtum A.DC.,Plantae,SPECIES
148705455,5690814,24550,Sedum lydium Boiss.,Plantae,SPECIES
4201688,5362032,24549,Phedimus kamtschaticus (Fisch.) 't Hart,Plantae,SPECIES
148705457,5361982,24548,Sedum hispanicum L.,Plantae,SPECIES
148705458,7172720,24547,Sedum dasyphyllum L.,Plantae,SPECIES
148705459,5688068,24558,Sedum stellatum Hablitz,Plantae,SPECIES
148705460,5362046,24555,Sedum spathulifolium Hook.,Plantae,SPECIES
148705461,5362008,24544,Sedum album L.,Plantae,SPECIES
148705462,5689983,24546,Sedum confusum Hemsl.,Plantae,SPECIES
5362054,8035075,22967,Crassula helmsii (Kirk) Cockayne,Plantae,SPECIES
148705464,7334263,22966,Crassula decumbens Thunb.,Plantae,SPECIES
148705465,4198315,22198,Aeonium cuneatum Webb & Berthel.,Plantae,SPECIES
148705468,2986293,24236,Pittosporum tenuifolium Gaertn.,Plantae,SPECIES
148705469,2986285,24235,Pittosporum crassifolium Banks & Sol. ex A.Cunn.,Plantae,SPECIES
148705471,5581563,23424,Griselinia littoralis (Raoul) Raoul,Plantae,SPECIES
148705473,3036075,23450,Hedera algeriensis Hibberd,Plantae,SPECIES
148705474,3036033,23451,Hedera colchica (K.Koch) K.Koch,Plantae,SPECIES
148705475,3039046,23311,Fatsia japonica (Thunb.) Decne. & Planch.,Plantae,SPECIES
148705476,3036958,22406,Aralia racemosa L.,Plantae,SPECIES
148705477,3036940,22404,Aralia chinensis L.,Plantae,SPECIES
148705478,3036892,22405,Aralia elata (Miq.) Seem.,Plantae,SPECIES
5371753,3034183,22291,Visnaga daucoides Gaertn.,Plantae,SPECIES
5538108,3034230,24142,Imperatoria ostruthium L.,Plantae,SPECIES
148705484,3034823,24815,Torilis arvensis (Huds.) Link,Plantae,SPECIES
148705485,3034233,24518,Scandix pecten-veneris L.,Plantae,SPECIES
148705486,3034782,24628,Smyrnium olusatrum L.,Plantae,SPECIES
148705487,6027089,24629,Smyrnium perfoliatum L.,Plantae,SPECIES
7224069,8193935,24141,Petroselinum crispum subsp. crispum,Plantae,SUBSPECIES
148705489,7224157,24095,Pastinaca sativa subsp. sativa,Plantae,SUBSPECIES
148705490,3034681,23887,Myrrhis odorata (L.) Scop.,Plantae,SPECIES
148705491,5371772,23690,Levisticum officinale W.D.J.Koch,Plantae,SPECIES
148705492,7978544,23517,Hydrocotyle ranunculoides L.fil.,Plantae,SPECIES
148705493,3636471,23516,Hydrocotyle novae-zeelandiae DC.,Plantae,SPECIES
148705494,7480365,23515,Hydrocotyle moschata G.Forst.,Plantae,SPECIES
148705495,3628745,23473,Heracleum persicum Desf.,Plantae,SPECIES
148705496,3034825,23472,Heracleum mantegazzianum Sommier & Levier,Plantae,SPECIES
148705497,3034922,23331,Foeniculum vulgare Mill.,Plantae,SPECIES
148705498,3034426,23226,Eryngium campestre L.,Plantae,SPECIES
148705499,3034402,23225,Eryngium amethystinum L.,Plantae,SPECIES
148705500,3034393,23228,Eryngium planum L.,Plantae,SPECIES
148705501,3631129,23227,Eryngium giganteum M.Bieb.,Plantae,SPECIES
148705502,5371782,23294,Falcaria vulgaris Bernh.,Plantae,SPECIES
148705503,8048981,23316,Ferula communis L.,Plantae,SPECIES
148705505,3034871,22842,Coriandrum sativum L.,Plantae,SPECIES
148705506,3034807,22824,Conium maculatum L.,Plantae,SPECIES
148705507,6027328,22728,Chaerophyllum hirsutum L.,Plantae,SPECIES
148705508,3642531,22727,Chaerophyllum aureum L.,Plantae,SPECIES
148705509,3034714,22685,Carum carvi L.,Plantae,SPECIES
148705510,3034554,22611,Bupleurum rotundifolium L.,Plantae,SPECIES
148705511,3034558,22612,Bupleurum subovatum Link ex Spreng.,Plantae,SPECIES
148705512,6027105,22609,Bupleurum falcatum L.,Plantae,SPECIES
148705513,3638793,22610,Bupleurum fruticosum L.,Plantae,SPECIES
148705514,3034915,22479,Astrantia major L.,Plantae,SPECIES
148705515,5371746,22367,Anthriscus cerefolium (L.) Hoffm.,Plantae,SPECIES
148705516,5371808,22341,Angelica archangelica L.,Plantae,SPECIES
148705517,3034646,22340,Anethum graveolens L.,Plantae,SPECIES
148705518,3034182,22290,Ammi majus L.,Plantae,SPECIES
148705519,3034620,22196,Aegopodium podagraria L.,Plantae,SPECIES
8139851,6307891,22203,Aethusa cynapium var. agrestis Wallr.,Plantae,VARIETY
3160243,3160245,24299,Lobelia angulata G.Forst.,Plantae,SPECIES
148705525,5407810,24819,Trachelium caeruleum L.,Plantae,SPECIES
148705526,3166807,24192,Phyteuma scheuchzeri All.,Plantae,SPECIES
148705527,5408087,23723,Lobelia erinus L.,Plantae,SPECIES
148705528,8022456,23657,Legousia speculum-veneris (L.) Chaix,Plantae,SPECIES
148705529,3158788,23656,Legousia hybrida (L.) Delarbre,Plantae,SPECIES
148705530,3166285,23133,Downingia elegans (Douglas ex Lindl.) Torr.,Plantae,SPECIES
148705531,5410411,22643,Campanula portenschlagiana Schult.,Plantae,SPECIES
148705532,5410151,22644,Campanula poscharskyana Degen,Plantae,SPECIES
148705533,5411453,22641,Campanula medium L.,Plantae,SPECIES
148705534,5411475,22642,Campanula persicifolia L.,Plantae,SPECIES
148705535,5410194,22639,Campanula cochleariifolia Lam.,Plantae,SPECIES
148705536,5411392,22640,Campanula lactiflora M.Bieb.,Plantae,SPECIES
148705537,5410181,22638,Campanula alliariifolia Willd.,Plantae,SPECIES
148705538,5411920,22647,Campanula rapunculus L.,Plantae,SPECIES
148705539,5410480,22648,Campanula rhomboidalis L.,Plantae,SPECIES
148705540,5410661,22645,Campanula pyramidalis L.,Plantae,SPECIES
148705541,5410436,22646,Campanula rapunculoides L.,Plantae,SPECIES
10676000,3142214,22188,Leuzea repens (L.) D.J.N.Hind,Plantae,SPECIES
5396165,5396171,22472,Eurybia schreberi (Nees) Nees,Plantae,SPECIES
3151618,5406425,22469,Symphyotrichum novae-angliae (L.) G.L.Nesom,Plantae,SPECIES
3151558,5406382,22470,Symphyotrichum novi-belgii (L.) G.L.Nesom,Plantae,SPECIES
5390636,3102828,22362,Cota austriaca (Jacq.) Sch.Bip.,Plantae,SPECIES
3146717,5404795,22828,Erigeron bonariensis L.,Plantae,SPECIES
3146791,5404801,22829,Erigeron canadensis L.,Plantae,SPECIES
7945325,5394918,22776,Chrysocoma cernua L.,Plantae,SPECIES
7065884,3112151,22958,Leptinella squalida subsp. squalida,Plantae,SUBSPECIES
7222865,3097499,22957,Leptinella dioica subsp. dioica,Plantae,SUBSPECIES
11665063,3115856,23327,Logfia gallica (L.) Dumort.,Plantae,SPECIES
3141890,5402620,23582,Cyclachaena xanthiifolia (Nutt.) Fresen.,Plantae,SPECIES
3096972,3096973,23456,Anaphalioides bellidioides (G.Forst.) Glenny,Plantae,SPECIES
6079099,3136822,23486,Hieracium murorum subsp. oblongum (Jord.) Zahn,Plantae,SUBSPECIES
4219085,4244748,23488,Hieracium glaucinum subsp. similatum (Jord. ex Boreau) Gottschl.,Plantae,SUBSPECIES
3103209,5390819,23410,Gamochaeta purpurea (L.) Cabrera,Plantae,SPECIES
3146233,3146260,23423,Grindelia hirsutula Hook. & Arn.,Plantae,SPECIES
5402340,3093587,24014,Dimorphotheca jucunda E.Phillips,Plantae,SPECIES
8370958,3103774,23801,Matricaria chamomilla L.,Plantae,SPECIES
148705582,3149321,24250,Plecostachys serpyllifolia (P.J.Bergius) Hilliard & B.L.Burtt,Plantae,SPECIES
7337604,4230859,24215,Pilosella bauhini subsp. bauhini,Plantae,SUBSPECIES
3141855,3141857,24203,Helminthotheca echioides (L) Holub,Plantae,SPECIES
3123262,6300711,24212,Pilosella flagellaris (Willd.) Arv.-Touv.,Plantae,SPECIES
6296150,6296160,24205,Picris hieracioides subsp. umbellata (Schrank) Ces.,Plantae,SUBSPECIES
3088282,3088330,24136,Petasites pyrenaicus (L.) G.López,Plantae,SPECIES
3092691,3092698,24649,Soliva sessilis Ruiz & Pav.,Plantae,SPECIES
3092782,5387035,24645,Euthamia graminifolia (L.) Nutt.,Plantae,SPECIES
148705598,3108199,24572,Senecio minimus Poir.,Plantae,SPECIES
11153937,3097222,24565,Jacobaea maritima subsp. maritima,Plantae,SUBSPECIES
7903764,3107845,24568,Senecio sarracenicus L.,Plantae,SPECIES
148705603,3118430,24756,Tanacetum parthenium (L.) Sch.Bip.,Plantae,SPECIES
148705604,3118526,24755,Tanacetum macrophyllum (Waldst. & Kit.) Sch.Bip.,Plantae,SPECIES
148705605,3118254,24754,Tanacetum balsamita L.,Plantae,SPECIES
148705606,5389173,24769,Telekia speciosa (Schreb.) Baumg.,Plantae,SPECIES
5386897,7065940,24826,Tragopogon pratensis L.,Plantae,SPECIES
148705608,5386938,24825,Tragopogon porrifolius L.,Plantae,SPECIES
148705609,3104179,24845,Tripleurospermum inodorum (L.) Sch.-Bip,Plantae,SPECIES
148705610,3089150,24963,Xanthium spinosum L.,Plantae,SPECIES
148705611,3089140,24962,Xanthium ambrosioides Hook. & Arn.,Plantae,SPECIES
9052721,9052721,24964,"Xanthium strumarium Lour., 1790",Plantae,SPECIES
148705613,3108191,24566,Senecio doria L.,Plantae,SPECIES
148705614,3107361,24573,"Senecio ovatus (G.Gaertn., E.Mey. & Scherb.) Willd.",Plantae,SPECIES
148705615,3108356,24574,Senecio smithii DC.,Plantae,SPECIES
148705616,3109086,24571,Senecio inaequidens DC.,Plantae,SPECIES
148705617,8419686,24569,Senecio glastifolius L.fil.,Plantae,SPECIES
148705618,8336087,24570,Senecio grandiflorus P.J.Bergius,Plantae,SPECIES
148705619,3107708,24567,Senecio doronicum (L.) L.,Plantae,SPECIES
148705620,3115131,24607,Sinacalia tangutica (Maxim.) B.Nord.,Plantae,SPECIES
148705621,3145214,24606,Silybum marianum (L.) Gaertn.,Plantae,SPECIES
3125893,3125895,24593,Sigesbeckia jorullensis Kunth,Plantae,SPECIES
148705623,6063730,24576,Senecio vernalis Waldst. & Kit.,Plantae,SPECIES
148705624,3109117,24575,Senecio squalidus L.,Plantae,SPECIES
148705625,3107855,24577,Senecio viscosus L.,Plantae,SPECIES
148705626,5388967,24646,Solidago rugosa Mill.,Plantae,SPECIES
148705627,5389029,24643,Solidago canadensis L.,Plantae,SPECIES
148705628,5389017,24644,Solidago gigantea Aiton,Plantae,SPECIES
148705629,3088481,24744,Tagetes minuta L.,Plantae,SPECIES
148705630,3088488,24743,Tagetes erecta L.,Plantae,SPECIES
3088488,3088492,24745,Tagetes erecta L.,Plantae,SPECIES
148705632,3114229,24455,Rudbeckia laciniata L.,Plantae,SPECIES
148705633,3114225,24454,Rudbeckia hirta L.,Plantae,SPECIES
148705634,3125933,24501,Santolina chamaecyparissus L.,Plantae,SPECIES
148705635,3088310,24137,Petasites japonicus (Siebold & Zucc.) Maxim.,Plantae,SPECIES
148705636,7749287,24135,Petasites albus (L.) Gaertn.,Plantae,SPECIES
148705637,8656996,24117,Pericallis ×hybrida B.Nord.,Plantae,SPECIES
148705638,6082220,24204,Picris hieracioides subsp. grandiflora (Ten.) Arcang.,Plantae,SUBSPECIES
148705639,3122924,24208,Pilosella aurantiaca (L.) F.W.Schultz & Sch.Bip.,Plantae,SPECIES
7222674,4234352,24210,Pilosella aurantiaca subsp. aurantiaca,Plantae,SUBSPECIES
3122924,6300700,24209,Pilosella aurantiaca (L.) F.W.Schultz & Sch.Bip.,Plantae,SPECIES
148705642,9741800,24213,Pilosella praealta (Vill. ex Cochn.),Plantae,SPECIES
148705644,3123663,24211,Pilosella caespitosa (Dumort.) P.D.Sell & C.West,Plantae,SPECIES
148705645,5404996,23973,Olearia avicenniifolia (Raoul) Hook.fil.,Plantae,SPECIES
148705646,5405000,23974,Olearia macrodonta Baker,Plantae,SPECIES
148705647,5405261,23975,Olearia paniculata (J.R.Forst. & G.Forst.) Druce,Plantae,SPECIES
148705648,5405403,23976,Olearia traversii (F.Muell.) Hook.f.,Plantae,SPECIES
148705649,3094921,23988,Onopordum nervosum Boiss.,Plantae,SPECIES
148705650,3094900,23987,Onopordum acanthium L.,Plantae,SPECIES
148705651,5395475,23694,Ligularia dentata (A.Gray) H.Hara,Plantae,SPECIES
148705652,5395559,23695,Ligularia przewalskii (Maxim.) Diels,Plantae,SPECIES
148705653,3088405,23683,Leucanthemella serotina (L.) Tzvelev,Plantae,SPECIES
148705654,3103791,23800,Matricaria discoidea DC.,Plantae,SPECIES
148705655,3096529,23805,Mauranthemum paludosum (Poir.) Vogt & Oberpr.,Plantae,SPECIES
6079061,7408520,23484,Hieracium murorum subsp. sylvularum (Jord. ex Boreau) Zahn,Plantae,SUBSPECIES
148705657,8360497,23485,"Hieracium lanatum Waldst. & Kit. ex Willd., 1803",Plantae,SPECIES
7760110,7760110,23487,"Hieracium pulmonarioides Spreng., 1826",Plantae,SPECIES
7565783,7565783,23483,"Hieracium amplexicaule M.Bieb., 1808",Plantae,SPECIES
4248063,4243424,23489,Hieracium pulmonarioides subsp. spelaeum (Arv.-Touv.) Greuter,Plantae,SUBSPECIES
148705661,3131367,23457,Helichrysum petiolare Hilliard & B.L.Burtt,Plantae,SPECIES
148705662,3119175,23455,Helianthus tuberosus L.,Plantae,SPECIES
148705663,9206251,23453,Helianthus annuus L.,Plantae,SPECIES
148705664,3119225,23454,Helianthus petiolaris Nutt.,Plantae,SPECIES
148705665,5401877,23452,Helenium autumnale L.,Plantae,SPECIES
148705666,4933861,23635,Lapsana communis subsp. intermedia (M.Bieb.) Hayek,Plantae,SUBSPECIES
148705667,9123250,23615,Lactuca tatarica (L.) C.A.Mey.,Plantae,SPECIES
148705668,3140490,23614,Lactuca serriola L.,Plantae,SPECIES
148705669,7403263,23613,Lactuca sativa L.,Plantae,SPECIES
148705670,9175693,23560,"Inula oculus-christi Lam., 1789",Plantae,SPECIES
148705671,3148331,23559,Inula hookeri C.B.Clarke,Plantae,SPECIES
148705672,3148340,23558,Inula helenium L.,Plantae,SPECIES
148705673,3115755,23328,Filago pyramidata L.,Plantae,SPECIES
148705674,8298495,23360,Galinsoga quadriradiata Ruiz & Pav.,Plantae,SPECIES
148705675,3132570,23359,Galinsoga parviflora Cav.,Plantae,SPECIES
148705676,3112455,23376,Gazania rigens (L.) Gaertn.,Plantae,SPECIES
148705678,3141101,23406,Glebionis segetum (L.) Fourr.,Plantae,SPECIES
148705679,7627205,23405,Glebionis coronaria (L.) Tzvelev,Plantae,SPECIES
148705680,8584304,23427,Guizotia abyssinica (L.fil.) Cass.,Plantae,SPECIES
148705681,3101193,23127,Dittrichia graveolens (L.) Greuter,Plantae,SPECIES
148705682,3101184,23128,Dittrichia viscosa (L.) Greuter,Plantae,SPECIES
148705683,8340385,23132,Doronicum plantagineum L.,Plantae,SPECIES
148705684,3143034,23130,Doronicum columnae Ten.,Plantae,SPECIES
148705685,3142951,23131,Doronicum pardalianches L.,Plantae,SPECIES
148705686,5392859,23156,Echinops bannaticus Rochel ex Schrad.,Plantae,SPECIES
148705687,5392683,23157,Echinops exaltatus Schrad.,Plantae,SPECIES
148705688,5392883,23158,Echinops sphaerocephalus L.,Plantae,SPECIES
148705689,3119285,23216,Erigeron philadelphicus L.,Plantae,SPECIES
148705690,3117449,23213,Erigeron annuus (L.) Pers.,Plantae,SPECIES
148705691,3147168,23215,Erigeron karvinskianus DC.,Plantae,SPECIES
148705692,3146888,23214,Erigeron glaucus Ker Gawl.,Plantae,SPECIES
148705693,5387142,23068,Dahlia ×pinnata Cav.,Plantae,SPECIES
148705694,3112364,23053,Cynara cardunculus L.,Plantae,SPECIES
148705695,3134183,23079,Delairea odorata Lem.,Plantae,SPECIES
148705696,3112110,22956,Cotula coronopifolia L.,Plantae,SPECIES
148705697,3112086,22954,Cotula alpina (Hook.fil.) Hook.fil.,Plantae,SPECIES
148705698,8542672,22955,Cotula australis (Sieber ex Spreng.) Hook.fil.,Plantae,SPECIES
148705699,5403470,22980,Crepis foetida L.,Plantae,SPECIES
7706146,7706146,22981,Crepis nicaeensis Balb.,Plantae,SPECIES
148705701,4245384,22982,Crepis setosa Haller fil.,Plantae,SPECIES
148705702,5403508,22983,Crepis tectorum L.,Plantae,SPECIES
148705703,5403709,22984,Crepis vesicaria L.,Plantae,SPECIES
148705705,8334709,22830,"Conyza sumatrensis (S.F.Blake) Pruski & G.Sancho, 2006",Plantae,SPECIES
148705706,3098912,22868,Cosmos bipinnatus Cav.,Plantae,SPECIES
148705707,3113027,22796,Cirsium erisithales (Jacq.) Scop.,Plantae,SPECIES
148705708,3113650,22797,Cirsium oleraceum (L.) Scop.,Plantae,SPECIES
148705709,5392252,22789,Cichorium intybus L.,Plantae,SPECIES
3140260,3140264,22788,Lactuca plumieri (L.) Gren. & Godr.,Plantae,SPECIES
7222255,3140450,22787,Lactuca macrophylla subsp. macrophylla,Plantae,SUBSPECIES
3140247,3140249,22786,Lactuca bourgaei (Boiss.) Irish & Taylor,Plantae,SPECIES
148705713,3092946,22628,Callistephus chinensis (L.) Nees,Plantae,SPECIES
148705714,3128166,22697,Centaurea aspera L.,Plantae,SPECIES
148705715,3128305,22699,Centaurea cineraria L.,Plantae,SPECIES
148705716,3128483,22698,Centaurea calcitrapa L.,Plantae,SPECIES
148705717,3129010,22701,Centaurea diluta Aiton,Plantae,SPECIES
148705718,3120284,22176,Achillea filipendulina Lam.,Plantae,SPECIES
148705719,3120032,22177,Achillea ligustica All.,Plantae,SPECIES
3120264,8468622,22175,Achillea distans Waldst. & Kit. ex Willd.,Plantae,SPECIES
148705721,5401760,22215,Ageratum houstonianum Mill.,Plantae,SPECIES
148705722,3110588,22287,Ambrosia trifida L.,Plantae,SPECIES
148705723,8002952,22285,Ambrosia artemisiifolia L.,Plantae,SPECIES
148705724,3110686,22286,Ambrosia psilostachya DC.,Plantae,SPECIES
148705725,4926336,22300,Anaphalis margaritacea (L.) Benth.,Plantae,SPECIES
148705726,7389428,22364,Anthemis punctata Vahl,Plantae,SPECIES
148705727,8035698,22363,Anthemis cotula L.,Plantae,SPECIES
148705729,3102781,22361,Anthemis arvensis L.,Plantae,SPECIES
148705730,8042568,22441,Artemisia abrotanum L.,Plantae,SPECIES
148705731,3121319,22442,Artemisia absinthium L.,Plantae,SPECIES
148705732,3121391,22445,Artemisia stelleriana Besser,Plantae,SPECIES
148705733,3120790,22446,Artemisia verlotiorum Lamotte,Plantae,SPECIES
148705734,3121226,22443,Artemisia biennis Willd.,Plantae,SPECIES
148705735,3121581,22444,Artemisia dracunculus L.,Plantae,SPECIES
148705736,7353729,22418,Arctium lappa L.,Plantae,SPECIES
3151755,10667416,22471,Symphyotrichum pilosum (Willd.) G.L.Nesom,Plantae,SPECIES
5831099,5401178,22465,Felicia fruticosa subsp. fruticosa,Plantae,SUBSPECIES
148705739,3093921,22466,Aster L.,Plantae,GENUS
8421156,5406475,22467,Symphyotrichum laeve (L.) Á.Löve & D.Löve,Plantae,SPECIES
9202318,5406285,22468,Symphyotrichum lanceolatum (Willd.) G.L.Nesom,Plantae,SPECIES
3151764,5406509,22473,Symphyotrichum squamatum (Spreng.) G.L.Nesom,Plantae,SPECIES
148705743,3120946,22447,Artemisia vulgaris L.,Plantae,SPECIES
148705744,3129663,22507,Baccharis halimifolia L.,Plantae,SPECIES
148705745,3138434,22559,Brachyglottis monroi (Hook.fil.) B.Nord.,Plantae,SPECIES
148705746,3138474,22560,Brachyglottis repanda J.R.Forst. & G.Forst.,Plantae,SPECIES
148705747,5392174,22539,Bidens frondosa L.,Plantae,SPECIES
148705748,7384809,22538,"Bidens ferulifolia Hemsl., 1881",Plantae,SPECIES
148705749,5392083,22537,Bidens connata Muhl. ex Willd.,Plantae,SPECIES
148705750,9182765,22624,Calendula arvensis L.,Plantae,SPECIES
148705751,5391480,22625,Calendula officinalis L.,Plantae,SPECIES
148705753,3138327,22684,Carthamus tinctorius L.,Plantae,SPECIES
148705754,3114667,22674,Carduus pycnocephalus L.,Plantae,SPECIES
148705755,3134867,22687,Catananche caerulea L.,Plantae,SPECIES
148705756,3128888,22706,Centaurea solstitialis L.,Plantae,SPECIES
148705757,3128091,22704,Centaurea melitensis L.,Plantae,SPECIES
148705758,9023462,22705,Centaurea montana L.,Plantae,SPECIES
148705759,3128547,22702,Centaurea jacea L.,Plantae,SPECIES
148705760,3129064,22703,Centaurea macrocephala Muss.Puschk. ex Willd.,Plantae,SPECIES
148705761,3089561,22700,Centaurea cyanus L.,Plantae,SPECIES
9523596,7946711,23343,Fumaria wirtgenii Koch,Plantae,SPECIES
3602227,11016096,24067,Papaver setigerum DC.,Plantae,SPECIES
8342911,2888438,24064,Papaver setiferum Goldblatt,Plantae,SPECIES
3600984,6709073,24062,Papaver lecoqii Lamotte,Plantae,SPECIES
148705772,2888513,24333,Pseudofumaria lutea (L.) Borkh.,Plantae,SPECIES
148705774,7315072,24059,Papaver atlanticum (Ball) Coss.,Plantae,SPECIES
148705775,2888464,24060,Papaver dubium L.,Plantae,SPECIES
148705776,7314930,24061,Papaver dubium subsp. dubium,Plantae,SUBSPECIES
5531435,2888445,24058,"Roemeria argemone (L.) C.Morales, R.Mend. & Romero García",Plantae,SPECIES
148705778,3602069,24068,Papaver somniferum subsp. somniferum,Plantae,SUBSPECIES
9587676,2888446,24063,Roemeria hispida Stace,Plantae,SPECIES
148705780,2888439,24066,Papaver somniferum L.,Plantae,SPECIES
148705781,2888443,24065,Papaver rhoeas L.,Plantae,SPECIES
148705782,5334216,23345,Fumaria vaillantii Loisel.,Plantae,SPECIES
148705783,5334215,23344,Fumaria parviflora Lam.,Plantae,SPECIES
148705784,5334217,23341,Fumaria officinalis L.,Plantae,SPECIES
148705785,5530883,23340,Fumaria densiflora DC.,Plantae,SPECIES
148705786,6419895,23342,Fumaria officinalis subsp. officinalis,Plantae,SUBSPECIES
148705787,2888380,23233,Eschscholzia californica Cham.,Plantae,SPECIES
148705788,2888553,23106,Dicentra formosa (Andrews) Walp.,Plantae,SPECIES
148705789,2888546,23105,Dicentra eximia (Ker Gawl.) Torr.,Plantae,SPECIES
148705790,5530881,22858,Corydalis cava (L.) Schweigg. & Körte,Plantae,SPECIES
148705791,5334208,22860,Corydalis solida (L.) Clairv.,Plantae,SPECIES
148705792,5530829,22859,Corydalis cheilanthifolia Hemsl.,Plantae,SPECIES
148705793,5334186,22742,Chelidonium majus L.,Plantae,SPECIES
7300375,7300252,22521,Berberis microphylla G.Forst.,Plantae,SPECIES
148705798,3033865,23784,Mahonia aquifolium (Pursh) Nutt.,Plantae,SPECIES
148705799,3981814,22527,Berberis wilsoniae Hemsl.,Plantae,SPECIES
148705800,3981543,22525,Berberis julianae C.K.Schneid.,Plantae,SPECIES
148705801,3033896,22526,Berberis thunbergii DC.,Plantae,SPECIES
148705802,4938160,22523,Berberis gagnepainii C.K.Schneid.,Plantae,SPECIES
148705803,3981472,22524,Berberis glaucocarpa Stapf,Plantae,SPECIES
148705804,3033905,22522,Berberis darwinii Hook.,Plantae,SPECIES
148705805,3981040,22520,Berberis aggregata C.K.Schneid.,Plantae,SPECIES
148705808,3924221,23461,Helleborus argutifolius Viv.,Plantae,SPECIES
5616112,3929311,24387,Ficaria grandiflora Robert,Plantae,SPECIES
8250106,3929324,24386,"Ficaria chrysocephala (P.D.Sell) Galasso, Banfi & Soldano",Plantae,SPECIES
148705812,7278040,24789,Thalictrum delavayi Franch.,Plantae,SPECIES
148705813,6376340,24788,Thalictrum aquilegiifolium L.,Plantae,SPECIES
148705814,3033348,24385,Ranunculus arvensis L.,Plantae,SPECIES
148705815,3928139,24384,Ranunculus aconitifolius L.,Plantae,SPECIES
148705816,3033318,24389,Ranunculus muricatus L.,Plantae,SPECIES
148705817,3033396,24388,Ranunculus marginatus d'Urv.,Plantae,SPECIES
148705818,5371702,23946,Nigella damascena L.,Plantae,SPECIES
148705819,5371699,23471,Hepatica nobilis Schreb.,Plantae,SPECIES
148705820,6374953,23462,Helleborus orientalis Lam.,Plantae,SPECIES
148705821,3033227,23204,Eranthis hyemalis (L.) Salisb.,Plantae,SPECIES
3033833,3033830,22827,Delphinium ajacis L.,Plantae,SPECIES
148705823,3033518,22806,Clematis viticella L.,Plantae,SPECIES
148705824,3033535,22805,Clematis tangutica (Maxim.) Korsh.,Plantae,SPECIES
148705825,6374830,22802,Clematis cirrhosa L.,Plantae,SPECIES
148705826,3921611,22803,Clematis flammula L.,Plantae,SPECIES
148705827,6376216,22804,Clematis montana Buch.-Ham. ex DC.,Plantae,SPECIES
148705828,7527324,22394,Aquilegia pyrenaica DC.,Plantae,SPECIES
148705829,3927746,22337,Anemone apennina L.,Plantae,SPECIES
148705830,3033266,22339,Anemone ranunculoides L.,Plantae,SPECIES
148705831,3033242,22338,Anemone blanda Schott & Kotschy,Plantae,SPECIES
148705832,5371709,22192,Adonis annua L.,Plantae,SPECIES
148705833,3923253,22181,Aconitum lycoctonum subsp. vulparia (Rchb.) Nyman,Plantae,SUBSPECIES
148705836,2925514,24910,Verbena bonariensis L.,Plantae,SPECIES
148705837,2925529,24911,Verbena officinalis L.,Plantae,SPECIES
148705839,5588846,24379,Ramonda myconi (L.) Rchb.,Plantae,SPECIES
148705841,3170823,24096,Paulownia tomentosa (Thunb.) Steud.,Plantae,SPECIES
7730307,6070840,23842,Erythranthe lutea (L.) G.L.Nesom,Plantae,SPECIES
7346090,6070793,23843,Erythranthe moschata (Douglas ex Lindl.) G.L.Nesom,Plantae,SPECIES
7346102,7333256,23840,Erythranthe guttata (DC.) G.L.Nesom,Plantae,SPECIES
148705848,11123537,23844,Mimulus ×polymaculus,Plantae,SPECIES
148705849,6008574,23841,Mimulus L.,Plantae,GENUS
7333324,7918827,24407,Rhinanthus serotinus subsp. serotinus,Plantae,SUBSPECIES
148705852,7564934,23964,Odontites jaubertianus (Boreau) D.Dietr. ex Walp.,Plantae,SPECIES
148705853,3173273,24004,Orobanche crenata Forssk.,Plantae,SPECIES
148705854,7331741,23812,Melampyrum arvense L.,Plantae,SPECIES
148705855,3738544,23642,Lathraea clandestina L.,Plantae,SPECIES
148705857,5415039,24735,Syringa vulgaris L.,Plantae,SPECIES
148705858,3172291,23697,Ligustrum ovalifolium Hassk.,Plantae,SPECIES
148705859,3682568,23588,Jasminum beesianum Forrest & Diels,Plantae,SPECIES
148705860,3172261,23590,Jasminum officinale L.,Plantae,SPECIES
148705861,3172266,23589,Jasminum nudiflorum Lindl.,Plantae,SPECIES
148705862,3172347,23337,Fraxinus ornus L.,Plantae,SPECIES
148705863,7325877,23336,Fraxinus angustifolia Vahl,Plantae,SPECIES
148705865,3171943,24901,Verbascum blattaria L.,Plantae,SPECIES
148705866,8949622,24903,Verbascum chaixii Vill.,Plantae,SPECIES
148705867,3741100,24902,Verbascum bombyciferum Boiss.,Plantae,SPECIES
148705868,3171948,24905,Verbascum phlomoides L.,Plantae,SPECIES
148705869,3171939,24904,Verbascum densiflorum Bertol.,Plantae,SPECIES
148705870,3736698,24907,Verbascum pyramidatum M.Bieb.,Plantae,SPECIES
148705871,3171951,24906,Verbascum phoeniceum L.,Plantae,SPECIES
148705872,3171954,24909,Verbascum virgatum Stokes,Plantae,SPECIES
148705873,3171952,24908,Verbascum speciosum Schrad.,Plantae,SPECIES
148705874,8345868,24536,Scrophularia scopolii Hoppe,Plantae,SPECIES
148705875,7477038,24537,Scrophularia scorodonia L.,Plantae,SPECIES
148705876,7810918,24538,Scrophularia vernalis L.,Plantae,SPECIES
5561475,3728734,24723,Chaenostoma cordatum Benth.,Plantae,SPECIES
148705878,3727761,24177,Phygelius capensis E.Mey. ex Benth.,Plantae,SPECIES
148705879,3173337,22602,Buddleja alternifolia Maxim.,Plantae,SPECIES
148705880,6387494,22604,Buddleja globosa Hope,Plantae,SPECIES
148705881,3173338,22603,Buddleja davidii Franch.,Plantae,SPECIES
148705883,3172127,22623,Calceolaria chelidonioides Kunth,Plantae,SPECIES
6411098,3894182,23620,Lamium galeobdolon subsp. argentatum (Smejkal) J.Duvign.,Plantae,SUBSPECIES
148705887,2926903,24783,Teucrium botrys L.,Plantae,SPECIES
148705888,6411747,24784,Teucrium chamaedrys L.,Plantae,SPECIES
148705889,5341442,24809,Thymus vulgaris L.,Plantae,SPECIES
148705890,5341373,24539,Scutellaria altissima L.,Plantae,SPECIES
148705891,2927298,24691,Stachys recta L.,Plantae,SPECIES
148705892,2927230,24690,Stachys byzantina K.Koch,Plantae,SPECIES
148705893,2927229,24689,Stachys arvensis (L.) L.,Plantae,SPECIES
148705894,2927235,24688,Stachys annua (L.) L.,Plantae,SPECIES
148705895,7666664,24314,Prunella grandiflora (L.) Turra,Plantae,SPECIES
148705896,5341296,24315,Prunella laciniata (L.) L.,Plantae,SPECIES
148705898,3883959,24493,Salvia viridis L.,Plantae,SPECIES
148705899,2926884,24510,Satureja montana L.,Plantae,SPECIES
148705900,2927026,24488,Salvia glutinosa L.,Plantae,SPECIES
148705901,2926995,24492,Salvia verticillata L.,Plantae,SPECIES
148705902,2927000,24491,Salvia sclarea L.,Plantae,SPECIES
148705903,2927001,24490,Salvia reflexa Hornem.,Plantae,SPECIES
148705904,2927004,24489,Salvia officinalis L.,Plantae,SPECIES
148705905,3886505,24162,Phlomis russeliana (Sims) Lag. ex Benth.,Plantae,SPECIES
148705906,2927452,24161,Phlomis fruticosa L.,Plantae,SPECIES
148705907,5341497,23935,Nepeta racemosa Lam.,Plantae,SPECIES
148705908,5341499,23934,Nepeta cataria L.,Plantae,SPECIES
148705909,5341389,23665,Leonurus cardiaca L.,Plantae,SPECIES
148705910,5341501,23823,Melissa officinalis L.,Plantae,SPECIES
148705911,2927175,23828,Mentha spicata L.,Plantae,SPECIES
148705912,2927174,23827,Mentha requienii Benth.,Plantae,SPECIES
148705913,5341387,23538,Hyssopus officinalis L.,Plantae,SPECIES
148705914,2926683,23621,Lamium album L.,Plantae,SPECIES
148705915,2926679,23622,Lamium amplexicaule L.,Plantae,SPECIES
148705916,2926681,23623,Lamium confertum Fr.,Plantae,SPECIES
148705917,2926684,23625,Lamium maculatum (L.) L.,Plantae,SPECIES
148705918,2926682,23626,Lamium purpureum L.,Plantae,SPECIES
148705919,8941778,23624,Lamium hybridum Vill.,Plantae,SPECIES
148705920,5341305,23358,Galeopsis speciosa Mill.,Plantae,SPECIES
148705921,5341306,23356,Galeopsis angustifolia Ehrh. ex Hoffm.,Plantae,SPECIES
148705922,5341308,23357,Galeopsis segetum Neck.,Plantae,SPECIES
148705923,2926894,22512,Ballota nigra L.,Plantae,SPECIES
10846508,3883382,22511,Pseudodictamnus acetabulosus (L.) Salmaki & Siadati,Plantae,SPECIES
3725447,7402007,24919,Veronica sublobata M.A.Fisch.,Plantae,SPECIES
4936163,5560054,23446,Veronica barkeri Cockayne,Plantae,SPECIES
3733590,7539299,23447,Veronica brachysiphon (Summerh.) Bean,Plantae,SPECIES
3731944,5559957,23448,Veronica dieffenbachii Benth.,Plantae,SPECIES
7331824,5559735,23449,Veronica salicifolia G.Forst.,Plantae,SPECIES
148705936,8019690,24912,Veronica acinifolia L.,Plantae,SPECIES
148705937,3172099,24914,Veronica austriaca L.,Plantae,SPECIES
148705938,3172082,24913,Veronica agrestis L.,Plantae,SPECIES
148705939,3172100,24916,Veronica filiformis Sm.,Plantae,SPECIES
148705940,3732412,24915,Veronica crista-galli Steven,Plantae,SPECIES
148705941,3172119,24927,Veronica triphyllos L.,Plantae,SPECIES
148705942,7331926,24925,Veronica praecox All.,Plantae,SPECIES
148705943,7331874,24926,Veronica repens Clarion ex DC.,Plantae,SPECIES
148705944,3172077,24923,Veronica persica Poir.,Plantae,SPECIES
148705945,3172074,24924,Veronica polita Fr.,Plantae,SPECIES
10324382,9963884,24921,Veronica longifolia × spicata,Plantae,SPECIES
148705947,3172104,24922,Veronica peregrina L.,Plantae,SPECIES
148705948,3172118,24920,Veronica longifolia L.,Plantae,SPECIES
148705949,3172070,24917,Veronica hederifolia L.,Plantae,SPECIES
148705950,7332262,24918,Veronica hederifolia subsp. hederifolia,Plantae,SUBSPECIES
148705951,3189762,24242,Plantago arenaria Waldst. & Kit.,Plantae,SPECIES
5415009,8233535,23715,Linaria supina (L.) Chaz.,Plantae,SPECIES
148705953,5415011,23710,Linaria dalmatica (L.) Mill.,Plantae,SPECIES
148705954,8105164,23709,Linaria arenaria DC.,Plantae,SPECIES
148705955,7886077,23712,Linaria pelisseriana (L.) Mill.,Plantae,SPECIES
148705956,5415016,23711,Linaria maroccana Hook.fil.,Plantae,SPECIES
148705957,5415019,23714,Linaria repens (L.) Mill.,Plantae,SPECIES
148705958,5415012,23713,Linaria purpurea (L.) Mill.,Plantae,SPECIES
148705959,3171145,23852,Misopates orontium (L.) Raf.,Plantae,SPECIES
148705960,3170817,23604,Kickxia spuria (L.) Dumort.,Plantae,SPECIES
148705961,3170819,23603,Kickxia elatine (L.) Dumort.,Plantae,SPECIES
148705962,3741446,23218,Erinus alpinus L.,Plantae,SPECIES
148705963,7331861,23050,Cymbalaria muralis subsp. muralis,Plantae,SUBSPECIES
148705964,5559838,23051,Cymbalaria muralis subsp. visianii D.A.Webb,Plantae,SUBSPECIES
148705965,5559871,23048,Cymbalaria hepaticifolia (Poir.) Wettst.,Plantae,SPECIES
148705966,8200663,23049,"Cymbalaria muralis G.Gaertn., B.Mey. & Scherb.",Plantae,SPECIES
148705967,5559837,23052,Cymbalaria pallida (Ten.) Wettst.,Plantae,SPECIES
148705968,5414990,23113,Digitalis lutea L.,Plantae,SPECIES
7332416,7351929,22726,Chaenorhinum origanifolium subsp. origanifolium,Plantae,SUBSPECIES
148705970,3171669,22725,Chaenorhinum minus (L.) Lange,Plantae,SPECIES
148705971,3729273,22453,Asarina procumbens Mill.,Plantae,SPECIES
148705972,3172001,22372,Antirrhinum majus L.,Plantae,SPECIES
148705974,5415453,22161,Acanthus spinosus L.,Plantae,SPECIES
148705975,5415455,22160,Acanthus mollis L.,Plantae,SPECIES
148705978,3190538,24421,Rhus typhina L.,Plantae,SPECIES
148705979,3190563,24420,Rhus coriaria L.,Plantae,SPECIES
148705980,3190557,24419,Rhus copallina L.,Plantae,SPECIES
148705981,3190522,22870,Cotinus coggygria Scop.,Plantae,SPECIES
148705983,6433998,22851,Correa backhouseana Hook.,Plantae,SPECIES
148705984,3833284,22773,Choisya ternata Kunth,Plantae,SPECIES
148705986,3190653,22220,Ailanthus altissima (Mill.) Swingle,Plantae,SPECIES
148705988,5421180,23607,Koelreuteria paniculata Laxm.,Plantae,SPECIES
148705989,3189809,22199,Aesculus ×carnea Hayne,Plantae,SPECIES
148705990,8566446,22201,Aesculus indica (Colebr. ex Cambess.) Hook.,Plantae,SPECIES
148705991,3189815,22200,Aesculus hippocastanum L.,Plantae,SPECIES
148705992,7262908,22165,Acer cappadocicum Gled.,Plantae,SPECIES
148705993,3189866,22166,Acer negundo L.,Plantae,SPECIES
148705994,3189846,22167,Acer platanoides L.,Plantae,SPECIES
148705995,3189870,22168,Acer pseudoplatanus L.,Plantae,SPECIES
148705996,7263145,22169,Acer rufinerve Siebold & Zucc.,Plantae,SPECIES
148705997,3189837,22170,Acer saccharinum L.,Plantae,SPECIES
148706000,7303616,24876,Ulmus laevis Pall.,Plantae,SPECIES
148706002,6371424,24405,Rhamnus alaternus L.,Plantae,SPECIES
148706004,5361815,24887,Urtica urens L.,Plantae,SPECIES
148706005,2984366,24642,Soleirolia soleirolii (Req.) Dandy,Plantae,SPECIES
148706006,5361803,24079,Parietaria officinalis L.,Plantae,SPECIES
148706008,5361888,23862,Morus nigra L.,Plantae,SPECIES
148706009,5361909,23324,Ficus carica L.,Plantae,SPECIES
148706011,7293094,23168,Elaeagnus macrophylla Thunb.,Plantae,SPECIES
148706012,3039274,23167,Elaeagnus commutata Bernh. ex Rydb.,Plantae,SPECIES
7752288,7752288,23170,Elaeagnus umbellata C.P.Thunb. ex A.Murray,Plantae,SPECIES
8214730,8214730,23169,Elaeagnus pungens Thunb. ex A.Murray,Plantae,SPECIES
148706016,5361880,22652,Cannabis sativa L.,Plantae,SPECIES
7272312,8463192,23329,Filipendula camtschatica (Pall.) Maxim.,Plantae,SPECIES
5365717,3031919,23145,Potentilla indica (Andrews) Th.Wolf,Plantae,SPECIES
148706023,5362445,24371,Pyrus pyraster (L.) Burgsd.,Plantae,SPECIES
148706025,3021922,24317,Prunus cerasus L.,Plantae,SPECIES
3000406,5363911,24174,Stranvaesia davidiana Decne.,Plantae,SPECIES
7925720,7750982,24500,Poterium sanguisorba subsp. polygamum (Waldst. & Kit.) Asch. & Graebn.,Plantae,SUBSPECIES
3003709,8684350,24433,Rosa glauca Pourr.,Plantae,SPECIES
148706032,3026819,24683,Spiraea tomentosa L.,Plantae,SPECIES
148706033,3026454,24681,Spiraea salicifolia L.,Plantae,SPECIES
148706034,3026454,24682,Spiraea salicifolia L.,Plantae,SPECIES
148706035,8170635,24679,Spiraea japonica L.fil.,Plantae,SPECIES
148706036,3027231,24680,Spiraea media Schmidt,Plantae,SPECIES
148706037,3027166,24677,Spiraea douglasii subsp. douglasii,Plantae,SUBSPECIES
148706038,6287826,24678,Spiraea douglasii subsp. menziesii (Hook.) Calder & Taylor,Plantae,SUBSPECIES
148706039,3026406,24675,Spiraea chamaedryfolia L.,Plantae,SPECIES
148706040,3027159,24676,Spiraea douglasii Hook.,Plantae,SPECIES
7787813,7787813,24673,Spiraea alba DuRoi,Plantae,SPECIES
148706042,3027138,24674,Spiraea canescens D.Don,Plantae,SPECIES
9306058,8576221,24658,Karpatiosorbus latifolia (Lam.) Sennikov & Kurtto,Plantae,SPECIES
10071055,3012254,24657,Scandosorbus ×intermedia (Ehrh.) Sennikov,Plantae,SPECIES
9312105,3012326,24659,Hedlundia mougeotii (Soy.-Will. & Godr.) Sennikov & Kurtto,Plantae,SPECIES
9478021,7468205,24654,Karpatiosorbus ×hybrida (Bechst.) Sennikov & Kurtto,Plantae,SPECIES
9629033,3012154,24653,Karpatiosorbus croceocarpa (P.D.Sell) Sennikov & Kurtto,Plantae,SPECIES
9245228,3012400,24656,Hedlundia hybrida (L.) Sennikov & Kurtto,Plantae,SPECIES
10613095,3012761,24655,Sorbus glabriuscula Mc All.,Plantae,SPECIES
148706050,3012103,24650,Sorbaria kirilowii (Regel) Maxim.,Plantae,SPECIES
148706051,3012089,24651,Sorbaria sorbifolia (L.) A.Braun,Plantae,SPECIES
148706052,3012117,24652,Sorbaria tomentosa (Lindl.) Rehder,Plantae,SPECIES
148706053,3022609,24327,Prunus serrulata Lindl.,Plantae,SPECIES
148706054,8202030,24324,Prunus pensylvanica L.fil.,Plantae,SPECIES
148706055,3022789,24323,Prunus mahaleb L.,Plantae,SPECIES
148706056,3021850,24326,Prunus serotina Ehrh.,Plantae,SPECIES
148706057,8149923,24325,Prunus persica (L.) Stokes,Plantae,SPECIES
148706058,5367186,24298,Potentilla rivalis Nutt. ex Torr. & A.Gray,Plantae,SPECIES
148706059,5367294,24297,Potentilla recta L.,Plantae,SPECIES
148706060,5365305,24296,Potentilla norvegica L.,Plantae,SPECIES
148706061,3021496,24321,Prunus laurocerasus L.,Plantae,SPECIES
148706062,3020871,24322,Prunus lusitanica L.,Plantae,SPECIES
3020980,3022502,24319,Prunus amygdalus Batsch,Plantae,SPECIES
8004986,8004986,24320,Prunus incisa Thunb. ex A.Murray,Plantae,SPECIES
148706065,7931731,24318,Prunus domestica L.,Plantae,SPECIES
148706066,3021730,24316,Prunus cerasifera Ehrh.,Plantae,SPECIES
2988172,2988220,24364,Pyracantha crenulata (D.Don) M.Roem.,Plantae,SPECIES
148706068,2988188,24363,Pyracantha coccinea M.Roem.,Plantae,SPECIES
148706069,5362573,24369,Pyrus communis L.,Plantae,SPECIES
148706070,5362573,24370,Pyrus communis L.,Plantae,SPECIES
148706071,2991408,24444,Rubus canadensis L.,Plantae,SPECIES
148706072,2994120,24445,Rubus cockburnianus Hemsl.,Plantae,SPECIES
148706073,2994335,24446,Rubus elegantispinosus (Schumach.) H.E.Weber,Plantae,SPECIES
148706074,2992543,24447,Rubus laciniatus Willd.,Plantae,SPECIES
148706075,8235931,24442,Rubus allegheniensis Porter,Plantae,SPECIES
148706076,2996525,24443,Rubus armeniacus Focke,Plantae,SPECIES
148706077,3003244,24436,Rosa multiflora Thunb.,Plantae,SPECIES
148706078,3003979,24437,Rosa rugosa Thunb.,Plantae,SPECIES
148706079,3004638,24438,Rosa setigera Michx.,Plantae,SPECIES
148706080,9382645,24439,Rosa virginiana Herrm.,Plantae,SPECIES
148706081,3002530,24434,Rosa gallica L.,Plantae,SPECIES
7354625,3008275,24435,Rosa luciae Franch. & Rochebr. ex Crép.,Plantae,SPECIES
148706083,2989222,24453,Rubus tricolor Focke,Plantae,SPECIES
148706084,2993761,24452,Rubus spectabilis Pursh,Plantae,SPECIES
148706085,2994912,24449,Rubus odoratus L.,Plantae,SPECIES
148706086,2990630,24448,Rubus ×loganobaccus L.H.Bailey,Plantae,SPECIES
148706087,2995149,24451,Rubus phoenicolasius Maxim.,Plantae,SPECIES
2994229,2989557,24450,Rubus nutkanus Moc. ex Ser.,Plantae,SPECIES
148706089,3029411,24499,Sanguisorba canadensis L.,Plantae,SPECIES
148706090,5366327,24295,Potentilla montana Brot.,Plantae,SPECIES
148706091,5365705,24294,Potentilla intermedia L.,Plantae,SPECIES
148706092,5365888,24293,Potentilla inclinata Vill.,Plantae,SPECIES
148706093,2988354,24191,Physocarpus opulifolius (L.) Maxim.,Plantae,SPECIES
148706094,2988485,23966,Oemleria cerasiformis (Torr. & A.Gray ex Hook. & Arn.) J.W.Landon,Plantae,SPECIES
148706095,3031774,23837,Mespilus germanica L.,Plantae,SPECIES
3001244,3001093,23789,Malus domestica (Suckow) Borkh.,Plantae,SPECIES
148706097,3001077,23788,Malus hupehensis (Pamp.) Rehder,Plantae,SPECIES
148706098,2987780,23495,Holodiscus discolor (Pursh) Maxim.,Plantae,SPECIES
148706099,5371450,23601,Kerria japonica (L.) DC.,Plantae,SPECIES
148706100,3029912,23332,Fragaria ×ananassa (Weston) Rozier,Plantae,SPECIES
148706101,8350369,23333,Fragaria moschata Duchesne,Plantae,SPECIES
148706102,5370043,23403,Geum quellyon Sweet,Plantae,SPECIES
148706103,5369784,23402,Geum macrophyllum Willd.,Plantae,SPECIES
148706104,5362215,23041,Cydonia oblonga Mill.,Plantae,SPECIES
3026162,3025810,22952,Cotoneaster franchetii Boiss.,Plantae,SPECIES
148706106,3025605,22953,Cotoneaster zabelii C.K.Schneid.,Plantae,SPECIES
3025858,3025564,22950,Cotoneaster ambiguus Rehder & E.H.Wilson,Plantae,SPECIES
3026162,3025745,22951,Cotoneaster franchetii Boiss.,Plantae,SPECIES
3025638,3026290,22948,Cotoneaster soongoricus (Regel & Herder) Popov,Plantae,SPECIES
148706110,3026219,22949,Cotoneaster transens G.Klotz,Plantae,SPECIES
3026162,3026154,22946,Cotoneaster franchetii Boiss.,Plantae,SPECIES
3026162,3025612,22947,Cotoneaster franchetii Boiss.,Plantae,SPECIES
148706113,3026107,22944,Cotoneaster simonsii Baker,Plantae,SPECIES
3025896,3025615,22945,Cotoneaster dielsianus E.Pritz.,Plantae,SPECIES
148706115,3025749,22942,Cotoneaster shannanensis J.Fryer & B.Hylmö,Plantae,SPECIES
148706116,3025980,22943,Cotoneaster sherriffii G.Klotz,Plantae,SPECIES
148706117,3013404,22970,Crataegus crus-galli L.,Plantae,SPECIES
148706118,3014860,22969,Crataegus coccinioides Ashe,Plantae,SPECIES
148706119,7790614,22968,Crataegus coccinea L.,Plantae,SPECIES
148706120,3025626,22922,Cotoneaster microphyllus Wall. ex Lindl.,Plantae,SPECIES
148706121,3025626,22923,Cotoneaster microphyllus Wall. ex Lindl.,Plantae,SPECIES
3025740,3025825,22924,Cotoneaster hebephyllus var. monopyrenus W.W.Sm.,Plantae,VARIETY
148706123,3025731,22925,Cotoneaster moupinensis Franch.,Plantae,SPECIES
3025572,3026087,22918,Cotoneaster pannosus Franch.,Plantae,SPECIES
3025770,3025769,22919,Cotoneaster acutifolius Turcz.,Plantae,SPECIES
3026105,8327867,22921,Cotoneaster integrifolius (Roxb.) G.Klotz,Plantae,SPECIES
3026162,3025868,22914,Cotoneaster franchetii Boiss.,Plantae,SPECIES
148706129,3026105,22915,Cotoneaster integrifolius (Roxb.) G.Klotz,Plantae,SPECIES
3026035,3025705,22916,Cotoneaster coriaceus Franch.,Plantae,SPECIES
3025858,3026168,22917,Cotoneaster ambiguus Rehder & E.H.Wilson,Plantae,SPECIES
3026074,3025758,22910,Cotoneaster salicifolius Franch.,Plantae,SPECIES
148706133,3025695,22911,Cotoneaster ignescens J.Fryer & B.Hylmö,Plantae,SPECIES
148706134,3025793,22912,Cotoneaster ignotus G.Klotz,Plantae,SPECIES
3026162,3026187,22913,Cotoneaster franchetii Boiss.,Plantae,SPECIES
148706136,3025882,22939,Cotoneaster rotundifolius Wall. ex Lindl.,Plantae,SPECIES
148706137,3026064,22929,Cotoneaster nitidus Jacq.,Plantae,SPECIES
3026294,3026160,22938,Cotoneaster bullatus Bois ex Bilm. & Bois,Plantae,SPECIES
6287869,3026159,22941,Cotoneaster glaucophyllus var. serotinus (Hutch.) L.T.Lu & Brach,Plantae,VARIETY
148706140,3026074,22940,Cotoneaster salicifolius Franch.,Plantae,SPECIES
148706141,3026239,22935,Cotoneaster prostratus Baker,Plantae,SPECIES
3025629,7714764,22934,Cotoneaster horizontalis var. perpusillus C.K.Schneid.,Plantae,VARIETY
3026049,3026101,22937,Cotoneaster dammeri C.K.Schneid.,Plantae,SPECIES
3025858,3025789,22936,Cotoneaster ambiguus Rehder & E.H.Wilson,Plantae,SPECIES
148706145,3025948,22931,Cotoneaster obscurus Rehder & E.H.Wilson,Plantae,SPECIES
148706146,3026015,22930,Cotoneaster nohelii J.Fryer & B.Hylmö,Plantae,SPECIES
148706147,3025572,22933,Cotoneaster pannosus Franch.,Plantae,SPECIES
3025799,7497832,22932,Cotoneaster affinis Lindl.,Plantae,SPECIES
3025764,3025935,22927,Cotoneaster adpressus Bois,Plantae,SPECIES
3025566,3025808,22926,Cotoneaster acuminatus Lindl.,Plantae,SPECIES
148706151,3026022,22928,Cotoneaster nitens Rehder & E.H.Wilson,Plantae,SPECIES
148706152,8031653,22971,Crataegus heterophylla Flüggé,Plantae,SPECIES
148706153,3013974,22972,Crataegus orientalis Pall. ex M.Bieb.,Plantae,SPECIES
148706154,3015457,22973,Crataegus persimilis Sarg.,Plantae,SPECIES
148706155,9047268,22974,Crataegus rhipidophylla Gand.,Plantae,SPECIES
148706156,3015560,22975,Crataegus submollis Sarg.,Plantae,SPECIES
148706157,3016137,22976,Crataegus succulenta Schrad. ex Link,Plantae,SPECIES
148706158,7756070,22881,Cotoneaster bradyi E.C.Nelson & J.Fryer,Plantae,SPECIES
3026294,3026167,22880,Cotoneaster bullatus Bois ex Bilm. & Bois,Plantae,SPECIES
3025799,7864317,22879,Cotoneaster affinis Lindl.,Plantae,SPECIES
3025617,3025934,22878,Cotoneaster horizontalis Decne.,Plantae,SPECIES
3025626,3025608,22885,Cotoneaster microphyllus Wall. ex Lindl.,Plantae,SPECIES
148706163,5370651,22158,Acaena ovalifolia Ruiz & Pav.,Plantae,SPECIES
148706164,5370687,22156,Acaena inermis Hook.fil.,Plantae,SPECIES
148706165,5370755,22157,Acaena novae-zelandiae Kirk,Plantae,SPECIES
148706166,7942884,22154,Acaena anserinifolia (J.R.Forst. & G.Forst.) Druce,Plantae,SPECIES
148706167,5370829,22155,Acaena caesiiglauca (Bitter) Bergmans,Plantae,SPECIES
148706168,3028586,22227,Alchemilla tytthantha Juz.,Plantae,SPECIES
148706169,3028528,22226,Alchemilla mollis (Buser) Rothm.,Plantae,SPECIES
148706170,3028431,22225,Alchemilla conjuncta Bab.,Plantae,SPECIES
148706171,3024109,22289,Amelanchier ×lamarckii F.G.Schroed.,Plantae,SPECIES
148706172,5363629,22438,Aronia arbutifolia (L.) Pers.,Plantae,SPECIES
148706173,5363627,22439,Aronia melanocarpa (Michx.) Elliott,Plantae,SPECIES
148706174,2988625,22420,Aremonia agrimonioides (L.) DC.,Plantae,SPECIES
148706175,5362136,22452,Aruncus dioicus (Walter) Fernald,Plantae,SPECIES
148706176,3000610,22723,Chaenomeles japonica (Thunb.) Lindl. ex Spach,Plantae,SPECIES
148706177,3000679,22724,Chaenomeles speciosa (Sweet) Nakai,Plantae,SPECIES
3025617,3025910,22877,Cotoneaster horizontalis Decne.,Plantae,SPECIES
3025626,3026011,22876,Cotoneaster microphyllus Wall. ex Lindl.,Plantae,SPECIES
148706180,3026024,22875,Cotoneaster ascendens Flinck & B.Hylmö,Plantae,SPECIES
148706181,3025857,22874,Cotoneaster apiculatus Rehder & E.H.Wilson,Plantae,SPECIES
3025572,8036392,22873,Cotoneaster pannosus Franch.,Plantae,SPECIES
148706183,3025799,22872,Cotoneaster affinis Lindl.,Plantae,SPECIES
148706184,3025764,22871,Cotoneaster adpressus Bois,Plantae,SPECIES
3025858,3026321,22907,Cotoneaster ambiguus Rehder & E.H.Wilson,Plantae,SPECIES
148706186,3025617,22906,Cotoneaster horizontalis Decne.,Plantae,SPECIES
3025770,3025930,22909,Cotoneaster acutifolius Turcz.,Plantae,SPECIES
3025731,3025962,22908,Cotoneaster moupinensis Franch.,Plantae,SPECIES
148706189,3026092,22903,Cotoneaster hjelmqvistii Flinck & B.Hylmö,Plantae,SPECIES
148706190,3025794,22902,Cotoneaster hissaricus Pojark.,Plantae,SPECIES
148706191,3025617,22905,Cotoneaster horizontalis Decne.,Plantae,SPECIES
3025852,3025759,22904,Cotoneaster buxifolius Lindl.,Plantae,SPECIES
148706193,3025781,22899,Cotoneaster glaucophyllus Franch.,Plantae,SPECIES
148706194,3026137,22898,Cotoneaster glabratus Rehder & E.H.Wilson,Plantae,SPECIES
3026080,7576311,22901,Cotoneaster salicifolius var. henryanus (C.K.Schneid.) T.T.Yu,Plantae,VARIETY
148706196,3025918,22900,Cotoneaster hedegaardii J.Fryer & B.Hylmö,Plantae,SPECIES
148706197,7671195,22895,Cotoneaster frigidus Wall.,Plantae,SPECIES
148706198,3026162,22894,Cotoneaster franchetii Boiss.,Plantae,SPECIES
148706199,3025986,22897,Cotoneaster fruticosus J.Fryer & B.Hylmö,Plantae,SPECIES
3026042,3026042,22896,Cotoneaster froebelii Vilm.,Plantae,SPECIES
148706201,3025896,22890,Cotoneaster dielsianus E.Pritz.,Plantae,SPECIES
148706202,3026334,22891,Cotoneaster divaricatus Rehder & E.H.Wilson,Plantae,SPECIES
3025718,3025717,22892,Cotoneaster lindleyi Steud.,Plantae,SPECIES
3025896,3025932,22893,Cotoneaster dielsianus E.Pritz.,Plantae,SPECIES
148706205,3025899,22886,Cotoneaster congestus Baker,Plantae,SPECIES
148706206,3025875,22887,Cotoneaster conspicuus Comber ex Marquand,Plantae,SPECIES
148706207,3025894,22888,Cotoneaster cooperi C.Marquand,Plantae,SPECIES
148706208,3026049,22889,Cotoneaster dammeri C.K.Schneid.,Plantae,SPECIES
148706209,3026294,22882,Cotoneaster bullatus Bois ex Bilm. & Bois,Plantae,SPECIES
3025736,3025974,22883,Cotoneaster hebephyllus Diels,Plantae,SPECIES
3025626,3025607,22884,Cotoneaster microphyllus Wall. ex Lindl.,Plantae,SPECIES
2975035,6404750,24938,Vicia sativa subsp. nigra Ehrh.,Plantae,SUBSPECIES
5356973,2963137,24780,Lotus maritimus L.,Plantae,SPECIES
148706219,5356805,23062,Cytisus nigricans L.,Plantae,SPECIES
5360221,5360221,24797,Thermopsis montana Torr. & A.Gray,Plantae,SPECIES
148706221,5359395,24834,Trifolium angustifolium L.,Plantae,SPECIES
148706222,5359037,24840,Trifolium stellatum L.,Plantae,SPECIES
148706223,5359175,24839,Trifolium resupinatum L.,Plantae,SPECIES
148706224,6109535,24836,Trifolium hybridum L.,Plantae,SPECIES
148706225,5359060,24835,Trifolium aureum Pollich,Plantae,SPECIES
148706226,5359067,24838,Trifolium pannonicum Jacq.,Plantae,SPECIES
5359378,7302754,24837,Trifolium incarnatum L.,Plantae,SPECIES
148706228,9182154,24940,Vicia villosa Roth,Plantae,SPECIES
148706229,2975188,24939,Vicia tenuifolia Roth,Plantae,SPECIES
148706230,7068379,24937,Vicia sativa subsp. sativa,Plantae,SUBSPECIES
148706231,2974811,24936,Vicia pannonica Crantz,Plantae,SPECIES
148706232,2979000,22153,Acacia melanoxylon R.Br.,Plantae,SPECIES
148706233,5352425,22369,Anthyllis vulneraria subsp. carpatica (Pant.) Nyman,Plantae,SUBSPECIES
148706234,5352372,22370,Anthyllis vulneraria subsp. polyphylla (DC.) Nyman,Plantae,SUBSPECIES
148706235,5346614,22478,Astragalus odoratus Lam.,Plantae,SPECIES
148706236,5343253,22477,Astragalus cicer L.,Plantae,SPECIES
148706237,2947311,22785,Cicer arietinum L.,Plantae,SPECIES
148706238,7844167,22823,Colutea arborescens L.,Plantae,SPECIES
148706239,5348633,22848,Coronilla valentina L.,Plantae,SPECIES
148706240,5354707,23063,Cytisus striatus (Hill) Rothm.,Plantae,SPECIES
148706241,7681436,23061,Cytisus multiflorus (L'Hér.) Sweet,Plantae,SPECIES
148706242,5359660,23409,Glycine max (L.) Merr.,Plantae,SPECIES
148706243,5347761,23380,Genista hispanica L.,Plantae,SPECIES
148706244,5347796,23381,Genista monspessulana (L.) L.A.S.Johnson,Plantae,SPECIES
148706245,5347587,23379,Genista aetnensis (Biv.) DC.,Plantae,SPECIES
148706246,2975667,23355,Galega officinalis L.,Plantae,SPECIES
148706247,5356343,23610,Laburnum alpinum (Mill.) Bercht. & J.Presl,Plantae,SPECIES
148706248,5356345,23611,Laburnum anagyroides Medik.,Plantae,SPECIES
148706249,5356382,23645,Lathyrus hirsutus L.,Plantae,SPECIES
148706250,5356517,23646,Lathyrus latifolius L.,Plantae,SPECIES
148706251,7571428,23643,Lathyrus grandiflorus Sm.,Plantae,SPECIES
148706252,5356541,23644,Lathyrus heterophyllus L.,Plantae,SPECIES
148706253,5353705,23490,Hippocrepis emerus (L.) Lassen,Plantae,SPECIES
148706254,2964525,23757,Lupinus nootkatensis Donn ex Sims,Plantae,SPECIES
148706255,2963807,23756,Lupinus arboreus Sims,Plantae,SPECIES
148706256,2964355,23758,Lupinus polyphyllus Lindl.,Plantae,SPECIES
148706257,2965221,23807,Medicago laciniata (L.) Mill.,Plantae,SPECIES
148706258,2965485,23808,Medicago littoralis Rohde ex Loisel.,Plantae,SPECIES
148706259,7068169,23809,Medicago sativa subsp. sativa,Plantae,SUBSPECIES
2971024,2971024,23822,Melilotus officinalis (L.) Pallas,Plantae,SPECIES
148706261,2971016,23821,Melilotus indicus (L.) All.,Plantae,SPECIES
148706262,2971042,23820,Melilotus altissimus Thuill.,Plantae,SPECIES
148706263,2971095,23819,Melilotus albus Medik.,Plantae,SPECIES
148706264,2965280,23810,Medicago truncatula Gaertn.,Plantae,SPECIES
148706265,5356522,23649,Lathyrus tuberosus L.,Plantae,SPECIES
148706266,5356662,23647,Lathyrus niger (L.) Bernh.,Plantae,SPECIES
148706267,5356514,23648,Lathyrus odoratus L.,Plantae,SPECIES
3973001,5350010,23664,Vicia lens (L.) Coss. & Germ.,Plantae,SPECIES
148706269,5358266,24003,Ornithopus sativus Brot.,Plantae,SPECIES
148706270,5358265,24002,Ornithopus compressus L.,Plantae,SPECIES
148706271,2977234,23986,Ononis natrix L.,Plantae,SPECIES
5347846,5347845,24234,Lathyrus oleraceus Lam.,Plantae,SPECIES
148706273,5350466,24152,Phaseolus coccineus L.,Plantae,SPECIES
148706274,5352251,24429,Robinia pseudoacacia L.,Plantae,SPECIES
148706275,5355395,24667,Spartium junceum L.,Plantae,SPECIES
5350005,5350000,24543,Coronilla varia L.,Plantae,SPECIES
148706277,5358302,24535,Scorpiurus muricatus L.,Plantae,SPECIES
148706278,2974832,24934,Vicia faba L.,Plantae,SPECIES
148706279,2975132,24935,Vicia narbonensis L.,Plantae,SPECIES
3940326,3152769,23654,Malva trimestris (L.) Salisb.,Plantae,SPECIES
3933415,3152773,23652,"Malva multiflora (Cav.) Soldano, Banfi & Galasso",Plantae,SPECIES
148706286,3152723,24591,Sidalcea candida A.Gray,Plantae,SPECIES
148706287,3152720,24592,Sidalcea malviflora (DC.) A.Gray ex Benth.,Plantae,SPECIES
7428145,3152771,23653,Malva thuringiaca subsp. thuringiaca,Plantae,SUBSPECIES
148706289,3152365,23790,Malva alcea L.,Plantae,SPECIES
148706290,3152374,23795,Malva sylvestris L.,Plantae,SPECIES
148706291,3152377,23796,Malva verticillata L.,Plantae,SPECIES
148706292,3152378,23793,Malva parviflora L.,Plantae,SPECIES
148706293,3152372,23794,Malva pusilla Sm.,Plantae,SPECIES
148706294,3152373,23791,Malva neglecta Wallr.,Plantae,SPECIES
148706295,3152367,23792,Malva nicaeensis All.,Plantae,SPECIES
148706296,3940089,23493,Hoheria populnea A.Cunn.,Plantae,SPECIES
148706297,3152560,23482,Hibiscus trionum L.,Plantae,SPECIES
148706298,3152521,22258,Althaea hirsuta L.,Plantae,SPECIES
148706299,5406789,22224,Alcea rosea L.,Plantae,SPECIES
148706300,3152614,22152,Abutilon theophrasti Medik.,Plantae,SPECIES
