taxonKey,countryCode,occurrenceStatus,establishmentMeans,degreeOfEstablishment,pathway,eventDate,source
219993027,NO,present,introduced,,transport - contaminant: other means of contamination,NA,
219993028,NO,present,introduced,,unaided: natural dispersal across borders of invasive alien organisms,2017,
219993029,NO,present,introduced,invasive,unaided: natural dispersal across borders of invasive alien organisms,NA,
219993030,NO,present,introduced,,transport - contaminant: contaminant nursery material,NA,
219993031,NO,present,introduced,invasive,transport - contaminant: parasites on plants (including species transported by host and vector),NA,
219993032,NO,present,introduced,,"transport - contaminant: contaminant on plants (except parasites, species transported by host/vector)",NA,
219993033,NO,present,introduced,,transport - contaminant: parasites on plants (including species transported by host and vector),2017,
219993034,NO,present,introduced,,corridors: interconnected waterways/basins/seas,NA,
219993039,NO,present,introduced,invasive,unaided: natural dispersal across borders of invasive alien organisms,NA,
219993041,NO,present,introduced,invasive,transport - contaminant: parasites on plants (including species transported by host and vector),NA,
219993045,NO,present,introduced,,transport - stowaway: other means of transport,NA,
219993048,NO,present,introduced,,transport - contaminant: other means of contamination,NA,
219993051,NO,present,introduced,invasive,transport - contaminant: parasites on animals (including organisms transported by host and vector),1971,
219993055,NO,present,introduced,,unaided: natural dispersal across borders of invasive alien organisms,NA,
219993058,NO,present,introduced,,transport - stowaway: other means of transport,NA,
219993059,NO,present,introduced,,unaided: natural dispersal across borders of invasive alien organisms,NA,
219993061,NO,present,introduced,,transport - stowaway: ship/boat ballast water,NA,
219993062,NO,present,introduced,,"transport - contaminant: transportation of habitat material (soil, vegetation, wood etc)",NA,
219993064,NO,present,introduced,,transport - contaminant: contaminant nursery material,NA,
219993069,NO,present,introduced,,unaided: natural dispersal across borders of invasive alien organisms,1886,
219993070,NO,present,introduced,,transport - contaminant: parasites on plants (including species transported by host and vector),NA,
219993072,NO,present,introduced,,unaided: natural dispersal across borders of invasive alien organisms,NA,
219993073,NO,present,introduced,,unaided: natural dispersal across borders of invasive alien organisms,1963,
219993074,NO,present,introduced,,"transport - contaminant: contaminant on plants (except parasites, species transported by host/vector)",1886,
219993076,NO,present,introduced,invasive,unaided: natural dispersal across borders of invasive alien organisms,2020,
219993078,NO,present,introduced,,corridors: interconnected waterways/basins/seas,NA,
219993079,NO,present,introduced,,"transport - contaminant: transportation of habitat material (soil, vegetation, wood etc)",2009,
219993080,NO,present,introduced,,transport - stowaway: ship/boat hull fouling,NA,
219993081,NO,present,introduced,,unaided: natural dispersal across borders of invasive alien organisms,NA,
219993082,NO,present,introduced,,"transport - contaminant: transportation of habitat material (soil, vegetation, wood etc)",1989,
219993083,NO,present,introduced,,transport - stowaway: ship/boat hull fouling,NA,
219993084,NO,present,introduced,,"transport - contaminant: contaminant on plants (except parasites, species transported by host/vector)",NA,
219993085,NO,present,introduced,,unaided: natural dispersal across borders of invasive alien organisms,NA,
219993086,NO,present,introduced,invasive,transport - contaminant: parasites on plants (including species transported by host and vector),2009,
219993087,NO,present,introduced,,"transport - contaminant: contaminant on plants (except parasites, species transported by host/vector)",NA,
219993088,NO,present,introduced,,corridors: interconnected waterways/basins/seas,NA,
219993089,NO,present,introduced,,"transport - contaminant: transportation of habitat material (soil, vegetation, wood etc)",2011,
219993090,NO,present,introduced,,unaided: natural dispersal across borders of invasive alien organisms,NA,
219993091,NO,present,introduced,,transport - stowaway: ship/boat hull fouling,NA,
219993092,NO,present,introduced,,"transport - contaminant: contaminant on plants (except parasites, species transported by host/vector)",NA,
219993093,NO,present,introduced,invasive,transport - contaminant: parasites on plants (including species transported by host and vector),NA,
219993094,NO,present,introduced,,corridors: interconnected waterways/basins/seas,NA,
219993095,NO,present,introduced,,unaided: natural dispersal across borders of invasive alien organisms,1994,
219993096,NO,present,introduced,,transport - contaminant: parasites on plants (including species transported by host and vector),1995,
219993098,NO,present,introduced,,"transport - contaminant: contaminant on plants (except parasites, species transported by host/vector)",NA,
219993099,NO,present,introduced,,transport - contaminant: parasites on plants (including species transported by host and vector),1989,
219993101,NO,present,introduced,,unaided: natural dispersal across borders of invasive alien organisms,NA,
219993102,NO,present,introduced,,unaided: natural dispersal across borders of invasive alien organisms,2010,
219993103,NO,present,introduced,,"transport - contaminant: contaminant on plants (except parasites, species transported by host/vector)",1994,
219993105,NO,present,introduced,,"transport - contaminant: contaminant on plants (except parasites, species transported by host/vector)",NA,
219993106,NO,present,introduced,,transport - contaminant: parasites on animals (including organisms transported by host and vector),NA,
219993107,NO,present,introduced,invasive,"transport - contaminant: transportation of habitat material (soil, vegetation, wood etc)",2004,
219993108,NO,present,introduced,,"transport - contaminant: contaminant on plants (except parasites, species transported by host/vector)",NA,
219993109,NO,present,introduced,,transport - contaminant: parasites on plants (including species transported by host and vector),2012,
219993111,NO,present,introduced,,transport - contaminant: contaminant nursery material,2019,
219993112,NO,present,introduced,,"transport - contaminant: contaminant on plants (except parasites, species transported by host/vector)",1963,
219993113,NO,present,introduced,,unaided: natural dispersal across borders of invasive alien organisms,NA,
219993115,NO,present,introduced,invasive,transport - contaminant: parasites on plants (including species transported by host and vector),NA,
219993117,NO,present,introduced,,unaided: natural dispersal across borders of invasive alien organisms,2014,
219993118,NO,present,introduced,,unaided: natural dispersal across borders of invasive alien organisms,NA,
219993119,NO,present,introduced,,"transport - contaminant: transportation of habitat material (soil, vegetation, wood etc)",2014,
219993120,NO,present,introduced,,transport - contaminant: parasites on plants (including species transported by host and vector),2014,
219993121,NO,present,introduced,,transport - contaminant: parasites on animals (including organisms transported by host and vector),NA,
219993123,NO,present,introduced,,transport - contaminant: parasites on animals (including organisms transported by host and vector),NA,
219993124,NO,present,introduced,,unaided: natural dispersal across borders of invasive alien organisms,2004,
219993127,NO,present,introduced,invasive,transport - stowaway: people and their luggage/equipment (in particular tourism),NA,
219993128,NO,present,introduced,,unaided: natural dispersal across borders of invasive alien organisms,2007,
219993130,NO,present,introduced,invasive,"transport - contaminant: transportation of habitat material (soil, vegetation, wood etc)",NA,
219993131,NO,present,introduced,,transport - contaminant: parasites on plants (including species transported by host and vector),2007,
219993132,NO,present,introduced,invasive,"transport - contaminant: transportation of habitat material (soil, vegetation, wood etc)",2005,
219993133,NO,present,introduced,,transport - stowaway: other means of transport,2010,
219993135,NO,present,introduced,,unaided: natural dispersal across borders of invasive alien organisms,2010,
219993136,NO,present,introduced,,transport - contaminant: parasites on plants (including species transported by host and vector),2004,
219993137,NO,present,introduced,,"transport - contaminant: transportation of habitat material (soil, vegetation, wood etc)",2010,
219993138,NO,present,introduced,invasive,transport - contaminant: parasites on plants (including species transported by host and vector),NA,
219993139,NO,present,introduced,,"transport - contaminant: contaminant on plants (except parasites, species transported by host/vector)",2010,
219993141,NO,present,introduced,invasive,transport - contaminant: parasites on plants (including species transported by host and vector),2020,
219993143,NO,present,introduced,,transport - contaminant: parasites on plants (including species transported by host and vector),NA,
219993144,NO,present,introduced,,"transport - contaminant: transportation of habitat material (soil, vegetation, wood etc)",2014,
219993146,NO,present,introduced,,"transport - stowaway: vehicles (car, train, etc.)",2014,
219993147,NO,present,introduced,,unaided: natural dispersal across borders of invasive alien organisms,NA,
219993148,NO,present,introduced,,"transport - contaminant: contaminant on animals (except parasites, organisms transported by host/vector)",2011,
219993149,NO,present,introduced,,"transport - contaminant: transportation of habitat material (soil, vegetation, wood etc)",2004,
219993150,NO,present,introduced,,transport - stowaway: ship/boat ballast water,2011,
219993151,NO,present,introduced,invasive,"transport - contaminant: transportation of habitat material (soil, vegetation, wood etc)",NA,
219993153,NO,present,introduced,,unaided: natural dispersal across borders of invasive alien organisms,2011,
219993154,NO,present,introduced,,unaided: natural dispersal across borders of invasive alien organisms,2021,
219993155,NO,present,introduced,,transport - stowaway: ship/boat hull fouling,2011,
219993157,NO,present,introduced,invasive,"transport - contaminant: transportation of habitat material (soil, vegetation, wood etc)",NA,
219993159,NO,present,introduced,invasive,unaided: natural dispersal across borders of invasive alien organisms,NA,
219993160,NO,present,introduced,,transport - contaminant: parasites on plants (including species transported by host and vector),2021,
219993161,NO,present,introduced,,transport - stowaway: ship/boat ballast water,2012,
219993162,NO,present,introduced,invasive,"transport - contaminant: contaminant on plants (except parasites, species transported by host/vector)",NA,
219993163,NO,present,introduced,invasive,unaided: natural dispersal across borders of invasive alien organisms,2009,
219993164,NO,present,introduced,,unaided: natural dispersal across borders of invasive alien organisms,2012,
219993166,NO,present,introduced,invasive,"transport - contaminant: transportation of habitat material (soil, vegetation, wood etc)",2020,
219993167,NO,present,introduced,,transport - contaminant: parasites on plants (including species transported by host and vector),2010,
219993170,NO,present,introduced,invasive,"transport - contaminant: transportation of habitat material (soil, vegetation, wood etc)",2004,
219993171,NO,present,introduced,invasive,corridors: interconnected waterways/basins/seas,2013,
219993173,NO,present,introduced,,unaided: natural dispersal across borders of invasive alien organisms,2019,
219993174,NO,present,introduced,invasive,transport - stowaway: ship/boat hull fouling,2013,
219993175,NO,present,introduced,,transport - contaminant: parasites on plants (including species transported by host and vector),NA,
219993176,NO,present,introduced,,"transport - contaminant: contaminant on plants (except parasites, species transported by host/vector)",NA,
219993178,NO,present,introduced,,transport - contaminant: parasites on plants (including species transported by host and vector),2014,
219993179,NO,present,introduced,,transport - contaminant: timber trade,NA,
219993181,NO,present,introduced,invasive,"transport - contaminant: contaminant on plants (except parasites, species transported by host/vector)",2005,
219993184,NO,present,introduced,,transport - contaminant: parasites on plants (including species transported by host and vector),2011,
219993185,NO,present,introduced,invasive,unaided: natural dispersal across borders of invasive alien organisms,NA,
219993186,NO,present,introduced,,"transport - contaminant: transportation of habitat material (soil, vegetation, wood etc)",1994,
219993187,NO,present,introduced,invasive,transport - contaminant: parasites on plants (including species transported by host and vector),2004,
219993188,NO,present,introduced,invasive,"transport - contaminant: transportation of habitat material (soil, vegetation, wood etc)",NA,
219993189,NO,present,introduced,,unaided: natural dispersal across borders of invasive alien organisms,2011,
219993190,NO,present,introduced,,transport - contaminant: timber trade,1998,
219993191,NO,present,introduced,invasive,transport - contaminant: timber trade,NA,
219993192,NO,present,introduced,,transport - contaminant: contaminant nursery material,1994,
219993193,NO,present,introduced,invasive,"transport - contaminant: transportation of habitat material (soil, vegetation, wood etc)",NA,
219993194,NO,present,introduced,invasive,transport - contaminant: contaminant nursery material,NA,
219993195,NO,present,introduced,,transport - stowaway: container/bulk,1994,
219993196,NO,present,introduced,,transport - stowaway: container/bulk,1998,
219993197,NO,present,introduced,,unaided: natural dispersal across borders of invasive alien organisms,2009,
219993198,NO,present,introduced,invasive,transport - contaminant: timber trade,NA,
219993201,NO,present,introduced,invasive,transport - contaminant: contaminant nursery material,2004,
219993202,NO,present,introduced,invasive,"transport - contaminant: contaminant on plants (except parasites, species transported by host/vector)",NA,
219993204,NO,present,introduced,invasive,transport - contaminant: parasites on plants (including species transported by host and vector),NA,
219993205,NO,present,introduced,invasive,"transport - contaminant: transportation of habitat material (soil, vegetation, wood etc)",NA,
219993206,NO,present,introduced,invasive,"transport - contaminant: transportation of habitat material (soil, vegetation, wood etc)",NA,
219993207,NO,present,introduced,,transport - stowaway: ship/boat hull fouling,NA,
219993208,NO,present,introduced,invasive,transport - contaminant: parasites on plants (including species transported by host and vector),NA,
219993209,NO,present,introduced,invasive,unaided: natural dispersal across borders of invasive alien organisms,2004,
219993210,NO,present,introduced,,corridors: interconnected waterways/basins/seas,NA,
219993212,NO,present,introduced,invasive,transport - contaminant: parasites on plants (including species transported by host and vector),2020,
219993213,NO,present,introduced,invasive,transport - contaminant: parasites on plants (including species transported by host and vector),NA,
219993214,NO,present,introduced,,"transport - contaminant: transportation of habitat material (soil, vegetation, wood etc)",NA,
219993216,NO,present,introduced,invasive,"transport - contaminant: transportation of habitat material (soil, vegetation, wood etc)",NA,
219993217,NO,present,introduced,,escape: ornamental purpose other than horticulture,NA,
219993218,NO,present,introduced,invasive,unaided: natural dispersal across borders of invasive alien organisms,NA,
219993220,NO,present,introduced,,transport - contaminant: timber trade,2014,
219993221,NO,present,introduced,,unaided: natural dispersal across borders of invasive alien organisms,2014,
219993223,NO,present,introduced,invasive,transport - contaminant: parasites on plants (including species transported by host and vector),2005,
219993224,NO,present,introduced,,unaided: natural dispersal across borders of invasive alien organisms,2014,
219993225,NO,present,introduced,,"transport - contaminant: transportation of habitat material (soil, vegetation, wood etc)",NA,
219993226,NO,present,introduced,,transport - contaminant: timber trade,1987,
219993227,NO,present,introduced,,unaided: natural dispersal across borders of invasive alien organisms,2004,
219993228,NO,present,introduced,,transport - stowaway: machinery/equipment,2014,
219993229,NO,present,introduced,,transport - contaminant: parasites on plants (including species transported by host and vector),2014,
219993230,NO,present,introduced,,"transport - contaminant: contaminant on plants (except parasites, species transported by host/vector)",2004,
219993231,NO,present,introduced,,unaided: natural dispersal across borders of invasive alien organisms,NA,
219993232,NO,present,introduced,,transport - stowaway: people and their luggage/equipment (in particular tourism),2014,
219993233,NO,present,introduced,,unaided: natural dispersal across borders of invasive alien organisms,NA,
219993234,NO,present,introduced,invasive,unaided: natural dispersal across borders of invasive alien organisms,NA,
219993236,NO,present,introduced,,"transport - contaminant: transportation of habitat material (soil, vegetation, wood etc)",2021,
219993237,NO,present,introduced,,"transport - contaminant: contaminant on plants (except parasites, species transported by host/vector)",NA,
219993238,NO,present,introduced,,"transport - contaminant: transportation of habitat material (soil, vegetation, wood etc)",NA,
219993239,NO,present,introduced,,transport - stowaway: ship/boat ballast water,NA,
219993240,NO,present,introduced,,"transport - contaminant: transportation of habitat material (soil, vegetation, wood etc)",NA,
219993241,NO,present,introduced,,unaided: natural dispersal across borders of invasive alien organisms,2011,
219993242,NO,present,introduced,,"transport - contaminant: contaminant on animals (except parasites, organisms transported by host/vector)",NA,
219993243,NO,present,introduced,,"transport - contaminant: transportation of habitat material (soil, vegetation, wood etc)",NA,
219993244,NO,present,introduced,,transport - stowaway: other means of transport,1965,
219993245,NO,present,introduced,invasive,transport - contaminant: contaminant nursery material,NA,
219993246,NO,present,introduced,,transport - stowaway: ship/boat ballast water,2004,
219993247,NO,present,introduced,,"transport - contaminant: transportation of habitat material (soil, vegetation, wood etc)",2011,
219993248,NO,present,introduced,,transport - stowaway: hitchhikers on ship/boat (excluding ballast water and hull fouling),1949,
219993249,NO,present,introduced,,"transport - contaminant: contaminant on animals (except parasites, organisms transported by host/vector)",2004,
219993250,NO,present,introduced,,transport - contaminant: parasites on plants (including species transported by host and vector),2011,
219993251,NO,present,introduced,,unaided: natural dispersal across borders of invasive alien organisms,NA,
219993253,NO,present,introduced,invasive,transport - contaminant: parasites on plants (including species transported by host and vector),NA,
219993254,NO,present,introduced,,"transport - contaminant: transportation of habitat material (soil, vegetation, wood etc)",NA,
219993255,NO,present,introduced,,"transport - contaminant: transportation of habitat material (soil, vegetation, wood etc)",2012,
219993256,NO,present,introduced,,transport - stowaway: ship/boat ballast water,2002,
219993257,NO,present,introduced,,"transport - contaminant: transportation of habitat material (soil, vegetation, wood etc)",NA,
219993258,NO,present,introduced,,unaided: natural dispersal across borders of invasive alien organisms,2011,
219993259,NO,present,introduced,,unaided: natural dispersal across borders of invasive alien organisms,2002,
219993260,NO,present,introduced,,escape: other escape from confinement,1956,
219993261,NO,present,introduced,,unaided: natural dispersal across borders of invasive alien organisms,1995,
219993262,NO,present,introduced,,escape: live food and live bait,1956,
219993264,NO,present,introduced,invasive,unaided: natural dispersal across borders of invasive alien organisms,2004,
219993265,NO,present,introduced,,"transport - contaminant: transportation of habitat material (soil, vegetation, wood etc)",1965,
219993266,NO,present,introduced,,"transport - contaminant: transportation of habitat material (soil, vegetation, wood etc)",2021,
219993267,NO,present,introduced,invasive,transport - stowaway: ship/boat hull fouling,NA,
219993268,NO,present,introduced,,unaided: natural dispersal across borders of invasive alien organisms,1975,
219993269,NO,present,introduced,invasive,unaided: natural dispersal across borders of invasive alien organisms,2020,
219993270,NO,present,introduced,invasive,unaided: natural dispersal across borders of invasive alien organisms,NA,
219993271,NO,present,introduced,,transport - contaminant: other means of contamination,NA,
219993272,NO,present,introduced,,unaided: natural dispersal across borders of invasive alien organisms,1989,
219993273,NO,present,introduced,invasive,transport - stowaway: angling/fishing equipment,NA,
219993274,NO,present,introduced,,"transport - contaminant: transportation of habitat material (soil, vegetation, wood etc)",1975,
219993275,NO,present,introduced,invasive,transport - contaminant: parasites on plants (including species transported by host and vector),NA,
219993276,NO,present,introduced,,unaided: natural dispersal across borders of invasive alien organisms,1929,
219993278,NO,present,introduced,,"transport - contaminant: transportation of habitat material (soil, vegetation, wood etc)",2011,
219993279,NO,present,introduced,,transport - contaminant: timber trade,1940,
219993280,NO,present,introduced,,transport - stowaway: angling/fishing equipment,NA,
219993281,NO,present,introduced,invasive,unaided: natural dispersal across borders of invasive alien organisms,NA,
219993282,NO,present,introduced,,"transport - contaminant: transportation of habitat material (soil, vegetation, wood etc)",NA,
219993283,NO,present,introduced,,transport - contaminant: parasites on plants (including species transported by host and vector),2011,
219993284,NO,present,introduced,,unaided: natural dispersal across borders of invasive alien organisms,NA,
219993285,NO,present,introduced,,"transport - contaminant: transportation of habitat material (soil, vegetation, wood etc)",NA,
219993286,NO,present,introduced,invasive,"transport - contaminant: transportation of habitat material (soil, vegetation, wood etc)",2009,
219993287,NO,present,introduced,,transport - stowaway: ship/boat ballast water,NA,
219993288,NO,present,introduced,,"transport - contaminant: transportation of habitat material (soil, vegetation, wood etc)",NA,
219993289,NO,present,introduced,,unaided: natural dispersal across borders of invasive alien organisms,2014,
219993290,NO,present,introduced,,corridors: interconnected waterways/basins/seas,NA,
219993291,NO,present,introduced,,unaided: natural dispersal across borders of invasive alien organisms,NA,
219993292,NO,present,introduced,,"transport - contaminant: transportation of habitat material (soil, vegetation, wood etc)",2019,
219993294,NO,present,introduced,invasive,unaided: natural dispersal across borders of invasive alien organisms,NA,
219993295,NO,present,introduced,,"transport - contaminant: transportation of habitat material (soil, vegetation, wood etc)",1929,
219993296,NO,present,introduced,,"transport - contaminant: transportation of habitat material (soil, vegetation, wood etc)",2010,
219993297,NO,present,introduced,invasive,"transport - contaminant: transportation of habitat material (soil, vegetation, wood etc)",1946,
219993299,NO,present,introduced,invasive,"transport - contaminant: transportation of habitat material (soil, vegetation, wood etc)",NA,
219993300,NO,present,introduced,,"transport - contaminant: transportation of habitat material (soil, vegetation, wood etc)",1982,
219993301,NO,present,introduced,invasive,"transport - contaminant: transportation of habitat material (soil, vegetation, wood etc)",NA,
219993303,NO,present,introduced,,escape: other escape from confinement,1965,
219993304,NO,present,introduced,,"transport - contaminant: transportation of habitat material (soil, vegetation, wood etc)",1995,
219993305,NO,present,introduced,,escape: live food and live bait,1965,
219993306,NO,present,introduced,,"transport - contaminant: transportation of habitat material (soil, vegetation, wood etc)",1999,
219993307,NO,present,introduced,,transport - contaminant: parasites on plants (including species transported by host and vector),2021,
219993308,NO,present,introduced,,"transport - contaminant: transportation of habitat material (soil, vegetation, wood etc)",1949,
219993309,NO,present,introduced,invasive,"transport - contaminant: transportation of habitat material (soil, vegetation, wood etc)",2020,
219993310,NO,present,introduced,,"transport - contaminant: contaminant on plants (except parasites, species transported by host/vector)",1999,
219993312,NO,present,introduced,,unaided: natural dispersal across borders of invasive alien organisms,2012,
219993315,NO,present,introduced,,unaided: natural dispersal across borders of invasive alien organisms,NA,
219993317,NO,present,introduced,,"transport - contaminant: transportation of habitat material (soil, vegetation, wood etc)",NA,
219993322,NO,present,introduced,,transport - stowaway: hitchhikers on ship/boat (excluding ballast water and hull fouling),1996,
219993323,NO,present,introduced,,"transport - contaminant: transportation of habitat material (soil, vegetation, wood etc)",1912,
219993325,NO,present,introduced,,transport - stowaway: container/bulk,1996,
219993326,NO,present,introduced,,"transport - stowaway: vehicles (car, train, etc.)",1996,
219993327,NO,present,introduced,invasive,unaided: natural dispersal across borders of invasive alien organisms,1988,
219993328,NO,present,introduced,,"transport - contaminant: contaminant on plants (except parasites, species transported by host/vector)",1917,
219993330,NO,present,introduced,invasive,transport - stowaway: ship/boat hull fouling,1988,
219993331,NO,present,introduced,,unaided: natural dispersal across borders of invasive alien organisms,1917,
219993332,NO,present,introduced,,transport - contaminant: contaminant nursery material,NA,
219993333,NO,present,introduced,invasive,transport - stowaway: other means of transport,1988,
219993334,NO,present,introduced,invasive,"transport - stowaway: vehicles (car, train, etc.)",NA,
219993335,NO,present,introduced,invasive,transport - stowaway: angling/fishing equipment,1988,
219993337,NO,present,introduced,,transport - stowaway: container/bulk,2019,
219993339,NO,present,introduced,,unaided: natural dispersal across borders of invasive alien organisms,2001,
219993340,NO,present,introduced,,transport - stowaway: container/bulk,NA,
219993342,NO,present,introduced,invasive,transport - stowaway: container/bulk,NA,
219993343,NO,present,introduced,,transport - contaminant: other means of contamination,2001,
219993344,NO,present,introduced,,transport - contaminant: contaminant nursery material,2019,
219993345,NO,present,introduced,,corridors: interconnected waterways/basins/seas,NA,
219993348,NO,present,introduced,,unaided: natural dispersal across borders of invasive alien organisms,NA,
219993350,NO,present,introduced,,transport - contaminant: timber trade,1989,
219993351,NO,present,introduced,,transport - stowaway: ship/boat ballast water,NA,
219993352,NO,present,introduced,,transport - contaminant: contaminant nursery material,NA,
219993353,NO,present,introduced,,unaided: natural dispersal across borders of invasive alien organisms,NA,
219993354,NO,present,introduced,,"transport - contaminant: contaminant on plants (except parasites, species transported by host/vector)",1989,
219993355,NO,present,introduced,,transport - contaminant: contaminant nursery material,2022,
219993356,NO,present,introduced,,transport - stowaway: other means of transport,NA,
219993357,NO,present,introduced,,"transport - contaminant: transportation of habitat material (soil, vegetation, wood etc)",1989,
219993358,NO,present,introduced,,transport - stowaway: ship/boat hull fouling,NA,
219993359,NO,present,introduced,,unaided: natural dispersal across borders of invasive alien organisms,NA,
219993361,NO,present,introduced,,transport - stowaway: container/bulk,NA,
219993362,NO,present,introduced,,transport - stowaway: angling/fishing equipment,NA,
219993363,NO,present,introduced,,transport - stowaway: people and their luggage/equipment (in particular tourism),NA,
219993364,NO,present,introduced,,transport - stowaway: ship/boat hull fouling,NA,
219993365,NO,present,introduced,,transport - stowaway: other means of transport,1955,
219993368,NO,present,introduced,,unaided: natural dispersal across borders of invasive alien organisms,1955,
219993369,NO,present,introduced,,transport - contaminant: contaminant nursery material,NA,
219993373,NO,present,introduced,,corridors: interconnected waterways/basins/seas,NA,
219993374,NO,present,introduced,,"transport - contaminant: transportation of habitat material (soil, vegetation, wood etc)",NA,
219993375,NO,present,introduced,,transport - contaminant: contaminant nursery material,NA,
219993376,NO,present,introduced,,transport - stowaway: angling/fishing equipment,NA,
219993377,NO,present,introduced,,unaided: natural dispersal across borders of invasive alien organisms,NA,
219993378,NO,present,introduced,,transport - stowaway: ship/boat hull fouling,NA,
219993380,NO,present,introduced,,transport - stowaway: angling/fishing equipment,NA,
219993381,NO,present,introduced,,transport - contaminant: contaminant nursery material,NA,
219993382,NO,present,introduced,,transport - contaminant: contaminant nursery material,NA,
219993383,NO,present,introduced,,corridors: interconnected waterways/basins/seas,NA,
219993384,NO,present,introduced,,"transport - contaminant: contaminant on plants (except parasites, species transported by host/vector)",NA,
219993386,NO,present,introduced,,unaided: natural dispersal across borders of invasive alien organisms,NA,
219993387,NO,present,introduced,,"transport - contaminant: transportation of habitat material (soil, vegetation, wood etc)",NA,
219993388,NO,present,introduced,,transport - stowaway: ship/boat hull fouling,NA,
219993389,NO,present,introduced,,transport - contaminant: contaminant nursery material,2018,
219993391,NO,present,introduced,,transport - contaminant: contaminant nursery material,2001,
219993393,NO,present,introduced,,"transport - contaminant: contaminant on plants (except parasites, species transported by host/vector)",1979,
219993394,NO,present,introduced,,transport - stowaway: container/bulk,2001,
219993395,NO,present,introduced,,transport - contaminant: timber trade,1979,
219993397,NO,present,introduced,,transport - contaminant: timber trade,2008,
219993398,NO,present,introduced,,transport - contaminant: contaminant nursery material,2022,
219993399,NO,present,introduced,invasive,transport - stowaway: hitchhikers on ship/boat (excluding ballast water and hull fouling),NA,
219993400,NO,present,introduced,,escape: live food and live bait,1979,
219993401,NO,present,introduced,,transport - stowaway: container/bulk,2018,
219993402,NO,present,introduced,,transport - contaminant: timber trade,1987,
219993403,NO,present,introduced,invasive,corridors: interconnected waterways/basins/seas,NA,
219993404,NO,present,introduced,,transport - contaminant: contaminant nursery material,NA,
219993405,NO,present,introduced,,unaided: natural dispersal across borders of invasive alien organisms,1979,
219993406,NO,present,introduced,invasive,transport - stowaway: angling/fishing equipment,NA,
219993408,NO,present,introduced,,transport - contaminant: timber trade,NA,
219993409,NO,present,introduced,,transport - contaminant: contaminant nursery material,NA,
219993416,NO,present,introduced,,transport - stowaway: people and their luggage/equipment (in particular tourism),2019,
219993417,NO,present,introduced,,transport - contaminant: timber trade,NA,
219993419,NO,present,introduced,,transport - stowaway: container/bulk,2019,
219993420,NO,present,introduced,,transport - contaminant: parasites on plants (including species transported by host and vector),NA,
219993422,NO,present,introduced,,unaided: natural dispersal across borders of invasive alien organisms,2019,
219993424,NO,present,introduced,,transport - stowaway: angling/fishing equipment,NA,
219993426,NO,present,introduced,,"transport - contaminant: contaminant on plants (except parasites, species transported by host/vector)",1951,
219993427,NO,present,introduced,,transport - stowaway: ship/boat hull fouling,NA,
219993428,NO,present,introduced,,unaided: natural dispersal across borders of invasive alien organisms,NA,
219993431,NO,present,introduced,,transport - stowaway: container/bulk,NA,
219993434,NO,present,introduced,,transport - stowaway: people and their luggage/equipment (in particular tourism),NA,
219993435,NO,present,introduced,,"transport - contaminant: transportation of habitat material (soil, vegetation, wood etc)",NA,
219993436,NO,present,introduced,,transport - stowaway: container/bulk,NA,
219993438,NO,present,introduced,,transport - contaminant: parasites on plants (including species transported by host and vector),NA,
219993439,NO,present,introduced,,transport - stowaway: other means of transport,NA,
219993440,NO,present,introduced,,transport - stowaway: people and their luggage/equipment (in particular tourism),NA,
219993441,NO,present,introduced,,"transport - contaminant: contaminant on animals (except parasites, organisms transported by host/vector)",NA,
219993442,NO,present,introduced,,unaided: natural dispersal across borders of invasive alien organisms,NA,
219993444,NO,present,introduced,,unaided: natural dispersal across borders of invasive alien organisms,NA,
219993445,NO,present,introduced,invasive,"transport - contaminant: transportation of habitat material (soil, vegetation, wood etc)",1954,
219993447,NO,present,introduced,,transport - stowaway: angling/fishing equipment,NA,
219993448,NO,present,introduced,,"transport - contaminant: transportation of habitat material (soil, vegetation, wood etc)",NA,
219993451,NO,present,introduced,,unaided: natural dispersal across borders of invasive alien organisms,NA,
219993453,NO,present,introduced,,escape: other escape from confinement,NA,
219993454,NO,present,introduced,,unaided: natural dispersal across borders of invasive alien organisms,NA,
219993458,NO,present,introduced,invasive,transport - stowaway: other means of transport,2012,
219993460,NO,present,introduced,,transport - contaminant: contaminant nursery material,NA,
219993461,NO,present,introduced,invasive,transport - stowaway: ship/boat ballast water,2012,
219993462,NO,present,introduced,,"transport - contaminant: contaminant on plants (except parasites, species transported by host/vector)",NA,
219993463,NO,present,introduced,,transport - contaminant: parasites on plants (including species transported by host and vector),NA,
219993464,NO,present,introduced,invasive,transport - stowaway: angling/fishing equipment,2012,
219993465,NO,present,introduced,,transport - contaminant: timber trade,NA,
219993466,NO,present,introduced,invasive,transport - stowaway: hitchhikers on ship/boat (excluding ballast water and hull fouling),2012,
219993467,NO,present,introduced,,unaided: natural dispersal across borders of invasive alien organisms,2014,
219993470,NO,present,introduced,,transport - stowaway: people and their luggage/equipment (in particular tourism),NA,
219993472,NO,present,introduced,,"transport - stowaway: vehicles (car, train, etc.)",NA,
219993475,NO,present,introduced,,transport - stowaway: container/bulk,NA,
219993476,NO,present,introduced,,transport - stowaway: hitchhikers on ship/boat (excluding ballast water and hull fouling),2016,
219993477,NO,present,introduced,,transport - stowaway: people and their luggage/equipment (in particular tourism),NA,
219993478,NO,present,introduced,invasive,"transport - contaminant: transportation of habitat material (soil, vegetation, wood etc)",NA,
219993479,NO,present,introduced,,transport - contaminant: parasites on plants (including species transported by host and vector),NA,
219993480,NO,present,introduced,,transport - stowaway: ship/boat hull fouling,2016,
219993481,NO,present,introduced,invasive,"transport - contaminant: transportation of habitat material (soil, vegetation, wood etc)",NA,
219993483,NO,present,introduced,,unaided: natural dispersal across borders of invasive alien organisms,2016,
219993484,NO,present,introduced,,transport - stowaway: other means of transport,NA,
219993486,NO,present,introduced,,transport - contaminant: parasites on animals (including organisms transported by host and vector),NA,
219993487,NO,present,introduced,,transport - stowaway: container/bulk,NA,
219993488,NO,present,introduced,,transport - stowaway: angling/fishing equipment,NA,
219993489,NO,present,introduced,,transport - contaminant: parasites on plants (including species transported by host and vector),NA,
219993490,NO,present,introduced,,"transport - contaminant: transportation of habitat material (soil, vegetation, wood etc)",NA,
219993491,NO,present,introduced,,transport - stowaway: ship/boat hull fouling,NA,
219993492,NO,present,introduced,,unaided: natural dispersal across borders of invasive alien organisms,NA,
219993493,NO,present,introduced,,corridors: interconnected waterways/basins/seas,NA,
219993494,NO,present,introduced,,"transport - contaminant: transportation of habitat material (soil, vegetation, wood etc)",NA,
219993495,NO,present,introduced,,"transport - contaminant: transportation of habitat material (soil, vegetation, wood etc)",2014,
219993496,NO,present,introduced,,transport - stowaway: hitchhikers on ship/boat (excluding ballast water and hull fouling),NA,
219993497,NO,present,introduced,invasive,"transport - contaminant: contaminant on plants (except parasites, species transported by host/vector)",NA,
219993500,NO,present,introduced,,"transport - contaminant: transportation of habitat material (soil, vegetation, wood etc)",NA,
219993502,NO,present,introduced,invasive,"transport - contaminant: contaminant on plants (except parasites, species transported by host/vector)",NA,
219993503,NO,present,introduced,,transport - stowaway: angling/fishing equipment,NA,
219993506,NO,present,introduced,,transport - stowaway: other means of transport,NA,
219993507,NO,present,introduced,,transport - contaminant: parasites on plants (including species transported by host and vector),NA,
219993508,NO,present,introduced,,transport - stowaway: other means of transport,NA,
219993509,NO,present,introduced,,transport - contaminant: parasites on plants (including species transported by host and vector),NA,
219993510,NO,present,introduced,,transport - stowaway: other means of transport,NA,
219993511,NO,present,introduced,,unaided: natural dispersal across borders of invasive alien organisms,NA,
219993512,NO,present,introduced,,transport - stowaway: other means of transport,NA,
219993513,NO,present,introduced,,transport - contaminant: contaminant nursery material,NA,
219993514,NO,present,introduced,,transport - contaminant: parasites on plants (including species transported by host and vector),NA,
219993515,NO,present,introduced,,"transport - contaminant: contaminant on animals (except parasites, organisms transported by host/vector)",NA,
219993516,NO,present,introduced,,transport - contaminant: seed contaminant,NA,
219993517,NO,present,introduced,,transport - stowaway: angling/fishing equipment,NA,
219993518,NO,present,introduced,,transport - stowaway: people and their luggage/equipment (in particular tourism),1831,
219993519,NO,present,introduced,,transport - contaminant: parasites on plants (including species transported by host and vector),NA,
219993520,NO,present,introduced,,transport - stowaway: ship/boat hull fouling,NA,
219993521,NO,present,introduced,,unaided: natural dispersal across borders of invasive alien organisms,1831,
219993522,NO,present,introduced,,transport - stowaway: container/bulk,NA,
219993523,NO,present,introduced,,unaided: natural dispersal across borders of invasive alien organisms,NA,
219993524,NO,present,introduced,,transport - contaminant: parasites on plants (including species transported by host and vector),1831,
219993525,NO,present,introduced,,transport - contaminant: contaminant nursery material,NA,
219993526,NO,present,introduced,,transport - stowaway: angling/fishing equipment,NA,
219993527,NO,present,introduced,,unaided: natural dispersal across borders of invasive alien organisms,NA,
219993528,NO,present,introduced,,unaided: natural dispersal across borders of invasive alien organisms,NA,
219993529,NO,present,introduced,,transport - stowaway: ship/boat hull fouling,NA,
219993530,NO,present,introduced,,transport - stowaway: container/bulk,NA,
219993531,NO,present,introduced,,unaided: natural dispersal across borders of invasive alien organisms,NA,
219993532,NO,present,introduced,,unaided: natural dispersal across borders of invasive alien organisms,NA,
219993537,NO,present,introduced,,unaided: natural dispersal across borders of invasive alien organisms,NA,
219993538,NO,present,introduced,,transport - stowaway: ship/boat hull fouling,NA,
219993539,NO,present,introduced,,unaided: natural dispersal across borders of invasive alien organisms,NA,
219993540,NO,present,introduced,,unaided: natural dispersal across borders of invasive alien organisms,NA,
219993541,NO,present,introduced,,transport - stowaway: angling/fishing equipment,NA,
219993542,NO,present,introduced,,"transport - stowaway: organic packing material, in particular wood packaging",NA,
219993543,NO,present,introduced,,transport - stowaway: other means of transport,NA,
219993544,NO,present,introduced,,transport - stowaway: machinery/equipment,NA,
219993545,NO,present,introduced,,transport - contaminant: parasites on plants (including species transported by host and vector),NA,
219993546,NO,present,introduced,,transport - stowaway: container/bulk,NA,
219993548,NO,present,introduced,,unaided: natural dispersal across borders of invasive alien organisms,NA,
219993551,NO,present,introduced,,unaided: natural dispersal across borders of invasive alien organisms,NA,
219993552,NO,present,introduced,,"transport - stowaway: organic packing material, in particular wood packaging",NA,
219993553,NO,present,introduced,,unaided: natural dispersal across borders of invasive alien organisms,1983,
219993554,NO,present,introduced,,transport - contaminant: parasites on plants (including species transported by host and vector),NA,
219993555,NO,present,introduced,,transport - stowaway: ship/boat hull fouling,NA,
219993556,NO,present,introduced,,transport - contaminant: parasites on plants (including species transported by host and vector),NA,
219993557,NO,present,introduced,,transport - contaminant: timber trade,NA,
219993558,NO,present,introduced,,unaided: natural dispersal across borders of invasive alien organisms,NA,
219993559,NO,present,introduced,invasive,transport - stowaway: ship/boat hull fouling,NA,
219993560,NO,present,introduced,,transport - stowaway: container/bulk,NA,
219993561,NO,present,introduced,,transport - contaminant: parasites on plants (including species transported by host and vector),NA,
219993562,NO,present,introduced,,transport - stowaway: ship/boat hull fouling,1983,
219993564,NO,present,introduced,,transport - contaminant: parasites on plants (including species transported by host and vector),NA,
219993565,NO,present,introduced,,transport - stowaway: ship/boat ballast water,1983,
219993567,NO,present,introduced,,transport - stowaway: ship/boat hull fouling,NA,
219993568,NO,present,introduced,,,NA,
219993569,NO,present,introduced,invasive,unaided: natural dispersal across borders of invasive alien organisms,NA,
219993572,NO,present,introduced,,corridors: interconnected waterways/basins/seas,NA,
219993573,NO,present,introduced,,transport - contaminant: parasites on plants (including species transported by host and vector),2000,
219993574,NO,present,introduced,,unaided: natural dispersal across borders of invasive alien organisms,NA,
219993575,NO,present,introduced,,transport - stowaway: ship/boat ballast water,NA,
219993576,NO,present,introduced,,unaided: natural dispersal across borders of invasive alien organisms,NA,
219993577,NO,present,introduced,,transport - contaminant: parasites on plants (including species transported by host and vector),NA,
219993578,NO,present,introduced,,transport - contaminant: parasites on plants (including species transported by host and vector),1999,
219993579,NO,present,introduced,,transport - stowaway: other means of transport,NA,
219993580,NO,present,introduced,invasive,unaided: natural dispersal across borders of invasive alien organisms,NA,
219993581,NO,present,introduced,,transport - stowaway: ship/boat hull fouling,NA,
219993582,NO,present,introduced,,"transport - contaminant: transportation of habitat material (soil, vegetation, wood etc)",2000,
219993583,NO,present,introduced,,transport - stowaway: container/bulk,2000,
219993585,NO,present,introduced,,transport - stowaway: ship/boat ballast water,NA,
219993587,NO,present,introduced,,transport - stowaway: angling/fishing equipment,NA,
219993588,NO,present,introduced,invasive,transport - contaminant: parasites on plants (including species transported by host and vector),NA,
219993589,NO,present,introduced,,transport - stowaway: container/bulk,NA,
219993590,NO,present,introduced,,transport - stowaway: angling/fishing equipment,1983,
219993591,NO,present,introduced,,unaided: natural dispersal across borders of invasive alien organisms,NA,
219993592,NO,present,introduced,,transport - contaminant: parasites on plants (including species transported by host and vector),NA,
219993593,NO,present,introduced,,unaided: natural dispersal across borders of invasive alien organisms,NA,
219993594,NO,present,introduced,,escape: other escape from confinement,NA,
219993595,NO,present,introduced,,transport - contaminant: parasites on plants (including species transported by host and vector),NA,
219993596,NO,present,introduced,,unaided: natural dispersal across borders of invasive alien organisms,NA,
219993598,NO,present,introduced,,transport - stowaway: ship/boat ballast water,NA,
219993599,NO,present,introduced,invasive,unaided: natural dispersal across borders of invasive alien organisms,NA,
219993600,NO,present,introduced,,unaided: natural dispersal across borders of invasive alien organisms,NA,
219993603,NO,present,introduced,,transport - stowaway: people and their luggage/equipment (in particular tourism),NA,
219993604,NO,present,introduced,,transport - stowaway: ship/boat hull fouling,NA,
219993605,NO,present,introduced,,transport - contaminant: food contaminant (including of live food),NA,
219993606,NO,present,introduced,,unaided: natural dispersal across borders of invasive alien organisms,NA,
219993607,NO,present,introduced,,transport - contaminant: contaminated bait,NA,
219993608,NO,present,introduced,,transport - contaminant: parasites on plants (including species transported by host and vector),NA,
219993609,NO,present,introduced,,transport - stowaway: angling/fishing equipment,NA,
219993612,NO,present,introduced,,transport - contaminant: parasites on plants (including species transported by host and vector),NA,
219993614,NO,present,introduced,,transport - stowaway: angling/fishing equipment,NA,
219993615,NO,present,introduced,,transport - contaminant: parasites on plants (including species transported by host and vector),NA,
219993616,NO,present,introduced,,transport - contaminant: timber trade,NA,
219993617,NO,present,introduced,,transport - stowaway: ship/boat ballast water,2007,
219993618,NO,present,introduced,,transport - contaminant: parasites on plants (including species transported by host and vector),NA,
219993619,NO,present,introduced,,transport - contaminant: contaminant nursery material,NA,
219993620,NO,present,introduced,,transport - contaminant: parasites on plants (including species transported by host and vector),NA,
219993621,NO,present,introduced,,transport - stowaway: angling/fishing equipment,1996,
219993622,NO,present,introduced,,transport - contaminant: parasites on plants (including species transported by host and vector),NA,
219993623,NO,present,introduced,,transport - contaminant: parasites on plants (including species transported by host and vector),NA,
219993624,NO,present,introduced,,transport - stowaway: ship/boat hull fouling,2007,
219993625,NO,present,introduced,,unaided: natural dispersal across borders of invasive alien organisms,2007,
219993626,NO,present,introduced,,unaided: natural dispersal across borders of invasive alien organisms,1891,
219993628,NO,present,introduced,,transport - stowaway: angling/fishing equipment,NA,
219993629,NO,present,introduced,,transport - contaminant: parasites on plants (including species transported by host and vector),NA,
219993630,NO,present,introduced,,transport - stowaway: ship/boat hull fouling,NA,
219993631,NO,present,introduced,,transport - contaminant: parasites on plants (including species transported by host and vector),2022,
219993632,NO,present,introduced,,transport - contaminant: parasites on plants (including species transported by host and vector),1891,
219993633,NO,present,introduced,,unaided: natural dispersal across borders of invasive alien organisms,NA,
219993634,NO,present,introduced,,unaided: natural dispersal across borders of invasive alien organisms,2022,
219993635,NO,present,introduced,,transport - contaminant: parasites on plants (including species transported by host and vector),NA,
219993636,NO,present,introduced,,corridors: interconnected waterways/basins/seas,1996,
219993637,NO,present,introduced,,transport - contaminant: contaminant nursery material,NA,
219993638,NO,present,introduced,,transport - contaminant: parasites on plants (including species transported by host and vector),NA,
219993639,NO,present,introduced,,transport - stowaway: ship/boat hull fouling,1996,
219993640,NO,present,introduced,,transport - stowaway: angling/fishing equipment,NA,
219993641,NO,present,introduced,,transport - contaminant: parasites on plants (including species transported by host and vector),NA,
219993643,NO,present,introduced,,transport - stowaway: ship/boat hull fouling,NA,
219993645,NO,present,introduced,,"transport - contaminant: contaminant on animals (except parasites, organisms transported by host/vector)",NA,
219993646,NO,present,introduced,,unaided: natural dispersal across borders of invasive alien organisms,NA,
219993647,NO,present,introduced,,transport - stowaway: people and their luggage/equipment (in particular tourism),NA,
219993648,NO,present,introduced,,"transport - contaminant: contaminant on plants (except parasites, species transported by host/vector)",1996,
219993649,NO,present,introduced,,transport - contaminant: parasites on plants (including species transported by host and vector),NA,
219993650,NO,present,introduced,,transport - stowaway: ship/boat hull fouling,NA,
219993651,NO,present,introduced,,transport - contaminant: parasites on plants (including species transported by host and vector),NA,
219993652,NO,present,introduced,,unaided: natural dispersal across borders of invasive alien organisms,NA,
219993654,NO,present,introduced,,transport - contaminant: parasites on plants (including species transported by host and vector),NA,
219993655,NO,present,introduced,,unaided: natural dispersal across borders of invasive alien organisms,NA,
219993656,NO,present,introduced,,unaided: natural dispersal across borders of invasive alien organisms,NA,
219993657,NO,present,introduced,,transport - stowaway: angling/fishing equipment,1980,
219993658,NO,present,introduced,,transport - contaminant: parasites on plants (including species transported by host and vector),2022,
219993659,NO,present,introduced,,unaided: natural dispersal across borders of invasive alien organisms,NA,
219993660,NO,present,introduced,,transport - stowaway: ship/boat hull fouling,1980,
219993661,NO,present,introduced,,transport - contaminant: parasites on plants (including species transported by host and vector),1985,
219993663,NO,present,introduced,,transport - stowaway: ship/boat ballast water,1980,
219993666,NO,present,introduced,,transport - contaminant: parasites on plants (including species transported by host and vector),NA,
219993668,NO,present,introduced,,transport - stowaway: ship/boat hull fouling,1966,
219993669,NO,present,introduced,,transport - contaminant: parasites on plants (including species transported by host and vector),NA,
219993671,NO,present,introduced,,"transport - contaminant: contaminant on animals (except parasites, organisms transported by host/vector)",NA,
219993672,NO,present,introduced,invasive,corridors: interconnected waterways/basins/seas,NA,
219993673,NO,present,introduced,,unaided: natural dispersal across borders of invasive alien organisms,NA,
219993674,NO,present,introduced,,transport - contaminant: parasites on plants (including species transported by host and vector),1924,
219993675,NO,present,introduced,invasive,transport - stowaway: hitchhikers on ship/boat (excluding ballast water and hull fouling),1996,
219993676,NO,present,introduced,,"transport - contaminant: contaminant on animals (except parasites, organisms transported by host/vector)",NA,
219993677,NO,present,introduced,invasive,unaided: natural dispersal across borders of invasive alien organisms,NA,
219993678,NO,present,introduced,,unaided: natural dispersal across borders of invasive alien organisms,1924,
219993679,NO,present,introduced,,transport - contaminant: parasites on plants (including species transported by host and vector),2018,
219993680,NO,present,introduced,,transport - contaminant: parasites on plants (including species transported by host and vector),NA,
219993681,NO,present,introduced,invasive,transport - stowaway: angling/fishing equipment,1996,
219993682,NO,present,introduced,,unaided: natural dispersal across borders of invasive alien organisms,2022,
219993683,NO,present,introduced,invasive,unaided: natural dispersal across borders of invasive alien organisms,1996,
219993684,NO,present,introduced,,unaided: natural dispersal across borders of invasive alien organisms,NA,
219993686,NO,present,introduced,,transport - stowaway: ship/boat ballast water,1966,
219993688,NO,present,introduced,,transport - contaminant: parasites on plants (including species transported by host and vector),NA,
219993689,NO,present,introduced,invasive,transport - stowaway: ship/boat ballast water,1996,
219993690,NO,present,introduced,,transport - contaminant: parasites on plants (including species transported by host and vector),NA,
219993691,NO,present,introduced,invasive,transport - stowaway: angling/fishing equipment,NA,
219993692,NO,present,introduced,,transport - contaminant: parasites on plants (including species transported by host and vector),NA,
219993694,NO,present,introduced,,transport - stowaway: angling/fishing equipment,1966,
219993695,NO,present,introduced,,transport - contaminant: parasites on plants (including species transported by host and vector),NA,
219993696,NO,present,introduced,,transport - contaminant: parasites on plants (including species transported by host and vector),NA,
219993697,NO,present,introduced,invasive,transport - stowaway: ship/boat hull fouling,NA,
219993698,NO,present,introduced,,transport - contaminant: food contaminant (including of live food),NA,
219993699,NO,present,introduced,,unaided: natural dispersal across borders of invasive alien organisms,NA,
219993704,NO,present,introduced,invasive,transport - contaminant: parasites on plants (including species transported by host and vector),NA,
219993705,NO,present,introduced,,transport - contaminant: parasites on plants (including species transported by host and vector),1942,
219993706,NO,present,introduced,invasive,transport - stowaway: angling/fishing equipment,NA,
219993707,NO,present,introduced,,unaided: natural dispersal across borders of invasive alien organisms,2022,
219993708,NO,present,introduced,,unaided: natural dispersal across borders of invasive alien organisms,1986,
219993709,NO,present,introduced,invasive,transport - stowaway: ship/boat hull fouling,NA,
219993710,NO,present,introduced,invasive,unaided: natural dispersal across borders of invasive alien organisms,NA,
219993711,NO,present,introduced,invasive,unaided: natural dispersal across borders of invasive alien organisms,2009,
219993712,NO,present,introduced,invasive,transport - stowaway: ship/boat hull fouling,NA,
219993713,NO,present,introduced,,transport - contaminant: parasites on plants (including species transported by host and vector),1950,
219993714,NO,present,introduced,,transport - contaminant: contaminant nursery material,2022,
219993715,NO,present,introduced,invasive,transport - stowaway: angling/fishing equipment,NA,
219993716,NO,present,introduced,invasive,transport - stowaway: people and their luggage/equipment (in particular tourism),NA,
219993717,NO,present,introduced,invasive,transport - stowaway: ship/boat ballast water,NA,
219993718,NO,present,introduced,,transport - contaminant: parasites on plants (including species transported by host and vector),2022,
219993719,NO,present,introduced,,transport - contaminant: parasites on plants (including species transported by host and vector),1986,
219993720,NO,present,introduced,invasive,corridors: interconnected waterways/basins/seas,NA,
219993721,NO,present,introduced,invasive,transport - contaminant: contaminant nursery material,2009,
219993724,NO,present,introduced,invasive,transport - stowaway: container/bulk,2009,
219993726,NO,present,introduced,,unaided: natural dispersal across borders of invasive alien organisms,1880,
219993728,NO,present,introduced,,unaided: natural dispersal across borders of invasive alien organisms,1911,
219993729,NO,present,introduced,,transport - stowaway: ship/boat hull fouling,NA,
219993730,NO,present,introduced,,transport - contaminant: contaminant nursery material,2017,
219993731,NO,present,introduced,,unaided: natural dispersal across borders of invasive alien organisms,NA,
219993732,NO,present,introduced,,unaided: natural dispersal across borders of invasive alien organisms,2017,
219993733,NO,present,introduced,invasive,transport - stowaway: ship/boat hull fouling,2019,
219993734,NO,present,introduced,,transport - contaminant: parasites on plants (including species transported by host and vector),1985,
219993735,NO,present,introduced,,transport - contaminant: parasites on plants (including species transported by host and vector),2017,
219993737,NO,present,introduced,,transport - stowaway: ship/boat hull fouling,NA,
219993738,NO,present,introduced,,transport - contaminant: parasites on plants (including species transported by host and vector),1990,
219993739,NO,present,introduced,,unaided: natural dispersal across borders of invasive alien organisms,NA,
219993740,NO,present,introduced,,unaided: natural dispersal across borders of invasive alien organisms,NA,
219993741,NO,present,introduced,,transport - stowaway: ship/boat hull fouling,NA,
219993742,NO,present,introduced,invasive,"transport - stowaway: organic packing material, in particular wood packaging",2019,
219993743,NO,present,introduced,,unaided: natural dispersal across borders of invasive alien organisms,1990,
219993744,NO,present,introduced,invasive,"transport - stowaway: vehicles (car, train, etc.)",2019,
219993745,NO,present,introduced,invasive,corridors: interconnected waterways/basins/seas,2019,
219993746,NO,present,introduced,,transport - contaminant: parasites on plants (including species transported by host and vector),2006,
219993747,NO,present,introduced,invasive,transport - contaminant: parasites on plants (including species transported by host and vector),NA,
219993748,NO,present,introduced,,unaided: natural dispersal across borders of invasive alien organisms,1985,
219993749,NO,present,introduced,,transport - stowaway: hitchhikers on ship/boat (excluding ballast water and hull fouling),NA,
219993750,NO,present,introduced,,transport - contaminant: contaminant nursery material,NA,
219993751,NO,present,introduced,,transport - contaminant: parasites on plants (including species transported by host and vector),1948,
219993752,NO,present,introduced,,unaided: natural dispersal across borders of invasive alien organisms,NA,
219993753,NO,present,introduced,,transport - contaminant: parasites on plants (including species transported by host and vector),NA,
219993754,NO,present,introduced,,transport - contaminant: parasites on plants (including species transported by host and vector),NA,
219993755,NO,present,introduced,invasive,transport - stowaway: angling/fishing equipment,2019,
219993756,NO,present,introduced,invasive,transport - contaminant: contaminant nursery material,NA,
219993757,NO,present,introduced,,transport - contaminant: parasites on plants (including species transported by host and vector),1880,
219993758,NO,present,introduced,,transport - stowaway: angling/fishing equipment,NA,
219993759,NO,present,introduced,,transport - contaminant: food contaminant (including of live food),NA,
219993760,NO,present,introduced,,unaided: natural dispersal across borders of invasive alien organisms,1955,
219993761,NO,present,introduced,invasive,transport - stowaway: people and their luggage/equipment (in particular tourism),2019,
219993762,NO,present,introduced,,transport - stowaway: other means of transport,NA,
219993763,NO,present,introduced,,transport - contaminant: parasites on plants (including species transported by host and vector),2008,
219993764,NO,present,introduced,invasive,transport - contaminant: contaminant nursery material,2019,
219993765,NO,present,introduced,,unaided: natural dispersal across borders of invasive alien organisms,NA,
219993766,NO,present,introduced,invasive,unaided: natural dispersal across borders of invasive alien organisms,2019,
219993767,NO,present,introduced,invasive,transport - contaminant: parasites on plants (including species transported by host and vector),1947,
219993768,NO,present,introduced,,transport - stowaway: other means of transport,NA,
219993769,NO,present,introduced,invasive,transport - stowaway: container/bulk,2019,
219993770,NO,present,introduced,,transport - contaminant: parasites on plants (including species transported by host and vector),NA,
219993771,NO,present,introduced,invasive,"transport - stowaway: vehicles (car, train, etc.)",NA,
219993772,NO,present,introduced,,transport - stowaway: other means of transport,NA,
219993773,NO,present,introduced,,transport - contaminant: parasites on plants (including species transported by host and vector),1955,
219993774,NO,present,introduced,invasive,transport - contaminant: parasites on plants (including species transported by host and vector),2019,
219993775,NO,present,introduced,,transport - stowaway: ship/boat hull fouling,NA,
219993776,NO,present,introduced,,transport - contaminant: parasites on plants (including species transported by host and vector),1911,
219993777,NO,present,introduced,,unaided: natural dispersal across borders of invasive alien organisms,2006,
219993780,NO,present,introduced,,unaided: natural dispersal across borders of invasive alien organisms,1904,
219993781,NO,present,introduced,,transport - contaminant: contaminant nursery material,NA,
219993783,NO,present,introduced,,transport - contaminant: parasites on plants (including species transported by host and vector),1948,
219993785,NO,present,introduced,,transport - contaminant: parasites on plants (including species transported by host and vector),2006,
219993788,NO,present,introduced,,transport - contaminant: parasites on plants (including species transported by host and vector),1904,
219993789,NO,present,introduced,,transport - contaminant: parasites on plants (including species transported by host and vector),2015,
219993790,NO,present,introduced,,unaided: natural dispersal across borders of invasive alien organisms,1948,
219993791,NO,present,introduced,invasive,unaided: natural dispersal across borders of invasive alien organisms,1947,
219993793,NO,present,introduced,,transport - contaminant: parasites on plants (including species transported by host and vector),NA,
219993794,NO,present,introduced,,transport - contaminant: parasites on plants (including species transported by host and vector),2001,
219993795,NO,present,introduced,,transport - contaminant: parasites on plants (including species transported by host and vector),NA,
219993796,NO,present,introduced,,escape: botanic garden/zoo/aquaria (excluding domestic aquaria),NA,
219993799,NO,present,introduced,,escape: ornamental purpose other than horticulture,NA,
219993800,NO,present,introduced,,transport - contaminant: parasites on plants (including species transported by host and vector),2022,
219993801,NO,present,introduced,,"transport - contaminant: contaminant on plants (except parasites, species transported by host/vector)",NA,
219993802,NO,present,introduced,,transport - contaminant: parasites on plants (including species transported by host and vector),NA,
219993804,NO,present,introduced,,transport - contaminant: parasites on plants (including species transported by host and vector),1849,
219993807,NO,present,introduced,,transport - contaminant: parasites on plants (including species transported by host and vector),1943,
219993808,NO,present,introduced,,transport - contaminant: contaminant nursery material,NA,
219993809,NO,present,introduced,,escape: ornamental purpose other than horticulture,1995,
219993810,NO,present,introduced,,transport - contaminant: parasites on plants (including species transported by host and vector),2022,
219993812,NO,present,introduced,,release: landscape improvement,1995,
219993813,NO,present,introduced,,transport - contaminant: parasites on plants (including species transported by host and vector),NA,
219993814,NO,present,introduced,,unaided: natural dispersal across borders of invasive alien organisms,NA,
219993816,NO,present,introduced,,transport - contaminant: contaminant nursery material,NA,
219993817,NO,present,introduced,,unaided: natural dispersal across borders of invasive alien organisms,2007,
219993818,NO,present,introduced,,transport - contaminant: parasites on plants (including species transported by host and vector),NA,
219993820,NO,present,introduced,,transport - contaminant: timber trade,NA,
219993821,NO,present,introduced,,unaided: natural dispersal across borders of invasive alien organisms,NA,
219993822,NO,present,introduced,,transport - contaminant: parasites on plants (including species transported by host and vector),NA,
219993824,NO,present,introduced,,transport - contaminant: parasites on plants (including species transported by host and vector),NA,
219993825,NO,present,introduced,,transport - contaminant: parasites on plants (including species transported by host and vector),2007,
219993826,NO,present,introduced,,unaided: natural dispersal across borders of invasive alien organisms,2001,
219993827,NO,present,introduced,,escape: horticulture,NA,
219993828,NO,present,introduced,,transport - contaminant: parasites on plants (including species transported by host and vector),NA,
219993829,NO,present,introduced,,unaided: natural dispersal across borders of invasive alien organisms,NA,
219993831,NO,present,introduced,invasive,escape: horticulture,1952,
219993832,NO,present,introduced,,transport - contaminant: parasites on plants (including species transported by host and vector),NA,
219993833,NO,present,introduced,invasive,transport - contaminant: parasites on plants (including species transported by host and vector),2008,
219993834,NO,present,introduced,,unaided: natural dispersal across borders of invasive alien organisms,2022,
219993835,NO,present,introduced,,escape: botanic garden/zoo/aquaria (excluding domestic aquaria),2014,
219993836,NO,present,introduced,invasive,unaided: natural dispersal across borders of invasive alien organisms,2008,
219993837,NO,present,introduced,,transport - contaminant: parasites on plants (including species transported by host and vector),NA,
219993839,NO,present,introduced,,transport - contaminant: parasites on plants (including species transported by host and vector),NA,
219993840,NO,present,introduced,,escape: forestry (including reforestation),1942,
219993842,NO,present,introduced,,escape: ornamental purpose other than horticulture,2015,
219993843,NO,present,introduced,,transport - contaminant: parasites on plants (including species transported by host and vector),1939,
219993844,NO,present,introduced,,transport - contaminant: parasites on plants (including species transported by host and vector),NA,
219993845,NO,present,introduced,,escape: botanic garden/zoo/aquaria (excluding domestic aquaria),NA,
219993846,NO,present,introduced,,unaided: natural dispersal across borders of invasive alien organisms,1939,
219993847,NO,present,introduced,,transport - contaminant: parasites on plants (including species transported by host and vector),NA,
219993848,NO,present,introduced,,escape: botanic garden/zoo/aquaria (excluding domestic aquaria),2015,
219993850,NO,present,introduced,,"transport - contaminant: contaminant on plants (except parasites, species transported by host/vector)",NA,
219993851,NO,present,introduced,,escape: ornamental purpose other than horticulture,NA,
219993853,NO,present,introduced,,escape: ornamental purpose other than horticulture,1942,
219993854,NO,present,introduced,,transport - contaminant: parasites on plants (including species transported by host and vector),NA,
219993855,NO,present,introduced,,,NA,
219993857,NO,present,introduced,,transport - contaminant: parasites on plants (including species transported by host and vector),1960,
219993858,NO,present,introduced,,escape: ornamental purpose other than horticulture,NA,
219993859,NO,present,introduced,,transport - contaminant: parasites on plants (including species transported by host and vector),NA,
219993862,NO,present,introduced,,transport - contaminant: parasites on plants (including species transported by host and vector),1953,
219993864,NO,present,introduced,,escape: botanic garden/zoo/aquaria (excluding domestic aquaria),1936,
219993866,NO,present,introduced,,escape: ornamental purpose other than horticulture,1936,
219993867,NO,present,introduced,,transport - contaminant: parasites on plants (including species transported by host and vector),2000,
219993868,NO,present,introduced,,escape: horticulture,NA,
219993869,NO,present,introduced,,unaided: natural dispersal across borders of invasive alien organisms,NA,
219993870,NO,present,introduced,,transport - contaminant: parasites on plants (including species transported by host and vector),NA,
219993871,NO,present,introduced,,escape: ornamental purpose other than horticulture,2014,
219993872,NO,present,introduced,,unaided: natural dispersal across borders of invasive alien organisms,NA,
219993873,NO,present,introduced,invasive,escape: ornamental purpose other than horticulture,1952,
219993876,NO,present,introduced,,escape: ornamental purpose other than horticulture,NA,
219993877,NO,present,introduced,,transport - contaminant: parasites on plants (including species transported by host and vector),NA,
219993878,NO,present,introduced,,escape: forestry (including reforestation),NA,
219993879,NO,present,introduced,invasive,transport - contaminant: parasites on plants (including species transported by host and vector),NA,
219993880,NO,present,introduced,,transport - contaminant: parasites on plants (including species transported by host and vector),NA,
219993882,NO,present,introduced,invasive,unaided: natural dispersal across borders of invasive alien organisms,NA,
219993883,NO,present,introduced,,unaided: natural dispersal across borders of invasive alien organisms,NA,
219993884,NO,present,introduced,invasive,escape: horticulture,NA,
219993886,NO,present,introduced,,transport - contaminant: parasites on plants (including species transported by host and vector),2014,
219993887,NO,present,introduced,invasive,escape: ornamental purpose other than horticulture,NA,
219993888,NO,present,introduced,,"transport - contaminant: transportation of habitat material (soil, vegetation, wood etc)",NA,
219993889,NO,present,introduced,,transport - contaminant: parasites on plants (including species transported by host and vector),NA,
219993890,NO,present,introduced,invasive,escape: ornamental purpose other than horticulture,NA,
219993891,NO,present,introduced,,transport - contaminant: parasites on plants (including species transported by host and vector),NA,
219993892,NO,present,introduced,,"transport - contaminant: contaminant on plants (except parasites, species transported by host/vector)",NA,
219993893,NO,present,introduced,invasive,escape: horticulture,NA,
219993894,NO,present,introduced,,transport - contaminant: parasites on plants (including species transported by host and vector),NA,
219993895,NO,present,introduced,,transport - contaminant: parasites on plants (including species transported by host and vector),NA,
219993897,NO,present,introduced,,transport - contaminant: parasites on plants (including species transported by host and vector),NA,
219993899,NO,present,introduced,,escape: ornamental purpose other than horticulture,NA,
219993900,NO,present,introduced,,transport - contaminant: parasites on plants (including species transported by host and vector),1894,
219993902,NO,present,introduced,,transport - contaminant: parasites on plants (including species transported by host and vector),NA,
219993904,NO,present,introduced,,unaided: natural dispersal across borders of invasive alien organisms,NA,
219993905,NO,present,introduced,invasive,unaided: natural dispersal across borders of invasive alien organisms,NA,
219993906,NO,present,introduced,invasive,escape: ornamental purpose other than horticulture,NA,
219993907,NO,present,introduced,,unaided: natural dispersal across borders of invasive alien organisms,NA,
219993908,NO,present,introduced,invasive,transport - contaminant: parasites on plants (including species transported by host and vector),NA,
219993909,NO,present,introduced,,transport - contaminant: parasites on plants (including species transported by host and vector),NA,
219993910,NO,present,introduced,invasive,escape: forestry (including reforestation),NA,
219993911,NO,present,introduced,invasive,transport - contaminant: timber trade,NA,
219993912,NO,present,introduced,,transport - contaminant: parasites on plants (including species transported by host and vector),NA,
219993914,NO,present,introduced,invasive,release: other intentional release,1972,
219993915,NO,present,introduced,,transport - contaminant: food contaminant (including of live food),NA,
219993916,NO,present,introduced,,unaided: natural dispersal across borders of invasive alien organisms,1894,
219993917,NO,present,introduced,,escape: botanic garden/zoo/aquaria (excluding domestic aquaria),2012,
219993918,NO,present,introduced,,transport - contaminant: parasites on animals (including organisms transported by host and vector),NA,
219993919,NO,present,introduced,,unaided: natural dispersal across borders of invasive alien organisms,NA,
219993920,NO,present,introduced,,transport - contaminant: parasites on plants (including species transported by host and vector),1976,
219993921,NO,present,introduced,,escape: ornamental purpose other than horticulture,2005,
219993923,NO,present,introduced,,transport - contaminant: parasites on plants (including species transported by host and vector),2014,
219993924,NO,present,introduced,invasive,escape: forestry (including reforestation),NA,
219993926,NO,present,introduced,,transport - contaminant: parasites on plants (including species transported by host and vector),NA,
219993928,NO,present,introduced,invasive,escape: forestry (including reforestation),1911,
219993929,NO,present,introduced,invasive,transport - stowaway: hitchhikers on ship/boat (excluding ballast water and hull fouling),1981,
219993930,NO,present,introduced,invasive,transport - contaminant: parasites on plants (including species transported by host and vector),NA,
219993931,NO,present,introduced,,escape: ornamental purpose other than horticulture,NA,
219993932,NO,present,introduced,invasive,transport - stowaway: hitchhikers on ship/boat (excluding ballast water and hull fouling),1963,
219993933,NO,present,introduced,invasive,transport - contaminant: food contaminant (including of live food),NA,
219993934,NO,present,introduced,,escape: forestry (including reforestation),2002,
219993935,NO,present,introduced,invasive,transport - contaminant: timber trade,1981,
219993936,NO,present,introduced,,transport - contaminant: parasites on plants (including species transported by host and vector),NA,
219993937,NO,present,introduced,invasive,escape: ornamental purpose other than horticulture,NA,
219993938,NO,present,introduced,,unaided: natural dispersal across borders of invasive alien organisms,NA,
219993939,NO,present,introduced,,transport - contaminant: parasites on plants (including species transported by host and vector),1984,
219993940,NO,present,introduced,,transport - contaminant: parasites on plants (including species transported by host and vector),NA,
219993941,NO,present,introduced,,escape: forestry (including reforestation),NA,
219993942,NO,present,introduced,invasive,transport - contaminant: timber trade,1963,
219993943,NO,present,introduced,,escape: forestry (including reforestation),NA,
219993944,NO,present,introduced,,unaided: natural dispersal across borders of invasive alien organisms,NA,
219993945,NO,present,introduced,invasive,"transport - stowaway: vehicles (car, train, etc.)",1981,
219993947,NO,present,introduced,,escape: forestry (including reforestation),1981,
219993950,NO,present,introduced,,,NA,
219993951,NO,present,introduced,invasive,"transport - contaminant: contaminant on plants (except parasites, species transported by host/vector)",NA,
219993952,NO,present,introduced,invasive,transport - contaminant: timber trade,NA,
219993953,NO,present,introduced,,unaided: natural dispersal across borders of invasive alien organisms,NA,
219993954,NO,present,introduced,,escape: horticulture,2008,
219993955,NO,present,introduced,,transport - contaminant: parasites on plants (including species transported by host and vector),NA,
219993956,NO,present,introduced,invasive,transport - contaminant: parasites on animals (including organisms transported by host and vector),NA,
219993957,NO,present,introduced,,escape: forestry (including reforestation),1988,
219993958,NO,present,introduced,invasive,unaided: natural dispersal across borders of invasive alien organisms,NA,
219993960,NO,present,introduced,,escape: ornamental purpose other than horticulture,2012,
219993961,NO,present,introduced,invasive,"transport - contaminant: contaminant on animals (except parasites, organisms transported by host/vector)",1963,
219993962,NO,present,introduced,,escape: ornamental purpose other than horticulture,NA,
219993963,NO,present,introduced,,transport - contaminant: parasites on plants (including species transported by host and vector),NA,
219993964,NO,present,introduced,,transport - contaminant: parasites on plants (including species transported by host and vector),NA,
219993965,NO,present,introduced,,escape: ornamental purpose other than horticulture,1988,
219993967,NO,present,introduced,,transport - contaminant: timber trade,NA,
219993968,NO,present,introduced,,escape: horticulture,1930,
219993969,NO,present,introduced,,transport - contaminant: parasites on plants (including species transported by host and vector),NA,
219993970,NO,present,introduced,,transport - stowaway: people and their luggage/equipment (in particular tourism),NA,
219993971,NO,present,introduced,,escape: horticulture,1988,
219993972,NO,present,introduced,,unaided: natural dispersal across borders of invasive alien organisms,NA,
219993973,NO,present,introduced,,"transport - stowaway: vehicles (car, train, etc.)",NA,
219993974,NO,present,introduced,,escape: botanic garden/zoo/aquaria (excluding domestic aquaria),NA,
219993975,NO,present,introduced,,"transport - stowaway: organic packing material, in particular wood packaging",NA,
219993978,NO,present,introduced,,transport - contaminant: parasites on plants (including species transported by host and vector),NA,
219993979,NO,present,introduced,,release: other intentional release,NA,
219993980,NO,present,introduced,,escape: ornamental purpose other than horticulture,1930,
219993982,NO,present,introduced,,unaided: natural dispersal across borders of invasive alien organisms,1885,
219993983,NO,present,introduced,,escape: forestry (including reforestation),1988,
219993984,NO,present,introduced,,unaided: natural dispersal across borders of invasive alien organisms,NA,
219993985,NO,present,introduced,invasive,escape: forestry (including reforestation),1972,
219993987,NO,present,introduced,,transport - contaminant: parasites on plants (including species transported by host and vector),NA,
219993988,NO,present,introduced,,escape: ornamental purpose other than horticulture,NA,
219993990,NO,present,introduced,,unaided: natural dispersal across borders of invasive alien organisms,NA,
219993991,NO,present,introduced,,escape: ornamental purpose other than horticulture,NA,
219993992,NO,present,introduced,,unaided: natural dispersal across borders of invasive alien organisms,2021,
219993993,NO,present,introduced,,transport - contaminant: parasites on plants (including species transported by host and vector),NA,
219993995,NO,present,introduced,,transport - contaminant: parasites on plants (including species transported by host and vector),NA,
219993996,NO,present,introduced,,transport - contaminant: parasites on plants (including species transported by host and vector),1885,
219993997,NO,present,introduced,invasive,release: release in nature,1990,
219993998,NO,present,introduced,,unaided: natural dispersal across borders of invasive alien organisms,2020,
219994000,NO,present,introduced,invasive,release: other intentional release,1990,
219994001,NO,present,introduced,,"transport - contaminant: contaminant on plants (except parasites, species transported by host/vector)",1999,
219994003,NO,present,introduced,invasive,escape: horticulture,1990,
219994004,NO,present,introduced,invasive,escape: forestry (including reforestation),1990,
219994006,NO,present,introduced,,unaided: natural dispersal across borders of invasive alien organisms,2017,
219994007,NO,present,introduced,,escape: ornamental purpose other than horticulture,1960,
219994008,NO,present,introduced,,transport - contaminant: parasites on plants (including species transported by host and vector),2021,
219994009,NO,present,introduced,,"transport - contaminant: transportation of habitat material (soil, vegetation, wood etc)",1978,
219994010,NO,present,introduced,,escape: forestry (including reforestation),NA,
219994011,NO,present,introduced,,transport - contaminant: parasites on plants (including species transported by host and vector),2020,
219994013,NO,present,introduced,invasive,escape: ornamental purpose other than horticulture,NA,
219994014,NO,present,introduced,,transport - contaminant: parasites on plants (including species transported by host and vector),2007,
219994015,NO,present,introduced,,escape: horticulture,NA,
219994017,NO,present,introduced,,transport - contaminant: contaminant nursery material,1999,
219994018,NO,present,introduced,,escape: horticulture,1988,
219994020,NO,present,introduced,,transport - contaminant: contaminant nursery material,2017,
219994021,NO,present,introduced,,escape: horticulture,1959,
219994022,NO,present,introduced,,transport - contaminant: parasites on plants (including species transported by host and vector),NA,
219994024,NO,present,introduced,invasive,escape: forestry (including reforestation),1968,
219994025,NO,present,introduced,invasive,transport - contaminant: parasites on plants (including species transported by host and vector),1964,
219994026,NO,present,introduced,,unaided: natural dispersal across borders of invasive alien organisms,2022,
219994028,NO,present,introduced,,escape: ornamental purpose other than horticulture,2017,
219994029,NO,present,introduced,,transport - contaminant: contaminant nursery material,NA,
219994031,NO,present,introduced,,escape: ornamental purpose other than horticulture,NA,
219994032,NO,present,introduced,,transport - contaminant: food contaminant (including of live food),NA,
219994034,NO,present,introduced,,escape: botanic garden/zoo/aquaria (excluding domestic aquaria),NA,
219994035,NO,present,introduced,,transport - contaminant: parasites on plants (including species transported by host and vector),NA,
219994036,NO,present,introduced,,escape: forestry (including reforestation),2003,
219994037,NO,present,introduced,,transport - contaminant: parasites on plants (including species transported by host and vector),2022,
219994038,NO,present,introduced,,transport - contaminant: parasites on plants (including species transported by host and vector),NA,
219994039,NO,present,introduced,,escape: botanic garden/zoo/aquaria (excluding domestic aquaria),2002,
219994040,NO,present,introduced,,"transport - contaminant: transportation of habitat material (soil, vegetation, wood etc)",NA,
219994041,NO,present,introduced,,unaided: natural dispersal across borders of invasive alien organisms,NA,
219994042,NO,present,introduced,,escape: botanic garden/zoo/aquaria (excluding domestic aquaria),NA,
219994043,NO,present,introduced,,transport - stowaway: container/bulk,NA,
219994044,NO,present,introduced,,escape: forestry (including reforestation),NA,
219994046,NO,present,introduced,,escape: horticulture,2006,
219994049,NO,present,introduced,,escape: ornamental purpose other than horticulture,NA,
219994050,NO,present,introduced,,transport - contaminant: parasites on plants (including species transported by host and vector),NA,
219994051,NO,present,introduced,,transport - contaminant: parasites on plants (including species transported by host and vector),NA,
219994052,NO,present,introduced,invasive,escape: forestry (including reforestation),1993,
219994053,NO,present,introduced,,unaided: natural dispersal across borders of invasive alien organisms,NA,
219994054,NO,present,introduced,,escape: botanic garden/zoo/aquaria (excluding domestic aquaria),2003,
219994055,NO,present,introduced,,transport - contaminant: contaminant nursery material,NA,
219994056,NO,present,introduced,,transport - contaminant: parasites on plants (including species transported by host and vector),NA,
219994057,NO,present,introduced,,escape: ornamental purpose other than horticulture,2003,
219994058,NO,present,introduced,invasive,escape: ornamental purpose other than horticulture,1968,
219994061,NO,present,introduced,invasive,escape: ornamental purpose other than horticulture,1993,
219994062,NO,present,introduced,,transport - contaminant: parasites on plants (including species transported by host and vector),NA,
219994063,NO,present,introduced,,transport - contaminant: parasites on plants (including species transported by host and vector),1952,
219994064,NO,present,introduced,,escape: forestry (including reforestation),NA,
219994065,NO,present,introduced,,escape: botanic garden/zoo/aquaria (excluding domestic aquaria),NA,
219994066,NO,present,introduced,,unaided: natural dispersal across borders of invasive alien organisms,NA,
219994067,NO,present,introduced,,escape: ornamental purpose other than horticulture,1981,
219994070,NO,present,introduced,invasive,escape: horticulture,1973,
219994071,NO,present,introduced,,unaided: natural dispersal across borders of invasive alien organisms,1960,
219994072,NO,present,introduced,,escape: botanic garden/zoo/aquaria (excluding domestic aquaria),2017,
219994074,NO,present,introduced,,,NA,
219994075,NO,present,introduced,,transport - contaminant: parasites on plants (including species transported by host and vector),NA,
219994076,NO,present,introduced,invasive,escape: botanic garden/zoo/aquaria (excluding domestic aquaria),1993,
219994077,NO,present,introduced,,transport - contaminant: parasites on plants (including species transported by host and vector),1960,
219994078,NO,present,introduced,invasive,escape: botanic garden/zoo/aquaria (excluding domestic aquaria),NA,
219994079,NO,present,introduced,,unaided: natural dispersal across borders of invasive alien organisms,NA,
219994080,NO,present,introduced,invasive,escape: horticulture,1972,
219994082,NO,present,introduced,invasive,release: erosion control,NA,
219994083,NO,present,introduced,invasive,transport - contaminant: parasites on plants (including species transported by host and vector),2001,
219994084,NO,present,introduced,invasive,escape: ornamental purpose other than horticulture,1933,
219994085,NO,present,introduced,invasive,unaided: natural dispersal across borders of invasive alien organisms,2001,
219994087,NO,present,introduced,invasive,escape: forestry (including reforestation),NA,
219994088,NO,present,introduced,invasive,escape: ornamental purpose other than horticulture,1973,
219994089,NO,present,introduced,invasive,transport - contaminant: seed contaminant,2001,
219994090,NO,present,introduced,invasive,escape: forestry (including reforestation),NA,
219994091,NO,present,introduced,,transport - stowaway: container/bulk,NA,
219994093,NO,present,introduced,,escape: botanic garden/zoo/aquaria (excluding domestic aquaria),1981,
219994094,NO,present,introduced,invasive,release: other intentional release,1911,
219994095,NO,present,introduced,,transport - stowaway: people and their luggage/equipment (in particular tourism),NA,
219994097,NO,present,introduced,,escape: forestry (including reforestation),NA,
219994098,NO,present,introduced,,"transport - stowaway: organic packing material, in particular wood packaging",NA,
219994099,NO,present,introduced,invasive,release: release in nature,1972,
219994100,NO,present,introduced,,transport - contaminant: parasites on plants (including species transported by host and vector),2006,
219994101,NO,present,introduced,,unaided: natural dispersal across borders of invasive alien organisms,NA,
219994102,NO,present,introduced,,escape: forestry (including reforestation),1889,
219994105,NO,present,introduced,,escape: forestry (including reforestation),1960,
219994107,NO,present,introduced,,escape: forestry (including reforestation),NA,
219994108,NO,present,introduced,,transport - contaminant: parasites on plants (including species transported by host and vector),1955,
219994110,NO,present,introduced,invasive,escape: botanic garden/zoo/aquaria (excluding domestic aquaria),1973,
219994111,NO,present,introduced,,transport - contaminant: other means of contamination,1955,
219994112,NO,present,introduced,invasive,escape: forestry (including reforestation),1973,
219994113,NO,present,introduced,,escape: ornamental purpose other than horticulture,1889,
219994114,NO,present,introduced,,"transport - contaminant: contaminant on plants (except parasites, species transported by host/vector)",1955,
219994115,NO,present,introduced,,escape: botanic garden/zoo/aquaria (excluding domestic aquaria),1960,
219994116,NO,present,introduced,,escape: horticulture,1889,
219994119,NO,present,introduced,,escape: botanic garden/zoo/aquaria (excluding domestic aquaria),NA,
219994122,NO,present,introduced,,escape: ornamental purpose other than horticulture,1988,
219994123,NO,present,introduced,invasive,unaided: natural dispersal across borders of invasive alien organisms,NA,
219994124,NO,present,introduced,,"transport - contaminant: transportation of habitat material (soil, vegetation, wood etc)",NA,
219994125,NO,present,introduced,,escape: ornamental purpose other than horticulture,2002,
219994126,NO,present,introduced,invasive,transport - contaminant: parasites on plants (including species transported by host and vector),NA,
219994127,NO,present,introduced,invasive,escape: ornamental purpose other than horticulture,NA,
219994128,NO,present,introduced,,transport - contaminant: parasites on plants (including species transported by host and vector),NA,
219994129,NO,present,introduced,,escape: forestry (including reforestation),NA,
219994131,NO,present,introduced,invasive,escape: forestry (including reforestation),NA,
219994132,NO,present,introduced,,"transport - contaminant: transportation of habitat material (soil, vegetation, wood etc)",1978,
219994134,NO,present,introduced,invasive,escape: botanic garden/zoo/aquaria (excluding domestic aquaria),1968,
219994135,NO,present,introduced,,transport - stowaway: container/bulk,NA,
219994136,NO,present,introduced,,escape: botanic garden/zoo/aquaria (excluding domestic aquaria),NA,
219994137,NO,present,introduced,,transport - contaminant: parasites on plants (including species transported by host and vector),1906,
219994138,NO,present,introduced,,escape: ornamental purpose other than horticulture,NA,
219994139,NO,present,introduced,,transport - contaminant: parasites on plants (including species transported by host and vector),2011,
219994140,NO,present,introduced,,transport - contaminant: parasites on plants (including species transported by host and vector),1978,
219994143,NO,present,introduced,,transport - contaminant: parasites on plants (including species transported by host and vector),NA,
219994145,NO,present,introduced,,unaided: natural dispersal across borders of invasive alien organisms,NA,
219994146,NO,present,introduced,,unaided: natural dispersal across borders of invasive alien organisms,NA,
219994148,NO,present,introduced,,transport - contaminant: parasites on plants (including species transported by host and vector),NA,
219994150,NO,present,introduced,,unaided: natural dispersal across borders of invasive alien organisms,2001,
219994153,NO,present,introduced,,escape: ornamental purpose other than horticulture,1969,
219994154,NO,present,introduced,,transport - contaminant: parasites on plants (including species transported by host and vector),NA,
219994156,NO,present,introduced,,escape: ornamental purpose other than horticulture,2001,
219994161,NO,present,introduced,,transport - contaminant: seed contaminant,1862,
219994162,NO,present,introduced,invasive,"transport - contaminant: contaminant on animals (except parasites, organisms transported by host/vector)",2017,
219994163,NO,present,introduced,,unaided: natural dispersal across borders of invasive alien organisms,1981,
219994164,NO,present,introduced,,"transport - contaminant: transportation of habitat material (soil, vegetation, wood etc)",1887,
219994165,NO,present,introduced,,transport - contaminant: parasites on plants (including species transported by host and vector),1981,
219994166,NO,present,introduced,invasive,transport - contaminant: parasites on animals (including organisms transported by host and vector),2017,
219994167,NO,present,introduced,,"transport - contaminant: contaminant on plants (except parasites, species transported by host/vector)",1862,
219994168,NO,present,introduced,,transport - contaminant: parasites on plants (including species transported by host and vector),2005,
219994169,NO,present,introduced,invasive,transport - contaminant: parasites on animals (including organisms transported by host and vector),NA,
219994170,NO,present,introduced,,"transport - contaminant: transportation of habitat material (soil, vegetation, wood etc)",1862,
219994171,NO,present,introduced,,unaided: natural dispersal across borders of invasive alien organisms,2005,
219994172,NO,present,introduced,,transport - contaminant: parasites on plants (including species transported by host and vector),NA,
219994173,NO,present,introduced,,"transport - contaminant: transportation of habitat material (soil, vegetation, wood etc)",1862,
219994175,NO,present,introduced,,transport - contaminant: seed contaminant,1862,
219994176,NO,present,introduced,,escape: ornamental purpose other than horticulture,NA,
219994177,NO,present,introduced,,transport - contaminant: parasites on plants (including species transported by host and vector),NA,
219994178,NO,present,introduced,,transport - contaminant: timber trade,1862,
219994180,NO,present,introduced,,"transport - contaminant: contaminant on plants (except parasites, species transported by host/vector)",1887,
219994181,NO,present,introduced,,transport - stowaway: hitchhikers on ship/boat (excluding ballast water and hull fouling),1862,
219994182,NO,present,introduced,,transport - contaminant: parasites on plants (including species transported by host and vector),NA,
219994183,NO,present,introduced,,"transport - contaminant: contaminant on plants (except parasites, species transported by host/vector)",1862,
219994184,NO,present,introduced,,unaided: natural dispersal across borders of invasive alien organisms,NA,
219994185,NO,present,introduced,,transport - contaminant: parasites on plants (including species transported by host and vector),NA,
219994187,NO,present,introduced,,unaided: natural dispersal across borders of invasive alien organisms,NA,
219994189,NO,present,introduced,,transport - contaminant: parasites on plants (including species transported by host and vector),2004,
219994190,NO,present,introduced,,release: other intentional release,1980,
219994191,NO,present,introduced,,transport - contaminant: parasites on plants (including species transported by host and vector),NA,
219994192,NO,present,introduced,,transport - contaminant: timber trade,NA,
219994193,NO,present,introduced,,transport - contaminant: parasites on plants (including species transported by host and vector),NA,
219994194,NO,present,introduced,,escape: ornamental purpose other than horticulture,2016,
219994195,NO,present,introduced,,unaided: natural dispersal across borders of invasive alien organisms,NA,
219994197,NO,present,introduced,,escape: ornamental purpose other than horticulture,NA,
219994198,NO,present,introduced,,transport - contaminant: food contaminant (including of live food),2021,
219994199,NO,present,introduced,,transport - contaminant: timber trade,2004,
219994201,NO,present,introduced,,escape: horticulture,NA,
219994202,NO,present,introduced,,transport - contaminant: contaminant nursery material,2021,
219994203,NO,present,introduced,invasive,transport - contaminant: seed contaminant,NA,
219994204,NO,present,introduced,,unaided: natural dispersal across borders of invasive alien organisms,1982,
219994205,NO,present,introduced,invasive,transport - stowaway: hitchhikers on ship/boat (excluding ballast water and hull fouling),NA,
219994206,NO,present,introduced,,transport - contaminant: parasites on plants (including species transported by host and vector),1982,
219994207,NO,present,introduced,,unaided: natural dispersal across borders of invasive alien organisms,2021,
219994208,NO,present,introduced,,transport - stowaway: hitchhikers on ship/boat (excluding ballast water and hull fouling),1832,
219994210,NO,present,introduced,,escape: ornamental purpose other than horticulture,1939,
219994211,NO,present,introduced,,unaided: natural dispersal across borders of invasive alien organisms,NA,
219994212,NO,present,introduced,invasive,transport - stowaway: hitchhikers on ship/boat (excluding ballast water and hull fouling),1857,
219994213,NO,present,introduced,,transport - contaminant: seed contaminant,1915,
219994214,NO,present,introduced,,transport - contaminant: parasites on plants (including species transported by host and vector),NA,
219994215,NO,present,introduced,,transport - contaminant: parasites on plants (including species transported by host and vector),NA,
219994216,NO,present,introduced,,escape: ornamental purpose other than horticulture,1965,
219994217,NO,present,introduced,,unaided: natural dispersal across borders of invasive alien organisms,2013,
219994218,NO,present,introduced,invasive,escape: other escape from confinement,1830,
219994219,NO,present,introduced,,transport - contaminant: parasites on plants (including species transported by host and vector),NA,
219994220,NO,present,introduced,invasive,escape: ornamental purpose other than horticulture,1991,
219994222,NO,present,introduced,,escape: ornamental purpose other than horticulture,1965,
219994223,NO,present,introduced,,unaided: natural dispersal across borders of invasive alien organisms,NA,
219994224,NO,present,introduced,,escape: horticulture,1940,
219994225,NO,present,introduced,,transport - contaminant: parasites on plants (including species transported by host and vector),NA,
219994226,NO,present,introduced,,transport - contaminant: parasites on plants (including species transported by host and vector),NA,
219994227,NO,present,introduced,,transport - stowaway: hitchhikers on ship/boat (excluding ballast water and hull fouling),1820,
219994229,NO,present,introduced,,escape: botanic garden/zoo/aquaria (excluding domestic aquaria),NA,
219994230,NO,present,introduced,,unaided: natural dispersal across borders of invasive alien organisms,2016,
219994231,NO,present,introduced,,escape: horticulture,NA,
219994232,NO,present,introduced,,"transport - contaminant: contaminant on plants (except parasites, species transported by host/vector)",2016,
219994233,NO,present,introduced,,escape: ornamental purpose other than horticulture,NA,
219994235,NO,present,introduced,,escape: ornamental purpose other than horticulture,NA,
219994237,NO,present,introduced,,escape: horticulture,NA,
219994238,NO,present,introduced,,"transport - contaminant: transportation of habitat material (soil, vegetation, wood etc)",NA,
219994239,NO,present,introduced,,release: other intentional release,NA,
219994240,NO,present,introduced,,unaided: natural dispersal across borders of invasive alien organisms,NA,
219994241,NO,present,introduced,,escape: ornamental purpose other than horticulture,2006,
219994242,NO,present,introduced,,escape: ornamental purpose other than horticulture,NA,
219994243,NO,present,introduced,,"transport - stowaway: vehicles (car, train, etc.)",NA,
219994244,NO,present,introduced,invasive,escape: ornamental purpose other than horticulture,1943,
219994245,NO,present,introduced,,"transport - contaminant: transportation of habitat material (soil, vegetation, wood etc)",NA,
219994246,NO,present,introduced,invasive,"transport - stowaway: vehicles (car, train, etc.)",1843,
219994247,NO,present,introduced,,unaided: natural dispersal across borders of invasive alien organisms,NA,
219994248,NO,present,introduced,,escape: ornamental purpose other than horticulture,1940,
219994249,NO,present,introduced,,"transport - stowaway: vehicles (car, train, etc.)",NA,
219994250,NO,present,introduced,,"transport - contaminant: transportation of habitat material (soil, vegetation, wood etc)",NA,
219994251,NO,present,introduced,invasive,transport - stowaway: hitchhikers on ship/boat (excluding ballast water and hull fouling),NA,
219994252,NO,present,introduced,,unaided: natural dispersal across borders of invasive alien organisms,NA,
219994253,NO,present,introduced,,transport - contaminant: seed contaminant,NA,
219994255,NO,present,introduced,,transport - contaminant: timber trade,1999,
219994256,NO,present,introduced,,unaided: natural dispersal across borders of invasive alien organisms,NA,
219994257,NO,present,introduced,,transport - contaminant: timber trade,1998,
219994258,NO,present,introduced,,"transport - stowaway: vehicles (car, train, etc.)",NA,
219994259,NO,present,introduced,,escape: horticulture,1939,
219994260,NO,present,introduced,,"transport - contaminant: transportation of habitat material (soil, vegetation, wood etc)",NA,
219994261,NO,present,introduced,,transport - stowaway: hitchhikers on ship/boat (excluding ballast water and hull fouling),1895,
219994262,NO,present,introduced,,transport - contaminant: timber trade,NA,
219994263,NO,present,introduced,,"transport - contaminant: transportation of habitat material (soil, vegetation, wood etc)",NA,
219994264,NO,present,introduced,invasive,escape: ornamental purpose other than horticulture,1992,
219994265,NO,present,introduced,,unaided: natural dispersal across borders of invasive alien organisms,NA,
219994266,NO,present,introduced,,"transport - contaminant: contaminant on plants (except parasites, species transported by host/vector)",1880,
219994267,NO,present,introduced,,"transport - contaminant: transportation of habitat material (soil, vegetation, wood etc)",NA,
219994268,NO,present,introduced,,"transport - stowaway: vehicles (car, train, etc.)",NA,
219994269,NO,present,introduced,,escape: other escape from confinement,1939,
219994270,NO,present,introduced,,escape: ornamental purpose other than horticulture,1997,
219994271,NO,present,introduced,,"transport - contaminant: transportation of habitat material (soil, vegetation, wood etc)",NA,
219994272,NO,present,introduced,,unaided: natural dispersal across borders of invasive alien organisms,NA,
219994273,NO,present,introduced,,transport - contaminant: contaminated bait,1948,
219994274,NO,present,introduced,,unaided: natural dispersal across borders of invasive alien organisms,NA,
219994276,NO,present,introduced,,"transport - stowaway: vehicles (car, train, etc.)",NA,
219994277,NO,present,introduced,,escape: ornamental purpose other than horticulture,2012,
219994279,NO,present,introduced,,escape: botanic garden/zoo/aquaria (excluding domestic aquaria),2012,
219994280,NO,present,introduced,,unaided: natural dispersal across borders of invasive alien organisms,2020,
219994281,NO,present,introduced,,transport - stowaway: hitchhikers on ship/boat (excluding ballast water and hull fouling),1875,
219994282,NO,present,introduced,,unaided: natural dispersal across borders of invasive alien organisms,NA,
219994283,NO,present,introduced,invasive,"transport - stowaway: vehicles (car, train, etc.)",NA,
219994284,NO,present,introduced,,transport - contaminant: seed contaminant,NA,
219994285,NO,present,introduced,,transport - stowaway: other means of transport,2020,
219994286,NO,present,introduced,,"transport - contaminant: transportation of habitat material (soil, vegetation, wood etc)",NA,
219994287,NO,present,introduced,,escape: horticulture,NA,
219994288,NO,present,introduced,,"transport - contaminant: transportation of habitat material (soil, vegetation, wood etc)",2020,
219994289,NO,present,introduced,invasive,escape: ornamental purpose other than horticulture,NA,
219994292,NO,present,introduced,,transport - contaminant: contaminant nursery material,NA,
219994293,NO,present,introduced,,escape: horticulture,NA,
219994294,NO,present,introduced,,transport - stowaway: other means of transport,1920,
219994295,NO,present,introduced,,"transport - stowaway: organic packing material, in particular wood packaging",NA,
219994296,NO,present,introduced,,transport - contaminant: food contaminant (including of live food),1920,
219994297,NO,present,introduced,,unaided: natural dispersal across borders of invasive alien organisms,2006,
219994298,NO,present,introduced,,transport - contaminant: seed contaminant,1883,
219994299,NO,present,introduced,invasive,"transport - contaminant: contaminant on plants (except parasites, species transported by host/vector)",NA,
219994300,NO,present,introduced,invasive,escape: ornamental purpose other than horticulture,NA,
219994301,NO,present,introduced,,"transport - contaminant: transportation of habitat material (soil, vegetation, wood etc)",2006,
219994302,NO,present,introduced,invasive,unaided: natural dispersal across borders of invasive alien organisms,NA,
219994304,NO,present,introduced,,unaided: natural dispersal across borders of invasive alien organisms,NA,
219994305,NO,present,introduced,,"transport - stowaway: vehicles (car, train, etc.)",NA,
219994306,NO,present,introduced,,transport - contaminant: contaminant nursery material,2006,
219994307,NO,present,introduced,,unaided: natural dispersal across borders of invasive alien organisms,NA,
219994308,NO,present,introduced,,transport - contaminant: seed contaminant,NA,
219994309,NO,present,introduced,,escape: agriculture (including biofuel feedstocks),NA,
219994311,NO,present,introduced,,escape: research and ex-situ breeding (in facilities),NA,
219994312,NO,present,introduced,,transport - stowaway: ship/boat ballast water,NA,
219994313,NO,present,introduced,invasive,"transport - contaminant: transportation of habitat material (soil, vegetation, wood etc)",NA,
219994314,NO,present,introduced,,"transport - stowaway: vehicles (car, train, etc.)",NA,
219994316,NO,present,introduced,,"transport - contaminant: transportation of habitat material (soil, vegetation, wood etc)",NA,
219994317,NO,present,introduced,,transport - contaminant: seed contaminant,NA,
219994318,NO,present,introduced,,unaided: natural dispersal across borders of invasive alien organisms,NA,
219994319,NO,present,introduced,,"transport - contaminant: contaminant on plants (except parasites, species transported by host/vector)",NA,
219994320,NO,present,introduced,,escape: botanic garden/zoo/aquaria (excluding domestic aquaria),NA,
219994323,NO,present,introduced,,transport - contaminant: food contaminant (including of live food),2009,
219994324,NO,present,introduced,,"transport - stowaway: vehicles (car, train, etc.)",NA,
219994325,NO,present,introduced,,unaided: natural dispersal across borders of invasive alien organisms,2009,
219994327,NO,present,introduced,,transport - contaminant: seed contaminant,NA,
219994328,NO,present,introduced,,transport - stowaway: hitchhikers on ship/boat (excluding ballast water and hull fouling),1883,
219994329,NO,present,introduced,,unaided: natural dispersal across borders of invasive alien organisms,NA,
219994330,NO,present,introduced,,escape: botanic garden/zoo/aquaria (excluding domestic aquaria),NA,
219994331,NO,present,introduced,,transport - contaminant: timber trade,NA,
219994332,NO,present,introduced,,escape: ornamental purpose other than horticulture,1930,
219994333,NO,present,introduced,,transport - contaminant: parasites on plants (including species transported by host and vector),NA,
219994334,NO,present,introduced,,transport - contaminant: seed contaminant,2005,
219994335,NO,present,introduced,invasive,transport - contaminant: timber trade,NA,
219994336,NO,present,introduced,,escape: ornamental purpose other than horticulture,2002,
219994337,NO,present,introduced,,transport - contaminant: contaminant nursery material,NA,
219994338,NO,present,introduced,,"transport - stowaway: vehicles (car, train, etc.)",1875,
219994339,NO,present,introduced,,transport - contaminant: timber trade,NA,
219994340,NO,present,introduced,,unaided: natural dispersal across borders of invasive alien organisms,NA,
219994341,NO,present,introduced,,escape: botanic garden/zoo/aquaria (excluding domestic aquaria),1997,
219994342,NO,present,introduced,,escape: ornamental purpose other than horticulture,1897,
219994343,NO,present,introduced,,transport - contaminant: timber trade,NA,
219994344,NO,present,introduced,,escape: ornamental purpose other than horticulture,NA,
219994345,NO,present,introduced,,unaided: natural dispersal across borders of invasive alien organisms,NA,
219994346,NO,present,introduced,invasive,"transport - contaminant: transportation of habitat material (soil, vegetation, wood etc)",1830,
219994347,NO,present,introduced,,unaided: natural dispersal across borders of invasive alien organisms,NA,
219994348,NO,present,introduced,,escape: ornamental purpose other than horticulture,NA,
219994349,NO,present,introduced,,transport - contaminant: timber trade,NA,
219994350,NO,present,introduced,invasive,escape: horticulture,NA,
219994351,NO,present,introduced,,transport - contaminant: timber trade,NA,
219994352,NO,present,introduced,,escape: ornamental purpose other than horticulture,1873,
219994353,NO,present,introduced,,"transport - stowaway: organic packing material, in particular wood packaging",NA,
219994354,NO,present,introduced,,"transport - stowaway: organic packing material, in particular wood packaging",NA,
219994355,NO,present,introduced,,transport - contaminant: seed contaminant,1881,
219994357,NO,present,introduced,,transport - stowaway: hitchhikers on ship/boat (excluding ballast water and hull fouling),1880,
219994358,NO,present,introduced,,"transport - contaminant: transportation of habitat material (soil, vegetation, wood etc)",1986,
219994359,NO,present,introduced,,escape: horticulture,1897,
219994360,NO,present,introduced,,transport - contaminant: timber trade,1986,
219994361,NO,present,introduced,,transport - contaminant: seed contaminant,NA,
219994362,NO,present,introduced,,transport - contaminant: contaminant nursery material,1986,
219994363,NO,present,introduced,invasive,escape: other escape from confinement,1992,
219994365,NO,present,introduced,,escape: ornamental purpose other than horticulture,NA,
219994366,NO,present,introduced,,unaided: natural dispersal across borders of invasive alien organisms,2015,
219994367,NO,present,introduced,,transport - contaminant: seed contaminant,NA,
219994368,NO,present,introduced,,transport - contaminant: contaminant nursery material,NA,
219994369,NO,present,introduced,,escape: ornamental purpose other than horticulture,NA,
219994370,NO,present,introduced,,escape: horticulture,1921,
219994371,NO,present,introduced,,transport - contaminant: contaminant nursery material,NA,
219994372,NO,present,introduced,,"transport - contaminant: transportation of habitat material (soil, vegetation, wood etc)",1999,
219994373,NO,present,introduced,invasive,transport - contaminant: food contaminant (including of live food),1872,
219994374,NO,present,introduced,,unaided: natural dispersal across borders of invasive alien organisms,2016,
219994375,NO,present,introduced,,"transport - contaminant: contaminant on plants (except parasites, species transported by host/vector)",1882,
219994376,NO,present,introduced,,"transport - contaminant: transportation of habitat material (soil, vegetation, wood etc)",2016,
219994377,NO,present,introduced,,transport - stowaway: other means of transport,NA,
219994378,NO,present,introduced,,transport - contaminant: contaminant nursery material,NA,
219994379,NO,present,introduced,,escape: ornamental purpose other than horticulture,1883,
219994380,NO,present,introduced,,transport - contaminant: contaminant nursery material,1999,
219994381,NO,present,introduced,,escape: ornamental purpose other than horticulture,NA,
219994382,NO,present,introduced,,unaided: natural dispersal across borders of invasive alien organisms,NA,
219994383,NO,present,introduced,,transport - contaminant: seed contaminant,NA,
219994384,NO,present,introduced,,"transport - contaminant: transportation of habitat material (soil, vegetation, wood etc)",2015,
219994385,NO,present,introduced,,"transport - stowaway: vehicles (car, train, etc.)",1995,
219994386,NO,present,introduced,,"transport - contaminant: transportation of habitat material (soil, vegetation, wood etc)",NA,
219994387,NO,present,introduced,,unaided: natural dispersal across borders of invasive alien organisms,NA,
219994388,NO,present,introduced,,escape: ornamental purpose other than horticulture,1980,
219994389,NO,present,introduced,,transport - contaminant: contaminant nursery material,2016,
219994391,NO,present,introduced,,"transport - contaminant: transportation of habitat material (soil, vegetation, wood etc)",NA,
219994392,NO,present,introduced,,"transport - contaminant: transportation of habitat material (soil, vegetation, wood etc)",2009,
219994393,NO,present,introduced,,"transport - contaminant: transportation of habitat material (soil, vegetation, wood etc)",NA,
219994394,NO,present,introduced,,"transport - stowaway: vehicles (car, train, etc.)",1999,
219994395,NO,present,introduced,,transport - contaminant: seed contaminant,2009,
219994396,NO,present,introduced,,"transport - contaminant: transportation of habitat material (soil, vegetation, wood etc)",NA,
219994397,NO,present,introduced,,transport - contaminant: seed contaminant,NA,
219994399,NO,present,introduced,,escape: horticulture,1832,
219994400,NO,present,introduced,,transport - contaminant: contaminant nursery material,1990,
219994401,NO,present,introduced,invasive,escape: ornamental purpose other than horticulture,NA,
219994402,NO,present,introduced,,unaided: natural dispersal across borders of invasive alien organisms,1954,
219994403,NO,present,introduced,,"transport - contaminant: transportation of habitat material (soil, vegetation, wood etc)",1961,
219994404,NO,present,introduced,,"transport - contaminant: transportation of habitat material (soil, vegetation, wood etc)",NA,
219994405,NO,present,introduced,,escape: ornamental purpose other than horticulture,NA,
219994406,NO,present,introduced,,"transport - contaminant: transportation of habitat material (soil, vegetation, wood etc)",NA,
219994408,NO,present,introduced,,unaided: natural dispersal across borders of invasive alien organisms,1990,
219994409,NO,present,introduced,,"transport - contaminant: contaminant on plants (except parasites, species transported by host/vector)",NA,
219994410,NO,present,introduced,,unaided: natural dispersal across borders of invasive alien organisms,NA,
219994411,NO,present,introduced,,transport - stowaway: ship/boat ballast water,NA,
219994412,NO,present,introduced,,transport - contaminant: contaminated bait,NA,
219994413,NO,present,introduced,,"transport - stowaway: vehicles (car, train, etc.)",NA,
219994414,NO,present,introduced,,transport - contaminant: timber trade,NA,
219994415,NO,present,introduced,,transport - contaminant: contaminant nursery material,NA,
219994416,NO,present,introduced,,"transport - contaminant: transportation of habitat material (soil, vegetation, wood etc)",NA,
219994417,NO,present,introduced,,"transport - contaminant: transportation of habitat material (soil, vegetation, wood etc)",NA,
219994418,NO,present,introduced,,transport - contaminant: seed contaminant,NA,
219994419,NO,present,introduced,,transport - contaminant: contaminant nursery material,NA,
219994420,NO,present,introduced,,transport - contaminant: timber trade,NA,
219994421,NO,present,introduced,,transport - contaminant: seed contaminant,1873,
219994422,NO,present,introduced,,transport - contaminant: contaminant nursery material,1954,
219994423,NO,present,introduced,,"transport - contaminant: transportation of habitat material (soil, vegetation, wood etc)",1990,
219994424,NO,present,introduced,,escape: botanic garden/zoo/aquaria (excluding domestic aquaria),1937,
219994425,NO,present,introduced,,transport - contaminant: food contaminant (including of live food),NA,
219994426,NO,present,introduced,invasive,transport - contaminant: seed contaminant,1857,
219994427,NO,present,introduced,,unaided: natural dispersal across borders of invasive alien organisms,NA,
219994428,NO,present,introduced,,escape: horticulture,NA,
219994429,NO,present,introduced,,unaided: natural dispersal across borders of invasive alien organisms,NA,
219994430,NO,present,introduced,,release: landscape improvement,1940,
219994431,NO,present,introduced,,"transport - contaminant: transportation of habitat material (soil, vegetation, wood etc)",NA,
219994432,NO,present,introduced,,escape: horticulture,2005,
219994433,NO,present,introduced,,transport - contaminant: timber trade,NA,
219994434,NO,present,introduced,invasive,"transport - contaminant: transportation of habitat material (soil, vegetation, wood etc)",NA,
219994435,NO,present,introduced,,"transport - contaminant: transportation of habitat material (soil, vegetation, wood etc)",1954,
219994436,NO,present,introduced,,escape: ornamental purpose other than horticulture,1979,
219994438,NO,present,introduced,,escape: ornamental purpose other than horticulture,1950,
219994439,NO,present,introduced,,"transport - contaminant: transportation of habitat material (soil, vegetation, wood etc)",NA,
219994441,NO,present,introduced,,transport - contaminant: contaminant nursery material,NA,
219994442,NO,present,introduced,,transport - contaminant: seed contaminant,NA,
219994444,NO,present,introduced,,transport - stowaway: other means of transport,1959,
219994445,NO,present,introduced,,transport - stowaway: other means of transport,NA,
219994446,NO,present,introduced,,transport - contaminant: contaminant nursery material,2008,
219994447,NO,present,introduced,,transport - stowaway: other means of transport,NA,
219994448,NO,present,introduced,,transport - contaminant: timber trade,NA,
219994450,NO,present,introduced,,transport - contaminant: timber trade,NA,
219994451,NO,present,introduced,,transport - stowaway: ship/boat ballast water,1876,
219994452,NO,present,introduced,,transport - contaminant: timber trade,NA,
219994453,NO,present,introduced,,"transport - stowaway: vehicles (car, train, etc.)",1876,
219994454,NO,present,introduced,,transport - contaminant: contaminant nursery material,NA,
219994455,NO,present,introduced,,transport - contaminant: seed contaminant,1876,
219994456,NO,present,introduced,,transport - contaminant: timber trade,NA,
219994457,NO,present,introduced,,transport - contaminant: other means of contamination,NA,
219994458,NO,present,introduced,,"transport - contaminant: contaminant on plants (except parasites, species transported by host/vector)",NA,
219994459,NO,present,introduced,,escape: ornamental purpose other than horticulture,1951,
219994460,NO,present,introduced,,"transport - contaminant: transportation of habitat material (soil, vegetation, wood etc)",NA,
219994461,NO,present,introduced,,transport - contaminant: seed contaminant,NA,
219994462,NO,present,introduced,,"transport - contaminant: contaminant on plants (except parasites, species transported by host/vector)",2014,
219994463,NO,present,introduced,,escape: ornamental purpose other than horticulture,1949,
219994464,NO,present,introduced,,transport - contaminant: contaminant nursery material,NA,
219994465,NO,present,introduced,invasive,transport - contaminant: seed contaminant,1872,
219994466,NO,present,introduced,,transport - contaminant: seed contaminant,1871,
219994467,NO,present,introduced,,"transport - contaminant: transportation of habitat material (soil, vegetation, wood etc)",NA,
219994468,NO,present,introduced,,escape: ornamental purpose other than horticulture,NA,
219994469,NO,present,introduced,,unaided: natural dispersal across borders of invasive alien organisms,NA,
219994470,NO,present,introduced,,escape: ornamental purpose other than horticulture,1997,
219994472,NO,present,introduced,invasive,transport - stowaway: hitchhikers on ship/boat (excluding ballast water and hull fouling),1813,
219994473,NO,present,introduced,,escape: horticulture,NA,
219994474,NO,present,introduced,,"transport - contaminant: contaminant on plants (except parasites, species transported by host/vector)",NA,
219994475,NO,present,introduced,,escape: ornamental purpose other than horticulture,1937,
219994476,NO,present,introduced,,unaided: natural dispersal across borders of invasive alien organisms,NA,
219994477,NO,present,introduced,,escape: horticulture,1995,
219994478,NO,present,introduced,,escape: horticulture,NA,
219994479,NO,present,introduced,,transport - contaminant: contaminant nursery material,NA,
219994480,NO,present,introduced,,unaided: natural dispersal across borders of invasive alien organisms,NA,
219994481,NO,present,introduced,,escape: horticulture,1994,
219994482,NO,present,introduced,,"transport - contaminant: transportation of habitat material (soil, vegetation, wood etc)",NA,
219994483,NO,present,introduced,,transport - contaminant: contaminant nursery material,NA,
219994485,NO,present,introduced,,transport - contaminant: contaminant nursery material,NA,
219994486,NO,present,introduced,,transport - stowaway: hitchhikers on ship/boat (excluding ballast water and hull fouling),1882,
219994487,NO,present,introduced,invasive,transport - contaminant: timber trade,2002,
219994489,NO,present,introduced,,unaided: natural dispersal across borders of invasive alien organisms,1995,
219994490,NO,present,introduced,,"transport - contaminant: transportation of habitat material (soil, vegetation, wood etc)",NA,
219994491,NO,present,introduced,,escape: ornamental purpose other than horticulture,1947,
219994492,NO,present,introduced,,transport - contaminant: timber trade,NA,
219994493,NO,present,introduced,invasive,escape: ornamental purpose other than horticulture,1992,
219994494,NO,present,introduced,,"transport - contaminant: transportation of habitat material (soil, vegetation, wood etc)",NA,
219994495,NO,present,introduced,,escape: ornamental purpose other than horticulture,1832,
219994496,NO,present,introduced,,transport - contaminant: timber trade,NA,
219994497,NO,present,introduced,,escape: other escape from confinement,1911,
219994498,NO,present,introduced,,transport - contaminant: timber trade,NA,
219994499,NO,present,introduced,,"transport - stowaway: vehicles (car, train, etc.)",NA,
219994500,NO,present,introduced,,unaided: natural dispersal across borders of invasive alien organisms,NA,
219994501,NO,present,introduced,,transport - contaminant: contaminant nursery material,NA,
219994502,NO,present,introduced,invasive,escape: other escape from confinement,1992,
219994503,NO,present,introduced,,transport - contaminant: contaminant nursery material,NA,
219994504,NO,present,introduced,,escape: ornamental purpose other than horticulture,1911,
219994505,NO,present,introduced,invasive,transport - stowaway: hitchhikers on ship/boat (excluding ballast water and hull fouling),NA,
219994506,NO,present,introduced,,transport - contaminant: timber trade,1995,
219994507,NO,present,introduced,invasive,transport - stowaway: ship/boat ballast water,1847,
219994508,NO,present,introduced,,transport - contaminant: contaminant nursery material,NA,
219994509,NO,present,introduced,,"transport - contaminant: transportation of habitat material (soil, vegetation, wood etc)",1880,
219994510,NO,present,introduced,,unaided: natural dispersal across borders of invasive alien organisms,NA,
219994511,NO,present,introduced,invasive,"transport - stowaway: vehicles (car, train, etc.)",1857,
219994512,NO,present,introduced,,transport - contaminant: contaminant nursery material,NA,
219994513,NO,present,introduced,,transport - stowaway: hitchhikers on ship/boat (excluding ballast water and hull fouling),1820,
219994514,NO,present,introduced,,transport - contaminant: contaminant nursery material,NA,
219994515,NO,present,introduced,,transport - contaminant: other means of contamination,NA,
219994517,NO,present,introduced,,transport - contaminant: seed contaminant,1875,
219994518,NO,present,introduced,,transport - contaminant: seed contaminant,1961,
219994519,NO,present,introduced,,transport - contaminant: contaminant nursery material,NA,
219994520,NO,present,introduced,,transport - stowaway: hitchhikers on ship/boat (excluding ballast water and hull fouling),1871,
219994521,NO,present,introduced,invasive,transport - contaminant: seed contaminant,NA,
219994522,NO,present,introduced,,unaided: natural dispersal across borders of invasive alien organisms,NA,
219994523,NO,present,introduced,,transport - stowaway: people and their luggage/equipment (in particular tourism),1948,
219994524,NO,present,introduced,invasive,transport - contaminant: timber trade,NA,
219994525,NO,present,introduced,,transport - contaminant: contaminant nursery material,1973,
219994526,NO,present,introduced,,unaided: natural dispersal across borders of invasive alien organisms,NA,
219994527,NO,present,introduced,,"transport - contaminant: transportation of habitat material (soil, vegetation, wood etc)",1882,
219994528,NO,present,introduced,,escape: ornamental purpose other than horticulture,1895,
219994529,NO,present,introduced,,transport - contaminant: contaminant nursery material,NA,
219994530,NO,present,introduced,,transport - contaminant: food contaminant (including of live food),1973,
219994531,NO,present,introduced,,transport - contaminant: timber trade,NA,
219994532,NO,present,introduced,,escape: ornamental purpose other than horticulture,1956,
219994533,NO,present,introduced,,"transport - stowaway: organic packing material, in particular wood packaging",NA,
219994534,NO,present,introduced,,transport - contaminant: contaminant nursery material,NA,
219994536,NO,present,introduced,,unaided: natural dispersal across borders of invasive alien organisms,NA,
219994537,NO,present,introduced,,escape: ornamental purpose other than horticulture,1973,
219994538,NO,present,introduced,,transport - contaminant: timber trade,NA,
219994539,NO,present,introduced,,escape: botanic garden/zoo/aquaria (excluding domestic aquaria),1973,
219994540,NO,present,introduced,,transport - contaminant: timber trade,NA,
219994542,NO,present,introduced,,transport - contaminant: contaminant nursery material,NA,
219994543,NO,present,introduced,,escape: ornamental purpose other than horticulture,1935,
219994545,NO,present,introduced,invasive,"transport - stowaway: vehicles (car, train, etc.)",NA,
219994546,NO,present,introduced,,unaided: natural dispersal across borders of invasive alien organisms,NA,
219994547,NO,present,introduced,,transport - contaminant: seed contaminant,NA,
219994549,NO,present,introduced,,transport - contaminant: food contaminant (including of live food),NA,
219994550,NO,present,introduced,,"transport - contaminant: transportation of habitat material (soil, vegetation, wood etc)",NA,
219994552,NO,present,introduced,,escape: ornamental purpose other than horticulture,NA,
219994553,NO,present,introduced,,transport - contaminant: food contaminant (including of live food),NA,
219994554,NO,present,introduced,,escape: horticulture,NA,
219994555,NO,present,introduced,,transport - stowaway: people and their luggage/equipment (in particular tourism),NA,
219994556,NO,present,introduced,,unaided: natural dispersal across borders of invasive alien organisms,1875,
219994557,NO,present,introduced,,unaided: natural dispersal across borders of invasive alien organisms,2020,
219994558,NO,present,introduced,,escape: horticulture,NA,
219994559,NO,present,introduced,,transport - contaminant: timber trade,2020,
219994560,NO,present,introduced,,transport - stowaway: container/bulk,NA,
219994561,NO,present,introduced,,"transport - contaminant: transportation of habitat material (soil, vegetation, wood etc)",1875,
219994563,NO,present,introduced,,transport - contaminant: timber trade,1983,
219994564,NO,present,introduced,,escape: ornamental purpose other than horticulture,1921,
219994565,NO,present,introduced,,unaided: natural dispersal across borders of invasive alien organisms,NA,
219994566,NO,present,introduced,,"transport - stowaway: vehicles (car, train, etc.)",NA,
219994567,NO,present,introduced,,escape: ornamental purpose other than horticulture,NA,
219994568,NO,present,introduced,,transport - stowaway: container/bulk,NA,
219994569,NO,present,introduced,,escape: horticulture,2016,
219994570,NO,present,introduced,,transport - stowaway: container/bulk,NA,
219994571,NO,present,introduced,invasive,transport - stowaway: container/bulk,NA,
219994572,NO,present,introduced,,transport - stowaway: people and their luggage/equipment (in particular tourism),NA,
219994573,NO,present,introduced,,transport - contaminant: other means of contamination,1875,
219994574,NO,present,introduced,,unaided: natural dispersal across borders of invasive alien organisms,NA,
219994576,NO,present,introduced,,transport - contaminant: seed contaminant,NA,
219994577,NO,present,introduced,invasive,unaided: natural dispersal across borders of invasive alien organisms,2006,
219994578,NO,present,introduced,,"transport - contaminant: transportation of habitat material (soil, vegetation, wood etc)",NA,
219994579,NO,present,introduced,invasive,escape: ornamental purpose other than horticulture,2006,
219994580,NO,present,introduced,,unaided: natural dispersal across borders of invasive alien organisms,2019,
219994581,NO,present,introduced,,transport - contaminant: seed contaminant,1820,
219994582,NO,present,introduced,,transport - stowaway: hitchhikers on ship/boat (excluding ballast water and hull fouling),1902,
219994583,NO,present,introduced,,unaided: natural dispersal across borders of invasive alien organisms,NA,
219994584,NO,present,introduced,,transport - stowaway: people and their luggage/equipment (in particular tourism),2019,
219994585,NO,present,introduced,,transport - contaminant: seed contaminant,1914,
219994586,NO,present,introduced,,unaided: natural dispersal across borders of invasive alien organisms,NA,
219994587,NO,present,introduced,,transport - contaminant: seed contaminant,NA,
219994588,NO,present,introduced,,transport - contaminant: contaminated bait,NA,
219994589,NO,present,introduced,,unaided: natural dispersal across borders of invasive alien organisms,NA,
219994591,NO,present,introduced,,transport - stowaway: container/bulk,2019,
219994592,NO,present,introduced,,transport - contaminant: contaminated bait,NA,
219994593,NO,present,introduced,,escape: ornamental purpose other than horticulture,1886,
219994594,NO,present,introduced,,transport - contaminant: food contaminant (including of live food),NA,
219994595,NO,present,introduced,,escape: ornamental purpose other than horticulture,1995,
219994596,NO,present,introduced,,"transport - stowaway: organic packing material, in particular wood packaging",NA,
219994597,NO,present,introduced,invasive,transport - stowaway: hitchhikers on ship/boat (excluding ballast water and hull fouling),1843,
219994598,NO,present,introduced,,transport - stowaway: container/bulk,NA,
219994599,NO,present,introduced,,escape: horticulture,1911,
219994600,NO,present,introduced,,transport - stowaway: people and their luggage/equipment (in particular tourism),NA,
219994601,NO,present,introduced,,transport - contaminant: timber trade,1973,
219994602,NO,present,introduced,,transport - contaminant: food contaminant (including of live food),NA,
219994603,NO,present,introduced,,unaided: natural dispersal across borders of invasive alien organisms,NA,
219994604,NO,present,introduced,,"transport - stowaway: organic packing material, in particular wood packaging",NA,
219994605,NO,present,introduced,invasive,transport - stowaway: people and their luggage/equipment (in particular tourism),1813,
219994606,NO,present,introduced,,transport - contaminant: contaminated bait,NA,
219994609,NO,present,introduced,invasive,escape: other escape from confinement,1874,
219994610,NO,present,introduced,,"transport - stowaway: organic packing material, in particular wood packaging",NA,
219994611,NO,present,introduced,invasive,escape: ornamental purpose other than horticulture,1874,
219994612,NO,present,introduced,,transport - contaminant: seed contaminant,NA,
219994613,NO,present,introduced,invasive,transport - contaminant: timber trade,NA,
219994614,NO,present,introduced,,escape: ornamental purpose other than horticulture,NA,
219994615,NO,present,introduced,,unaided: natural dispersal across borders of invasive alien organisms,NA,
219994616,NO,present,introduced,,transport - stowaway: ship/boat ballast water,1882,
219994617,NO,present,introduced,,transport - contaminant: timber trade,NA,
219994618,NO,present,introduced,,transport - contaminant: other means of contamination,1999,
219994619,NO,present,introduced,,transport - stowaway: people and their luggage/equipment (in particular tourism),NA,
219994620,NO,present,introduced,,transport - contaminant: seed contaminant,1875,
219994621,NO,present,introduced,,transport - stowaway: container/bulk,NA,
219994622,NO,present,introduced,,escape: horticulture,1948,
219994623,NO,present,introduced,invasive,transport - stowaway: container/bulk,NA,
219994624,NO,present,introduced,,transport - stowaway: container/bulk,NA,
219994625,NO,present,introduced,,escape: ornamental purpose other than horticulture,1967,
219994626,NO,present,introduced,,transport - contaminant: contaminant nursery material,NA,
219994627,NO,present,introduced,invasive,"transport - stowaway: vehicles (car, train, etc.)",1813,
219994628,NO,present,introduced,,unaided: natural dispersal across borders of invasive alien organisms,NA,
219994629,NO,present,introduced,,transport - contaminant: seed contaminant,1950,
219994630,NO,present,introduced,invasive,transport - contaminant: contaminant nursery material,NA,
219994631,NO,present,introduced,,unaided: natural dispersal across borders of invasive alien organisms,1882,
219994634,NO,present,introduced,,unaided: natural dispersal across borders of invasive alien organisms,1984,
219994635,NO,present,introduced,,transport - stowaway: hitchhikers on ship/boat (excluding ballast water and hull fouling),NA,
219994636,NO,present,introduced,,transport - contaminant: food contaminant (including of live food),NA,
219994637,NO,present,introduced,,transport - contaminant: seed contaminant,NA,
219994638,NO,present,introduced,,"transport - contaminant: transportation of habitat material (soil, vegetation, wood etc)",1984,
219994639,NO,present,introduced,,escape: ornamental purpose other than horticulture,NA,
219994640,NO,present,introduced,,unaided: natural dispersal across borders of invasive alien organisms,NA,
219994641,NO,present,introduced,,escape: ornamental purpose other than horticulture,NA,
219994643,NO,present,introduced,,escape: ornamental purpose other than horticulture,1964,
219994644,NO,present,introduced,,unaided: natural dispersal across borders of invasive alien organisms,1996,
219994645,NO,present,introduced,,transport - contaminant: timber trade,1996,
219994646,NO,present,introduced,,escape: ornamental purpose other than horticulture,NA,
219994647,NO,present,introduced,invasive,transport - contaminant: seed contaminant,1843,
219994648,NO,present,introduced,,transport - contaminant: timber trade,2012,
219994650,NO,present,introduced,,unaided: natural dispersal across borders of invasive alien organisms,1992,
219994651,NO,present,introduced,invasive,escape: other escape from confinement,1865,
219994652,NO,present,introduced,,"transport - contaminant: transportation of habitat material (soil, vegetation, wood etc)",1996,
219994653,NO,present,introduced,invasive,escape: horticulture,1865,
219994654,NO,present,introduced,,"transport - contaminant: transportation of habitat material (soil, vegetation, wood etc)",2021,
219994655,NO,present,introduced,,escape: ornamental purpose other than horticulture,2010,
219994656,NO,present,introduced,,"transport - stowaway: vehicles (car, train, etc.)",1989,
219994657,NO,present,introduced,,escape: horticulture,1930,
219994658,NO,present,introduced,,unaided: natural dispersal across borders of invasive alien organisms,2021,
219994659,NO,present,introduced,,escape: ornamental purpose other than horticulture,2005,
219994660,NO,present,introduced,,unaided: natural dispersal across borders of invasive alien organisms,1965,
219994661,NO,present,introduced,,escape: agriculture (including biofuel feedstocks),NA,
219994662,NO,present,introduced,,unaided: natural dispersal across borders of invasive alien organisms,2012,
219994663,NO,present,introduced,,transport - contaminant: seed contaminant,1902,
219994664,NO,present,introduced,,"transport - contaminant: transportation of habitat material (soil, vegetation, wood etc)",1960,
219994665,NO,present,introduced,invasive,escape: botanic garden/zoo/aquaria (excluding domestic aquaria),1991,
219994666,NO,present,introduced,,unaided: natural dispersal across borders of invasive alien organisms,1960,
219994667,NO,present,introduced,,,NA,
219994668,NO,present,introduced,,"transport - contaminant: transportation of habitat material (soil, vegetation, wood etc)",1989,
219994669,NO,present,introduced,,transport - contaminant: seed contaminant,1820,
219994670,NO,present,introduced,,"transport - contaminant: transportation of habitat material (soil, vegetation, wood etc)",1992,
219994671,NO,present,introduced,invasive,escape: horticulture,1943,
219994672,NO,present,introduced,,"transport - stowaway: vehicles (car, train, etc.)",1965,
219994673,NO,present,introduced,,unaided: natural dispersal across borders of invasive alien organisms,1989,
219994674,NO,present,introduced,,transport - stowaway: hitchhikers on ship/boat (excluding ballast water and hull fouling),1875,
219994675,NO,present,introduced,,"transport - contaminant: transportation of habitat material (soil, vegetation, wood etc)",1965,
219994676,NO,present,introduced,,transport - stowaway: hitchhikers on ship/boat (excluding ballast water and hull fouling),1882,
219994677,NO,present,introduced,,transport - stowaway: container/bulk,1989,
219994678,NO,present,introduced,,"transport - contaminant: transportation of habitat material (soil, vegetation, wood etc)",2012,
219994679,NO,present,introduced,,"transport - stowaway: vehicles (car, train, etc.)",NA,
219994680,NO,present,introduced,,transport - contaminant: contaminant nursery material,2021,
219994681,NO,present,introduced,,escape: ornamental purpose other than horticulture,1996,
219994683,NO,present,introduced,,escape: horticulture,1983,
219994684,NO,present,introduced,,"transport - contaminant: transportation of habitat material (soil, vegetation, wood etc)",2015,
219994685,NO,present,introduced,,unaided: natural dispersal across borders of invasive alien organisms,2015,
219994686,NO,present,introduced,,transport - stowaway: other means of transport,NA,
219994688,NO,present,introduced,,escape: ornamental purpose other than horticulture,NA,
219994689,NO,present,introduced,,unaided: natural dispersal across borders of invasive alien organisms,NA,
219994690,NO,present,introduced,,release: other intentional release,2004,
219994691,NO,present,introduced,invasive,release: other intentional release,1991,
219994692,NO,present,introduced,,"transport - contaminant: transportation of habitat material (soil, vegetation, wood etc)",NA,
219994693,NO,present,introduced,,"transport - contaminant: transportation of habitat material (soil, vegetation, wood etc)",NA,
219994696,NO,present,introduced,invasive,unaided: natural dispersal across borders of invasive alien organisms,NA,
219994697,NO,present,introduced,,transport - contaminant: seed contaminant,2020,
219994698,NO,present,introduced,invasive,transport - stowaway: hitchhikers on ship/boat (excluding ballast water and hull fouling),NA,
219994699,NO,present,introduced,,transport - contaminant: timber trade,2020,
219994700,NO,present,introduced,invasive,transport - stowaway: angling/fishing equipment,NA,
219994701,NO,present,introduced,,"transport - stowaway: organic packing material, in particular wood packaging",2020,
219994702,NO,present,introduced,invasive,release: other intentional release,NA,
219994703,NO,present,introduced,,unaided: natural dispersal across borders of invasive alien organisms,2020,
219994705,NO,present,introduced,,transport - contaminant: contaminated bait,2020,
219994707,NO,present,introduced,,transport - contaminant: timber trade,1863,
219994708,NO,present,introduced,,unaided: natural dispersal across borders of invasive alien organisms,NA,
219994709,NO,present,introduced,,"transport - stowaway: vehicles (car, train, etc.)",1860,
219994710,NO,present,introduced,,"transport - contaminant: transportation of habitat material (soil, vegetation, wood etc)",NA,
219994711,NO,present,introduced,,escape: botanic garden/zoo/aquaria (excluding domestic aquaria),1991,
219994712,NO,present,introduced,,transport - contaminant: timber trade,NA,
219994713,NO,present,introduced,,transport - contaminant: contaminated bait,1863,
219994714,NO,present,introduced,,"transport - contaminant: contaminant on plants (except parasites, species transported by host/vector)",NA,
219994715,NO,present,introduced,,escape: ornamental purpose other than horticulture,1991,
219994716,NO,present,introduced,,"transport - contaminant: transportation of habitat material (soil, vegetation, wood etc)",NA,
219994717,NO,present,introduced,,transport - contaminant: seed contaminant,1860,
219994718,NO,present,introduced,,transport - stowaway: other means of transport,NA,
219994719,NO,present,introduced,,escape: ornamental purpose other than horticulture,1863,
219994720,NO,present,introduced,,unaided: natural dispersal across borders of invasive alien organisms,NA,
219994721,NO,present,introduced,,escape: ornamental purpose other than horticulture,NA,
219994722,NO,present,introduced,,"transport - contaminant: transportation of habitat material (soil, vegetation, wood etc)",NA,
219994723,NO,present,introduced,,transport - contaminant: seed contaminant,1991,
219994724,NO,present,introduced,,unaided: natural dispersal across borders of invasive alien organisms,NA,
219994725,NO,present,introduced,,transport - contaminant: contaminated bait,1860,
219994726,NO,present,introduced,,unaided: natural dispersal across borders of invasive alien organisms,NA,
219994727,NO,present,introduced,invasive,"transport - stowaway: vehicles (car, train, etc.)",1823,
219994728,NO,present,introduced,,transport - contaminant: timber trade,NA,
219994729,NO,present,introduced,,transport - contaminant: contaminated bait,NA,
219994730,NO,present,introduced,,"transport - contaminant: transportation of habitat material (soil, vegetation, wood etc)",NA,
219994732,NO,present,introduced,,transport - contaminant: contaminant nursery material,NA,
219994733,NO,present,introduced,,transport - stowaway: container/bulk,NA,
219994734,NO,present,introduced,invasive,escape: ornamental purpose other than horticulture,1970,
219994736,NO,present,introduced,invasive,escape: ornamental purpose other than horticulture,1823,
219994737,NO,present,introduced,,escape: ornamental purpose other than horticulture,2002,
219994738,NO,present,introduced,,unaided: natural dispersal across borders of invasive alien organisms,NA,
219994739,NO,present,introduced,,escape: ornamental purpose other than horticulture,NA,
219994740,NO,present,introduced,,"transport - contaminant: transportation of habitat material (soil, vegetation, wood etc)",NA,
219994741,NO,present,introduced,,"transport - contaminant: transportation of habitat material (soil, vegetation, wood etc)",NA,
219994742,NO,present,introduced,,escape: botanic garden/zoo/aquaria (excluding domestic aquaria),2002,
219994743,NO,present,introduced,,"transport - contaminant: transportation of habitat material (soil, vegetation, wood etc)",NA,
219994744,NO,present,introduced,invasive,transport - contaminant: seed contaminant,1823,
219994745,NO,present,introduced,,unaided: natural dispersal across borders of invasive alien organisms,NA,
219994746,NO,present,introduced,invasive,escape: ornamental purpose other than horticulture,1871,
219994747,NO,present,introduced,,transport - stowaway: container/bulk,NA,
219994748,NO,present,introduced,,"transport - contaminant: transportation of habitat material (soil, vegetation, wood etc)",NA,
219994749,NO,present,introduced,,transport - contaminant: seed contaminant,NA,
219994750,NO,present,introduced,,unaided: natural dispersal across borders of invasive alien organisms,NA,
219994751,NO,present,introduced,,escape: ornamental purpose other than horticulture,1947,
219994752,NO,present,introduced,,"transport - contaminant: transportation of habitat material (soil, vegetation, wood etc)",NA,
219994753,NO,present,introduced,,transport - stowaway: container/bulk,NA,
219994754,NO,present,introduced,,escape: ornamental purpose other than horticulture,1860,
219994755,NO,present,introduced,,unaided: natural dispersal across borders of invasive alien organisms,NA,
219994756,NO,present,introduced,,transport - contaminant: seed contaminant,2005,
219994757,NO,present,introduced,,transport - contaminant: contaminant nursery material,2014,
219994758,NO,present,introduced,,escape: botanic garden/zoo/aquaria (excluding domestic aquaria),NA,
219994759,NO,present,introduced,,unaided: natural dispersal across borders of invasive alien organisms,NA,
219994760,NO,present,introduced,,"transport - contaminant: transportation of habitat material (soil, vegetation, wood etc)",NA,
219994761,NO,present,introduced,,escape: ornamental purpose other than horticulture,2011,
219994762,NO,present,introduced,,escape: ornamental purpose other than horticulture,2005,
219994763,NO,present,introduced,,unaided: natural dispersal across borders of invasive alien organisms,NA,
219994764,NO,present,introduced,,transport - contaminant: timber trade,1860,
219994765,NO,present,introduced,,"transport - contaminant: transportation of habitat material (soil, vegetation, wood etc)",NA,
219994766,NO,present,introduced,,unaided: natural dispersal across borders of invasive alien organisms,NA,
219994768,NO,present,introduced,,unaided: natural dispersal across borders of invasive alien organisms,NA,
219994770,NO,present,introduced,,"transport - contaminant: transportation of habitat material (soil, vegetation, wood etc)",NA,
219994771,NO,present,introduced,invasive,release: landscape improvement,NA,
219994772,NO,present,introduced,,transport - stowaway: container/bulk,NA,
219994773,NO,present,introduced,,"transport - contaminant: transportation of habitat material (soil, vegetation, wood etc)",NA,
219994774,NO,present,introduced,invasive,unaided: natural dispersal across borders of invasive alien organisms,NA,
219994775,NO,present,introduced,invasive,unaided: natural dispersal across borders of invasive alien organisms,NA,
219994776,NO,present,introduced,,"transport - contaminant: transportation of habitat material (soil, vegetation, wood etc)",NA,
219994777,NO,present,introduced,invasive,escape: pet/aquarium/terrarium species (including live food for such species),NA,
219994778,NO,present,introduced,,unaided: natural dispersal across borders of invasive alien organisms,NA,
219994780,NO,present,introduced,,transport - contaminant: contaminant nursery material,NA,
219994782,NO,present,introduced,,"transport - contaminant: transportation of habitat material (soil, vegetation, wood etc)",NA,
219994783,NO,present,introduced,,escape: ornamental purpose other than horticulture,1993,
219994785,NO,present,introduced,,escape: other escape from confinement,1993,
219994786,NO,present,introduced,,unaided: natural dispersal across borders of invasive alien organisms,NA,
219994787,NO,present,introduced,,escape: other escape from confinement,NA,
219994788,NO,present,introduced,,"transport - contaminant: transportation of habitat material (soil, vegetation, wood etc)",NA,
219994789,NO,present,introduced,,escape: ornamental purpose other than horticulture,NA,
219994790,NO,present,introduced,,transport - stowaway: container/bulk,NA,
219994792,NO,present,introduced,,unaided: natural dispersal across borders of invasive alien organisms,NA,
219994794,NO,present,introduced,,"transport - stowaway: vehicles (car, train, etc.)",NA,
219994795,NO,present,introduced,,unaided: natural dispersal across borders of invasive alien organisms,NA,
219994796,NO,present,introduced,,unaided: natural dispersal across borders of invasive alien organisms,NA,
219994797,NO,present,introduced,,escape: ornamental purpose other than horticulture,NA,
219994798,NO,present,introduced,,unaided: natural dispersal across borders of invasive alien organisms,2014,
219994799,NO,present,introduced,,escape: horticulture,NA,
219994800,NO,present,introduced,,unaided: natural dispersal across borders of invasive alien organisms,NA,
219994801,NO,present,introduced,,unaided: natural dispersal across borders of invasive alien organisms,NA,
219994802,NO,present,introduced,,"transport - contaminant: transportation of habitat material (soil, vegetation, wood etc)",NA,
219994805,NO,present,introduced,,"transport - contaminant: transportation of habitat material (soil, vegetation, wood etc)",NA,
219994806,NO,present,introduced,,escape: ornamental purpose other than horticulture,NA,
219994807,NO,present,introduced,,"transport - contaminant: transportation of habitat material (soil, vegetation, wood etc)",NA,
219994808,NO,present,introduced,,escape: botanic garden/zoo/aquaria (excluding domestic aquaria),1927,
219994809,NO,present,introduced,,"transport - contaminant: transportation of habitat material (soil, vegetation, wood etc)",NA,
219994810,NO,present,introduced,,unaided: natural dispersal across borders of invasive alien organisms,NA,
219994811,NO,present,introduced,,"transport - contaminant: transportation of habitat material (soil, vegetation, wood etc)",2014,
219994812,NO,present,introduced,,unaided: natural dispersal across borders of invasive alien organisms,NA,
219994813,NO,present,introduced,,escape: ornamental purpose other than horticulture,1918,
219994814,NO,present,introduced,,unaided: natural dispersal across borders of invasive alien organisms,NA,
219994815,NO,present,introduced,,"transport - contaminant: contaminant on plants (except parasites, species transported by host/vector)",NA,
219994816,NO,present,introduced,,"transport - contaminant: transportation of habitat material (soil, vegetation, wood etc)",NA,
219994817,NO,present,introduced,,"transport - contaminant: transportation of habitat material (soil, vegetation, wood etc)",NA,
219994818,NO,present,introduced,,"transport - stowaway: vehicles (car, train, etc.)",NA,
219994819,NO,present,introduced,,transport - contaminant: seed contaminant,NA,
219994820,NO,present,introduced,,unaided: natural dispersal across borders of invasive alien organisms,NA,
219994821,NO,present,introduced,,transport - stowaway: ship/boat ballast water,1960,
219994822,NO,present,introduced,,unaided: natural dispersal across borders of invasive alien organisms,NA,
219994823,NO,present,introduced,,unaided: natural dispersal across borders of invasive alien organisms,NA,
219994824,NO,present,introduced,,escape: ornamental purpose other than horticulture,1961,
219994825,NO,present,introduced,,escape: botanic garden/zoo/aquaria (excluding domestic aquaria),1960,
219994826,NO,present,introduced,,"transport - contaminant: transportation of habitat material (soil, vegetation, wood etc)",NA,
219994827,NO,present,introduced,,transport - contaminant: seed contaminant,1862,
219994828,NO,present,introduced,,"transport - contaminant: transportation of habitat material (soil, vegetation, wood etc)",NA,
219994829,NO,present,introduced,,transport - stowaway: hitchhikers on ship/boat (excluding ballast water and hull fouling),NA,
219994830,NO,present,introduced,,unaided: natural dispersal across borders of invasive alien organisms,NA,
219994831,NO,present,introduced,,"transport - contaminant: transportation of habitat material (soil, vegetation, wood etc)",NA,
219994832,NO,present,introduced,invasive,escape: ornamental purpose other than horticulture,1865,
219994833,NO,present,introduced,,unaided: natural dispersal across borders of invasive alien organisms,NA,
219994834,NO,present,introduced,,"transport - contaminant: transportation of habitat material (soil, vegetation, wood etc)",1862,
219994835,NO,present,introduced,,unaided: natural dispersal across borders of invasive alien organisms,NA,
219994836,NO,present,introduced,,escape: ornamental purpose other than horticulture,1927,
219994837,NO,present,introduced,,"transport - contaminant: transportation of habitat material (soil, vegetation, wood etc)",1961,
219994840,NO,present,introduced,,unaided: natural dispersal across borders of invasive alien organisms,NA,
219994841,NO,present,introduced,invasive,escape: ornamental purpose other than horticulture,1996,
219994842,NO,present,introduced,,"transport - contaminant: transportation of habitat material (soil, vegetation, wood etc)",NA,
219994844,NO,present,introduced,,unaided: natural dispersal across borders of invasive alien organisms,NA,
219994845,NO,present,introduced,,escape: ornamental purpose other than horticulture,1896,
219994846,NO,present,introduced,,"transport - contaminant: transportation of habitat material (soil, vegetation, wood etc)",NA,
219994848,NO,present,introduced,,escape: ornamental purpose other than horticulture,1904,
219994849,NO,present,introduced,,"transport - contaminant: transportation of habitat material (soil, vegetation, wood etc)",NA,
219994850,NO,present,introduced,,transport - contaminant: timber trade,NA,
219994851,NO,present,introduced,,escape: ornamental purpose other than horticulture,2004,
219994852,NO,present,introduced,,unaided: natural dispersal across borders of invasive alien organisms,NA,
219994853,NO,present,introduced,,escape: ornamental purpose other than horticulture,1943,
219994854,NO,present,introduced,,transport - contaminant: contaminant nursery material,NA,
219994855,NO,present,introduced,,escape: horticulture,1981,
219994856,NO,present,introduced,,unaided: natural dispersal across borders of invasive alien organisms,NA,
219994857,NO,present,introduced,,escape: horticulture,1904,
219994858,NO,present,introduced,,transport - contaminant: contaminant nursery material,NA,
219994859,NO,present,introduced,invasive,escape: horticulture,1875,
219994861,NO,present,introduced,,escape: botanic garden/zoo/aquaria (excluding domestic aquaria),NA,
219994862,NO,present,introduced,,"transport - contaminant: contaminant on plants (except parasites, species transported by host/vector)",NA,
219994863,NO,present,introduced,,escape: horticulture,1943,
219994864,NO,present,introduced,,escape: ornamental purpose other than horticulture,NA,
219994865,NO,present,introduced,,unaided: natural dispersal across borders of invasive alien organisms,NA,
219994866,NO,present,introduced,,transport - contaminant: contaminant nursery material,NA,
219994867,NO,present,introduced,,escape: ornamental purpose other than horticulture,NA,
219994868,NO,present,introduced,,unaided: natural dispersal across borders of invasive alien organisms,1974,
219994870,NO,present,introduced,,"transport - contaminant: contaminant on plants (except parasites, species transported by host/vector)",NA,
219994871,NO,present,introduced,invasive,escape: ornamental purpose other than horticulture,1959,
219994872,NO,present,introduced,,transport - contaminant: contaminant nursery material,NA,
219994873,NO,present,introduced,invasive,escape: horticulture,1959,
219994874,NO,present,introduced,,transport - contaminant: food contaminant (including of live food),NA,
219994875,NO,present,introduced,invasive,escape: ornamental purpose other than horticulture,1884,
219994876,NO,present,introduced,,release: conservation or wildlife management,2007,
219994877,NO,present,introduced,,transport - contaminant: contaminant nursery material,2016,
219994879,NO,present,introduced,,unaided: natural dispersal across borders of invasive alien organisms,2016,
219994880,NO,present,introduced,,escape: ornamental purpose other than horticulture,1919,
219994881,NO,present,introduced,,transport - contaminant: seed contaminant,1974,
219994882,NO,present,introduced,,escape: horticulture,1919,
219994883,NO,present,introduced,,transport - contaminant: contaminant nursery material,NA,
219994884,NO,present,introduced,,escape: ornamental purpose other than horticulture,2013,
219994885,NO,present,introduced,,unaided: natural dispersal across borders of invasive alien organisms,NA,
219994886,NO,present,introduced,,escape: horticulture,2013,
219994887,NO,present,introduced,,unaided: natural dispersal across borders of invasive alien organisms,NA,
219994888,NO,present,introduced,,escape: other escape from confinement,2013,
219994889,NO,present,introduced,,transport - contaminant: contaminant nursery material,NA,
219994890,NO,present,introduced,,escape: ornamental purpose other than horticulture,1981,
219994891,NO,present,introduced,,transport - contaminant: food contaminant (including of live food),NA,
219994892,NO,present,introduced,,escape: ornamental purpose other than horticulture,NA,
219994893,NO,present,introduced,,transport - contaminant: contaminant nursery material,NA,
219994895,NO,present,introduced,,transport - contaminant: food contaminant (including of live food),NA,
219994896,NO,present,introduced,,transport - contaminant: contaminant nursery material,1974,
219994897,NO,present,introduced,,release: erosion control,1829,
219994898,NO,present,introduced,,transport - contaminant: contaminant nursery material,NA,
219994899,NO,present,introduced,,"transport - contaminant: contaminant on plants (except parasites, species transported by host/vector)",1974,
219994900,NO,present,introduced,,escape: ornamental purpose other than horticulture,1829,
219994901,NO,present,introduced,,transport - contaminant: food contaminant (including of live food),NA,
219994902,NO,present,introduced,,escape: horticulture,1829,
219994903,NO,present,introduced,,unaided: natural dispersal across borders of invasive alien organisms,NA,
219994904,NO,present,introduced,,escape: ornamental purpose other than horticulture,NA,
219994905,NO,present,introduced,,transport - contaminant: food contaminant (including of live food),NA,
219994908,NO,present,introduced,,escape: ornamental purpose other than horticulture,NA,
219994910,NO,present,introduced,,release: landscape improvement,NA,
219994911,NO,present,introduced,,transport - contaminant: contaminant nursery material,2016,
219994912,NO,present,introduced,invasive,release: erosion control,1874,
219994913,NO,present,introduced,,unaided: natural dispersal across borders of invasive alien organisms,2016,
219994916,NO,present,introduced,,unaided: natural dispersal across borders of invasive alien organisms,NA,
219994917,NO,present,introduced,,transport - contaminant: timber trade,1976,
219994918,NO,present,introduced,,unaided: natural dispersal across borders of invasive alien organisms,1976,
219994921,NO,present,introduced,,escape: ornamental purpose other than horticulture,NA,
219994922,NO,present,introduced,,"transport - contaminant: transportation of habitat material (soil, vegetation, wood etc)",NA,
219994923,NO,present,introduced,,escape: horticulture,1912,
219994924,NO,present,introduced,,transport - contaminant: contaminant nursery material,NA,
219994925,NO,present,introduced,,unaided: natural dispersal across borders of invasive alien organisms,2013,
219994926,NO,present,introduced,invasive,escape: ornamental purpose other than horticulture,1875,
219994927,NO,present,introduced,,escape: horticulture,NA,
219994928,NO,present,introduced,,"transport - contaminant: transportation of habitat material (soil, vegetation, wood etc)",NA,
219994929,NO,present,introduced,,"transport - contaminant: transportation of habitat material (soil, vegetation, wood etc)",2013,
219994930,NO,present,introduced,,escape: horticulture,NA,
219994931,NO,present,introduced,,unaided: natural dispersal across borders of invasive alien organisms,NA,
219994934,NO,present,introduced,,escape: ornamental purpose other than horticulture,1927,
219994935,NO,present,introduced,,"transport - contaminant: transportation of habitat material (soil, vegetation, wood etc)",NA,
219994936,NO,present,introduced,,escape: horticulture,1927,
219994937,NO,present,introduced,,unaided: natural dispersal across borders of invasive alien organisms,NA,
219994938,NO,present,introduced,,transport - contaminant: timber trade,NA,
219994941,NO,present,introduced,,transport - contaminant: food contaminant (including of live food),NA,
219994942,NO,present,introduced,,escape: ornamental purpose other than horticulture,1991,
219994943,NO,present,introduced,,escape: ornamental purpose other than horticulture,1941,
219994944,NO,present,introduced,,transport - contaminant: timber trade,NA,
219994945,NO,present,introduced,,escape: ornamental purpose other than horticulture,1912,
219994946,NO,present,introduced,,transport - contaminant: parasites on plants (including species transported by host and vector),NA,
219994947,NO,present,introduced,,escape: ornamental purpose other than horticulture,1992,
219994948,NO,present,introduced,,"transport - contaminant: transportation of habitat material (soil, vegetation, wood etc)",NA,
219994949,NO,present,introduced,,escape: horticulture,NA,
219994950,NO,present,introduced,,unaided: natural dispersal across borders of invasive alien organisms,NA,
219994951,NO,present,introduced,,escape: horticulture,1992,
219994952,NO,present,introduced,,"transport - contaminant: transportation of habitat material (soil, vegetation, wood etc)",NA,
219994953,NO,present,introduced,,escape: ornamental purpose other than horticulture,NA,
219994954,NO,present,introduced,,unaided: natural dispersal across borders of invasive alien organisms,NA,
219994955,NO,present,introduced,,unaided: natural dispersal across borders of invasive alien organisms,NA,
219994957,NO,present,introduced,,unaided: natural dispersal across borders of invasive alien organisms,NA,
219994958,NO,present,introduced,,"transport - contaminant: transportation of habitat material (soil, vegetation, wood etc)",NA,
219994959,NO,present,introduced,,escape: ornamental purpose other than horticulture,1991,
219994961,NO,present,introduced,,escape: horticulture,1991,
219994962,NO,present,introduced,,transport - contaminant: contaminated bait,NA,
219994963,NO,present,introduced,,escape: other escape from confinement,1904,
219994964,NO,present,introduced,,"transport - contaminant: transportation of habitat material (soil, vegetation, wood etc)",NA,
219994965,NO,present,introduced,invasive,escape: horticulture,1874,
219994966,NO,present,introduced,,unaided: natural dispersal across borders of invasive alien organisms,NA,
219994967,NO,present,introduced,invasive,escape: horticulture,1996,
219994968,NO,present,introduced,,escape: ornamental purpose other than horticulture,NA,
219994969,NO,present,introduced,,escape: agriculture (including biofuel feedstocks),NA,
219994971,NO,present,introduced,,escape: forestry (including reforestation),1941,
219994972,NO,present,introduced,,escape: horticulture,1896,
219994974,NO,present,introduced,invasive,"transport - contaminant: transportation of habitat material (soil, vegetation, wood etc)",1874,
219994975,NO,present,introduced,,escape: ornamental purpose other than horticulture,1896,
219994976,NO,present,introduced,,escape: farmed animals (including animals left under limited control),1994,
219994977,NO,present,introduced,,escape: horticulture,1941,
219994978,NO,present,introduced,,escape: other escape from confinement,1981,
219994979,NO,present,introduced,,escape: horticulture,NA,
219994981,NO,present,introduced,,unaided: natural dispersal across borders of invasive alien organisms,1906,
219994982,NO,present,introduced,,escape: ornamental purpose other than horticulture,1990,
219994983,NO,present,introduced,,transport - contaminant: parasites on animals (including organisms transported by host and vector),1906,
219994984,NO,present,introduced,,"transport - contaminant: contaminant on animals (except parasites, organisms transported by host/vector)",1906,
219994985,NO,present,introduced,,escape: horticulture,1990,
219994987,NO,present,introduced,,escape: ornamental purpose other than horticulture,1939,
219994988,NO,present,introduced,,"transport - contaminant: transportation of habitat material (soil, vegetation, wood etc)",NA,
219994990,NO,present,introduced,,transport - contaminant: parasites on plants (including species transported by host and vector),NA,
219994991,NO,present,introduced,invasive,escape: horticulture,NA,
219994992,NO,present,introduced,,transport - stowaway: container/bulk,NA,
219994993,NO,present,introduced,invasive,escape: ornamental purpose other than horticulture,NA,
219994994,NO,present,introduced,,transport - contaminant: parasites on plants (including species transported by host and vector),NA,
219994995,NO,present,introduced,invasive,escape: agriculture (including biofuel feedstocks),NA,
219994996,NO,present,introduced,,transport - contaminant: contaminant nursery material,NA,
219994998,NO,present,introduced,,"transport - contaminant: transportation of habitat material (soil, vegetation, wood etc)",NA,
219994999,NO,present,introduced,,"transport - contaminant: contaminant on plants (except parasites, species transported by host/vector)",NA,
219995000,NO,present,introduced,,escape: ornamental purpose other than horticulture,NA,
219995002,NO,present,introduced,,escape: horticulture,NA,
219995003,NO,present,introduced,,transport - contaminant: contaminant nursery material,NA,
219995005,NO,present,introduced,,"transport - contaminant: transportation of habitat material (soil, vegetation, wood etc)",NA,
219995006,NO,present,introduced,,escape: ornamental purpose other than horticulture,1946,
219995008,NO,present,introduced,,escape: horticulture,1946,
219995009,NO,present,introduced,,escape: horticulture,NA,
219995010,NO,present,introduced,,escape: horticulture,NA,
219995012,NO,present,introduced,,transport - contaminant: contaminant nursery material,1979,
219995013,NO,present,introduced,invasive,escape: ornamental purpose other than horticulture,NA,
219995014,NO,present,introduced,,unaided: natural dispersal across borders of invasive alien organisms,,
219995015,NO,present,introduced,invasive,escape: horticulture,NA,
219995016,NO,present,introduced,invasive,release: landscape improvement,1874,
219995017,NO,present,introduced,,escape: ornamental purpose other than horticulture,2007,
219995018,NO,present,introduced,,transport - contaminant: food contaminant (including of live food),NA,
219995019,NO,present,introduced,,escape: horticulture,NA,
219995021,NO,present,introduced,,"transport - contaminant: contaminant on plants (except parasites, species transported by host/vector)",,
219995022,NO,present,introduced,,escape: ornamental purpose other than horticulture,1920,
219995023,NO,present,introduced,,transport - stowaway: other means of transport,2016,
219995024,NO,present,introduced,,escape: horticulture,1920,
219995025,NO,present,introduced,,transport - contaminant: timber trade,NA,
219995026,NO,present,introduced,,escape: horticulture,2004,
219995027,NO,present,introduced,invasive,escape: ornamental purpose other than horticulture,1874,
219995028,NO,present,introduced,,transport - contaminant: food contaminant (including of live food),2016,
219995029,NO,present,introduced,,transport - stowaway: container/bulk,NA,
219995030,NO,present,introduced,,escape: other escape from confinement,2007,
219995031,NO,present,introduced,,"transport - contaminant: transportation of habitat material (soil, vegetation, wood etc)",1979,
219995033,NO,present,introduced,,transport - contaminant: parasites on plants (including species transported by host and vector),NA,
219995034,NO,present,introduced,,transport - contaminant: food contaminant (including of live food),,
219995035,NO,present,introduced,,escape: horticulture,1932,
219995036,NO,present,introduced,,transport - contaminant: food contaminant (including of live food),NA,
219995037,NO,present,introduced,,transport - contaminant: parasites on animals (including organisms transported by host and vector),NA,
219995038,NO,present,introduced,,,2003,
219995039,NO,present,introduced,,transport - contaminant: contaminant nursery material,NA,
219995040,NO,present,introduced,invasive,escape: ornamental purpose other than horticulture,1900,
219995041,NO,present,introduced,,transport - contaminant: food contaminant (including of live food),,
219995042,NO,present,introduced,invasive,escape: horticulture,1900,
219995043,NO,present,introduced,,unaided: natural dispersal across borders of invasive alien organisms,NA,
219995044,NO,present,introduced,,escape: ornamental purpose other than horticulture,1932,
219995045,NO,present,introduced,,escape: ornamental purpose other than horticulture,NA,
219995047,NO,present,introduced,,escape: ornamental purpose other than horticulture,1959,
219995048,NO,present,introduced,,transport - stowaway: container/bulk,NA,
219995049,NO,present,introduced,,escape: horticulture,NA,
219995050,NO,present,introduced,invasive,transport - stowaway: people and their luggage/equipment (in particular tourism),NA,
219995051,NO,present,introduced,,escape: horticulture,NA,
219995052,NO,present,introduced,,transport - stowaway: people and their luggage/equipment (in particular tourism),NA,
219995053,NO,present,introduced,,escape: horticulture,1959,
219995054,NO,present,introduced,,transport - stowaway: container/bulk,NA,
219995055,NO,present,introduced,,escape: ornamental purpose other than horticulture,NA,
219995056,NO,present,introduced,,transport - stowaway: container/bulk,NA,
219995057,NO,present,introduced,,escape: ornamental purpose other than horticulture,NA,
219995059,NO,present,introduced,,transport - stowaway: container/bulk,NA,
219995061,NO,present,introduced,,transport - stowaway: people and their luggage/equipment (in particular tourism),NA,
219995062,NO,present,introduced,,unaided: natural dispersal across borders of invasive alien organisms,1980,
219995063,NO,present,introduced,,"transport - contaminant: contaminant on plants (except parasites, species transported by host/vector)",1930,
219995064,NO,present,introduced,invasive,transport - stowaway: container/bulk,NA,
219995065,NO,present,introduced,,transport - stowaway: container/bulk,NA,
219995066,NO,present,introduced,,transport - contaminant: timber trade,1930,
219995067,NO,present,introduced,,"transport - contaminant: transportation of habitat material (soil, vegetation, wood etc)",1932,
219995068,NO,present,introduced,,transport - stowaway: people and their luggage/equipment (in particular tourism),NA,
219995069,NO,present,introduced,,escape: horticulture,NA,
219995070,NO,present,introduced,,transport - stowaway: container/bulk,NA,
219995071,NO,present,introduced,,transport - contaminant: timber trade,1948,
219995072,NO,present,introduced,invasive,transport - stowaway: machinery/equipment,NA,
219995073,NO,present,introduced,,transport - stowaway: machinery/equipment,NA,
219995074,NO,present,introduced,,transport - stowaway: hitchhikers on ship/boat (excluding ballast water and hull fouling),1930,
219995075,NO,present,introduced,,transport - stowaway: container/bulk,NA,
219995076,NO,present,introduced,,escape: horticulture,1980,
219995077,NO,present,introduced,,escape: botanic garden/zoo/aquaria (excluding domestic aquaria),1948,
219995079,NO,present,introduced,,escape: ornamental purpose other than horticulture,1980,
219995080,NO,present,introduced,,transport - contaminant: parasites on animals (including organisms transported by host and vector),NA,
219995081,NO,present,introduced,,escape: ornamental purpose other than horticulture,1927,
219995083,NO,present,introduced,,"transport - contaminant: contaminant on plants (except parasites, species transported by host/vector)",1932,
219995084,NO,present,introduced,,transport - stowaway: ship/boat ballast water,,
219995085,NO,present,introduced,,unaided: natural dispersal across borders of invasive alien organisms,1891,
219995086,NO,present,introduced,,transport - stowaway: ship/boat hull fouling,,
219995087,NO,present,introduced,,escape: other escape from confinement,1891,
219995089,NO,present,introduced,,transport - stowaway: other means of transport,2000,
219995090,NO,present,introduced,,corridors: interconnected waterways/basins/seas,NA,
219995091,NO,present,introduced,invasive,transport - contaminant: seed contaminant,2003,
219995092,NO,present,introduced,,transport - stowaway: other means of transport,1985,
219995093,NO,present,introduced,,transport - contaminant: seed contaminant,1932,
219995094,NO,present,introduced,,transport - stowaway: other means of transport,NA,
219995095,NO,present,introduced,,escape: ornamental purpose other than horticulture,1934,
219995097,NO,present,introduced,invasive,transport - contaminant: timber trade,2003,
219995098,NO,present,introduced,,"transport - contaminant: transportation of habitat material (soil, vegetation, wood etc)",NA,
219995099,NO,present,introduced,,transport - contaminant: seed contaminant,1930,
219995100,NO,present,introduced,,unaided: natural dispersal across borders of invasive alien organisms,NA,
219995101,NO,present,introduced,,escape: ornamental purpose other than horticulture,NA,
219995102,NO,present,introduced,,transport - contaminant: food contaminant (including of live food),NA,
219995103,NO,present,introduced,,escape: research and ex-situ breeding (in facilities),NA,
219995104,NO,present,introduced,,transport - contaminant: seed contaminant,1850,
219995105,NO,present,introduced,,transport - stowaway: container/bulk,NA,
219995106,NO,present,introduced,,transport - contaminant: other means of contamination,2000,
219995107,NO,present,introduced,,"transport - contaminant: contaminant on plants (except parasites, species transported by host/vector)",NA,
219995109,NO,present,introduced,,transport - contaminant: food contaminant (including of live food),1850,
219995110,NO,present,introduced,,escape: ornamental purpose other than horticulture,1891,
219995111,NO,present,introduced,,transport - stowaway: container/bulk,NA,
219995112,NO,present,introduced,,"transport - contaminant: transportation of habitat material (soil, vegetation, wood etc)",1930,
219995113,NO,present,introduced,,transport - contaminant: parasites on plants (including species transported by host and vector),NA,
219995115,NO,present,introduced,,transport - contaminant: parasites on plants (including species transported by host and vector),1900,
219995117,NO,present,introduced,,unaided: natural dispersal across borders of invasive alien organisms,NA,
219995118,NO,present,introduced,,unaided: natural dispersal across borders of invasive alien organisms,NA,
219995119,NO,present,introduced,,escape: ornamental purpose other than horticulture,2001,
219995120,NO,present,introduced,,escape: horticulture,2001,
219995121,NO,present,introduced,,transport - contaminant: parasites on plants (including species transported by host and vector),NA,
219995122,NO,present,introduced,,escape: ornamental purpose other than horticulture,NA,
219995123,NO,present,introduced,,transport - contaminant: parasites on plants (including species transported by host and vector),NA,
219995124,NO,present,introduced,,transport - contaminant: timber trade,NA,
219995126,NO,present,introduced,,transport - contaminant: parasites on plants (including species transported by host and vector),NA,
219995127,NO,present,introduced,invasive,escape: ornamental purpose other than horticulture,1927,
219995128,NO,present,introduced,,transport - contaminant: parasites on plants (including species transported by host and vector),1900,
219995130,NO,present,introduced,,"transport - contaminant: contaminant on plants (except parasites, species transported by host/vector)",NA,
219995131,NO,present,introduced,,escape: ornamental purpose other than horticulture,1963,
219995132,NO,present,introduced,,transport - contaminant: parasites on plants (including species transported by host and vector),NA,
219995133,NO,present,introduced,,escape: horticulture,1963,
219995134,NO,present,introduced,,transport - contaminant: parasites on plants (including species transported by host and vector),2017,
219995136,NO,present,introduced,,transport - contaminant: parasites on plants (including species transported by host and vector),NA,
219995137,NO,present,introduced,,escape: ornamental purpose other than horticulture,NA,
219995138,NO,present,introduced,,transport - contaminant: parasites on plants (including species transported by host and vector),2003,
219995139,NO,present,introduced,invasive,escape: ornamental purpose other than horticulture,1860,
219995140,NO,present,introduced,invasive,transport - contaminant: parasites on plants (including species transported by host and vector),NA,
219995141,NO,present,introduced,invasive,unaided: natural dispersal across borders of invasive alien organisms,1860,
219995143,NO,present,introduced,,unaided: natural dispersal across borders of invasive alien organisms,NA,
219995144,NO,present,introduced,,unaided: natural dispersal across borders of invasive alien organisms,NA,
219995145,NO,present,introduced,invasive,escape: ornamental purpose other than horticulture,NA,
219995147,NO,present,introduced,invasive,escape: horticulture,NA,
219995148,NO,present,introduced,,unaided: natural dispersal across borders of invasive alien organisms,NA,
219995149,NO,present,introduced,,transport - contaminant: parasites on plants (including species transported by host and vector),NA,
219995151,NO,present,introduced,,transport - contaminant: parasites on plants (including species transported by host and vector),NA,
219995153,NO,present,introduced,,transport - contaminant: parasites on plants (including species transported by host and vector),NA,
219995154,NO,present,introduced,,escape: ornamental purpose other than horticulture,1963,
219995155,NO,present,introduced,,transport - contaminant: parasites on plants (including species transported by host and vector),NA,
219995156,NO,present,introduced,,unaided: natural dispersal across borders of invasive alien organisms,NA,
219995157,NO,present,introduced,invasive,escape: ornamental purpose other than horticulture,1959,
219995158,NO,present,introduced,,transport - contaminant: parasites on plants (including species transported by host and vector),NA,
219995159,NO,present,introduced,,transport - contaminant: parasites on plants (including species transported by host and vector),NA,
219995160,NO,present,introduced,invasive,release: landscape improvement,1909,
219995161,NO,present,introduced,,transport - contaminant: parasites on plants (including species transported by host and vector),NA,
219995162,NO,present,introduced,invasive,release: landscape improvement,1959,
219995163,NO,present,introduced,,unaided: natural dispersal across borders of invasive alien organisms,NA,
219995164,NO,present,introduced,invasive,escape: other escape from confinement,1909,
219995165,NO,present,introduced,,transport - contaminant: parasites on plants (including species transported by host and vector),NA,
219995166,NO,present,introduced,invasive,escape: ornamental purpose other than horticulture,1909,
219995167,NO,present,introduced,invasive,escape: other escape from confinement,1959,
219995169,NO,present,introduced,,transport - contaminant: parasites on plants (including species transported by host and vector),NA,
219995172,NO,present,introduced,,transport - contaminant: contaminant nursery material,NA,
219995173,NO,present,introduced,,transport - contaminant: parasites on plants (including species transported by host and vector),NA,
219995174,NO,present,introduced,,"transport - contaminant: transportation of habitat material (soil, vegetation, wood etc)",1905,
219995175,NO,present,introduced,,transport - contaminant: timber trade,1905,
219995176,NO,present,introduced,,"transport - contaminant: contaminant on plants (except parasites, species transported by host/vector)",NA,
219995177,NO,present,introduced,,transport - contaminant: seed contaminant,1905,
219995178,NO,present,introduced,,"transport - contaminant: contaminant on plants (except parasites, species transported by host/vector)",NA,
219995179,NO,present,introduced,,"transport - contaminant: contaminant on plants (except parasites, species transported by host/vector)",1905,
219995182,NO,present,introduced,,transport - contaminant: seed contaminant,NA,
219995183,NO,present,introduced,,escape: ornamental purpose other than horticulture,NA,
219995184,NO,present,introduced,,"transport - contaminant: contaminant on plants (except parasites, species transported by host/vector)",NA,
219995185,NO,present,introduced,,transport - contaminant: seed contaminant,NA,
219995186,NO,present,introduced,,transport - contaminant: parasites on plants (including species transported by host and vector),NA,
219995187,NO,present,introduced,,transport - contaminant: parasites on plants (including species transported by host and vector),NA,
219995188,NO,present,introduced,,escape: ornamental purpose other than horticulture,NA,
219995190,NO,present,introduced,,"transport - stowaway: vehicles (car, train, etc.)",1931,
219995191,NO,present,introduced,,escape: horticulture,NA,
219995192,NO,present,introduced,,escape: ornamental purpose other than horticulture,1947,
219995193,NO,present,introduced,,transport - contaminant: timber trade,NA,
219995194,NO,present,introduced,,transport - contaminant: seed contaminant,1931,
219995195,NO,present,introduced,,escape: forestry (including reforestation),NA,
219995197,NO,present,introduced,,unaided: natural dispersal across borders of invasive alien organisms,NA,
219995198,NO,present,introduced,invasive,transport - stowaway: machinery/equipment,NA,
219995199,NO,present,introduced,,release: biological control,NA,
219995200,NO,present,introduced,,unaided: natural dispersal across borders of invasive alien organisms,NA,
219995201,NO,present,introduced,invasive,"transport - contaminant: transportation of habitat material (soil, vegetation, wood etc)",NA,
219995202,NO,present,introduced,,unaided: natural dispersal across borders of invasive alien organisms,NA,
219995203,NO,present,introduced,invasive,escape: horticulture,NA,
219995204,NO,present,introduced,,unaided: natural dispersal across borders of invasive alien organisms,NA,
219995205,NO,present,introduced,invasive,escape: ornamental purpose other than horticulture,NA,
219995206,NO,present,introduced,,escape: horticulture,NA,
219995207,NO,present,introduced,invasive,transport - stowaway: machinery/equipment,NA,
219995209,NO,present,introduced,,unaided: natural dispersal across borders of invasive alien organisms,NA,
219995210,NO,present,introduced,,escape: ornamental purpose other than horticulture,1927,
219995211,NO,present,introduced,,escape: aquaculture/mariculture,NA,
219995212,NO,present,introduced,,transport - contaminant: timber trade,1826,
219995215,NO,present,introduced,,"transport - stowaway: vehicles (car, train, etc.)",NA,
219995216,NO,present,introduced,,transport - stowaway: other means of transport,NA,
219995217,NO,present,introduced,,transport - stowaway: hitchhikers on ship/boat (excluding ballast water and hull fouling),1868,
219995218,NO,present,introduced,,transport - stowaway: people and their luggage/equipment (in particular tourism),NA,
219995219,NO,present,introduced,,transport - stowaway: hitchhikers in or on airplane,NA,
219995220,NO,present,introduced,,"transport - stowaway: vehicles (car, train, etc.)",1868,
219995221,NO,present,introduced,,transport - stowaway: hitchhikers on ship/boat (excluding ballast water and hull fouling),NA,
219995222,NO,present,introduced,invasive,escape: ornamental purpose other than horticulture,NA,
219995223,NO,present,introduced,,transport - stowaway: container/bulk,NA,
219995225,NO,present,introduced,,transport - contaminant: contaminated bait,1947,
219995227,NO,present,introduced,,escape: ornamental purpose other than horticulture,NA,
219995228,NO,present,introduced,,transport - contaminant: food contaminant (including of live food),NA,
219995229,NO,present,introduced,,escape: horticulture,NA,
219995231,NO,present,introduced,,escape: ornamental purpose other than horticulture,NA,
219995232,NO,present,introduced,,transport - contaminant: parasites on animals (including organisms transported by host and vector),NA,
219995233,NO,present,introduced,,escape: ornamental purpose other than horticulture,1961,
219995235,NO,present,introduced,,transport - contaminant: seed contaminant,1854,
219995236,NO,present,introduced,invasive,"transport - contaminant: transportation of habitat material (soil, vegetation, wood etc)",NA,
219995238,NO,present,introduced,,escape: ornamental purpose other than horticulture,1994,
219995240,NO,present,introduced,invasive,transport - stowaway: other means of transport,NA,
219995241,NO,present,introduced,,escape: ornamental purpose other than horticulture,1854,
219995242,NO,present,introduced,invasive,transport - stowaway: machinery/equipment,NA,
219995243,NO,present,introduced,invasive,release: other intentional release,NA,
219995244,NO,present,introduced,invasive,transport - stowaway: hitchhikers on ship/boat (excluding ballast water and hull fouling),NA,
219995245,NO,present,introduced,invasive,escape: horticulture,NA,
219995246,NO,present,introduced,invasive,transport - stowaway: ship/boat ballast water,NA,
219995247,NO,present,introduced,,transport - stowaway: hitchhikers on ship/boat (excluding ballast water and hull fouling),1826,
219995248,NO,present,introduced,invasive,transport - stowaway: ship/boat ballast water,NA,
219995249,NO,present,introduced,,escape: agriculture (including biofuel feedstocks),1931,
219995251,NO,present,introduced,invasive,escape: horticulture,NA,
219995253,NO,present,introduced,,escape: horticulture,NA,
219995254,NO,present,introduced,,transport - stowaway: ship/boat ballast water,NA,
219995256,NO,present,introduced,,corridors: interconnected waterways/basins/seas,NA,
219995257,NO,present,introduced,,transport - stowaway: ship/boat hull fouling,NA,
219995258,NO,present,introduced,invasive,escape: ornamental purpose other than horticulture,1941,
219995260,NO,present,introduced,invasive,"transport - contaminant: transportation of habitat material (soil, vegetation, wood etc)",1941,
219995262,NO,present,introduced,,escape: ornamental purpose other than horticulture,1931,
219995263,NO,present,introduced,,transport - stowaway: ship/boat ballast water,NA,
219995264,NO,present,introduced,,escape: horticulture,NA,
219995265,NO,present,introduced,,transport - stowaway: ship/boat hull fouling,NA,
219995266,NO,present,introduced,invasive,"transport - contaminant: transportation of habitat material (soil, vegetation, wood etc)",NA,
219995268,NO,present,introduced,,escape: botanic garden/zoo/aquaria (excluding domestic aquaria),NA,
219995269,NO,present,introduced,invasive,release: fishery in the wild,2006,
219995270,NO,present,introduced,invasive,escape: ornamental purpose other than horticulture,NA,
219995271,NO,present,introduced,invasive,release: landscape improvement,NA,
219995272,NO,present,introduced,,unaided: natural dispersal across borders of invasive alien organisms,1931,
219995273,NO,present,introduced,invasive,release: fishery in the wild,NA,
219995274,NO,present,introduced,,transport - contaminant: contaminated bait,1854,
219995275,NO,present,introduced,invasive,unaided: natural dispersal across borders of invasive alien organisms,NA,
219995278,NO,present,introduced,,release: other intentional release,NA,
219995279,NO,present,introduced,invasive,escape: ornamental purpose other than horticulture,NA,
219995280,NO,present,introduced,,escape: pet/aquarium/terrarium species (including live food for such species),NA,
219995282,NO,present,introduced,invasive,transport - stowaway: hitchhikers on ship/boat (excluding ballast water and hull fouling),NA,
219995283,NO,present,introduced,,escape: botanic garden/zoo/aquaria (excluding domestic aquaria),NA,
219995284,NO,present,introduced,,release: other intentional release,NA,
219995285,NO,present,introduced,,release: other intentional release,NA,
219995286,NO,present,introduced,,unaided: natural dispersal across borders of invasive alien organisms,2010,
219995287,NO,present,introduced,,escape: pet/aquarium/terrarium species (including live food for such species),NA,
219995289,NO,present,introduced,,escape: pet/aquarium/terrarium species (including live food for such species),NA,
219995290,NO,present,introduced,,release: other intentional release,NA,
219995291,NO,present,introduced,,release: other intentional release,NA,
219995292,NO,present,introduced,,transport - contaminant: food contaminant (including of live food),1875,
219995293,NO,present,introduced,,escape: pet/aquarium/terrarium species (including live food for such species),NA,
219995294,NO,present,introduced,invasive,transport - stowaway: ship/boat ballast water,NA,
219995295,NO,present,introduced,,transport - stowaway: hitchhikers on ship/boat (excluding ballast water and hull fouling),1861,
219995296,NO,present,introduced,,escape: pet/aquarium/terrarium species (including live food for such species),NA,
219995297,NO,present,introduced,,escape: pet/aquarium/terrarium species (including live food for such species),NA,
219995298,NO,present,introduced,,transport - contaminant: seed contaminant,1850,
219995299,NO,present,introduced,,escape: pet/aquarium/terrarium species (including live food for such species),NA,
219995300,NO,present,introduced,,transport - stowaway: ship/boat ballast water,1875,
219995301,NO,present,introduced,invasive,corridors: interconnected waterways/basins/seas,NA,
219995302,NO,present,introduced,,transport - contaminant: seed contaminant,1874,
219995303,NO,present,introduced,,release: other intentional release,NA,
219995304,NO,present,introduced,,"transport - stowaway: vehicles (car, train, etc.)",1875,
219995305,NO,present,introduced,,escape: pet/aquarium/terrarium species (including live food for such species),NA,
219995306,NO,present,introduced,,escape: pet/aquarium/terrarium species (including live food for such species),NA,
219995307,NO,present,introduced,,transport - contaminant: seed contaminant,1860,
219995308,NO,present,introduced,,escape: pet/aquarium/terrarium species (including live food for such species),NA,
219995309,NO,present,introduced,,"transport - stowaway: vehicles (car, train, etc.)",1826,
219995310,NO,present,introduced,,release: other intentional release,NA,
219995311,NO,present,introduced,,release: other intentional release,NA,
219995312,NO,present,introduced,,"transport - contaminant: transportation of habitat material (soil, vegetation, wood etc)",1875,
219995313,NO,present,introduced,,release: other intentional release,NA,
219995314,NO,present,introduced,invasive,unaided: natural dispersal across borders of invasive alien organisms,NA,
219995315,NO,present,introduced,,escape: ornamental purpose other than horticulture,1906,
219995316,NO,present,introduced,,release: other intentional release,NA,
219995317,NO,present,introduced,,"transport - contaminant: transportation of habitat material (soil, vegetation, wood etc)",1860,
219995319,NO,present,introduced,,escape: ornamental purpose other than horticulture,1803,
219995320,NO,present,introduced,,release: other intentional release,NA,
219995321,NO,present,introduced,,"transport - contaminant: contaminant on plants (except parasites, species transported by host/vector)",1826,
219995322,NO,present,introduced,,escape: botanic garden/zoo/aquaria (excluding domestic aquaria),1803,
219995323,NO,present,introduced,,release: other intentional release,NA,
219995324,NO,present,introduced,,escape: agriculture (including biofuel feedstocks),1850,
219995325,NO,present,introduced,,transport - stowaway: hitchhikers on ship/boat (excluding ballast water and hull fouling),1840,
219995326,NO,present,introduced,,release: other intentional release,NA,
219995327,NO,present,introduced,,escape: pet/aquarium/terrarium species (including live food for such species),NA,
219995328,NO,present,introduced,,"transport - contaminant: contaminant on plants (except parasites, species transported by host/vector)",1860,
219995329,NO,present,introduced,,release: other intentional release,NA,
219995331,NO,present,introduced,,release: other intentional release,NA,
219995332,NO,present,introduced,,release: other intentional release,NA,
219995333,NO,present,introduced,,transport - contaminant: seed contaminant,1956,
219995334,NO,present,introduced,,escape: pet/aquarium/terrarium species (including live food for such species),NA,
219995335,NO,present,introduced,,release: other intentional release,NA,
219995336,NO,present,introduced,,transport - contaminant: contaminant nursery material,1840,
219995337,NO,present,introduced,,release: other intentional release,NA,
219995338,NO,present,introduced,,release: other intentional release,NA,
219995339,NO,present,introduced,,transport - contaminant: timber trade,1840,
219995340,NO,present,introduced,,release: other intentional release,NA,
219995341,NO,present,introduced,,release: other intentional release,NA,
219995342,NO,present,introduced,,transport - contaminant: seed contaminant,1826,
219995343,NO,present,introduced,,escape: pet/aquarium/terrarium species (including live food for such species),NA,
219995344,NO,present,introduced,,release: other intentional release,NA,
219995346,NO,present,introduced,,release: other intentional release,NA,
219995348,NO,present,introduced,,transport - contaminant: contaminated bait,1934,
219995349,NO,present,introduced,,release: other intentional release,NA,
219995350,NO,present,introduced,,transport - contaminant: seed contaminant,1934,
219995351,NO,present,introduced,,transport - contaminant: seed contaminant,1803,
219995352,NO,present,introduced,,release: other intentional release,NA,
219995353,NO,present,introduced,,transport - contaminant: seed contaminant,1861,
219995354,NO,present,introduced,invasive,escape: other escape from confinement,NA,
219995355,NO,present,introduced,,transport - contaminant: seed contaminant,1906,
219995356,NO,present,introduced,,release: other intentional release,NA,
219995357,NO,present,introduced,,transport - contaminant: seed contaminant,1840,
219995358,NO,present,introduced,,release: other intentional release,NA,
219995359,NO,present,introduced,,escape: ornamental purpose other than horticulture,1850,
219995360,NO,present,introduced,,transport - stowaway: hitchhikers on ship/boat (excluding ballast water and hull fouling),1850,
219995361,NO,present,introduced,invasive,escape: pet/aquarium/terrarium species (including live food for such species),NA,
219995362,NO,present,introduced,,transport - contaminant: seed contaminant,1875,
219995363,NO,present,introduced,,"transport - contaminant: transportation of habitat material (soil, vegetation, wood etc)",1826,
219995364,NO,present,introduced,invasive,escape: pet/aquarium/terrarium species (including live food for such species),NA,
219995365,NO,present,introduced,,"transport - stowaway: vehicles (car, train, etc.)",1860,
219995366,NO,present,introduced,,escape: pet/aquarium/terrarium species (including live food for such species),NA,
219995367,NO,present,introduced,,transport - stowaway: hitchhikers on ship/boat (excluding ballast water and hull fouling),1874,
219995368,NO,present,introduced,,release: other intentional release,NA,
219995370,NO,present,introduced,invasive,release: other intentional release,NA,
219995371,NO,present,introduced,,transport - contaminant: food contaminant (including of live food),1971,
219995372,NO,present,introduced,,escape: pet/aquarium/terrarium species (including live food for such species),NA,
219995373,NO,present,introduced,,transport - stowaway: hitchhikers on ship/boat (excluding ballast water and hull fouling),1826,
219995374,NO,present,introduced,,release: other intentional release,NA,
219995376,NO,present,introduced,,release: other intentional release,NA,
219995377,NO,present,introduced,,"transport - contaminant: contaminant on plants (except parasites, species transported by host/vector)",1929,
219995378,NO,present,introduced,,transport - contaminant: seed contaminant,1929,
219995379,NO,present,introduced,,release: other intentional release,NA,
219995380,NO,present,introduced,,"transport - contaminant: transportation of habitat material (soil, vegetation, wood etc)",1929,
219995381,NO,present,introduced,,release: other intentional release,NA,
219995382,NO,present,introduced,invasive,escape: ornamental purpose other than horticulture,1950,
219995383,NO,present,introduced,,release: other intentional release,NA,
219995385,NO,present,introduced,,release: other intentional release,NA,
219995387,NO,present,introduced,,release: other intentional release,NA,
219995388,NO,present,introduced,,escape: ornamental purpose other than horticulture,NA,
219995389,NO,present,introduced,,unaided: natural dispersal across borders of invasive alien organisms,NA,
219995390,NO,present,introduced,,release: other intentional release,NA,
219995391,NO,present,introduced,,escape: pet/aquarium/terrarium species (including live food for such species),NA,
219995392,NO,present,introduced,,escape: horticulture,1920,
219995393,NO,present,introduced,,escape: pet/aquarium/terrarium species (including live food for such species),NA,
219995394,NO,present,introduced,,transport - contaminant: food contaminant (including of live food),NA,
219995395,NO,present,introduced,,escape: pet/aquarium/terrarium species (including live food for such species),NA,
219995396,NO,present,introduced,,"transport - contaminant: transportation of habitat material (soil, vegetation, wood etc)",NA,
219995397,NO,present,introduced,,"transport - contaminant: transportation of habitat material (soil, vegetation, wood etc)",NA,
219995398,NO,present,introduced,,escape: pet/aquarium/terrarium species (including live food for such species),NA,
219995399,NO,present,introduced,invasive,escape: ornamental purpose other than horticulture,1897,
219995400,NO,present,introduced,,transport - stowaway: hitchhikers on ship/boat (excluding ballast water and hull fouling),NA,
219995401,NO,present,introduced,,release: other intentional release,NA,
219995402,NO,present,introduced,,escape: ornamental purpose other than horticulture,1920,
219995403,NO,present,introduced,invasive,release: other intentional release,NA,
219995404,NO,present,introduced,,release: other intentional release,NA,
219995406,NO,present,introduced,,release: other intentional release,NA,
219995407,NO,present,introduced,,unaided: natural dispersal across borders of invasive alien organisms,1937,
219995408,NO,present,introduced,,release: other intentional release,NA,
219995409,NO,present,introduced,,escape: ornamental purpose other than horticulture,1937,
219995410,NO,present,introduced,invasive,release: other intentional release,NA,
219995411,NO,present,introduced,,release: other intentional release,1970,
219995412,NO,present,introduced,,release: other intentional release,NA,
219995413,NO,present,introduced,,escape: horticulture,NA,
219995414,NO,present,introduced,,release: other intentional release,NA,
219995415,NO,present,introduced,invasive,escape: ornamental purpose other than horticulture,1936,
219995416,NO,present,introduced,,escape: pet/aquarium/terrarium species (including live food for such species),NA,
219995417,NO,present,introduced,,escape: pet/aquarium/terrarium species (including live food for such species),NA,
219995418,NO,present,introduced,invasive,escape: ornamental purpose other than horticulture,1897,
219995419,NO,present,introduced,,release: other intentional release,NA,
219995420,NO,present,introduced,,escape: horticulture,1897,
219995421,NO,present,introduced,,release: other intentional release,NA,
219995422,NO,present,introduced,invasive,escape: pet/aquarium/terrarium species (including live food for such species),NA,
219995423,NO,present,introduced,,"transport - contaminant: transportation of habitat material (soil, vegetation, wood etc)",1907,
219995424,NO,present,introduced,,escape: pet/aquarium/terrarium species (including live food for such species),NA,
219995425,NO,present,introduced,,transport - contaminant: seed contaminant,1905,
219995426,NO,present,introduced,,release: other intentional release,NA,
219995427,NO,present,introduced,,escape: pet/aquarium/terrarium species (including live food for such species),NA,
219995428,NO,present,introduced,,transport - stowaway: hitchhikers on ship/boat (excluding ballast water and hull fouling),1907,
219995429,NO,present,introduced,,release: other intentional release,NA,
219995430,NO,present,introduced,,escape: ornamental purpose other than horticulture,NA,
219995431,NO,present,introduced,,escape: pet/aquarium/terrarium species (including live food for such species),NA,
219995432,NO,present,introduced,,transport - contaminant: seed contaminant,1897,
219995433,NO,present,introduced,,release: other intentional release,NA,
219995434,NO,present,introduced,,"transport - stowaway: vehicles (car, train, etc.)",NA,
219995435,NO,present,introduced,,escape: pet/aquarium/terrarium species (including live food for such species),NA,
219995436,NO,present,introduced,,transport - contaminant: seed contaminant,1871,
219995438,NO,present,introduced,,unaided: natural dispersal across borders of invasive alien organisms,2016,
219995440,NO,present,introduced,,corridors: interconnected waterways/basins/seas,NA,
219995441,NO,present,introduced,,"transport - contaminant: transportation of habitat material (soil, vegetation, wood etc)",1906,
219995442,NO,present,introduced,,transport - stowaway: ship/boat ballast water,2016,
219995443,NO,present,introduced,,transport - contaminant: seed contaminant,1906,
219995444,NO,present,introduced,invasive,transport - stowaway: ship/boat ballast water,NA,
219995445,NO,present,introduced,,transport - stowaway: hitchhikers on ship/boat (excluding ballast water and hull fouling),1871,
219995446,NO,present,introduced,,transport - stowaway: ship/boat hull fouling,2016,
219995447,NO,present,introduced,,transport - contaminant: seed contaminant,NA,
219995448,NO,present,introduced,,transport - stowaway: ship/boat hull fouling,NA,
219995449,NO,present,introduced,,transport - stowaway: ship/boat ballast water,NA,
219995450,NO,present,introduced,,escape: ornamental purpose other than horticulture,NA,
219995451,NO,present,introduced,invasive,transport - stowaway: ship/boat hull fouling,NA,
219995452,NO,present,introduced,,"transport - contaminant: contaminant on plants (except parasites, species transported by host/vector)",1907,
219995453,NO,present,introduced,,transport - stowaway: ship/boat hull fouling,NA,
219995454,NO,present,introduced,,escape: ornamental purpose other than horticulture,1955,
219995455,NO,present,introduced,,unaided: natural dispersal across borders of invasive alien organisms,NA,
219995456,NO,present,introduced,invasive,unaided: natural dispersal across borders of invasive alien organisms,NA,
219995457,NO,present,introduced,,escape: ornamental purpose other than horticulture,2007,
219995458,NO,present,introduced,,corridors: interconnected waterways/basins/seas,NA,
219995462,NO,present,introduced,,unaided: natural dispersal across borders of invasive alien organisms,NA,
219995463,NO,present,introduced,,transport - stowaway: ship/boat ballast water,NA,
219995464,NO,present,introduced,,escape: horticulture,NA,
219995465,NO,present,introduced,,transport - stowaway: hitchhikers on ship/boat (excluding ballast water and hull fouling),NA,
219995467,NO,present,introduced,invasive,escape: ornamental purpose other than horticulture,1823,
219995468,NO,present,introduced,,transport - stowaway: ship/boat ballast water,NA,
219995469,NO,present,introduced,invasive,escape: aquaculture/mariculture,2008,
219995470,NO,present,introduced,,unaided: natural dispersal across borders of invasive alien organisms,NA,
219995471,NO,present,introduced,,transport - stowaway: ship/boat hull fouling,NA,
219995472,NO,present,introduced,,escape: ornamental purpose other than horticulture,NA,
219995474,NO,present,introduced,invasive,escape: horticulture,NA,
219995475,NO,present,introduced,invasive,unaided: natural dispersal across borders of invasive alien organisms,2022,
219995476,NO,present,introduced,invasive,corridors: interconnected waterways/basins/seas,2022,
219995477,NO,present,introduced,,transport - stowaway: hitchhikers on ship/boat (excluding ballast water and hull fouling),1882,
219995478,NO,present,introduced,invasive,unaided: natural dispersal across borders of invasive alien organisms,2020,
219995479,NO,present,introduced,,escape: other escape from confinement,NA,
219995480,NO,present,introduced,invasive,unaided: natural dispersal across borders of invasive alien organisms,1976,
219995481,NO,present,introduced,,escape: other escape from confinement,NA,
219995482,NO,present,introduced,,transport - stowaway: ship/boat hull fouling,NA,
219995483,NO,present,introduced,,unaided: natural dispersal across borders of invasive alien organisms,1964,
219995484,NO,present,introduced,invasive,transport - stowaway: ship/boat hull fouling,2020,
219995485,NO,present,introduced,,escape: ornamental purpose other than horticulture,2003,
219995486,NO,present,introduced,invasive,transport - stowaway: ship/boat hull fouling,2022,
219995487,NO,present,introduced,,escape: horticulture,NA,
219995488,NO,present,introduced,invasive,transport - stowaway: ship/boat ballast water,2020,
219995489,NO,present,introduced,,escape: ornamental purpose other than horticulture,NA,
219995490,NO,present,introduced,invasive,transport - stowaway: ship/boat ballast water,2020,
219995491,NO,present,introduced,invasive,transport - stowaway: ship/boat ballast water,1976,
219995492,NO,present,introduced,invasive,escape: ornamental purpose other than horticulture,NA,
219995493,NO,present,introduced,,transport - stowaway: ship/boat ballast water,NA,
219995494,NO,present,introduced,invasive,transport - stowaway: ship/boat hull fouling,1976,
219995495,NO,present,introduced,,escape: horticulture,NA,
219995497,NO,present,introduced,,"transport - contaminant: transportation of habitat material (soil, vegetation, wood etc)",1922,
219995498,NO,present,introduced,,transport - stowaway: ship/boat ballast water,NA,
219995499,NO,present,introduced,,escape: horticulture,NA,
219995500,NO,present,introduced,invasive,escape: ornamental purpose other than horticulture,1961,
219995501,NO,present,introduced,,transport - stowaway: hitchhikers on ship/boat (excluding ballast water and hull fouling),NA,
219995502,NO,present,introduced,,escape: ornamental purpose other than horticulture,NA,
219995504,NO,present,introduced,,escape: ornamental purpose other than horticulture,NA,
219995505,NO,present,introduced,,release: other intentional release,NA,
219995506,NO,present,introduced,invasive,escape: ornamental purpose other than horticulture,1954,
219995507,NO,present,introduced,,escape: pet/aquarium/terrarium species (including live food for such species),NA,
219995508,NO,present,introduced,,escape: ornamental purpose other than horticulture,NA,
219995510,NO,present,introduced,invasive,transport - contaminant: contaminant nursery material,2008,
219995511,NO,present,introduced,,escape: pet/aquarium/terrarium species (including live food for such species),NA,
219995512,NO,present,introduced,,escape: ornamental purpose other than horticulture,NA,
219995513,NO,present,introduced,,escape: pet/aquarium/terrarium species (including live food for such species),NA,
219995515,NO,present,introduced,,escape: pet/aquarium/terrarium species (including live food for such species),NA,
219995516,NO,present,introduced,,escape: pet/aquarium/terrarium species (including live food for such species),NA,
219995517,NO,present,introduced,,escape: horticulture,2006,
219995518,NO,present,introduced,,escape: pet/aquarium/terrarium species (including live food for such species),NA,
219995519,NO,present,introduced,,escape: ornamental purpose other than horticulture,NA,
219995520,NO,present,introduced,,escape: pet/aquarium/terrarium species (including live food for such species),NA,
219995521,NO,present,introduced,,escape: horticulture,NA,
219995522,NO,present,introduced,,escape: horticulture,1964,
219995523,NO,present,introduced,invasive,release: other intentional release,NA,
219995524,NO,present,introduced,invasive,unaided: natural dispersal across borders of invasive alien organisms,2008,
219995525,NO,present,introduced,invasive,escape: pet/aquarium/terrarium species (including live food for such species),NA,
219995527,NO,present,introduced,,escape: pet/aquarium/terrarium species (including live food for such species),NA,
219995528,NO,present,introduced,,escape: ornamental purpose other than horticulture,NA,
219995529,NO,present,introduced,,escape: pet/aquarium/terrarium species (including live food for such species),NA,
219995530,NO,present,introduced,,escape: pet/aquarium/terrarium species (including live food for such species),NA,
219995531,NO,present,introduced,,,NA,
219995532,NO,present,introduced,invasive,escape: pet/aquarium/terrarium species (including live food for such species),2008,
219995533,NO,present,introduced,,escape: pet/aquarium/terrarium species (including live food for such species),NA,
219995534,NO,present,introduced,,escape: ornamental purpose other than horticulture,1964,
219995535,NO,present,introduced,,escape: horticulture,NA,
219995536,NO,present,introduced,,escape: pet/aquarium/terrarium species (including live food for such species),NA,
219995537,NO,present,introduced,,escape: horticulture,NA,
219995538,NO,present,introduced,,escape: pet/aquarium/terrarium species (including live food for such species),NA,
219995539,NO,present,introduced,,escape: ornamental purpose other than horticulture,NA,
219995540,NO,present,introduced,,escape: pet/aquarium/terrarium species (including live food for such species),NA,
219995541,NO,present,introduced,,escape: horticulture,NA,
219995542,NO,present,introduced,,escape: pet/aquarium/terrarium species (including live food for such species),NA,
219995543,NO,present,introduced,,escape: horticulture,1967,
219995544,NO,present,introduced,,escape: pet/aquarium/terrarium species (including live food for such species),NA,
219995545,NO,present,introduced,,escape: pet/aquarium/terrarium species (including live food for such species),NA,
219995546,NO,present,introduced,invasive,escape: ornamental purpose other than horticulture,NA,
219995547,NO,present,introduced,,escape: horticulture,1922,
219995548,NO,present,introduced,,escape: pet/aquarium/terrarium species (including live food for such species),NA,
219995549,NO,present,introduced,invasive,escape: ornamental purpose other than horticulture,NA,
219995550,NO,present,introduced,,escape: pet/aquarium/terrarium species (including live food for such species),NA,
219995552,NO,present,introduced,,escape: pet/aquarium/terrarium species (including live food for such species),NA,
219995553,NO,present,introduced,,escape: pet/aquarium/terrarium species (including live food for such species),NA,
219995554,NO,present,introduced,,escape: ornamental purpose other than horticulture,1937,
219995555,NO,present,introduced,,escape: horticulture,2003,
219995557,NO,present,introduced,,escape: ornamental purpose other than horticulture,1967,
219995558,NO,present,introduced,,escape: pet/aquarium/terrarium species (including live food for such species),NA,
219995559,NO,present,introduced,,release: other intentional release,NA,
219995560,NO,present,introduced,invasive,escape: ornamental purpose other than horticulture,NA,
219995562,NO,present,introduced,invasive,escape: horticulture,NA,
219995563,NO,present,introduced,invasive,transport - stowaway: ship/boat ballast water,NA,
219995565,NO,present,introduced,invasive,unaided: natural dispersal across borders of invasive alien organisms,NA,
219995567,NO,present,introduced,,escape: horticulture,1980,
219995569,NO,present,introduced,,transport - stowaway: hitchhikers on ship/boat (excluding ballast water and hull fouling),NA,
219995570,NO,present,introduced,,transport - stowaway: hitchhikers on ship/boat (excluding ballast water and hull fouling),NA,
219995571,NO,present,introduced,,"transport - contaminant: transportation of habitat material (soil, vegetation, wood etc)",1911,
219995572,NO,present,introduced,,escape: pet/aquarium/terrarium species (including live food for such species),NA,
219995573,NO,present,introduced,,escape: ornamental purpose other than horticulture,1911,
219995574,NO,present,introduced,,escape: botanic garden/zoo/aquaria (excluding domestic aquaria),NA,
219995575,NO,present,introduced,,escape: horticulture,1911,
219995576,NO,present,introduced,,escape: aquaculture/mariculture,NA,
219995577,NO,present,introduced,,escape: ornamental purpose other than horticulture,1824,
219995578,NO,present,introduced,,transport - stowaway: ship/boat ballast water,NA,
219995579,NO,present,introduced,,escape: botanic garden/zoo/aquaria (excluding domestic aquaria),NA,
219995580,NO,present,introduced,,escape: other escape from confinement,1951,
219995582,NO,present,introduced,,escape: ornamental purpose other than horticulture,1951,
219995583,NO,present,introduced,,escape: horticulture,1824,
219995584,NO,present,introduced,invasive,unaided: natural dispersal across borders of invasive alien organisms,1976,
219995585,NO,present,introduced,,escape: other escape from confinement,1936,
219995587,NO,present,introduced,,escape: ornamental purpose other than horticulture,1936,
219995588,NO,present,introduced,,escape: horticulture,NA,
219995589,NO,present,introduced,invasive,escape: live food and live bait,1999,
219995590,NO,present,introduced,,escape: agriculture (including biofuel feedstocks),1824,
219995592,NO,present,introduced,,unaided: natural dispersal across borders of invasive alien organisms,1936,
219995594,NO,present,introduced,,escape: horticulture,NA,
219995595,NO,present,introduced,,release: release in nature,NA,
219995596,NO,present,introduced,,,1960,
219995597,NO,present,introduced,,transport - stowaway: angling/fishing equipment,NA,
219995598,NO,present,introduced,,transport - stowaway: ship/boat ballast water,NA,
219995599,NO,present,introduced,,,2009,
219995600,NO,present,introduced,,escape: ornamental purpose other than horticulture,1980,
219995602,NO,present,introduced,,escape: ornamental purpose other than horticulture,NA,
219995603,NO,present,introduced,invasive,corridors: interconnected waterways/basins/seas,1999,
219995604,NO,present,introduced,,escape: horticulture,1936,
219995605,NO,present,introduced,invasive,transport - stowaway: ship/boat hull fouling,1999,
219995606,NO,present,introduced,invasive,transport - stowaway: ship/boat ballast water,1999,
219995607,NO,present,introduced,,escape: ornamental purpose other than horticulture,NA,
219995608,NO,present,introduced,,"transport - contaminant: transportation of habitat material (soil, vegetation, wood etc)",1951,
219995610,NO,present,introduced,,unaided: natural dispersal across borders of invasive alien organisms,1980,
219995611,NO,present,introduced,,corridors: interconnected waterways/basins/seas,NA,
219995612,NO,present,introduced,,escape: horticulture,1951,
219995613,NO,present,introduced,,transport - stowaway: ship/boat ballast water,NA,
219995615,NO,present,introduced,,transport - stowaway: angling/fishing equipment,NA,
219995616,NO,present,introduced,,transport - stowaway: hitchhikers on ship/boat (excluding ballast water and hull fouling),NA,
219995617,NO,present,introduced,,escape: ornamental purpose other than horticulture,NA,
219995619,NO,present,introduced,invasive,escape: ornamental purpose other than horticulture,1994,
219995620,NO,present,introduced,,"transport - contaminant: contaminant on animals (except parasites, organisms transported by host/vector)",NA,
219995621,NO,present,introduced,,transport - stowaway: ship/boat ballast water,NA,
219995622,NO,present,introduced,invasive,escape: ornamental purpose other than horticulture,1994,
219995623,NO,present,introduced,,transport - stowaway: hitchhikers on ship/boat (excluding ballast water and hull fouling),NA,
219995624,NO,present,introduced,invasive,release: other intentional release,1994,
219995625,NO,present,introduced,,transport - stowaway: other means of transport,NA,
219995627,NO,present,introduced,,escape: other escape from confinement,1986,
219995628,NO,present,introduced,,transport - stowaway: other means of transport,NA,
219995629,NO,present,introduced,,escape: ornamental purpose other than horticulture,NA,
219995631,NO,present,introduced,,"transport - contaminant: transportation of habitat material (soil, vegetation, wood etc)",1986,
219995632,NO,present,introduced,invasive,transport - stowaway: ship/boat hull fouling,NA,
219995633,NO,present,introduced,,transport - stowaway: hitchhikers on ship/boat (excluding ballast water and hull fouling),1913,
219995634,NO,present,introduced,invasive,transport - stowaway: ship/boat ballast water,NA,
219995635,NO,present,introduced,invasive,transport - stowaway: ship/boat ballast water,NA,
219995636,NO,present,introduced,,escape: ornamental purpose other than horticulture,1913,
219995637,NO,present,introduced,invasive,corridors: interconnected waterways/basins/seas,NA,
219995638,NO,present,introduced,,escape: horticulture,NA,
219995639,NO,present,introduced,invasive,transport - stowaway: ship/boat hull fouling,NA,
219995640,NO,present,introduced,,escape: ornamental purpose other than horticulture,NA,
219995641,NO,present,introduced,invasive,transport - stowaway: ship/boat hull fouling,NA,
219995642,NO,present,introduced,,escape: ornamental purpose other than horticulture,NA,
219995643,NO,present,introduced,invasive,corridors: interconnected waterways/basins/seas,NA,
219995644,NO,present,introduced,invasive,corridors: interconnected waterways/basins/seas,NA,
219995645,NO,present,introduced,,escape: horticulture,NA,
219995646,NO,present,introduced,invasive,transport - stowaway: ship/boat ballast water,NA,
219995648,NO,present,introduced,,escape: ornamental purpose other than horticulture,NA,
219995649,NO,present,introduced,,transport - stowaway: ship/boat hull fouling,NA,
219995650,NO,present,introduced,,escape: horticulture,NA,
219995651,NO,present,introduced,,corridors: interconnected waterways/basins/seas,NA,
219995652,NO,present,introduced,,unaided: natural dispersal across borders of invasive alien organisms,NA,
219995653,NO,present,introduced,,escape: horticulture,1897,
219995654,NO,present,introduced,invasive,transport - contaminant: parasites on animals (including organisms transported by host and vector),1990,
219995655,NO,present,introduced,,escape: ornamental purpose other than horticulture,1993,
219995658,NO,present,introduced,,escape: horticulture,NA,
219995659,NO,present,introduced,invasive,corridors: interconnected waterways/basins/seas,NA,
219995661,NO,present,introduced,invasive,transport - stowaway: ship/boat hull fouling,NA,
219995662,NO,present,introduced,invasive,transport - stowaway: ship/boat ballast water,NA,
219995663,NO,present,introduced,,escape: ornamental purpose other than horticulture,1951,
219995664,NO,present,introduced,invasive,transport - stowaway: ship/boat ballast water,NA,
219995665,NO,present,introduced,,escape: ornamental purpose other than horticulture,1897,
219995666,NO,present,introduced,,corridors: interconnected waterways/basins/seas,NA,
219995667,NO,present,introduced,,transport - stowaway: ship/boat hull fouling,NA,
219995668,NO,present,introduced,,"transport - contaminant: transportation of habitat material (soil, vegetation, wood etc)",1986,
219995669,NO,present,introduced,invasive,corridors: interconnected waterways/basins/seas,NA,
219995670,NO,present,introduced,,escape: ornamental purpose other than horticulture,NA,
219995671,NO,present,introduced,,transport - stowaway: ship/boat ballast water,NA,
219995672,NO,present,introduced,,escape: ornamental purpose other than horticulture,1986,
219995673,NO,present,introduced,invasive,unaided: natural dispersal across borders of invasive alien organisms,NA,
219995675,NO,present,introduced,invasive,corridors: interconnected waterways/basins/seas,NA,
219995676,NO,present,introduced,,unaided: natural dispersal across borders of invasive alien organisms,NA,
219995677,NO,present,introduced,invasive,transport - stowaway: angling/fishing equipment,NA,
219995678,NO,present,introduced,invasive,transport - stowaway: ship/boat ballast water,NA,
219995680,NO,present,introduced,invasive,transport - stowaway: ship/boat hull fouling,NA,
219995681,NO,present,introduced,invasive,escape: aquaculture/mariculture,NA,
219995683,NO,present,introduced,invasive,escape: pet/aquarium/terrarium species (including live food for such species),NA,
219995684,NO,present,introduced,invasive,corridors: interconnected waterways/basins/seas,NA,
219995686,NO,present,introduced,invasive,transport - stowaway: ship/boat hull fouling,NA,
219995687,NO,present,introduced,invasive,transport - stowaway: ship/boat ballast water,NA,
219995688,NO,present,introduced,,escape: botanic garden/zoo/aquaria (excluding domestic aquaria),1980,
219995689,NO,present,introduced,invasive,transport - stowaway: hitchhikers on ship/boat (excluding ballast water and hull fouling),NA,
219995690,NO,present,introduced,,escape: ornamental purpose other than horticulture,1980,
219995693,NO,present,introduced,,unaided: natural dispersal across borders of invasive alien organisms,NA,
219995694,NO,present,introduced,,corridors: interconnected waterways/basins/seas,NA,
219995696,NO,present,introduced,,transport - stowaway: ship/boat hull fouling,NA,
219995697,NO,present,introduced,,transport - stowaway: ship/boat ballast water,NA,
219995698,NO,present,introduced,,transport - stowaway: ship/boat ballast water,1862,
219995699,NO,present,introduced,invasive,corridors: interconnected waterways/basins/seas,NA,
219995700,NO,present,introduced,invasive,transport - stowaway: ship/boat ballast water,NA,
219995701,NO,present,introduced,,transport - stowaway: hitchhikers on ship/boat (excluding ballast water and hull fouling),1840,
219995703,NO,present,introduced,,transport - contaminant: seed contaminant,1840,
219995706,NO,present,introduced,,transport - stowaway: people and their luggage/equipment (in particular tourism),1826,
219995707,NO,present,introduced,,transport - stowaway: angling/fishing equipment,2012,
219995708,NO,present,introduced,,transport - stowaway: ship/boat hull fouling,2012,
219995709,NO,present,introduced,invasive,transport - contaminant: seed contaminant,NA,
219995710,NO,present,introduced,,transport - stowaway: ship/boat ballast water,2012,
219995712,NO,present,introduced,invasive,escape: ornamental purpose other than horticulture,1912,
219995715,NO,present,introduced,,transport - contaminant: seed contaminant,NA,
219995717,NO,present,introduced,,transport - stowaway: hitchhikers on ship/boat (excluding ballast water and hull fouling),1883,
219995718,NO,present,introduced,invasive,transport - contaminant: contaminant nursery material,NA,
219995719,NO,present,introduced,invasive,transport - stowaway: hitchhikers on ship/boat (excluding ballast water and hull fouling),1870,
219995720,NO,present,introduced,invasive,transport - stowaway: other means of transport,NA,
219995721,NO,present,introduced,,transport - contaminant: seed contaminant,NA,
219995722,NO,present,introduced,invasive,"transport - contaminant: contaminant on animals (except parasites, organisms transported by host/vector)",NA,
219995723,NO,present,introduced,,transport - stowaway: hitchhikers on ship/boat (excluding ballast water and hull fouling),1871,
219995724,NO,present,introduced,invasive,transport - stowaway: ship/boat hull fouling,NA,
219995725,NO,present,introduced,,transport - contaminant: seed contaminant,1895,
219995727,NO,present,introduced,,transport - stowaway: hitchhikers on ship/boat (excluding ballast water and hull fouling),1876,
219995729,NO,present,introduced,,transport - contaminant: seed contaminant,1913,
219995730,NO,present,introduced,,transport - stowaway: hitchhikers on ship/boat (excluding ballast water and hull fouling),1876,
219995732,NO,present,introduced,,transport - stowaway: ship/boat hull fouling,2018,
219995733,NO,present,introduced,,escape: other escape from confinement,1985,
219995734,NO,present,introduced,,transport - stowaway: hitchhikers on ship/boat (excluding ballast water and hull fouling),NA,
219995735,NO,present,introduced,,"transport - stowaway: vehicles (car, train, etc.)",NA,
219995736,NO,present,introduced,,corridors: interconnected waterways/basins/seas,2018,
219995737,NO,present,introduced,,corridors: interconnected waterways/basins/seas,NA,
219995740,NO,present,introduced,,transport - contaminant: seed contaminant,1820,
219995741,NO,present,introduced,,corridors: interconnected waterways/basins/seas,NA,
219995742,NO,present,introduced,,transport - stowaway: ship/boat hull fouling,NA,
219995743,NO,present,introduced,,transport - contaminant: seed contaminant,NA,
219995745,NO,present,introduced,,transport - contaminant: seed contaminant,1876,
219995746,NO,present,introduced,,transport - stowaway: ship/boat hull fouling,NA,
219995747,NO,present,introduced,,"transport - stowaway: vehicles (car, train, etc.)",1879,
219995748,NO,present,introduced,,corridors: interconnected waterways/basins/seas,NA,
219995749,NO,present,introduced,,transport - contaminant: seed contaminant,1828,
219995750,NO,present,introduced,,transport - stowaway: other means of transport,NA,
219995752,NO,present,introduced,,transport - stowaway: hitchhikers on ship/boat (excluding ballast water and hull fouling),1925,
219995753,NO,present,introduced,invasive,transport - stowaway: ship/boat hull fouling,2014,
219995754,NO,present,introduced,,release: other intentional release,NA,
219995755,NO,present,introduced,invasive,corridors: interconnected waterways/basins/seas,2014,
219995756,NO,present,introduced,,escape: ornamental purpose other than horticulture,NA,
219995758,NO,present,introduced,,transport - stowaway: hitchhikers on ship/boat (excluding ballast water and hull fouling),NA,
219995759,NO,present,introduced,invasive,transport - stowaway: ship/boat hull fouling,NA,
219995760,NO,present,introduced,,"transport - contaminant: transportation of habitat material (soil, vegetation, wood etc)",NA,
219995761,NO,present,introduced,invasive,corridors: interconnected waterways/basins/seas,NA,
219995762,NO,present,introduced,,escape: ornamental purpose other than horticulture,1925,
219995764,NO,present,introduced,,escape: ornamental purpose other than horticulture,1857,
219995765,NO,present,introduced,,"transport - contaminant: transportation of habitat material (soil, vegetation, wood etc)",1925,
219995766,NO,present,introduced,invasive,transport - stowaway: hitchhikers on ship/boat (excluding ballast water and hull fouling),2008,
219995767,NO,present,introduced,,"transport - stowaway: vehicles (car, train, etc.)",1828,
219995768,NO,present,introduced,,transport - contaminant: seed contaminant,1891,
219995769,NO,present,introduced,invasive,corridors: interconnected waterways/basins/seas,2008,
219995770,NO,present,introduced,,escape: horticulture,1891,
219995771,NO,present,introduced,invasive,transport - stowaway: hitchhikers on ship/boat (excluding ballast water and hull fouling),NA,
219995774,NO,present,introduced,invasive,transport - stowaway: ship/boat hull fouling,2014,
219995775,NO,present,introduced,invasive,"transport - stowaway: vehicles (car, train, etc.)",NA,
219995776,NO,present,introduced,invasive,"transport - contaminant: transportation of habitat material (soil, vegetation, wood etc)",NA,
219995777,NO,present,introduced,,transport - stowaway: ship/boat hull fouling,NA,
219995778,NO,present,introduced,invasive,transport - contaminant: seed contaminant,NA,
219995779,NO,present,introduced,invasive,corridors: interconnected waterways/basins/seas,2014,
219995780,NO,present,introduced,invasive,transport - stowaway: hitchhikers on ship/boat (excluding ballast water and hull fouling),NA,
219995781,NO,present,introduced,,corridors: interconnected waterways/basins/seas,NA,
219995782,NO,present,introduced,invasive,"transport - contaminant: contaminant on plants (except parasites, species transported by host/vector)",NA,
219995785,NO,present,introduced,,corridors: interconnected waterways/basins/seas,NA,
219995786,NO,present,introduced,,escape: ornamental purpose other than horticulture,1820,
219995787,NO,present,introduced,,transport - stowaway: ship/boat hull fouling,NA,
219995788,NO,present,introduced,,transport - stowaway: hitchhikers on ship/boat (excluding ballast water and hull fouling),NA,
219995790,NO,present,introduced,,transport - stowaway: hitchhikers on ship/boat (excluding ballast water and hull fouling),1903,
219995791,NO,present,introduced,invasive,corridors: interconnected waterways/basins/seas,2022,
219995792,NO,present,introduced,,transport - contaminant: timber trade,NA,
219995793,NO,present,introduced,invasive,transport - stowaway: ship/boat hull fouling,2022,
219995794,NO,present,introduced,,"transport - stowaway: vehicles (car, train, etc.)",1895,
219995797,NO,present,introduced,,escape: horticulture,NA,
219995798,NO,present,introduced,,transport - stowaway: hitchhikers on ship/boat (excluding ballast water and hull fouling),1857,
219995800,NO,present,introduced,,transport - contaminant: timber trade,NA,
219995802,NO,present,introduced,,"transport - contaminant: transportation of habitat material (soil, vegetation, wood etc)",1869,
219995803,NO,present,introduced,,transport - contaminant: parasites on animals (including organisms transported by host and vector),2005,
219995805,NO,present,introduced,,transport - contaminant: parasites on animals (including organisms transported by host and vector),2005,
219995806,NO,present,introduced,,transport - stowaway: other means of transport,NA,
219995807,NO,present,introduced,,transport - contaminant: seed contaminant,NA,
219995809,NO,present,introduced,,escape: agriculture (including biofuel feedstocks),1857,
219995810,NO,present,introduced,invasive,transport - contaminant: parasites on animals (including organisms transported by host and vector),1996,
219995811,NO,present,introduced,,transport - contaminant: seed contaminant,1871,
219995812,NO,present,introduced,invasive,transport - contaminant: parasites on animals (including organisms transported by host and vector),1997,
219995813,NO,present,introduced,,transport - contaminant: seed contaminant,NA,
219995814,NO,present,introduced,,transport - contaminant: seed contaminant,NA,
219995815,NO,present,introduced,invasive,escape: other escape from confinement,1996,
219995816,NO,present,introduced,invasive,escape: ornamental purpose other than horticulture,1870,
219995819,NO,present,introduced,invasive,transport - contaminant: seed contaminant,1802,
219995820,NO,present,introduced,invasive,transport - contaminant: parasites on animals (including organisms transported by host and vector),1975,
219995821,NO,present,introduced,,transport - contaminant: seed contaminant,NA,
219995823,NO,present,introduced,,unaided: natural dispersal across borders of invasive alien organisms,1913,
219995825,NO,present,introduced,,"transport - contaminant: transportation of habitat material (soil, vegetation, wood etc)",1862,
219995827,NO,present,introduced,,unaided: natural dispersal across borders of invasive alien organisms,NA,
219995828,NO,present,introduced,,"transport - stowaway: vehicles (car, train, etc.)",1839,
219995829,NO,present,introduced,,release: fishery in the wild,NA,
219995830,NO,present,introduced,,transport - contaminant: seed contaminant,NA,
219995831,NO,present,introduced,,transport - contaminant: parasites on animals (including organisms transported by host and vector),NA,
219995832,NO,present,introduced,,"transport - stowaway: vehicles (car, train, etc.)",NA,
219995833,NO,present,introduced,,transport - contaminant: parasites on animals (including organisms transported by host and vector),NA,
219995834,NO,present,introduced,,unaided: natural dispersal across borders of invasive alien organisms,NA,
219995836,NO,present,introduced,,transport - stowaway: hitchhikers on ship/boat (excluding ballast water and hull fouling),1820,
219995838,NO,present,introduced,invasive,"transport - contaminant: transportation of habitat material (soil, vegetation, wood etc)",1912,
219995839,NO,present,introduced,invasive,transport - contaminant: parasites on animals (including organisms transported by host and vector),NA,
219995840,NO,present,introduced,invasive,"transport - stowaway: vehicles (car, train, etc.)",1847,
219995841,NO,present,introduced,invasive,unaided: natural dispersal across borders of invasive alien organisms,NA,
219995843,NO,present,introduced,,transport - contaminant: seed contaminant,NA,
219995844,NO,present,introduced,,transport - stowaway: hitchhikers on ship/boat (excluding ballast water and hull fouling),NA,
219995845,NO,present,introduced,,transport - contaminant: parasites on animals (including organisms transported by host and vector),NA,
219995846,NO,present,introduced,,transport - contaminant: seed contaminant,1927,
219995847,NO,present,introduced,,unaided: natural dispersal across borders of invasive alien organisms,NA,
219995848,NO,present,introduced,,"transport - stowaway: vehicles (car, train, etc.)",NA,
219995850,NO,present,introduced,,transport - stowaway: ship/boat ballast water,1837,
219995851,NO,present,introduced,,transport - stowaway: hitchhikers on ship/boat (excluding ballast water and hull fouling),1828,
219995853,NO,present,introduced,,escape: horticulture,NA,
219995855,NO,present,introduced,,transport - contaminant: seed contaminant,1879,
219995856,NO,present,introduced,invasive,transport - contaminant: parasites on animals (including organisms transported by host and vector),NA,
219995857,NO,present,introduced,,unaided: natural dispersal across borders of invasive alien organisms,1903,
219995858,NO,present,introduced,invasive,unaided: natural dispersal across borders of invasive alien organisms,NA,
219995859,NO,present,introduced,,transport - stowaway: other means of transport,1826,
219995861,NO,present,introduced,invasive,escape: horticulture,NA,
219995863,NO,present,introduced,,transport - contaminant: timber trade,1904,
219995864,NO,present,introduced,invasive,transport - stowaway: hitchhikers on ship/boat (excluding ballast water and hull fouling),1847,
219995865,NO,present,introduced,invasive,transport - contaminant: parasites on animals (including organisms transported by host and vector),NA,
219995867,NO,present,introduced,invasive,unaided: natural dispersal across borders of invasive alien organisms,NA,
219995868,NO,present,introduced,,transport - contaminant: seed contaminant,1892,
219995872,NO,present,introduced,,transport - stowaway: ship/boat ballast water,1820,
219995873,NO,present,introduced,,transport - contaminant: parasites on animals (including organisms transported by host and vector),NA,
219995874,NO,present,introduced,,transport - contaminant: food contaminant (including of live food),1897,
219995875,NO,present,introduced,,transport - stowaway: other means of transport,NA,
219995876,NO,present,introduced,invasive,escape: ornamental purpose other than horticulture,NA,
219995878,NO,present,introduced,,transport - contaminant: seed contaminant,1839,
219995880,NO,present,introduced,invasive,transport - contaminant: seed contaminant,1870,
219995882,NO,present,introduced,,transport - contaminant: other means of contamination,1998,
219995883,NO,present,introduced,,transport - stowaway: hitchhikers on ship/boat (excluding ballast water and hull fouling),1891,
219995884,NO,present,introduced,invasive,unaided: natural dispersal across borders of invasive alien organisms,NA,
219995885,NO,present,introduced,invasive,transport - stowaway: hitchhikers on ship/boat (excluding ballast water and hull fouling),1802,
219995886,NO,present,introduced,invasive,release: fishery in the wild,NA,
219995887,NO,present,introduced,,escape: horticulture,1925,
219995888,NO,present,introduced,invasive,"transport - contaminant: transportation of habitat material (soil, vegetation, wood etc)",NA,
219995889,NO,present,introduced,invasive,escape: aquaculture/mariculture,1900,
219995890,NO,present,introduced,,transport - stowaway: hitchhikers on ship/boat (excluding ballast water and hull fouling),1862,
219995891,NO,present,introduced,invasive,release: fishery in the wild,1900,
219995892,NO,present,introduced,,transport - stowaway: ship/boat ballast water,1904,
219995893,NO,present,introduced,invasive,escape: other escape from confinement,NA,
219995894,NO,present,introduced,,transport - contaminant: other means of contamination,1876,
219995895,NO,present,,invasive,release: fishery in the wild,NA,
219995896,NO,present,introduced,,escape: ornamental purpose other than horticulture,1913,
219995897,NO,present,,invasive,unaided: natural dispersal across borders of invasive alien organisms,NA,
219995898,NO,present,introduced,,transport - stowaway: hitchhikers on ship/boat (excluding ballast water and hull fouling),1895,
219995899,NO,present,introduced,invasive,release: fishery in the wild,1971,
219995900,NO,present,introduced,,transport - stowaway: hitchhikers on ship/boat (excluding ballast water and hull fouling),1879,
219995901,NO,present,introduced,invasive,release: fishery in the wild,NA,
219995902,NO,present,introduced,,transport - contaminant: seed contaminant,NA,
219995903,NO,present,introduced,invasive,release: fishery in the wild,1960,
219995904,NO,present,introduced,,escape: agriculture (including biofuel feedstocks),1869,
219995905,NO,present,introduced,,unaided: natural dispersal across borders of invasive alien organisms,1876,
219995906,NO,present,introduced,invasive,release: fishery in the wild,NA,
219995907,NO,present,introduced,,transport - contaminant: seed contaminant,1903,
219995908,NO,present,,,release: fishery in the wild,NA,
219995909,NO,present,introduced,,transport - stowaway: hitchhikers on ship/boat (excluding ballast water and hull fouling),NA,
219995910,NO,present,introduced,invasive,release: fishery in the wild,NA,
219995911,NO,present,introduced,,escape: ornamental purpose other than horticulture,1891,
219995912,NO,present,introduced,invasive,unaided: natural dispersal across borders of invasive alien organisms,NA,
219995913,NO,present,introduced,,escape: ornamental purpose other than horticulture,NA,
219995914,NO,present,introduced,,transport - contaminant: seed contaminant,NA,
219995915,NO,present,introduced,invasive,transport - stowaway: hitchhikers on ship/boat (excluding ballast water and hull fouling),1900,
219995916,NO,present,,,unaided: natural dispersal across borders of invasive alien organisms,NA,
219995917,NO,present,introduced,,transport - contaminant: seed contaminant,1897,
219995918,NO,present,introduced,invasive,unaided: natural dispersal across borders of invasive alien organisms,1960,
219995919,NO,present,introduced,,transport - contaminant: seed contaminant,1933,
219995920,NO,present,introduced,,release: fishery in the wild,NA,
219995921,NO,present,introduced,invasive,escape: other escape from confinement,1971,
219995922,NO,present,introduced,,transport - contaminant: food contaminant (including of live food),1879,
219995923,NO,present,introduced,invasive,unaided: natural dispersal across borders of invasive alien organisms,NA,
219995924,NO,present,introduced,,transport - contaminant: seed contaminant,1862,
219995925,NO,present,introduced,invasive,unaided: natural dispersal across borders of invasive alien organisms,NA,
219995926,NO,present,introduced,,transport - stowaway: hitchhikers on ship/boat (excluding ballast water and hull fouling),1826,
219995927,NO,present,introduced,invasive,escape: research and ex-situ breeding (in facilities),NA,
219995928,NO,present,introduced,,transport - contaminant: timber trade,1839,
219995929,NO,present,introduced,,transport - contaminant: food contaminant (including of live food),NA,
219995931,NO,present,introduced,,"transport - contaminant: transportation of habitat material (soil, vegetation, wood etc)",NA,
219995933,NO,present,introduced,,transport - contaminant: timber trade,NA,
219995934,NO,present,,invasive,release: fishery in the wild,NA,
219995935,NO,present,introduced,,escape: ornamental purpose other than horticulture,1956,
219995936,NO,present,,invasive,unaided: natural dispersal across borders of invasive alien organisms,NA,
219995937,NO,present,introduced,,"transport - contaminant: transportation of habitat material (soil, vegetation, wood etc)",NA,
219995938,NO,present,,invasive,release: fishery in the wild,NA,
219995939,NO,present,introduced,,transport - contaminant: food contaminant (including of live food),1876,
219995941,NO,present,introduced,,transport - contaminant: seed contaminant,1837,
219995942,NO,present,introduced,,transport - contaminant: seed contaminant,1925,
219995943,NO,present,introduced,,release: fishery in the wild,NA,
219995944,NO,present,introduced,invasive,"transport - stowaway: vehicles (car, train, etc.)",1802,
219995945,NO,present,introduced,,transport - stowaway: ship/boat ballast water,NA,
219995946,NO,present,introduced,,transport - contaminant: seed contaminant,1876,
219995947,NO,present,introduced,,"transport - contaminant: contaminant on animals (except parasites, organisms transported by host/vector)",NA,
219995948,NO,present,introduced,,transport - stowaway: hitchhikers on ship/boat (excluding ballast water and hull fouling),NA,
219995951,NO,present,introduced,invasive,release: other intentional release,NA,
219995952,NO,present,introduced,,transport - contaminant: food contaminant (including of live food),1892,
219995953,NO,present,introduced,,transport - contaminant: seed contaminant,1904,
219995954,NO,present,introduced,invasive,release: fishery in the wild,NA,
219995955,NO,present,introduced,,transport - contaminant: contaminant nursery material,NA,
219995957,NO,present,introduced,invasive,escape: other escape from confinement,NA,
219995958,NO,present,introduced,invasive,transport - contaminant: seed contaminant,1847,
219995959,NO,present,introduced,,transport - contaminant: seed contaminant,NA,
219995960,NO,present,introduced,invasive,escape: other escape from confinement,NA,
219995961,NO,present,introduced,,transport - stowaway: hitchhikers on ship/boat (excluding ballast water and hull fouling),1839,
219995962,NO,present,introduced,invasive,release: other intentional release,NA,
219995963,NO,present,introduced,,"transport - contaminant: transportation of habitat material (soil, vegetation, wood etc)",1871,
219995964,NO,present,introduced,invasive,release: fishery in the wild,NA,
219995966,NO,present,introduced,invasive,release: fishery in the wild,NA,
219995968,NO,present,introduced,,release: other intentional release,NA,
219995969,NO,present,introduced,,escape: ornamental purpose other than horticulture,NA,
219995970,NO,present,introduced,,escape: ornamental purpose other than horticulture,1981,
219995971,NO,present,introduced,invasive,release: fishery in the wild,NA,
219995972,NO,present,introduced,,escape: other escape from confinement,1879,
219995973,NO,present,introduced,,release: fishery in the wild,NA,
219995974,NO,present,introduced,,escape: horticulture,2000,
219995975,NO,present,introduced,invasive,release: other intentional release,NA,
219995976,NO,present,introduced,,escape: ornamental purpose other than horticulture,1986,
219995978,NO,present,introduced,,escape: horticulture,2001,
219995979,NO,present,introduced,invasive,release: fishery in the wild,NA,
219995980,NO,present,introduced,,escape: horticulture,1986,
219995982,NO,present,introduced,,escape: ornamental purpose other than horticulture,1879,
219995983,NO,present,introduced,,escape: ornamental purpose other than horticulture,2001,
219995984,NO,present,introduced,invasive,transport - stowaway: ship/boat ballast water,NA,
219995986,NO,present,introduced,invasive,transport - stowaway: hitchhikers on ship/boat (excluding ballast water and hull fouling),NA,
219995987,NO,present,introduced,invasive,transport - stowaway: hitchhikers on ship/boat (excluding ballast water and hull fouling),NA,
219995989,NO,present,introduced,,transport - stowaway: ship/boat ballast water,NA,
219995990,NO,present,introduced,invasive,transport - stowaway: ship/boat ballast water,NA,
219995991,NO,present,introduced,,transport - contaminant: contaminated bait,NA,
219995992,NO,present,introduced,,escape: ornamental purpose other than horticulture,NA,
219995993,NO,present,introduced,invasive,transport - stowaway: hitchhikers on ship/boat (excluding ballast water and hull fouling),NA,
219995994,NO,present,introduced,invasive,unaided: natural dispersal across borders of invasive alien organisms,NA,
219995996,NO,present,introduced,invasive,unaided: natural dispersal across borders of invasive alien organisms,NA,
219995997,NO,present,introduced,invasive,transport - stowaway: ship/boat ballast water,NA,
219995998,NO,present,introduced,invasive,escape: ornamental purpose other than horticulture,NA,
219995999,NO,present,introduced,,transport - stowaway: ship/boat ballast water,NA,
219996000,NO,present,introduced,invasive,escape: horticulture,NA,
219996002,NO,present,introduced,invasive,transport - stowaway: hitchhikers on ship/boat (excluding ballast water and hull fouling),NA,
219996003,NO,present,introduced,invasive,transport - stowaway: ship/boat ballast water,NA,
219996004,NO,present,introduced,invasive,escape: ornamental purpose other than horticulture,1869,
219996007,NO,present,introduced,invasive,escape: horticulture,1869,
219996008,NO,present,,invasive,release: fishery in the wild,NA,
219996013,NO,present,introduced,,escape: ornamental purpose other than horticulture,2000,
219996014,NO,present,introduced,,transport - stowaway: ship/boat ballast water,NA,
219996016,NO,present,introduced,,release: biological control,NA,
219996018,NO,present,introduced,,escape: ornamental purpose other than horticulture,NA,
219996019,NO,present,introduced,,escape: horticulture,1937,
219996020,NO,present,introduced,,,NA,
219996021,NO,present,introduced,,escape: botanic garden/zoo/aquaria (excluding domestic aquaria),NA,
219996023,NO,present,introduced,,escape: horticulture,NA,
219996024,NO,present,introduced,,escape: ornamental purpose other than horticulture,1937,
219996026,NO,present,introduced,,release: other intentional release,NA,
219996028,NO,present,introduced,,escape: horticulture,NA,
219996029,NO,present,introduced,invasive,unaided: natural dispersal across borders of invasive alien organisms,2012,
219996030,NO,present,introduced,,escape: ornamental purpose other than horticulture,NA,
219996031,NO,present,introduced,invasive,transport - stowaway: container/bulk,2012,
219996034,NO,present,introduced,,escape: ornamental purpose other than horticulture,NA,
219996036,NO,present,introduced,,escape: ornamental purpose other than horticulture,NA,
219996037,NO,present,introduced,invasive,unaided: natural dispersal across borders of invasive alien organisms,1959,
219996038,NO,present,introduced,,escape: ornamental purpose other than horticulture,2016,
219996039,NO,present,introduced,invasive,transport - stowaway: container/bulk,NA,
219996040,NO,present,introduced,,escape: botanic garden/zoo/aquaria (excluding domestic aquaria),2019,
219996041,NO,present,introduced,invasive,transport - contaminant: contaminated bait,NA,
219996042,NO,present,introduced,invasive,escape: horticulture,2001,
219996044,NO,present,introduced,invasive,release: landscape improvement,2001,
219996045,NO,present,introduced,invasive,escape: ornamental purpose other than horticulture,2001,
219996046,NO,present,introduced,,escape: botanic garden/zoo/aquaria (excluding domestic aquaria),NA,
219996047,NO,present,introduced,,unaided: natural dispersal across borders of invasive alien organisms,2001,
219996048,NO,present,introduced,,escape: ornamental purpose other than horticulture,1881,
219996049,NO,present,introduced,,transport - stowaway: container/bulk,2001,
219996050,NO,present,introduced,,escape: ornamental purpose other than horticulture,2019,
219996053,NO,present,introduced,,escape: horticulture,1943,
219996054,NO,present,introduced,invasive,unaided: natural dispersal across borders of invasive alien organisms,NA,
219996055,NO,present,introduced,,escape: ornamental purpose other than horticulture,2021,
219996057,NO,present,introduced,,escape: botanic garden/zoo/aquaria (excluding domestic aquaria),2021,
219996058,NO,present,introduced,,escape: pet/aquarium/terrarium species (including live food for such species),NA,
219996059,NO,present,introduced,,escape: ornamental purpose other than horticulture,1951,
219996060,NO,present,introduced,invasive,escape: pet/aquarium/terrarium species (including live food for such species),NA,
219996061,NO,present,introduced,,escape: ornamental purpose other than horticulture,1943,
219996062,NO,present,introduced,invasive,escape: pet/aquarium/terrarium species (including live food for such species),NA,
219996064,NO,present,introduced,invasive,escape: pet/aquarium/terrarium species (including live food for such species),NA,
219996066,NO,present,introduced,invasive,escape: botanic garden/zoo/aquaria (excluding domestic aquaria),NA,
219996067,NO,present,introduced,invasive,transport - stowaway: hitchhikers on ship/boat (excluding ballast water and hull fouling),NA,
219996069,NO,present,introduced,invasive,release: other intentional release,1908,
219996070,NO,present,introduced,,escape: botanic garden/zoo/aquaria (excluding domestic aquaria),NA,
219996071,NO,present,introduced,,release: other intentional release,NA,
219996072,NO,present,introduced,,escape: pet/aquarium/terrarium species (including live food for such species),NA,
219996073,NO,present,introduced,,escape: pet/aquarium/terrarium species (including live food for such species),NA,
219996074,NO,present,introduced,,escape: botanic garden/zoo/aquaria (excluding domestic aquaria),NA,
219996075,NO,present,introduced,invasive,unaided: natural dispersal across borders of invasive alien organisms,NA,
219996076,NO,present,introduced,,escape: horticulture,1990,
219996077,NO,present,introduced,invasive,escape: botanic garden/zoo/aquaria (excluding domestic aquaria),NA,
219996078,NO,present,introduced,,transport - stowaway: hitchhikers on ship/boat (excluding ballast water and hull fouling),1906,
219996079,NO,present,introduced,invasive,escape: pet/aquarium/terrarium species (including live food for such species),NA,
219996080,NO,present,introduced,,escape: botanic garden/zoo/aquaria (excluding domestic aquaria),NA,
219996081,NO,present,introduced,invasive,escape: botanic garden/zoo/aquaria (excluding domestic aquaria),NA,
219996082,NO,present,introduced,invasive,escape: ornamental purpose other than horticulture,1875,
219996083,NO,present,introduced,invasive,escape: botanic garden/zoo/aquaria (excluding domestic aquaria),NA,
219996084,NO,present,introduced,,escape: botanic garden/zoo/aquaria (excluding domestic aquaria),NA,
219996085,NO,present,introduced,,transport - stowaway: other means of transport,NA,
219996087,NO,present,introduced,invasive,transport - stowaway: hitchhikers on ship/boat (excluding ballast water and hull fouling),1905,
219996088,NO,present,introduced,,escape: fur farms,NA,
219996089,NO,present,introduced,invasive,release: landscape improvement,NA,
219996090,NO,present,introduced,,escape: botanic garden/zoo/aquaria (excluding domestic aquaria),NA,
219996091,NO,present,introduced,,unaided: natural dispersal across borders of invasive alien organisms,NA,
219996093,NO,present,introduced,,escape: pet/aquarium/terrarium species (including live food for such species),NA,
219996095,NO,present,introduced,,transport - stowaway: other means of transport,1866,
219996097,NO,present,introduced,,transport - contaminant: timber trade,1866,
219996098,NO,present,introduced,,escape: botanic garden/zoo/aquaria (excluding domestic aquaria),NA,
219996099,NO,present,introduced,,escape: botanic garden/zoo/aquaria (excluding domestic aquaria),NA,
219996100,NO,present,introduced,,transport - stowaway: hitchhikers on ship/boat (excluding ballast water and hull fouling),1866,
219996101,NO,present,introduced,,escape: farmed animals (including animals left under limited control),NA,
219996102,NO,present,introduced,,transport - contaminant: seed contaminant,1866,
219996103,NO,present,introduced,,escape: farmed animals (including animals left under limited control),NA,
219996106,NO,present,introduced,,escape: botanic garden/zoo/aquaria (excluding domestic aquaria),NA,
219996107,NO,present,introduced,,"transport - contaminant: transportation of habitat material (soil, vegetation, wood etc)",1903,
219996108,NO,present,introduced,,escape: botanic garden/zoo/aquaria (excluding domestic aquaria),NA,
219996109,NO,present,introduced,,escape: botanic garden/zoo/aquaria (excluding domestic aquaria),NA,
219996110,NO,present,introduced,,transport - contaminant: seed contaminant,1903,
219996111,NO,present,introduced,,escape: botanic garden/zoo/aquaria (excluding domestic aquaria),NA,
219996112,NO,present,introduced,,"transport - stowaway: vehicles (car, train, etc.)",1903,
219996113,NO,present,introduced,,escape: botanic garden/zoo/aquaria (excluding domestic aquaria),NA,
219996114,NO,present,introduced,,transport - contaminant: seed contaminant,1894,
219996115,NO,present,introduced,,unaided: natural dispersal across borders of invasive alien organisms,NA,
219996116,NO,present,introduced,invasive,escape: ornamental purpose other than horticulture,1908,
219996117,NO,present,introduced,,escape: farmed animals (including animals left under limited control),NA,
219996118,NO,present,introduced,invasive,transport - contaminant: seed contaminant,NA,
219996119,NO,present,introduced,,escape: farmed animals (including animals left under limited control),NA,
219996120,NO,present,introduced,,"transport - stowaway: vehicles (car, train, etc.)",NA,
219996121,NO,present,introduced,,escape: botanic garden/zoo/aquaria (excluding domestic aquaria),NA,
219996122,NO,present,introduced,,transport - contaminant: timber trade,1905,
219996123,NO,present,introduced,,release: other intentional release,1947,
219996124,NO,present,introduced,,transport - contaminant: timber trade,1990,
219996125,NO,present,introduced,,unaided: natural dispersal across borders of invasive alien organisms,NA,
219996126,NO,present,introduced,,transport - stowaway: hitchhikers on ship/boat (excluding ballast water and hull fouling),NA,
219996127,NO,present,introduced,,escape: farmed animals (including animals left under limited control),NA,
219996128,NO,present,introduced,,transport - contaminant: seed contaminant,1871,
219996129,NO,present,introduced,,transport - contaminant: timber trade,NA,
219996130,NO,present,introduced,,unaided: natural dispersal across borders of invasive alien organisms,1947,
219996131,NO,present,introduced,,unaided: natural dispersal across borders of invasive alien organisms,NA,
219996132,NO,present,introduced,invasive,transport - stowaway: hitchhikers on ship/boat (excluding ballast water and hull fouling),1861,
219996135,NO,present,introduced,,transport - stowaway: other means of transport,1906,
219996136,NO,present,introduced,invasive,escape: ornamental purpose other than horticulture,NA,
219996137,NO,present,introduced,,release: other intentional release,NA,
219996138,NO,present,introduced,,release: hunting,NA,
219996139,NO,present,introduced,,escape: ornamental purpose other than horticulture,NA,
219996140,NO,present,introduced,,release: other intentional release,NA,
219996141,NO,present,introduced,,transport - contaminant: timber trade,NA,
219996142,NO,present,introduced,,unaided: natural dispersal across borders of invasive alien organisms,NA,
219996144,NO,present,introduced,,release: hunting,NA,
219996145,NO,present,introduced,,unaided: natural dispersal across borders of invasive alien organisms,NA,
219996146,NO,present,introduced,,escape: ornamental purpose other than horticulture,1962,
219996147,NO,present,introduced,,release: other intentional release,1962,
219996148,NO,present,introduced,,release: hunting,NA,
219996149,NO,present,introduced,,escape: ornamental purpose other than horticulture,2009,
219996150,NO,present,introduced,,unaided: natural dispersal across borders of invasive alien organisms,NA,
219996152,NO,present,introduced,,release: other intentional release,NA,
219996153,NO,present,introduced,,escape: farmed animals (including animals left under limited control),NA,
219996154,NO,present,introduced,,escape: ornamental purpose other than horticulture,2004,
219996155,NO,present,introduced,,release: hunting,NA,
219996156,NO,present,introduced,,transport - contaminant: other means of contamination,NA,
219996157,NO,present,introduced,,release: hunting,NA,
219996158,NO,present,introduced,,release: other intentional release,NA,
219996159,NO,present,introduced,,transport - contaminant: timber trade,2001,
219996160,NO,present,introduced,invasive,unaided: natural dispersal across borders of invasive alien organisms,NA,
219996162,NO,present,introduced,,release: hunting,NA,
219996163,NO,present,introduced,,release: other intentional release,NA,
219996164,NO,present,introduced,,escape: ornamental purpose other than horticulture,1994,
219996165,NO,present,introduced,,release: landscape improvement,NA,
219996166,NO,present,introduced,invasive,transport - contaminant: timber trade,1905,
219996167,NO,present,introduced,,release: hunting,NA,
219996168,NO,present,introduced,,unaided: natural dispersal across borders of invasive alien organisms,NA,
219996170,NO,present,introduced,invasive,escape: ornamental purpose other than horticulture,1875,
219996171,NO,present,introduced,invasive,escape: other escape from confinement,NA,
219996172,NO,present,introduced,invasive,unaided: natural dispersal across borders of invasive alien organisms,NA,
219996173,NO,present,introduced,,escape: ornamental purpose other than horticulture,NA,
219996174,NO,present,introduced,,escape: ornamental purpose other than horticulture,1878,
219996177,NO,present,introduced,invasive,unaided: natural dispersal across borders of invasive alien organisms,1875,
219996178,NO,present,introduced,,unaided: natural dispersal across borders of invasive alien organisms,1861,
219996179,NO,present,introduced,invasive,release: landscape improvement,,
219996180,NO,present,introduced,invasive,release: hunting,1875,
219996181,NO,present,introduced,,transport - stowaway: hitchhikers on ship/boat (excluding ballast water and hull fouling),1881,
219996182,NO,present,introduced,invasive,escape: botanic garden/zoo/aquaria (excluding domestic aquaria),,
219996183,NO,present,introduced,,transport - contaminant: timber trade,2003,
219996184,NO,present,introduced,invasive,release: hunting,1878,
219996186,NO,present,introduced,invasive,escape: pet/aquarium/terrarium species (including live food for such species),,
219996187,NO,present,introduced,,transport - contaminant: seed contaminant,1839,
219996188,NO,present,introduced,invasive,escape: farmed animals (including animals left under limited control),,
219996189,NO,present,introduced,invasive,unaided: natural dispersal across borders of invasive alien organisms,1878,
219996190,NO,present,introduced,,transport - stowaway: hitchhikers on ship/boat (excluding ballast water and hull fouling),1839,
219996191,NO,present,introduced,invasive,unaided: natural dispersal across borders of invasive alien organisms,,
219996192,NO,present,introduced,,escape: agriculture (including biofuel feedstocks),1839,
219996194,NO,present,introduced,invasive,escape: ornamental purpose other than horticulture,1899,
219996196,NO,present,introduced,,escape: botanic garden/zoo/aquaria (excluding domestic aquaria),NA,
219996197,NO,present,introduced,,transport - stowaway: hitchhikers on ship/boat (excluding ballast water and hull fouling),1845,
219996199,NO,present,introduced,invasive,"transport - stowaway: vehicles (car, train, etc.)",1861,
219996201,NO,present,introduced,,escape: agriculture (including biofuel feedstocks),NA,
219996202,NO,present,introduced,,transport - contaminant: contaminated bait,1878,
219996203,NO,present,introduced,invasive,escape: botanic garden/zoo/aquaria (excluding domestic aquaria),1945,
219996204,NO,present,introduced,,release: other intentional release,2004,
219996205,NO,present,introduced,,escape: ornamental purpose other than horticulture,1944,
219996206,NO,present,introduced,,escape: horticulture,1878,
219996207,NO,present,introduced,,escape: botanic garden/zoo/aquaria (excluding domestic aquaria),2004,
219996208,NO,present,introduced,invasive,escape: pet/aquarium/terrarium species (including live food for such species),1945,
219996209,NO,present,introduced,invasive,release: erosion control,NA,
219996211,NO,present,introduced,,transport - contaminant: seed contaminant,1881,
219996212,NO,present,introduced,,escape: botanic garden/zoo/aquaria (excluding domestic aquaria),NA,
219996213,NO,present,introduced,invasive,escape: ornamental purpose other than horticulture,NA,
219996214,NO,present,introduced,,escape: pet/aquarium/terrarium species (including live food for such species),NA,
219996215,NO,present,introduced,,transport - contaminant: seed contaminant,NA,
219996217,NO,present,introduced,,release: other intentional release,1924,
219996218,NO,present,introduced,invasive,escape: pet/aquarium/terrarium species (including live food for such species),1983,
219996219,NO,present,introduced,,escape: ornamental purpose other than horticulture,1990,
219996220,NO,present,introduced,invasive,release: landscape improvement,1983,
219996221,NO,present,introduced,,escape: ornamental purpose other than horticulture,1926,
219996222,NO,present,introduced,invasive,escape: botanic garden/zoo/aquaria (excluding domestic aquaria),1983,
219996223,NO,present,introduced,,escape: horticulture,1881,
219996224,NO,present,introduced,invasive,unaided: natural dispersal across borders of invasive alien organisms,1983,
219996225,NO,present,introduced,,,1920,
219996227,NO,present,introduced,,escape: ornamental purpose other than horticulture,NA,
219996229,NO,present,introduced,invasive,escape: fur farms,1930,
219996230,NO,present,introduced,invasive,release: landscape improvement,NA,
219996231,NO,present,introduced,invasive,release: other intentional release,1930,
219996232,NO,present,introduced,,"transport - stowaway: vehicles (car, train, etc.)",NA,
219996233,NO,present,introduced,invasive,escape: horticulture,1908,
219996234,NO,present,introduced,,unaided: natural dispersal across borders of invasive alien organisms,NA,
219996235,NO,present,introduced,,escape: agriculture (including biofuel feedstocks),1888,
219996237,NO,present,introduced,,,NA,
219996238,NO,present,introduced,,release: other intentional release,1970,
219996239,NO,present,introduced,invasive,escape: ornamental purpose other than horticulture,NA,
219996240,NO,present,introduced,,escape: pet/aquarium/terrarium species (including live food for such species),1970,
219996241,NO,present,introduced,,transport - stowaway: hitchhikers on ship/boat (excluding ballast water and hull fouling),1905,
219996243,NO,present,introduced,,escape: agriculture (including biofuel feedstocks),1861,
219996245,NO,present,introduced,invasive,escape: agriculture (including biofuel feedstocks),1899,
219996246,NO,present,introduced,invasive,unaided: natural dispersal across borders of invasive alien organisms,NA,
219996247,NO,present,introduced,invasive,unaided: natural dispersal across borders of invasive alien organisms,NA,
219996249,NO,present,introduced,,escape: ornamental purpose other than horticulture,2003,
219996251,NO,present,introduced,,escape: other escape from confinement,2003,
219996253,NO,present,introduced,invasive,release: other intentional release,1899,
219996255,NO,present,introduced,,escape: agriculture (including biofuel feedstocks),1834,
219996256,NO,present,introduced,,escape: botanic garden/zoo/aquaria (excluding domestic aquaria),NA,
219996257,NO,present,introduced,,escape: pet/aquarium/terrarium species (including live food for such species),NA,
219996258,NO,present,introduced,invasive,transport - contaminant: seed contaminant,1861,
219996259,NO,present,introduced,,escape: botanic garden/zoo/aquaria (excluding domestic aquaria),1983,
219996260,NO,present,introduced,invasive,"transport - stowaway: vehicles (car, train, etc.)",NA,
219996261,NO,present,introduced,,escape: botanic garden/zoo/aquaria (excluding domestic aquaria),NA,
219996262,NO,present,introduced,,transport - contaminant: timber trade,1894,
219996263,NO,present,introduced,,escape: pet/aquarium/terrarium species (including live food for such species),1984,
219996264,NO,present,introduced,,escape: ornamental purpose other than horticulture,1992,
219996265,NO,present,introduced,,escape: botanic garden/zoo/aquaria (excluding domestic aquaria),1985,
219996266,NO,present,introduced,,transport - contaminant: seed contaminant,1907,
219996267,NO,present,introduced,,escape: botanic garden/zoo/aquaria (excluding domestic aquaria),2000,
219996268,NO,present,introduced,,escape: horticulture,NA,
219996269,NO,present,introduced,,escape: pet/aquarium/terrarium species (including live food for such species),NA,
219996270,NO,present,introduced,invasive,transport - contaminant: timber trade,NA,
219996271,NO,present,introduced,,escape: botanic garden/zoo/aquaria (excluding domestic aquaria),2018,
219996273,NO,present,introduced,invasive,escape: botanic garden/zoo/aquaria (excluding domestic aquaria),2002,
219996274,NO,present,introduced,,escape: botanic garden/zoo/aquaria (excluding domestic aquaria),1978,
219996275,NO,present,introduced,,transport - contaminant: seed contaminant,1882,
219996276,NO,present,introduced,,unaided: natural dispersal across borders of invasive alien organisms,1978,
219996277,NO,present,introduced,,escape: horticulture,1882,
219996278,NO,present,introduced,,escape: pet/aquarium/terrarium species (including live food for such species),1912,
219996279,NO,present,introduced,,transport - stowaway: hitchhikers on ship/boat (excluding ballast water and hull fouling),1882,
219996280,NO,present,introduced,,escape: pet/aquarium/terrarium species (including live food for such species),NA,
219996281,NO,present,introduced,,escape: agriculture (including biofuel feedstocks),1882,
219996282,NO,present,introduced,invasive,transport - contaminant: seed contaminant,1899,
219996283,NO,present,introduced,,unaided: natural dispersal across borders of invasive alien organisms,1980,
219996284,NO,present,introduced,,escape: ornamental purpose other than horticulture,NA,
219996285,NO,present,introduced,,escape: botanic garden/zoo/aquaria (excluding domestic aquaria),NA,
219996286,NO,present,introduced,,escape: pet/aquarium/terrarium species (including live food for such species),1955,
219996287,NO,present,introduced,,escape: botanic garden/zoo/aquaria (excluding domestic aquaria),1924,
219996288,NO,present,introduced,,escape: botanic garden/zoo/aquaria (excluding domestic aquaria),NA,
219996289,NO,present,introduced,invasive,escape: ornamental purpose other than horticulture,1905,
219996290,NO,present,introduced,,release: biological control,1983,
219996291,NO,present,introduced,,transport - contaminant: seed contaminant,1906,
219996292,NO,present,introduced,,escape: pet/aquarium/terrarium species (including live food for such species),2011,
219996293,NO,present,introduced,,escape: agriculture (including biofuel feedstocks),1944,
219996294,NO,present,introduced,,escape: farmed animals (including animals left under limited control),1983,
219996295,NO,present,introduced,,escape: botanic garden/zoo/aquaria (excluding domestic aquaria),1889,
219996296,NO,present,introduced,,escape: ornamental purpose other than horticulture,NA,
219996297,NO,present,introduced,,escape: other escape from confinement,1980,
219996298,NO,present,introduced,,escape: agriculture (including biofuel feedstocks),1881,
219996299,NO,present,introduced,,escape: pet/aquarium/terrarium species (including live food for such species),1985,
219996300,NO,present,introduced,,escape: agriculture (including biofuel feedstocks),NA,
219996301,NO,present,introduced,,escape: pet/aquarium/terrarium species (including live food for such species),2018,
219996302,NO,present,introduced,,escape: botanic garden/zoo/aquaria (excluding domestic aquaria),NA,
219996303,NO,present,introduced,,escape: botanic garden/zoo/aquaria (excluding domestic aquaria),1996,
219996304,NO,present,introduced,,escape: agriculture (including biofuel feedstocks),NA,
219996305,NO,present,introduced,,escape: pet/aquarium/terrarium species (including live food for such species),1996,
219996306,NO,present,introduced,,escape: botanic garden/zoo/aquaria (excluding domestic aquaria),NA,
219996307,NO,present,introduced,invasive,unaided: natural dispersal across borders of invasive alien organisms,1875,
219996308,NO,present,introduced,,escape: botanic garden/zoo/aquaria (excluding domestic aquaria),NA,
219996310,NO,present,introduced,,unaided: natural dispersal across borders of invasive alien organisms,NA,
219996311,NO,present,introduced,invasive,unaided: natural dispersal across borders of invasive alien organisms,2002,
219996313,NO,present,introduced,,unaided: natural dispersal across borders of invasive alien organisms,2011,
219996314,NO,present,introduced,,"transport - contaminant: contaminant on plants (except parasites, species transported by host/vector)",NA,
219996315,NO,present,introduced,,unaided: natural dispersal across borders of invasive alien organisms,NA,
219996316,NO,present,introduced,invasive,unaided: natural dispersal across borders of invasive alien organisms,1900,
219996317,NO,present,introduced,,escape: ornamental purpose other than horticulture,1977,
219996318,NO,present,introduced,,escape: botanic garden/zoo/aquaria (excluding domestic aquaria),NA,
219996319,NO,present,introduced,,escape: botanic garden/zoo/aquaria (excluding domestic aquaria),1980,
219996320,NO,present,introduced,,transport - contaminant: seed contaminant,NA,
219996321,NO,present,introduced,,unaided: natural dispersal across borders of invasive alien organisms,NA,
219996322,NO,present,introduced,,escape: pet/aquarium/terrarium species (including live food for such species),NA,
219996323,NO,present,introduced,,escape: ornamental purpose other than horticulture,1953,
219996324,NO,present,introduced,,unaided: natural dispersal across borders of invasive alien organisms,1984,
219996325,NO,present,introduced,,"transport - contaminant: transportation of habitat material (soil, vegetation, wood etc)",NA,
219996326,NO,present,introduced,,escape: botanic garden/zoo/aquaria (excluding domestic aquaria),1912,
219996327,NO,present,introduced,,unaided: natural dispersal across borders of invasive alien organisms,NA,
219996328,NO,present,introduced,,escape: horticulture,1880,
219996329,NO,present,introduced,,unaided: natural dispersal across borders of invasive alien organisms,2000,
219996330,NO,present,introduced,invasive,unaided: natural dispersal across borders of invasive alien organisms,2004,
219996331,NO,present,introduced,,escape: pet/aquarium/terrarium species (including live food for such species),NA,
219996332,NO,present,introduced,,escape: botanic garden/zoo/aquaria (excluding domestic aquaria),1955,
219996333,NO,present,introduced,,transport - stowaway: hitchhikers on ship/boat (excluding ballast water and hull fouling),1826,
219996334,NO,present,introduced,,escape: pet/aquarium/terrarium species (including live food for such species),NA,
219996335,NO,present,introduced,,escape: horticulture,NA,
219996336,NO,present,introduced,,unaided: natural dispersal across borders of invasive alien organisms,1912,
219996337,NO,present,introduced,,escape: botanic garden/zoo/aquaria (excluding domestic aquaria),NA,
219996338,NO,present,introduced,invasive,release: other intentional release,1900,
219996339,NO,present,introduced,,transport - stowaway: hitchhikers on ship/boat (excluding ballast water and hull fouling),1879,
219996340,NO,present,introduced,,unaided: natural dispersal across borders of invasive alien organisms,1989,
219996341,NO,present,introduced,,escape: pet/aquarium/terrarium species (including live food for such species),NA,
219996342,NO,present,introduced,,transport - contaminant: other means of contamination,NA,
219996343,NO,present,introduced,,escape: botanic garden/zoo/aquaria (excluding domestic aquaria),1984,
219996344,NO,present,introduced,,escape: ornamental purpose other than horticulture,1946,
219996345,NO,present,introduced,,escape: pet/aquarium/terrarium species (including live food for such species),2000,
219996346,NO,present,introduced,,"transport - contaminant: contaminant on plants (except parasites, species transported by host/vector)",NA,
219996347,NO,present,introduced,,unaided: natural dispersal across borders of invasive alien organisms,NA,
219996348,NO,present,introduced,,transport - contaminant: seed contaminant,1884,
219996349,NO,present,introduced,,escape: pet/aquarium/terrarium species (including live food for such species),NA,
219996350,NO,present,introduced,,escape: pet/aquarium/terrarium species (including live food for such species),1889,
219996351,NO,present,introduced,,transport - stowaway: hitchhikers on ship/boat (excluding ballast water and hull fouling),1852,
219996352,NO,present,introduced,,unaided: natural dispersal across borders of invasive alien organisms,2018,
219996353,NO,present,introduced,,escape: ornamental purpose other than horticulture,2005,
219996354,NO,present,introduced,invasive,release: hunting,1900,
219996355,NO,present,introduced,,escape: ornamental purpose other than horticulture,1852,
219996356,NO,present,introduced,,escape: pet/aquarium/terrarium species (including live food for such species),1978,
219996357,NO,present,introduced,,"transport - contaminant: contaminant on plants (except parasites, species transported by host/vector)",NA,
219996358,NO,present,introduced,,unaided: natural dispersal across borders of invasive alien organisms,1985,
219996359,NO,present,introduced,,escape: ornamental purpose other than horticulture,1897,
219996360,NO,present,introduced,,unaided: natural dispersal across borders of invasive alien organisms,NA,
219996361,NO,present,introduced,invasive,escape: ornamental purpose other than horticulture,2004,
219996362,NO,present,introduced,,unaided: natural dispersal across borders of invasive alien organisms,1996,
219996363,NO,present,introduced,invasive,transport - stowaway: hitchhikers on ship/boat (excluding ballast water and hull fouling),NA,
219996364,NO,present,introduced,,unaided: natural dispersal across borders of invasive alien organisms,NA,
219996365,NO,present,introduced,,escape: ornamental purpose other than horticulture,2010,
219996366,NO,present,introduced,,release: other intentional release,1889,
219996367,NO,present,introduced,,unaided: natural dispersal across borders of invasive alien organisms,NA,
219996368,NO,present,introduced,,transport - stowaway: people and their luggage/equipment (in particular tourism),1826,
219996369,NO,present,introduced,,escape: other escape from confinement,1983,
219996370,NO,present,introduced,,escape: horticulture,NA,
219996371,NO,present,introduced,,escape: botanic garden/zoo/aquaria (excluding domestic aquaria),1989,
219996372,NO,present,introduced,,unaided: natural dispersal across borders of invasive alien organisms,1889,
219996373,NO,present,introduced,invasive,"transport - contaminant: transportation of habitat material (soil, vegetation, wood etc)",NA,
219996374,NO,present,introduced,,escape: botanic garden/zoo/aquaria (excluding domestic aquaria),2011,
219996375,NO,present,introduced,,escape: horticulture,1884,
219996376,NO,present,introduced,,escape: horticulture,1977,
219996377,NO,present,introduced,invasive,escape: other escape from confinement,1900,
219996379,NO,present,introduced,,escape: botanic garden/zoo/aquaria (excluding domestic aquaria),NA,
219996380,NO,present,introduced,,unaided: natural dispersal across borders of invasive alien organisms,1955,
219996381,NO,present,introduced,,transport - contaminant: seed contaminant,NA,
219996382,NO,present,introduced,,escape: botanic garden/zoo/aquaria (excluding domestic aquaria),NA,
219996383,NO,present,introduced,,escape: ornamental purpose other than horticulture,NA,
219996384,NO,present,introduced,,escape: pet/aquarium/terrarium species (including live food for such species),1989,
219996385,NO,present,introduced,,escape: horticulture,NA,
219996387,NO,present,introduced,,"transport - contaminant: transportation of habitat material (soil, vegetation, wood etc)",NA,
219996389,NO,present,introduced,,"transport - contaminant: transportation of habitat material (soil, vegetation, wood etc)",1879,
219996390,NO,present,introduced,,transport - stowaway: hitchhikers on ship/boat (excluding ballast water and hull fouling),NA,
219996391,NO,present,introduced,,escape: botanic garden/zoo/aquaria (excluding domestic aquaria),1986,
219996392,NO,present,introduced,,transport - stowaway: other means of transport,NA,
219996393,NO,present,introduced,,unaided: natural dispersal across borders of invasive alien organisms,1986,
219996394,NO,present,introduced,,escape: pet/aquarium/terrarium species (including live food for such species),1986,
219996395,NO,present,introduced,,"transport - contaminant: transportation of habitat material (soil, vegetation, wood etc)",NA,
219996397,NO,present,introduced,invasive,"transport - stowaway: vehicles (car, train, etc.)",NA,
219996399,NO,present,introduced,,escape: ornamental purpose other than horticulture,NA,
219996400,NO,present,introduced,,"transport - stowaway: vehicles (car, train, etc.)",1826,
219996401,NO,present,introduced,,escape: pet/aquarium/terrarium species (including live food for such species),1875,
219996402,NO,present,introduced,,"transport - contaminant: transportation of habitat material (soil, vegetation, wood etc)",1884,
219996403,NO,present,introduced,,transport - stowaway: hitchhikers on ship/boat (excluding ballast water and hull fouling),1884,
219996404,NO,present,introduced,,release: hunting,NA,
219996405,NO,present,introduced,,escape: ornamental purpose other than horticulture,1951,
219996406,NO,present,introduced,invasive,escape: pet/aquarium/terrarium species (including live food for such species),2013,
219996407,NO,present,introduced,,transport - contaminant: seed contaminant,NA,
219996408,NO,present,introduced,,transport - stowaway: hitchhikers on ship/boat (excluding ballast water and hull fouling),NA,
219996409,NO,present,introduced,,release: hunting,1988,
219996410,NO,present,introduced,invasive,release: release in nature,2013,
219996411,NO,present,introduced,,transport - contaminant: timber trade,NA,
219996412,NO,present,introduced,,escape: botanic garden/zoo/aquaria (excluding domestic aquaria),NA,
219996413,NO,present,introduced,,"transport - contaminant: contaminant on plants (except parasites, species transported by host/vector)",1884,
219996414,NO,present,introduced,,escape: pet/aquarium/terrarium species (including live food for such species),1988,
219996415,NO,present,introduced,,escape: botanic garden/zoo/aquaria (excluding domestic aquaria),1953,
219996416,NO,present,introduced,invasive,escape: botanic garden/zoo/aquaria (excluding domestic aquaria),2013,
219996417,NO,present,introduced,,escape: botanic garden/zoo/aquaria (excluding domestic aquaria),2005,
219996418,NO,present,introduced,,release: release in nature,1988,
219996419,NO,present,introduced,,escape: botanic garden/zoo/aquaria (excluding domestic aquaria),1951,
219996420,NO,present,introduced,,escape: botanic garden/zoo/aquaria (excluding domestic aquaria),1988,
219996421,NO,present,introduced,,escape: pet/aquarium/terrarium species (including live food for such species),NA,
219996423,NO,present,introduced,,unaided: natural dispersal across borders of invasive alien organisms,1875,
219996424,NO,present,introduced,,escape: botanic garden/zoo/aquaria (excluding domestic aquaria),1875,
219996425,NO,present,introduced,,escape: aquaculture/mariculture,NA,
219996426,NO,present,introduced,,release: other intentional release,NA,
219996427,NO,present,introduced,,release: hunting,1875,
219996428,NO,present,introduced,,unaided: natural dispersal across borders of invasive alien organisms,NA,
219996430,NO,present,introduced,,transport - stowaway: angling/fishing equipment,NA,
219996434,NO,present,introduced,,transport - stowaway: hitchhikers on ship/boat (excluding ballast water and hull fouling),1874,
219996435,NO,present,introduced,,unaided: natural dispersal across borders of invasive alien organisms,1994,
219996436,NO,present,introduced,,escape: ornamental purpose other than horticulture,1874,
219996437,NO,present,introduced,,escape: pet/aquarium/terrarium species (including live food for such species),1994,
219996438,NO,present,introduced,,escape: horticulture,1874,
219996439,NO,present,introduced,,escape: botanic garden/zoo/aquaria (excluding domestic aquaria),1994,
219996441,NO,present,introduced,,transport - stowaway: hitchhikers on ship/boat (excluding ballast water and hull fouling),1994,
219996443,NO,present,introduced,,escape: ornamental purpose other than horticulture,NA,
219996444,NO,present,introduced,,transport - stowaway: hitchhikers on ship/boat (excluding ballast water and hull fouling),NA,
219996445,NO,present,introduced,,escape: horticulture,1965,
219996446,NO,present,introduced,,unaided: natural dispersal across borders of invasive alien organisms,NA,
219996447,NO,present,introduced,,escape: ornamental purpose other than horticulture,2009,
219996449,NO,present,introduced,,escape: pet/aquarium/terrarium species (including live food for such species),2009,
219996450,NO,present,introduced,,escape: ornamental purpose other than horticulture,1970,
219996451,NO,present,introduced,,escape: horticulture,2009,
219996452,NO,present,introduced,,transport - stowaway: hitchhikers on ship/boat (excluding ballast water and hull fouling),2009,
219996453,NO,present,introduced,,"transport - contaminant: transportation of habitat material (soil, vegetation, wood etc)",2009,
219996454,NO,present,introduced,,escape: botanic garden/zoo/aquaria (excluding domestic aquaria),2009,
219996455,NO,present,introduced,,escape: ornamental purpose other than horticulture,NA,
219996457,NO,present,introduced,invasive,transport - stowaway: hitchhikers on ship/boat (excluding ballast water and hull fouling),1874,
219996458,NO,present,introduced,,unaided: natural dispersal across borders of invasive alien organisms,NA,
219996459,NO,present,introduced,,escape: ornamental purpose other than horticulture,1965,
219996460,NO,present,introduced,,transport - stowaway: hitchhikers on ship/boat (excluding ballast water and hull fouling),NA,
219996461,NO,present,introduced,invasive,release: landscape improvement,1874,
219996462,NO,present,introduced,,escape: botanic garden/zoo/aquaria (excluding domestic aquaria),NA,
219996463,NO,present,introduced,invasive,escape: ornamental purpose other than horticulture,1874,
219996464,NO,present,introduced,,escape: pet/aquarium/terrarium species (including live food for such species),NA,
219996465,NO,present,introduced,,escape: ornamental purpose other than horticulture,1920,
219996467,NO,present,introduced,,escape: ornamental purpose other than horticulture,NA,
219996469,NO,present,introduced,,escape: botanic garden/zoo/aquaria (excluding domestic aquaria),NA,
219996471,NO,present,introduced,,escape: pet/aquarium/terrarium species (including live food for such species),NA,
219996472,NO,present,introduced,,unaided: natural dispersal across borders of invasive alien organisms,NA,
219996474,NO,present,introduced,,escape: botanic garden/zoo/aquaria (excluding domestic aquaria),NA,
219996475,NO,present,introduced,invasive,escape: ornamental purpose other than horticulture,NA,
219996477,NO,present,introduced,,transport - contaminant: seed contaminant,1881,
219996481,NO,present,introduced,,escape: ornamental purpose other than horticulture,1871,
219996482,NO,present,introduced,,escape: botanic garden/zoo/aquaria (excluding domestic aquaria),NA,
219996483,NO,present,introduced,,transport - stowaway: hitchhikers on ship/boat (excluding ballast water and hull fouling),1871,
219996484,NO,present,introduced,,unaided: natural dispersal across borders of invasive alien organisms,NA,
219996485,NO,present,introduced,,escape: pet/aquarium/terrarium species (including live food for such species),NA,
219996486,NO,present,introduced,,escape: horticulture,1871,
219996488,NO,present,introduced,,transport - stowaway: hitchhikers on ship/boat (excluding ballast water and hull fouling),NA,
219996490,NO,present,introduced,,escape: botanic garden/zoo/aquaria (excluding domestic aquaria),NA,
219996491,NO,present,introduced,,escape: ornamental purpose other than horticulture,NA,
219996492,NO,present,introduced,,unaided: natural dispersal across borders of invasive alien organisms,1980,
219996494,NO,present,introduced,,escape: botanic garden/zoo/aquaria (excluding domestic aquaria),1980,
219996495,NO,present,introduced,,unaided: natural dispersal across borders of invasive alien organisms,NA,
219996496,NO,present,introduced,,escape: ornamental purpose other than horticulture,2007,
219996497,NO,present,introduced,,escape: pet/aquarium/terrarium species (including live food for such species),1980,
219996498,NO,present,introduced,,escape: pet/aquarium/terrarium species (including live food for such species),NA,
219996499,NO,present,introduced,,escape: horticulture,2007,
219996502,NO,present,introduced,,escape: ornamental purpose other than horticulture,2015,
219996503,NO,present,introduced,,escape: pet/aquarium/terrarium species (including live food for such species),2004,
219996504,NO,present,introduced,,unaided: natural dispersal across borders of invasive alien organisms,NA,
219996505,NO,present,introduced,,transport - contaminant: seed contaminant,1860,
219996506,NO,present,introduced,,escape: botanic garden/zoo/aquaria (excluding domestic aquaria),2004,
219996507,NO,present,introduced,,escape: horticulture,1882,
219996508,NO,present,introduced,,escape: pet/aquarium/terrarium species (including live food for such species),NA,
219996509,NO,present,introduced,,escape: botanic garden/zoo/aquaria (excluding domestic aquaria),NA,
219996510,NO,present,introduced,,escape: ornamental purpose other than horticulture,2010,
219996511,NO,present,introduced,,escape: pet/aquarium/terrarium species (including live food for such species),NA,
219996512,NO,present,introduced,,transport - stowaway: ship/boat ballast water,1860,
219996513,NO,present,introduced,,escape: botanic garden/zoo/aquaria (excluding domestic aquaria),NA,
219996514,NO,present,introduced,,transport - contaminant: seed contaminant,NA,
219996515,NO,present,introduced,,unaided: natural dispersal across borders of invasive alien organisms,2004,
219996516,NO,present,introduced,,unaided: natural dispersal across borders of invasive alien organisms,NA,
219996517,NO,present,introduced,,transport - contaminant: seed contaminant,1893,
219996519,NO,present,introduced,,transport - contaminant: timber trade,1897,
219996521,NO,present,introduced,,transport - contaminant: seed contaminant,1897,
219996522,NO,present,introduced,invasive,release: fishery in the wild,NA,
219996523,NO,present,introduced,,escape: ornamental purpose other than horticulture,1947,
219996525,NO,present,introduced,,escape: ornamental purpose other than horticulture,1892,
219996526,NO,present,introduced,invasive,release: fishery in the wild,NA,
219996527,NO,present,introduced,invasive,release: fishery in the wild,NA,
219996528,NO,present,introduced,,escape: horticulture,1979,
219996529,NO,present,introduced,,release: fishery in the wild,1890,
219996530,NO,present,introduced,,escape: ornamental purpose other than horticulture,1914,
219996531,NO,present,introduced,invasive,release: fishery in the wild,NA,
219996532,NO,present,introduced,,escape: botanic garden/zoo/aquaria (excluding domestic aquaria),1881,
219996534,NO,present,introduced,,escape: ornamental purpose other than horticulture,1893,
219996536,NO,present,introduced,,transport - contaminant: seed contaminant,1838,
219996538,NO,present,introduced,,escape: horticulture,2010,
219996539,NO,present,introduced,,release: other intentional release,NA,
219996540,NO,present,introduced,,transport - contaminant: timber trade,1893,
219996541,NO,present,introduced,invasive,escape: pet/aquarium/terrarium species (including live food for such species),NA,
219996542,NO,present,introduced,,escape: ornamental purpose other than horticulture,1881,
219996543,NO,present,introduced,invasive,release: landscape improvement,NA,
219996544,NO,present,introduced,,escape: ornamental purpose other than horticulture,1912,
219996545,NO,present,introduced,,escape: horticulture,NA,
219996546,NO,present,introduced,invasive,transport - stowaway: container/bulk,NA,
219996547,NO,present,introduced,invasive,release: landscape improvement,NA,
219996548,NO,present,introduced,,transport - contaminant: seed contaminant,1870,
219996549,NO,present,introduced,invasive,escape: pet/aquarium/terrarium species (including live food for such species),NA,
219996551,NO,present,introduced,,,NA,
219996553,NO,present,introduced,,escape: ornamental purpose other than horticulture,NA,
219996554,NO,present,introduced,,release: other intentional release,NA,
219996555,NO,present,introduced,,escape: ornamental purpose other than horticulture,1880,
219996556,NO,present,introduced,,transport - stowaway: hitchhikers on ship/boat (excluding ballast water and hull fouling),NA,
219996558,NO,present,introduced,,transport - stowaway: hitchhikers on ship/boat (excluding ballast water and hull fouling),1897,
219996559,NO,present,introduced,,release: other intentional release,NA,
219996561,NO,present,introduced,,unaided: natural dispersal across borders of invasive alien organisms,1990,
219996562,NO,present,introduced,,escape: ornamental purpose other than horticulture,NA,
219996564,NO,present,introduced,,escape: horticulture,NA,
219996565,NO,present,introduced,invasive,release: other intentional release,NA,
219996566,NO,present,introduced,,escape: ornamental purpose other than horticulture,1954,
219996567,NO,present,introduced,invasive,release: other intentional release,NA,
219996568,NO,present,introduced,,"transport - contaminant: transportation of habitat material (soil, vegetation, wood etc)",1892,
219996569,NO,present,introduced,,escape: pet/aquarium/terrarium species (including live food for such species),NA,
219996570,NO,present,introduced,,escape: ornamental purpose other than horticulture,1989,
219996571,NO,present,introduced,,unaided: natural dispersal across borders of invasive alien organisms,NA,
219996572,NO,present,introduced,,escape: ornamental purpose other than horticulture,NA,
219996573,NO,present,introduced,,release: other intentional release,1990,
219996574,NO,present,introduced,invasive,release: other intentional release,NA,
219996575,NO,present,introduced,invasive,"transport - contaminant: transportation of habitat material (soil, vegetation, wood etc)",NA,
219996576,NO,present,introduced,,release: other intentional release,NA,
219996577,NO,present,introduced,invasive,escape: ornamental purpose other than horticulture,1912,
219996579,NO,present,introduced,,transport - contaminant: seed contaminant,NA,
219996580,NO,present,introduced,,release: other intentional release,NA,
219996581,NO,present,introduced,,escape: ornamental purpose other than horticulture,2008,
219996583,NO,present,introduced,,unaided: natural dispersal across borders of invasive alien organisms,NA,
219996585,NO,present,introduced,,escape: other escape from confinement,1882,
219996586,NO,present,,invasive,release: biological control,NA,
219996587,NO,present,introduced,,escape: ornamental purpose other than horticulture,NA,
219996588,NO,present,,invasive,release: fishery in the wild,NA,
219996589,NO,present,introduced,,transport - contaminant: timber trade,NA,
219996591,NO,present,introduced,,escape: ornamental purpose other than horticulture,NA,
219996593,NO,present,introduced,,,1827,
219996595,NO,present,introduced,,escape: botanic garden/zoo/aquaria (excluding domestic aquaria),1947,
219996596,NO,present,introduced,,transport - stowaway: hitchhikers on ship/boat (excluding ballast water and hull fouling),1838,
219996597,NO,present,introduced,invasive,transport - stowaway: ship/boat hull fouling,2020,
219996598,NO,present,introduced,,escape: ornamental purpose other than horticulture,1979,
219996600,NO,present,introduced,,escape: ornamental purpose other than horticulture,2001,
219996602,NO,present,introduced,,transport - stowaway: hitchhikers on ship/boat (excluding ballast water and hull fouling),1842,
219996603,NO,present,introduced,,transport - stowaway: ship/boat hull fouling,NA,
219996604,NO,present,introduced,,corridors: interconnected waterways/basins/seas,NA,
219996606,NO,present,introduced,,transport - stowaway: other means of transport,NA,
219996607,NO,present,introduced,,escape: horticulture,1912,
219996609,NO,present,introduced,,escape: ornamental purpose other than horticulture,1912,
219996610,NO,present,introduced,,corridors: interconnected waterways/basins/seas,NA,
219996611,NO,present,introduced,,transport - contaminant: seed contaminant,1842,
219996612,NO,present,introduced,,transport - stowaway: ship/boat hull fouling,NA,
219996613,NO,present,introduced,invasive,escape: ornamental purpose other than horticulture,NA,
219996615,NO,present,introduced,,escape: ornamental purpose other than horticulture,2000,
219996616,NO,present,introduced,invasive,corridors: interconnected waterways/basins/seas,2022,
219996617,NO,present,introduced,,escape: horticulture,1947,
219996618,NO,present,introduced,invasive,transport - stowaway: ship/boat hull fouling,2022,
219996619,NO,present,introduced,,transport - contaminant: seed contaminant,1917,
219996621,NO,present,introduced,,escape: horticulture,NA,
219996623,NO,present,introduced,,transport - contaminant: contaminant nursery material,1910,
219996624,NO,present,introduced,,transport - contaminant: seed contaminant,1910,
219996625,NO,present,introduced,,transport - stowaway: ship/boat hull fouling,1990,
219996627,NO,present,introduced,invasive,corridors: interconnected waterways/basins/seas,2007,
219996628,NO,present,introduced,,escape: ornamental purpose other than horticulture,NA,
219996629,NO,present,introduced,invasive,transport - stowaway: ship/boat hull fouling,2007,
219996630,NO,present,introduced,,escape: ornamental purpose other than horticulture,NA,
219996631,NO,present,introduced,,transport - stowaway: ship/boat hull fouling,NA,
219996633,NO,present,introduced,,transport - stowaway: ship/boat hull fouling,NA,
219996634,NO,present,introduced,,corridors: interconnected waterways/basins/seas,NA,
219996635,NO,present,introduced,,escape: ornamental purpose other than horticulture,2000,
219996638,NO,present,introduced,invasive,escape: ornamental purpose other than horticulture,1996,
219996639,NO,present,introduced,,escape: live food and live bait,NA,
219996640,NO,present,introduced,,release: fishery in the wild,NA,
219996641,NO,present,introduced,,transport - stowaway: hitchhikers on ship/boat (excluding ballast water and hull fouling),NA,
219996643,NO,present,introduced,,escape: ornamental purpose other than horticulture,NA,
219996644,NO,present,,invasive,release: fishery in the wild,NA,
219996645,NO,present,introduced,,transport - contaminant: seed contaminant,2000,
219996646,NO,present,,invasive,release: fishery in the wild,NA,
219996647,NO,present,introduced,,transport - stowaway: hitchhikers on ship/boat (excluding ballast water and hull fouling),1886,
219996648,NO,present,introduced,,escape: live food and live bait,NA,
219996649,NO,present,introduced,,escape: horticulture,2003,
219996650,NO,present,introduced,,release: fishery in the wild,NA,
219996651,NO,present,introduced,,transport - contaminant: seed contaminant,1920,
219996652,NO,present,introduced,invasive,release: fishery in the wild,1980,
219996653,NO,present,introduced,,escape: horticulture,1882,
219996654,NO,present,introduced,invasive,release: fishery in the wild,NA,
219996655,NO,present,introduced,,escape: horticulture,2000,
219996656,NO,present,introduced,,release: other intentional release,NA,
219996657,NO,present,introduced,,transport - contaminant: seed contaminant,1892,
219996658,NO,present,introduced,,release: fishery in the wild,NA,
219996659,NO,present,introduced,,escape: ornamental purpose other than horticulture,1920,
219996660,NO,present,introduced,invasive,release: other intentional release,NA,
219996661,NO,present,introduced,,transport - stowaway: hitchhikers on ship/boat (excluding ballast water and hull fouling),1882,
219996662,NO,present,introduced,,"transport - contaminant: transportation of habitat material (soil, vegetation, wood etc)",1832,
219996663,NO,present,introduced,,release: fishery in the wild,NA,
219996664,NO,present,introduced,,transport - contaminant: seed contaminant,1934,
219996665,NO,present,introduced,,release: fishery in the wild,NA,
219996666,NO,present,introduced,,transport - contaminant: seed contaminant,1886,
219996667,NO,present,introduced,,escape: horticulture,NA,
219996668,NO,present,introduced,,release: fishery in the wild,NA,
219996669,NO,present,introduced,,transport - contaminant: seed contaminant,1889,
219996670,NO,present,introduced,,"transport - stowaway: vehicles (car, train, etc.)",2000,
219996671,NO,present,,invasive,release: other intentional release,NA,
219996672,NO,present,introduced,,escape: botanic garden/zoo/aquaria (excluding domestic aquaria),2003,
219996673,NO,present,introduced,invasive,release: other intentional release,NA,
219996674,NO,present,introduced,,transport - contaminant: seed contaminant,1882,
219996675,NO,present,,invasive,unaided: natural dispersal across borders of invasive alien organisms,NA,
219996676,NO,present,introduced,,escape: horticulture,1920,
219996677,NO,present,introduced,,"transport - contaminant: transportation of habitat material (soil, vegetation, wood etc)",1920,
219996678,NO,present,,invasive,release: biological control,NA,
219996679,NO,present,introduced,,escape: ornamental purpose other than horticulture,1886,
219996680,NO,present,introduced,,release: fishery in the wild,NA,
219996681,NO,present,introduced,,transport - contaminant: seed contaminant,1832,
219996682,NO,present,introduced,invasive,release: other intentional release,NA,
219996684,NO,present,introduced,invasive,release: fishery in the wild,1995,
219996685,NO,present,introduced,,"transport - contaminant: contaminant on plants (except parasites, species transported by host/vector)",1947,
219996686,NO,present,introduced,invasive,escape: pet/aquarium/terrarium species (including live food for such species),NA,
219996687,NO,present,introduced,,transport - contaminant: contaminated bait,NA,
219996688,NO,present,,invasive,release: fishery in the wild,NA,
219996689,NO,present,introduced,,escape: live food and live bait,NA,
219996690,NO,present,introduced,,unaided: natural dispersal across borders of invasive alien organisms,NA,
219996691,NO,present,introduced,invasive,escape: other escape from confinement,NA,
219996692,NO,present,,invasive,release: fishery in the wild,NA,
219996693,NO,present,introduced,invasive,transport - contaminant: seed contaminant,NA,
219996694,NO,present,introduced,,"transport - contaminant: contaminant on plants (except parasites, species transported by host/vector)",1946,
219996695,NO,present,,invasive,release: fishery in the wild,NA,
219996696,NO,present,introduced,invasive,transport - stowaway: hitchhikers on ship/boat (excluding ballast water and hull fouling),NA,
219996697,NO,present,introduced,invasive,release: other intentional release,NA,
219996698,NO,present,introduced,,transport - contaminant: parasites on plants (including species transported by host and vector),1970,
219996699,NO,present,,invasive,release: fishery in the wild,NA,
219996700,NO,present,introduced,invasive,release: other intentional release,NA,
219996702,NO,present,introduced,invasive,release: other intentional release,NA,
219996703,NO,present,introduced,invasive,escape: aquaculture/mariculture,NA,
219996704,NO,present,introduced,,escape: forestry (including reforestation),NA,
219996705,NO,present,introduced,invasive,release: fishery in the wild,NA,
219996706,NO,present,introduced,invasive,escape: live food and live bait,NA,
219996708,NO,present,introduced,,release: fishery in the wild,NA,
219996711,NO,present,introduced,,escape: botanic garden/zoo/aquaria (excluding domestic aquaria),2010,
219996712,NO,present,introduced,,escape: live food and live bait,NA,
219996713,NO,present,introduced,,release: release in nature,2009,
219996714,NO,present,introduced,invasive,escape: other escape from confinement,NA,
219996715,NO,present,introduced,,escape: live food and live bait,NA,
219996716,NO,present,introduced,,unaided: natural dispersal across borders of invasive alien organisms,NA,
219996717,NO,present,introduced,,release: other intentional release,NA,
219996718,NO,present,introduced,,escape: botanic garden/zoo/aquaria (excluding domestic aquaria),2005,
219996720,NO,present,introduced,,escape: botanic garden/zoo/aquaria (excluding domestic aquaria),2009,
219996721,NO,present,introduced,,escape: other escape from confinement,NA,
219996722,NO,present,introduced,,escape: ornamental purpose other than horticulture,NA,
219996723,NO,present,introduced,,release: other intentional release,NA,
219996724,NO,present,introduced,,escape: ornamental purpose other than horticulture,NA,
219996727,NO,present,introduced,,escape: botanic garden/zoo/aquaria (excluding domestic aquaria),NA,
219996728,NO,present,introduced,,escape: ornamental purpose other than horticulture,NA,
219996729,NO,present,,,release: other intentional release,NA,
219996730,NO,present,introduced,,release: other intentional release,1993,
219996732,NO,present,introduced,,escape: ornamental purpose other than horticulture,2018,
219996734,NO,present,introduced,invasive,escape: ornamental purpose other than horticulture,1865,
219996735,NO,present,introduced,,escape: botanic garden/zoo/aquaria (excluding domestic aquaria),NA,
219996736,NO,present,introduced,,release: landscape improvement,NA,
219996737,NO,present,introduced,,escape: ornamental purpose other than horticulture,2005,
219996738,NO,present,introduced,,escape: pet/aquarium/terrarium species (including live food for such species),NA,
219996739,NO,present,introduced,,escape: ornamental purpose other than horticulture,2009,
219996740,NO,present,introduced,,escape: botanic garden/zoo/aquaria (excluding domestic aquaria),2018,
219996741,NO,present,introduced,,transport - stowaway: container/bulk,NA,
219996742,NO,present,introduced,,escape: botanic garden/zoo/aquaria (excluding domestic aquaria),NA,
219996743,NO,present,introduced,,release: landscape improvement,NA,
219996744,NO,present,introduced,,escape: ornamental purpose other than horticulture,2010,
219996745,NO,present,introduced,,release: landscape improvement,2010,
219996747,NO,present,introduced,,escape: pet/aquarium/terrarium species (including live food for such species),NA,
219996750,NO,present,introduced,,escape: horticulture,NA,
219996751,NO,present,introduced,,escape: pet/aquarium/terrarium species (including live food for such species),NA,
219996752,NO,present,introduced,invasive,escape: horticulture,1923,
219996753,NO,present,introduced,,unaided: natural dispersal across borders of invasive alien organisms,NA,
219996754,NO,present,introduced,,release: other intentional release,NA,
219996755,NO,present,introduced,,escape: ornamental purpose other than horticulture,NA,
219996756,NO,present,introduced,,escape: pet/aquarium/terrarium species (including live food for such species),NA,
219996757,NO,present,introduced,,escape: horticulture,NA,
219996758,NO,present,introduced,,release: other intentional release,NA,
219996759,NO,present,introduced,,escape: botanic garden/zoo/aquaria (excluding domestic aquaria),NA,
219996760,NO,present,introduced,,escape: ornamental purpose other than horticulture,NA,
219996761,NO,present,introduced,,release: other intentional release,NA,
219996762,NO,present,introduced,,escape: horticulture,NA,
219996764,NO,present,introduced,,escape: ornamental purpose other than horticulture,NA,
219996766,NO,present,introduced,invasive,escape: ornamental purpose other than horticulture,1923,
219996767,NO,present,introduced,,escape: live food and live bait,NA,
219996768,NO,present,introduced,,escape: horticulture,NA,
219996769,NO,present,introduced,,escape: pet/aquarium/terrarium species (including live food for such species),NA,
219996771,NO,present,introduced,,escape: aquaculture/mariculture,NA,
219996773,NO,present,introduced,,,1929,
219996774,NO,present,introduced,invasive,escape: ornamental purpose other than horticulture,1848,
219996776,NO,present,introduced,,escape: horticulture,NA,
219996777,NO,present,introduced,,release: other intentional release,NA,
219996778,NO,present,introduced,,escape: horticulture,NA,
219996779,NO,present,introduced,,escape: pet/aquarium/terrarium species (including live food for such species),NA,
219996780,NO,present,introduced,,escape: ornamental purpose other than horticulture,NA,
219996781,NO,present,introduced,,escape: pet/aquarium/terrarium species (including live food for such species),NA,
219996782,NO,present,introduced,,escape: ornamental purpose other than horticulture,NA,
219996784,NO,present,introduced,invasive,escape: horticulture,1848,
219996786,NO,present,introduced,,escape: pet/aquarium/terrarium species (including live food for such species),NA,
219996787,NO,present,introduced,,escape: pet/aquarium/terrarium species (including live food for such species),2005,
219996788,NO,present,introduced,,escape: horticulture,2007,
219996789,NO,present,introduced,,escape: pet/aquarium/terrarium species (including live food for such species),2008,
219996790,NO,present,introduced,,release: other intentional release,2005,
219996792,NO,present,introduced,,release: other intentional release,2008,
219996793,NO,present,introduced,,escape: pet/aquarium/terrarium species (including live food for such species),NA,
219996794,NO,present,introduced,,"transport - contaminant: transportation of habitat material (soil, vegetation, wood etc)",NA,
219996795,NO,present,introduced,,release: other intentional release,NA,
219996796,NO,present,introduced,,escape: ornamental purpose other than horticulture,NA,
219996797,NO,present,introduced,,escape: horticulture,NA,
219996799,NO,present,introduced,,transport - contaminant: seed contaminant,1875,
219996800,NO,present,introduced,,escape: pet/aquarium/terrarium species (including live food for such species),NA,
219996801,NO,present,introduced,,escape: ornamental purpose other than horticulture,1994,
219996802,NO,present,introduced,,unaided: natural dispersal across borders of invasive alien organisms,NA,
219996804,NO,present,introduced,,escape: ornamental purpose other than horticulture,NA,
219996806,NO,present,introduced,invasive,escape: ornamental purpose other than horticulture,1994,
219996809,NO,present,introduced,,escape: ornamental purpose other than horticulture,1937,
219996810,NO,present,introduced,,transport - stowaway: ship/boat ballast water,NA,
219996811,NO,present,introduced,,escape: ornamental purpose other than horticulture,2009,
219996812,NO,present,introduced,,"transport - contaminant: contaminant on animals (except parasites, organisms transported by host/vector)",NA,
219996813,NO,present,introduced,,corridors: interconnected waterways/basins/seas,NA,
219996814,NO,present,introduced,,escape: ornamental purpose other than horticulture,2007,
219996815,NO,present,introduced,,transport - stowaway: ship/boat hull fouling,NA,
219996816,NO,present,introduced,,escape: horticulture,1994,
219996817,NO,present,introduced,,transport - stowaway: ship/boat hull fouling,NA,
219996818,NO,present,introduced,,transport - contaminant: timber trade,NA,
219996819,NO,present,introduced,,escape: ornamental purpose other than horticulture,2014,
219996821,NO,present,introduced,invasive,escape: horticulture,NA,
219996822,NO,present,introduced,,transport - stowaway: ship/boat ballast water,NA,
219996823,NO,present,introduced,,escape: ornamental purpose other than horticulture,NA,
219996825,NO,present,introduced,invasive,escape: ornamental purpose other than horticulture,NA,
219996826,NO,present,introduced,,transport - stowaway: ship/boat ballast water,NA,
219996827,NO,present,introduced,,escape: ornamental purpose other than horticulture,NA,
219996828,NO,present,introduced,,transport - stowaway: ship/boat hull fouling,NA,
219996829,NO,present,introduced,invasive,escape: ornamental purpose other than horticulture,NA,
219996830,NO,present,introduced,,transport - stowaway: ship/boat hull fouling,NA,
219996831,NO,present,introduced,,escape: ornamental purpose other than horticulture,2016,
219996832,NO,present,introduced,,transport - stowaway: ship/boat hull fouling,NA,
219996833,NO,present,introduced,,corridors: interconnected waterways/basins/seas,NA,
219996834,NO,present,introduced,,escape: ornamental purpose other than horticulture,NA,
219996835,NO,present,introduced,,release: other intentional release,NA,
219996836,NO,present,introduced,,transport - stowaway: ship/boat hull fouling,NA,
219996837,NO,present,introduced,,unaided: natural dispersal across borders of invasive alien organisms,2001,
219996838,NO,present,introduced,,"transport - contaminant: contaminant on animals (except parasites, organisms transported by host/vector)",NA,
219996839,NO,present,introduced,,escape: ornamental purpose other than horticulture,1989,
219996840,NO,present,introduced,,transport - stowaway: angling/fishing equipment,NA,
219996841,NO,present,introduced,,transport - stowaway: angling/fishing equipment,NA,
219996842,NO,present,introduced,,escape: ornamental purpose other than horticulture,NA,
219996843,NO,present,introduced,,corridors: interconnected waterways/basins/seas,NA,
219996844,NO,present,introduced,,release: release in nature,1989,
219996845,NO,present,introduced,,transport - stowaway: ship/boat ballast water,NA,
219996846,NO,present,introduced,,escape: ornamental purpose other than horticulture,2001,
219996848,NO,present,introduced,,escape: ornamental purpose other than horticulture,2007,
219996849,NO,present,introduced,,transport - stowaway: hitchhikers on ship/boat (excluding ballast water and hull fouling),NA,
219996850,NO,present,introduced,,transport - stowaway: hitchhikers on ship/boat (excluding ballast water and hull fouling),NA,
219996853,NO,present,introduced,,escape: ornamental purpose other than horticulture,2015,
219996855,NO,present,introduced,,escape: horticulture,2015,
219996856,NO,present,introduced,,transport - stowaway: ship/boat ballast water,1968,
219996857,NO,present,introduced,,escape: horticulture,1989,
219996860,NO,present,introduced,invasive,unaided: natural dispersal across borders of invasive alien organisms,NA,
219996861,NO,present,introduced,,"transport - contaminant: transportation of habitat material (soil, vegetation, wood etc)",1914,
219996862,NO,present,introduced,,transport - stowaway: hitchhikers on ship/boat (excluding ballast water and hull fouling),NA,
219996863,NO,present,introduced,,escape: other escape from confinement,1914,
219996864,NO,present,introduced,,unaided: natural dispersal across borders of invasive alien organisms,2022,
219996865,NO,present,introduced,,unaided: natural dispersal across borders of invasive alien organisms,NA,
219996866,NO,present,introduced,,corridors: interconnected waterways/basins/seas,NA,
219996867,NO,present,introduced,invasive,escape: horticulture,1889,
219996868,NO,present,introduced,,transport - stowaway: ship/boat hull fouling,NA,
219996869,NO,present,introduced,invasive,unaided: natural dispersal across borders of invasive alien organisms,2008,
219996871,NO,present,introduced,,escape: ornamental purpose other than horticulture,NA,
219996872,NO,present,introduced,,transport - stowaway: other means of transport,NA,
219996873,NO,present,introduced,,escape: horticulture,NA,
219996874,NO,present,introduced,,transport - stowaway: ship/boat hull fouling,NA,
219996875,NO,present,introduced,invasive,"transport - stowaway: vehicles (car, train, etc.)",NA,
219996876,NO,present,introduced,invasive,unaided: natural dispersal across borders of invasive alien organisms,NA,
219996877,NO,present,introduced,,transport - stowaway: ship/boat hull fouling,NA,
219996878,NO,present,introduced,,release: other intentional release,1875,
219996879,NO,present,introduced,,transport - stowaway: other means of transport,NA,
219996880,NO,present,introduced,invasive,transport - contaminant: timber trade,NA,
219996881,NO,present,introduced,,unaided: natural dispersal across borders of invasive alien organisms,NA,
219996882,NO,present,introduced,,transport - contaminant: parasites on animals (including organisms transported by host and vector),2022,
219996883,NO,present,introduced,invasive,escape: ornamental purpose other than horticulture,NA,
219996884,NO,present,introduced,,unaided: natural dispersal across borders of invasive alien organisms,2016,
219996885,NO,present,introduced,,transport - stowaway: other means of transport,NA,
219996886,NO,present,introduced,,transport - stowaway: ship/boat ballast water,NA,
219996887,NO,present,introduced,,transport - contaminant: seed contaminant,NA,
219996888,NO,present,introduced,invasive,corridors: interconnected waterways/basins/seas,NA,
219996889,NO,present,introduced,invasive,escape: ornamental purpose other than horticulture,1889,
219996890,NO,present,introduced,,unaided: natural dispersal across borders of invasive alien organisms,NA,
219996891,NO,present,introduced,,escape: ornamental purpose other than horticulture,2002,
219996892,NO,present,introduced,invasive,transport - stowaway: ship/boat ballast water,2008,
219996894,NO,present,introduced,invasive,transport - stowaway: ship/boat hull fouling,NA,
219996897,NO,present,introduced,,unaided: natural dispersal across borders of invasive alien organisms,1880,
219996898,NO,present,introduced,invasive,transport - contaminant: contaminated bait,1927,
219996899,NO,present,introduced,,corridors: interconnected waterways/basins/seas,NA,
219996900,NO,present,introduced,,escape: botanic garden/zoo/aquaria (excluding domestic aquaria),NA,
219996901,NO,present,introduced,,transport - stowaway: ship/boat ballast water,NA,
219996902,NO,present,introduced,,"transport - contaminant: contaminant on plants (except parasites, species transported by host/vector)",1879,
219996903,NO,present,introduced,,transport - stowaway: other means of transport,NA,
219996904,NO,present,introduced,,"transport - stowaway: vehicles (car, train, etc.)",1932,
219996906,NO,present,introduced,invasive,transport - contaminant: seed contaminant,1869,
219996908,NO,present,introduced,invasive,transport - contaminant: seed contaminant,1927,
219996910,NO,present,introduced,invasive,"transport - contaminant: contaminant on plants (except parasites, species transported by host/vector)",1869,
219996912,NO,present,introduced,invasive,"transport - contaminant: transportation of habitat material (soil, vegetation, wood etc)",1869,
219996913,NO,present,introduced,,escape: ornamental purpose other than horticulture,NA,
219996914,NO,present,introduced,,"transport - contaminant: transportation of habitat material (soil, vegetation, wood etc)",NA,
219996915,NO,present,introduced,,transport - contaminant: seed contaminant,NA,
219996916,NO,present,introduced,,transport - stowaway: hitchhikers on ship/boat (excluding ballast water and hull fouling),NA,
219996917,NO,present,introduced,,transport - contaminant: timber trade,1880,
219996920,NO,present,introduced,,transport - contaminant: seed contaminant,NA,
219996921,NO,present,introduced,,transport - contaminant: parasites on plants (including species transported by host and vector),NA,
219996922,NO,present,introduced,invasive,"transport - stowaway: vehicles (car, train, etc.)",1869,
219996923,NO,present,introduced,,"transport - contaminant: contaminant on plants (except parasites, species transported by host/vector)",1931,
219996924,NO,present,introduced,,transport - stowaway: hitchhikers on ship/boat (excluding ballast water and hull fouling),NA,
219996925,NO,present,introduced,,transport - stowaway: hitchhikers on ship/boat (excluding ballast water and hull fouling),1879,
219996926,NO,present,introduced,,escape: aquaculture/mariculture,NA,
219996928,NO,present,introduced,,escape: botanic garden/zoo/aquaria (excluding domestic aquaria),NA,
219996929,NO,present,introduced,invasive,transport - stowaway: hitchhikers on ship/boat (excluding ballast water and hull fouling),NA,
219996930,NO,present,introduced,,transport - contaminant: parasites on plants (including species transported by host and vector),NA,
219996932,NO,present,introduced,invasive,"transport - contaminant: transportation of habitat material (soil, vegetation, wood etc)",NA,
219996933,NO,present,introduced,,"transport - stowaway: vehicles (car, train, etc.)",1883,
219996934,NO,present,introduced,,transport - stowaway: hitchhikers on ship/boat (excluding ballast water and hull fouling),NA,
219996935,NO,present,introduced,,transport - contaminant: seed contaminant,1883,
219996937,NO,present,introduced,,transport - contaminant: timber trade,1932,
219996938,NO,present,introduced,,escape: horticulture,NA,
219996941,NO,present,introduced,,transport - stowaway: ship/boat ballast water,NA,
219996942,NO,present,introduced,,"transport - stowaway: vehicles (car, train, etc.)",NA,
219996943,NO,present,introduced,,escape: other escape from confinement,NA,
219996946,NO,present,introduced,,"transport - stowaway: vehicles (car, train, etc.)",1920,
219996947,NO,present,introduced,,transport - stowaway: hitchhikers on ship/boat (excluding ballast water and hull fouling),1920,
219996949,NO,present,introduced,,transport - contaminant: seed contaminant,1920,
219996951,NO,present,introduced,,"transport - stowaway: vehicles (car, train, etc.)",1895,
219996952,NO,present,introduced,,transport - contaminant: seed contaminant,1895,
219996954,NO,present,introduced,invasive,"transport - contaminant: transportation of habitat material (soil, vegetation, wood etc)",1927,
219996955,NO,present,introduced,,"transport - contaminant: transportation of habitat material (soil, vegetation, wood etc)",1879,
219996956,NO,present,introduced,,unaided: natural dispersal across borders of invasive alien organisms,NA,
219996957,NO,present,introduced,,unaided: natural dispersal across borders of invasive alien organisms,NA,
219996958,NO,present,introduced,,"transport - contaminant: transportation of habitat material (soil, vegetation, wood etc)",1931,
219996960,NO,present,introduced,,escape: horticulture,1998,
219996962,NO,present,introduced,,escape: ornamental purpose other than horticulture,NA,
219996963,NO,present,introduced,,transport - stowaway: hitchhikers on ship/boat (excluding ballast water and hull fouling),NA,
219996965,NO,present,introduced,,escape: ornamental purpose other than horticulture,1998,
219996966,NO,present,introduced,,escape: horticulture,2000,
219996967,NO,present,introduced,invasive,transport - stowaway: ship/boat ballast water,2005,
219996968,NO,present,introduced,,escape: ornamental purpose other than horticulture,2000,
219996969,NO,present,introduced,invasive,transport - stowaway: hitchhikers on ship/boat (excluding ballast water and hull fouling),1869,
219996970,NO,present,introduced,invasive,unaided: natural dispersal across borders of invasive alien organisms,2005,
219996971,NO,present,introduced,invasive,"transport - contaminant: contaminant on plants (except parasites, species transported by host/vector)",1927,
219996972,NO,present,introduced,,transport - contaminant: other means of contamination,NA,
219996974,NO,present,introduced,,transport - stowaway: other means of transport,NA,
219996975,NO,present,introduced,,escape: aquaculture/mariculture,NA,
219996979,NO,present,introduced,,escape: horticulture,NA,
219996981,NO,present,introduced,,escape: aquaculture/mariculture,NA,
219996982,NO,present,introduced,,transport - stowaway: ship/boat hull fouling,1996,
219996983,NO,present,introduced,,escape: ornamental purpose other than horticulture,1940,
219996987,NO,present,introduced,,transport - contaminant: parasites on animals (including organisms transported by host and vector),NA,
219996988,NO,present,introduced,,escape: ornamental purpose other than horticulture,1840,
219996990,NO,present,introduced,,"transport - contaminant: transportation of habitat material (soil, vegetation, wood etc)",1875,
219996992,NO,present,introduced,,transport - stowaway: hitchhikers on ship/boat (excluding ballast water and hull fouling),1842,
219996993,NO,present,introduced,,"transport - contaminant: contaminant on animals (except parasites, organisms transported by host/vector)",NA,
219996994,NO,present,introduced,,unaided: natural dispersal across borders of invasive alien organisms,1840,
219996995,NO,present,introduced,,corridors: interconnected waterways/basins/seas,NA,
219996996,NO,present,introduced,,transport - contaminant: seed contaminant,1875,
219996997,NO,present,introduced,,transport - stowaway: ship/boat hull fouling,NA,
219996999,NO,present,introduced,invasive,escape: horticulture,1880,
219997001,NO,present,introduced,,unaided: natural dispersal across borders of invasive alien organisms,1840,
219997002,NO,present,introduced,,escape: ornamental purpose other than horticulture,1881,
219997004,NO,present,introduced,invasive,escape: ornamental purpose other than horticulture,1880,
219997005,NO,present,introduced,,transport - stowaway: ship/boat hull fouling,NA,
219997006,NO,present,introduced,,transport - stowaway: hitchhikers on ship/boat (excluding ballast water and hull fouling),1875,
219997007,NO,present,introduced,,transport - contaminant: seed contaminant,1842,
219997008,NO,present,introduced,,transport - stowaway: ship/boat ballast water,NA,
219997009,NO,present,introduced,,escape: horticulture,1881,
219997010,NO,present,introduced,,unaided: natural dispersal across borders of invasive alien organisms,NA,
219997011,NO,present,introduced,,release: release in nature,1840,
219997012,NO,present,introduced,,"transport - contaminant: contaminant on animals (except parasites, organisms transported by host/vector)",NA,
219997013,NO,present,introduced,,escape: ornamental purpose other than horticulture,1937,
219997017,NO,present,introduced,,escape: horticulture,NA,
219997018,NO,present,introduced,,escape: botanic garden/zoo/aquaria (excluding domestic aquaria),NA,
219997021,NO,present,introduced,,transport - stowaway: ship/boat hull fouling,NA,
219997023,NO,present,introduced,,escape: ornamental purpose other than horticulture,NA,
219997024,NO,present,introduced,,unaided: natural dispersal across borders of invasive alien organisms,NA,
219997025,NO,present,introduced,invasive,escape: ornamental purpose other than horticulture,1924,
219997027,NO,present,introduced,,escape: horticulture,NA,
219997029,NO,present,introduced,,escape: ornamental purpose other than horticulture,NA,
219997031,NO,present,introduced,,escape: ornamental purpose other than horticulture,NA,
219997032,NO,present,introduced,invasive,"transport - contaminant: contaminant on animals (except parasites, organisms transported by host/vector)",1921,
219997033,NO,present,introduced,,escape: ornamental purpose other than horticulture,1989,
219997034,NO,present,introduced,invasive,unaided: natural dispersal across borders of invasive alien organisms,1967,
219997035,NO,present,introduced,invasive,transport - contaminant: contaminant nursery material,2021,
219997036,NO,present,introduced,invasive,escape: ornamental purpose other than horticulture,1967,
219997037,NO,present,introduced,invasive,transport - stowaway: ship/boat ballast water,1921,
219997038,NO,present,introduced,invasive,escape: horticulture,1967,
219997039,NO,present,introduced,invasive,transport - stowaway: other means of transport,2021,
219997040,NO,present,introduced,invasive,transport - stowaway: ship/boat hull fouling,1921,
219997041,NO,present,introduced,,escape: botanic garden/zoo/aquaria (excluding domestic aquaria),NA,
219997042,NO,present,introduced,invasive,unaided: natural dispersal across borders of invasive alien organisms,1921,
219997043,NO,present,introduced,,escape: ornamental purpose other than horticulture,1889,
219997045,NO,present,introduced,,escape: horticulture,NA,
219997047,NO,present,introduced,,escape: ornamental purpose other than horticulture,NA,
219997048,NO,present,introduced,,unaided: natural dispersal across borders of invasive alien organisms,NA,
219997049,NO,present,introduced,,escape: other escape from confinement,NA,
219997050,NO,present,introduced,,transport - stowaway: ship/boat hull fouling,NA,
219997051,NO,present,introduced,,escape: horticulture,NA,
219997052,NO,present,introduced,,escape: ornamental purpose other than horticulture,2011,
219997054,NO,present,introduced,,escape: ornamental purpose other than horticulture,NA,
219997056,NO,present,introduced,,escape: ornamental purpose other than horticulture,NA,
219997058,NO,present,introduced,,corridors: interconnected waterways/basins/seas,1978,
219997059,NO,present,introduced,,escape: ornamental purpose other than horticulture,2007,
219997060,NO,present,introduced,,transport - stowaway: ship/boat hull fouling,1978,
219997061,NO,present,introduced,invasive,escape: ornamental purpose other than horticulture,NA,
219997062,NO,present,introduced,,unaided: natural dispersal across borders of invasive alien organisms,1978,
219997063,NO,present,introduced,,escape: horticulture,NA,
219997065,NO,present,introduced,,corridors: interconnected waterways/basins/seas,2018,
219997066,NO,present,introduced,,escape: ornamental purpose other than horticulture,2021,
219997067,NO,present,introduced,,transport - stowaway: other means of transport,2018,
219997068,NO,present,introduced,,transport - contaminant: seed contaminant,2003,
219997069,NO,present,introduced,,unaided: natural dispersal across borders of invasive alien organisms,NA,
219997070,NO,present,introduced,,escape: horticulture,1918,
219997071,NO,present,introduced,,transport - stowaway: ship/boat hull fouling,NA,
219997072,NO,present,introduced,,transport - stowaway: ship/boat hull fouling,NA,
219997073,NO,present,introduced,,escape: ornamental purpose other than horticulture,NA,
219997074,NO,present,introduced,,transport - stowaway: ship/boat hull fouling,2018,
219997075,NO,present,introduced,,escape: horticulture,NA,
219997077,NO,present,introduced,,escape: ornamental purpose other than horticulture,NA,
219997082,NO,present,introduced,invasive,"transport - contaminant: contaminant on animals (except parasites, organisms transported by host/vector)",NA,
219997083,NO,present,introduced,,escape: ornamental purpose other than horticulture,1993,
219997084,NO,present,introduced,invasive,transport - stowaway: ship/boat hull fouling,NA,
219997086,NO,present,introduced,,release: other intentional release,1993,
219997087,NO,present,introduced,,escape: ornamental purpose other than horticulture,NA,
219997089,NO,present,introduced,,escape: ornamental purpose other than horticulture,1991,
219997091,NO,present,introduced,,transport - stowaway: hitchhikers on ship/boat (excluding ballast water and hull fouling),NA,
219997093,NO,present,introduced,invasive,transport - contaminant: parasites on plants (including species transported by host and vector),NA,
219997094,NO,present,introduced,,escape: horticulture,1991,
219997096,NO,present,introduced,invasive,escape: horticulture,NA,
219997098,NO,present,introduced,,escape: ornamental purpose other than horticulture,1862,
219997099,NO,present,introduced,,transport - stowaway: ship/boat ballast water,NA,
219997100,NO,present,introduced,,escape: ornamental purpose other than horticulture,1966,
219997101,NO,present,introduced,,unaided: natural dispersal across borders of invasive alien organisms,NA,
219997102,NO,present,introduced,,escape: horticulture,2003,
219997104,NO,present,introduced,,escape: horticulture,NA,
219997106,NO,present,introduced,,escape: ornamental purpose other than horticulture,NA,
219997107,NO,present,introduced,,escape: ornamental purpose other than horticulture,1918,
219997108,NO,present,introduced,invasive,escape: pet/aquarium/terrarium species (including live food for such species),NA,
219997109,NO,present,introduced,,transport - contaminant: seed contaminant,NA,
219997110,NO,present,introduced,invasive,release: other intentional release,NA,
219997111,NO,present,introduced,,escape: ornamental purpose other than horticulture,1927,
219997112,NO,present,introduced,invasive,corridors: interconnected waterways/basins/seas,NA,
219997113,NO,present,introduced,,escape: other escape from confinement,1993,
219997114,NO,present,introduced,invasive,transport - stowaway: ship/boat ballast water,NA,
219997115,NO,present,introduced,,escape: horticulture,1966,
219997116,NO,present,introduced,invasive,release: other intentional release,NA,
219997117,NO,present,introduced,,escape: ornamental purpose other than horticulture,NA,
219997118,NO,present,introduced,invasive,transport - stowaway: ship/boat ballast water,NA,
219997119,NO,present,introduced,invasive,escape: pet/aquarium/terrarium species (including live food for such species),NA,
219997120,NO,present,introduced,,escape: horticulture,NA,
219997122,NO,present,introduced,,escape: botanic garden/zoo/aquaria (excluding domestic aquaria),1918,
219997123,NO,present,introduced,,transport - stowaway: ship/boat hull fouling,NA,
219997124,NO,present,introduced,,escape: ornamental purpose other than horticulture,NA,
219997126,NO,present,introduced,,escape: ornamental purpose other than horticulture,NA,
219997127,NO,present,introduced,,unaided: natural dispersal across borders of invasive alien organisms,2022,
219997128,NO,present,introduced,,escape: ornamental purpose other than horticulture,1947,
219997129,NO,present,introduced,,transport - stowaway: ship/boat ballast water,NA,
219997130,NO,present,introduced,,transport - stowaway: ship/boat hull fouling,2022,
219997131,NO,present,introduced,,escape: botanic garden/zoo/aquaria (excluding domestic aquaria),1947,
219997132,NO,present,introduced,,escape: ornamental purpose other than horticulture,NA,
219997133,NO,present,introduced,,transport - stowaway: hitchhikers on ship/boat (excluding ballast water and hull fouling),2022,
219997134,NO,present,introduced,,transport - stowaway: ship/boat ballast water,2022,
219997135,NO,present,introduced,,escape: ornamental purpose other than horticulture,NA,
219997136,NO,present,introduced,,unaided: natural dispersal across borders of invasive alien organisms,NA,
219997137,NO,present,introduced,,transport - stowaway: ship/boat hull fouling,NA,
219997138,NO,present,introduced,,escape: horticulture,NA,
219997140,NO,present,introduced,invasive,escape: ornamental purpose other than horticulture,NA,
219997141,NO,present,introduced,,unaided: natural dispersal across borders of invasive alien organisms,NA,
219997142,NO,present,introduced,,escape: ornamental purpose other than horticulture,NA,
219997143,NO,present,introduced,,unaided: natural dispersal across borders of invasive alien organisms,1988,
219997144,NO,present,introduced,,transport - contaminant: contaminated bait,1862,
219997145,NO,present,introduced,,release: release in nature,1988,
219997146,NO,present,introduced,,escape: botanic garden/zoo/aquaria (excluding domestic aquaria),NA,
219997148,NO,present,introduced,,escape: ornamental purpose other than horticulture,NA,
219997150,NO,present,introduced,invasive,escape: horticulture,NA,
219997151,NO,present,introduced,,escape: horticulture,NA,
219997152,NO,present,introduced,,unaided: natural dispersal across borders of invasive alien organisms,NA,
219997154,NO,present,introduced,,transport - stowaway: ship/boat ballast water,NA,
219997155,NO,present,introduced,,escape: ornamental purpose other than horticulture,NA,
219997158,NO,present,introduced,,escape: horticulture,1947,
219997159,NO,present,introduced,,unaided: natural dispersal across borders of invasive alien organisms,1989,
219997160,NO,present,introduced,,transport - contaminant: timber trade,NA,
219997164,NO,present,introduced,invasive,transport - stowaway: other means of transport,NA,
219997165,NO,present,introduced,,escape: botanic garden/zoo/aquaria (excluding domestic aquaria),NA,
219997166,NO,present,introduced,invasive,transport - stowaway: ship/boat hull fouling,NA,
219997167,NO,present,introduced,invasive,transport - stowaway: ship/boat hull fouling,NA,
219997168,NO,present,introduced,,escape: ornamental purpose other than horticulture,NA,
219997169,NO,present,introduced,,transport - stowaway: ship/boat hull fouling,NA,
219997171,NO,present,introduced,,transport - stowaway: hitchhikers on ship/boat (excluding ballast water and hull fouling),NA,
219997172,NO,present,introduced,,unaided: natural dispersal across borders of invasive alien organisms,NA,
219997173,NO,present,introduced,invasive,transport - stowaway: ship/boat hull fouling,NA,
219997174,NO,present,introduced,,transport - contaminant: seed contaminant,1891,
219997177,NO,present,introduced,,escape: ornamental purpose other than horticulture,1996,
219997179,NO,present,introduced,,transport - contaminant: food contaminant (including of live food),1843,
219997180,NO,present,introduced,invasive,escape: aquaculture/mariculture,1980,
219997181,NO,present,introduced,invasive,release: release in nature,1980,
219997182,NO,present,introduced,,escape: ornamental purpose other than horticulture,NA,
219997183,NO,present,introduced,invasive,transport - stowaway: ship/boat hull fouling,1980,
219997184,NO,present,introduced,,escape: ornamental purpose other than horticulture,NA,
219997185,NO,present,introduced,invasive,release: other intentional release,1980,
219997186,NO,present,introduced,invasive,unaided: natural dispersal across borders of invasive alien organisms,1980,
219997187,NO,present,introduced,,transport - stowaway: ship/boat ballast water,1843,
219997188,NO,present,introduced,invasive,transport - stowaway: ship/boat hull fouling,NA,
219997189,NO,present,introduced,,escape: ornamental purpose other than horticulture,1930,
219997190,NO,present,introduced,invasive,release: release in nature,NA,
219997191,NO,present,introduced,,escape: ornamental purpose other than horticulture,NA,
219997192,NO,present,introduced,invasive,transport - stowaway: hitchhikers on ship/boat (excluding ballast water and hull fouling),NA,
219997193,NO,present,introduced,,escape: botanic garden/zoo/aquaria (excluding domestic aquaria),NA,
219997195,NO,present,introduced,,escape: botanic garden/zoo/aquaria (excluding domestic aquaria),NA,
219997196,NO,present,introduced,invasive,unaided: natural dispersal across borders of invasive alien organisms,NA,
219997197,NO,present,introduced,invasive,transport - stowaway: hitchhikers on ship/boat (excluding ballast water and hull fouling),NA,
219997198,NO,present,introduced,,escape: ornamental purpose other than horticulture,1990,
219997200,NO,present,introduced,,escape: ornamental purpose other than horticulture,1979,
219997202,NO,present,introduced,,transport - stowaway: ship/boat ballast water,NA,
219997203,NO,present,introduced,,escape: botanic garden/zoo/aquaria (excluding domestic aquaria),1900,
219997204,NO,present,introduced,invasive,corridors: interconnected waterways/basins/seas,NA,
219997205,NO,present,introduced,invasive,unaided: natural dispersal across borders of invasive alien organisms,NA,
219997206,NO,present,introduced,,transport - stowaway: other means of transport,1905,
219997207,NO,present,introduced,invasive,escape: pet/aquarium/terrarium species (including live food for such species),NA,
219997208,NO,present,introduced,,escape: botanic garden/zoo/aquaria (excluding domestic aquaria),1990,
219997209,NO,present,introduced,invasive,transport - contaminant: contaminated bait,NA,
219997210,NO,present,introduced,,escape: horticulture,1979,
219997211,NO,present,introduced,invasive,transport - stowaway: ship/boat hull fouling,NA,
219997212,NO,present,introduced,invasive,transport - stowaway: ship/boat hull fouling,NA,
219997213,NO,present,introduced,,escape: ornamental purpose other than horticulture,1902,
219997214,NO,present,introduced,invasive,transport - stowaway: ship/boat ballast water,NA,
219997215,NO,present,introduced,,corridors: interconnected waterways/basins/seas,NA,
219997216,NO,present,introduced,,escape: ornamental purpose other than horticulture,1924,
219997217,NO,present,introduced,invasive,transport - stowaway: ship/boat ballast water,NA,
219997218,NO,present,introduced,,transport - stowaway: ship/boat hull fouling,NA,
219997219,NO,present,introduced,invasive,escape: botanic garden/zoo/aquaria (excluding domestic aquaria),1857,
219997220,NO,present,introduced,invasive,escape: pet/aquarium/terrarium species (including live food for such species),NA,
219997221,NO,present,introduced,invasive,transport - stowaway: ship/boat hull fouling,NA,
219997222,NO,present,introduced,,escape: horticulture,NA,
219997223,NO,present,introduced,invasive,transport - stowaway: ship/boat ballast water,NA,
219997224,NO,present,introduced,invasive,corridors: interconnected waterways/basins/seas,NA,
219997225,NO,present,introduced,invasive,escape: ornamental purpose other than horticulture,1857,
219997227,NO,present,introduced,,escape: horticulture,1985,
219997228,NO,present,introduced,invasive,transport - stowaway: ship/boat ballast water,NA,
219997229,NO,present,introduced,,escape: ornamental purpose other than horticulture,1866,
219997231,NO,present,introduced,,escape: ornamental purpose other than horticulture,1900,
219997233,NO,present,introduced,,escape: other escape from confinement,NA,
219997234,NO,present,introduced,,escape: ornamental purpose other than horticulture,1905,
219997235,NO,present,introduced,,release: other intentional release,NA,
219997236,NO,present,introduced,,transport - contaminant: seed contaminant,1843,
219997237,NO,present,introduced,,escape: pet/aquarium/terrarium species (including live food for such species),NA,
219997238,NO,present,introduced,,escape: other escape from confinement,1979,
219997239,NO,present,introduced,,"transport - contaminant: contaminant on plants (except parasites, species transported by host/vector)",NA,
219997240,NO,present,introduced,,escape: pet/aquarium/terrarium species (including live food for such species),NA,
219997241,NO,present,introduced,,escape: botanic garden/zoo/aquaria (excluding domestic aquaria),1990,
219997242,NO,present,introduced,,escape: pet/aquarium/terrarium species (including live food for such species),1890,
219997243,NO,present,introduced,,escape: ornamental purpose other than horticulture,1891,
219997244,NO,present,introduced,,release: other intentional release,NA,
219997245,NO,present,introduced,,escape: ornamental purpose other than horticulture,NA,
219997246,NO,present,introduced,,escape: pet/aquarium/terrarium species (including live food for such species),NA,
219997247,NO,present,introduced,,transport - stowaway: ship/boat ballast water,1891,
219997248,NO,present,introduced,,release: other intentional release,1890,
219997250,NO,present,introduced,,escape: other escape from confinement,NA,
219997251,NO,present,introduced,,release: other intentional release,1900,
219997254,NO,present,introduced,,transport - contaminant: seed contaminant,NA,
219997256,NO,present,introduced,,transport - stowaway: other means of transport,NA,
219997257,NO,present,introduced,,transport - stowaway: other means of transport,NA,
219997258,NO,present,introduced,,escape: ornamental purpose other than horticulture,1960,
219997260,NO,present,introduced,,escape: horticulture,NA,
219997262,NO,present,introduced,invasive,escape: horticulture,1864,
219997263,NO,present,introduced,invasive,transport - contaminant: contaminant nursery material,NA,
219997264,NO,present,introduced,,escape: horticulture,1999,
219997265,NO,present,introduced,invasive,escape: botanic garden/zoo/aquaria (excluding domestic aquaria),NA,
219997266,NO,present,introduced,,escape: ornamental purpose other than horticulture,NA,
219997267,NO,present,introduced,invasive,release: other intentional release,1864,
219997269,NO,present,introduced,,transport - contaminant: seed contaminant,NA,
219997270,NO,present,introduced,,escape: botanic garden/zoo/aquaria (excluding domestic aquaria),NA,
219997271,NO,present,introduced,,release: other intentional release,1840,
219997272,NO,present,introduced,,escape: horticulture,1960,
219997273,NO,present,introduced,invasive,escape: ornamental purpose other than horticulture,1864,
219997275,NO,present,introduced,,escape: botanic garden/zoo/aquaria (excluding domestic aquaria),NA,
219997276,NO,present,introduced,,transport - contaminant: other means of contamination,NA,
219997277,NO,present,introduced,,escape: horticulture,NA,
219997278,NO,present,introduced,,transport - stowaway: ship/boat hull fouling,NA,
219997279,NO,present,introduced,,escape: ornamental purpose other than horticulture,NA,
219997280,NO,present,introduced,,transport - stowaway: ship/boat ballast water,NA,
219997281,NO,present,introduced,,"transport - contaminant: transportation of habitat material (soil, vegetation, wood etc)",NA,
219997283,NO,present,introduced,,escape: ornamental purpose other than horticulture,NA,
219997284,NO,present,introduced,invasive,transport - stowaway: ship/boat ballast water,NA,
219997285,NO,present,introduced,,escape: ornamental purpose other than horticulture,1999,
219997286,NO,present,introduced,invasive,transport - stowaway: people and their luggage/equipment (in particular tourism),NA,
219997287,NO,present,introduced,,transport - contaminant: timber trade,1915,
219997288,NO,present,introduced,invasive,transport - stowaway: angling/fishing equipment,NA,
219997290,NO,present,introduced,invasive,unaided: natural dispersal across borders of invasive alien organisms,NA,
219997293,NO,present,introduced,,escape: ornamental purpose other than horticulture,NA,
219997294,NO,present,introduced,invasive,unaided: natural dispersal across borders of invasive alien organisms,1961,
219997295,NO,present,introduced,invasive,transport - stowaway: ship/boat hull fouling,1961,
219997296,NO,present,introduced,,escape: ornamental purpose other than horticulture,NA,
219997297,NO,present,introduced,,transport - stowaway: ship/boat hull fouling,NA,
219997298,NO,present,introduced,invasive,escape: horticulture,NA,
219997299,NO,present,introduced,invasive,"transport - stowaway: vehicles (car, train, etc.)",NA,
219997300,NO,present,introduced,invasive,escape: ornamental purpose other than horticulture,NA,
219997301,NO,present,introduced,invasive,corridors: interconnected waterways/basins/seas,1961,
219997302,NO,present,introduced,,escape: horticulture,NA,
219997303,NO,present,introduced,invasive,transport - stowaway: ship/boat ballast water,1961,
219997304,NO,present,introduced,invasive,transport - stowaway: hitchhikers on ship/boat (excluding ballast water and hull fouling),NA,
219997305,NO,present,introduced,invasive,escape: horticulture,NA,
219997306,NO,present,introduced,,unaided: natural dispersal across borders of invasive alien organisms,NA,
219997309,NO,present,introduced,,transport - contaminant: seed contaminant,1892,
219997311,NO,present,introduced,,transport - contaminant: seed contaminant,1902,
219997312,NO,present,introduced,,"transport - contaminant: contaminant on plants (except parasites, species transported by host/vector)",2002,
219997313,NO,present,introduced,,transport - stowaway: container/bulk,NA,
219997314,NO,present,introduced,,transport - stowaway: hitchhikers on ship/boat (excluding ballast water and hull fouling),1892,
219997315,NO,present,introduced,,"transport - contaminant: transportation of habitat material (soil, vegetation, wood etc)",NA,
219997316,NO,present,introduced,,unaided: natural dispersal across borders of invasive alien organisms,NA,
219997317,NO,present,introduced,,release: landscape improvement,1902,
219997319,NO,present,introduced,,transport - contaminant: timber trade,1892,
219997320,NO,present,introduced,,"transport - stowaway: vehicles (car, train, etc.)",1892,
219997321,NO,present,introduced,,transport - contaminant: contaminant nursery material,NA,
219997323,NO,present,introduced,,transport - stowaway: container/bulk,NA,
219997325,NO,present,introduced,invasive,escape: live food and live bait,NA,
219997326,NO,present,introduced,invasive,transport - stowaway: container/bulk,NA,
219997327,NO,present,introduced,,escape: botanic garden/zoo/aquaria (excluding domestic aquaria),NA,
219997328,NO,present,introduced,,transport - stowaway: container/bulk,1850,
219997329,NO,present,introduced,,escape: pet/aquarium/terrarium species (including live food for such species),NA,
219997330,NO,present,introduced,,transport - contaminant: contaminant nursery material,1850,
219997332,NO,present,introduced,,transport - stowaway: container/bulk,NA,
219997333,NO,present,introduced,invasive,transport - contaminant: contaminant nursery material,NA,
219997335,NO,present,introduced,,transport - contaminant: contaminant nursery material,NA,
219997336,NO,present,introduced,,escape: botanic garden/zoo/aquaria (excluding domestic aquaria),NA,
219997337,NO,present,introduced,invasive,transport - stowaway: container/bulk,NA,
219997338,NO,present,introduced,invasive,transport - contaminant: contaminant nursery material,NA,
219997339,NO,present,introduced,,escape: ornamental purpose other than horticulture,NA,
219997342,NO,present,introduced,,"transport - contaminant: transportation of habitat material (soil, vegetation, wood etc)",1998,
219997343,NO,present,introduced,,escape: botanic garden/zoo/aquaria (excluding domestic aquaria),1993,
219997344,NO,present,introduced,,transport - stowaway: container/bulk,1998,
219997345,NO,present,introduced,,escape: ornamental purpose other than horticulture,1993,
219997346,NO,present,introduced,,release: release in nature,1993,
219997349,NO,present,introduced,,transport - contaminant: contaminant nursery material,NA,
219997350,NO,present,introduced,invasive,escape: ornamental purpose other than horticulture,1862,
219997351,NO,present,introduced,,transport - stowaway: container/bulk,2022,
219997352,NO,present,introduced,,escape: botanic garden/zoo/aquaria (excluding domestic aquaria),NA,
219997353,NO,present,introduced,,transport - contaminant: contaminant nursery material,2022,
219997354,NO,present,introduced,,transport - stowaway: container/bulk,NA,
219997355,NO,present,introduced,,transport - stowaway: container/bulk,NA,
219997356,NO,present,introduced,,escape: ornamental purpose other than horticulture,NA,
219997357,NO,present,introduced,,escape: botanic garden/zoo/aquaria (excluding domestic aquaria),1946,
219997359,NO,present,introduced,,transport - stowaway: container/bulk,1967,
219997360,NO,present,introduced,invasive,escape: ornamental purpose other than horticulture,NA,
219997361,NO,present,introduced,,escape: botanic garden/zoo/aquaria (excluding domestic aquaria),NA,
219997362,NO,present,introduced,,transport - contaminant: contaminant nursery material,1967,
219997363,NO,present,introduced,,escape: botanic garden/zoo/aquaria (excluding domestic aquaria),NA,
219997365,NO,present,introduced,,escape: botanic garden/zoo/aquaria (excluding domestic aquaria),NA,
219997366,NO,present,introduced,invasive,transport - contaminant: contaminant nursery material,NA,
219997367,NO,present,introduced,,escape: ornamental purpose other than horticulture,NA,
219997368,NO,present,introduced,,transport - contaminant: contaminant nursery material,1853,
219997369,NO,present,introduced,,escape: ornamental purpose other than horticulture,NA,
219997370,NO,present,introduced,,escape: ornamental purpose other than horticulture,1946,
219997371,NO,present,introduced,invasive,transport - stowaway: container/bulk,NA,
219997372,NO,present,introduced,,escape: ornamental purpose other than horticulture,NA,
219997373,NO,present,introduced,,transport - stowaway: container/bulk,1853,
219997374,NO,present,introduced,,escape: ornamental purpose other than horticulture,1882,
219997375,NO,present,introduced,invasive,"transport - contaminant: transportation of habitat material (soil, vegetation, wood etc)",NA,
219997376,NO,present,introduced,,escape: botanic garden/zoo/aquaria (excluding domestic aquaria),1882,
219997378,NO,present,introduced,,escape: ornamental purpose other than horticulture,1919,
219997379,NO,present,introduced,invasive,release: landscape improvement,1981,
219997380,NO,present,introduced,,transport - contaminant: contaminant nursery material,NA,
219997381,NO,present,introduced,invasive,release: other intentional release,1981,
219997382,NO,present,introduced,,transport - stowaway: container/bulk,NA,
219997383,NO,present,introduced,invasive,escape: ornamental purpose other than horticulture,1981,
219997386,NO,present,introduced,,escape: other escape from confinement,NA,
219997387,NO,present,introduced,invasive,transport - contaminant: contaminant nursery material,NA,
219997388,NO,present,introduced,invasive,transport - stowaway: container/bulk,NA,
219997389,NO,present,introduced,,escape: ornamental purpose other than horticulture,1969,
219997390,NO,present,introduced,invasive,"transport - contaminant: transportation of habitat material (soil, vegetation, wood etc)",NA,
219997393,NO,present,introduced,,transport - stowaway: container/bulk,NA,
219997395,NO,present,introduced,,transport - contaminant: contaminant nursery material,NA,
219997398,NO,present,introduced,,escape: ornamental purpose other than horticulture,1924,
219997400,NO,present,introduced,,transport - stowaway: hitchhikers on ship/boat (excluding ballast water and hull fouling),1870,
219997401,NO,present,introduced,,escape: other escape from confinement,NA,
219997402,NO,present,introduced,,escape: ornamental purpose other than horticulture,1870,
219997403,NO,present,introduced,,transport - stowaway: container/bulk,NA,
219997404,NO,present,introduced,,transport - contaminant: other means of contamination,1996,
219997406,NO,present,introduced,invasive,transport - stowaway: container/bulk,NA,
219997408,NO,present,introduced,invasive,escape: other escape from confinement,NA,
219997411,NO,present,introduced,,escape: ornamental purpose other than horticulture,NA,
219997412,NO,present,introduced,,transport - contaminant: parasites on plants (including species transported by host and vector),NA,
219997413,NO,present,introduced,invasive,escape: ornamental purpose other than horticulture,1988,
219997414,NO,present,introduced,,transport - stowaway: container/bulk,NA,
219997415,NO,present,introduced,invasive,escape: botanic garden/zoo/aquaria (excluding domestic aquaria),NA,
219997417,NO,present,introduced,,escape: ornamental purpose other than horticulture,NA,
219997418,NO,present,introduced,invasive,escape: horticulture,1988,
219997419,NO,present,introduced,,transport - stowaway: container/bulk,NA,
219997420,NO,present,introduced,,escape: horticulture,,
219997421,NO,present,introduced,,transport - contaminant: contaminant nursery material,NA,
219997422,NO,present,introduced,,release: other intentional release,NA,
219997423,NO,present,introduced,,transport - contaminant: contaminant nursery material,NA,
219997424,NO,present,introduced,invasive,escape: botanic garden/zoo/aquaria (excluding domestic aquaria),NA,
219997425,NO,present,introduced,,transport - stowaway: container/bulk,NA,
219997426,NO,present,introduced,,escape: agriculture (including biofuel feedstocks),NA,
219997428,NO,present,introduced,invasive,escape: horticulture,2010,
219997429,NO,present,introduced,,transport - contaminant: contaminant nursery material,NA,
219997430,NO,present,introduced,,escape: ornamental purpose other than horticulture,NA,
219997431,NO,present,introduced,,transport - stowaway: container/bulk,NA,
219997432,NO,present,introduced,,escape: ornamental purpose other than horticulture,NA,
219997434,NO,present,introduced,,escape: horticulture,NA,
219997435,NO,present,introduced,invasive,transport - contaminant: contaminant nursery material,1898,
219997436,NO,present,introduced,,escape: horticulture,NA,
219997437,NO,present,introduced,invasive,transport - stowaway: container/bulk,1898,
219997438,NO,present,introduced,invasive,escape: botanic garden/zoo/aquaria (excluding domestic aquaria),2010,
219997439,NO,present,introduced,,escape: horticulture,NA,
219997441,NO,present,introduced,invasive,release: other intentional release,1990,
219997442,NO,present,introduced,,transport - stowaway: container/bulk,NA,
219997443,NO,present,introduced,invasive,escape: horticulture,1990,
219997444,NO,present,introduced,,escape: horticulture,NA,
219997445,NO,present,introduced,,transport - contaminant: contaminant nursery material,NA,
219997446,NO,present,introduced,,escape: horticulture,NA,
219997448,NO,present,introduced,invasive,escape: botanic garden/zoo/aquaria (excluding domestic aquaria),1988,
219997449,NO,present,introduced,,"transport - contaminant: contaminant on plants (except parasites, species transported by host/vector)",NA,
219997450,NO,present,introduced,,,NA,
219997451,NO,present,introduced,,escape: botanic garden/zoo/aquaria (excluding domestic aquaria),,
219997452,NO,present,introduced,invasive,transport - stowaway: container/bulk,NA,
219997453,NO,present,introduced,invasive,escape: ornamental purpose other than horticulture,NA,
219997454,NO,present,introduced,invasive,unaided: natural dispersal across borders of invasive alien organisms,NA,
219997455,NO,present,introduced,invasive,escape: horticulture,NA,
219997456,NO,present,introduced,,transport - stowaway: container/bulk,NA,
219997458,NO,present,introduced,invasive,transport - contaminant: parasites on plants (including species transported by host and vector),NA,
219997459,NO,present,introduced,,escape: horticulture,NA,
219997460,NO,present,introduced,invasive,"transport - stowaway: organic packing material, in particular wood packaging",NA,
219997461,NO,present,introduced,,escape: ornamental purpose other than horticulture,NA,
219997463,NO,present,introduced,,escape: ornamental purpose other than horticulture,1959,
219997464,NO,present,introduced,,transport - contaminant: contaminant nursery material,NA,
219997465,NO,present,introduced,,escape: ornamental purpose other than horticulture,1939,
219997466,NO,present,introduced,,transport - stowaway: container/bulk,NA,
219997469,NO,present,introduced,,,NA,
219997470,NO,present,introduced,,transport - contaminant: contaminant nursery material,NA,
219997472,NO,present,introduced,,transport - stowaway: hitchhikers on ship/boat (excluding ballast water and hull fouling),NA,
219997473,NO,present,introduced,,transport - stowaway: container/bulk,NA,
219997474,NO,present,introduced,invasive,escape: other escape from confinement,1865,
219997476,NO,present,introduced,,escape: ornamental purpose other than horticulture,NA,
219997477,NO,present,introduced,,escape: ornamental purpose other than horticulture,2007,
219997478,NO,present,introduced,,transport - contaminant: contaminant nursery material,NA,
219997479,NO,present,introduced,,transport - stowaway: container/bulk,NA,
219997480,NO,present,introduced,,escape: horticulture,2001,
219997481,NO,present,introduced,invasive,escape: ornamental purpose other than horticulture,NA,
219997483,NO,present,introduced,,escape: horticulture,2000,
219997485,NO,present,introduced,,escape: aquaculture/mariculture,NA,
219997486,NO,present,introduced,,corridors: interconnected waterways/basins/seas,NA,
219997487,NO,present,introduced,,escape: other escape from confinement,1956,
219997488,NO,present,introduced,,escape: horticulture,1956,
219997489,NO,present,introduced,,transport - stowaway: ship/boat hull fouling,NA,
219997490,NO,present,introduced,invasive,escape: horticulture,1865,
219997492,NO,present,introduced,,unaided: natural dispersal across borders of invasive alien organisms,NA,
219997494,NO,present,introduced,,escape: ornamental purpose other than horticulture,1956,
219997495,NO,present,introduced,invasive,escape: ornamental purpose other than horticulture,NA,
219997496,NO,present,introduced,,transport - contaminant: contaminant nursery material,NA,
219997497,NO,present,introduced,,escape: other escape from confinement,2000,
219997498,NO,present,introduced,invasive,escape: ornamental purpose other than horticulture,1865,
219997499,NO,present,introduced,,transport - stowaway: container/bulk,NA,
219997500,NO,present,introduced,,escape: ornamental purpose other than horticulture,2019,
219997503,NO,present,introduced,invasive,"transport - contaminant: transportation of habitat material (soil, vegetation, wood etc)",NA,
219997504,NO,present,introduced,,unaided: natural dispersal across borders of invasive alien organisms,2007,
219997505,NO,present,introduced,invasive,transport - stowaway: other means of transport,NA,
219997506,NO,present,introduced,invasive,escape: horticulture,NA,
219997507,NO,present,introduced,invasive,transport - stowaway: angling/fishing equipment,NA,
219997508,NO,present,introduced,invasive,unaided: natural dispersal across borders of invasive alien organisms,NA,
219997509,NO,present,introduced,,transport - stowaway: hitchhikers on ship/boat (excluding ballast water and hull fouling),NA,
219997511,NO,present,introduced,invasive,transport - stowaway: ship/boat ballast water,NA,
219997512,NO,present,introduced,,transport - stowaway: other means of transport,NA,
219997513,NO,present,introduced,invasive,escape: ornamental purpose other than horticulture,NA,
219997514,NO,present,introduced,,"transport - contaminant: contaminant on animals (except parasites, organisms transported by host/vector)",NA,
219997515,NO,present,introduced,invasive,"transport - contaminant: transportation of habitat material (soil, vegetation, wood etc)",NA,
219997516,NO,present,introduced,invasive,transport - stowaway: other means of transport,NA,
219997517,NO,present,introduced,,,NA,
219997518,NO,present,introduced,,transport - stowaway: angling/fishing equipment,NA,
219997519,NO,present,introduced,invasive,transport - contaminant: parasites on animals (including organisms transported by host and vector),NA,
219997520,NO,present,introduced,invasive,"transport - stowaway: vehicles (car, train, etc.)",NA,
219997521,NO,present,introduced,invasive,unaided: natural dispersal across borders of invasive alien organisms,NA,
219997522,NO,present,introduced,,escape: ornamental purpose other than horticulture,NA,
219997524,NO,present,introduced,,unaided: natural dispersal across borders of invasive alien organisms,NA,
219997525,NO,present,introduced,invasive,escape: botanic garden/zoo/aquaria (excluding domestic aquaria),NA,
219997526,NO,present,introduced,invasive,escape: horticulture,NA,
219997527,NO,present,introduced,,escape: pet/aquarium/terrarium species (including live food for such species),NA,
219997529,NO,present,introduced,,release: other intentional release,NA,
219997530,NO,present,introduced,,release: other intentional release,NA,
219997535,NO,present,introduced,,release: other intentional release,2002,
219997536,NO,present,introduced,,transport - contaminant: seed contaminant,1935,
219997537,NO,present,introduced,,"transport - contaminant: contaminant on plants (except parasites, species transported by host/vector)",2002,
219997538,NO,present,introduced,,transport - stowaway: hitchhikers on ship/boat (excluding ballast water and hull fouling),1826,
219997540,NO,present,introduced,,escape: ornamental purpose other than horticulture,1835,
219997542,NO,present,introduced,,transport - contaminant: seed contaminant,1894,
219997543,NO,present,introduced,,escape: pet/aquarium/terrarium species (including live food for such species),NA,
219997544,NO,present,introduced,invasive,escape: horticulture,NA,
219997545,NO,present,introduced,,release: other intentional release,NA,
219997546,NO,present,introduced,invasive,escape: ornamental purpose other than horticulture,NA,
219997549,NO,present,introduced,,"transport - stowaway: vehicles (car, train, etc.)",1947,
219997550,NO,present,introduced,,escape: pet/aquarium/terrarium species (including live food for such species),NA,
219997551,NO,present,introduced,,escape: botanic garden/zoo/aquaria (excluding domestic aquaria),NA,
219997552,NO,present,introduced,,release: other intentional release,NA,
219997553,NO,present,introduced,,escape: horticulture,NA,
219997554,NO,present,introduced,,release: other intentional release,NA,
219997555,NO,present,introduced,,escape: pet/aquarium/terrarium species (including live food for such species),NA,
219997556,NO,present,introduced,,release: other intentional release,1988,
219997558,NO,present,introduced,invasive,"transport - contaminant: transportation of habitat material (soil, vegetation, wood etc)",NA,
219997560,NO,present,introduced,invasive,transport - stowaway: people and their luggage/equipment (in particular tourism),NA,
219997561,NO,present,introduced,invasive,escape: pet/aquarium/terrarium species (including live food for such species),NA,
219997562,NO,present,introduced,,escape: ornamental purpose other than horticulture,NA,
219997563,NO,present,introduced,invasive,release: other intentional release,NA,
219997564,NO,present,introduced,invasive,unaided: natural dispersal across borders of invasive alien organisms,NA,
219997565,NO,present,introduced,,escape: pet/aquarium/terrarium species (including live food for such species),1840,
219997566,NO,present,introduced,,transport - contaminant: seed contaminant,NA,
219997567,NO,present,introduced,,"transport - contaminant: contaminant on plants (except parasites, species transported by host/vector)",1840,
219997569,NO,present,introduced,,transport - contaminant: seed contaminant,1884,
219997572,NO,present,introduced,invasive,escape: other escape from confinement,NA,
219997573,NO,present,introduced,,transport - stowaway: other means of transport,NA,
219997575,NO,present,introduced,invasive,"transport - contaminant: transportation of habitat material (soil, vegetation, wood etc)",NA,
219997576,NO,present,introduced,,escape: botanic garden/zoo/aquaria (excluding domestic aquaria),1840,
219997577,NO,present,introduced,invasive,transport - contaminant: parasites on plants (including species transported by host and vector),NA,
219997578,NO,present,introduced,,transport - contaminant: seed contaminant,1857,
219997580,NO,present,introduced,,escape: horticulture,1988,
219997582,NO,present,introduced,,transport - contaminant: seed contaminant,1930,
219997584,NO,present,introduced,invasive,transport - contaminant: parasites on animals (including organisms transported by host and vector),NA,
219997585,NO,present,introduced,,transport - contaminant: seed contaminant,1835,
219997586,NO,present,introduced,,transport - contaminant: parasites on animals (including organisms transported by host and vector),NA,
219997587,NO,present,introduced,,unaided: natural dispersal across borders of invasive alien organisms,NA,
219997588,NO,present,introduced,invasive,unaided: natural dispersal across borders of invasive alien organisms,NA,
219997589,NO,present,introduced,,release: other intentional release,NA,
219997591,NO,present,introduced,,transport - stowaway: other means of transport,1857,
219997592,NO,present,introduced,invasive,transport - contaminant: parasites on plants (including species transported by host and vector),NA,
219997593,NO,present,introduced,,escape: botanic garden/zoo/aquaria (excluding domestic aquaria),1988,
219997594,NO,present,introduced,invasive,transport - contaminant: timber trade,NA,
219997595,NO,present,introduced,,,NA,
219997596,NO,present,introduced,invasive,"transport - contaminant: contaminant on animals (except parasites, organisms transported by host/vector)",NA,
219997597,NO,present,introduced,,,1922,
219997599,NO,present,introduced,,transport - contaminant: timber trade,1884,
219997600,NO,present,introduced,,transport - contaminant: parasites on plants (including species transported by host and vector),NA,
219997601,NO,present,introduced,,"transport - stowaway: vehicles (car, train, etc.)",1894,
219997602,NO,present,introduced,,"transport - contaminant: transportation of habitat material (soil, vegetation, wood etc)",NA,
219997603,NO,present,introduced,,escape: ornamental purpose other than horticulture,1850,
219997604,NO,present,introduced,,transport - contaminant: parasites on plants (including species transported by host and vector),2013,
219997606,NO,present,introduced,,"transport - contaminant: transportation of habitat material (soil, vegetation, wood etc)",2013,
219997608,NO,present,introduced,,transport - stowaway: hitchhikers on ship/boat (excluding ballast water and hull fouling),NA,
219997609,NO,present,introduced,invasive,transport - contaminant: parasites on animals (including organisms transported by host and vector),1961,
219997610,NO,present,introduced,,transport - contaminant: contaminated bait,NA,
219997612,NO,present,introduced,invasive,"transport - stowaway: vehicles (car, train, etc.)",NA,
219997613,NO,present,introduced,,transport - contaminant: parasites on plants (including species transported by host and vector),NA,
219997614,NO,present,introduced,invasive,"transport - contaminant: transportation of habitat material (soil, vegetation, wood etc)",NA,
219997615,NO,present,introduced,,"transport - contaminant: transportation of habitat material (soil, vegetation, wood etc)",NA,
219997616,NO,present,introduced,invasive,escape: agriculture (including biofuel feedstocks),NA,
219997617,NO,present,introduced,,"transport - contaminant: transportation of habitat material (soil, vegetation, wood etc)",NA,
219997618,NO,present,introduced,,transport - contaminant: parasites on plants (including species transported by host and vector),NA,
219997619,NO,present,introduced,,escape: ornamental purpose other than horticulture,1826,
219997620,NO,present,introduced,invasive,"transport - contaminant: transportation of habitat material (soil, vegetation, wood etc)",NA,
219997621,NO,present,introduced,invasive,"transport - stowaway: vehicles (car, train, etc.)",NA,
219997622,NO,present,introduced,invasive,transport - contaminant: parasites on plants (including species transported by host and vector),NA,
219997623,NO,present,introduced,,"transport - stowaway: vehicles (car, train, etc.)",NA,
219997624,NO,present,introduced,,transport - stowaway: hitchhikers on ship/boat (excluding ballast water and hull fouling),1826,
219997626,NO,present,introduced,,escape: other escape from confinement,NA,
219997627,NO,present,introduced,invasive,transport - contaminant: contaminant nursery material,2016,
219997628,NO,present,introduced,,escape: ornamental purpose other than horticulture,NA,
219997629,NO,present,introduced,invasive,escape: ornamental purpose other than horticulture,NA,
219997630,NO,present,introduced,invasive,transport - contaminant: parasites on animals (including organisms transported by host and vector),2016,
219997631,NO,present,introduced,,escape: horticulture,NA,
219997633,NO,present,introduced,,transport - stowaway: hitchhikers on ship/boat (excluding ballast water and hull fouling),1835,
219997634,NO,present,introduced,invasive,"transport - stowaway: vehicles (car, train, etc.)",NA,
219997635,NO,present,introduced,,"transport - contaminant: transportation of habitat material (soil, vegetation, wood etc)",NA,
219997636,NO,present,introduced,,transport - stowaway: people and their luggage/equipment (in particular tourism),2016,
219997638,NO,present,introduced,,transport - contaminant: food contaminant (including of live food),1840,
219997639,NO,present,introduced,,escape: botanic garden/zoo/aquaria (excluding domestic aquaria),1947,
219997640,NO,present,introduced,,transport - contaminant: parasites on animals (including organisms transported by host and vector),2009,
219997641,NO,present,introduced,,transport - contaminant: other means of contamination,NA,
219997643,NO,present,introduced,,escape: agriculture (including biofuel feedstocks),1826,
219997644,NO,present,introduced,invasive,"transport - contaminant: contaminant on plants (except parasites, species transported by host/vector)",1955,
219997645,NO,present,introduced,,transport - stowaway: hitchhikers on ship/boat (excluding ballast water and hull fouling),1894,
219997646,NO,present,introduced,invasive,"transport - contaminant: transportation of habitat material (soil, vegetation, wood etc)",1961,
219997647,NO,present,introduced,,transport - contaminant: contaminated bait,NA,
219997648,NO,present,introduced,invasive,transport - contaminant: parasites on plants (including species transported by host and vector),1955,
219997649,NO,present,introduced,,transport - stowaway: hitchhikers on ship/boat (excluding ballast water and hull fouling),1884,
219997650,NO,present,introduced,invasive,"transport - contaminant: transportation of habitat material (soil, vegetation, wood etc)",1955,
219997651,NO,present,introduced,,escape: ornamental purpose other than horticulture,NA,
219997652,NO,present,introduced,invasive,transport - contaminant: parasites on animals (including organisms transported by host and vector),1961,
219997653,NO,present,introduced,,escape: ornamental purpose other than horticulture,1826,
219997654,NO,present,introduced,invasive,transport - contaminant: parasites on plants (including species transported by host and vector),1961,
219997655,NO,present,introduced,,transport - contaminant: timber trade,1894,
219997656,NO,present,introduced,invasive,transport - stowaway: container/bulk,1961,
219997657,NO,present,introduced,,transport - contaminant: seed contaminant,1909,
219997658,NO,present,introduced,invasive,transport - stowaway: container/bulk,1955,
219997659,NO,present,introduced,,transport - contaminant: timber trade,1930,
219997660,NO,present,introduced,invasive,transport - stowaway: machinery/equipment,1955,
219997661,NO,present,introduced,,escape: ornamental purpose other than horticulture,2016,
219997662,NO,present,introduced,invasive,transport - stowaway: machinery/equipment,1961,
219997663,NO,present,introduced,invasive,unaided: natural dispersal across borders of invasive alien organisms,NA,
219997665,NO,present,introduced,,transport - contaminant: seed contaminant,1826,
219997666,NO,present,introduced,,transport - contaminant: parasites on animals (including organisms transported by host and vector),NA,
219997668,NO,present,introduced,,escape: other escape from confinement,NA,
219997669,NO,present,introduced,,escape: aquaculture/mariculture,NA,
219997671,NO,present,introduced,,escape: horticulture,1943,
219997673,NO,present,introduced,,escape: ornamental purpose other than horticulture,1948,
219997674,NO,present,introduced,invasive,transport - contaminant: parasites on animals (including organisms transported by host and vector),1993,
219997675,NO,present,introduced,,escape: other escape from confinement,1943,
219997676,NO,present,introduced,invasive,unaided: natural dispersal across borders of invasive alien organisms,1993,
219997677,NO,present,introduced,,release: other intentional release,NA,
219997679,NO,present,introduced,,escape: ornamental purpose other than horticulture,NA,
219997680,NO,present,introduced,,transport - stowaway: machinery/equipment,NA,
219997681,NO,present,introduced,,escape: pet/aquarium/terrarium species (including live food for such species),NA,
219997683,NO,present,introduced,,"transport - contaminant: contaminant on plants (except parasites, species transported by host/vector)",NA,
219997685,NO,present,introduced,,"transport - contaminant: contaminant on plants (except parasites, species transported by host/vector)",NA,
219997686,NO,present,introduced,,escape: agriculture (including biofuel feedstocks),1893,
219997687,NO,present,introduced,,transport - contaminant: parasites on plants (including species transported by host and vector),NA,
219997688,NO,present,introduced,,escape: ornamental purpose other than horticulture,1893,
219997689,NO,present,introduced,,"transport - contaminant: transportation of habitat material (soil, vegetation, wood etc)",2008,
219997690,NO,present,introduced,,"transport - contaminant: transportation of habitat material (soil, vegetation, wood etc)",NA,
219997692,NO,present,introduced,invasive,transport - contaminant: parasites on plants (including species transported by host and vector),NA,
219997693,NO,present,introduced,,transport - contaminant: parasites on plants (including species transported by host and vector),NA,
219997694,NO,present,introduced,,escape: ornamental purpose other than horticulture,1872,
219997695,NO,present,introduced,invasive,transport - contaminant: parasites on plants (including species transported by host and vector),NA,
219997696,NO,present,introduced,,escape: ornamental purpose other than horticulture,NA,
219997697,NO,present,introduced,invasive,transport - contaminant: parasites on plants (including species transported by host and vector),NA,
219997698,NO,present,introduced,invasive,"transport - contaminant: transportation of habitat material (soil, vegetation, wood etc)",NA,
219997699,NO,present,introduced,invasive,escape: agriculture (including biofuel feedstocks),NA,
219997700,NO,present,introduced,,"transport - contaminant: contaminant on animals (except parasites, organisms transported by host/vector)",NA,
219997701,NO,present,introduced,invasive,transport - stowaway: people and their luggage/equipment (in particular tourism),NA,
219997702,NO,present,introduced,,escape: ornamental purpose other than horticulture,NA,
219997703,NO,present,introduced,,transport - stowaway: machinery/equipment,2008,
219997704,NO,present,introduced,,escape: ornamental purpose other than horticulture,NA,
219997705,NO,present,introduced,,transport - contaminant: parasites on plants (including species transported by host and vector),2008,
219997706,NO,present,introduced,invasive,transport - stowaway: machinery/equipment,NA,
219997707,NO,present,introduced,,transport - stowaway: hitchhikers on ship/boat (excluding ballast water and hull fouling),1872,
219997708,NO,present,introduced,,transport - contaminant: parasites on plants (including species transported by host and vector),NA,
219997709,NO,present,introduced,invasive,"transport - contaminant: transportation of habitat material (soil, vegetation, wood etc)",NA,
219997710,NO,present,introduced,,escape: ornamental purpose other than horticulture,1872,
219997711,NO,present,introduced,,transport - stowaway: people and their luggage/equipment (in particular tourism),NA,
219997712,NO,present,introduced,invasive,transport - stowaway: machinery/equipment,NA,
219997713,NO,present,introduced,,"transport - contaminant: contaminant on plants (except parasites, species transported by host/vector)",NA,
219997714,NO,present,introduced,,transport - stowaway: machinery/equipment,NA,
219997715,NO,present,introduced,,"transport - contaminant: transportation of habitat material (soil, vegetation, wood etc)",NA,
219997716,NO,present,introduced,,escape: horticulture,NA,
219997717,NO,present,introduced,,"transport - contaminant: transportation of habitat material (soil, vegetation, wood etc)",NA,
219997718,NO,present,introduced,,escape: ornamental purpose other than horticulture,1997,
219997719,NO,present,introduced,,transport - stowaway: people and their luggage/equipment (in particular tourism),NA,
219997720,NO,present,introduced,invasive,"transport - contaminant: transportation of habitat material (soil, vegetation, wood etc)",NA,
219997721,NO,present,introduced,,transport - contaminant: timber trade,NA,
219997722,NO,present,introduced,,"transport - contaminant: contaminant on animals (except parasites, organisms transported by host/vector)",NA,
219997723,NO,present,introduced,,transport - contaminant: seed contaminant,1872,
219997725,NO,present,introduced,,escape: horticulture,NA,
219997727,NO,present,introduced,,transport - stowaway: other means of transport,1872,
219997728,NO,present,introduced,invasive,"transport - contaminant: transportation of habitat material (soil, vegetation, wood etc)",NA,
219997730,NO,present,introduced,invasive,"transport - contaminant: transportation of habitat material (soil, vegetation, wood etc)",NA,
219997731,NO,present,introduced,invasive,"transport - contaminant: transportation of habitat material (soil, vegetation, wood etc)",1856,
219997732,NO,present,introduced,invasive,transport - contaminant: parasites on plants (including species transported by host and vector),NA,
219997733,NO,present,introduced,invasive,escape: agriculture (including biofuel feedstocks),1856,
219997734,NO,present,introduced,invasive,transport - contaminant: parasites on plants (including species transported by host and vector),NA,
219997735,NO,present,introduced,invasive,escape: horticulture,NA,
219997736,NO,present,introduced,,escape: horticulture,NA,
219997737,NO,present,introduced,,escape: horticulture,NA,
219997738,NO,present,introduced,,transport - contaminant: food contaminant (including of live food),1910,
219997739,NO,present,introduced,,escape: ornamental purpose other than horticulture,NA,
219997740,NO,present,introduced,,transport - stowaway: hitchhikers on ship/boat (excluding ballast water and hull fouling),1874,
219997741,NO,present,introduced,,transport - contaminant: timber trade,1872,
219997742,NO,present,introduced,,escape: ornamental purpose other than horticulture,NA,
219997743,NO,present,introduced,,escape: ornamental purpose other than horticulture,1938,
219997744,NO,present,introduced,invasive,transport - stowaway: hitchhikers on ship/boat (excluding ballast water and hull fouling),NA,
219997745,NO,present,introduced,,escape: ornamental purpose other than horticulture,NA,
219997746,NO,present,introduced,,escape: ornamental purpose other than horticulture,NA,
219997747,NO,present,introduced,,escape: horticulture,1938,
219997748,NO,present,introduced,,"transport - contaminant: transportation of habitat material (soil, vegetation, wood etc)",NA,
219997749,NO,present,introduced,,escape: horticulture,1919,
219997750,NO,present,introduced,,transport - contaminant: seed contaminant,1910,
219997751,NO,present,introduced,invasive,escape: ornamental purpose other than horticulture,NA,
219997752,NO,present,introduced,,"transport - contaminant: transportation of habitat material (soil, vegetation, wood etc)",NA,
219997753,NO,present,introduced,,escape: ornamental purpose other than horticulture,1919,
219997754,NO,present,introduced,,"transport - contaminant: transportation of habitat material (soil, vegetation, wood etc)",1919,
219997755,NO,present,introduced,invasive,escape: horticulture,NA,
219997756,NO,present,introduced,invasive,escape: agriculture (including biofuel feedstocks),NA,
219997757,NO,present,introduced,,escape: other escape from confinement,1874,
219997758,NO,present,introduced,,escape: ornamental purpose other than horticulture,1946,
219997759,NO,present,introduced,,escape: ornamental purpose other than horticulture,1874,
219997760,NO,present,introduced,,escape: ornamental purpose other than horticulture,1867,
219997763,NO,present,introduced,,escape: horticulture,2005,
219997764,NO,present,introduced,,escape: ornamental purpose other than horticulture,2005,
219997767,NO,present,introduced,,escape: horticulture,NA,
219997768,NO,present,introduced,,escape: horticulture,NA,
219997769,NO,present,introduced,,escape: agriculture (including biofuel feedstocks),NA,
219997772,NO,present,introduced,invasive,escape: ornamental purpose other than horticulture,NA,
219997773,NO,present,introduced,,escape: ornamental purpose other than horticulture,1884,
219997774,NO,present,introduced,,escape: horticulture,NA,
219997775,NO,present,introduced,,escape: ornamental purpose other than horticulture,2015,
219997776,NO,present,introduced,,transport - contaminant: contaminated bait,NA,
219997778,NO,present,introduced,,escape: horticulture,NA,
219997779,NO,present,introduced,invasive,escape: horticulture,1909,
219997780,NO,present,introduced,invasive,escape: ornamental purpose other than horticulture,NA,
219997781,NO,present,introduced,,escape: ornamental purpose other than horticulture,NA,
219997782,NO,present,introduced,invasive,escape: ornamental purpose other than horticulture,1966,
219997783,NO,present,introduced,,escape: ornamental purpose other than horticulture,NA,
219997784,NO,present,introduced,,transport - contaminant: seed contaminant,2001,
219997786,NO,present,introduced,invasive,escape: ornamental purpose other than horticulture,NA,
219997787,NO,present,introduced,invasive,escape: horticulture,NA,
219997789,NO,present,introduced,,unaided: natural dispersal across borders of invasive alien organisms,NA,
219997790,NO,present,introduced,invasive,escape: ornamental purpose other than horticulture,1929,
219997792,NO,present,introduced,,escape: ornamental purpose other than horticulture,NA,
219997793,NO,present,introduced,,escape: horticulture,NA,
219997794,NO,present,introduced,,escape: other escape from confinement,1982,
219997795,NO,present,introduced,,escape: horticulture,NA,
219997796,NO,present,introduced,,escape: ornamental purpose other than horticulture,1840,
219997798,NO,present,introduced,invasive,escape: ornamental purpose other than horticulture,1948,
219997799,NO,present,introduced,,escape: ornamental purpose other than horticulture,1987,
219997800,NO,present,introduced,,escape: botanic garden/zoo/aquaria (excluding domestic aquaria),NA,
219997802,NO,present,introduced,,escape: ornamental purpose other than horticulture,NA,
219997803,NO,present,introduced,,transport - contaminant: timber trade,2000,
219997804,NO,present,introduced,,escape: horticulture,NA,
219997806,NO,present,introduced,,escape: horticulture,NA,
219997807,NO,present,introduced,,escape: ornamental purpose other than horticulture,1992,
219997808,NO,present,introduced,,escape: ornamental purpose other than horticulture,1947,
219997809,NO,present,introduced,invasive,escape: ornamental purpose other than horticulture,1952,
219997810,NO,present,introduced,,escape: agriculture (including biofuel feedstocks),2001,
219997811,NO,present,introduced,,escape: horticulture,1917,
219997812,NO,present,introduced,,escape: horticulture,NA,
219997814,NO,present,introduced,,escape: horticulture,2006,
219997815,NO,present,introduced,,escape: horticulture,NA,
219997816,NO,present,introduced,,"transport - stowaway: vehicles (car, train, etc.)",NA,
219997817,NO,present,introduced,,transport - contaminant: seed contaminant,1870,
219997818,NO,present,introduced,,escape: horticulture,1959,
219997819,NO,present,introduced,,unaided: natural dispersal across borders of invasive alien organisms,NA,
219997820,NO,present,introduced,,escape: ornamental purpose other than horticulture,1991,
219997821,NO,present,introduced,,transport - contaminant: timber trade,2007,
219997822,NO,present,introduced,,escape: ornamental purpose other than horticulture,NA,
219997823,NO,present,introduced,,escape: ornamental purpose other than horticulture,2001,
219997824,NO,present,introduced,,escape: botanic garden/zoo/aquaria (excluding domestic aquaria),NA,
219997825,NO,present,introduced,,escape: botanic garden/zoo/aquaria (excluding domestic aquaria),NA,
219997826,NO,present,introduced,,escape: other escape from confinement,1867,
219997827,NO,present,introduced,invasive,release: erosion control,1930,
219997828,NO,present,introduced,,escape: botanic garden/zoo/aquaria (excluding domestic aquaria),NA,
219997829,NO,present,introduced,,escape: ornamental purpose other than horticulture,1991,
219997830,NO,present,introduced,,escape: agriculture (including biofuel feedstocks),1867,
219997831,NO,present,introduced,,escape: botanic garden/zoo/aquaria (excluding domestic aquaria),NA,
219997832,NO,present,introduced,invasive,escape: ornamental purpose other than horticulture,1957,
219997833,NO,present,introduced,,unaided: natural dispersal across borders of invasive alien organisms,1976,
219997834,NO,present,introduced,,transport - contaminant: timber trade,2001,
219997835,NO,present,introduced,,transport - stowaway: hitchhikers on ship/boat (excluding ballast water and hull fouling),1870,
219997836,NO,present,introduced,,escape: ornamental purpose other than horticulture,1993,
219997837,NO,present,introduced,,escape: agriculture (including biofuel feedstocks),1878,
219997838,NO,present,introduced,,transport - stowaway: hitchhikers on ship/boat (excluding ballast water and hull fouling),NA,
219997839,NO,present,introduced,,escape: horticulture,NA,
219997840,NO,present,introduced,invasive,escape: horticulture,1926,
219997841,NO,present,introduced,,escape: ornamental purpose other than horticulture,NA,
219997843,NO,present,introduced,,transport - contaminant: timber trade,2000,
219997844,NO,present,introduced,,transport - contaminant: seed contaminant,NA,
219997845,NO,present,introduced,invasive,escape: other escape from confinement,1850,
219997846,NO,present,introduced,,release: other intentional release,2001,
219997847,NO,present,introduced,,unaided: natural dispersal across borders of invasive alien organisms,1971,
219997849,NO,present,introduced,,escape: horticulture,NA,
219997850,NO,present,introduced,,release: other intentional release,NA,
219997851,NO,present,introduced,invasive,escape: ornamental purpose other than horticulture,1909,
219997852,NO,present,introduced,,escape: ornamental purpose other than horticulture,NA,
219997853,NO,present,introduced,,escape: ornamental purpose other than horticulture,NA,
219997854,NO,present,introduced,,escape: ornamental purpose other than horticulture,1969,
219997855,NO,present,introduced,,"transport - contaminant: contaminant on plants (except parasites, species transported by host/vector)",1870,
219997856,NO,present,introduced,,escape: ornamental purpose other than horticulture,1908,
219997857,NO,present,introduced,,escape: horticulture,1995,
219997858,NO,present,introduced,,escape: botanic garden/zoo/aquaria (excluding domestic aquaria),NA,
219997859,NO,present,introduced,invasive,"transport - contaminant: transportation of habitat material (soil, vegetation, wood etc)",1930,
219997860,NO,present,introduced,invasive,escape: horticulture,NA,
219997861,NO,present,introduced,,escape: horticulture,1918,
219997862,NO,present,introduced,,escape: horticulture,NA,
219997863,NO,present,introduced,,escape: ornamental purpose other than horticulture,2012,
219997864,NO,present,introduced,,escape: horticulture,NA,
219997865,NO,present,introduced,,escape: ornamental purpose other than horticulture,NA,
219997866,NO,present,introduced,,escape: botanic garden/zoo/aquaria (excluding domestic aquaria),NA,
219997867,NO,present,introduced,,unaided: natural dispersal across borders of invasive alien organisms,2012,
219997868,NO,present,introduced,,escape: ornamental purpose other than horticulture,NA,
219997869,NO,present,introduced,invasive,escape: ornamental purpose other than horticulture,1953,
219997870,NO,present,introduced,,escape: ornamental purpose other than horticulture,NA,
219997871,NO,present,introduced,invasive,unaided: natural dispersal across borders of invasive alien organisms,1930,
219997872,NO,present,introduced,,escape: horticulture,NA,
219997873,NO,present,introduced,,escape: horticulture,1995,
219997874,NO,present,introduced,invasive,escape: ornamental purpose other than horticulture,NA,
219997875,NO,present,introduced,,transport - stowaway: hitchhikers on ship/boat (excluding ballast water and hull fouling),NA,
219997876,NO,present,introduced,invasive,escape: horticulture,1930,
219997877,NO,present,introduced,,escape: ornamental purpose other than horticulture,1943,
219997878,NO,present,introduced,,escape: horticulture,1989,
219997879,NO,present,introduced,,escape: horticulture,1997,
219997880,NO,present,introduced,,escape: ornamental purpose other than horticulture,2005,
219997881,NO,present,introduced,,escape: ornamental purpose other than horticulture,NA,
219997882,NO,present,introduced,,escape: ornamental purpose other than horticulture,1918,
219997883,NO,present,introduced,,transport - contaminant: timber trade,2000,
219997884,NO,present,introduced,,escape: horticulture,NA,
219997885,NO,present,introduced,,escape: ornamental purpose other than horticulture,2010,
219997886,NO,present,introduced,,escape: ornamental purpose other than horticulture,NA,
219997887,NO,present,introduced,,escape: horticulture,1884,
219997888,NO,present,introduced,invasive,unaided: natural dispersal across borders of invasive alien organisms,1843,
219997889,NO,present,introduced,,transport - contaminant: timber trade,1994,
219997890,NO,present,introduced,,escape: ornamental purpose other than horticulture,2007,
219997891,NO,present,introduced,,escape: ornamental purpose other than horticulture,1971,
219997892,NO,present,introduced,,escape: ornamental purpose other than horticulture,1935,
219997893,NO,present,introduced,,escape: horticulture,1991,
219997894,NO,present,introduced,,,1889,
219997895,NO,present,introduced,,unaided: natural dispersal across borders of invasive alien organisms,NA,
219997896,NO,present,introduced,,escape: horticulture,NA,
219997897,NO,present,introduced,,escape: horticulture,1976,
219997898,NO,present,introduced,,escape: horticulture,NA,
219997899,NO,present,introduced,,escape: horticulture,NA,
219997900,NO,present,introduced,,escape: ornamental purpose other than horticulture,NA,
219997902,NO,present,introduced,invasive,escape: ornamental purpose other than horticulture,NA,
219997903,NO,present,introduced,invasive,escape: horticulture,NA,
219997904,NO,present,introduced,,escape: ornamental purpose other than horticulture,1917,
219997905,NO,present,introduced,,escape: horticulture,NA,
219997906,NO,present,introduced,,escape: ornamental purpose other than horticulture,NA,
219997907,NO,present,introduced,,escape: ornamental purpose other than horticulture,NA,
219997908,NO,present,introduced,,escape: ornamental purpose other than horticulture,NA,
219997910,NO,present,introduced,,transport - contaminant: timber trade,2008,
219997911,NO,present,introduced,invasive,escape: ornamental purpose other than horticulture,1967,
219997912,NO,present,introduced,invasive,escape: ornamental purpose other than horticulture,NA,
219997913,NO,present,introduced,invasive,escape: ornamental purpose other than horticulture,1969,
219997914,NO,present,introduced,,escape: ornamental purpose other than horticulture,1994,
219997915,NO,present,introduced,,transport - contaminant: seed contaminant,NA,
219997916,NO,present,introduced,invasive,escape: ornamental purpose other than horticulture,1944,
219997918,NO,present,introduced,invasive,escape: ornamental purpose other than horticulture,2002,
219997919,NO,present,introduced,invasive,escape: agriculture (including biofuel feedstocks),2002,
219997920,NO,present,introduced,,escape: ornamental purpose other than horticulture,1878,
219997921,NO,present,introduced,,escape: ornamental purpose other than horticulture,NA,
219997922,NO,present,introduced,,escape: ornamental purpose other than horticulture,1927,
219997923,NO,present,introduced,,transport - contaminant: seed contaminant,NA,
219997924,NO,present,introduced,invasive,escape: ornamental purpose other than horticulture,1993,
219997926,NO,present,introduced,,transport - contaminant: timber trade,2000,
219997927,NO,present,introduced,,escape: horticulture,1908,
219997928,NO,present,introduced,,escape: horticulture,1918,
219997929,NO,present,introduced,invasive,escape: horticulture,1850,
219997930,NO,present,introduced,,escape: ornamental purpose other than horticulture,1995,
219997931,NO,present,introduced,,escape: horticulture,NA,
219997933,NO,present,introduced,,escape: ornamental purpose other than horticulture,NA,
219997934,NO,present,introduced,,escape: horticulture,NA,
219997935,NO,present,introduced,,escape: horticulture,NA,
219997936,NO,present,introduced,,escape: ornamental purpose other than horticulture,NA,
219997937,NO,present,introduced,,escape: horticulture,NA,
219997938,NO,present,introduced,,escape: ornamental purpose other than horticulture,2016,
219997940,NO,present,introduced,invasive,escape: ornamental purpose other than horticulture,NA,
219997941,NO,present,introduced,invasive,escape: horticulture,NA,
219997942,NO,present,introduced,invasive,escape: ornamental purpose other than horticulture,NA,
219997943,NO,present,introduced,,escape: ornamental purpose other than horticulture,1993,
219997945,NO,present,introduced,,"transport - contaminant: transportation of habitat material (soil, vegetation, wood etc)",1879,
219997946,NO,present,introduced,,transport - contaminant: seed contaminant,1879,
219997947,NO,present,introduced,,escape: botanic garden/zoo/aquaria (excluding domestic aquaria),NA,
219997948,NO,present,introduced,,escape: ornamental purpose other than horticulture,NA,
219997949,NO,present,introduced,,escape: ornamental purpose other than horticulture,1908,
219997950,NO,present,introduced,invasive,escape: ornamental purpose other than horticulture,1864,
219997951,NO,present,introduced,,escape: horticulture,1840,
219997952,NO,present,introduced,,escape: ornamental purpose other than horticulture,2011,
219997953,NO,present,introduced,invasive,escape: agriculture (including biofuel feedstocks),NA,
219997954,NO,present,introduced,invasive,escape: ornamental purpose other than horticulture,NA,
219997955,NO,present,introduced,,transport - contaminant: seed contaminant,NA,
219997956,NO,present,introduced,,transport - contaminant: seed contaminant,NA,
219997957,NO,present,introduced,,escape: horticulture,NA,
219997959,NO,present,introduced,,escape: ornamental purpose other than horticulture,NA,
219997960,NO,present,introduced,invasive,escape: ornamental purpose other than horticulture,1850,
219997961,NO,present,introduced,,escape: horticulture,1995,
219997962,NO,present,introduced,,escape: horticulture,1974,
219997963,NO,present,introduced,,escape: botanic garden/zoo/aquaria (excluding domestic aquaria),NA,
219997964,NO,present,introduced,,escape: ornamental purpose other than horticulture,2016,
219997965,NO,present,introduced,,escape: ornamental purpose other than horticulture,1974,
219997966,NO,present,introduced,,transport - contaminant: timber trade,2000,
219997967,NO,present,introduced,invasive,escape: horticulture,NA,
219997969,NO,present,introduced,,escape: ornamental purpose other than horticulture,1943,
219997970,NO,present,introduced,,escape: horticulture,1943,
219997971,NO,present,introduced,,,NA,
219997972,NO,present,introduced,,escape: ornamental purpose other than horticulture,NA,
219997973,NO,present,introduced,,escape: ornamental purpose other than horticulture,1918,
219997974,NO,present,introduced,,escape: horticulture,2015,
219997975,NO,present,introduced,,escape: horticulture,NA,
219997976,NO,present,introduced,,escape: ornamental purpose other than horticulture,NA,
219997977,NO,present,introduced,,escape: horticulture,NA,
219997978,NO,present,introduced,,escape: ornamental purpose other than horticulture,2001,
219997979,NO,present,introduced,invasive,escape: ornamental purpose other than horticulture,1843,
219997980,NO,present,introduced,,escape: horticulture,1957,
219997982,NO,present,introduced,,escape: ornamental purpose other than horticulture,NA,
219997984,NO,present,introduced,,escape: ornamental purpose other than horticulture,NA,
219997985,NO,present,introduced,,escape: horticulture,NA,
219997986,NO,present,introduced,,unaided: natural dispersal across borders of invasive alien organisms,NA,
219997987,NO,present,introduced,,escape: ornamental purpose other than horticulture,2010,
219997988,NO,present,introduced,,escape: ornamental purpose other than horticulture,NA,
219997989,NO,present,introduced,invasive,escape: horticulture,1952,
219997990,NO,present,introduced,,"transport - stowaway: vehicles (car, train, etc.)",1853,
219997991,NO,present,introduced,,escape: agriculture (including biofuel feedstocks),1840,
219997992,NO,present,introduced,,escape: ornamental purpose other than horticulture,NA,
219997993,NO,present,introduced,invasive,escape: botanic garden/zoo/aquaria (excluding domestic aquaria),1938,
219997994,NO,present,introduced,,,NA,
219997995,NO,present,introduced,invasive,escape: horticulture,1864,
219997996,NO,present,introduced,,escape: horticulture,1878,
219997997,NO,present,introduced,,escape: botanic garden/zoo/aquaria (excluding domestic aquaria),NA,
219997998,NO,present,introduced,,escape: horticulture,NA,
219997999,NO,present,introduced,,escape: ornamental purpose other than horticulture,2002,
219998000,NO,present,introduced,invasive,escape: ornamental purpose other than horticulture,1925,
219998002,NO,present,introduced,,"transport - stowaway: vehicles (car, train, etc.)",NA,
219998003,NO,present,introduced,,transport - contaminant: seed contaminant,NA,
219998004,NO,present,introduced,,escape: ornamental purpose other than horticulture,NA,
219998005,NO,present,introduced,,escape: horticulture,NA,
219998006,NO,present,introduced,invasive,escape: horticulture,1884,
219998007,NO,present,introduced,,escape: horticulture,NA,
219998008,NO,present,introduced,,escape: ornamental purpose other than horticulture,1995,
219998009,NO,present,introduced,invasive,escape: horticulture,NA,
219998010,NO,present,introduced,,transport - contaminant: contaminated bait,NA,
219998011,NO,present,introduced,,escape: horticulture,NA,
219998012,NO,present,introduced,invasive,escape: ornamental purpose other than horticulture,1960,
219998013,NO,present,introduced,,escape: ornamental purpose other than horticulture,1939,
219998014,NO,present,introduced,invasive,escape: ornamental purpose other than horticulture,1884,
219998015,NO,present,introduced,,escape: horticulture,2005,
219998016,NO,present,introduced,,unaided: natural dispersal across borders of invasive alien organisms,NA,
219998017,NO,present,introduced,,escape: ornamental purpose other than horticulture,1878,
219998018,NO,present,introduced,invasive,escape: ornamental purpose other than horticulture,1970,
219998019,NO,present,introduced,invasive,escape: ornamental purpose other than horticulture,1938,
219998021,NO,present,introduced,invasive,escape: ornamental purpose other than horticulture,NA,
219998022,NO,present,introduced,invasive,escape: botanic garden/zoo/aquaria (excluding domestic aquaria),1957,
219998023,NO,present,introduced,invasive,escape: ornamental purpose other than horticulture,1890,
219998024,NO,present,introduced,,escape: ornamental purpose other than horticulture,NA,
219998025,NO,present,introduced,,escape: ornamental purpose other than horticulture,NA,
219998026,NO,present,introduced,,escape: horticulture,2016,
219998027,NO,present,introduced,,escape: horticulture,NA,
219998028,NO,present,introduced,,escape: horticulture,1947,
219998029,NO,present,introduced,,escape: horticulture,NA,
219998030,NO,present,introduced,invasive,escape: ornamental purpose other than horticulture,1984,
219998031,NO,present,introduced,,escape: ornamental purpose other than horticulture,NA,
219998032,NO,present,introduced,invasive,escape: ornamental purpose other than horticulture,1981,
219998033,NO,present,introduced,invasive,escape: horticulture,2013,
219998034,NO,present,introduced,,escape: ornamental purpose other than horticulture,NA,
219998035,NO,present,introduced,invasive,escape: horticulture,1957,
219998036,NO,present,introduced,,escape: horticulture,1994,
219998037,NO,present,introduced,invasive,escape: ornamental purpose other than horticulture,1930,
219998038,NO,present,introduced,,escape: horticulture,1984,
219998039,NO,present,introduced,,transport - stowaway: hitchhikers on ship/boat (excluding ballast water and hull fouling),1866,
219998040,NO,present,introduced,,escape: horticulture,NA,
219998041,NO,present,introduced,invasive,escape: ornamental purpose other than horticulture,1923,
219998042,NO,present,introduced,,escape: horticulture,2010,
219998043,NO,present,introduced,,escape: ornamental purpose other than horticulture,1991,
219998044,NO,present,introduced,,transport - contaminant: timber trade,2000,
219998045,NO,present,introduced,,escape: horticulture,NA,
219998046,NO,present,introduced,,escape: horticulture,2007,
219998047,NO,present,introduced,,escape: ornamental purpose other than horticulture,NA,
219998048,NO,present,introduced,invasive,escape: ornamental purpose other than horticulture,1938,
219998050,NO,present,introduced,,escape: ornamental purpose other than horticulture,NA,
219998051,NO,present,introduced,,escape: ornamental purpose other than horticulture,2013,
219998052,NO,present,introduced,,escape: ornamental purpose other than horticulture,1957,
219998053,NO,present,introduced,,escape: ornamental purpose other than horticulture,1959,
219998054,NO,present,introduced,,escape: ornamental purpose other than horticulture,1997,
219998055,NO,present,introduced,,transport - contaminant: timber trade,2001,
219998056,NO,present,introduced,,escape: ornamental purpose other than horticulture,NA,
219998057,NO,present,introduced,invasive,escape: horticulture,1890,
219998058,NO,present,introduced,,transport - stowaway: hitchhikers on ship/boat (excluding ballast water and hull fouling),1853,
219998059,NO,present,introduced,invasive,"transport - contaminant: transportation of habitat material (soil, vegetation, wood etc)",1850,
219998061,NO,present,introduced,invasive,escape: ornamental purpose other than horticulture,1904,
219998062,NO,present,introduced,invasive,escape: horticulture,1904,
219998063,NO,present,introduced,,escape: botanic garden/zoo/aquaria (excluding domestic aquaria),1935,
219998064,NO,present,introduced,,transport - contaminant: timber trade,2002,
219998065,NO,present,introduced,,escape: ornamental purpose other than horticulture,1995,
219998066,NO,present,introduced,,transport - contaminant: timber trade,2000,
219998067,NO,present,introduced,,escape: horticulture,1867,
219998068,NO,present,introduced,,escape: horticulture,NA,
219998069,NO,present,introduced,,transport - stowaway: ship/boat ballast water,NA,
219998070,NO,present,introduced,,transport - contaminant: contaminated bait,NA,
219998071,NO,present,introduced,,transport - contaminant: seed contaminant,1853,
219998072,NO,present,introduced,,escape: ornamental purpose other than horticulture,1984,
219998073,NO,present,introduced,,escape: other escape from confinement,1955,
219998075,NO,present,introduced,,unaided: natural dispersal across borders of invasive alien organisms,NA,
219998076,NO,present,introduced,invasive,escape: horticulture,1953,
219998077,NO,present,introduced,,escape: horticulture,1843,
219998079,NO,present,introduced,,escape: ornamental purpose other than horticulture,2008,
219998080,NO,present,introduced,,escape: horticulture,2008,
219998081,NO,present,introduced,invasive,escape: ornamental purpose other than horticulture,NA,
219998082,NO,present,introduced,,escape: ornamental purpose other than horticulture,NA,
219998083,NO,present,introduced,,escape: ornamental purpose other than horticulture,1989,
219998084,NO,present,introduced,invasive,escape: ornamental purpose other than horticulture,1885,
219998085,NO,present,introduced,,transport - contaminant: timber trade,2000,
219998086,NO,present,introduced,,escape: horticulture,NA,
219998088,NO,present,introduced,invasive,escape: ornamental purpose other than horticulture,1873,
219998089,NO,present,introduced,invasive,escape: horticulture,1873,
219998090,NO,present,introduced,invasive,escape: horticulture,1879,
219998091,NO,present,introduced,invasive,escape: ornamental purpose other than horticulture,1879,
219998092,NO,present,introduced,,transport - stowaway: hitchhikers on ship/boat (excluding ballast water and hull fouling),1995,
219998094,NO,present,introduced,invasive,escape: ornamental purpose other than horticulture,NA,
219998095,NO,present,introduced,invasive,escape: horticulture,NA,
219998096,NO,present,introduced,invasive,escape: ornamental purpose other than horticulture,1991,
219998097,NO,present,introduced,,escape: ornamental purpose other than horticulture,NA,
219998098,NO,present,introduced,,escape: botanic garden/zoo/aquaria (excluding domestic aquaria),NA,
219998100,NO,present,introduced,,"transport - contaminant: transportation of habitat material (soil, vegetation, wood etc)",NA,
219998101,NO,present,introduced,,"transport - contaminant: contaminant on plants (except parasites, species transported by host/vector)",NA,
219998102,NO,present,introduced,,transport - contaminant: contaminated bait,1869,
219998103,NO,present,introduced,,transport - stowaway: ship/boat ballast water,1869,
219998104,NO,present,introduced,,,NA,
219998106,NO,present,introduced,,escape: ornamental purpose other than horticulture,NA,
219998107,NO,present,introduced,,escape: horticulture,NA,
219998109,NO,present,introduced,invasive,escape: horticulture,NA,
219998110,NO,present,introduced,,escape: ornamental purpose other than horticulture,NA,
219998111,NO,present,introduced,,unaided: natural dispersal across borders of invasive alien organisms,NA,
219998112,NO,present,introduced,invasive,escape: ornamental purpose other than horticulture,NA,
219998113,NO,present,introduced,,escape: ornamental purpose other than horticulture,1924,
219998114,NO,present,introduced,,escape: horticulture,NA,
219998116,NO,present,introduced,invasive,escape: ornamental purpose other than horticulture,1920,
219998117,NO,present,introduced,,escape: ornamental purpose other than horticulture,NA,
219998121,NO,present,introduced,,escape: ornamental purpose other than horticulture,1999,
219998122,NO,present,introduced,,escape: ornamental purpose other than horticulture,NA,
219998123,NO,present,introduced,,escape: botanic garden/zoo/aquaria (excluding domestic aquaria),NA,
219998124,NO,present,introduced,,escape: ornamental purpose other than horticulture,NA,
219998126,NO,present,introduced,,escape: ornamental purpose other than horticulture,NA,
219998127,NO,present,introduced,,escape: aquaculture/mariculture,NA,
219998128,NO,present,introduced,,escape: horticulture,NA,
219998132,NO,present,introduced,,escape: ornamental purpose other than horticulture,1873,
219998134,NO,present,introduced,,escape: ornamental purpose other than horticulture,2014,
219998135,NO,present,introduced,,escape: horticulture,NA,
219998136,NO,present,introduced,,escape: ornamental purpose other than horticulture,NA,
219998138,NO,present,introduced,,escape: ornamental purpose other than horticulture,NA,
219998139,NO,present,introduced,,transport - contaminant: seed contaminant,1873,
219998140,NO,present,introduced,,escape: ornamental purpose other than horticulture,NA,
219998141,NO,present,introduced,,transport - contaminant: seed contaminant,1912,
219998142,NO,present,introduced,,escape: horticulture,NA,
219998143,NO,present,introduced,,"transport - contaminant: transportation of habitat material (soil, vegetation, wood etc)",NA,
219998144,NO,present,introduced,,escape: ornamental purpose other than horticulture,NA,
219998145,NO,present,introduced,,escape: ornamental purpose other than horticulture,1847,
219998146,NO,present,introduced,,escape: botanic garden/zoo/aquaria (excluding domestic aquaria),2016,
219998148,NO,present,introduced,,escape: ornamental purpose other than horticulture,NA,
219998149,NO,present,introduced,,escape: horticulture,NA,
219998150,NO,present,introduced,,"transport - contaminant: transportation of habitat material (soil, vegetation, wood etc)",1911,
219998151,NO,present,introduced,,escape: ornamental purpose other than horticulture,1911,
219998152,NO,present,introduced,,escape: horticulture,1911,
219998153,NO,present,introduced,,escape: horticulture,NA,
219998154,NO,present,introduced,,escape: horticulture,NA,
219998155,NO,present,introduced,,escape: horticulture,NA,
219998156,NO,present,introduced,,escape: ornamental purpose other than horticulture,2016,
219998157,NO,present,introduced,,"transport - contaminant: transportation of habitat material (soil, vegetation, wood etc)",NA,
219998158,NO,present,introduced,,escape: horticulture,NA,
219998159,NO,present,introduced,,escape: ornamental purpose other than horticulture,1968,
219998160,NO,present,introduced,,escape: ornamental purpose other than horticulture,NA,
219998161,NO,present,introduced,,release: other intentional release,2015,
219998162,NO,present,introduced,,,NA,
219998163,NO,present,introduced,,escape: ornamental purpose other than horticulture,NA,
219998164,NO,present,introduced,,escape: botanic garden/zoo/aquaria (excluding domestic aquaria),NA,
219998165,NO,present,introduced,,escape: ornamental purpose other than horticulture,1960,
219998166,NO,present,introduced,,transport - stowaway: hitchhikers on ship/boat (excluding ballast water and hull fouling),NA,
219998167,NO,present,introduced,,escape: ornamental purpose other than horticulture,NA,
219998168,NO,present,introduced,,escape: ornamental purpose other than horticulture,NA,
219998171,NO,present,introduced,,transport - contaminant: seed contaminant,NA,
219998172,NO,present,introduced,invasive,transport - contaminant: timber trade,NA,
219998173,NO,present,introduced,,escape: live food and live bait,NA,
219998174,NO,present,introduced,,"transport - stowaway: vehicles (car, train, etc.)",NA,
219998175,NO,present,introduced,invasive,"transport - stowaway: vehicles (car, train, etc.)",NA,
219998176,NO,present,introduced,,transport - contaminant: seed contaminant,NA,
219998177,NO,present,introduced,,transport - contaminant: seed contaminant,NA,
219998178,NO,present,introduced,,escape: ornamental purpose other than horticulture,2004,
219998179,NO,present,introduced,,escape: ornamental purpose other than horticulture,NA,
219998180,NO,present,introduced,,transport - contaminant: timber trade,NA,
219998182,NO,present,introduced,,release: landscape improvement,2011,
219998183,NO,present,introduced,,escape: ornamental purpose other than horticulture,2011,
219998184,NO,present,introduced,,escape: ornamental purpose other than horticulture,1993,
219998185,NO,present,introduced,,escape: ornamental purpose other than horticulture,2000,
219998186,NO,present,introduced,,release: landscape improvement,1993,
219998187,NO,present,introduced,,transport - stowaway: hitchhikers on ship/boat (excluding ballast water and hull fouling),1995,
219998188,NO,present,introduced,,transport - contaminant: timber trade,2000,
219998189,NO,present,introduced,,escape: ornamental purpose other than horticulture,1993,
219998191,NO,present,introduced,,escape: botanic garden/zoo/aquaria (excluding domestic aquaria),NA,
219998192,NO,present,introduced,,escape: ornamental purpose other than horticulture,2017,
219998193,NO,present,introduced,,escape: horticulture,2017,
219998194,NO,present,introduced,,transport - stowaway: other means of transport,1970,
219998195,NO,present,introduced,,unaided: natural dispersal across borders of invasive alien organisms,1872,
219998196,NO,present,introduced,,escape: ornamental purpose other than horticulture,1941,
219998198,NO,present,introduced,,transport - contaminant: seed contaminant,1912,
219998200,NO,present,introduced,invasive,transport - stowaway: hitchhikers on ship/boat (excluding ballast water and hull fouling),NA,
219998201,NO,present,introduced,invasive,unaided: natural dispersal across borders of invasive alien organisms,NA,
219998202,NO,present,introduced,,transport - contaminant: seed contaminant,1820,
219998204,NO,present,introduced,,transport - contaminant: seed contaminant,2014,
219998205,NO,present,introduced,,transport - stowaway: hitchhikers on ship/boat (excluding ballast water and hull fouling),1803,
219998206,NO,present,introduced,,escape: horticulture,NA,
219998207,NO,present,introduced,,"transport - contaminant: contaminant on plants (except parasites, species transported by host/vector)",1910,
219998208,NO,present,introduced,,"transport - stowaway: vehicles (car, train, etc.)",NA,
219998209,NO,present,introduced,,"transport - stowaway: vehicles (car, train, etc.)",NA,
219998210,NO,present,introduced,,escape: agriculture (including biofuel feedstocks),1872,
219998211,NO,present,introduced,invasive,release: landscape improvement,1928,
219998212,NO,present,introduced,,transport - contaminant: timber trade,1882,
219998213,NO,present,introduced,,escape: horticulture,NA,
219998214,NO,present,introduced,,escape: ornamental purpose other than horticulture,NA,
219998215,NO,present,introduced,,transport - contaminant: seed contaminant,NA,
219998217,NO,present,introduced,,transport - contaminant: timber trade,1873,
219998218,NO,present,introduced,,transport - stowaway: hitchhikers on ship/boat (excluding ballast water and hull fouling),1873,
219998219,NO,present,introduced,,transport - contaminant: seed contaminant,1873,
219998220,NO,present,introduced,,escape: ornamental purpose other than horticulture,1881,
219998221,NO,present,introduced,,transport - contaminant: seed contaminant,1803,
219998222,NO,present,introduced,,"transport - stowaway: vehicles (car, train, etc.)",1878,
219998223,NO,present,introduced,,escape: other escape from confinement,NA,
219998224,NO,present,introduced,,escape: ornamental purpose other than horticulture,NA,
219998225,NO,present,introduced,,transport - contaminant: contaminated bait,1878,
219998226,NO,present,introduced,,transport - contaminant: timber trade,1910,
219998228,NO,present,introduced,invasive,escape: agriculture (including biofuel feedstocks),1834,
219998229,NO,present,introduced,invasive,release: landscape improvement,1834,
219998231,NO,present,introduced,invasive,release: landscape improvement,1850,
219998232,NO,present,introduced,invasive,transport - contaminant: seed contaminant,1850,
219998233,NO,present,introduced,invasive,transport - contaminant: contaminated bait,1850,
219998234,NO,present,introduced,invasive,escape: ornamental purpose other than horticulture,1928,
219998235,NO,present,introduced,,transport - contaminant: seed contaminant,1878,
219998236,NO,present,introduced,invasive,transport - stowaway: hitchhikers on ship/boat (excluding ballast water and hull fouling),NA,
219998237,NO,present,introduced,,"transport - contaminant: transportation of habitat material (soil, vegetation, wood etc)",1878,
219998238,NO,present,introduced,,transport - contaminant: seed contaminant,NA,
219998240,NO,present,introduced,,escape: agriculture (including biofuel feedstocks),1861,
219998241,NO,present,introduced,,transport - stowaway: hitchhikers on ship/boat (excluding ballast water and hull fouling),1861,
219998242,NO,present,introduced,,transport - contaminant: seed contaminant,1861,
219998243,NO,present,introduced,,transport - contaminant: seed contaminant,1910,
219998244,NO,present,introduced,,"transport - stowaway: vehicles (car, train, etc.)",1872,
219998245,NO,present,introduced,,escape: ornamental purpose other than horticulture,NA,
219998246,NO,present,introduced,,transport - stowaway: ship/boat ballast water,1882,
219998247,NO,present,introduced,,escape: ornamental purpose other than horticulture,NA,
219998248,NO,present,introduced,,transport - stowaway: ship/boat ballast water,NA,
219998249,NO,present,introduced,,transport - stowaway: people and their luggage/equipment (in particular tourism),NA,
219998250,NO,present,introduced,,transport - stowaway: hitchhikers on ship/boat (excluding ballast water and hull fouling),1892,
219998251,NO,present,introduced,,escape: horticulture,NA,
219998252,NO,present,introduced,,transport - contaminant: timber trade,NA,
219998253,NO,present,introduced,,transport - contaminant: seed contaminant,1910,
219998255,NO,present,introduced,,transport - contaminant: seed contaminant,NA,
219998256,NO,present,introduced,invasive,release: biological control,NA,
219998257,NO,present,introduced,,"transport - contaminant: transportation of habitat material (soil, vegetation, wood etc)",1910,
219998258,NO,present,introduced,,transport - contaminant: food contaminant (including of live food),1892,
219998259,NO,present,introduced,,transport - stowaway: ship/boat ballast water,1820,
219998260,NO,present,introduced,,escape: ornamental purpose other than horticulture,NA,
219998261,NO,present,introduced,,"transport - contaminant: transportation of habitat material (soil, vegetation, wood etc)",1882,
219998262,NO,present,introduced,,"transport - contaminant: contaminant on plants (except parasites, species transported by host/vector)",1882,
219998263,NO,present,introduced,,transport - contaminant: timber trade,1995,
219998264,NO,present,introduced,,transport - contaminant: seed contaminant,1882,
219998265,NO,present,introduced,,"transport - stowaway: vehicles (car, train, etc.)",NA,
219998266,NO,present,introduced,invasive,escape: agriculture (including biofuel feedstocks),NA,
219998267,NO,present,introduced,,transport - contaminant: timber trade,1910,
219998268,NO,present,introduced,,transport - contaminant: seed contaminant,NA,
219998269,NO,present,introduced,,"transport - stowaway: vehicles (car, train, etc.)",NA,
219998270,NO,present,introduced,,unaided: natural dispersal across borders of invasive alien organisms,NA,
219998271,NO,present,introduced,,transport - stowaway: hitchhikers on ship/boat (excluding ballast water and hull fouling),1910,
219998272,NO,present,introduced,,release: landscape improvement,1820,
219998273,NO,present,introduced,,escape: ornamental purpose other than horticulture,2020,
219998274,NO,present,introduced,,transport - stowaway: hitchhikers on ship/boat (excluding ballast water and hull fouling),1878,
219998275,NO,present,introduced,,release: release in nature,NA,
219998276,NO,present,introduced,,escape: ornamental purpose other than horticulture,NA,
219998277,NO,present,introduced,,transport - contaminant: food contaminant (including of live food),1909,
219998278,NO,present,introduced,,transport - contaminant: food contaminant (including of live food),1916,
219998279,NO,present,introduced,,transport - stowaway: hitchhikers on ship/boat (excluding ballast water and hull fouling),NA,
219998280,NO,present,introduced,,"transport - contaminant: transportation of habitat material (soil, vegetation, wood etc)",NA,
219998281,NO,present,introduced,,transport - contaminant: seed contaminant,1916,
219998285,NO,present,introduced,,escape: pet/aquarium/terrarium species (including live food for such species),NA,
219998286,NO,present,introduced,,escape: aquaculture/mariculture,NA,
219998288,NO,present,introduced,,escape: pet/aquarium/terrarium species (including live food for such species),NA,
219998289,NO,present,introduced,invasive,release: other intentional release,2009,
219998290,NO,present,introduced,invasive,escape: other escape from confinement,1925,
219998291,NO,present,introduced,,escape: pet/aquarium/terrarium species (including live food for such species),NA,
219998292,NO,present,introduced,invasive,unaided: natural dispersal across borders of invasive alien organisms,2005,
219998293,NO,present,introduced,invasive,escape: pet/aquarium/terrarium species (including live food for such species),NA,
219998295,NO,present,introduced,invasive,escape: pet/aquarium/terrarium species (including live food for such species),NA,
219998296,NO,present,introduced,invasive,transport - stowaway: angling/fishing equipment,1925,
219998297,NO,present,introduced,invasive,transport - stowaway: other means of transport,2005,
219998298,NO,present,introduced,,escape: aquaculture/mariculture,NA,
219998300,NO,present,introduced,,"transport - stowaway: organic packing material, in particular wood packaging",NA,
219998301,NO,present,introduced,,transport - stowaway: hitchhikers on ship/boat (excluding ballast water and hull fouling),NA,
219998302,NO,present,introduced,,transport - stowaway: ship/boat ballast water,NA,
219998304,NO,present,introduced,,escape: aquaculture/mariculture,NA,
219998305,NO,present,introduced,invasive,unaided: natural dispersal across borders of invasive alien organisms,NA,
219998306,NO,present,introduced,,escape: ornamental purpose other than horticulture,NA,
219998307,NO,present,introduced,invasive,escape: ornamental purpose other than horticulture,NA,
219998308,NO,present,introduced,,escape: ornamental purpose other than horticulture,1987,
219998309,NO,present,introduced,invasive,escape: ornamental purpose other than horticulture,NA,
219998311,NO,present,introduced,,escape: aquaculture/mariculture,NA,
219998314,NO,present,introduced,,transport - contaminant: timber trade,2006,
219998316,NO,present,introduced,,escape: horticulture,NA,
219998317,NO,present,introduced,invasive,escape: ornamental purpose other than horticulture,1871,
219998318,NO,present,introduced,,escape: ornamental purpose other than horticulture,NA,
219998319,NO,present,introduced,,escape: ornamental purpose other than horticulture,NA,
219998320,NO,present,introduced,,escape: horticulture,NA,
219998321,NO,present,introduced,,unaided: natural dispersal across borders of invasive alien organisms,NA,
219998322,NO,present,introduced,,escape: ornamental purpose other than horticulture,1929,
219998323,NO,present,introduced,,escape: horticulture,NA,
219998325,NO,present,introduced,,escape: ornamental purpose other than horticulture,NA,
219998326,NO,present,introduced,,escape: horticulture,NA,
219998327,NO,present,introduced,,escape: ornamental purpose other than horticulture,1860,
219998328,NO,present,introduced,,escape: ornamental purpose other than horticulture,NA,
219998329,NO,present,introduced,,escape: ornamental purpose other than horticulture,NA,
219998330,NO,present,introduced,,escape: ornamental purpose other than horticulture,2006,
219998331,NO,present,introduced,,escape: ornamental purpose other than horticulture,NA,
219998332,NO,present,introduced,,,NA,
219998333,NO,present,introduced,,escape: ornamental purpose other than horticulture,2014,
219998334,NO,present,introduced,,escape: horticulture,1994,
219998336,NO,present,introduced,invasive,escape: ornamental purpose other than horticulture,NA,
219998337,NO,present,introduced,,escape: agriculture (including biofuel feedstocks),1860,
219998338,NO,present,introduced,,escape: ornamental purpose other than horticulture,NA,
219998339,NO,present,introduced,,escape: ornamental purpose other than horticulture,NA,
219998340,NO,present,introduced,,escape: horticulture,NA,
219998341,NO,present,introduced,,escape: horticulture,1929,
219998342,NO,present,introduced,,escape: ornamental purpose other than horticulture,NA,
219998343,NO,present,introduced,,escape: ornamental purpose other than horticulture,1850,
219998344,NO,present,introduced,,transport - stowaway: hitchhikers on ship/boat (excluding ballast water and hull fouling),1860,
219998345,NO,present,introduced,,escape: other escape from confinement,1966,
219998346,NO,present,introduced,,escape: ornamental purpose other than horticulture,NA,
219998347,NO,present,introduced,,escape: other escape from confinement,1954,
219998348,NO,present,introduced,,unaided: natural dispersal across borders of invasive alien organisms,2006,
219998349,NO,present,introduced,,escape: ornamental purpose other than horticulture,NA,
219998350,NO,present,introduced,,escape: other escape from confinement,2015,
219998351,NO,present,introduced,,escape: ornamental purpose other than horticulture,1834,
219998352,NO,present,introduced,,escape: horticulture,NA,
219998353,NO,present,introduced,,escape: ornamental purpose other than horticulture,1994,
219998354,NO,present,introduced,,escape: ornamental purpose other than horticulture,1994,
219998355,NO,present,introduced,,escape: other escape from confinement,NA,
219998358,NO,present,introduced,,escape: ornamental purpose other than horticulture,1995,
219998359,NO,present,introduced,,escape: horticulture,NA,
219998360,NO,present,introduced,,escape: ornamental purpose other than horticulture,1890,
219998361,NO,present,introduced,,escape: botanic garden/zoo/aquaria (excluding domestic aquaria),NA,
219998362,NO,present,introduced,,escape: ornamental purpose other than horticulture,1878,
219998363,NO,present,introduced,,escape: horticulture,NA,
219998364,NO,present,introduced,,escape: horticulture,2000,
219998365,NO,present,introduced,,escape: other escape from confinement,1848,
219998366,NO,present,introduced,,escape: ornamental purpose other than horticulture,NA,
219998367,NO,present,introduced,,escape: ornamental purpose other than horticulture,1848,
219998368,NO,present,introduced,,escape: horticulture,2013,
219998369,NO,present,introduced,,escape: ornamental purpose other than horticulture,NA,
219998370,NO,present,introduced,,escape: ornamental purpose other than horticulture,NA,
219998371,NO,present,introduced,,escape: horticulture,1878,
219998372,NO,present,introduced,,escape: horticulture,NA,
219998373,NO,present,introduced,,escape: horticulture,1848,
219998374,NO,present,introduced,,escape: ornamental purpose other than horticulture,1895,
219998375,NO,present,introduced,,escape: ornamental purpose other than horticulture,1986,
219998376,NO,present,introduced,,escape: horticulture,1895,
219998377,NO,present,introduced,,escape: ornamental purpose other than horticulture,NA,
219998378,NO,present,introduced,,escape: ornamental purpose other than horticulture,2013,
219998379,NO,present,introduced,,escape: ornamental purpose other than horticulture,2005,
219998381,NO,present,introduced,,escape: ornamental purpose other than horticulture,NA,
219998382,NO,present,introduced,,escape: other escape from confinement,2000,
219998383,NO,present,introduced,,escape: ornamental purpose other than horticulture,NA,
219998384,NO,present,introduced,,transport - contaminant: seed contaminant,NA,
219998386,NO,present,introduced,,"transport - contaminant: transportation of habitat material (soil, vegetation, wood etc)",1931,
219998387,NO,present,introduced,,escape: ornamental purpose other than horticulture,1960,
219998388,NO,present,introduced,,escape: horticulture,1960,
219998389,NO,present,introduced,,escape: ornamental purpose other than horticulture,1931,
219998391,NO,present,introduced,,escape: ornamental purpose other than horticulture,NA,
219998392,NO,present,introduced,,escape: ornamental purpose other than horticulture,NA,
219998393,NO,present,introduced,,transport - contaminant: seed contaminant,NA,
219998394,NO,present,introduced,,escape: ornamental purpose other than horticulture,1925,
219998395,NO,present,introduced,,release: other intentional release,NA,
219998396,NO,present,introduced,,escape: horticulture,NA,
219998397,NO,present,introduced,,escape: ornamental purpose other than horticulture,NA,
219998398,NO,present,introduced,,escape: ornamental purpose other than horticulture,NA,
219998399,NO,present,introduced,,escape: ornamental purpose other than horticulture,NA,
219998400,NO,present,introduced,,escape: horticulture,NA,
219998402,NO,present,introduced,invasive,escape: ornamental purpose other than horticulture,NA,
219998403,NO,present,introduced,invasive,escape: agriculture (including biofuel feedstocks),NA,
219998404,NO,present,introduced,,escape: ornamental purpose other than horticulture,NA,
219998405,NO,present,introduced,,escape: botanic garden/zoo/aquaria (excluding domestic aquaria),NA,
219998406,NO,present,introduced,,escape: ornamental purpose other than horticulture,1897,
219998407,NO,present,introduced,,escape: ornamental purpose other than horticulture,NA,
219998408,NO,present,introduced,,escape: ornamental purpose other than horticulture,NA,
219998409,NO,present,introduced,,release: landscape improvement,1875,
219998410,NO,present,introduced,,escape: ornamental purpose other than horticulture,1875,
219998411,NO,present,introduced,,escape: ornamental purpose other than horticulture,NA,
219998412,NO,present,introduced,,release: other intentional release,NA,
219998413,NO,present,introduced,,escape: other escape from confinement,NA,
219998414,NO,present,introduced,,escape: ornamental purpose other than horticulture,NA,
219998415,NO,present,introduced,,escape: ornamental purpose other than horticulture,NA,
219998416,NO,present,introduced,,transport - contaminant: seed contaminant,NA,
219998419,NO,present,introduced,,escape: pet/aquarium/terrarium species (including live food for such species),NA,
219998420,NO,present,introduced,,escape: aquaculture/mariculture,NA,
219998422,NO,present,introduced,,transport - contaminant: seed contaminant,2004,
219998423,NO,present,introduced,,transport - contaminant: food contaminant (including of live food),2004,
219998424,NO,present,introduced,,transport - contaminant: timber trade,2004,
219998429,NO,present,introduced,,unaided: natural dispersal across borders of invasive alien organisms,NA,
219998430,NO,present,introduced,,transport - stowaway: container/bulk,NA,
219998434,NO,present,introduced,,"transport - contaminant: transportation of habitat material (soil, vegetation, wood etc)",NA,
219998437,NO,present,introduced,invasive,escape: pet/aquarium/terrarium species (including live food for such species),NA,
219998438,NO,present,introduced,invasive,unaided: natural dispersal across borders of invasive alien organisms,NA,
219998439,NO,present,introduced,,escape: other escape from confinement,NA,
219998444,NO,present,introduced,,unaided: natural dispersal across borders of invasive alien organisms,NA,
219998449,NO,present,introduced,,transport - stowaway: container/bulk,NA,
219998450,NO,present,introduced,,transport - stowaway: container/bulk,NA,
219998453,NO,present,introduced,,unaided: natural dispersal across borders of invasive alien organisms,NA,
219998456,NO,present,introduced,invasive,unaided: natural dispersal across borders of invasive alien organisms,NA,
219998461,NO,present,introduced,invasive,corridors: interconnected waterways/basins/seas,NA,
219998462,NO,present,introduced,invasive,transport - stowaway: angling/fishing equipment,NA,
219998463,NO,present,introduced,invasive,transport - stowaway: ship/boat hull fouling,NA,
219998466,NO,present,introduced,,transport - stowaway: ship/boat hull fouling,NA,
219998467,NO,present,introduced,,corridors: interconnected waterways/basins/seas,NA,
219998468,NO,present,introduced,invasive,transport - stowaway: hitchhikers on ship/boat (excluding ballast water and hull fouling),1932,
219998469,NO,present,introduced,,transport - stowaway: angling/fishing equipment,NA,
219998470,NO,present,introduced,invasive,corridors: interconnected waterways/basins/seas,1932,
219998471,NO,present,introduced,invasive,transport - stowaway: ship/boat ballast water,1932,
219998472,NO,present,introduced,invasive,unaided: natural dispersal across borders of invasive alien organisms,1932,
219998474,NO,present,introduced,,transport - stowaway: ship/boat hull fouling,NA,
219998475,NO,present,introduced,,transport - stowaway: other means of transport,NA,
219998476,NO,present,introduced,,unaided: natural dispersal across borders of invasive alien organisms,NA,
