taxonKey,taxonID,scientificName,kingdom,taxonRank
160851170,75823,Synechococcus capitatus Bailey-Watts & Komárek,Bacteria,SPECIES
160851171,75408,"Pectinatella magnifica (Leidy, 1851)",Animalia,SPECIES
160851176,74897,Geitleribactron periphyticum Komárek,Bacteria,SPECIES
160851181,74614,"Craspedacusta sowerbii Lankester, 1880",Animalia,SPECIES
160851182,75475,Planktothrix rubescens (DC. ex Gomont) Anagn. & Komárek,Bacteria,SPECIES
160851186,75552,Raphidiopsis mediterranea Skuja,Bacteria,SPECIES
160851188,74930,Gloeotrichia echinulata P.G.Richt.,Bacteria,SPECIES
160851191,74361,"Branchiura sowerbyi Beddard, 1892",Animalia,SPECIES
160851192,75779,"Sphaerospermopsis aphanizomenoides (Forti) Zapomelová, Jezberová, Hrouzek, Hisem, Reháková & Komárková",Bacteria,SPECIES
160851194,74723,"Dolichospermum compactum (Nygaard) Wacklin, L.Hoffm. & Komárek",Bacteria,SPECIES
160851198,74651,Cylindrospermopsis raciborskii (Wołosz.) Seenayya & Subbaraju,Bacteria,SPECIES
160851201,74730,"Dreissena polymorpha (Pallas, 1771)",Animalia,SPECIES
8008494,74213,Chrysosporum bergii (Ostenf.) Zapomelová et al.,Bacteria,SPECIES
160851208,74588,"Corbicula fluminea (O.F.Müller, 1774)",Animalia,SPECIES
160851214,75459,"Physella acuta (Draparnaud, 1805)",Animalia,SPECIES
10838194,75414,"Unruhdinium kevei (Grigorszky & F.Vasas) Gottschling, 2017",Chromista,SPECIES
160851220,75499,"Potamopyrgus antipodarum (J.E.Gray, 1843)",Animalia,SPECIES
160851226,75272,Navicula schroeteri F.Meister,Chromista,SPECIES
9776227,74854,"Pettancylus clessinianus (Jickeli, 1882)",Animalia,SPECIES
160851230,74869,Frustulia weinholdi Hustedt,Chromista,SPECIES
9520065,74855,"Ferrissia californica (Rowell, 1863)",Animalia,SPECIES
160851233,75219,"Menetus dilatatus (A.Gould, 1841)",Animalia,SPECIES
160851235,74942,"Gyraulus parvus (Say, 1817)",Animalia,SPECIES
9269222,75797,Synedra berolinensis var. berolinensis,Chromista,VARIETY
160851241,75369,"Oxychilus draparnaudi (H.Beck, 1837)",Animalia,SPECIES
5421770,74865,"Centronella reichelti Voigt, 1902",Chromista,SPECIES
160851245,74351,"Boettgerilla pallens Simroth, 1912",Animalia,SPECIES
160851248,74705,"Didymosphenia geminatum (Lyngbye) M.Schmidt, 1899",Chromista,SPECIES
160851249,74269,"Arion vulgaris Moquin-Tandon, 1855",Animalia,SPECIES
160851250,74268,"Arion lusitanicus Mabille, 1868",Animalia,SPECIES
3193599,75751,"Microsiphona potamos C.I.Weber, 1970",Chromista,SPECIES
2505781,75546,"Quinqueserialis quinqueserialis Barker & Laughlin, 1911",Animalia,SPECIES
3193323,74646,"Stephanodiscus delicatus S.I.Genkal, 1985",Chromista,SPECIES
160851264,74853,"Fascioloides magna (Bassa, 1875)",Animalia,SPECIES
4275361,74721,"Cyclotella woltereckii Hustedt, 1942",Chromista,SPECIES
160851271,74123,"Actinocyclus normanii (Gregory) Hustedt, 1957",Animalia,SPECIES
5892120,74739,"Girardia tigrina (Girard, 1850)",Animalia,SPECIES
160851280,74948,"Gyrodactylus sprostonae Ling, 1962",Animalia,SPECIES
160851282,74947,"Gyrodactylus shulmani Ling, 1962",Animalia,SPECIES
160851283,75805,Stropharia rugosoannulata Farl. ex Murrill,Fungi,SPECIES
160851284,74946,"Gyrodactylus kobayashii Hukuda, 1940",Animalia,SPECIES
160851286,74945,"Gyrodactylus kherulensis Ergens, 1974",Animalia,SPECIES
160851288,74944,"Gyrodactylus gurleyi Price, 1937",Animalia,SPECIES
160851289,75254,Mutinus ravenelii (Berk.) E.Fisch.,Fungi,SPECIES
160851290,74943,"Gyrodactylus cyprini Diarova, 1964",Animalia,SPECIES
160851291,74553,Clathrus archeri (Berk.) Dring,Fungi,SPECIES
160851295,74828,"Eudiplozoon nipponicum (Goto, 1891) Khotenovsky, 1984",Animalia,SPECIES
160851298,75523,"Pseudodactylogyrus bini (Kikuchi, 1929)",Animalia,SPECIES
160851299,75522,"Pseudodactylogyrus anguillae (Yin & Sproston, 1948) Gusev, 1965",Animalia,SPECIES
160851303,74670,"Dactylogyrus inexpectatus Izjumova, 1955",Animalia,SPECIES
160851304,74669,"Dactylogyrus hypophthalmichthys Akhmerov, 1952",Animalia,SPECIES
160851306,74672,"Dactylogyrus nobilis Long & Yu, 1958",Animalia,SPECIES
160851308,74671,"Dactylogyrus lamellatus Akhmerow, 1952",Animalia,SPECIES
160851309,74668,"Dactylogyrus dulkeiti Bychowsky, 1936",Animalia,SPECIES
160851310,75796,Staurastrum manfeldtii Delponte,Plantae,SPECIES
160851311,74667,"Dactylogyrus achmerowi Gusev, 1955",Animalia,SPECIES
160851313,74673,"Dactylogyrus squameus Gusev, 1955",Animalia,SPECIES
9696951,74556,"Ligictaluridus pricei (Mueller, 1936) Beverley-Burton, 1984",Animalia,SPECIES
160851322,75904,Ulva flexuosa Wulfen,Plantae,SPECIES
160851325,75506,"Proteocephalus longicollis (Zeder, 1800) Benedict, 1900",Animalia,SPECIES
160851330,75044,"Khawia sinensis Hsü, 1935",Animalia,SPECIES
160851331,75482,"Pleodorina indica (Iyengar) H.Nozaki, 1989",Plantae,SPECIES
160851335,75827,"Taenia multiceps Leske, 1780",Animalia,SPECIES
160851338,75547,"Raillietina friedbergeri (von Linstow, 1878)",Animalia,SPECIES
7797215,75409,Monactinus simplex (Meyen) Corda,Plantae,SPECIES
160851342,74752,"Echinolepis carioca (Magalhaes, 1898)",Animalia,SPECIES
160851347,75248,"Mosgovoyia ctenoides (Railliet, 1890)",Animalia,SPECIES
160851349,74225,"Andrya cuniculi (Blanchard, 1891)",Animalia,SPECIES
160851352,75586,Riccia fluitans L.,Plantae,SPECIES
160851358,75867,"Trichosomoides crassicauda (Bellingham, 1840)",Animalia,SPECIES
160851359,75147,Lunularia cruciata (L.) Dumort. ex Lindb.,Plantae,SPECIES
160851360,75870,"Trichuris opaca Barker & Noyes, 1915",Animalia,SPECIES
160851361,75869,"Trichuris myocastoris Enigk, 1933",Animalia,SPECIES
160851366,74827,"Eucoleus gastricus (Baylis, 1926)",Animalia,SPECIES
160851368,74239,"Aonchotheca annulosa (Dujardin, 1845)",Animalia,SPECIES
160851371,75355,Orthodontium lineare Schwägr.,Plantae,SPECIES
160851375,75803,"Strongyloides myopotami Artigas & Pacheco, 1933",Animalia,SPECIES
160851377,75804,"Strongyloides ratti Sandground, 1925",Animalia,SPECIES
7708376,74700,Dicranoweisia cirrata (Hedw.) Lindb. ex Milde,Plantae,SPECIES
160851382,74929,"Globodera rostochiensis (Wollenweber, 1923) Skarbilovich, 1959",Animalia,SPECIES
160851385,74698,Dianthus chinensis L.,Plantae,SPECIES
160851387,74435,Campylopus introflexus (Hedw.) Brid.,Plantae,SPECIES
160851388,75824,"Syphacia muris (Yamaguti, 1935)",Animalia,SPECIES
160851391,74331,"Baylisascaris procyonis (Stefanski & Zarnowski, 1951)",Animalia,SPECIES
160851395,74288,"Ascaridia dissimilis Vigueras, 1931",Animalia,SPECIES
160851396,74289,"Ascaridia platyceri Hartwich & Tscherner, 1979",Animalia,SPECIES
160851399,75532,Pteris multifida Poir.,Plantae,SPECIES
12212967,75327,"Oesophagostomum columbianum (Curtice, 1890) Stossich, 1899",Animalia,SPECIES
160851404,75193,Matteuccia struthiopteris (L.) Tod.,Plantae,SPECIES
160851405,74701,"Dictyocaulus filaria (Rudolphi, 1809) Railliet & Henry, 1907",Animalia,SPECIES
160851408,74662,Cystopteris bulbifera (L.) Bernh.,Plantae,SPECIES
160851409,75508,"Protostrongylus rufescens (Leuckart, 1865)",Animalia,SPECIES
160851410,75249,"Muellerius capillaris (Müller, 1889)",Animalia,SPECIES
160851412,75250,"Muellerius tenuispiculatus Gebauer, 1932",Animalia,SPECIES
160851414,75276,"Neostrongylus linearis (Marotel, 1913)",Animalia,SPECIES
160851415,74661,"Cystocaulus ocreatus (Railliet & Henry, 1907)",Animalia,SPECIES
160851416,74323,Azolla filiculoides Lam.,Plantae,SPECIES
160851418,75780,"Spiculopteragia asymmetrica (Ware, 1925)",Animalia,SPECIES
160851420,75358,"Ostertagia mossi Dikmans, 1931",Animalia,SPECIES
160851422,75190,"Marshallagia marshalli (Ransom, 1907)",Animalia,SPECIES
160851423,74587,"Cooperia curticei (Giles, 1892)",Animalia,SPECIES
160851425,74291,"Ashworthius sidemi Schulz, 1933",Animalia,SPECIES
160851426,75898,Tulipa sylvestris L.,Plantae,SPECIES
160851429,75897,Tulipa gesneriana L.,Plantae,SPECIES
160851430,74934,"Gongylonema neoplasticum (Fibiger & Ditlevsen, 1914)",Animalia,SPECIES
160851431,75113,Lilium bulbiferum L.,Plantae,SPECIES
160851433,75114,Lilium candidum L.,Plantae,SPECIES
4346612,74230,"Anguillicola crassus Kuwahara, Niimi & Itagaki, 1974",Animalia,SPECIES
160851435,74824,Erythronium dens-canis L.,Plantae,SPECIES
160851437,74879,Gagea villosa (M.Bieb.) Sweet,Plantae,SPECIES
160851440,74868,Fritillaria meleagris L.,Plantae,SPECIES
160851443,74969,"Hemidactylus turcicus (Linnaeus, 1758)",Animalia,SPECIES
160851446,75644,Sagittaria latifolia Willd.,Plantae,SPECIES
160851448,75838,"Testudo horsfieldii Gray, 1844",Animalia,SPECIES
160851450,75836,"Testudo graeca Linnaeus, 1758",Animalia,SPECIES
160851451,75837,"Testudo hermanni Gmelin, 1789",Animalia,SPECIES
160851452,75472,Pistia stratiotes L.,Plantae,SPECIES
160851454,75084,Lemna turionifera Landolt,Plantae,SPECIES
160851455,74769,"Emys orbicularis (Linnaeus, 1758)",Animalia,SPECIES
160851460,75915,Vallisneria spiralis L.,Plantae,SPECIES
160851461,75868,"Trichosurus vulpecula (Kerr, 1792)",Animalia,SPECIES
5329263,74758,Elodea densa (Planch.) Casp.,Plantae,SPECIES
160851465,74765,Elodea nuttallii (Planch.) H.St.John,Plantae,SPECIES
160851466,75257,"Myocastor coypus (Molina, 1782)",Animalia,SPECIES
160851467,74764,Elodea canadensis Michx.,Plantae,SPECIES
160851470,75331,"Ondatra zibethicus (Linnaeus, 1766)",Animalia,SPECIES
160851474,75492,Pontederia cordata L.,Plantae,SPECIES
5218823,75277,"Mustela vison Schreber, 1777",Animalia,SPECIES
2765942,74759,Pontederia crassipes Mart.,Plantae,SPECIES
160851478,75297,"Nyctereutes procyonoides (Gray, 1834)",Animalia,SPECIES
160851481,74574,Commelina communis L.,Plantae,SPECIES
160851483,75057,"Lama glama guanicoe (Müller, 1776)",Animalia,SUBSPECIES
160851487,75299,"Odocoileus virginianus (Zimmermann, 1780)",Animalia,SPECIES
160851488,74967,Hemerocallis fulva (L.) L.,Plantae,SPECIES
160851489,74676,"Dama dama (Linnaeus, 1758)",Animalia,SPECIES
160851490,74968,Hemerocallis lilioasphodelus L.,Plantae,SPECIES
160851491,74495,"Cervus elaphus canadensis Erxleben, 1777",Animalia,SUBSPECIES
160851492,74497,"Cervus nippon Temminck, 1838",Animalia,SPECIES
160851494,74496,"Cervus elaphus Linnaeus, 1758",Animalia,SPECIES
160851495,74660,Cypripedium reginae Walter,Plantae,SPECIES
160851498,75641,"Rupicapra rupicapra (Linnaeus, 1758)",Animalia,SPECIES
160851499,75749,Sisyrinchium montanum Greene,Plantae,SPECIES
160851500,75359,"Ovis aries Linnaeus, 1758",Animalia,SPECIES
160851501,75034,Iris pallida Lam.,Plantae,SPECIES
6165157,75360,"Ovis aries musimon (Pallas, 1811)",Animalia,SUBSPECIES
160851503,74210,"Ammotragus lervia (Pallas, 1777)",Animalia,SPECIES
160851504,75033,Iris ×germanica L.,Plantae,SPECIES
160851506,74629,Crocus chrysanthus (Herb.) Herb.,Plantae,SPECIES
160851508,74628,Crocosmia ×crocosmiiflora (Lemoine) N.E.Br.,Plantae,SPECIES
160851510,74632,Crocus vernus (L.) Hill,Plantae,SPECIES
160851511,75581,"Rhynchotus rufescens (Temminck, 1815)",Animalia,SPECIES
160851512,74630,Crocus flavus Weston,Plantae,SPECIES
160851514,74631,Crocus sativus L.,Plantae,SPECIES
160851516,74416,"Callonetta leucophrys (Vieillot, 1816)",Animalia,SPECIES
160851518,74147,"Aix sponsa (Linnaeus, 1758)",Animalia,SPECIES
160851519,75686,Scilla siberica Andrews,Plantae,SPECIES
160851521,75685,Scilla sardensis (Whittall ex Barr & Sugden) Speta,Plantae,SPECIES
160851523,75684,Scilla luciliae (Boiss.) Speta,Plantae,SPECIES
160851524,75296,"Numida meleagris (Linnaeus, 1758)",Animalia,SPECIES
160851525,75683,Scilla forbesii (Baker) Speta,Plantae,SPECIES
160851527,74414,"Callipepla californica (Shaw, 1798)",Animalia,SPECIES
160851528,75682,Scilla amoena L.,Plantae,SPECIES
160851530,75487,Polygonatum biflorum (Walter) Elliott,Plantae,SPECIES
160851531,75826,"Syrmaticus reevesii (J.E.Gray, 1829)",Animalia,SPECIES
160851532,75539,Puschkinia scilloides Adams,Plantae,SPECIES
160851533,75407,"Pavo cristatus Linnaeus, 1758",Animalia,SPECIES
160851534,75345,Ornithogalum nutans L.,Plantae,SPECIES
160851535,75144,"Lophura nycthemera (Linnaeus, 1758)",Animalia,SPECIES
160851536,75252,Muscari botryoides (L.) Mill.,Plantae,SPECIES
160851537,75206,"Meleagris gallopavo Linnaeus, 1758",Animalia,SPECIES
160851538,75251,Muscari armeniacum H.J.Veitch,Plantae,SPECIES
160851539,74534,"Chrysolophus pictus (Linnaeus, 1758)",Animalia,SPECIES
160851540,74993,Hosta plantaginea (Lam.) Asch.,Plantae,SPECIES
160851541,74157,"Alectoris graeca (Meisner, 1804)",Animalia,SPECIES
160851542,74997,Hyacinthoides hispanica (Mill.) Rothm.,Plantae,SPECIES
160851543,74158,"Alectoris rufa (Linnaeus, 1758)",Animalia,SPECIES
160851544,74156,"Alectoris chukar (J.E.Gray, 1830)",Animalia,SPECIES
160851545,74996,Hyacinthella leucophaea (K.Koch) Schur,Plantae,SPECIES
160851547,74584,Convallaria majalis L.,Plantae,SPECIES
160851548,74292,Asparagus officinalis L.,Plantae,SPECIES
160851552,75507,"Proterorhinus marmoratus (Pallas, 1814)",Animalia,SPECIES
160851553,75269,Narcissus poeticus L.,Plantae,SPECIES
160851555,75270,Narcissus pseudonarcissus L.,Plantae,SPECIES
160851556,75234,"Micropterus salmoides (Lacepède, 1802)",Animalia,SPECIES
160851557,74166,Allium ramosum L.,Plantae,SPECIES
160851559,74165,Allium paradoxum (M.Bieb.) G.Don,Plantae,SPECIES
160851561,74168,Allium sativum L.,Plantae,SPECIES
160851562,74894,"Gasterosteus aculeatus Linnaeus, 1758",Animalia,SPECIES
160851563,74167,Allium roseum L.,Plantae,SPECIES
160851565,74170,Allium zebdanense Boiss. & Noë,Plantae,SPECIES
160851567,74169,Allium stipitatum Regel,Plantae,SPECIES
160851568,75848,"Thymallus arcticus (Pallas, 1776)",Animalia,SPECIES
160851569,74163,Allium moly L.,Plantae,SPECIES
160851570,75651,"Salmo dentex (Heckel, 1851)",Animalia,SPECIES
160851571,74164,Allium obliquum L.,Plantae,SPECIES
160851572,75653,"Salvelinus fontinalis (Mitchill, 1814)",Animalia,SPECIES
160851573,74161,Allium cristophii Trautv.,Plantae,SPECIES
160851574,75330,"Oncorhynchus mykiss (Walbaum, 1792)",Animalia,SPECIES
160851575,74162,Allium fistulosum L.,Plantae,SPECIES
160851576,74994,"Hucho hucho (Linnaeus, 1758)",Animalia,SPECIES
160851577,74159,Allium atropurpureum Waldst. & Kit.,Plantae,SPECIES
160851578,74590,"Coregonus maraena (Bloch, 1779)",Animalia,SPECIES
160851579,74160,Allium cepa L.,Plantae,SPECIES
160851580,74589,"Coregonus fera Jurine, 1825",Animalia,SPECIES
160851582,74591,"Coregonus peled (Gmelin, 1789)",Animalia,SPECIES
160851584,74592,"Coregonus wartmanni (Bloch, 1784)",Animalia,SPECIES
160851585,75902,Typha laxmannii Lepech.,Plantae,SPECIES
160851589,75019,"Ictiobus cyprinellus (Valenciennes, 1844)",Animalia,SPECIES
160851590,75152,Luzula nivea (Nathh.) DC.,Plantae,SPECIES
160851591,75020,"Ictiobus niger (Rafinesque, 1819)",Animalia,SPECIES
160851592,75043,Juncus tenuis Willd.,Plantae,SPECIES
160851593,75018,"Ictiobus cyprinellus (Valenciennes, 1844)",Animalia,SPECIES
160851596,74658,Cyperus rotundus L.,Plantae,SPECIES
160851597,75572,"Rhodeus amarus (Bloch, 1782)",Animalia,SPECIES
160851598,74657,Cyperus eragrostis Lam.,Plantae,SPECIES
160851599,75527,"Pseudorasbora parva (Temminck & Schlegel, 1846)",Animalia,SPECIES
160851600,74352,Bolboschoenus glaucus (Lam.) S.G.Sm.,Plantae,SPECIES
160851601,75256,"Mylopharyngodon piceus (Richardson, 1846)",Animalia,SPECIES
160851602,75009,"Hypophthalmichthys molitrix (Valenciennes, 1844)",Animalia,SPECIES
160851604,75010,"Hypophthalmichthys nobilis (Richardson, 1845)",Animalia,SPECIES
160851606,74659,"Cyprinus carpio Linnaeus, 1758",Animalia,SPECIES
4142326,75801,Achnatherum calamagrostis (L.) P.Beauv.,Plantae,SPECIES
160851608,74637,"Ctenopharyngodon idella (Valenciennes, 1844)",Animalia,SPECIES
160851609,74530,"Chondrostoma nasus (Linnaeus, 1758)",Animalia,SPECIES
160851611,74446,"Carassius auratus (Linnaeus, 1758)",Animalia,SPECIES
160851612,75715,Setaria pumila (Poir.) Roem. & Schult.,Plantae,SPECIES
160851613,74448,"Carassius langsdorfii Temminck & Schlegel, 1846",Animalia,SPECIES
160851615,74447,"Carassius gibelio (Bloch, 1782)",Animalia,SPECIES
5289684,75719,Setaria viridis (L.) P.Beauv.,Plantae,SPECIES
160851620,75017,"Ictalurus punctatus (Rafinesque, 1818)",Animalia,SPECIES
5289972,74714,Digitaria sanguinalis (L.) Scop.,Plantae,SPECIES
160851622,74202,"Ameiurus nebulosus (Lesueur, 1819)",Animalia,SPECIES
160851627,75489,"Polyodon spathula (Walbaum, 1792)",Animalia,SPECIES
8257546,75105,Diplachne fusca subsp. fascicularis (Lam.) P.M.Peterson & N.Snow,Plantae,SUBSPECIES
160851631,74117,"Acipenser nudiventris Lovetsky, 1828",Animalia,SPECIES
160851632,74116,"Acipenser gueldenstaedtii Brandt & Ratzeburg, 1833",Animalia,SPECIES
4133390,75135,Lolium ×boucheanum Kunth,Plantae,SPECIES
160851634,74118,"Acipenser stellatus Pallas, 1771",Animalia,SPECIES
160851636,74115,"Acipenser baerii Brandt, 1869",Animalia,SPECIES
5671747,75412,Cenchrus alopecuroides (L.) Thunb.,Plantae,SPECIES
160851640,75891,Triticum aestivum L.,Plantae,SPECIES
160851642,75894,Triticum turgidum L.,Plantae,SPECIES
6313049,75893,Triticum turgidum subsp. polonicum (L.) Thell.,Plantae,SUBSPECIES
160851645,75244,"Moina weismanni Ishikawa, 1896",Animalia,SPECIES
8389446,75892,Triticum turgidum subsp. dicoccum (Schrank ex Schübl.) Thell.,Plantae,SUBSPECIES
160851648,75863,Tragus racemosus (L.) All.,Plantae,SPECIES
160851649,74677,"Daphnia ambigua Scourfield, 1947",Animalia,SPECIES
160851650,74678,"Daphnia parvula Fordyce, 1901",Animalia,SPECIES
160851651,75792,Sporobolus elongatus R.Br.,Plantae,SPECIES
4124881,74385,Bromus ×ferronii Mabille,Plantae,SPECIES
160851657,75986,Zea mays L.,Plantae,SPECIES
2702740,75972,Festuca bromoides L.,Plantae,SPECIES
160851660,75216,"Melogona broelemanni (Verhoeff, 1897)",Animalia,SPECIES
4121365,75974,Festuca ligustica (All.) Bertol.,Plantae,SPECIES
4129181,75973,Festuca ambigua Le Gall,Plantae,SPECIES
160851665,74649,"Cylindroiulus caeruleocinctus (Wood, 1864)",Animalia,SPECIES
2702727,75975,Festuca myuros L.,Plantae,SPECIES
160851667,74648,"Cylindroiulus britannicus (Verhoeff, 1891)",Animalia,SPECIES
160851668,75601,Rostraria cristata (L.) Tzvelev,Plantae,SPECIES
160851669,74650,"Cylindroiulus latestriatus (Curtis, 1845)",Animalia,SPECIES
160851670,75775,Sorghum bicolor (L.) Moench,Plantae,SPECIES
160851672,75776,Sorghum halepense (L.) Pers.,Plantae,SPECIES
160851674,75712,Setaria faberi R.A.W.Herrm.,Plantae,SPECIES
160851676,75718,Setaria viridis (L.) P.Beauv.,Plantae,SPECIES
160851677,75505,"Proasellus coxalis (Dollfus, 1892)",Animalia,SPECIES
160851678,75717,Setaria viridis (L.) P.Beauv.,Plantae,SPECIES
160851680,75713,Setaria italica (L.) P.Beauv.,Plantae,SPECIES
5289698,75714,Setaria italica (L.) P.Beauv.,Plantae,SPECIES
160851683,74715,"Dikerogammarus villosus (Sowinsky, 1894)",Animalia,SPECIES
160851684,75716,Setaria verticillata (L.) P.Beauv.,Plantae,SPECIES
160851686,75668,Sasa palmata (Burb.) E.G.Camus,Plantae,SPECIES
160851687,74503,"Chelicorophium curvispinum (G.O.Sars, 1895)",Animalia,SPECIES
160851688,75679,Schismus barbatus (L.) Thell.,Plantae,SPECIES
160851690,75688,Sclerochloa dura (L.) P.Beauv.,Plantae,SPECIES
160851692,75694,Secale cereale L.,Plantae,SPECIES
8909595,75342,"Faxonius limosus (Rafinesque, 1817)",Animalia,SPECIES
160851694,75443,Phleum subulatum (Savi) Asch. & Graebn.,Plantae,SPECIES
160851696,75491,Polypogon monspeliensis (L.) Desf.,Plantae,SPECIES
160851697,74807,"Eriocheir sinensis H.Milne Edwards, 1853",Animalia,SPECIES
160851698,75534,Puccinellia gigantea (Grossh.) Grossh.,Plantae,SPECIES
4108550,75380,Megathyrsus maximus (Jacq.) B.K.Simon & S.W.L.Jacobs,Plantae,SPECIES
160851702,75379,Panicum dichotomiflorum Michx.,Plantae,SPECIES
8946295,74296,"Pontastacus leptodactylus (Eschscholtz, 1823)",Animalia,SPECIES
160851704,75378,Panicum capillare L.,Plantae,SPECIES
160851705,75372,"Pacifastacus leniusculus (Dana, 1852)",Animalia,SPECIES
160851706,75377,Panicum capillare L.,Plantae,SPECIES
160851708,75383,Panicum miliaceum subsp. miliaceum,Plantae,SUBSPECIES
2702602,75384,Dichanthelium oligosanthes (Schult.) Gould,Plantae,SPECIES
160851712,75381,Panicum miliaceum L.,Plantae,SPECIES
160851713,75357,"Ostearius melanopygius (O.Pickard-Cambridge, 1880)",Animalia,SPECIES
160851714,75382,Panicum miliaceum L.,Plantae,SPECIES
160851716,75395,Parapholis strigosa (Dumort.) C.E.Hubb.,Plantae,SPECIES
160851718,75433,Phalaris paradoxa L.,Plantae,SPECIES
160851719,75338,"Opilio saxatilis Koch, 1839",Animalia,SPECIES
160851720,75431,Phalaris coerulescens Desf.,Plantae,SPECIES
160851721,75337,"Opilio parietinus (DeGeer, 1778)",Animalia,SPECIES
160851722,75432,Phalaris minor Retz.,Plantae,SPECIES
160851723,75336,"Opilio canestrinii (Thorell, 1876)",Animalia,SPECIES
160851724,75429,Phalaris brachystachys Link,Plantae,SPECIES
160851726,75430,Phalaris canariensis L.,Plantae,SPECIES
160851728,75428,Phalaris arundinacea L.,Plantae,SPECIES
160851729,75916,"Varroa destructor Anderson & Trueman, 2000",Animalia,SPECIES
160851730,75442,Phleum paniculatum Huds.,Plantae,SPECIES
160851732,75240,Miscanthus sacchariflorus (Maxim.) Benth. & Hook.f. ex Franch.,Plantae,SPECIES
160851733,75346,"Ornithonyssus bacoti (Hirst, 1913)",Animalia,SPECIES
160851734,75241,Miscanthus sinensis Andersson,Plantae,SPECIES
160851735,75137,Lolium remotum Schrank,Plantae,SPECIES
160851737,75136,Lolium multiflorum Lam.,Plantae,SPECIES
160851739,75140,Lolium temulentum L.,Plantae,SPECIES
6887788,75054,"Echinolaelaps echidninus (Berlese, 1887)",Animalia,SPECIES
160851742,75332,"Ondatralaelaps multispinosa (Banks, 1909)",Animalia,SPECIES
160851743,75138,Lolium rigidum Gaudin,Plantae,SPECIES
160851745,75207,Melica altissima L.,Plantae,SPECIES
160851747,75056,Lagurus ovatus L.,Plantae,SPECIES
160851748,75895,"Trixacarus diversus Sellnick, 1944",Animalia,SPECIES
160851749,75112,Leymus arenarius (L.) Hochst.,Plantae,SPECIES
160851750,75104,Leptochloa chinensis (L.) Nees,Plantae,SPECIES
160851752,75106,Leptochloa mucronata (Michx.) Kunth,Plantae,SPECIES
2181886,75529,"Psoroptes ovis (Viborg, 1813)",Animalia,SPECIES
160851754,75107,Leptochloa panicea subsp. brachiata (Steud.) N.Snow,Plantae,SUBSPECIES
160851756,74931,Glyceria striata (Lam.) Hitchc.,Plantae,SPECIES
160851758,74992,Hordeum vulgare L.,Plantae,SPECIES
160851761,74991,Hordeum secalinum Schreb.,Plantae,SPECIES
2181983,75127,"Leporacarus gibbus (Pagenstecher, 1861)",Animalia,SPECIES
160851763,74990,Hordeum murinum subsp. murinum,Plantae,SUBSPECIES
160851765,75006,Hyparrhenia hirta (L.) Stapf,Plantae,SPECIES
160851767,74987,Hordeum distichon L.,Plantae,SPECIES
160851768,75125,"Listrophorus dozieri Radford, 1944",Animalia,SPECIES
160851769,74988,Hordeum jubatum L.,Plantae,SPECIES
160851770,75124,"Listrophorus americanus Radford, 1944",Animalia,SPECIES
160851772,74989,Hordeum marinum Huds.,Plantae,SPECIES
160851774,74896,Gaudinia fragilis (L.) P.Beauv.,Plantae,SPECIES
160851775,74774,"Epidermoptes bilobatus Rivolta, 1876",Animalia,SPECIES
160851776,74895,Gastridium ventricosum (Gouan) Schinz & Thell.,Plantae,SPECIES
160851778,74744,Ecballium elaterium (L.) A.Rich.,Plantae,SPECIES
160851780,74745,Echinochloa colonum (L.) Link,Plantae,SPECIES
160851782,74746,Echinochloa crus-galli (L.) P.Beauv.,Plantae,SPECIES
9787222,74111,"Eriophyes loewi (Nalepa, 1890)",Animalia,SPECIES
6313089,74747,Echinochloa crus-galli subsp. utilis (Ohwi & Yabuno) T.Koyama,Plantae,SUBSPECIES
160851785,74809,"Eriophyes canestrinii (Nalepa, 1891)",Animalia,SPECIES
160851786,74748,Echinochloa frumentacea Link,Plantae,SPECIES
160851787,74125,"Aculus hippocastani (Fockeu, 1890)",Animalia,SPECIES
160851788,74749,Echinochloa muricata (P.Beauv.) Fernald,Plantae,SPECIES
160851789,74124,"Aculops allotrichus (Nalepa, 1894)",Animalia,SPECIES
160851791,74110,"Aceria erinea (Nalepa, 1891)",Animalia,SPECIES
160851792,74711,Digitaria ischaemum (Schreb.) Muhl.,Plantae,SPECIES
160851793,74112,"Aceria tristriata (Nalepa, 1890)",Animalia,SPECIES
160851794,74710,Digitaria ciliaris (Retz.) Koeler,Plantae,SPECIES
160851796,74709,Digitalis purpurea L.,Plantae,SPECIES
160851799,74791,Eragrostis mexicana (Hornem.) Link,Plantae,SPECIES
160851800,75858,"Trachyopella straminea Roháček & Marshall, 1985",Animalia,SPECIES
160851801,74792,Eragrostis minor Host,Plantae,SPECIES
160851803,74793,Eragrostis multicaulis Steud.,Plantae,SPECIES
160851804,75410,"Pelomyia occidentalis Williston, 1893",Animalia,SPECIES
160851805,74794,Eragrostis pectinacea (Michx.) Nees,Plantae,SPECIES
160851807,74795,Eragrostis pilosa (L.) P.Beauv.,Plantae,SPECIES
160851808,75328,"Oestrus ovis Linnaeus, 1758",Animalia,SPECIES
2705400,74789,Eragrostis pilosa (L.) P.Beauv.,Plantae,SPECIES
160851811,74796,Eragrostis tef (Zuccagni) Trotter,Plantae,SPECIES
160851812,75217,"Melophagus ovinus (Linnaeus, 1758)",Animalia,SPECIES
160851813,74790,Eragrostis cilianensis (All.) Vignolo ex Janch.,Plantae,SPECIES
160851815,74768,Elymus canadensis L.,Plantae,SPECIES
160851817,74135,Aegilops cylindrica Host,Plantae,SPECIES
160851818,75253,"Muscina angustifrons (Loew, 1858)",Animalia,SPECIES
160851819,74136,Aegilops geniculata Roth,Plantae,SPECIES
160851820,74999,"Hydrotaea aenescens (Wiedemann, 1830)",Animalia,SPECIES
160851821,74142,Agropyron cristatum (L.) Gaertn.,Plantae,SPECIES
160851823,74144,Agrostis gigantea Roth,Plantae,SPECIES
160851824,74829,"Eumerus funeralis Meigen, 1822",Animalia,SPECIES
160851825,74145,Agrostis scabra Willd.,Plantae,SPECIES
160851827,74172,Alopecurus myosuroides Huds.,Plantae,SPECIES
160851828,74691,"Desmometopa microps Lamb, 1914",Animalia,SPECIES
160851829,74240,Apera spica-venti (L.) P.Beauv.,Plantae,SPECIES
160851831,74233,Anthoxanthum aristatum Boiss.,Plantae,SPECIES
160851832,75245,"Monarthropalpus flavus (Schrank, 1776)",Animalia,SPECIES
160851833,74274,Arrhenatherum elatius (L.) P.Beauv. ex J.Presl & C.Presl,Plantae,SPECIES
9341614,75039,"Cupressatia siskiyou (Felt, 1917)",Animalia,SPECIES
160851835,74332,Beckmannia eruciformis var. eruciformis,Plantae,VARIETY
160851836,74680,"Dasineura gleditchiae (Osten Sacken, 1866)",Animalia,SPECIES
160851837,74333,Beckmannia syzigachne (Steud.) Fernald,Plantae,SPECIES
160851838,74321,Avena strigosa Schreb.,Plantae,SPECIES
160851839,74583,"Contarinia quinquenotata (Löw, 1888)",Animalia,SPECIES
160851840,74320,Avena sterilis L.,Plantae,SPECIES
160851841,74582,"Contarinia pisi (Winnertz, 1854)",Animalia,SPECIES
160851842,74317,Avena fatua L.,Plantae,SPECIES
160851844,74316,Avena barbata Pott ex Link,Plantae,SPECIES
160851845,74733,"Drosophila busckii Coquillett, 1901",Animalia,SPECIES
160851846,74319,Avena sativa L.,Plantae,SPECIES
160851847,74735,"Drosophila immigrans Sturtevant, 1921",Animalia,SPECIES
160851848,74318,Avena nuda L.,Plantae,SPECIES
160851849,74734,"Drosophila hydei Sturtevant, 1921",Animalia,SPECIES
160851850,74376,Bromus catharticus Vahl,Plantae,SPECIES
160851851,74737,"Drosophila simulans Sturtevant, 1919",Animalia,SPECIES
160851852,74377,Bromus commutatus Schrad.,Plantae,SPECIES
160851853,74736,"Drosophila repleta Wollaston, 1858",Animalia,SPECIES
160851854,74374,Bromus briziformis Fisch. & C.A.Mey.,Plantae,SPECIES
160851855,74535,"Chymomyza amoena (Loew, 1862)",Animalia,SPECIES
160851856,74375,Bromus carinatus Hook. & Arn.,Plantae,SPECIES
160851858,74380,Bromus hordeaceus subsp. hordeaceus,Plantae,SUBSPECIES
160851860,74381,Bromus japonicus Houtt.,Plantae,SPECIES
160851861,75108,"Leptopsylla segnis (Schönherr, 1811)",Animalia,SPECIES
160851862,74378,Bromus grossus Desf. ex DC.,Plantae,SPECIES
160851864,74379,Bromus hordeaceus L.,Plantae,SPECIES
160851865,75781,"Spilopsyllus cuniculi (Dale, 1878)",Animalia,SPECIES
160851866,74384,Bromus madritensis L.,Plantae,SPECIES
160851867,74636,"Ctenocephalides felis (Bouché, 1835)",Animalia,SPECIES
160851868,74382,Bromus lanceolatus Roth,Plantae,SPECIES
160851870,74383,Bromus lepidus Holmb.,Plantae,SPECIES
160851871,75295,"Nosopsyllus fasciatus (Bosc, 1800)",Animalia,SPECIES
160851872,74388,Bromus rubens L.,Plantae,SPECIES
160851873,74493,"Ceratophyllus columbae (Gervais, 1844)",Animalia,SPECIES
160851874,74389,Bromus scoparius L.,Plantae,SPECIES
160851876,74386,Bromus rigidus Roth,Plantae,SPECIES
160851878,74387,Bromus riparius Rehmann,Plantae,SPECIES
160851879,75263,"Myrsidea quadrifasciata (Piaget, 1880)",Animalia,SPECIES
160851880,74392,Bromus tectorum L.,Plantae,SPECIES
160851881,75218,"Menacanthus phasiani (Modrzejewska & Zlotorzycka, 1977)",Animalia,SPECIES
160851882,74391,Bromus sterilis L.,Plantae,SPECIES
160851884,74390,Bromus secalinus L.,Plantae,SPECIES
160851885,75121,"Linognathus stenopsis (Burmeister, 1838)",Animalia,SPECIES
160851886,74358,Brachypodium pinnatum (L.) P.Beauv.,Plantae,SPECIES
160851888,74371,Briza maxima L.,Plantae,SPECIES
160851889,75490,"Polyplax spinulosa (Burmeister, 1839)",Animalia,SPECIES
160851890,74373,Bromus arvensis L.,Plantae,SPECIES
160851891,74949,"Haemodipsus ventricosus (Denny, 1842)",Animalia,SPECIES
160851892,74372,Briza minor L.,Plantae,SPECIES
160851894,74471,Cenchrus echinatus L.,Plantae,SPECIES
160851895,75055,"Lagopoecus colchicus Emerson, 1949",Animalia,SPECIES
160851896,74464,Catapodium rigidum (L.) C.E.Hubb.,Plantae,SPECIES
160851897,75123,"Lipeurus maculosus Clay, 1938",Animalia,SPECIES
160851898,74528,Chloris virgata Sw.,Plantae,SPECIES
160851899,74935,"Goniodes colchici Denny, 1842",Animalia,SPECIES
160851900,74527,Chloris truncata R.Br.,Plantae,SPECIES
160851901,74505,"Chelopistes meleagridis (Linnaeus, 1758)",Animalia,SPECIES
160851902,74682,Dasypyrum villosum (L.) Borbás,Plantae,SPECIES
160851904,74666,Dactyloctenium aegyptium (L.) Willd.,Plantae,SPECIES
160851905,74356,"Bovicola ovis (Schrank, 1781)",Animalia,SPECIES
160851906,74656,Cynosurus echinatus L.,Plantae,SPECIES
160851907,74355,"Bovicola caprae (Gurlt, 1843)",Animalia,SPECIES
160851908,74655,Cynodon dactylon (L.) Pers.,Plantae,SPECIES
160851910,74763,Eleusine indica (L.) Gaertn.,Plantae,SPECIES
160851915,75008,"Hyphantria cunea (Drury, 1773)",Animalia,SPECIES
160851916,74121,Acorus calamus L.,Plantae,SPECIES
160851919,74841,"Eupithecia pulchellata Stephens, 1831",Animalia,SPECIES
1884132,74766,"Nymphula manilensis Hampson, 1917",Animalia,SPECIES
160851925,75847,Thuja occidentalis L.,Plantae,SPECIES
160851926,74569,"Coleophora spiraeella Rebel, 1916",Animalia,SPECIES
160851927,75481,Platycladus orientalis (L.) Franco,Plantae,SPECIES
160851929,74501,Chamaecyparis lawsoniana (A.Murray bis) Parl.,Plantae,SPECIES
8741260,75451,"Macrosaccus robiniella (Clemens, 1859)",Animalia,SPECIES
160851932,75448,"Phyllonorycter issikii (Kumata, 1963)",Animalia,SPECIES
160851933,75469,Pinus nigra J.F.Arnold,Plantae,SPECIES
160851934,75449,"Phyllonorycter leucographella (Zeller, 1850)",Animalia,SPECIES
160851935,75471,Pinus strobus L.,Plantae,SPECIES
160851936,75450,"Phyllonorycter platani (Staudinger, 1870)",Animalia,SPECIES
160851937,75396,"Parectopa robiniella Clemens, 1863",Animalia,SPECIES
160851938,75470,Pinus nigra subsp. nigra,Plantae,SUBSPECIES
160851939,74418,"Caloptilia roscipennella (Hübner, 1796)",Animalia,SPECIES
160851940,75528,Pseudotsuga menziesii (Mirb.) Franco,Plantae,SPECIES
160851941,74428,"Cameraria ohridella Deschka & Dimić, 1986",Animalia,SPECIES
160851942,74100,Abies grandis (Douglas ex D.Don) Lindl.,Plantae,SPECIES
160851944,74101,Abies nordmanniana (Steven) Spach,Plantae,SPECIES
160851945,74267,"Argyresthia thuiella Packard, 1871",Animalia,SPECIES
160851951,75273,"Nematus tibialis Newman, 1837",Animalia,SPECIES
160851952,75864,Tribulus terrestris L.,Plantae,SPECIES
160851955,75335,"Ooencyrtus kuvanae (Howard, 1910)",Animalia,SPECIES
7300214,75480,Platanus hispanica Ten.,Plantae,SPECIES
160851959,75203,"Megastigmus spermotrophus Wachtl, 1893",Animalia,SPECIES
160851963,75232,"Mesopolobus spermotrophus Hussey, 1960",Animalia,SPECIES
160851964,75361,Oxalis corniculata L.,Plantae,SPECIES
160851966,75367,Oxalis stricta L.,Plantae,SPECIES
160851967,75011,"Hypoponera punctatissima (Roger, 1859)",Animalia,SPECIES
2891739,75362,Oxalis corniculata var. atropurpurea Planch.,Plantae,VARIETY
160851970,75363,Oxalis debilis Kunth,Plantae,SPECIES
160851971,74770,"Encarsia formosa Gahan, 1924",Animalia,SPECIES
160851972,75364,Oxalis dillenii Jacq.,Plantae,SPECIES
160851973,74771,"Encarsia perniciosi (Tower, 1913)",Animalia,SPECIES
160851974,75365,Oxalis latifolia Kunth,Plantae,SPECIES
160851975,74241,"Aphelinus mali (Haldeman, 1851)",Animalia,SPECIES
160851977,75366,Oxalis pes-caprae L.,Plantae,SPECIES
1269247,74243,"Aphidius colemani Viereck, 1912",Animalia,SPECIES
160851982,75158,"Lysiphlebus testaceipes (Cresson, 1880)",Animalia,SPECIES
160851983,75968,Vitis riparia Michx.,Plantae,SPECIES
160851984,74242,"Aphidius smithi Sharma & Subba Rao, 1959",Animalia,SPECIES
160851987,75969,Vitis vinifera L.,Plantae,SPECIES
160851989,75971,Vitis vulpina L.,Plantae,SPECIES
160851990,75846,"Thrips simplex (Morison, 1930)",Animalia,SPECIES
160851991,75401,Parthenocissus quinquefolia (L.) Planch.,Plantae,SPECIES
160851992,75371,"Oxythrips priesneri Pelikan, 1957",Animalia,SPECIES
160851994,74703,"Dictyothrips betae Uzel, 1895",Animalia,SPECIES
4424736,75275,"Neoheegeria dalmatica Schmutz, 1909",Animalia,SPECIES
5665284,75956,Viola ×basilensis W.Becker,Plantae,SPECIES
160852001,74985,"Hoplandrothrips hungaricus Priesner, 1961",Animalia,SPECIES
160852003,74986,"Hoplothrips lichenis Knechtel, 1954",Animalia,SPECIES
160852004,75957,Viola ×porphyrea R.Uechtr.,Plantae,SPECIES
160852005,74252,"Apterygothrips pinicolus Pelikan & Schliephake, 1994",Animalia,SPECIES
160852009,75949,Viola ×poelliana Murr,Plantae,SPECIES
160852010,75800,"Stictocephala bisonia Kopp & Yonke, 1977",Animalia,SPECIES
160852011,75951,Viola cornuta L.,Plantae,SPECIES
160852013,75953,Viola ×haynaldii Wiesb.,Plantae,SPECIES
160852014,75521,"Pseudococcus viburni (Signoret, 1875)",Animalia,SPECIES
160852015,75954,Viola ×hungarica Degen & Sabr.,Plantae,SPECIES
160852017,75955,Viola odorata L.,Plantae,SPECIES
160852018,75368,"Oxycarenus lavaterae (Fabricius, 1787)",Animalia,SPECIES
160852019,75958,Viola ×scabra Braun,Plantae,SPECIES
160852022,75402,"Parthenolecanium fletcheri (Cockerell, 1893)",Animalia,SPECIES
160852023,75960,Viola suavis M.Bieb.,Plantae,SPECIES
160852025,75961,Viola suavis subsp. suavis,Plantae,SUBSPECIES
160852026,75016,"Icerya purchasi Maskell, 1879",Animalia,SPECIES
160852027,75962,Viola tricolor L.,Plantae,SPECIES
5833306,75952,Viola tricolor subsp. curtisii (E.Forst.) Syme,Plantae,SUBSPECIES
160852030,74808,"Eriococcus buxi (Boyer de Fonscolombe, 1834)",Animalia,SPECIES
160852031,75963,Viola tricolor subsp. tricolor,Plantae,SUBSPECIES
160852033,75964,Viola ×vindobonensis Wiesb.,Plantae,SPECIES
8176318,75965,Viola wittrockiana Gams ex Nauenb. & Buttler,Plantae,SPECIES
8176318,75966,Viola wittrockiana Gams ex Nauenb. & Buttler,Plantae,SPECIES
160852038,75339,"Opsius stactogalus Fieber, 1866",Animalia,SPECIES
12317455,75950,Viola ×sourekii F.Proch.,Plantae,SPECIES
160852040,75162,"Macropsis elaeagni Emeljanov, 1964",Animalia,SPECIES
160852042,75040,"Japananus hyalinus (Osborn, 1900)",Animalia,SPECIES
160852043,75646,Salix cordata Michx.,Plantae,SPECIES
160852044,74936,"Graphocephala fennahi Young, 1977",Animalia,SPECIES
160852045,75645,Salix arbusculoides Andersson,Plantae,SPECIES
160852046,74772,"Endria nebulosa (Ball, 1900)",Animalia,SPECIES
160852047,75648,Salix melanopsis Nutt.,Plantae,SPECIES
160852049,75647,Salix daphnoides Vill.,Plantae,SPECIES
160852050,74675,"Daktulosphaira vitifoliae (Fitch, 1855)",Animalia,SPECIES
160852051,75650,Salix ×sepulcralis Simonk.,Plantae,SPECIES
2049512,75967,"Daktulosphaira vitifoliae (Fitch, 1855)",Animalia,SPECIES
160852053,75649,Salix ×sepulcralis Simonk.,Plantae,SPECIES
160852055,75495,Populus ×canadensis Moench,Plantae,SPECIES
160852056,75899,"Tuponia elegans (Jakovlev, 1867)",Animalia,SPECIES
160852057,75494,Populus ×canadensis Moench,Plantae,SPECIES
160852058,75493,Populus balsamifera L.,Plantae,SPECIES
160852059,75900,"Tuponia hippophaes (Fieber, 1861)",Animalia,SPECIES
160852061,75161,"Macrolophus glaucescens Fieber, 1858",Animalia,SPECIES
160852062,75122,Linum usitatissimum L.,Plantae,SPECIES
160852063,74689,"Deraeocoris flavilinea (A.Costa, 1862)",Animalia,SPECIES
160852066,75007,Hypericum annulatum Moris,Plantae,SPECIES
8382786,74694,"Massilieurodes chittendeni (Laing, 1928)",Animalia,SPECIES
160852070,75587,Ricinus communis L.,Plantae,SPECIES
160852072,75230,Mercurialis annua L.,Plantae,SPECIES
160852073,74699,"Diaspidiotus perniciosus (Comstock, 1881)",Animalia,SPECIES
160852074,74840,Euphorbia taurinensis All.,Plantae,SPECIES
2086988,75544,"Diaspidiotus perniciosus (Comstock, 1881)",Animalia,SPECIES
160852076,74836,Euphorbia maculata L.,Plantae,SPECIES
160852078,74837,Euphorbia marginata Pursh,Plantae,SPECIES
160852079,75799,"Stephanitis takeyai Drake & Maa, 1955",Animalia,SPECIES
160852080,74838,Euphorbia myrsinites L.,Plantae,SPECIES
160852081,74702,"Dictyonota fuliginosa Costa, 1855",Animalia,SPECIES
160852082,74839,Euphorbia peplus L.,Plantae,SPECIES
160852083,74762,"Elasmotropis testacea (Herrich-Schaeffer, 1830)",Animalia,SPECIES
160852084,74832,Euphorbia falcata L.,Plantae,SPECIES
160852085,74601,"Corythucha ciliata (Say, 1832)",Animalia,SPECIES
160852086,74833,Euphorbia helioscopia L.,Plantae,SPECIES
160852088,74834,Euphorbia humifusa Willd.,Plantae,SPECIES
160852089,74835,Euphorbia lathyris L.,Plantae,SPECIES
160852090,74417,"Calophya rhois (Löw, 1877)",Animalia,SPECIES
160852091,74830,Euphorbia chamaesyce L.,Plantae,SPECIES
160852093,74831,Euphorbia exigua L.,Plantae,SPECIES
160852094,75530,"Psylla buxi (Linnaeus, 1758)",Animalia,SPECIES
160852096,75132,"Livilla variegata (Löw, 1881)",Animalia,SPECIES
160852098,74407,"Cacopsylla hippophaes (Foerster, 1848)",Animalia,SPECIES
160852100,74408,"Cacopsylla zetterstedti (Thomson, 1877)",Animalia,SPECIES
160852101,74287,"Arytaina genistae (Latreille, 1804)",Animalia,SPECIES
2891488,74906,Geranium molle L.,Plantae,SPECIES
160852104,74913,Geranium versicolor L.,Plantae,SPECIES
160852105,74273,"Arocatus longiceps Stal, 1872",Animalia,SPECIES
160852106,74912,Geranium sibiricum L.,Plantae,SPECIES
160852108,74909,Geranium pyrenaicum Burm.f.,Plantae,SPECIES
160852109,74908,Geranium pusillum L.,Plantae,SPECIES
160852110,75156,"Lyctocoris campestris (Fabricius, 1794)",Animalia,SPECIES
160852111,74911,Geranium rotundifolium L.,Plantae,SPECIES
160852112,74212,"Amphiareus obscuriceps (Poppius, 1909)",Animalia,SPECIES
160852113,74910,Geranium reflexum L.,Plantae,SPECIES
160852115,74815,Erodium neuradifolium Delile ex Godr.,Plantae,SPECIES
2891627,74813,"Erodium gruinum (Soland.), 1789",Plantae,SPECIES
2049726,74529,"Adelges viridulus (Cholodkovsky, 1911)",Animalia,SPECIES
160852120,74811,Erodium botrys (Cav.) Bertol.,Plantae,SPECIES
9580340,74812,Erodium cicutarium L,Plantae,SPECIES
2049645,74732,"Adelges prelli (Grosmann, 1935)",Animalia,SPECIES
160852124,74903,Geranium dissectum L.,Plantae,SPECIES
160852126,74902,Geranium columbinum L.,Plantae,SPECIES
2049607,74773,"Pineus strobi (Hartig, 1839)",Animalia,SPECIES
160852128,74905,Geranium macrorrhizum L.,Plantae,SPECIES
160852129,74904,Geranium ibericum Cav.,Plantae,SPECIES
160852131,74907,Geranium purpureum Vill.,Plantae,SPECIES
2049672,74247,"Adelges pectinatae (Cholodkovsky, 1888)",Animalia,SPECIES
160852134,75466,"Pineus orientalis (Dreyfus, 1888)",Animalia,SPECIES
160852136,74129,"Adelges nordmannianae (Eckstein, 1890)",Animalia,SPECIES
2049747,74731,"Adelges nordmannianae (Eckstein, 1890)",Animalia,SPECIES
160852138,75439,Philadelphus coronarius L.,Plantae,SPECIES
160852139,74128,"Adelges cooleyi (Gillette, 1907)",Animalia,SPECIES
160852140,74690,Descurainia sophia (L.) Webb ex Prantl,Plantae,SPECIES
2049732,74919,"Adelges cooleyi (Gillette, 1907)",Animalia,SPECIES
160852144,74596,Cornus sericea L.,Plantae,SPECIES
160852145,75866,"Trichosiphonaphis polygonifoliae (Shinji, 1944)",Animalia,SPECIES
160852147,75852,"Tinocallis nevskyi Remaudière, Quednau & Heie, 1988",Animalia,SPECIES
160852149,75843,"Therioaphis tenera (Aizenberg, 1956)",Animalia,SPECIES
160852151,75906,"Uroleucon telekiae (Holman, 1965)",Animalia,SPECIES
160852153,75905,"Uroleucon erigeronense (Thomas, 1878)",Animalia,SPECIES
160852155,75578,"Rhopalosiphum rufulum Richards, 1960",Animalia,SPECIES
160852156,75577,"Rhopalosiphum maidis (Fitch, 1856)",Animalia,SPECIES
160852157,75159,Lythrum junceum Banks & Sol.,Plantae,SPECIES
160852158,75576,"Rhopalomyzus poae (Gillette, 1908)",Animalia,SPECIES
160852160,75573,"Rhodobium porosum (Sanderson, 1900)",Animalia,SPECIES
160852162,75376,"Panaphis juglandis (Goeze, 1778)",Animalia,SPECIES
160852163,75264,"Myzocallis walshii (Monell, 1879)",Animalia,SPECIES
3666422,74502,Chamaenerion dodonaei (Vill.) Schur ex Fuss.,Plantae,SPECIES
160852165,75265,"Myzus cymbalariae Stroyan, 1954",Animalia,SPECIES
160852166,75319,Oenothera ×punctulata Rostanski & Gutte,Plantae,SPECIES
2076211,75681,"Myzus cymbalariae Stroyan, 1954",Animalia,SPECIES
160852168,75318,Oenothera ×punctulata Rostanski & Gutte,Plantae,SPECIES
160852169,75266,"Myzus ornatus Laing, 1932",Animalia,SPECIES
160852170,75317,Oenothera parviflora L.,Plantae,SPECIES
160852171,75267,"Myzus persicae (Sulzer, 1776)",Animalia,SPECIES
160852172,75316,Oenothera oakesiana (A.Gray) J.W.Robbins ex S.Watson,Plantae,SPECIES
160852173,75268,"Myzus varians Davidson, 1912",Animalia,SPECIES
160852174,75315,Oenothera ×moravica V.Jehlík & Rostanski,Plantae,SPECIES
160852175,75164,"Macrosiphum albifrons Essig, 1911",Animalia,SPECIES
160852177,75314,Oenothera macrocarpa Nutt.,Plantae,SPECIES
160852178,75166,"Macrosiphum euphorbiae (Thomas, 1878)",Animalia,SPECIES
160852179,75313,Oenothera ×issleri Renner ex Rostanski,Plantae,SPECIES
160852180,75165,"Macrosiphum albifrons Essig, 1911",Animalia,SPECIES
160852181,75312,Oenothera ×hoelscheri Renner ex Rostanski,Plantae,SPECIES
160852182,75168,"Macrosiphum ptericolens Patch, 1919",Animalia,SPECIES
160852183,75311,Oenothera glazioviana Micheli,Plantae,SPECIES
160852184,75167,"Macrosiphum euphorbiae (Thomas, 1878)",Animalia,SPECIES
160852185,75310,Oenothera fruticosa L.,Plantae,SPECIES
160852186,75028,"Impatientinum asiaticum Nevsky, 1929",Animalia,SPECIES
160852187,75309,Oenothera flava (A.Nelson) Garrett,Plantae,SPECIES
160852188,75021,"Illinoia azaleae (Mason, 1925)",Animalia,SPECIES
160852189,75308,Oenothera ×fallax Renner,Plantae,SPECIES
160852190,75022,"Illinoia lambersi (MacGillivray, 1960)",Animalia,SPECIES
160852191,75307,Oenothera ×fallax Renner,Plantae,SPECIES
160852192,74998,"Hyadaphis tataricae (Aizenberg, 1935)",Animalia,SPECIES
160852193,75306,Oenothera ×coronifera Renner,Plantae,SPECIES
160852194,74810,"Eriosoma lanigerum (Hausmann, 1802)",Animalia,SPECIES
160852195,74799,"Ericaphis wakibae (Hottes, 1934)",Animalia,SPECIES
160852196,75305,Oenothera ×braunii Döll,Plantae,SPECIES
160852197,74572,"Coloradoa abrotani (Koch, 1854)",Animalia,SPECIES
160852198,75304,Oenothera biennis L.,Plantae,SPECIES
160852199,74539,"Cinara cupressi (Buckton, 1881)",Animalia,SPECIES
160852200,75302,Oenothera ×albipercurva Renner ex Hudziok,Plantae,SPECIES
160852201,74541,"Cinara tujafilina (Del Guercio, 1909)",Animalia,SPECIES
160852202,75303,Oenothera ×ammophila Focke,Plantae,SPECIES
160852204,75300,Oenothera ×acutifolia Rostanski,Plantae,SPECIES
160852205,74532,"Chromaphis juglandicola (Kaltenbach, 1843)",Animalia,SPECIES
9806721,74440,"Capitophorus hippophaes (Walker, 1852)",Animalia,SPECIES
160852207,75301,Oenothera ×acutifolia Rostanski,Plantae,SPECIES
2076336,74439,"Capitophorus elaeagni (Del Guercio, 1894)",Animalia,SPECIES
2076371,74442,"Capitophorus similis van der Goot, 1915",Animalia,SPECIES
160852212,75326,Oenothera ×wienii Renner ex Rostanski,Plantae,SPECIES
2076356,74441,"Capitophorus pakansus Hottes & Frison, 1931",Animalia,SPECIES
160852214,75320,Oenothera ×rubricaulis Kleb.,Plantae,SPECIES
160852215,74360,"Brachyunguis tamaricophilus (Nevsky, 1928)",Animalia,SPECIES
160852216,74359,"Brachyunguis tamaricis (Lichtenstein, 1886)",Animalia,SPECIES
160852217,75321,Oenothera stricta Link,Plantae,SPECIES
160852218,74357,"Brachycaudus spiraeae Börner, 1932",Animalia,SPECIES
8994150,75322,Oenothera parviflora L.,Plantae,SPECIES
160852220,74246,"Aphis spiraephaga F.P.Muller, 1961",Animalia,SPECIES
3188924,75323,Oenothera biennis L.,Plantae,SPECIES
160852222,74245,"Aphis oenotherae Oestlund, 1887",Animalia,SPECIES
160852223,74777,Epilobium ×fossicola Smejkal,Plantae,SPECIES
160852224,74244,"Aphis forbesi Weed, 1889",Animalia,SPECIES
160852225,74776,Epilobium ×floridulum Smejkal,Plantae,SPECIES
160852226,74251,"Appendiseta robiniae (Gillette, 1907)",Animalia,SPECIES
160852227,74779,Epilobium ×interjectum Smejkal,Plantae,SPECIES
160852228,74127,"Acyrthosiphon ignotum Mordvilko, 1914",Animalia,SPECIES
160852229,74778,Epilobium ×iglaviense Smejkal,Plantae,SPECIES
160852230,74126,"Acyrthosiphon caraganae (Cholodkovsky, 1908)",Animalia,SPECIES
160852233,74780,Epilobium ×josefi-holubii Krahulec,Plantae,SPECIES
160852235,74783,Epilobium ×novae-civitatis Smejkal,Plantae,SPECIES
160852236,75835,"Tenebroides mauritanicus (Linnaeus, 1758)",Animalia,SPECIES
160852237,74782,Epilobium ×mentiens Smejkal,Plantae,SPECIES
160852239,74785,Epilobium ×prochazkae Krahulec,Plantae,SPECIES
160852240,75833,"Tarsostenus univittatus Rossi, 1790",Animalia,SPECIES
160852241,74784,Epilobium ×nutantiflorum Smejkal,Plantae,SPECIES
160852243,74786,Epilobium ×vicinum Smejkal,Plantae,SPECIES
160852244,75985,"Xylographus bostrychoides (Dufour, 1843)",Animalia,SPECIES
160852245,74775,Epilobium ciliatum Raf.,Plantae,SPECIES
160852247,74552,Clarkia unguiculata Lindl.,Plantae,SPECIES
160852249,74551,Clarkia pulchella Pursh,Plantae,SPECIES
160852250,75474,"Pityogenes bistridentatus Wood & Bright, 1992",Animalia,SPECIES
160852254,75356,"Orthotomicus robustus Bright & Skidmore, 1997",Animalia,SPECIES
160852255,75932,Viburnum rhytidophyllum Hemsl. ex Forbes & Hemsl.,Plantae,SPECIES
5019978,75983,"Xyleborus attenuatus Blandford, 1894",Animalia,SPECIES
1178981,75982,"Xyleborinus attenuatus Wood & Bright, 1992",Animalia,SPECIES
160852258,75661,Sambucus ebulus L.,Plantae,SPECIES
160852259,75984,"Xyleborus alni Niisima, 1909",Animalia,SPECIES
160852261,75444,"Phloeotribus caucasicus Reitter, 1891",Animalia,SPECIES
160852262,75807,Symphoricarpos orbiculatus Moench,Plantae,SPECIES
160852265,75533,"Pterostichus caspius (Ménétriés, 1832)",Animalia,SPECIES
160852266,75911,Valerianella dentata (L.) Pollich,Plantae,SPECIES
160852267,75242,"Miscodera arctica (Paykull, 1798)",Animalia,SPECIES
2888789,75913,Valerianella dentata (L.) Pollich,Plantae,SPECIES
7298847,75912,Valerianella dentata var. dentata,Plantae,VARIETY
160852271,75271,"Nathrius brevipennis (Mulsant, 1839)",Animalia,SPECIES
160852272,75914,Valerianella rimosa Bastard,Plantae,SPECIES
160852274,75142,Lonicera periclymenum L.,Plantae,SPECIES
1042457,75865,"Trichiusa robustula Casey, 1893",Animalia,SPECIES
160852276,75143,Lonicera tatarica L.,Plantae,SPECIES
160852277,75370,"Oxytelus migrator Fauvel, 1904",Animalia,SPECIES
160852278,75141,Lonicera caprifolium L.,Plantae,SPECIES
160852279,75441,"Philonthus spinipes Sharp, 1874",Animalia,SPECIES
160852280,74718,Diplotaxis tenuifolia (L.) DC.,Plantae,SPECIES
160852281,75440,"Philonthus rectangulus Sharp, 1874",Animalia,SPECIES
160852282,74719,Dipsacus sativus (L.) Honck.,Plantae,SPECIES
160852283,75130,"Lithocharis nigriceps Kraatz, 1859",Animalia,SPECIES
4280621,74704,Trichostomopsis australasiae (Hook. & Grev.) H.Rob.,Plantae,SPECIES
160852286,74487,Centranthus ruber (L.) DC.,Plantae,SPECIES
160852287,75129,"Litargus balteatus LeConte, 1856",Animalia,SPECIES
160852288,74488,Cephalaria gigantea (Ledeb.) Bobrov,Plantae,SPECIES
160852290,74489,Cephalaria syriaca (L.) Schrad.,Plantae,SPECIES
160852291,74950,"Harmonia axyridis (Pallas, 1773)",Animalia,SPECIES
160852295,74635,"Cryptopleurum subtile Sharp, 1884",Animalia,SPECIES
9537212,75454,Alkekengi officinarum var. franchetii (Mast.) R.J.Wang,Plantae,VARIETY
160852300,74927,"Glischrochilus quadrisignatus (Say, 1835)",Animalia,SPECIES
3797084,75453,Alkekengi officinarum Moench,Plantae,SPECIES
160852302,74928,"Glischrochilus quadrisignatus (Say, 1835)",Animalia,SPECIES
160852304,74456,"Carpophilus pilosellus Motschulsky, 1858",Animalia,SPECIES
5341775,75452,Physalis lagascae Roem. & Schult.,Plantae,SPECIES
160852306,74455,"Carpophilus hemipterus (Linnaeus, 1758)",Animalia,SPECIES
160852307,75760,Solanum physalifolium Rusby,Plantae,SPECIES
160852309,75761,Solanum pseudocapsicum L.,Plantae,SPECIES
160852310,74459,"Cartodere bifasciata (Reitter, 1877)",Animalia,SPECIES
160852311,75762,Solanum scabrum Mill.,Plantae,SPECIES
160852313,75763,Solanum sisymbriifolium Lam.,Plantae,SPECIES
160852314,74314,"Attagenus unicolor (Brahm, 1790)",Animalia,SPECIES
160852315,75764,Solanum triflorum Nutt.,Plantae,SPECIES
160852317,75765,Solanum tuberosum L.,Plantae,SPECIES
160852318,75766,Solanum villosum Mill.,Plantae,SPECIES
160852319,74301,"Atomaria lewisi Reitter, 1877",Animalia,SPECIES
160852320,75755,Solanum carolinense L.,Plantae,SPECIES
160852322,75754,Solanum angustifolium Houst. ex Mill.,Plantae,SPECIES
160852323,75575,"Rhopalapion longirostre (Olivier, 1807)",Animalia,SPECIES
160852324,75753,Solanum americanum Mill.,Plantae,SPECIES
4463518,74248,"Rhopalapion longirostre (Olivier, 1807)",Animalia,SPECIES
160852326,75759,Solanum nigrum L.,Plantae,SPECIES
160852328,75758,Solanum melongena L.,Plantae,SPECIES
160852330,75757,Solanum lycopersicum L.,Plantae,SPECIES
4463707,74249,"Kalcapion semivittatum (Gyllenhal, 1833)",Animalia,SPECIES
160852332,75756,Solanum linnaeanum Hepper & P.-M.L.Jaeger,Plantae,SPECIES
160852334,75689,Scopolia carniolica Jacq.,Plantae,SPECIES
160852335,75455,Physalis angulata L.,Plantae,SPECIES
160852336,75375,"Palorus subdepressus (Wollaston, 1864)",Animalia,SPECIES
160852337,75456,Physalis peruviana L.,Plantae,SPECIES
160852338,74173,"Alphitophagus bifasciatus (Say, 1824)",Animalia,SPECIES
160852339,75457,Physalis philadelphica Lam.,Plantae,SPECIES
160852341,75458,Physalis pubescens L.,Plantae,SPECIES
160852343,75422,Petunia ×atkinsiana D.Don ex Loudon,Plantae,SPECIES
6275970,74103,"Dactylispa pallidipennis (Motschulsky, 1861)",Animalia,SPECIES
160852345,75421,Petunia ×atkinsiana D.Don ex Loudon,Plantae,SPECIES
160852346,75103,"Leptinotarsa decemlineata (Say, 1824)",Animalia,SPECIES
160852347,75285,Nicandra physalodes (L.) Gaertn.,Plantae,SPECIES
1048497,74693,"Diabrotica virgifera LeConte, 1868",Animalia,SPECIES
160852349,75287,Nicotiana rustica L.,Plantae,SPECIES
160852350,74460,"Caryedon serratus (Olivier, 1790)",Animalia,SPECIES
160852351,75286,Nicotiana alata Link & Otto,Plantae,SPECIES
160852352,75288,Nicotiana tabacum L.,Plantae,SPECIES
160852353,74393,"Bruchus pisorum Linnaeus, 1758",Animalia,SPECIES
160852354,75153,Lycium barbarum L.,Plantae,SPECIES
160852355,75154,Lycium chinense Mill.,Plantae,SPECIES
160852356,75004,Hyoscyamus albus L.,Plantae,SPECIES
160852357,75005,Hyoscyamus niger L.,Plantae,SPECIES
160852358,74683,Datura innoxia Mill.,Plantae,SPECIES
160852359,74684,Datura quercifolia Kunth,Plantae,SPECIES
160852360,74685,Datura stramonium L.,Plantae,SPECIES
160852363,74642,Cuscuta campestris Yunck.,Plantae,SPECIES
160852364,75031,Ipomoea hederacea Jacq.,Plantae,SPECIES
160852365,75032,Ipomoea purpurea (L.) Roth,Plantae,SPECIES
160852366,74643,Cuscuta epilinum Weihe,Plantae,SPECIES
160852367,74586,Convolvulus tricolor L.,Plantae,SPECIES
160852368,74585,Convolvulus arvensis L.,Plantae,SPECIES
160852369,74420,Calystegia ×pulchra Brumm. & Heywood,Plantae,SPECIES
160852370,74419,Calystegia hederacea Wall.,Plantae,SPECIES
160852373,74406,Buxus sempervirens L.,Plantae,SPECIES
160852376,75844,Thladiantha dubia Bunge,Plantae,SPECIES
160852377,75721,Sicyos angulatus L.,Plantae,SPECIES
160852378,74743,Dysphania schraderiana (Schult.) Mosyakin & Clemants,Plantae,SPECIES
160852379,74750,Echinochloa oryzoides (Ard.) Fritsch,Plantae,SPECIES
160852380,74638,Cucumis melo L.,Plantae,SPECIES
160852381,74639,Cucumis sativus L.,Plantae,SPECIES
2874515,74640,Cucurbita maxima Duchesne,Plantae,SPECIES
160852383,74641,Cucurbita pepo L.,Plantae,SPECIES
160852384,74550,Citrullus lanatus (Thunb.) Matsum. & Nakai,Plantae,SPECIES
160852385,74396,Bryonia dioica Jacq.,Plantae,SPECIES
160852386,74395,Bryonia alba L.,Plantae,SPECIES
160852389,75583,Ribes rubrum L.,Plantae,SPECIES
160852390,75582,Ribes aureum Pursh,Plantae,SPECIES
160852391,75585,Ribes spicatum E.Robson,Plantae,SPECIES
160852392,75584,Ribes sanguineum Pursh,Plantae,SPECIES
160852394,75374,Paeonia officinalis L.,Plantae,SPECIES
160852395,75373,Paeonia lactiflora Pall.,Plantae,SPECIES
4201814,75702,Petrosedum rupestre subsp. erectum ('t Hart) Velayos,Plantae,SUBSPECIES
5687974,75701,Sedum anglicum Huds.,Plantae,SPECIES
7863397,75699,Petrosedum ochroleucum (Chaix) Niederle,Plantae,SPECIES
160852404,75437,Phedimus hybridus (L.) 't Hart,Plantae,SPECIES
7768495,75704,Phedimus stolonifer (S.G.Gmel.) 't Hart,Plantae,SPECIES
160852407,75703,Sedum sarmentosum Bunge,Plantae,SPECIES
160852408,75698,Sedum hispanicum L.,Plantae,SPECIES
160852409,75700,Sedum pallidum M.Bieb.,Plantae,SPECIES
160852410,75705,Sempervivum tectorum L.,Plantae,SPECIES
160852411,75696,Sedum annuum L.,Plantae,SPECIES
160852412,75438,Phedimus spurius (M.Bieb.) 't Hart,Plantae,SPECIES
160852413,75436,Phedimus aizoon (L.) 't Hart,Plantae,SPECIES
160852414,75003,Hylotelephium spectabile (Boreau) H.Ohba,Plantae,SPECIES
160852415,75002,Hylotelephium ewersii (Ledeb.) H.Ohba,Plantae,SPECIES
4202057,75697,Hylotelephium ewersii (Ledeb.) H.Ohba,Plantae,SPECIES
160852417,75001,Hylotelephium erythrostictum (Miq.) H.Ohba,Plantae,SPECIES
160852418,75000,Hylotelephium anacampseros (L.) H.Ohba,Plantae,SPECIES
4202184,75695,Hylotelephium anacampseros (L.) H.Ohba,Plantae,SPECIES
12176639,74298,Astilbe ×rosea Van Waveren & Kruijff,Plantae,SPECIES
160852423,75589,Rodgersia pinnata Franch.,Plantae,SPECIES
160852424,75590,Rodgersia podophylla A.Gray,Plantae,SPECIES
160852425,75671,Saxifraga cymbalaria L.,Plantae,SPECIES
160852426,75672,Saxifraga ×geum L.,Plantae,SPECIES
160852427,75670,Saxifraga cuneifolia L.,Plantae,SPECIES
160852428,75677,Saxifraga rotundifolia L.,Plantae,SPECIES
160852429,75675,Saxifraga hostii Tausch,Plantae,SPECIES
160852430,75676,Saxifraga hypnoides L.,Plantae,SPECIES
160852431,75673,Saxifraga ×geum L.,Plantae,SPECIES
160852432,75674,Saxifraga hostii subsp. hostii,Plantae,SUBSPECIES
160852433,74679,Darmera peltata (Torr. ex Benth.) Voss,Plantae,SPECIES
160852434,74340,Bergenia crassifolia (L.) Fritsch,Plantae,SPECIES
160852438,74901,Gentianella obtusifolia (F.W.Schmidt) Holub,Plantae,SPECIES
160852439,74900,Gentiana lutea subsp. lutea,Plantae,SUBSPECIES
160852440,74899,Gentiana lutea L.,Plantae,SPECIES
160852442,74290,Asclepias syriaca L.,Plantae,SPECIES
160852444,75602,Rubia tinctorum L.,Plantae,SPECIES
160852445,75720,Sherardia arvensis L.,Plantae,SPECIES
160852446,74889,Galium parisiense L.,Plantae,SPECIES
160852447,74890,Galium rubioides L.,Plantae,SPECIES
160852448,74891,Galium spurium L.,Plantae,SPECIES
160852449,74892,Galium tricornutum Dandy,Plantae,SPECIES
160852450,74893,Galium verrucosum Huds.,Plantae,SPECIES
160852451,74888,Galium murale (L.) All.,Plantae,SPECIES
160852452,74294,Asperula arvensis L.,Plantae,SPECIES
160852453,74295,Asperula orientalis Boiss. & Hohen.,Plantae,SPECIES
160852456,75426,Phacelia ciliata Benth.,Plantae,SPECIES
160852457,75425,Phacelia campanularia A.Gray,Plantae,SPECIES
160852458,75427,Phacelia tanacetifolia Benth.,Plantae,SPECIES
160852459,75274,Nemophila menziesii Hook. & Arn.,Plantae,SPECIES
160852461,74960,Heliotropium europaeum L.,Plantae,SPECIES
7682060,75131,Buglossoides arvensis subsp. sibthorpianum (Griseb.) R.Fern.,Plantae,SUBSPECIES
160852466,75259,Myosotis ×pseudohispida Domin,Plantae,SPECIES
160852467,75822,Symphytum ×uplandicum Nyman,Plantae,SPECIES
160852468,75821,Symphytum ×uplandicum Nyman,Plantae,SPECIES
160852469,75820,Symphytum asperum Lepech.,Plantae,SPECIES
9405645,75155,Lycopsis arvensis subsp. orientalis (L.) Kusn.,Plantae,SUBSPECIES
9309359,74220,Lycopsis arvensis subsp. arvensis,Plantae,SUBSPECIES
160852473,75535,Pulmonaria rubra Schott,Plantae,SPECIES
160852474,75413,Pentaglottis sempervirens (L.) Tausch ex L.H.Bailey,Plantae,SPECIES
160852475,75261,Myosotis arvensis (L.) Hill,Plantae,SPECIES
160852477,75294,Nonea rosea (M.Bieb.) Link,Plantae,SPECIES
160852478,75293,Nonea lutea (Desr.) DC.,Plantae,SPECIES
160852479,75329,Omphalodes verna Moench,Plantae,SPECIES
160852480,75231,Mertensia sibirica (L.) G.Don,Plantae,SPECIES
8009141,75536,Mertensia sibirica (L.) G.Don,Plantae,SPECIES
160852482,75066,Lappula squarrosa (Retz.) Dumort.,Plantae,SPECIES
160852484,74756,Echium plantagineum L.,Plantae,SPECIES
160852486,74494,Cerinthe minor L.,Plantae,SPECIES
160852487,74353,Borago officinalis L.,Plantae,SPECIES
160852488,74399,Buglossoides arvensis (L.) I.M.Johnst.,Plantae,SPECIES
160852489,74400,Buglossoides arvensis (L.) I.M.Johnst.,Plantae,SPECIES
160852490,74401,Buglossoides incrassata (Guss.) I.M.Johnst.,Plantae,SPECIES
160852491,74394,Brunnera macrophylla (Adams) I.M.Johnst.,Plantae,SPECIES
160852492,74293,Asperugo procumbens L.,Plantae,SPECIES
160852493,74221,Anchusa azurea Mill.,Plantae,SPECIES
160852494,74222,Anchusa officinalis L.,Plantae,SPECIES
160852498,75071,Lathyrus cicera L.,Plantae,SPECIES
160852499,75888,Trigonella foenum-graecum L.,Plantae,SPECIES
160852500,75882,Trifolium resupinatum L.,Plantae,SPECIES
160852501,75883,Trifolium squamosum L.,Plantae,SPECIES
160852502,75880,Trifolium pratense L.,Plantae,SPECIES
160852504,75886,Trifolium vesiculosum Savi,Plantae,SPECIES
160852505,75887,Trigonella caerulea (L.) Ser.,Plantae,SPECIES
160852506,75884,Trifolium subterraneum L.,Plantae,SPECIES
160852507,75885,Trifolium tomentosum L.,Plantae,SPECIES
160852508,75875,Trifolium hybridum L.,Plantae,SPECIES
160852509,75874,Trifolium badium Schreb.,Plantae,SPECIES
160852510,75873,Trifolium angustifolium L.,Plantae,SPECIES
160852511,75872,Trifolium angulatum Waldst. & Kit.,Plantae,SPECIES
160852512,75879,Trifolium pannonicum Jacq.,Plantae,SPECIES
160852513,75878,Trifolium lappaceum L.,Plantae,SPECIES
160852515,75876,Trifolium hybridum subsp. hybridum,Plantae,SUBSPECIES
160852516,75871,Trifolium alexandrinum L.,Plantae,SPECIES
160852517,75943,Vicia pannonica Crantz,Plantae,SPECIES
160852518,75942,Vicia onobrychioides L.,Plantae,SPECIES
160852519,75941,Vicia narbonensis L.,Plantae,SPECIES
160852520,75940,Vicia melanops Sm.,Plantae,SPECIES
160852521,75939,Vicia lutea L.,Plantae,SPECIES
160852522,75938,Vicia hirsuta (L.) Gray,Plantae,SPECIES
160852523,75937,Vicia grandiflora Scop.,Plantae,SPECIES
160852524,75936,Vicia faba L.,Plantae,SPECIES
160852525,75948,Vicia villosa subsp. varia (Host) Corb.,Plantae,SUBSPECIES
160852526,75947,Vicia villosa Roth,Plantae,SPECIES
160852527,75946,Vicia sativa L.,Plantae,SPECIES
2974811,75945,Vicia pannonica Crantz,Plantae,SPECIES
160852530,75934,Vicia bithynica (L.) L.,Plantae,SPECIES
160852531,75935,Vicia ervilia (L.) Willd.,Plantae,SPECIES
160852532,75933,Vicia articulata Hornem.,Plantae,SPECIES
160852533,75903,Ulex europaeus L.,Plantae,SPECIES
160852534,75588,Robinia pseudoacacia L.,Plantae,SPECIES
160852535,75690,Scorpiurus muricatus L.,Plantae,SPECIES
5347846,75473,Lathyrus oleraceus Lam.,Plantae,SPECIES
160852537,74211,Amorpha fruticosa L.,Plantae,SPECIES
160852538,74445,Caragana arborescens Lam.,Plantae,SPECIES
160852539,74536,Cicer arietinum L.,Plantae,SPECIES
160852540,74597,Coronilla scorpioides (L.) W.D.J.Koch,Plantae,SPECIES
160852541,74573,Colutea arborescens L.,Plantae,SPECIES
160852542,74665,Cytisus scoparius subsp. scoparius,Plantae,SUBSPECIES
160852543,74664,Cytisus scoparius (L.) Link,Plantae,SPECIES
5354675,74663,Chamaecytisus elongatus (Waldst. & Kit.) Link,Plantae,SPECIES
160852545,74882,Galega officinalis L.,Plantae,SPECIES
160852546,74898,Genista sagittalis L.,Plantae,SPECIES
160852547,74982,Hippocrepis emerus (L.) Lassen,Plantae,SPECIES
160852548,74933,Glycyrrhiza glabra L.,Plantae,SPECIES
160852549,74932,Glycine max (L.) Merr.,Plantae,SPECIES
160852550,74926,Gleditsia triacanthos L.,Plantae,SPECIES
160852551,75077,Lathyrus tuberosus L.,Plantae,SPECIES
160852552,75076,Lathyrus tingitanus L.,Plantae,SPECIES
160852553,75075,Lathyrus sativus L.,Plantae,SPECIES
160852554,75074,Lathyrus odoratus L.,Plantae,SPECIES
160852555,75073,Lathyrus ochrus (L.) DC.,Plantae,SPECIES
160852556,75072,Lathyrus clymenum L.,Plantae,SPECIES
3973001,75085,Vicia lens (L.) Coss. & Germ.,Plantae,SPECIES
5356805,75083,Cytisus nigricans L.,Plantae,SPECIES
160852559,75069,Lathyrus annuus L.,Plantae,SPECIES
160852560,75070,Lathyrus aphaca L.,Plantae,SPECIES
160852561,75048,Laburnum anagyroides Medik.,Plantae,SPECIES
160852562,75197,Medicago arabica (L.) Huds.,Plantae,SPECIES
160852563,75198,Medicago disciformis DC.,Plantae,SPECIES
160852564,75199,Medicago lupulina L.,Plantae,SPECIES
160852565,75209,Melilotus indicus (L.) All.,Plantae,SPECIES
160852566,75208,Melilotus albus Medik.,Plantae,SPECIES
2971024,75211,Melilotus officinalis (L.) Pallas,Plantae,SPECIES
10773250,75210,Melilotus siculus (Turra) Steud.,Plantae,SPECIES
160852569,75213,Melilotus wolgicus Poir.,Plantae,SPECIES
160852570,75212,Melilotus sulcatus Desf.,Plantae,SPECIES
160852571,75201,Medicago sativa L.,Plantae,SPECIES
160852572,75200,Medicago polymorpha L.,Plantae,SPECIES
160852573,75202,Medicago sativa subsp. sativa,Plantae,SUBSPECIES
160852574,75151,Lupinus polyphyllus Lindl.,Plantae,SPECIES
160852575,75150,Lupinus luteus L.,Plantae,SPECIES
160852576,75149,Lupinus angustifolius L.,Plantae,SPECIES
160852577,75148,Lupinus albus L.,Plantae,SPECIES
160852578,75145,Lotus ornithopodioides L.,Plantae,SPECIES
160852579,75333,Onobrychis viciifolia Scop.,Plantae,SPECIES
160852580,75435,Phaseolus vulgaris L.,Plantae,SPECIES
160852581,75434,Phaseolus coccineus L.,Plantae,SPECIES
160852582,75349,Ornithopus sativus subsp. sativus,Plantae,SUBSPECIES
160852583,75347,Ornithopus compressus L.,Plantae,SPECIES
160852584,75348,Ornithopus sativus Brot.,Plantae,SPECIES
160852587,75896,Tropaeolum majus L.,Plantae,SPECIES
160852589,75560,Reseda phyteuma L.,Plantae,SPECIES
160852590,75559,Reseda odorata L.,Plantae,SPECIES
160852591,75558,Reseda luteola L.,Plantae,SPECIES
160852592,75557,Reseda lutea L.,Plantae,SPECIES
160852593,75556,Reseda alba subsp. alba,Plantae,SUBSPECIES
160852594,75555,Reseda alba L.,Plantae,SPECIES
160852597,74984,Hirschfeldia incana (L.) Lagr.-Foss.,Plantae,SPECIES
160852598,75802,Strigosella africana (L.) Botsch.,Plantae,SPECIES
3053522,74341,Berteroa incana (L.) DC.,Plantae,SPECIES
160852601,75554,Rapistrum rugosum (L.) All.,Plantae,SPECIES
160852602,75553,Rapistrum rugosum (L.) All.,Plantae,SPECIES
160852603,75551,Raphanus sativus L.,Plantae,SPECIES
160852604,75550,Raphanus raphanistrum L.,Plantae,SPECIES
160852605,75739,Sinapis alba L.,Plantae,SPECIES
160852606,75740,Sinapis arvensis L.,Plantae,SPECIES
160852607,75845,Thlaspi arvense L.,Plantae,SPECIES
160852608,75743,Sisymbrium irio L.,Plantae,SPECIES
160852609,75744,Sisymbrium loeselii L.,Plantae,SPECIES
160852610,75741,Sisymbrium altissimum L.,Plantae,SPECIES
160852611,75742,Sisymbrium austriacum Jacq.,Plantae,SPECIES
160852612,75748,Sisymbrium volgense M.Bieb. ex E.Fourn.,Plantae,SPECIES
160852613,75747,Sisymbrium strictissimum L.,Plantae,SPECIES
160852614,75746,Sisymbrium polymorphum (Murray) Roth,Plantae,SPECIES
160852615,75745,Sisymbrium officinale (L.) Scop.,Plantae,SPECIES
160852616,75411,Peltaria alliacea Jacq.,Plantae,SPECIES
160852617,75255,Myagrum perfoliatum L.,Plantae,SPECIES
160852618,75283,Neslia paniculata (L.) Desv.,Plantae,SPECIES
160852619,75284,Neslia paniculata subsp. paniculata,Plantae,SUBSPECIES
160852620,75292,Noccaea kovatsii (Heuff.) F.K.Mey.,Plantae,SPECIES
160852621,75146,Lunaria annua L.,Plantae,SPECIES
160852622,75134,Lobularia maritima (L.) Desv.,Plantae,SPECIES
160852623,75170,Malcolmia chia (L.) DC.,Plantae,SPECIES
160852624,75171,Malcolmia maritima (L.) W.T.Aiton,Plantae,SPECIES
160852625,75195,Matthiola longipetala (Vent.) DC.,Plantae,SPECIES
160852626,75194,Matthiola incana subsp. incana,Plantae,SUBSPECIES
160852627,75035,Isatis tinctoria L.,Plantae,SPECIES
5374118,75036,Isatis tinctoria L.,Plantae,SPECIES
160852629,75102,Lepidium virginicum L.,Plantae,SPECIES
160852630,75095,Lepidium didymum L.,Plantae,SPECIES
160852631,75094,Lepidium didymum L.,Plantae,SPECIES
160852632,75097,Lepidium heterophyllum Benth.,Plantae,SPECIES
160852633,75096,Lepidium draba L.,Plantae,SPECIES
160852634,75099,Lepidium perfoliatum L.,Plantae,SPECIES
160852635,75098,Lepidium latifolium L.,Plantae,SPECIES
160852636,75101,Lepidium sativum L.,Plantae,SPECIES
160852637,75100,Lepidium ruderale L.,Plantae,SPECIES
160852638,75091,Lepidium campestre (L.) W.T.Aiton,Plantae,SPECIES
160852639,75090,Lepidium africanum (Burm.f.) DC.,Plantae,SPECIES
160852640,75093,Lepidium densiflorum Schrad.,Plantae,SPECIES
160852641,75092,Lepidium coronopus (L.) Al-Shehbaz,Plantae,SPECIES
160852642,75015,Iberis umbellata L.,Plantae,SPECIES
160852643,75013,Iberis amara L.,Plantae,SPECIES
160852644,75014,Iberis sempervirens L.,Plantae,SPECIES
160852645,74974,Hesperis matronalis L.,Plantae,SPECIES
160852646,74975,Hesperis matronalis L.,Plantae,SPECIES
160852647,74976,Hesperis matronalis subsp. matronalis,Plantae,SUBSPECIES
160852649,74978,Hesperis pycnotricha Borbás,Plantae,SPECIES
160852650,74177,Alyssum rostratum Steven,Plantae,SPECIES
3693541,74176,Odontarrhena muralis (Waldst. & Kit.) Endl.,Plantae,SPECIES
160852652,74271,"Armoracia rusticana P.Gaertn., B.Mey. & Scherb.",Plantae,SPECIES
160852653,74256,Arabis procurrens Waldst. & Kit.,Plantae,SPECIES
160852654,74255,Arabis caucasica Willd.,Plantae,SPECIES
160852655,74254,Arabis alpina L.,Plantae,SPECIES
160852656,74315,Aubrieta deltoidea (L.) DC.,Plantae,SPECIES
160852657,74402,Bunias erucago L.,Plantae,SPECIES
160852658,74363,Brassica elongata subsp. elongata,Plantae,SUBSPECIES
160852659,74362,Brassica elongata Ehrh.,Plantae,SPECIES
160852660,74365,Brassica napus L.,Plantae,SPECIES
160852661,74364,Brassica juncea (L.) Czern.,Plantae,SPECIES
160852662,74367,Brassica nigra (L.) W.D.J.Koch,Plantae,SPECIES
160852663,74366,Brassica napus subsp. napus,Plantae,SUBSPECIES
160852664,74369,Brassica rapa L.,Plantae,SPECIES
7225636,74370,Brassica rapa subsp. rapa,Plantae,SUBSPECIES
160852666,74368,Brassica oleracea L.,Plantae,SPECIES
160852667,74427,Camelina sativa (L.) Crantz,Plantae,SPECIES
160852668,74449,Cardamine chelidonia L.,Plantae,SPECIES
160852669,74450,Cardamine hirsuta L.,Plantae,SPECIES
160852670,74443,Capsella bursa-pastoris (L.) Medik.,Plantae,SPECIES
160852671,74444,Capsella rubella Reut.,Plantae,SPECIES
160852672,74409,Cakile maritima Scop.,Plantae,SPECIES
160852673,74403,Bunias orientalis L.,Plantae,SPECIES
160852674,74423,Camelina microcarpa Andrz. ex DC.,Plantae,SPECIES
160852675,74424,Camelina microcarpa subsp. microcarpa,Plantae,SUBSPECIES
160852676,74425,Camelina microcarpa subsp. pilosa (DC.) Hiitonen,Plantae,SUBSPECIES
160852677,74426,Camelina rumelica Velen.,Plantae,SPECIES
160852678,74421,Camelina alyssum (Mill.) Thell.,Plantae,SPECIES
160852679,74422,Camelina laxa C.A.Mey.,Plantae,SPECIES
160852680,74531,Chorispora tenella (Pall.) DC.,Plantae,SPECIES
160852681,74576,Conringia orientalis (L.) Dumort.,Plantae,SPECIES
160852682,74568,Cochlearia officinalis L.,Plantae,SPECIES
160852683,74613,Crambe maritima L.,Plantae,SPECIES
160852684,74612,Crambe hispanica L.,Plantae,SPECIES
160852686,74726,Doronicum pardalianches L.,Plantae,SPECIES
160852687,74717,Diplotaxis muralis (L.) DC.,Plantae,SPECIES
160852688,74716,Dinebra retroflexa (Vahl) Panz.,Plantae,SPECIES
160852689,74816,Eruca vesicaria (L.) Cav.,Plantae,SPECIES
160852690,74818,Erucastrum nasturtiifolium (Poir.) O.E.Schulz,Plantae,SPECIES
160852691,74817,Erucastrum gallicum (Willd.) O.E.Schulz,Plantae,SPECIES
160852692,74820,Erysimum cheiranthoides L.,Plantae,SPECIES
160852694,74822,Erysimum cheiri (L.) Crantz,Plantae,SPECIES
160852695,74823,Erysimum repandum L.,Plantae,SPECIES
160852696,74826,Euclidium syriacum (L.) W.T.Aiton,Plantae,SPECIES
160852699,75042,Juglans regia L.,Plantae,SPECIES
160852700,75041,Juglans nigra L.,Plantae,SPECIES
160852702,75545,Quercus rubra L.,Plantae,SPECIES
160852703,74461,Castanea sativa Mill.,Plantae,SPECIES
160852705,74599,Corylus colurna L.,Plantae,SPECIES
160852706,74600,Corylus maxima Mill.,Plantae,SPECIES
160852707,74171,Alnus incana (L.) Moench,Plantae,SPECIES
160852710,75987,Zelkova serrata (Thunb.) Makino,Plantae,SPECIES
160852712,75907,Urtica pilulifera L.,Plantae,SPECIES
160852713,75908,Urtica urens L.,Plantae,SPECIES
160852714,75400,Parietaria pensylvanica Muhl. ex Willd.,Plantae,SPECIES
160852715,75399,Parietaria officinalis L.,Plantae,SPECIES
160852716,75398,Parietaria judaica L.,Plantae,SPECIES
160852718,75247,Morus alba L.,Plantae,SPECIES
160852719,74857,Ficus carica L.,Plantae,SPECIES
160852721,74983,Hippophae rhamnoides L.,Plantae,SPECIES
160852722,74761,Elaeagnus commutata Bernh. ex Rydb.,Plantae,SPECIES
160852723,74760,Elaeagnus angustifolia L.,Plantae,SPECIES
2984537,74995,Humulus scandens (Lour.) Merr.,Plantae,SPECIES
160852727,74470,Celtis occidentalis L.,Plantae,SPECIES
160852728,74436,Cannabis sativa L.,Plantae,SPECIES
5602713,74438,Cannabis sativa var. ruderalis (Janisch.) S.Z.Liou,Plantae,VARIETY
160852730,74437,Cannabis sativa var. sativa,Plantae,VARIETY
7220805,75662,Poterium sanguisorba subsp. sanguisorba,Plantae,SUBSPECIES
2997081,75618,Rubus horrefactus P.J.Müll. & Lefèvre,Plantae,SPECIES
160852738,75511,Prunus cerasus L.,Plantae,SPECIES
5362114,75976,Geum waldsteinia Baill.,Plantae,SPECIES
12210445,75977,Geum ternatum subsp. trifolium (Rochel ex W.D.J.Koch),Plantae,SUBSPECIES
7271852,75786,Spiraea crenata subsp. crenata,Plantae,SUBSPECIES
160852746,75791,Spiraea ×pseudosalicifolia Silverside,Plantae,SPECIES
160852747,75790,Spiraea ×pseudosalicifolia Silverside,Plantae,SPECIES
7272312,74859,Filipendula camtschatica (Pall.) Maxim.,Plantae,SPECIES
160852751,74729,Dracocephalum thymiflorum L.,Plantae,SPECIES
160852752,75615,Rubus phoenicolasius Maxim.,Plantae,SPECIES
2994229,75614,Rubus nutkanus Moc. ex Ser.,Plantae,SPECIES
160852754,75613,Rubus odoratus L.,Plantae,SPECIES
160852755,75612,Rubus occidentalis L.,Plantae,SPECIES
160852756,75619,Rubus ulmifolius Schott,Plantae,SPECIES
2994750,75617,Rubus silvaticus Weihe,Plantae,SPECIES
160852758,75616,Rubus silvaticus Weihe,Plantae,SPECIES
160852759,75607,Rubus illecebrosus Focke,Plantae,SPECIES
160852760,75606,Rubus canadensis L.,Plantae,SPECIES
160852761,75605,Rubus armeniacus Focke,Plantae,SPECIES
160852762,75604,Rubus allegheniensis Porter,Plantae,SPECIES
160852763,75611,Rubus occidentalis L.,Plantae,SPECIES
160852764,75610,Rubus nemorosus Hayne & Willd.,Plantae,SPECIES
160852765,75609,Rubus moschus Juz.,Plantae,SPECIES
160852766,75608,Rubus laciniatus Willd.,Plantae,SPECIES
160852767,75620,Rubus xanthocarpus Bureau & Franch.,Plantae,SPECIES
3002169,75600,Rosa villosa L.,Plantae,SPECIES
160852769,75596,Rosa glauca Pourr.,Plantae,SPECIES
3003709,75594,Rosa glauca Pourr.,Plantae,SPECIES
160852771,75597,Rosa multiflora Thunb.,Plantae,SPECIES
160852772,75598,Rosa rugosa Thunb.,Plantae,SPECIES
160852773,75599,Rosa rugosa Thunb.,Plantae,SPECIES
160852775,75593,Rosa ×centifolia L.,Plantae,SPECIES
160852776,75595,Rosa foetida Herrm.,Plantae,SPECIES
160852778,75574,Rhodotypos scandens (Thunb.) Makino,Plantae,SPECIES
160852779,75771,Sorbaria sorbifolia (L.) A.Braun,Plantae,SPECIES
160852780,75772,Sorbus austriaca Gruppe,Plantae,SPECIES
3013215,75773,Cormus domestica (L.) Spach,Plantae,SPECIES
9306058,75774,Karpatiosorbus latifolia (Lam.) Sennikov & Kurtto,Plantae,SPECIES
7787813,75783,Spiraea alba DuRoi,Plantae,SPECIES
160852784,75785,Spiraea chamaedryfolia L.,Plantae,SPECIES
160852786,75787,Spiraea douglasii Hook.,Plantae,SPECIES
160852787,75789,Spiraea japonica L.fil.,Plantae,SPECIES
7653403,75788,Spiraea hypericifolia subsp. obovata (Waldst. & Kit. ex Willd.) H.Huber,Plantae,SUBSPECIES
160852789,75460,Physocarpus opulifolius (L.) Maxim.,Plantae,SPECIES
160852790,75502,Potentilla supina L.,Plantae,SPECIES
160852791,75500,Potentilla indica (Andrews) Th.Wolf,Plantae,SPECIES
160852792,75501,Potentilla intermedia L.,Plantae,SPECIES
160852793,75518,Prunus serotina Ehrh.,Plantae,SPECIES
160852794,75519,Prunus virginiana L.,Plantae,SPECIES
160852795,75517,Prunus persica (L.) Stokes,Plantae,SPECIES
160852796,74154,Alchemilla speciosa Buser,Plantae,SPECIES
160852797,74153,Alchemilla sericata Rchb.,Plantae,SPECIES
160852798,74155,Alchemilla tytthantha Juz.,Plantae,SPECIES
160852799,74151,Alchemilla conjuncta Bab.,Plantae,SPECIES
160852800,74152,Alchemilla mollis (Buser) Rothm.,Plantae,SPECIES
3023903,74206,Amelanchier humilis Wiegand,Plantae,SPECIES
160852802,74205,Amelanchier ovalis Medik.,Plantae,SPECIES
160852803,74203,Amelanchier alnifolia (Nutt.) Nutt.,Plantae,SPECIES
160852804,74204,Amelanchier ×lamarckii F.G.Schroed.,Plantae,SPECIES
160852805,74498,Chaenomeles japonica (Thunb.) Lindl. ex Spach,Plantae,SPECIES
160852806,74647,Cydonia oblonga Mill.,Plantae,SPECIES
160852807,74619,Crataegus persimilis Sarg.,Plantae,SPECIES
3014366,74617,Crataegus flabellata (Bosc ex Spach) K.Koch,Plantae,SPECIES
160852809,74618,Crataegus mollis (Torr. & A.Gray) Scheele,Plantae,SPECIES
160852810,74615,Crataegus coccinea L.,Plantae,SPECIES
160852811,74616,Crataegus crus-galli L.,Plantae,SPECIES
160852812,74610,Cotoneaster zabelii C.K.Schneid.,Plantae,SPECIES
3025770,74609,Cotoneaster acutifolius Turcz.,Plantae,SPECIES
160852814,74608,Cotoneaster horizontalis Decne.,Plantae,SPECIES
160852815,74607,Cotoneaster divaricatus Rehder & E.H.Wilson,Plantae,SPECIES
160852816,74606,Cotoneaster dielsianus E.Pritz.,Plantae,SPECIES
160852817,74605,Cotoneaster bullatus Bois ex Bilm. & Bois,Plantae,SPECIES
160852818,74681,Dasiphora fruticosa (L.) Rydb.,Plantae,SPECIES
160852819,74860,Filipendula rubra (Hill) B.L.Rob.,Plantae,SPECIES
160852820,74864,Fragaria ×ananassa (Weston) Rozier,Plantae,SPECIES
160852821,74863,Fragaria ×ananassa (Weston) Rozier,Plantae,SPECIES
160852822,74914,Geum aleppicum Jacq.,Plantae,SPECIES
160852823,74915,Geum macrophyllum Willd.,Plantae,SPECIES
160852824,75233,Mespilus germanica L.,Plantae,SPECIES
3001244,75177,Malus domestica (Suckow) Borkh.,Plantae,SPECIES
160852826,75175,Malus domestica (Suckow) Borkh.,Plantae,SPECIES
160852827,75176,Malus fusca (Raf.) C.K.Schneid.,Plantae,SPECIES
160852828,75174,Malus ×dasyphylla Borkh.,Plantae,SPECIES
160852829,75173,Malus baccata (L.) Borkh.,Plantae,SPECIES
160852830,75540,Pyracantha coccinea M.Roem.,Plantae,SPECIES
160852831,75542,Pyrus communis L.,Plantae,SPECIES
7271631,75541,Pyrus communis subsp. communis,Plantae,SUBSPECIES
160852833,75543,Pyrus nivalis Jacq.,Plantae,SPECIES
160852834,75512,Prunus domestica L.,Plantae,SPECIES
160852835,75509,Prunus armeniaca L.,Plantae,SPECIES
160852836,75510,Prunus cerasifera Ehrh.,Plantae,SPECIES
160852837,75515,Prunus ×eminens Beck,Plantae,SPECIES
160852838,75516,Prunus laurocerasus L.,Plantae,SPECIES
160852839,75513,Prunus domestica subsp. insititia (L.) Bonnier & Layens,Plantae,SUBSPECIES
3020980,75514,Prunus amygdalus Batsch,Plantae,SPECIES
160852843,75839,Tetragonia tetragonoides (Pall.) Kuntze,Plantae,SPECIES
160852845,75462,Phytolacca americana L.,Plantae,SPECIES
160852846,75461,Phytolacca acinosa Roxb.,Plantae,SPECIES
8359411,75463,Phytolacca acinosa var. esculenta (Van Houtte) Maxim.,Plantae,VARIETY
160852849,75496,Portulaca grandiflora Hook.,Plantae,SPECIES
160852850,75497,Portulaca oleracea L.,Plantae,SPECIES
160852851,75498,Portulaca oleracea subsp. oleracea,Plantae,SUBSPECIES
10363580,75239,Mirabilis nyctaginea (Michx.) Mac Mill.,Plantae,SPECIES
160852854,75238,Mirabilis jalapa L.,Plantae,SPECIES
160852856,75341,Opuntia polyacantha Haw.,Plantae,SPECIES
160852857,75340,Opuntia phaeacantha Engelm.,Plantae,SPECIES
7095665,74554,Claytonia perfoliata subsp. perfoliata,Plantae,SUBSPECIES
160852860,74555,Claytonia sibirica L.,Plantae,SPECIES
7288892,74411,Calandrinia pilosiuscula DC.,Plantae,SPECIES
2888946,75630,Rumex longifolius DC.,Plantae,SPECIES
4036957,75626,Rumex pulcher subsp. pulcher,Plantae,SUBSPECIES
160852868,75568,Rheum ×hybridum Murray,Plantae,SPECIES
6709291,75563,Reynoutria compacta (Hook.fil.) Nakai,Plantae,SPECIES
2889173,74851,Reynoutria japonica Houtt.,Plantae,SPECIES
2889088,74852,Reynoutria sachalinensis (F.Schmidt) Nakai,Plantae,SPECIES
4038485,74848,Reynoutria ×bohemica Chrtek & Chrtková,Plantae,SPECIES
8848208,75418,Koenigia polystachya (Wall. ex Meisn.) T.M.Schust. & Reveal,Plantae,SPECIES
160852879,75637,Rumex scutatus L.,Plantae,SPECIES
160852880,75636,Rumex salicifolius Weinm.,Plantae,SPECIES
160852882,75638,Rumex thyrsiflorus Fingerh.,Plantae,SPECIES
160852883,75640,Rumex triangulivalvis (Danser) Rech.fil.,Plantae,SPECIES
160852884,75631,Rumex obovatus Danser,Plantae,SPECIES
160852885,75628,Rumex longifolius DC.,Plantae,SPECIES
160852886,75629,Rumex longifolius DC.,Plantae,SPECIES
160852887,75634,Rumex ×propinquus Aresch.,Plantae,SPECIES
2888948,75635,Rumex alpinus L.,Plantae,SPECIES
160852889,75632,Rumex patientia L.,Plantae,SPECIES
160852890,75633,Rumex patientia subsp. patientia,Plantae,SUBSPECIES
160852891,75623,Rumex acetosa L.,Plantae,SPECIES
160852892,75627,Rumex confertus Willd.,Plantae,SPECIES
160852894,75625,Rumex alpinus L.,Plantae,SPECIES
160852895,75571,Rheum rhabarbarum L.,Plantae,SPECIES
160852896,75569,Rheum officinale Baill.,Plantae,SPECIES
160852897,75570,Rheum rhabarbarum L.,Plantae,SPECIES
160852898,75564,Reynoutria japonica var. japonica,Plantae,VARIETY
160852899,75561,Reynoutria ×bohemica Chrtek & Chrtková,Plantae,SPECIES
160852900,75562,Reynoutria ×bohemica Chrtek & Chrtková,Plantae,SPECIES
160852901,75488,Polygonum aviculare L.,Plantae,SPECIES
160852903,75416,Persicaria orientalis (L.) Spach,Plantae,SPECIES
160852904,74847,Fallopia baldschuanica (Regel) Holub,Plantae,SPECIES
10874640,74849,Fallopia ×heterocarpa (Beck) Doweld,Plantae,SPECIES
160852907,74846,Fagopyrum tataricum (L.) Gaertn.,Plantae,SPECIES
160852908,74845,Fagopyrum esculentum Moench,Plantae,SPECIES
160852909,74349,Bistorta amplexicaulis (D.Don) Greene,Plantae,SPECIES
7291264,75415,Bistorta amplexicaulis (D.Don) Greene,Plantae,SPECIES
7700420,74270,Armeria maritima Mill.,Plantae,SPECIES
160852915,75652,Salsola collina Pall.,Plantae,SPECIES
8157588,74512,Chenopodium capitatum Wats. ex Britton,Plantae,SPECIES
8044896,74511,Blitum bonus-henricus (L.) Rchb.,Plantae,SPECIES
8273130,74520,"Lipandra polysperma (L.) S.Fuentes, Uotila & Borsch",Plantae,SPECIES
8149099,74517,"Chenopodiastrum murale (L.) S.Fuentes, Uotila & Borsch",Plantae,SPECIES
160852925,74515,Chenopodium karoi (Murr) Aellen,Plantae,SPECIES
8336376,74513,Blitum virgatum subsp. virgatum,Plantae,SUBSPECIES
10309747,74302,Atriplex oblongifolia x patula,Plantae,SPECIES
7520244,74330,Sedobassia sedoides (Pall.) Freitag & G.Kadereit,Plantae,SPECIES
7323251,74179,Amaranthus emarginatus subsp. emarginatus,Plantae,SUBSPECIES
6109611,74184,Amaranthus caudatus L.,Plantae,SPECIES
160852936,75782,Spinacia oleracea L.,Plantae,SPECIES
160852937,75486,Polycnemum majus A.Braun,Plantae,SPECIES
160852938,75485,Polycnemum arvense L.,Plantae,SPECIES
160852939,74740,Dysphania ambrosioides (L.) Mosyakin & Clemants,Plantae,SPECIES
160852940,74741,Dysphania botrys (L.) Mosyakin & Clemants,Plantae,SPECIES
160852941,74742,Dysphania pumilio (R.Br.) Mosyakin & Clemants,Plantae,SPECIES
5365717,74738,Potentilla indica (Andrews) Th.Wolf,Plantae,SPECIES
160852943,74595,Corispermum pallasii Steven,Plantae,SPECIES
160852944,74507,Chenopodium album L.,Plantae,SPECIES
3755928,74516,Chenopodium album var. missouriense (Aellen) Bassett & Crompton,Plantae,VARIETY
3083838,74508,Chenopodium album L.,Plantae,SPECIES
160852947,74506,Chenopodium acuminatum Willd.,Plantae,SPECIES
160852948,74509,Chenopodium berlandieri Moq.,Plantae,SPECIES
3756754,74510,Chenopodium berlandieri var. zschackei (Murr) Murr,Plantae,VARIETY
160852950,74522,Chenopodium quinoa Willd.,Plantae,SPECIES
160852951,74523,Chenopodium striatiforme Murr,Plantae,SPECIES
3083838,74524,Chenopodium album L.,Plantae,SPECIES
160852953,74525,Chenopodium urbicum Trosganzenvoet,Plantae,SPECIES
160852954,74526,Chenopodium vulvaria L.,Plantae,SPECIES
160852955,74514,Chenopodium hircinum Schrad.,Plantae,SPECIES
160852956,74182,Amaranthus blitoides S.Watson,Plantae,SPECIES
160852958,74180,Amaranthus albus L.,Plantae,SPECIES
160852960,74190,Amaranthus hypochondriacus L.,Plantae,SPECIES
160852961,74189,Amaranthus hybridus L.,Plantae,SPECIES
160852962,74188,Amaranthus graecizans L.,Plantae,SPECIES
160852963,74187,Amaranthus deflexus L.,Plantae,SPECIES
160852964,74186,Amaranthus cruentus L.,Plantae,SPECIES
160852965,74185,Amaranthus crispus (Lesp. & Thévenau) N.Terracc.,Plantae,SPECIES
160852966,74183,Amaranthus blitum L.,Plantae,SPECIES
160852967,74195,Amaranthus retroflexus L.,Plantae,SPECIES
160852968,74196,Amaranthus spinosus L.,Plantae,SPECIES
160852969,74197,Amaranthus tuberculatus (Moq.) J.D.Sauer,Plantae,SPECIES
160852970,74198,Amaranthus viridis L.,Plantae,SPECIES
7576335,74191,Amaranthus ozanonii Piszter,Plantae,SPECIES
160852972,74192,Amaranthus palmeri S.Watson,Plantae,SPECIES
160852973,74193,Amaranthus powellii S.Watson,Plantae,SPECIES
160852974,74194,Amaranthus quitensis Kunth,Plantae,SPECIES
160852975,74327,Bassia scoparia (L.) A.J.Scott,Plantae,SPECIES
7788974,74328,Bassia scoparia var. subvillosa (Moq.) Buttler,Plantae,VARIETY
7219488,74329,Bassia scoparia subsp. scoparia,Plantae,SUBSPECIES
160852978,74342,Beta trigyna Waldst. & Kit.,Plantae,SPECIES
160852979,74343,Beta vulgaris L.,Plantae,SPECIES
160852980,74305,Atriplex littoralis L.,Plantae,SPECIES
160852981,74306,Atriplex micrantha Ledeb.,Plantae,SPECIES
160852982,74307,Atriplex oblongifolia Waldst. & Kit.,Plantae,SPECIES
160852983,74308,Atriplex patula L.,Plantae,SPECIES
160852984,74303,Atriplex hortensis L.,Plantae,SPECIES
160852985,74304,Atriplex laciniata L.,Plantae,SPECIES
160852986,74313,Atriplex tatarica L.,Plantae,SPECIES
160852988,74309,Atriplex rosea L.,Plantae,SPECIES
160852989,74312,Atriplex sibirica L.,Plantae,SPECIES
160852990,74311,Atriplex semilunaris Aellen,Plantae,SPECIES
160852991,74322,Axyris amaranthoides L.,Plantae,SPECIES
160852992,74350,Blitum nuttallianum Roem. & Schult.,Plantae,SPECIES
160852993,74469,Celosia argentea L.,Plantae,SPECIES
8357729,74519,Chenopodium opulifolium Schrad.,Plantae,SPECIES
160852996,74518,Chenopodium nitrariaceum (F.Muell.) F.Muell. ex Benth.,Plantae,SPECIES
8311921,75798,Stellaria apetala Bernardino,Plantae,SPECIES
3816096,75726,Atocion compactum (Fisch. ex Hornem.) Tzvelev,Plantae,SPECIES
3085346,74265,Lepyrodiclis holosteoides (C.A.Mey.) Fenzl ex Fisch. & C.A.Mey.,Plantae,SPECIES
8091998,75909,Gypsophila vaccaria (L.) Sm.,Plantae,SPECIES
160853005,75643,Sagina apetala Ard.,Plantae,SPECIES
160853006,75665,Saponaria ocymoides L.,Plantae,SPECIES
160853007,75777,Spergula arvensis L.,Plantae,SPECIES
160853008,75778,Spergula arvensis subsp. arvensis,Plantae,SUBSPECIES
160853009,75731,Silene dichotoma Ehrh.,Plantae,SPECIES
160853010,75732,Silene gallica L.,Plantae,SPECIES
160853011,75729,Silene cretica L.,Plantae,SPECIES
160853012,75730,Silene dichotoma Ehrh.,Plantae,SPECIES
160853013,75735,Silene noctiflora L.,Plantae,SPECIES
160853014,75736,Silene pendula L.,Plantae,SPECIES
160853015,75733,Silene ×hampeana Meusel & Werner,Plantae,SPECIES
160853016,75734,Silene latifolia Poir.,Plantae,SPECIES
160853017,75728,Silene coronaria (L.) Clairv.,Plantae,SPECIES
160853018,75727,Silene chalcedonica (L.) E.H.L.Krause,Plantae,SPECIES
160853019,75666,Saponaria officinalis L.,Plantae,SPECIES
160853020,75687,Scleranthus annuus L.,Plantae,SPECIES
160853021,75484,Polycarpon tetraphyllum (L.) L.,Plantae,SPECIES
160853022,75109,Lepyrodiclis holosteoides (C.A.Mey.) Fenzl ex Fisch. & C.A.Mey.,Plantae,SPECIES
160853023,74941,Gypsophila scorzonerifolia Ser.,Plantae,SPECIES
160853024,74940,Gypsophila elegans M.Bieb.,Plantae,SPECIES
160853025,74973,Herniaria incana Lam.,Plantae,SPECIES
160853026,74972,Herniaria hirsuta L.,Plantae,SPECIES
160853028,74692,Deutzia scabra Thunb.,Plantae,SPECIES
160853029,74697,Dianthus caryophyllus L.,Plantae,SPECIES
160853031,74492,Cerastium tomentosum L.,Plantae,SPECIES
160853032,74491,Cerastium biebersteinii DC.,Plantae,SPECIES
160853033,74490,Cerastium arvense subsp. arvense,Plantae,SUBSPECIES
7268098,74300,Atocion armeria (L.) Raf.,Plantae,SPECIES
160853035,74143,Agrostemma githago L.,Plantae,SPECIES
7318426,74567,"Katapsuxis silaifolia (Jacq.) Reduron, Charpin & Pimenov",Plantae,SPECIES
3629892,74466,Caucalis platycarpos var. muricata (Bisch. ex Celak.) V.N.Tikhom.,Plantae,VARIETY
3635219,74856,Ferulago sylvatica subsp. confusa (Velen.) Hartvig,Plantae,SUBSPECIES
160853045,75423,Peucedanum austriacum (Jacq.) W.D.J.Koch,Plantae,SPECIES
160853046,74139,Aethusa cynapium L.,Plantae,SPECIES
160853047,74207,Ammi majus L.,Plantae,SPECIES
160853048,74228,Angelica archangelica L.,Plantae,SPECIES
160853049,74229,Angelica archangelica subsp. archangelica,Plantae,SUBSPECIES
160853050,74227,Anethum graveolens L.,Plantae,SPECIES
160853051,74250,Apium graveolens L.,Plantae,SPECIES
160853052,74235,Anthriscus cerefolium (L.) Hoffm.,Plantae,SPECIES
160853053,74234,Anthriscus caucalis M.Bieb.,Plantae,SPECIES
10706197,74237,Anthriscus cerefolium var. trachyspermus Rchb.,Plantae,VARIETY
160853055,74236,Anthriscus cerefolium var. cerefolium,Plantae,VARIETY
160853056,74348,Bifora radians M.Bieb.,Plantae,SPECIES
160853057,74299,Astrodaucus orientalis (L.) Drude,Plantae,SPECIES
160853058,74404,Bunium bulbocastanum L.,Plantae,SPECIES
160853059,74405,Bupleurum rotundifolium L.,Plantae,SPECIES
160853060,74500,Chaerophyllum nodosum (L.) Crantz,Plantae,SPECIES
3034523,74467,Caucalis platycarpos L.,Plantae,SPECIES
160853063,74594,Coriandrum sativum L.,Plantae,SPECIES
160853064,74575,Conium maculatum L.,Plantae,SPECIES
160853066,74686,Datura stramonium L.,Plantae,SPECIES
160853067,74861,Foeniculum vulgare Mill.,Plantae,SPECIES
160853068,74819,Eryngium giganteum M.Bieb.,Plantae,SPECIES
160853069,74970,Heracleum mantegazzianum Sommier & Levier,Plantae,SPECIES
160853070,74971,Heracleum persicum Desf.,Plantae,SPECIES
160853071,75111,Levisticum officinale W.D.J.Koch,Plantae,SPECIES
160853072,75029,Imperatoria ostruthium L.,Plantae,SPECIES
160853073,75262,Myrrhis odorata (L.) Scop.,Plantae,SPECIES
7224069,75420,Petroselinum crispum subsp. crispum,Plantae,SUBSPECIES
160853075,75403,Pastinaca sativa L.,Plantae,SPECIES
160853076,75404,Pastinaca sativa subsp. sativa,Plantae,SUBSPECIES
160853077,75405,Pastinaca sativa subsp. urens (Req. ex Godr.) Celak.,Plantae,SUBSPECIES
160853078,75344,Orlaya grandiflora (L.) Hoffm.,Plantae,SPECIES
160853079,75464,Pimpinella anisum L.,Plantae,SPECIES
160853080,75465,Pimpinella peregrina L.,Plantae,SPECIES
160853081,75678,Scandix pecten-veneris L.,Plantae,SPECIES
160853082,75752,Smyrnium perfoliatum L.,Plantae,SPECIES
160853083,75750,Sium sisarum L.,Plantae,SPECIES
160853084,75901,Turgenia latifolia (L.) Hoffm.,Plantae,SPECIES
5371753,74208,Visnaga daucoides Gaertn.,Plantae,SPECIES
160853087,75854,Torilis arvensis subsp. arvensis,Plantae,SUBSPECIES
160853088,75855,Torilis nodosa (L.) Gaertn.,Plantae,SPECIES
3633963,75424,Tommasinia altissima (Mill.) Reduron,Plantae,SPECIES
3981186,75483,Sinopodophyllum hexandrum (Royle) T.S.Ying,Plantae,SPECIES
160853094,74787,Epimedium alpinum L.,Plantae,SPECIES
3033865,74336,Mahonia aquifolium (Pursh) Nutt.,Plantae,SPECIES
3033865,74337,Mahonia aquifolium (Pursh) Nutt.,Plantae,SPECIES
160853097,74338,Berberis julianae C.K.Schneid.,Plantae,SPECIES
160853098,74339,Berberis thunbergii DC.,Plantae,SPECIES
3602683,75196,Papaver cambricum L.,Plantae,SPECIES
5334216,74877,Fumaria vaillantii Loisel.,Plantae,SPECIES
8348596,74876,Fumaria vaillantii var. schrammii (Asch.) Hausskn.,Plantae,VARIETY
160853105,75525,Pseudofumaria alba subsp. alba,Plantae,SUBSPECIES
160853107,75387,Papaver dubium L.,Plantae,SPECIES
9587676,75388,Roemeria hispida Stace,Plantae,SPECIES
5531435,75385,"Roemeria argemone (L.) C.Morales, R.Mend. & Romero García",Plantae,SPECIES
160853110,75386,Papaver atlanticum subsp. mesatlanticum (Maire) Kadereit,Plantae,SUBSPECIES
160853111,75391,Papaver orientale L.,Plantae,SPECIES
160853112,75392,Papaver orientale L.,Plantae,SPECIES
160853113,75389,Papaver lecoqii Lamotte,Plantae,SPECIES
160853114,75390,Papaver nudicaule L.,Plantae,SPECIES
160853115,75393,Papaver rhoeas L.,Plantae,SPECIES
160853116,75394,Papaver somniferum L.,Plantae,SPECIES
160853117,75160,Macleaya cordata (Willd.) R.Br.,Plantae,SPECIES
160853118,74922,Glaucium corniculatum (L.) Rudolph,Plantae,SPECIES
160853119,74923,Glaucium flavum Crantz,Plantae,SPECIES
160853120,74825,Eschscholzia californica Cham.,Plantae,SPECIES
160853121,74875,Fumaria schleicheri Soy.-Will.,Plantae,SPECIES
160853122,74874,Fumaria rostellata Knaf,Plantae,SPECIES
160853123,74873,Fumaria parviflora Lam.,Plantae,SPECIES
160853124,74878,Fumaria vaillantii var. vaillantii,Plantae,VARIETY
160853125,74872,Fumaria officinalis subsp. officinalis,Plantae,SUBSPECIES
160853126,74871,Fumaria officinalis L.,Plantae,SPECIES
160853127,74870,Fumaria capreolata L.,Plantae,SPECIES
160853129,74504,Chelidonium majus L.,Plantae,SPECIES
160853130,74266,Argemone mexicana L.,Plantae,SPECIES
8429167,74578,Delphinium hispanicum Costa,Plantae,SPECIES
7277926,74226,Pulsatilla montana subsp. montana,Plantae,SUBSPECIES
160853137,74119,Aconitum ×cammarum L.,Plantae,SPECIES
160853138,75549,Ranunculus arvensis L.,Plantae,SPECIES
160853139,75548,Ranunculus acris L.,Plantae,SPECIES
160853140,75537,Pulsatilla halleri (All.) Willd.,Plantae,SPECIES
7433759,75538,Pulsatilla halleri subsp. slavica (Reuss) Zämelis,Plantae,SUBSPECIES
160853142,75289,Nigella arvensis L.,Plantae,SPECIES
160853143,75290,Nigella damascena L.,Plantae,SPECIES
160853144,75291,Nigella sativa L.,Plantae,SPECIES
160853145,74962,Helleborus niger L.,Plantae,SPECIES
160853146,74961,Helleborus foetidus L.,Plantae,SPECIES
160853147,74964,Helleborus orientalis Lam.,Plantae,SPECIES
160853148,74963,Helleborus odorus Waldst. & Kit. ex Willd.,Plantae,SPECIES
160853149,74965,Helleborus viridis L.,Plantae,SPECIES
160853150,74797,Eranthis hyemalis (L.) Salisb.,Plantae,SPECIES
160853151,74561,Clematis viticella L.,Plantae,SPECIES
160853152,74558,Clematis orientalis L.,Plantae,SPECIES
160853153,74557,Clematis flammula L.,Plantae,SPECIES
160853154,74560,Clematis vitalba L.,Plantae,SPECIES
160853155,74559,Clematis tangutica (Maxim.) Korsh.,Plantae,SPECIES
3033833,74577,Delphinium ajacis L.,Plantae,SPECIES
3033833,74579,Delphinium ajacis L.,Plantae,SPECIES
10763835,74580,Delphinium consolida subsp. consolida,Plantae,SUBSPECIES
10763835,74581,Delphinium consolida subsp. consolida,Plantae,SUBSPECIES
160853160,74253,Aquilegia atrata Koch,Plantae,SPECIES
160853161,74131,Adonis aestivalis subsp. aestivalis,Plantae,SUBSPECIES
160853162,74130,Adonis aestivalis L.,Plantae,SPECIES
5371709,74133,Adonis annua L.,Plantae,SPECIES
160853164,74132,Adonis annua L.,Plantae,SPECIES
160853165,74134,Adonis flammea Jacq.,Plantae,SPECIES
160853168,75910,Vaccinium corymbosum L.,Plantae,SPECIES
160853170,75667,Sarracenia purpurea L.,Plantae,SPECIES
160853172,75026,Impatiens parviflora DC.,Plantae,SPECIES
160853173,75027,Impatiens scabrida DC.,Plantae,SPECIES
160853174,75023,Impatiens balfourii Hook.fil.,Plantae,SPECIES
160853175,75024,Impatiens balsamina L.,Plantae,SPECIES
160853176,75025,Impatiens glandulifera Royle,Plantae,SPECIES
160853178,75445,Phlox drummondii Hook.,Plantae,SPECIES
160853179,75446,Phlox paniculata L.,Plantae,SPECIES
160853180,75447,Phlox subulata L.,Plantae,SPECIES
160853181,74917,Gilia capitata Sims,Plantae,SPECIES
160853182,74916,Gilia achilleifolia Benth.,Plantae,SPECIES
160853183,74918,Gilia tricolor Benth.,Plantae,SPECIES
160853184,74571,Collomia grandiflora Lindl.,Plantae,SPECIES
160853187,75504,Primula vulgaris Huds.,Plantae,SPECIES
8368021,74217,Lysimachia foemina (Mill.) U.Manns & Anderb.,Plantae,SPECIES
9573587,74216,Lysimachia ×doerfleri (Ronniger) Stace,Plantae,SPECIES
9631539,74218,Lysimachia arvensis subsp. arvensis,Plantae,SUBSPECIES
9631539,74215,Lysimachia arvensis subsp. arvensis,Plantae,SUBSPECIES
160853195,75503,Primula rosea Royle,Plantae,SPECIES
160853196,75157,Lysimachia punctata L.,Plantae,SPECIES
160853197,74223,Androsace elongata L.,Plantae,SPECIES
160853198,74224,Androsace maxima L.,Plantae,SPECIES
6550091,74122,Actinidia chinensis var. deliciosa (A.Chev.) A.Chev.,Plantae,VARIETY
160853204,75133,Lobelia erinus L.,Plantae,SPECIES
160853205,75080,Legousia hybrida (L.) Delarbre,Plantae,SPECIES
160853206,75081,Legousia pentagonia (L.) Thell.,Plantae,SPECIES
160853207,75082,Legousia speculum-veneris (L.) Chaix,Plantae,SPECIES
160853208,74429,Campanula alliariifolia Willd.,Plantae,SPECIES
160853209,74430,Campanula ×iserana Kovanda,Plantae,SPECIES
160853210,74431,Campanula lactiflora M.Bieb.,Plantae,SPECIES
160853211,74432,Campanula medium L.,Plantae,SPECIES
160853212,74433,Campanula rapunculus L.,Plantae,SPECIES
160853213,74434,Campanula rhomboidalis L.,Plantae,SPECIES
6063730,75708,Senecio vernalis Waldst. & Kit.,Plantae,SPECIES
3111754,75988,Zinnia elegans Jacq.,Plantae,SPECIES
3089561,74645,Centaurea cyanus L.,Plantae,SPECIES
11665063,74858,Logfia gallica (L.) Dumort.,Plantae,SPECIES
3132457,74798,Erechtites hieraciifolius (L.) Raf. ex DC.,Plantae,SPECIES
3091999,75037,Glebionis carinata (Schousb.) Tzvelev,Plantae,SPECIES
160853228,75049,Lactuca macrophylla (Willd.) A.Gray,Plantae,SPECIES
3141890,75038,Cyclachaena xanthiifolia (Nutt.) Fresen.,Plantae,SPECIES
160853231,75890,Tripolium pannonicum (Jacq.) Dobrocz.,Plantae,SPECIES
160853232,75889,Tripleurospermum inodorum (L.) Sch.-Bip,Plantae,SPECIES
160853233,75862,Tragopogon porrifolius subsp. porrifolius,Plantae,SUBSPECIES
160853234,75859,Tragopogon dubius Scop.,Plantae,SPECIES
160853235,75860,Tragopogon ×mirabilis Rouy,Plantae,SPECIES
160853236,75861,Tragopogon porrifolius L.,Plantae,SPECIES
160853237,75853,Tolpis staticifolia (All.) Sch.Bip.,Plantae,SPECIES
160853238,75834,Telekia speciosa (Schreb.) Baumg.,Plantae,SPECIES
160853239,75831,Tanacetum parthenium (L.) Sch.Bip.,Plantae,SPECIES
160853240,75832,Tanacetum vulgare L.,Plantae,SPECIES
160853241,75829,Tanacetum balsamita L.,Plantae,SPECIES
160853242,75830,Tanacetum macrophyllum (Waldst. & Kit.) Sch.Bip.,Plantae,SPECIES
160853243,75828,Tagetes erecta L.,Plantae,SPECIES
160853244,75819,Symphyotrichum ×versicolor (Willd.) G.L.Nesom,Plantae,SPECIES
160853245,75818,Symphyotrichum ×versicolor (Willd.) G.L.Nesom,Plantae,SPECIES
160853246,75817,Symphyotrichum ×versicolor (Willd.) G.L.Nesom,Plantae,SPECIES
160853247,75816,Symphyotrichum ×salignum (Willd.) G.L.Nesom,Plantae,SPECIES
160853248,75815,Symphyotrichum ×salignum (Willd.) G.L.Nesom,Plantae,SPECIES
160853250,75812,Symphyotrichum lanceolatum (Willd.) G.L.Nesom,Plantae,SPECIES
160853251,75813,Symphyotrichum novae-angliae (L.) G.L.Nesom,Plantae,SPECIES
160853252,75814,Symphyotrichum novi-belgii (L.) G.L.Nesom,Plantae,SPECIES
9052721,75980,"Xanthium strumarium Lour., 1790",Plantae,SPECIES
160853257,75979,Xanthium spinosum L.,Plantae,SPECIES
160853258,75981,Xerochrysum bracteatum (Vent.) Tzvelev,Plantae,SPECIES
160853259,75664,Santolina chamaecyparissus L.,Plantae,SPECIES
160853260,75622,Rudbeckia laciniata L.,Plantae,SPECIES
160853261,75621,Rudbeckia hirta L.,Plantae,SPECIES
10676000,75567,Leuzea repens (L.) D.J.N.Hind,Plantae,SPECIES
160853263,75565,Rhagadiolus stellatus (L.) Gaertn.,Plantae,SPECIES
9713621,75566,Leuzea carthamoides subsp. carthamoides,Plantae,SUBSPECIES
160853265,75767,Solidago canadensis L.,Plantae,SPECIES
160853266,75768,Solidago gigantea Aiton,Plantae,SPECIES
160853267,75769,Sonchus arvensis subsp. arvensis,Plantae,SUBSPECIES
160853268,75770,Sonchus asper (L.) Hill,Plantae,SPECIES
160853269,75737,Silphium perfoliatum L.,Plantae,SPECIES
160853270,75738,Silybum marianum (L.) Gaertn.,Plantae,SPECIES
160853271,75709,Senecio santiagoensis Kuntze,Plantae,SPECIES
160853272,75710,Senecio squalidus L.,Plantae,SPECIES
160853273,75711,Senecio vulgaris L.,Plantae,SPECIES
4221116,75706,Senecio ×pseudovernalis (Zabel) Nyman,Plantae,SPECIES
160853275,75707,Senecio inaequidens DC.,Plantae,SPECIES
160853276,75680,Schkuhria pinnata (Lam.) Kuntze,Plantae,SPECIES
160853278,75419,Petasites japonicus (Siebold & Zucc.) Maxim.,Plantae,SPECIES
160853279,75334,Onopordum acanthium L.,Plantae,SPECIES
160853280,75169,Madia sativa Molina,Plantae,SPECIES
160853281,75192,Matricaria discoidea DC.,Plantae,SPECIES
160853282,75191,Matricaria chamomilla L.,Plantae,SPECIES
160853283,75186,Mantisalca salmantica (L.) Briq. & Cavill.,Plantae,SPECIES
160853284,75052,Lactuca tatarica (L.) C.A.Mey.,Plantae,SPECIES
160853285,75053,Lactuca virosa L.,Plantae,SPECIES
160853286,75050,Lactuca sativa L.,Plantae,SPECIES
160853287,75051,Lactuca serriola L.,Plantae,SPECIES
160853288,75068,Lapsana communis subsp. communis,Plantae,SUBSPECIES
160853289,75067,Lapsana communis L.,Plantae,SPECIES
160853290,75030,Inula helenium L.,Plantae,SPECIES
160853291,75110,Leucanthemella serotina (L.) Tzvelev,Plantae,SPECIES
160853292,75086,Leontopodium nivale (Ten.) A.Huet ex Hand.-Mazz.,Plantae,SPECIES
160853293,74939,Guizotia abyssinica (L.fil.) Cass.,Plantae,SPECIES
160853294,74938,Grindelia squarrosa (Pursh) Dunal,Plantae,SPECIES
160853295,74952,Helianthus annuus L.,Plantae,SPECIES
160853296,74953,Helianthus hirsutus Raf.,Plantae,SPECIES
160853297,74958,Helianthus tuberosus L.,Plantae,SPECIES
160853299,74956,Helianthus petiolaris Nutt.,Plantae,SPECIES
160853300,74957,Helianthus salicifolius A.Dietr.,Plantae,SPECIES
160853301,74954,Helianthus ×laetiflorus Pers.,Plantae,SPECIES
160853302,74955,Helianthus pauciflorus Nutt.,Plantae,SPECIES
160853303,74924,Glebionis coronaria (L.) Tzvelev,Plantae,SPECIES
160853304,74925,Glebionis segetum (L.) Fourr.,Plantae,SPECIES
160853305,74966,Helminthotheca echioides (L) Holub,Plantae,SPECIES
160853306,74980,Hieracium heldreichii Boiss.,Plantae,SPECIES
160853307,74981,Hieracium mixtum Lapeyr. ex Froel.,Plantae,SPECIES
160853308,74844,Euthamia graminifolia (L.) Nutt.,Plantae,SPECIES
160853309,74843,Eurybia macrophylla (L.) Cass.,Plantae,SPECIES
160853310,74881,Gaillardia pulchella Foug.,Plantae,SPECIES
160853311,74886,Galinsoga parviflora Cav.,Plantae,SPECIES
160853312,74887,Galinsoga quadriradiata Ruiz & Pav.,Plantae,SPECIES
7825768,74880,Gaillardia grandiflora Pursh,Plantae,SPECIES
160853314,74753,Echinops exaltatus Schrad.,Plantae,SPECIES
160853316,74751,Echinocystis lobata (Michx.) Torr. & A.Gray,Plantae,SPECIES
160853317,74724,Doronicum columnae Ten.,Plantae,SPECIES
160853318,74725,Doronicum orientale Hoffm.,Plantae,SPECIES
160853319,74722,Dittrichia graveolens (L.) Greuter,Plantae,SPECIES
160853320,74720,Dipsacus strigosus Willd.,Plantae,SPECIES
160853321,74800,Erigeron annuus (L.) Pers.,Plantae,SPECIES
3117449,74802,Erigeron annuus (L.) Pers.,Plantae,SPECIES
160853323,74803,Erigeron canadensis L.,Plantae,SPECIES
160853324,74804,Erigeron primulifolius (Lam.) Greuter,Plantae,SPECIES
160853325,74805,Erigeron speciosus (Lindl.) DC.,Plantae,SPECIES
160853326,74806,Erigeron strigosus Muhl. ex Willd.,Plantae,SPECIES
3117449,74801,Erigeron annuus (L.) Pers.,Plantae,SPECIES
160853328,74757,Eclipta prostrata (L.) L.,Plantae,SPECIES
160853329,74674,Dahlia ×pinnata Cav.,Plantae,SPECIES
160853330,74611,Cotula australis (Sieber ex Spreng.) Hook.fil.,Plantae,SPECIES
160853331,74620,Crepis biennis L.,Plantae,SPECIES
160853332,74622,Crepis foetida L.,Plantae,SPECIES
160853333,74621,Crepis capillaris (L.) Wallr.,Plantae,SPECIES
7706146,74624,Crepis nicaeensis Balb.,Plantae,SPECIES
160853335,74623,Crepis foetida subsp. rhoeadifolia (M.Bieb.) Celak.,Plantae,SUBSPECIES
160853336,74626,Crepis tectorum L.,Plantae,SPECIES
160853337,74625,Crepis setosa Haller fil.,Plantae,SPECIES
160853338,74627,Crepis vesicaria L.,Plantae,SPECIES
160853339,74633,Croptilon divaricatum (Nutt.) Raf.,Plantae,SPECIES
160853340,75808,Symphyotrichum cordifolium (L.) G.L.Nesom,Plantae,SPECIES
160853341,74842,Eurybia divaricata (L.) G.L.Nesom,Plantae,SPECIES
160853342,74570,Coleostephus myconis (L.) Rchb.fil.,Plantae,SPECIES
160853343,74602,Cosmos bipinnatus Cav.,Plantae,SPECIES
160853344,74603,Cota austriaca (Jacq.) Sch.Bip.,Plantae,SPECIES
160853345,74593,Coreopsis tinctoria Nutt.,Plantae,SPECIES
160853346,74538,Cichorium intybus L.,Plantae,SPECIES
160853347,74537,Cichorium endivia L.,Plantae,SPECIES
7987728,74543,Cirsium echinus (M.Bieb.) Sch.Bip.,Plantae,SPECIES
160853349,74542,Cirsium arvense (L.) Scop.,Plantae,SPECIES
3150767,74533,Chrysanthemum ×morifolium Ramat. ex Hemsl.,Plantae,SPECIES
8099927,74546,Cirsium ×soroksarense Wagner,Plantae,SPECIES
4224312,74547,Cirsium ×boulayi E.G.Camus,Plantae,SPECIES
160853353,74544,Cirsium japonicum Fisch. ex DC.,Plantae,SPECIES
160853354,74545,Cirsium ×moravicum Petr.,Plantae,SPECIES
160853355,74548,Cirsium tuberosum (L.) All.,Plantae,SPECIES
160853356,74549,Cirsium vulgare (Savi) Ten.,Plantae,SPECIES
160853357,74463,Catananche caerulea L.,Plantae,SPECIES
160853358,74476,Centaurea ×extranea Beck ex Gugler,Plantae,SPECIES
160853359,74475,Centaurea diffusa Lam.,Plantae,SPECIES
160853360,74474,Centaurea cineraria L.,Plantae,SPECIES
160853361,74473,Centaurea calcitrapa L.,Plantae,SPECIES
160853362,74472,Centaurea benedicta (L.) L.,Plantae,SPECIES
160853364,74453,Carduus ×leptocephalus Peterm.,Plantae,SPECIES
160853365,74454,Carduus ×orthocephalus Wallr.,Plantae,SPECIES
160853366,74451,Carduus acanthoides L.,Plantae,SPECIES
7769342,74452,"Carduus crispus Guirão ex Nyman, 1879",Plantae,SPECIES
160853368,74458,Carthamus tinctorius L.,Plantae,SPECIES
160853369,74481,Centaurea melitensis L.,Plantae,SPECIES
160853370,74482,Centaurea nigra L.,Plantae,SPECIES
160853371,74483,Centaurea nigrescens Willd.,Plantae,SPECIES
160853372,74484,Centaurea solstitialis L.,Plantae,SPECIES
160853373,74114,Achillea filipendulina Lam.,Plantae,SPECIES
160853374,74113,Achillea arabica Kotschy,Plantae,SPECIES
160853376,74141,Ageratum houstonianum Mill.,Plantae,SPECIES
160853377,74140,Ageratina altissima (L.) R.M.King & H.Rob.,Plantae,SPECIES
160853378,74209,Ammobium alatum R.Br.,Plantae,SPECIES
160853379,74199,Ambrosia polystachya DC.,Plantae,SPECIES
160853380,74200,Ambrosia psilostachya DC.,Plantae,SPECIES
160853381,74201,Ambrosia trifida L.,Plantae,SPECIES
160853382,74219,Anaphalis margaritacea (L.) Benth.,Plantae,SPECIES
160853383,74214,Anacyclus clavatus (Desf.) Pers.,Plantae,SPECIES
160853384,74232,Anthemis arvensis L.,Plantae,SPECIES
160853385,74275,Artemisia absinthium L.,Plantae,SPECIES
160853386,74272,Arnoseris minima (L.) Schweigg. & Körte,Plantae,SPECIES
160853387,74264,Arctotheca calendula (L.) Levyns,Plantae,SPECIES
160853388,74263,Arctium tomentosum Mill.,Plantae,SPECIES
5393084,74262,Arctium ×nothum (Ruhmer) J.Weiss,Plantae,SPECIES
160853390,74261,Arctium ×neumannii Rouy,Plantae,SPECIES
160853391,74260,Arctium ×mixtum (Simonk.) Nyman,Plantae,SPECIES
160853392,74259,Arctium minus (Hill) Bernh.,Plantae,SPECIES
160853393,74258,Arctium ×cimbricum (E.H.L.Krause) Hayek,Plantae,SPECIES
160853394,74257,Arctium ×ambiguum (Celak.) Nyman,Plantae,SPECIES
3121562,74284,Artemisia sieversiana Ehrh. ex Willd.,Plantae,SPECIES
160853396,74286,Artemisia verlotiorum Lamotte,Plantae,SPECIES
160853397,74281,Artemisia gmelinii Weber ex Stechm.,Plantae,SPECIES
160853398,74280,Artemisia dracunculus L.,Plantae,SPECIES
160853399,74283,Artemisia scoparia Waldst. & Kit.,Plantae,SPECIES
160853400,74282,Artemisia ludoviciana Nutt.,Plantae,SPECIES
160853401,74277,Artemisia austriaca Jacq.,Plantae,SPECIES
7476542,74276,Artemisia alba Hablitz,Plantae,SPECIES
160853403,74279,Artemisia campestris L.,Plantae,SPECIES
160853404,74278,Artemisia biennis Willd.,Plantae,SPECIES
160853405,74285,Artemisia tournefortiana Rchb.,Plantae,SPECIES
160853406,74334,Bellidiastrum michelii Cass.,Plantae,SPECIES
7810109,74335,Bellis sylvestris (L.) Cyr.,Plantae,SPECIES
160853408,74347,Bidens pilosa L.,Plantae,SPECIES
160853409,74346,Bidens frondosa L.,Plantae,SPECIES
160853410,74345,"Bidens ferulifolia Hemsl., 1881",Plantae,SPECIES
160853411,74344,Bidens connata Muhl. ex Willd.,Plantae,SPECIES
160853413,74413,Calendula officinalis L.,Plantae,SPECIES
160853414,74412,Calendula arvensis L.,Plantae,SPECIES
160853415,74415,Callistephus chinensis (L.) Nees,Plantae,SPECIES
160853416,74486,Centaurea varnensis Velen.,Plantae,SPECIES
160853417,74485,Centaurea solstitialis subsp. solstitialis,Plantae,SUBSPECIES
160853418,74480,Centaurea macroptilon Borbás,Plantae,SPECIES
160853419,74479,Centaurea macrocephala Muss.Puschk. ex Willd.,Plantae,SPECIES
4252322,74478,Centaurea ×javorkae Budai & Wagn.,Plantae,SPECIES
160853421,74477,Centaurea ×gerstlaueri Erdner,Plantae,SPECIES
160853424,75467,Pinguicula crystallina subsp. hirtiflora (Ten.) A.Strid,Plantae,SUBSPECIES
160853425,75468,Pinguicula grandiflora subsp. rosea (Mutel) Casper,Plantae,SUBSPECIES
160853427,75406,Paulownia tomentosa (Thunb.) Steud.,Plantae,SPECIES
7733140,75397,Bellardia viscosa (L.) Fisch. & C.A.Mey.,Plantae,SPECIES
160853431,75350,Orobanche crenata Forssk.,Plantae,SPECIES
160853432,75352,Orobanche hederae Duby,Plantae,SPECIES
160853433,75351,Orobanche gracilis Sm.,Plantae,SPECIES
160853434,75354,Orobanche minor Sm.,Plantae,SPECIES
9568373,75353,Orobanche lucorum A.Braun ex Koch,Plantae,SPECIES
160853436,75204,Melampyrum arvense L.,Plantae,SPECIES
160853437,75205,Melampyrum barbatum Waldst. & Kit. ex Willd.,Plantae,SPECIES
7346102,75236,Erythranthe guttata (DC.) G.L.Nesom,Plantae,SPECIES
7346090,75237,Erythranthe moschata (Douglas ex Lindl.) G.L.Nesom,Plantae,SPECIES
160853444,75120,Lindernia dubia (L.) Pennell,Plantae,SPECIES
160853446,75917,Verbena bonariensis L.,Plantae,SPECIES
160853447,75919,Verbena rigida Spreng.,Plantae,SPECIES
160853448,75918,Verbena officinalis L.,Plantae,SPECIES
2925616,74920,Verbena ×hybrida Groenland & Rümpler,Plantae,SPECIES
2925587,74921,Verbena peruviana (L.) Britton,Plantae,SPECIES
160853452,75825,Syringa vulgaris L.,Plantae,SPECIES
160853453,74867,Fraxinus pennsylvanica Marshall,Plantae,SPECIES
160853454,74862,Forsythia suspensa (Thunb.) Vahl,Plantae,SPECIES
160853455,74866,Fraxinus ornus L.,Plantae,SPECIES
160853457,74462,Catalpa bignonioides Walter,Plantae,SPECIES
160853459,75692,Scrophularia vernalis L.,Plantae,SPECIES
160853460,75691,Scrophularia canina L.,Plantae,SPECIES
160853461,74397,Buddleja alternifolia Maxim.,Plantae,SPECIES
160853462,74398,Buddleja davidii Franch.,Plantae,SPECIES
7332216,75526,Veronica incana subsp. incana,Plantae,SUBSPECIES
7332437,75235,Chaenorhinum litorale subsp. litorale,Plantae,SUBSPECIES
160853468,75926,Veronica opaca Fr.,Plantae,SPECIES
160853469,75927,Veronica peregrina L.,Plantae,SPECIES
160853470,75924,Veronica hederifolia L.,Plantae,SPECIES
160853471,75925,Veronica incana subsp. incana,Plantae,SUBSPECIES
160853472,75922,Veronica arvensis L.,Plantae,SPECIES
160853473,75923,Veronica filiformis Sm.,Plantae,SPECIES
160853474,75920,Veronica acinifolia L.,Plantae,SPECIES
160853475,75921,Veronica agrestis L.,Plantae,SPECIES
3724778,75930,Veronica triloba (Opiz) Opiz,Plantae,SPECIES
160853477,75931,Veronica triphyllos L.,Plantae,SPECIES
160853478,75928,Veronica persica Poir.,Plantae,SPECIES
160853479,75929,Veronica polita Fr.,Plantae,SPECIES
160853480,75479,Plantago major L.,Plantae,SPECIES
160853481,75477,Plantago alpina L.,Plantae,SPECIES
160853482,75478,Plantago coronopus L.,Plantae,SPECIES
160853483,75476,Plantago afra L.,Plantae,SPECIES
160853484,75243,Misopates orontium (L.) Raf.,Plantae,SPECIES
160853485,75046,Kickxia spuria subsp. spuria,Plantae,SUBSPECIES
160853486,75045,Kickxia elatine subsp. elatine,Plantae,SUBSPECIES
160853487,75115,Linaria arvensis (L.) Desf.,Plantae,SPECIES
160853488,75116,Linaria incarnata (Vent.) Spreng.,Plantae,SPECIES
160853489,75119,Linaria vulgaris Mill.,Plantae,SPECIES
160853490,75118,Linaria repens (L.) Mill.,Plantae,SPECIES
160853491,75117,Linaria maroccana Hook.fil.,Plantae,SPECIES
160853492,74937,Gratiola neglecta Torr.,Plantae,SPECIES
160853493,74708,Digitalis lutea L.,Plantae,SPECIES
160853494,74707,Digitalis lanata Ehrh.,Plantae,SPECIES
160853495,74706,Diervilla lonicera Mill.,Plantae,SPECIES
160853496,74654,Cymbalaria pallida (Ten.) Wettst.,Plantae,SPECIES
160853497,74653,Cymbalaria muralis subsp. muralis,Plantae,SUBSPECIES
160853498,74652,"Cymbalaria muralis G.Gaertn., B.Mey. & Scherb.",Plantae,SPECIES
160853499,74499,Chaenorhinum minus (L.) Lange,Plantae,SPECIES
160853500,74238,Antirrhinum majus L.,Plantae,SPECIES
10660347,75220,Mentha aquatica x spicata subsp. glabrata,Plantae,SUBSPECIES
160853504,75850,Thymus vulgaris L.,Plantae,SPECIES
160853505,75849,Thymus praecox Opiz,Plantae,SPECIES
160853506,75840,Teucrium marum L.,Plantae,SPECIES
160853507,75842,Teucrium scorodonia L.,Plantae,SPECIES
160853508,75841,Teucrium polium L.,Plantae,SPECIES
160853509,75793,Stachys annua (L.) L.,Plantae,SPECIES
160853510,75795,Stachys byzantina K.Koch,Plantae,SPECIES
160853511,75794,Stachys arvensis (L.) L.,Plantae,SPECIES
7437438,74562,Clinopodium grandiflorum (L.) Kuntze,Plantae,SPECIES
7437438,74410,Clinopodium grandiflorum (L.) Kuntze,Plantae,SPECIES
160853515,75659,Salvia verbenaca L.,Plantae,SPECIES
160853516,75660,Salvia viridis L.,Plantae,SPECIES
160853517,75654,Salvia officinalis L.,Plantae,SPECIES
160853518,75655,Salvia reflexa Hornem.,Plantae,SPECIES
160853519,75656,Salvia sclarea L.,Plantae,SPECIES
160853520,75657,Salvia spinosa L.,Plantae,SPECIES
160853521,75658,Salvia splendens Sellow ex Nees,Plantae,SPECIES
160853522,75669,Satureja hortensis L.,Plantae,SPECIES
160853523,75693,Scutellaria altissima L.,Plantae,SPECIES
160853524,75282,Nepeta racemosa Lam.,Plantae,SPECIES
160853525,75279,Nepeta ×faassenii Bergmans ex Stearn,Plantae,SPECIES
160853526,74148,Ajuga chamaepitys (L.) Schreb.,Plantae,SPECIES
7935070,74149,Ajuga chamaepitys subsp. chia (Schreb.) Arcang.,Plantae,SUBSPECIES
160853528,74326,Ballota nigra subsp. nigra,Plantae,SUBSPECIES
160853529,74324,Ballota nigra L.,Plantae,SPECIES
6409536,74325,Ballota nigra subsp. nigra,Plantae,SUBSPECIES
11007246,74563,Clinopodium menthifolium (Host) Merino,Plantae,SPECIES
160853532,74564,Clinopodium nepeta (L.) Kuntze,Plantae,SPECIES
7757431,74565,Clinopodium nepeta subsp. spruneri (Boiss.) Bartolucci & F.Conti,Plantae,SUBSPECIES
160853534,74566,Clinopodium nepeta subsp. nepeta,Plantae,SUBSPECIES
160853535,74767,Elsholtzia ciliata (Thunb.) Hyl.,Plantae,SPECIES
160853536,74727,Draba sibirica (Pall.) Thell.,Plantae,SPECIES
160853537,74728,Dracocephalum moldavica L.,Plantae,SPECIES
160853538,74885,Galeopsis segetum Neck.,Plantae,SPECIES
160853539,74884,Galeopsis ladanum L.,Plantae,SPECIES
160853540,75012,Hyssopus officinalis L.,Plantae,SPECIES
5341389,75089,Leonurus cardiaca L.,Plantae,SPECIES
160853542,75087,Leonurus cardiaca L.,Plantae,SPECIES
160853543,75088,"Leonurus cardiaca subsp. intermedius (Holub) Tzvelev, 2000",Plantae,SUBSPECIES
160853544,75078,Lavandula angustifolia Mill.,Plantae,SPECIES
160853545,75058,Lamium album L.,Plantae,SPECIES
160853546,75059,Lamium amplexicaule L.,Plantae,SPECIES
160853547,75060,Lamium galeobdolon (L.) L.,Plantae,SPECIES
6411098,74883,Lamium galeobdolon subsp. argentatum (Smejkal) J.Duvign.,Plantae,SUBSPECIES
160853549,75061,Lamium galeobdolon subsp. argentatum (Smejkal) J.Duvign.,Plantae,SUBSPECIES
160853550,75062,Lamium ×holsaticum Prahl,Plantae,SPECIES
160853551,75063,Lamium orvala L.,Plantae,SPECIES
160853552,75064,Lamium purpureum L.,Plantae,SPECIES
160853553,75221,Mentha arvensis L.,Plantae,SPECIES
160853554,75222,Mentha ×dalmatica Tausch,Plantae,SPECIES
7923052,75223,Mentha ×gracilis Sole,Plantae,SPECIES
160853556,75214,Melissa officinalis L.,Plantae,SPECIES
160853557,75215,Melissa officinalis subsp. officinalis,Plantae,SUBSPECIES
160853558,75229,Mentha spicata subsp. spicata,Plantae,SUBSPECIES
160853559,75228,Mentha spicata L.,Plantae,SPECIES
160853560,75227,Mentha ×rotundifolia (L.) Huds.,Plantae,SPECIES
8974899,75225,Mentha ×rotundifolia (L.) Huds.,Plantae,SPECIES
8974899,75224,Mentha ×rotundifolia (L.) Huds.,Plantae,SPECIES
160853563,75226,Mentha ×piperita L.,Plantae,SPECIES
160853564,75187,Marrubium ×paniculatum Desr.,Plantae,SPECIES
160853565,75188,Marrubium peregrinum L.,Plantae,SPECIES
160853566,75189,Marrubium vulgare L.,Plantae,SPECIES
160853567,75343,Origanum majorana L.,Plantae,SPECIES
160853568,75298,Ocimum basilicum L.,Plantae,SPECIES
160853569,75280,Nepeta ×faassenii Bergmans ex Stearn,Plantae,SPECIES
160853570,75281,Nepeta grandiflora M.Bieb.,Plantae,SPECIES
160853571,75278,Nepeta cataria L.,Plantae,SPECIES
160853573,74104,Acanthus hungaricus (Borbás) Baen.,Plantae,SPECIES
160853576,75642,Ruta graveolens L.,Plantae,SPECIES
160853577,75531,Ptelea trifoliata L.,Plantae,SPECIES
160853579,75856,Toxicodendron pubescens Mill.,Plantae,SPECIES
160853580,75857,Toxicodendron radicans (L.) Kuntze,Plantae,SPECIES
160853581,75580,Rhus typhina L.,Plantae,SPECIES
160853582,75579,Rhus typhina L.,Plantae,SPECIES
160853583,74604,Cotinus coggygria Scop.,Plantae,SPECIES
160853585,74146,Ailanthus altissima (Mill.) Swingle,Plantae,SPECIES
160853587,75047,Koelreuteria paniculata Laxm.,Plantae,SPECIES
160853588,74137,Aesculus ×carnea Hayne,Plantae,SPECIES
160853589,74138,Aesculus hippocastanum L.,Plantae,SPECIES
160853590,74109,Acer tataricum L.,Plantae,SPECIES
4925890,74105,Acer tataricum subsp. ginnala (Maxim.) Wesm.,Plantae,SUBSPECIES
160853592,74108,Acer saccharinum L.,Plantae,SPECIES
160853593,74107,Acer negundo L.,Plantae,SPECIES
160853594,74106,Acer monspessulanum L.,Plantae,SPECIES
160853597,74951,Helianthemum nummularium (L.) Mill.,Plantae,SPECIES
9296871,75722,Ripariosida hermaphrodita (L.) Weakley & D.B.Poind.,Plantae,SPECIES
3940326,75079,Malva trimestris (L.) Salisb.,Plantae,SPECIES
160853603,75851,Tilia tomentosa Moench,Plantae,SPECIES
160853604,75725,Sida spinosa L.,Plantae,SPECIES
160853605,75724,Sida rhombifolia subsp. rhombifolia,Plantae,SUBSPECIES
160853606,75723,Sida rhombifolia L.,Plantae,SPECIES
160853607,75172,Malope trifida Cav.,Plantae,SPECIES
160853608,75178,Malva ×adulterina Wallr.,Plantae,SPECIES
160853609,75179,Malva neglecta Wallr.,Plantae,SPECIES
160853610,75180,Malva parviflora L.,Plantae,SPECIES
160853611,75181,Malva pusilla Sm.,Plantae,SPECIES
160853612,75182,Malva sylvestris L.,Plantae,SPECIES
160853613,75183,Malva sylvestris var. sylvestris,Plantae,VARIETY
160853614,75184,Malva verticillata L.,Plantae,SPECIES
160853615,75185,Malva verticillata var. verticillata,Plantae,VARIETY
160853616,74979,Hibiscus trionum L.,Plantae,SPECIES
160853617,74231,Anoda cristata (L.) Schltdl.,Plantae,SPECIES
160853618,74175,Althaea hirsuta L.,Plantae,SPECIES
160853619,74174,Althaea armeniaca Ten.,Plantae,SPECIES
160853620,74150,Alcea rosea L.,Plantae,SPECIES
160853621,74102,Abutilon theophrasti Medik.,Plantae,SPECIES
