taxonKey,nubKey,countryCode,occurrenceStatus,establishmentMeans,degreeOfEstablishment,pathway,eventDate,source
219993027,2284723,NO,present,introduced,,transport - contaminant: other means of contamination,,
219993028,11573124,NO,present,introduced,,unaided: natural dispersal across borders of invasive alien organisms,2017,
219993029,3222355,NO,present,introduced,invasive,unaided: natural dispersal across borders of invasive alien organisms,,
219993030,2284723,NO,present,introduced,,transport - contaminant: contaminant nursery material,,
219993031,3222355,NO,present,introduced,invasive,transport - contaminant: parasites on plants (including species transported by host and vector),,
219993032,2284723,NO,present,introduced,,"transport - contaminant: contaminant on plants (except parasites, species transported by host/vector)",,
219993033,11573124,NO,present,introduced,,transport - contaminant: parasites on plants (including species transported by host and vector),2017,
219993034,2284723,NO,present,introduced,,corridors: interconnected waterways/basins/seas,,
219993039,3219898,NO,present,introduced,invasive,unaided: natural dispersal across borders of invasive alien organisms,,
219993041,3219898,NO,present,introduced,invasive,transport - contaminant: parasites on plants (including species transported by host and vector),,
219993045,1001263,NO,present,introduced,,transport - stowaway: other means of transport,,
219993048,1001263,NO,present,introduced,,transport - contaminant: other means of contamination,,
219993051,3202936,NO,present,introduced,invasive,transport - contaminant: parasites on animals (including organisms transported by host and vector),1971,
219993055,1002572,NO,present,introduced,,unaided: natural dispersal across borders of invasive alien organisms,,
219993058,1002572,NO,present,introduced,,transport - stowaway: other means of transport,,
219993059,7369982,NO,present,introduced,,unaided: natural dispersal across borders of invasive alien organisms,,
219993061,1002572,NO,present,introduced,,transport - stowaway: ship/boat ballast water,,
219993062,7369982,NO,present,introduced,,"transport - contaminant: transportation of habitat material (soil, vegetation, wood etc)",,
219993064,7369982,NO,present,introduced,,transport - contaminant: contaminant nursery material,,
219993069,5239864,NO,present,introduced,,unaided: natural dispersal across borders of invasive alien organisms,1886,
219993070,3203624,NO,present,introduced,,transport - contaminant: parasites on plants (including species transported by host and vector),,
219993072,8144408,NO,present,introduced,,unaided: natural dispersal across borders of invasive alien organisms,,
219993073,5239873,NO,present,introduced,,unaided: natural dispersal across borders of invasive alien organisms,1963,
219993074,5239864,NO,present,introduced,,"transport - contaminant: contaminant on plants (except parasites, species transported by host/vector)",1886,
219993076,7611054,NO,present,introduced,invasive,unaided: natural dispersal across borders of invasive alien organisms,2020,
219993078,5166489,NO,present,introduced,,corridors: interconnected waterways/basins/seas,,
219993079,3203618,NO,present,introduced,,"transport - contaminant: transportation of habitat material (soil, vegetation, wood etc)",2009,
219993080,6467647,NO,present,introduced,,transport - stowaway: ship/boat hull fouling,,
3301120,7969936,NO,present,introduced,,unaided: natural dispersal across borders of invasive alien organisms,,
219993082,3203721,NO,present,introduced,,"transport - contaminant: transportation of habitat material (soil, vegetation, wood etc)",1989,
219993083,5166489,NO,present,introduced,,transport - stowaway: ship/boat hull fouling,,
3301120,7969936,NO,present,introduced,,"transport - contaminant: contaminant on plants (except parasites, species transported by host/vector)",,
219993085,6467647,NO,present,introduced,,unaided: natural dispersal across borders of invasive alien organisms,,
219993086,3277417,NO,present,introduced,invasive,transport - contaminant: parasites on plants (including species transported by host and vector),2009,
219993087,5239920,NO,present,introduced,,"transport - contaminant: contaminant on plants (except parasites, species transported by host/vector)",,
219993088,4805564,NO,present,introduced,,corridors: interconnected waterways/basins/seas,,
219993089,8003799,NO,present,introduced,,"transport - contaminant: transportation of habitat material (soil, vegetation, wood etc)",2011,
219993090,5239909,NO,present,introduced,,unaided: natural dispersal across borders of invasive alien organisms,,
219993091,4805564,NO,present,introduced,,transport - stowaway: ship/boat hull fouling,,
219993092,5239850,NO,present,introduced,,"transport - contaminant: contaminant on plants (except parasites, species transported by host/vector)",,
219993093,8268305,NO,present,introduced,invasive,transport - contaminant: parasites on plants (including species transported by host and vector),,
219993094,6467647,NO,present,introduced,,corridors: interconnected waterways/basins/seas,,
219993095,5239925,NO,present,introduced,,unaided: natural dispersal across borders of invasive alien organisms,1994,
219993096,3203705,NO,present,introduced,,transport - contaminant: parasites on plants (including species transported by host and vector),1995,
219993098,5239909,NO,present,introduced,,"transport - contaminant: contaminant on plants (except parasites, species transported by host/vector)",,
219993099,3203721,NO,present,introduced,,transport - contaminant: parasites on plants (including species transported by host and vector),1989,
219993101,5239851,NO,present,introduced,,unaided: natural dispersal across borders of invasive alien organisms,,
219993102,3203682,NO,present,introduced,,unaided: natural dispersal across borders of invasive alien organisms,2010,
219993103,5239925,NO,present,introduced,,"transport - contaminant: contaminant on plants (except parasites, species transported by host/vector)",1994,
219993105,5239922,NO,present,introduced,,"transport - contaminant: contaminant on plants (except parasites, species transported by host/vector)",,
219993106,4324852,NO,present,introduced,,transport - contaminant: parasites on animals (including organisms transported by host and vector),,
219993107,3203621,NO,present,introduced,invasive,"transport - contaminant: transportation of habitat material (soil, vegetation, wood etc)",2004,
219993108,5239851,NO,present,introduced,,"transport - contaminant: contaminant on plants (except parasites, species transported by host/vector)",,
219993109,3203611,NO,present,introduced,,transport - contaminant: parasites on plants (including species transported by host and vector),2012,
219993111,3277457,NO,present,introduced,,transport - contaminant: contaminant nursery material,2019,
219993112,5239873,NO,present,introduced,,"transport - contaminant: contaminant on plants (except parasites, species transported by host/vector)",1963,
219993113,5166638,NO,present,introduced,,unaided: natural dispersal across borders of invasive alien organisms,,
219993115,3203668,NO,present,introduced,invasive,transport - contaminant: parasites on plants (including species transported by host and vector),,
219993117,8339825,NO,present,introduced,,unaided: natural dispersal across borders of invasive alien organisms,2014,
219993118,2110813,NO,present,introduced,,unaided: natural dispersal across borders of invasive alien organisms,,
219993119,7911063,NO,present,introduced,,"transport - contaminant: transportation of habitat material (soil, vegetation, wood etc)",2014,
219993120,8339825,NO,present,introduced,,transport - contaminant: parasites on plants (including species transported by host and vector),2014,
219993121,2110813,NO,present,introduced,,transport - contaminant: parasites on animals (including organisms transported by host and vector),,
219993123,2110811,NO,present,introduced,,transport - contaminant: parasites on animals (including organisms transported by host and vector),,
219993124,3203627,NO,present,introduced,,unaided: natural dispersal across borders of invasive alien organisms,2004,
219993127,3277425,NO,present,introduced,invasive,transport - stowaway: people and their luggage/equipment (in particular tourism),,
219993128,5249271,NO,present,introduced,,unaided: natural dispersal across borders of invasive alien organisms,2007,
219993130,3277404,NO,present,introduced,invasive,"transport - contaminant: transportation of habitat material (soil, vegetation, wood etc)",,
219993131,5249271,NO,present,introduced,,transport - contaminant: parasites on plants (including species transported by host and vector),2007,
219993132,3203610,NO,present,introduced,invasive,"transport - contaminant: transportation of habitat material (soil, vegetation, wood etc)",2005,
219993133,4318331,NO,present,introduced,,transport - stowaway: other means of transport,2010,
219993135,4318331,NO,present,introduced,,unaided: natural dispersal across borders of invasive alien organisms,2010,
219993136,3203627,NO,present,introduced,,transport - contaminant: parasites on plants (including species transported by host and vector),2004,
219993137,4318331,NO,present,introduced,,"transport - contaminant: transportation of habitat material (soil, vegetation, wood etc)",2010,
219993138,3203650,NO,present,introduced,invasive,transport - contaminant: parasites on plants (including species transported by host and vector),,
219993139,4318331,NO,present,introduced,,"transport - contaminant: contaminant on plants (except parasites, species transported by host/vector)",2010,
219993141,8104041,NO,present,introduced,invasive,transport - contaminant: parasites on plants (including species transported by host and vector),2020,
219993143,2554082,NO,present,introduced,,transport - contaminant: parasites on plants (including species transported by host and vector),,
219993144,7572610,NO,present,introduced,,"transport - contaminant: transportation of habitat material (soil, vegetation, wood etc)",2014,
219993146,7572610,NO,present,introduced,,"transport - stowaway: vehicles (car, train, etc.)",2014,
219993147,2554082,NO,present,introduced,,unaided: natural dispersal across borders of invasive alien organisms,,
219993148,2114769,NO,present,introduced,,"transport - contaminant: contaminant on animals (except parasites, organisms transported by host/vector)",2011,
219993149,3203627,NO,present,introduced,,"transport - contaminant: transportation of habitat material (soil, vegetation, wood etc)",2004,
219993150,2114769,NO,present,introduced,,transport - stowaway: ship/boat ballast water,2011,
219993151,3277433,NO,present,introduced,invasive,"transport - contaminant: transportation of habitat material (soil, vegetation, wood etc)",,
219993153,2114769,NO,present,introduced,,unaided: natural dispersal across borders of invasive alien organisms,2011,
219993154,9649446,NO,present,introduced,,unaided: natural dispersal across borders of invasive alien organisms,2021,
219993155,2114769,NO,present,introduced,,transport - stowaway: ship/boat hull fouling,2011,
219993157,3203650,NO,present,introduced,invasive,"transport - contaminant: transportation of habitat material (soil, vegetation, wood etc)",,
219993159,8099302,NO,present,introduced,invasive,unaided: natural dispersal across borders of invasive alien organisms,,
219993160,3203625,NO,present,introduced,,transport - contaminant: parasites on plants (including species transported by host and vector),2021,
219993161,2114446,NO,present,introduced,,transport - stowaway: ship/boat ballast water,2012,
219993162,8099302,NO,present,introduced,invasive,"transport - contaminant: contaminant on plants (except parasites, species transported by host/vector)",,
219993163,3277417,NO,present,introduced,invasive,unaided: natural dispersal across borders of invasive alien organisms,2009,
219993164,2114446,NO,present,introduced,,unaided: natural dispersal across borders of invasive alien organisms,2012,
219993166,7611054,NO,present,introduced,invasive,"transport - contaminant: transportation of habitat material (soil, vegetation, wood etc)",2020,
219993167,3203682,NO,present,introduced,,transport - contaminant: parasites on plants (including species transported by host and vector),2010,
219993170,3203698,NO,present,introduced,invasive,"transport - contaminant: transportation of habitat material (soil, vegetation, wood etc)",2004,
219993171,2115769,NO,present,introduced,invasive,corridors: interconnected waterways/basins/seas,2013,
219993173,3277457,NO,present,introduced,,unaided: natural dispersal across borders of invasive alien organisms,2019,
219993174,2115769,NO,present,introduced,invasive,transport - stowaway: ship/boat hull fouling,2013,
219993175,8144408,NO,present,introduced,,transport - contaminant: parasites on plants (including species transported by host and vector),,
11812602,5242106,NO,present,introduced,,"transport - contaminant: contaminant on plants (except parasites, species transported by host/vector)",,
219993178,7572610,NO,present,introduced,,transport - contaminant: parasites on plants (including species transported by host and vector),2014,
11812602,5242106,NO,present,introduced,,transport - contaminant: timber trade,,
219993181,3203610,NO,present,introduced,invasive,"transport - contaminant: contaminant on plants (except parasites, species transported by host/vector)",2005,
219993184,8003799,NO,present,introduced,,transport - contaminant: parasites on plants (including species transported by host and vector),2011,
219993185,2536855,NO,present,introduced,invasive,unaided: natural dispersal across borders of invasive alien organisms,,
219993186,1012436,NO,present,introduced,,"transport - contaminant: transportation of habitat material (soil, vegetation, wood etc)",1994,
219993187,3203698,NO,present,introduced,invasive,transport - contaminant: parasites on plants (including species transported by host and vector),2004,
219993188,2536855,NO,present,introduced,invasive,"transport - contaminant: transportation of habitat material (soil, vegetation, wood etc)",,
219993189,7258603,NO,present,introduced,,unaided: natural dispersal across borders of invasive alien organisms,2011,
219993190,1013597,NO,present,introduced,,transport - contaminant: timber trade,1998,
219993191,2536855,NO,present,introduced,invasive,transport - contaminant: timber trade,,
219993192,1012436,NO,present,introduced,,transport - contaminant: contaminant nursery material,1994,
219993193,8268305,NO,present,introduced,invasive,"transport - contaminant: transportation of habitat material (soil, vegetation, wood etc)",,
219993194,2536855,NO,present,introduced,invasive,transport - contaminant: contaminant nursery material,,
219993195,1012436,NO,present,introduced,,transport - stowaway: container/bulk,1994,
219993196,1013597,NO,present,introduced,,transport - stowaway: container/bulk,1998,
219993197,3203618,NO,present,introduced,,unaided: natural dispersal across borders of invasive alien organisms,2009,
219993198,2536870,NO,present,introduced,invasive,transport - contaminant: timber trade,,
219993201,3203621,NO,present,introduced,invasive,transport - contaminant: contaminant nursery material,2004,
219993202,2536855,NO,present,introduced,invasive,"transport - contaminant: contaminant on plants (except parasites, species transported by host/vector)",,
219993204,3277425,NO,present,introduced,invasive,transport - contaminant: parasites on plants (including species transported by host and vector),,
219993205,2536870,NO,present,introduced,invasive,"transport - contaminant: transportation of habitat material (soil, vegetation, wood etc)",,
219993206,3203668,NO,present,introduced,invasive,"transport - contaminant: transportation of habitat material (soil, vegetation, wood etc)",,
219993207,5166760,NO,present,introduced,,transport - stowaway: ship/boat hull fouling,,
219993208,2536870,NO,present,introduced,invasive,transport - contaminant: parasites on plants (including species transported by host and vector),,
219993209,3203698,NO,present,introduced,invasive,unaided: natural dispersal across borders of invasive alien organisms,2004,
219993210,5166760,NO,present,introduced,,corridors: interconnected waterways/basins/seas,,
219993212,7611054,NO,present,introduced,invasive,transport - contaminant: parasites on plants (including species transported by host and vector),2020,
219993213,3277404,NO,present,introduced,invasive,transport - contaminant: parasites on plants (including species transported by host and vector),,
219993214,5242510,NO,present,introduced,,"transport - contaminant: transportation of habitat material (soil, vegetation, wood etc)",,
219993216,3203622,NO,present,introduced,invasive,"transport - contaminant: transportation of habitat material (soil, vegetation, wood etc)",,
219993217,5242510,NO,present,introduced,,escape: ornamental purpose other than horticulture,,
219993218,3203617,NO,present,introduced,invasive,unaided: natural dispersal across borders of invasive alien organisms,,
219993220,3343100,NO,present,introduced,,transport - contaminant: timber trade,2014,
219993221,7572610,NO,present,introduced,,unaided: natural dispersal across borders of invasive alien organisms,2014,
219993223,3203610,NO,present,introduced,invasive,transport - contaminant: parasites on plants (including species transported by host and vector),2005,
219993224,3343100,NO,present,introduced,,unaided: natural dispersal across borders of invasive alien organisms,2014,
219993225,3203624,NO,present,introduced,,"transport - contaminant: transportation of habitat material (soil, vegetation, wood etc)",,
219993226,5242465,NO,present,introduced,,transport - contaminant: timber trade,1987,
219993227,2234836,NO,present,introduced,,unaided: natural dispersal across borders of invasive alien organisms,2004,
219993228,7572610,NO,present,introduced,,transport - stowaway: machinery/equipment,2014,
219993229,7911063,NO,present,introduced,,transport - contaminant: parasites on plants (including species transported by host and vector),2014,
219993230,2234836,NO,present,introduced,,"transport - contaminant: contaminant on plants (except parasites, species transported by host/vector)",2004,
219993231,5242510,NO,present,introduced,,unaided: natural dispersal across borders of invasive alien organisms,,
219993232,7572610,NO,present,introduced,,transport - stowaway: people and their luggage/equipment (in particular tourism),2014,
219993233,2234831,NO,present,introduced,,unaided: natural dispersal across borders of invasive alien organisms,,
219993234,3203668,NO,present,introduced,invasive,unaided: natural dispersal across borders of invasive alien organisms,,
219993236,9649446,NO,present,introduced,,"transport - contaminant: transportation of habitat material (soil, vegetation, wood etc)",2021,
219993237,2234831,NO,present,introduced,,"transport - contaminant: contaminant on plants (except parasites, species transported by host/vector)",,
219993238,8144408,NO,present,introduced,,"transport - contaminant: transportation of habitat material (soil, vegetation, wood etc)",,
219993239,2234831,NO,present,introduced,,transport - stowaway: ship/boat ballast water,,
219993240,2535329,NO,present,introduced,,"transport - contaminant: transportation of habitat material (soil, vegetation, wood etc)",,
219993241,8003799,NO,present,introduced,,unaided: natural dispersal across borders of invasive alien organisms,2011,
219993242,2234831,NO,present,introduced,,"transport - contaminant: contaminant on animals (except parasites, organisms transported by host/vector)",,
219993243,2234831,NO,present,introduced,,"transport - contaminant: transportation of habitat material (soil, vegetation, wood etc)",,
219993244,5243374,NO,present,introduced,,transport - stowaway: other means of transport,1965,
219993245,3277433,NO,present,introduced,invasive,transport - contaminant: contaminant nursery material,,
219993246,2234836,NO,present,introduced,,transport - stowaway: ship/boat ballast water,2004,
219993247,7258603,NO,present,introduced,,"transport - contaminant: transportation of habitat material (soil, vegetation, wood etc)",2011,
219993248,5243412,NO,present,introduced,,transport - stowaway: hitchhikers on ship/boat (excluding ballast water and hull fouling),1949,
219993249,2234836,NO,present,introduced,,"transport - contaminant: contaminant on animals (except parasites, organisms transported by host/vector)",2004,
219993250,7258603,NO,present,introduced,,transport - contaminant: parasites on plants (including species transported by host and vector),2011,
219993251,2535563,NO,present,introduced,,unaided: natural dispersal across borders of invasive alien organisms,,
219993253,3203622,NO,present,introduced,invasive,transport - contaminant: parasites on plants (including species transported by host and vector),,
219993254,2535581,NO,present,introduced,,"transport - contaminant: transportation of habitat material (soil, vegetation, wood etc)",,
219993255,3203611,NO,present,introduced,,"transport - contaminant: transportation of habitat material (soil, vegetation, wood etc)",2012,
219993256,2234729,NO,present,introduced,,transport - stowaway: ship/boat ballast water,2002,
219993257,2535560,NO,present,introduced,,"transport - contaminant: transportation of habitat material (soil, vegetation, wood etc)",,
219993258,3277396,NO,present,introduced,,unaided: natural dispersal across borders of invasive alien organisms,2011,
219993259,2234729,NO,present,introduced,,unaided: natural dispersal across borders of invasive alien organisms,2002,
219993260,5243447,NO,present,introduced,,escape: other escape from confinement,1956,
219993261,3203705,NO,present,introduced,,unaided: natural dispersal across borders of invasive alien organisms,1995,
219993262,5243447,NO,present,introduced,,escape: live food and live bait,1956,
219993264,3203621,NO,present,introduced,invasive,unaided: natural dispersal across borders of invasive alien organisms,2004,
219993265,5243374,NO,present,introduced,,"transport - contaminant: transportation of habitat material (soil, vegetation, wood etc)",1965,
219993266,3203625,NO,present,introduced,,"transport - contaminant: transportation of habitat material (soil, vegetation, wood etc)",2021,
219993267,2234642,NO,present,introduced,invasive,transport - stowaway: ship/boat hull fouling,,
219993268,9065458,NO,present,introduced,,unaided: natural dispersal across borders of invasive alien organisms,1975,
219993269,8104041,NO,present,introduced,invasive,unaided: natural dispersal across borders of invasive alien organisms,2020,
219993270,2234642,NO,present,introduced,invasive,unaided: natural dispersal across borders of invasive alien organisms,,
219993271,5243140,NO,present,introduced,,transport - contaminant: other means of contamination,,
219993272,3203721,NO,present,introduced,,unaided: natural dispersal across borders of invasive alien organisms,1989,
219993273,2234642,NO,present,introduced,invasive,transport - stowaway: angling/fishing equipment,,
219993274,9065458,NO,present,introduced,,"transport - contaminant: transportation of habitat material (soil, vegetation, wood etc)",1975,
219993275,3203617,NO,present,introduced,invasive,transport - contaminant: parasites on plants (including species transported by host and vector),,
219993276,5955380,NO,present,introduced,,unaided: natural dispersal across borders of invasive alien organisms,1929,
219993278,3277396,NO,present,introduced,,"transport - contaminant: transportation of habitat material (soil, vegetation, wood etc)",2011,
219993279,2535839,NO,present,introduced,,transport - contaminant: timber trade,1940,
219993280,4309237,NO,present,introduced,,transport - stowaway: angling/fishing equipment,,
219993281,3277433,NO,present,introduced,invasive,unaided: natural dispersal across borders of invasive alien organisms,,
219993282,2535563,NO,present,introduced,,"transport - contaminant: transportation of habitat material (soil, vegetation, wood etc)",,
219993283,3277396,NO,present,introduced,,transport - contaminant: parasites on plants (including species transported by host and vector),2011,
219993284,5716488,NO,present,introduced,,unaided: natural dispersal across borders of invasive alien organisms,,
219993285,3333429,NO,present,introduced,,"transport - contaminant: transportation of habitat material (soil, vegetation, wood etc)",,
219993286,3277417,NO,present,introduced,invasive,"transport - contaminant: transportation of habitat material (soil, vegetation, wood etc)",2009,
219993287,4309237,NO,present,introduced,,transport - stowaway: ship/boat ballast water,,
219993288,5243140,NO,present,introduced,,"transport - contaminant: transportation of habitat material (soil, vegetation, wood etc)",,
219993289,7911063,NO,present,introduced,,unaided: natural dispersal across borders of invasive alien organisms,2014,
219993290,4309237,NO,present,introduced,,corridors: interconnected waterways/basins/seas,,
219993291,2535329,NO,present,introduced,,unaided: natural dispersal across borders of invasive alien organisms,,
219993292,3277457,NO,present,introduced,,"transport - contaminant: transportation of habitat material (soil, vegetation, wood etc)",2019,
219993294,3203650,NO,present,introduced,invasive,unaided: natural dispersal across borders of invasive alien organisms,,
219993295,5955380,NO,present,introduced,,"transport - contaminant: transportation of habitat material (soil, vegetation, wood etc)",1929,
219993296,3203682,NO,present,introduced,,"transport - contaminant: transportation of habitat material (soil, vegetation, wood etc)",2010,
219993297,5243507,NO,present,introduced,invasive,"transport - contaminant: transportation of habitat material (soil, vegetation, wood etc)",1946,
219993299,3277425,NO,present,introduced,invasive,"transport - contaminant: transportation of habitat material (soil, vegetation, wood etc)",,
219993300,2535598,NO,present,introduced,,"transport - contaminant: transportation of habitat material (soil, vegetation, wood etc)",1982,
219993301,3203617,NO,present,introduced,invasive,"transport - contaminant: transportation of habitat material (soil, vegetation, wood etc)",,
219993303,5243374,NO,present,introduced,,escape: other escape from confinement,1965,
219993304,3203705,NO,present,introduced,,"transport - contaminant: transportation of habitat material (soil, vegetation, wood etc)",1995,
219993305,5243374,NO,present,introduced,,escape: live food and live bait,1965,
219993306,5179130,NO,present,introduced,,"transport - contaminant: transportation of habitat material (soil, vegetation, wood etc)",1999,
219993307,9649446,NO,present,introduced,,transport - contaminant: parasites on plants (including species transported by host and vector),2021,
219993308,5243412,NO,present,introduced,,"transport - contaminant: transportation of habitat material (soil, vegetation, wood etc)",1949,
219993309,8104041,NO,present,introduced,invasive,"transport - contaminant: transportation of habitat material (soil, vegetation, wood etc)",2020,
219993310,5179130,NO,present,introduced,,"transport - contaminant: contaminant on plants (except parasites, species transported by host/vector)",1999,
219993312,3203611,NO,present,introduced,,unaided: natural dispersal across borders of invasive alien organisms,2012,
219993315,5446523,NO,present,introduced,,unaided: natural dispersal across borders of invasive alien organisms,,
219993317,5446523,NO,present,introduced,,"transport - contaminant: transportation of habitat material (soil, vegetation, wood etc)",,
219993322,4553296,NO,present,introduced,,transport - stowaway: hitchhikers on ship/boat (excluding ballast water and hull fouling),1996,
219993323,2535253,NO,present,introduced,,"transport - contaminant: transportation of habitat material (soil, vegetation, wood etc)",1912,
219993325,4553296,NO,present,introduced,,transport - stowaway: container/bulk,1996,
219993326,4553296,NO,present,introduced,,"transport - stowaway: vehicles (car, train, etc.)",1996,
219993327,3197314,NO,present,introduced,invasive,unaided: natural dispersal across borders of invasive alien organisms,1988,
219993328,5241853,NO,present,introduced,,"transport - contaminant: contaminant on plants (except parasites, species transported by host/vector)",1917,
219993330,3197314,NO,present,introduced,invasive,transport - stowaway: ship/boat hull fouling,1988,
219993331,5241853,NO,present,introduced,,unaided: natural dispersal across borders of invasive alien organisms,1917,
219993332,4553384,NO,present,introduced,,transport - contaminant: contaminant nursery material,,
219993333,3197314,NO,present,introduced,invasive,transport - stowaway: other means of transport,1988,
219993334,4553496,NO,present,introduced,invasive,"transport - stowaway: vehicles (car, train, etc.)",,
219993335,3197314,NO,present,introduced,invasive,transport - stowaway: angling/fishing equipment,1988,
219993337,4553430,NO,present,introduced,,transport - stowaway: container/bulk,2019,
219993339,2539193,NO,present,introduced,,unaided: natural dispersal across borders of invasive alien organisms,2001,
219993340,4553384,NO,present,introduced,,transport - stowaway: container/bulk,,
219993342,4553496,NO,present,introduced,invasive,transport - stowaway: container/bulk,,
219993343,2539193,NO,present,introduced,,transport - contaminant: other means of contamination,2001,
219993344,4553430,NO,present,introduced,,transport - contaminant: contaminant nursery material,2019,
219993345,3197970,NO,present,introduced,,corridors: interconnected waterways/basins/seas,,
219993348,3197970,NO,present,introduced,,unaided: natural dispersal across borders of invasive alien organisms,,
219993350,5241445,NO,present,introduced,,transport - contaminant: timber trade,1989,
219993351,3197970,NO,present,introduced,,transport - stowaway: ship/boat ballast water,,
219993352,2157402,NO,present,introduced,,transport - contaminant: contaminant nursery material,,
219993353,5422829,NO,present,introduced,,unaided: natural dispersal across borders of invasive alien organisms,,
219993354,5241445,NO,present,introduced,,"transport - contaminant: contaminant on plants (except parasites, species transported by host/vector)",1989,
219993355,6718178,NO,present,introduced,,transport - contaminant: contaminant nursery material,2022,
219993356,3197970,NO,present,introduced,,transport - stowaway: other means of transport,,
219993357,5241445,NO,present,introduced,,"transport - contaminant: transportation of habitat material (soil, vegetation, wood etc)",1989,
219993358,3197970,NO,present,introduced,,transport - stowaway: ship/boat hull fouling,,
219993359,2157402,NO,present,introduced,,unaided: natural dispersal across borders of invasive alien organisms,,
219993361,2157402,NO,present,introduced,,transport - stowaway: container/bulk,,
219993362,5422829,NO,present,introduced,,transport - stowaway: angling/fishing equipment,,
219993363,2157402,NO,present,introduced,,transport - stowaway: people and their luggage/equipment (in particular tourism),,
219993364,5422829,NO,present,introduced,,transport - stowaway: ship/boat hull fouling,,
219993365,8138987,NO,present,introduced,,transport - stowaway: other means of transport,1955,
219993368,8138987,NO,present,introduced,,unaided: natural dispersal across borders of invasive alien organisms,1955,
219993369,2167500,NO,present,introduced,,transport - contaminant: contaminant nursery material,,
219993373,6539249,NO,present,introduced,,corridors: interconnected waterways/basins/seas,,
219993374,2529960,NO,present,introduced,,"transport - contaminant: transportation of habitat material (soil, vegetation, wood etc)",,
219993375,2161229,NO,present,introduced,,transport - contaminant: contaminant nursery material,,
219993376,3198843,NO,present,introduced,,transport - stowaway: angling/fishing equipment,,
219993377,2526769,NO,present,introduced,,unaided: natural dispersal across borders of invasive alien organisms,,
219993378,6539249,NO,present,introduced,,transport - stowaway: ship/boat hull fouling,,
219993380,6539249,NO,present,introduced,,transport - stowaway: angling/fishing equipment,,
219993381,2529569,NO,present,introduced,,transport - contaminant: contaminant nursery material,,
219993382,5170966,NO,present,introduced,,transport - contaminant: contaminant nursery material,,
219993383,3198843,NO,present,introduced,,corridors: interconnected waterways/basins/seas,,
219993384,2529960,NO,present,introduced,,"transport - contaminant: contaminant on plants (except parasites, species transported by host/vector)",,
219993386,6539249,NO,present,introduced,,unaided: natural dispersal across borders of invasive alien organisms,,
219993387,2526769,NO,present,introduced,,"transport - contaminant: transportation of habitat material (soil, vegetation, wood etc)",,
219993388,3198843,NO,present,introduced,,transport - stowaway: ship/boat hull fouling,,
219993389,2138688,NO,present,introduced,,transport - contaminant: contaminant nursery material,2018,
219993391,2134305,NO,present,introduced,,transport - contaminant: contaminant nursery material,2001,
219993393,2533347,NO,present,introduced,,"transport - contaminant: contaminant on plants (except parasites, species transported by host/vector)",1979,
219993394,2134305,NO,present,introduced,,transport - stowaway: container/bulk,2001,
219993395,2533347,NO,present,introduced,,transport - contaminant: timber trade,1979,
219993397,2533217,NO,present,introduced,,transport - contaminant: timber trade,2008,
219993398,5168461,NO,present,introduced,,transport - contaminant: contaminant nursery material,2022,
219993399,5422556,NO,present,introduced,invasive,transport - stowaway: hitchhikers on ship/boat (excluding ballast water and hull fouling),,
219993400,2533347,NO,present,introduced,,escape: live food and live bait,1979,
219993401,2138688,NO,present,introduced,,transport - stowaway: container/bulk,2018,
219993402,2533993,NO,present,introduced,,transport - contaminant: timber trade,1987,
219993403,5422556,NO,present,introduced,invasive,corridors: interconnected waterways/basins/seas,,
219993404,2138649,NO,present,introduced,,transport - contaminant: contaminant nursery material,,
219993405,2533347,NO,present,introduced,,unaided: natural dispersal across borders of invasive alien organisms,1979,
219993406,5422556,NO,present,introduced,invasive,transport - stowaway: angling/fishing equipment,,
219993408,2534001,NO,present,introduced,,transport - contaminant: timber trade,,
219993409,2173221,NO,present,introduced,,transport - contaminant: contaminant nursery material,,
219993416,2133453,NO,present,introduced,,transport - stowaway: people and their luggage/equipment (in particular tourism),2019,
219993417,7372572,NO,present,introduced,,transport - contaminant: timber trade,,
219993419,2133453,NO,present,introduced,,transport - stowaway: container/bulk,2019,
219993420,7372572,NO,present,introduced,,transport - contaminant: parasites on plants (including species transported by host and vector),,
219993422,2133453,NO,present,introduced,,unaided: natural dispersal across borders of invasive alien organisms,2019,
219993424,2654009,NO,present,introduced,,transport - stowaway: angling/fishing equipment,,
219993426,5248712,NO,present,introduced,,"transport - contaminant: contaminant on plants (except parasites, species transported by host/vector)",1951,
219993427,2654009,NO,present,introduced,,transport - stowaway: ship/boat hull fouling,,
219993428,2139961,NO,present,introduced,,unaided: natural dispersal across borders of invasive alien organisms,,
219993431,7783291,NO,present,introduced,,transport - stowaway: container/bulk,,
219993434,7783291,NO,present,introduced,,transport - stowaway: people and their luggage/equipment (in particular tourism),,
219993435,5239483,NO,present,introduced,,"transport - contaminant: transportation of habitat material (soil, vegetation, wood etc)",,
219993436,2139961,NO,present,introduced,,transport - stowaway: container/bulk,,
219993438,5239476,NO,present,introduced,,transport - contaminant: parasites on plants (including species transported by host and vector),,
219993439,2663587,NO,present,introduced,,transport - stowaway: other means of transport,,
219993440,2139961,NO,present,introduced,,transport - stowaway: people and their luggage/equipment (in particular tourism),,
219993441,2663587,NO,present,introduced,,"transport - contaminant: contaminant on animals (except parasites, organisms transported by host/vector)",,
219993442,5239483,NO,present,introduced,,unaided: natural dispersal across borders of invasive alien organisms,,
219993444,2663587,NO,present,introduced,,unaided: natural dispersal across borders of invasive alien organisms,,
219993445,5239466,NO,present,introduced,invasive,"transport - contaminant: transportation of habitat material (soil, vegetation, wood etc)",1954,
219993447,2663587,NO,present,introduced,,transport - stowaway: angling/fishing equipment,,
219993448,5239500,NO,present,introduced,,"transport - contaminant: transportation of habitat material (soil, vegetation, wood etc)",,
219993451,5239476,NO,present,introduced,,unaided: natural dispersal across borders of invasive alien organisms,,
219993453,1251536,NO,present,introduced,,escape: other escape from confinement,,
219993454,5239500,NO,present,introduced,,unaided: natural dispersal across borders of invasive alien organisms,,
5278964,10064160,NO,present,introduced,invasive,transport - stowaway: other means of transport,2012,
219993460,1325561,NO,present,introduced,,transport - contaminant: contaminant nursery material,,
5278964,10064160,NO,present,introduced,invasive,transport - stowaway: ship/boat ballast water,2012,
219993462,1326634,NO,present,introduced,,"transport - contaminant: contaminant on plants (except parasites, species transported by host/vector)",,
219993463,9798074,NO,present,introduced,,transport - contaminant: parasites on plants (including species transported by host and vector),,
5278964,10064160,NO,present,introduced,invasive,transport - stowaway: angling/fishing equipment,2012,
219993465,9798074,NO,present,introduced,,transport - contaminant: timber trade,,
5278964,10064160,NO,present,introduced,invasive,transport - stowaway: hitchhikers on ship/boat (excluding ballast water and hull fouling),2012,
219993467,5035777,NO,present,introduced,,unaided: natural dispersal across borders of invasive alien organisms,2014,
219993470,5035802,NO,present,introduced,,transport - stowaway: people and their luggage/equipment (in particular tourism),,
219993472,1326634,NO,present,introduced,,"transport - stowaway: vehicles (car, train, etc.)",,
219993475,5035802,NO,present,introduced,,transport - stowaway: container/bulk,,
219993476,8033855,NO,present,introduced,,transport - stowaway: hitchhikers on ship/boat (excluding ballast water and hull fouling),2016,
219993477,1325561,NO,present,introduced,,transport - stowaway: people and their luggage/equipment (in particular tourism),,
219993478,1316908,NO,present,introduced,invasive,"transport - contaminant: transportation of habitat material (soil, vegetation, wood etc)",,
219993479,9810351,NO,present,introduced,,transport - contaminant: parasites on plants (including species transported by host and vector),,
219993480,8033855,NO,present,introduced,,transport - stowaway: ship/boat hull fouling,2016,
219993481,7358948,NO,present,introduced,invasive,"transport - contaminant: transportation of habitat material (soil, vegetation, wood etc)",,
219993483,8033855,NO,present,introduced,,unaided: natural dispersal across borders of invasive alien organisms,2016,
219993484,1325561,NO,present,introduced,,transport - stowaway: other means of transport,,
219993486,5237364,NO,present,introduced,,transport - contaminant: parasites on animals (including organisms transported by host and vector),,
219993487,1325561,NO,present,introduced,,transport - stowaway: container/bulk,,
219993488,2666539,NO,present,introduced,,transport - stowaway: angling/fishing equipment,,
219993489,5237364,NO,present,introduced,,transport - contaminant: parasites on plants (including species transported by host and vector),,
219993490,1326634,NO,present,introduced,,"transport - contaminant: transportation of habitat material (soil, vegetation, wood etc)",,
219993491,2666539,NO,present,introduced,,transport - stowaway: ship/boat hull fouling,,
219993492,5237364,NO,present,introduced,,unaided: natural dispersal across borders of invasive alien organisms,,
219993493,2666539,NO,present,introduced,,corridors: interconnected waterways/basins/seas,,
219993494,5237364,NO,present,introduced,,"transport - contaminant: transportation of habitat material (soil, vegetation, wood etc)",,
219993495,5035777,NO,present,introduced,,"transport - contaminant: transportation of habitat material (soil, vegetation, wood etc)",2014,
219993496,2666539,NO,present,introduced,,transport - stowaway: hitchhikers on ship/boat (excluding ballast water and hull fouling),,
219993497,7358948,NO,present,introduced,invasive,"transport - contaminant: contaminant on plants (except parasites, species transported by host/vector)",,
219993500,1325561,NO,present,introduced,,"transport - contaminant: transportation of habitat material (soil, vegetation, wood etc)",,
219993502,1316908,NO,present,introduced,invasive,"transport - contaminant: contaminant on plants (except parasites, species transported by host/vector)",,
219993503,5279603,NO,present,introduced,,transport - stowaway: angling/fishing equipment,,
219993506,5279568,NO,present,introduced,,transport - stowaway: other means of transport,,
219993507,2513932,NO,present,introduced,,transport - contaminant: parasites on plants (including species transported by host and vector),,
219993508,1370930,NO,present,introduced,,transport - stowaway: other means of transport,,
219993509,2513945,NO,present,introduced,,transport - contaminant: parasites on plants (including species transported by host and vector),,
219993510,5279603,NO,present,introduced,,transport - stowaway: other means of transport,,
219993511,2513932,NO,present,introduced,,unaided: natural dispersal across borders of invasive alien organisms,,
219993512,2668059,NO,present,introduced,,transport - stowaway: other means of transport,,
219993513,1370962,NO,present,introduced,,transport - contaminant: contaminant nursery material,,
219993514,2513967,NO,present,introduced,,transport - contaminant: parasites on plants (including species transported by host and vector),,
219993515,5279568,NO,present,introduced,,"transport - contaminant: contaminant on animals (except parasites, organisms transported by host/vector)",,
219993516,1370930,NO,present,introduced,,transport - contaminant: seed contaminant,,
219993517,5279568,NO,present,introduced,,transport - stowaway: angling/fishing equipment,,
219993518,9215031,NO,present,introduced,,transport - stowaway: people and their luggage/equipment (in particular tourism),1831,
219993519,1371011,NO,present,introduced,,transport - contaminant: parasites on plants (including species transported by host and vector),,
219993520,5279568,NO,present,introduced,,transport - stowaway: ship/boat hull fouling,,
219993521,9215031,NO,present,introduced,,unaided: natural dispersal across borders of invasive alien organisms,1831,
219993522,1371011,NO,present,introduced,,transport - stowaway: container/bulk,,
219993523,2668059,NO,present,introduced,,unaided: natural dispersal across borders of invasive alien organisms,,
219993524,9215031,NO,present,introduced,,transport - contaminant: parasites on plants (including species transported by host and vector),1831,
219993525,1370930,NO,present,introduced,,transport - contaminant: contaminant nursery material,,
219993526,2668059,NO,present,introduced,,transport - stowaway: angling/fishing equipment,,
219993527,1370962,NO,present,introduced,,unaided: natural dispersal across borders of invasive alien organisms,,
219993528,2513967,NO,present,introduced,,unaided: natural dispersal across borders of invasive alien organisms,,
219993529,5279603,NO,present,introduced,,transport - stowaway: ship/boat hull fouling,,
219993530,1370962,NO,present,introduced,,transport - stowaway: container/bulk,,
219993531,2513945,NO,present,introduced,,unaided: natural dispersal across borders of invasive alien organisms,,
219993532,1370930,NO,present,introduced,,unaided: natural dispersal across borders of invasive alien organisms,,
219993537,2516147,NO,present,introduced,,unaided: natural dispersal across borders of invasive alien organisms,,
219993538,2662823,NO,present,introduced,,transport - stowaway: ship/boat hull fouling,,
219993539,1311477,NO,present,introduced,,unaided: natural dispersal across borders of invasive alien organisms,,
219993540,2516108,NO,present,introduced,,unaided: natural dispersal across borders of invasive alien organisms,,
219993541,2662823,NO,present,introduced,,transport - stowaway: angling/fishing equipment,,
219993542,1311477,NO,present,introduced,,"transport - stowaway: organic packing material, in particular wood packaging",,
219993543,2662823,NO,present,introduced,,transport - stowaway: other means of transport,,
219993544,1311477,NO,present,introduced,,transport - stowaway: machinery/equipment,,
219993545,2516155,NO,present,introduced,,transport - contaminant: parasites on plants (including species transported by host and vector),,
219993546,1311477,NO,present,introduced,,transport - stowaway: container/bulk,,
219993548,2516181,NO,present,introduced,,unaided: natural dispersal across borders of invasive alien organisms,,
219993551,2516155,NO,present,introduced,,unaided: natural dispersal across borders of invasive alien organisms,,
219993552,4492197,NO,present,introduced,,"transport - stowaway: organic packing material, in particular wood packaging",,
219993553,9738520,NO,present,introduced,,unaided: natural dispersal across borders of invasive alien organisms,1983,
219993554,2516147,NO,present,introduced,,transport - contaminant: parasites on plants (including species transported by host and vector),,
219993555,5277734,NO,present,introduced,,transport - stowaway: ship/boat hull fouling,,
219993556,2516180,NO,present,introduced,,transport - contaminant: parasites on plants (including species transported by host and vector),,
219993557,4492197,NO,present,introduced,,transport - contaminant: timber trade,,
219993558,2516180,NO,present,introduced,,unaided: natural dispersal across borders of invasive alien organisms,,
219993559,5277463,NO,present,introduced,invasive,transport - stowaway: ship/boat hull fouling,,
219993560,4492197,NO,present,introduced,,transport - stowaway: container/bulk,,
219993561,2516108,NO,present,introduced,,transport - contaminant: parasites on plants (including species transported by host and vector),,
219993562,9738520,NO,present,introduced,,transport - stowaway: ship/boat hull fouling,1983,
219993564,2516181,NO,present,introduced,,transport - contaminant: parasites on plants (including species transported by host and vector),,
219993565,9738520,NO,present,introduced,,transport - stowaway: ship/boat ballast water,1983,
219993567,5277987,NO,present,introduced,,transport - stowaway: ship/boat hull fouling,,
219993568,1379261,NO,present,introduced,,,,
219993569,5277463,NO,present,introduced,invasive,unaided: natural dispersal across borders of invasive alien organisms,,
219993572,10970216,NO,present,introduced,,corridors: interconnected waterways/basins/seas,,
219993573,4491328,NO,present,introduced,,transport - contaminant: parasites on plants (including species transported by host and vector),2000,
7403739,8225102,NO,present,introduced,,unaided: natural dispersal across borders of invasive alien organisms,,
219993575,5277987,NO,present,introduced,,transport - stowaway: ship/boat ballast water,,
219993576,5277987,NO,present,introduced,,unaided: natural dispersal across borders of invasive alien organisms,,
7403739,8225102,NO,present,introduced,,transport - contaminant: parasites on plants (including species transported by host and vector),,
219993578,4490296,NO,present,introduced,,transport - contaminant: parasites on plants (including species transported by host and vector),1999,
219993579,5277734,NO,present,introduced,,transport - stowaway: other means of transport,,
219993580,3374230,NO,present,introduced,invasive,unaided: natural dispersal across borders of invasive alien organisms,,
219993581,10970216,NO,present,introduced,,transport - stowaway: ship/boat hull fouling,,
219993582,4491328,NO,present,introduced,,"transport - contaminant: transportation of habitat material (soil, vegetation, wood etc)",2000,
219993583,4491328,NO,present,introduced,,transport - stowaway: container/bulk,2000,
219993585,5277734,NO,present,introduced,,transport - stowaway: ship/boat ballast water,,
219993587,10970216,NO,present,introduced,,transport - stowaway: angling/fishing equipment,,
219993588,2514556,NO,present,introduced,invasive,transport - contaminant: parasites on plants (including species transported by host and vector),,
219993589,1365418,NO,present,introduced,,transport - stowaway: container/bulk,,
219993590,9738520,NO,present,introduced,,transport - stowaway: angling/fishing equipment,1983,
219993591,2514411,NO,present,introduced,,unaided: natural dispersal across borders of invasive alien organisms,,
219993592,1365418,NO,present,introduced,,transport - contaminant: parasites on plants (including species transported by host and vector),,
219993593,5277734,NO,present,introduced,,unaided: natural dispersal across borders of invasive alien organisms,,
219993594,1365418,NO,present,introduced,,escape: other escape from confinement,,
219993595,2514411,NO,present,introduced,,transport - contaminant: parasites on plants (including species transported by host and vector),,
219993596,5277654,NO,present,introduced,,unaided: natural dispersal across borders of invasive alien organisms,,
219993598,5277654,NO,present,introduced,,transport - stowaway: ship/boat ballast water,,
219993599,2514556,NO,present,introduced,invasive,unaided: natural dispersal across borders of invasive alien organisms,,
219993600,5869933,NO,present,introduced,,unaided: natural dispersal across borders of invasive alien organisms,,
219993603,5869933,NO,present,introduced,,transport - stowaway: people and their luggage/equipment (in particular tourism),,
219993604,2656854,NO,present,introduced,,transport - stowaway: ship/boat hull fouling,,
219993605,5869933,NO,present,introduced,,transport - contaminant: food contaminant (including of live food),,
219993606,2656854,NO,present,introduced,,unaided: natural dispersal across borders of invasive alien organisms,,
219993607,5869933,NO,present,introduced,,transport - contaminant: contaminated bait,,
219993608,2517467,NO,present,introduced,,transport - contaminant: parasites on plants (including species transported by host and vector),,
219993609,2656854,NO,present,introduced,,transport - stowaway: angling/fishing equipment,,
219993612,2517508,NO,present,introduced,,transport - contaminant: parasites on plants (including species transported by host and vector),,
219993614,2657641,NO,present,introduced,,transport - stowaway: angling/fishing equipment,,
219993615,2517510,NO,present,introduced,,transport - contaminant: parasites on plants (including species transported by host and vector),,
219993616,5867481,NO,present,introduced,,transport - contaminant: timber trade,,
219993617,2657472,NO,present,introduced,,transport - stowaway: ship/boat ballast water,2007,
219993618,8166358,NO,present,introduced,,transport - contaminant: parasites on plants (including species transported by host and vector),,
219993619,5867481,NO,present,introduced,,transport - contaminant: contaminant nursery material,,
219993620,2517500,NO,present,introduced,,transport - contaminant: parasites on plants (including species transported by host and vector),,
219993621,10708694,NO,present,introduced,,transport - stowaway: angling/fishing equipment,1996,
219993622,5867481,NO,present,introduced,,transport - contaminant: parasites on plants (including species transported by host and vector),,
219993623,2517505,NO,present,introduced,,transport - contaminant: parasites on plants (including species transported by host and vector),,
219993624,2657472,NO,present,introduced,,transport - stowaway: ship/boat hull fouling,2007,
219993625,2657472,NO,present,introduced,,unaided: natural dispersal across borders of invasive alien organisms,2007,
219993626,2517512,NO,present,introduced,,unaided: natural dispersal across borders of invasive alien organisms,1891,
219993628,2657651,NO,present,introduced,,transport - stowaway: angling/fishing equipment,,
219993629,2517486,NO,present,introduced,,transport - contaminant: parasites on plants (including species transported by host and vector),,
219993630,2657651,NO,present,introduced,,transport - stowaway: ship/boat hull fouling,,
219993631,4486445,NO,present,introduced,,transport - contaminant: parasites on plants (including species transported by host and vector),2022,
219993632,2517512,NO,present,introduced,,transport - contaminant: parasites on plants (including species transported by host and vector),1891,
219993633,2657651,NO,present,introduced,,unaided: natural dispersal across borders of invasive alien organisms,,
219993634,4486445,NO,present,introduced,,unaided: natural dispersal across borders of invasive alien organisms,2022,
219993635,3374373,NO,present,introduced,,transport - contaminant: parasites on plants (including species transported by host and vector),,
219993636,10708694,NO,present,introduced,,corridors: interconnected waterways/basins/seas,1996,
219993637,4486469,NO,present,introduced,,transport - contaminant: contaminant nursery material,,
219993638,10671908,NO,present,introduced,,transport - contaminant: parasites on plants (including species transported by host and vector),,
219993639,10708694,NO,present,introduced,,transport - stowaway: ship/boat hull fouling,1996,
219993640,2657432,NO,present,introduced,,transport - stowaway: angling/fishing equipment,,
219993641,10855737,NO,present,introduced,,transport - contaminant: parasites on plants (including species transported by host and vector),,
219993643,2657432,NO,present,introduced,,transport - stowaway: ship/boat hull fouling,,
219993645,8014792,NO,present,introduced,,"transport - contaminant: contaminant on animals (except parasites, organisms transported by host/vector)",,
219993646,2657641,NO,present,introduced,,unaided: natural dispersal across borders of invasive alien organisms,,
219993647,2514002,NO,present,introduced,,transport - stowaway: people and their luggage/equipment (in particular tourism),,
219993648,10708694,NO,present,introduced,,"transport - contaminant: contaminant on plants (except parasites, species transported by host/vector)",1996,
219993649,7953772,NO,present,introduced,,transport - contaminant: parasites on plants (including species transported by host and vector),,
219993650,2657641,NO,present,introduced,,transport - stowaway: ship/boat hull fouling,,
219993651,8395654,NO,present,introduced,,transport - contaminant: parasites on plants (including species transported by host and vector),,
219993652,2091700,NO,present,introduced,,unaided: natural dispersal across borders of invasive alien organisms,,
219993654,2514002,NO,present,introduced,,transport - contaminant: parasites on plants (including species transported by host and vector),,
219993655,7953772,NO,present,introduced,,unaided: natural dispersal across borders of invasive alien organisms,,
219993656,2514002,NO,present,introduced,,unaided: natural dispersal across borders of invasive alien organisms,,
219993657,2656908,NO,present,introduced,,transport - stowaway: angling/fishing equipment,1980,
219993658,2092040,NO,present,introduced,,transport - contaminant: parasites on plants (including species transported by host and vector),2022,
219993659,8395654,NO,present,introduced,,unaided: natural dispersal across borders of invasive alien organisms,,
219993660,2656908,NO,present,introduced,,transport - stowaway: ship/boat hull fouling,1980,
219993661,2090526,NO,present,introduced,,transport - contaminant: parasites on plants (including species transported by host and vector),1985,
219993663,2656908,NO,present,introduced,,transport - stowaway: ship/boat ballast water,1980,
219993666,2091700,NO,present,introduced,,transport - contaminant: parasites on plants (including species transported by host and vector),,
219993668,2659108,NO,present,introduced,,transport - stowaway: ship/boat hull fouling,1966,
219993669,8014792,NO,present,introduced,,transport - contaminant: parasites on plants (including species transported by host and vector),,
219993671,2091700,NO,present,introduced,,"transport - contaminant: contaminant on animals (except parasites, organisms transported by host/vector)",,
219993672,2659095,NO,present,introduced,invasive,corridors: interconnected waterways/basins/seas,,
219993673,8014792,NO,present,introduced,,unaided: natural dispersal across borders of invasive alien organisms,,
219993674,2581196,NO,present,introduced,,transport - contaminant: parasites on plants (including species transported by host and vector),1924,
219993675,7682935,NO,present,introduced,invasive,transport - stowaway: hitchhikers on ship/boat (excluding ballast water and hull fouling),1996,
219993676,7953772,NO,present,introduced,,"transport - contaminant: contaminant on animals (except parasites, organisms transported by host/vector)",,
219993677,2659095,NO,present,introduced,invasive,unaided: natural dispersal across borders of invasive alien organisms,,
219993678,2581196,NO,present,introduced,,unaided: natural dispersal across borders of invasive alien organisms,1924,
219993679,8255921,NO,present,introduced,,transport - contaminant: parasites on plants (including species transported by host and vector),2018,
219993680,2583541,NO,present,introduced,,transport - contaminant: parasites on plants (including species transported by host and vector),,
219993681,7682935,NO,present,introduced,invasive,transport - stowaway: angling/fishing equipment,1996,
219993682,2092040,NO,present,introduced,,unaided: natural dispersal across borders of invasive alien organisms,2022,
219993683,7682935,NO,present,introduced,invasive,unaided: natural dispersal across borders of invasive alien organisms,1996,
219993684,2583541,NO,present,introduced,,unaided: natural dispersal across borders of invasive alien organisms,,
219993686,2659108,NO,present,introduced,,transport - stowaway: ship/boat ballast water,1966,
219993688,4486367,NO,present,introduced,,transport - contaminant: parasites on plants (including species transported by host and vector),,
219993689,7682935,NO,present,introduced,invasive,transport - stowaway: ship/boat ballast water,1996,
219993690,2580559,NO,present,introduced,,transport - contaminant: parasites on plants (including species transported by host and vector),,
219993691,2659095,NO,present,introduced,invasive,transport - stowaway: angling/fishing equipment,,
219993692,4486365,NO,present,introduced,,transport - contaminant: parasites on plants (including species transported by host and vector),,
219993694,2659108,NO,present,introduced,,transport - stowaway: angling/fishing equipment,1966,
219993695,4486297,NO,present,introduced,,transport - contaminant: parasites on plants (including species transported by host and vector),,
8365396,5255908,NO,present,introduced,,transport - contaminant: parasites on plants (including species transported by host and vector),,
219993697,2659095,NO,present,introduced,invasive,transport - stowaway: ship/boat hull fouling,,
219993698,4486365,NO,present,introduced,,transport - contaminant: food contaminant (including of live food),,
219993699,2580559,NO,present,introduced,,unaided: natural dispersal across borders of invasive alien organisms,,
219993704,2583315,NO,present,introduced,invasive,transport - contaminant: parasites on plants (including species transported by host and vector),,
219993705,2583247,NO,present,introduced,,transport - contaminant: parasites on plants (including species transported by host and vector),1942,
219993706,2668884,NO,present,introduced,invasive,transport - stowaway: angling/fishing equipment,,
219993707,4390084,NO,present,introduced,,unaided: natural dispersal across borders of invasive alien organisms,2022,
219993708,2583088,NO,present,introduced,,unaided: natural dispersal across borders of invasive alien organisms,1986,
219993709,5279840,NO,present,introduced,invasive,transport - stowaway: ship/boat hull fouling,,
219993710,2583315,NO,present,introduced,invasive,unaided: natural dispersal across borders of invasive alien organisms,,
219993711,5156102,NO,present,introduced,invasive,unaided: natural dispersal across borders of invasive alien organisms,2009,
219993712,2668884,NO,present,introduced,invasive,transport - stowaway: ship/boat hull fouling,,
219993713,2583260,NO,present,introduced,,transport - contaminant: parasites on plants (including species transported by host and vector),1950,
219993714,4390084,NO,present,introduced,,transport - contaminant: contaminant nursery material,2022,
219993715,5279840,NO,present,introduced,invasive,transport - stowaway: angling/fishing equipment,,
219993716,2583315,NO,present,introduced,invasive,transport - stowaway: people and their luggage/equipment (in particular tourism),,
219993717,2668884,NO,present,introduced,invasive,transport - stowaway: ship/boat ballast water,,
219993718,4390084,NO,present,introduced,,transport - contaminant: parasites on plants (including species transported by host and vector),2022,
219993719,2583088,NO,present,introduced,,transport - contaminant: parasites on plants (including species transported by host and vector),1986,
219993720,5279840,NO,present,introduced,invasive,corridors: interconnected waterways/basins/seas,,
219993721,5156102,NO,present,introduced,invasive,transport - contaminant: contaminant nursery material,2009,
219993724,5156102,NO,present,introduced,invasive,transport - stowaway: container/bulk,2009,
219993726,2578927,NO,present,introduced,,unaided: natural dispersal across borders of invasive alien organisms,1880,
219993728,2578759,NO,present,introduced,,unaided: natural dispersal across borders of invasive alien organisms,1911,
219993729,5729905,NO,present,introduced,,transport - stowaway: ship/boat hull fouling,,
219993730,2050224,NO,present,introduced,,transport - contaminant: contaminant nursery material,2017,
219993731,2578803,NO,present,introduced,,unaided: natural dispersal across borders of invasive alien organisms,,
219993732,2050224,NO,present,introduced,,unaided: natural dispersal across borders of invasive alien organisms,2017,
219993733,2658889,NO,present,introduced,invasive,transport - stowaway: ship/boat hull fouling,2019,
219993734,3482288,NO,present,introduced,,transport - contaminant: parasites on plants (including species transported by host and vector),1985,
219993735,2050224,NO,present,introduced,,transport - contaminant: parasites on plants (including species transported by host and vector),2017,
5729909,5729909,NO,present,introduced,,transport - stowaway: ship/boat hull fouling,,
219993738,2578578,NO,present,introduced,,transport - contaminant: parasites on plants (including species transported by host and vector),1990,
219993739,2078821,NO,present,introduced,,unaided: natural dispersal across borders of invasive alien organisms,,
219993740,2577938,NO,present,introduced,,unaided: natural dispersal across borders of invasive alien organisms,,
219993741,2656507,NO,present,introduced,,transport - stowaway: ship/boat hull fouling,,
219993742,4485843,NO,present,introduced,invasive,"transport - stowaway: organic packing material, in particular wood packaging",2019,
219993743,2578578,NO,present,introduced,,unaided: natural dispersal across borders of invasive alien organisms,1990,
219993744,4485843,NO,present,introduced,invasive,"transport - stowaway: vehicles (car, train, etc.)",2019,
219993745,2658889,NO,present,introduced,invasive,corridors: interconnected waterways/basins/seas,2019,
219993746,2578925,NO,present,introduced,,transport - contaminant: parasites on plants (including species transported by host and vector),2006,
219993747,5758736,NO,present,introduced,invasive,transport - contaminant: parasites on plants (including species transported by host and vector),,
219993748,3482288,NO,present,introduced,,unaided: natural dispersal across borders of invasive alien organisms,1985,
219993749,2656674,NO,present,introduced,,transport - stowaway: hitchhikers on ship/boat (excluding ballast water and hull fouling),,
219993750,2078821,NO,present,introduced,,transport - contaminant: contaminant nursery material,,
219993751,2578372,NO,present,introduced,,transport - contaminant: parasites on plants (including species transported by host and vector),1948,
219993752,2656674,NO,present,introduced,,unaided: natural dispersal across borders of invasive alien organisms,,
219993753,2078821,NO,present,introduced,,transport - contaminant: parasites on plants (including species transported by host and vector),,
219993754,2577938,NO,present,introduced,,transport - contaminant: parasites on plants (including species transported by host and vector),,
219993755,2658889,NO,present,introduced,invasive,transport - stowaway: angling/fishing equipment,2019,
219993756,5758736,NO,present,introduced,invasive,transport - contaminant: contaminant nursery material,,
219993757,2578927,NO,present,introduced,,transport - contaminant: parasites on plants (including species transported by host and vector),1880,
219993758,2656674,NO,present,introduced,,transport - stowaway: angling/fishing equipment,,
219993759,2078852,NO,present,introduced,,transport - contaminant: food contaminant (including of live food),,
219993760,2578915,NO,present,introduced,,unaided: natural dispersal across borders of invasive alien organisms,1955,
219993761,4485843,NO,present,introduced,invasive,transport - stowaway: people and their luggage/equipment (in particular tourism),2019,
219993762,5729905,NO,present,introduced,,transport - stowaway: other means of transport,,
219993763,5255304,NO,present,introduced,,transport - contaminant: parasites on plants (including species transported by host and vector),2008,
219993764,4485843,NO,present,introduced,invasive,transport - contaminant: contaminant nursery material,2019,
219993765,2656507,NO,present,introduced,,unaided: natural dispersal across borders of invasive alien organisms,,
219993766,4485843,NO,present,introduced,invasive,unaided: natural dispersal across borders of invasive alien organisms,2019,
219993767,8252549,NO,present,introduced,invasive,transport - contaminant: parasites on plants (including species transported by host and vector),1947,
219993768,2658866,NO,present,introduced,,transport - stowaway: other means of transport,,
219993769,4485843,NO,present,introduced,invasive,transport - stowaway: container/bulk,2019,
219993770,2578803,NO,present,introduced,,transport - contaminant: parasites on plants (including species transported by host and vector),,
219993771,5758736,NO,present,introduced,invasive,"transport - stowaway: vehicles (car, train, etc.)",,
219993772,2656507,NO,present,introduced,,transport - stowaway: other means of transport,,
219993773,2578915,NO,present,introduced,,transport - contaminant: parasites on plants (including species transported by host and vector),1955,
219993774,4485843,NO,present,introduced,invasive,transport - contaminant: parasites on plants (including species transported by host and vector),2019,
219993775,2658866,NO,present,introduced,,transport - stowaway: ship/boat hull fouling,,
219993776,2578759,NO,present,introduced,,transport - contaminant: parasites on plants (including species transported by host and vector),1911,
219993777,2578925,NO,present,introduced,,unaided: natural dispersal across borders of invasive alien organisms,2006,
219993780,5255301,NO,present,introduced,,unaided: natural dispersal across borders of invasive alien organisms,1904,
219993781,2008338,NO,present,introduced,,transport - contaminant: contaminant nursery material,,
219993783,9585710,NO,present,introduced,,transport - contaminant: parasites on plants (including species transported by host and vector),1948,
219993785,2578489,NO,present,introduced,,transport - contaminant: parasites on plants (including species transported by host and vector),2006,
219993788,5255301,NO,present,introduced,,transport - contaminant: parasites on plants (including species transported by host and vector),1904,
219993789,2013203,NO,present,introduced,,transport - contaminant: parasites on plants (including species transported by host and vector),2015,
219993790,2578372,NO,present,introduced,,unaided: natural dispersal across borders of invasive alien organisms,1948,
219993791,8252549,NO,present,introduced,invasive,unaided: natural dispersal across borders of invasive alien organisms,1947,
219993793,2012819,NO,present,introduced,,transport - contaminant: parasites on plants (including species transported by host and vector),,
219993794,2584808,NO,present,introduced,,transport - contaminant: parasites on plants (including species transported by host and vector),2001,
219993795,5153213,NO,present,introduced,,transport - contaminant: parasites on plants (including species transported by host and vector),,
3605467,2650777,NO,present,introduced,,escape: botanic garden/zoo/aquaria (excluding domestic aquaria),,
3605467,2650777,NO,present,introduced,,escape: ornamental purpose other than horticulture,,
219993800,2020686,NO,present,introduced,,transport - contaminant: parasites on plants (including species transported by host and vector),2022,
219993801,2586797,NO,present,introduced,,"transport - contaminant: contaminant on plants (except parasites, species transported by host/vector)",,
219993802,2020671,NO,present,introduced,,transport - contaminant: parasites on plants (including species transported by host and vector),,
219993804,2586748,NO,present,introduced,,transport - contaminant: parasites on plants (including species transported by host and vector),1849,
219993807,9075015,NO,present,introduced,,transport - contaminant: parasites on plants (including species transported by host and vector),1943,
219993808,2586797,NO,present,introduced,,transport - contaminant: contaminant nursery material,,
219993809,2650107,NO,present,introduced,,escape: ornamental purpose other than horticulture,1995,
219993810,5985037,NO,present,introduced,,transport - contaminant: parasites on plants (including species transported by host and vector),2022,
219993812,2650107,NO,present,introduced,,release: landscape improvement,1995,
219993813,4306872,NO,present,introduced,,transport - contaminant: parasites on plants (including species transported by host and vector),,
219993814,2580719,NO,present,introduced,,unaided: natural dispersal across borders of invasive alien organisms,,
219993816,2045436,NO,present,introduced,,transport - contaminant: contaminant nursery material,,
219993817,3486795,NO,present,introduced,,unaided: natural dispersal across borders of invasive alien organisms,2007,
219993818,4483994,NO,present,introduced,,transport - contaminant: parasites on plants (including species transported by host and vector),,
219993820,2580719,NO,present,introduced,,transport - contaminant: timber trade,,
219993821,2041682,NO,present,introduced,,unaided: natural dispersal across borders of invasive alien organisms,,
219993822,2580719,NO,present,introduced,,transport - contaminant: parasites on plants (including species transported by host and vector),,
219993824,2046556,NO,present,introduced,,transport - contaminant: parasites on plants (including species transported by host and vector),,
219993825,3486795,NO,present,introduced,,transport - contaminant: parasites on plants (including species transported by host and vector),2007,
219993826,2584808,NO,present,introduced,,unaided: natural dispersal across borders of invasive alien organisms,2001,
219993827,2684363,NO,present,introduced,,escape: horticulture,,
219993828,2039844,NO,present,introduced,,transport - contaminant: parasites on plants (including species transported by host and vector),,
219993829,2027366,NO,present,introduced,,unaided: natural dispersal across borders of invasive alien organisms,,
219993831,2684178,NO,present,introduced,invasive,escape: horticulture,1952,
219993832,5985114,NO,present,introduced,,transport - contaminant: parasites on plants (including species transported by host and vector),,
219993833,8313437,NO,present,introduced,invasive,transport - contaminant: parasites on plants (including species transported by host and vector),2008,
219993834,5985037,NO,present,introduced,,unaided: natural dispersal across borders of invasive alien organisms,2022,
219993835,2683880,NO,present,introduced,,escape: botanic garden/zoo/aquaria (excluding domestic aquaria),2014,
219993836,8313437,NO,present,introduced,invasive,unaided: natural dispersal across borders of invasive alien organisms,2008,
219993837,2041682,NO,present,introduced,,transport - contaminant: parasites on plants (including species transported by host and vector),,
219993839,4484016,NO,present,introduced,,transport - contaminant: parasites on plants (including species transported by host and vector),,
219993840,2683866,NO,present,introduced,,escape: forestry (including reforestation),1942,
219993842,5284237,NO,present,introduced,,escape: ornamental purpose other than horticulture,2015,
219993843,2580627,NO,present,introduced,,transport - contaminant: parasites on plants (including species transported by host and vector),1939,
8616087,9134238,NO,present,introduced,,transport - contaminant: parasites on plants (including species transported by host and vector),,
219993845,2683936,NO,present,introduced,,escape: botanic garden/zoo/aquaria (excluding domestic aquaria),,
219993846,2580627,NO,present,introduced,,unaided: natural dispersal across borders of invasive alien organisms,1939,
219993847,2029899,NO,present,introduced,,transport - contaminant: parasites on plants (including species transported by host and vector),,
219993848,5284237,NO,present,introduced,,escape: botanic garden/zoo/aquaria (excluding domestic aquaria),2015,
219993850,2044185,NO,present,introduced,,"transport - contaminant: contaminant on plants (except parasites, species transported by host/vector)",,
219993851,2684171,NO,present,introduced,,escape: ornamental purpose other than horticulture,,
219993853,2683866,NO,present,introduced,,escape: ornamental purpose other than horticulture,1942,
219993854,2027366,NO,present,introduced,,transport - contaminant: parasites on plants (including species transported by host and vector),,
219993855,2684894,NO,present,introduced,,,,
219993857,2038171,NO,present,introduced,,transport - contaminant: parasites on plants (including species transported by host and vector),1960,
219993858,2683936,NO,present,introduced,,escape: ornamental purpose other than horticulture,,
219993859,2567747,NO,present,introduced,,transport - contaminant: parasites on plants (including species transported by host and vector),,
219993862,8382786,NO,present,introduced,,transport - contaminant: parasites on plants (including species transported by host and vector),1953,
2683894,5284235,NO,present,introduced,,escape: botanic garden/zoo/aquaria (excluding domestic aquaria),1936,
2683894,5284235,NO,present,introduced,,escape: ornamental purpose other than horticulture,1936,
7542231,5253417,NO,present,introduced,,transport - contaminant: parasites on plants (including species transported by host and vector),2000,
219993868,2684171,NO,present,introduced,,escape: horticulture,,
219993869,6096723,NO,present,introduced,,unaided: natural dispersal across borders of invasive alien organisms,,
219993870,6096723,NO,present,introduced,,transport - contaminant: parasites on plants (including species transported by host and vector),,
219993871,2683880,NO,present,introduced,,escape: ornamental purpose other than horticulture,2014,
219993872,2567747,NO,present,introduced,,unaided: natural dispersal across borders of invasive alien organisms,,
219993873,2684178,NO,present,introduced,invasive,escape: ornamental purpose other than horticulture,1952,
219993876,2684363,NO,present,introduced,,escape: ornamental purpose other than horticulture,,
219993877,2077985,NO,present,introduced,,transport - contaminant: parasites on plants (including species transported by host and vector),,
219993878,2684171,NO,present,introduced,,escape: forestry (including reforestation),,
219993879,5252870,NO,present,introduced,invasive,transport - contaminant: parasites on plants (including species transported by host and vector),,
219993880,2070692,NO,present,introduced,,transport - contaminant: parasites on plants (including species transported by host and vector),,
219993882,5252870,NO,present,introduced,invasive,unaided: natural dispersal across borders of invasive alien organisms,,
219993883,2077747,NO,present,introduced,,unaided: natural dispersal across borders of invasive alien organisms,,
219993884,6420771,NO,present,introduced,invasive,escape: horticulture,,
219993886,2076260,NO,present,introduced,,transport - contaminant: parasites on plants (including species transported by host and vector),2014,
219993887,5284524,NO,present,introduced,invasive,escape: ornamental purpose other than horticulture,,
219993888,2566255,NO,present,introduced,,"transport - contaminant: transportation of habitat material (soil, vegetation, wood etc)",,
219993889,2077518,NO,present,introduced,,transport - contaminant: parasites on plants (including species transported by host and vector),,
219993890,6420771,NO,present,introduced,invasive,escape: ornamental purpose other than horticulture,,
219993891,2077734,NO,present,introduced,,transport - contaminant: parasites on plants (including species transported by host and vector),,
219993892,2566255,NO,present,introduced,,"transport - contaminant: contaminant on plants (except parasites, species transported by host/vector)",,
219993893,5284524,NO,present,introduced,invasive,escape: horticulture,,
219993894,2076239,NO,present,introduced,,transport - contaminant: parasites on plants (including species transported by host and vector),,
219993895,2566255,NO,present,introduced,,transport - contaminant: parasites on plants (including species transported by host and vector),,
219993897,2072087,NO,present,introduced,,transport - contaminant: parasites on plants (including species transported by host and vector),,
219993899,2684984,NO,present,introduced,,escape: ornamental purpose other than horticulture,,
219993900,2075983,NO,present,introduced,,transport - contaminant: parasites on plants (including species transported by host and vector),1894,
219993902,2077747,NO,present,introduced,,transport - contaminant: parasites on plants (including species transported by host and vector),,
219993904,2077518,NO,present,introduced,,unaided: natural dispersal across borders of invasive alien organisms,,
219993905,2575249,NO,present,introduced,invasive,unaided: natural dispersal across borders of invasive alien organisms,,
219993906,5285385,NO,present,introduced,invasive,escape: ornamental purpose other than horticulture,,
219993907,2070692,NO,present,introduced,,unaided: natural dispersal across borders of invasive alien organisms,,
219993908,2575249,NO,present,introduced,invasive,transport - contaminant: parasites on plants (including species transported by host and vector),,
219993909,2078220,NO,present,introduced,,transport - contaminant: parasites on plants (including species transported by host and vector),,
219993910,2687210,NO,present,introduced,invasive,escape: forestry (including reforestation),,
219993911,2575249,NO,present,introduced,invasive,transport - contaminant: timber trade,,
219993912,2071540,NO,present,introduced,,transport - contaminant: parasites on plants (including species transported by host and vector),,
219993914,5284827,NO,present,introduced,invasive,release: other intentional release,1972,
219993915,2077747,NO,present,introduced,,transport - contaminant: food contaminant (including of live food),,
219993916,2075983,NO,present,introduced,,unaided: natural dispersal across borders of invasive alien organisms,1894,
219993917,2685524,NO,present,introduced,,escape: botanic garden/zoo/aquaria (excluding domestic aquaria),2012,
219993918,2592401,NO,present,introduced,,transport - contaminant: parasites on animals (including organisms transported by host and vector),,
219993919,2071540,NO,present,introduced,,unaided: natural dispersal across borders of invasive alien organisms,,
219993920,2074753,NO,present,introduced,,transport - contaminant: parasites on plants (including species transported by host and vector),1976,
219993921,2685326,NO,present,introduced,,escape: ornamental purpose other than horticulture,2005,
219993923,2075500,NO,present,introduced,,transport - contaminant: parasites on plants (including species transported by host and vector),2014,
219993924,5284917,NO,present,introduced,invasive,escape: forestry (including reforestation),,
219993926,2073544,NO,present,introduced,,transport - contaminant: parasites on plants (including species transported by host and vector),,
219993928,5284745,NO,present,introduced,invasive,escape: forestry (including reforestation),1911,
219993929,5254231,NO,present,introduced,invasive,transport - stowaway: hitchhikers on ship/boat (excluding ballast water and hull fouling),1981,
219993930,10844254,NO,present,introduced,invasive,transport - contaminant: parasites on plants (including species transported by host and vector),,
219993931,2687182,NO,present,introduced,,escape: ornamental purpose other than horticulture,,
219993932,5254314,NO,present,introduced,invasive,transport - stowaway: hitchhikers on ship/boat (excluding ballast water and hull fouling),1963,
219993933,10844254,NO,present,introduced,invasive,transport - contaminant: food contaminant (including of live food),,
219993934,2685308,NO,present,introduced,,escape: forestry (including reforestation),2002,
219993935,5254231,NO,present,introduced,invasive,transport - contaminant: timber trade,1981,
219993936,2086762,NO,present,introduced,,transport - contaminant: parasites on plants (including species transported by host and vector),,
219993937,5285750,NO,present,introduced,invasive,escape: ornamental purpose other than horticulture,,
219993938,2573904,NO,present,introduced,,unaided: natural dispersal across borders of invasive alien organisms,,
219993940,8321970,NO,present,introduced,,transport - contaminant: parasites on plants (including species transported by host and vector),,
219993941,5284802,NO,present,introduced,,escape: forestry (including reforestation),,
219993942,5254314,NO,present,introduced,invasive,transport - contaminant: timber trade,1963,
219993943,2685383,NO,present,introduced,,escape: forestry (including reforestation),,
219993944,8321970,NO,present,introduced,,unaided: natural dispersal across borders of invasive alien organisms,,
219993945,5254231,NO,present,introduced,invasive,"transport - stowaway: vehicles (car, train, etc.)",1981,
219993947,2685361,NO,present,introduced,,escape: forestry (including reforestation),1981,
219993950,5285533,NO,present,introduced,,,,
5252299,9605752,NO,present,introduced,invasive,"transport - contaminant: contaminant on plants (except parasites, species transported by host/vector)",,
5252299,9605752,NO,present,introduced,invasive,transport - contaminant: timber trade,,
8104237,5153526,NO,present,introduced,,unaided: natural dispersal across borders of invasive alien organisms,,
219993954,5284950,NO,present,introduced,,escape: horticulture,2008,
8104237,5153526,NO,present,introduced,,transport - contaminant: parasites on plants (including species transported by host and vector),,
5252299,9605752,NO,present,introduced,invasive,transport - contaminant: parasites on animals (including organisms transported by host and vector),,
219993957,5285134,NO,present,introduced,,escape: forestry (including reforestation),1988,
5252299,9605752,NO,present,introduced,invasive,unaided: natural dispersal across borders of invasive alien organisms,,
219993960,2685524,NO,present,introduced,,escape: ornamental purpose other than horticulture,2012,
219993961,5254314,NO,present,introduced,invasive,"transport - contaminant: contaminant on animals (except parasites, organisms transported by host/vector)",1963,
219993962,2685437,NO,present,introduced,,escape: ornamental purpose other than horticulture,,
219993963,2080592,NO,present,introduced,,transport - contaminant: parasites on plants (including species transported by host and vector),,
219993964,5254235,NO,present,introduced,,transport - contaminant: parasites on plants (including species transported by host and vector),,
219993965,5285134,NO,present,introduced,,escape: ornamental purpose other than horticulture,1988,
219993967,5254235,NO,present,introduced,,transport - contaminant: timber trade,,
219993968,5284809,NO,present,introduced,,escape: horticulture,1930,
219993969,2573904,NO,present,introduced,,transport - contaminant: parasites on plants (including species transported by host and vector),,
219993970,4486243,NO,present,introduced,,transport - stowaway: people and their luggage/equipment (in particular tourism),,
219993971,5284667,NO,present,introduced,,escape: horticulture,1988,
219993972,5254235,NO,present,introduced,,unaided: natural dispersal across borders of invasive alien organisms,,
219993973,4486243,NO,present,introduced,,"transport - stowaway: vehicles (car, train, etc.)",,
219993974,2685608,NO,present,introduced,,escape: botanic garden/zoo/aquaria (excluding domestic aquaria),,
219993975,4486243,NO,present,introduced,,"transport - stowaway: organic packing material, in particular wood packaging",,
219993978,4486243,NO,present,introduced,,transport - contaminant: parasites on plants (including species transported by host and vector),,
219993979,5284802,NO,present,introduced,,release: other intentional release,,
219993980,5284809,NO,present,introduced,,escape: ornamental purpose other than horticulture,1930,
219993982,2568837,NO,present,introduced,,unaided: natural dispersal across borders of invasive alien organisms,1885,
219993983,5284667,NO,present,introduced,,escape: forestry (including reforestation),1988,
219993984,2017811,NO,present,introduced,,unaided: natural dispersal across borders of invasive alien organisms,,
219993985,5284827,NO,present,introduced,invasive,escape: forestry (including reforestation),1972,
219993987,2017811,NO,present,introduced,,transport - contaminant: parasites on plants (including species transported by host and vector),,
219993988,5285079,NO,present,introduced,,escape: ornamental purpose other than horticulture,,
2568796,5253548,NO,present,introduced,,unaided: natural dispersal across borders of invasive alien organisms,,
219993991,2685383,NO,present,introduced,,escape: ornamental purpose other than horticulture,,
219993992,4488821,NO,present,introduced,,unaided: natural dispersal across borders of invasive alien organisms,2021,
2568796,5253548,NO,present,introduced,,transport - contaminant: parasites on plants (including species transported by host and vector),,
219993995,4487598,NO,present,introduced,,transport - contaminant: parasites on plants (including species transported by host and vector),,
219993996,2568837,NO,present,introduced,,transport - contaminant: parasites on plants (including species transported by host and vector),1885,
5284875,8825046,NO,present,introduced,invasive,release: release in nature,1990,
219993998,4487660,NO,present,introduced,,unaided: natural dispersal across borders of invasive alien organisms,2020,
5284875,8825046,NO,present,introduced,invasive,release: other intentional release,1990,
219994001,4488801,NO,present,introduced,,"transport - contaminant: contaminant on plants (except parasites, species transported by host/vector)",1999,
5284875,8825046,NO,present,introduced,invasive,escape: horticulture,1990,
5284875,8825046,NO,present,introduced,invasive,escape: forestry (including reforestation),1990,
219994006,2008878,NO,present,introduced,,unaided: natural dispersal across borders of invasive alien organisms,2017,
219994007,2685654,NO,present,introduced,,escape: ornamental purpose other than horticulture,1960,
219994008,4488821,NO,present,introduced,,transport - contaminant: parasites on plants (including species transported by host and vector),2021,
219994009,5259236,NO,present,introduced,,"transport - contaminant: transportation of habitat material (soil, vegetation, wood etc)",1978,
219994010,2687182,NO,present,introduced,,escape: forestry (including reforestation),,
219994011,4487660,NO,present,introduced,,transport - contaminant: parasites on plants (including species transported by host and vector),2020,
219994013,2685313,NO,present,introduced,invasive,escape: ornamental purpose other than horticulture,,
219994014,2011134,NO,present,introduced,,transport - contaminant: parasites on plants (including species transported by host and vector),2007,
219994015,2687201,NO,present,introduced,,escape: horticulture,,
219994017,4488801,NO,present,introduced,,transport - contaminant: contaminant nursery material,1999,
219994018,5285134,NO,present,introduced,,escape: horticulture,1988,
219994020,2008878,NO,present,introduced,,transport - contaminant: contaminant nursery material,2017,
219994021,5284794,NO,present,introduced,,escape: horticulture,1959,
219994022,3550447,NO,present,introduced,,transport - contaminant: parasites on plants (including species transported by host and vector),,
219994024,2686157,NO,present,introduced,invasive,escape: forestry (including reforestation),1968,
219994025,2593124,NO,present,introduced,invasive,transport - contaminant: parasites on plants (including species transported by host and vector),1964,
219994026,4487208,NO,present,introduced,,unaided: natural dispersal across borders of invasive alien organisms,2022,
219994028,2685400,NO,present,introduced,,escape: ornamental purpose other than horticulture,2017,
219994029,4487243,NO,present,introduced,,transport - contaminant: contaminant nursery material,,
219994031,5285355,NO,present,introduced,,escape: ornamental purpose other than horticulture,,
219994032,2020879,NO,present,introduced,,transport - contaminant: food contaminant (including of live food),,
219994034,2685437,NO,present,introduced,,escape: botanic garden/zoo/aquaria (excluding domestic aquaria),,
219994035,4487205,NO,present,introduced,,transport - contaminant: parasites on plants (including species transported by host and vector),,
219994036,2685681,NO,present,introduced,,escape: forestry (including reforestation),2003,
219994037,4487208,NO,present,introduced,,transport - contaminant: parasites on plants (including species transported by host and vector),2022,
219994038,2616157,NO,present,introduced,,transport - contaminant: parasites on plants (including species transported by host and vector),,
219994039,2685308,NO,present,introduced,,escape: botanic garden/zoo/aquaria (excluding domestic aquaria),2002,
219994040,2020879,NO,present,introduced,,"transport - contaminant: transportation of habitat material (soil, vegetation, wood etc)",,
219994041,2616157,NO,present,introduced,,unaided: natural dispersal across borders of invasive alien organisms,,
219994042,2685422,NO,present,introduced,,escape: botanic garden/zoo/aquaria (excluding domestic aquaria),,
219994043,2020879,NO,present,introduced,,transport - stowaway: container/bulk,,
219994044,2685552,NO,present,introduced,,escape: forestry (including reforestation),,
219994046,5284871,NO,present,introduced,,escape: horticulture,2006,
219994049,2685552,NO,present,introduced,,escape: ornamental purpose other than horticulture,,
219994050,2622090,NO,present,introduced,,transport - contaminant: parasites on plants (including species transported by host and vector),,
219994051,2049603,NO,present,introduced,,transport - contaminant: parasites on plants (including species transported by host and vector),,
219994052,4938682,NO,present,introduced,invasive,escape: forestry (including reforestation),1993,
219994053,2049603,NO,present,introduced,,unaided: natural dispersal across borders of invasive alien organisms,,
219994054,2685681,NO,present,introduced,,escape: botanic garden/zoo/aquaria (excluding domestic aquaria),2003,
219994055,2621914,NO,present,introduced,,transport - contaminant: contaminant nursery material,,
219994056,2049607,NO,present,introduced,,transport - contaminant: parasites on plants (including species transported by host and vector),,
219994057,2685681,NO,present,introduced,,escape: ornamental purpose other than horticulture,2003,
219994058,2686157,NO,present,introduced,invasive,escape: ornamental purpose other than horticulture,1968,
219994061,4938682,NO,present,introduced,invasive,escape: ornamental purpose other than horticulture,1993,
2049747,2049751,NO,present,introduced,,transport - contaminant: parasites on plants (including species transported by host and vector),,
10808078,2612582,NO,present,introduced,,transport - contaminant: parasites on plants (including species transported by host and vector),1952,
219994064,2685437,NO,present,introduced,,escape: forestry (including reforestation),,
219994065,2687201,NO,present,introduced,,escape: botanic garden/zoo/aquaria (excluding domestic aquaria),,
219994066,2622090,NO,present,introduced,,unaided: natural dispersal across borders of invasive alien organisms,,
219994067,2685361,NO,present,introduced,,escape: ornamental purpose other than horticulture,1981,
219994070,2685580,NO,present,introduced,invasive,escape: horticulture,1973,
7199299,2049676,NO,present,introduced,,unaided: natural dispersal across borders of invasive alien organisms,1960,
219994072,2685400,NO,present,introduced,,escape: botanic garden/zoo/aquaria (excluding domestic aquaria),2017,
219994074,2687216,NO,present,introduced,,,,
219994075,2611508,NO,present,introduced,,transport - contaminant: parasites on plants (including species transported by host and vector),,
219994076,4938682,NO,present,introduced,invasive,escape: botanic garden/zoo/aquaria (excluding domestic aquaria),1993,
7199299,2049676,NO,present,introduced,,transport - contaminant: parasites on plants (including species transported by host and vector),1960,
219994078,2685313,NO,present,introduced,invasive,escape: botanic garden/zoo/aquaria (excluding domestic aquaria),,
219994079,2611508,NO,present,introduced,,unaided: natural dispersal across borders of invasive alien organisms,,
219994080,5284827,NO,present,introduced,invasive,escape: horticulture,1972,
219994082,5285385,NO,present,introduced,invasive,release: erosion control,,
219994083,2591884,NO,present,introduced,invasive,transport - contaminant: parasites on plants (including species transported by host and vector),2001,
219994084,5284982,NO,present,introduced,invasive,escape: ornamental purpose other than horticulture,1933,
219994085,2591884,NO,present,introduced,invasive,unaided: natural dispersal across borders of invasive alien organisms,2001,
219994087,2685313,NO,present,introduced,invasive,escape: forestry (including reforestation),,
219994088,2685580,NO,present,introduced,invasive,escape: ornamental purpose other than horticulture,1973,
219994089,2591884,NO,present,introduced,invasive,transport - contaminant: seed contaminant,2001,
219994090,5285385,NO,present,introduced,invasive,escape: forestry (including reforestation),,
219994091,1421091,NO,present,introduced,,transport - stowaway: container/bulk,,
219994093,2685361,NO,present,introduced,,escape: botanic garden/zoo/aquaria (excluding domestic aquaria),1981,
219994094,5284745,NO,present,introduced,invasive,release: other intentional release,1911,
219994095,1421091,NO,present,introduced,,transport - stowaway: people and their luggage/equipment (in particular tourism),,
219994097,2687201,NO,present,introduced,,escape: forestry (including reforestation),,
219994098,1421091,NO,present,introduced,,"transport - stowaway: organic packing material, in particular wood packaging",,
219994099,5284827,NO,present,introduced,invasive,release: release in nature,1972,
2611366,2611361,NO,present,introduced,,transport - contaminant: parasites on plants (including species transported by host and vector),2006,
219994101,1421091,NO,present,introduced,,unaided: natural dispersal across borders of invasive alien organisms,,
219994102,2686276,NO,present,introduced,,escape: forestry (including reforestation),1889,
219994105,2685654,NO,present,introduced,,escape: forestry (including reforestation),1960,
219994107,2685796,NO,present,introduced,,escape: forestry (including reforestation),,
219994108,5265466,NO,present,introduced,,transport - contaminant: parasites on plants (including species transported by host and vector),1955,
219994110,2685580,NO,present,introduced,invasive,escape: botanic garden/zoo/aquaria (excluding domestic aquaria),1973,
219994111,5265466,NO,present,introduced,,transport - contaminant: other means of contamination,1955,
219994112,2685580,NO,present,introduced,invasive,escape: forestry (including reforestation),1973,
219994114,5265466,NO,present,introduced,,"transport - contaminant: contaminant on plants (except parasites, species transported by host/vector)",1955,
219994115,2685654,NO,present,introduced,,escape: botanic garden/zoo/aquaria (excluding domestic aquaria),1960,
219994119,2685383,NO,present,introduced,,escape: botanic garden/zoo/aquaria (excluding domestic aquaria),,
219994122,5284667,NO,present,introduced,,escape: ornamental purpose other than horticulture,1988,
219994123,2613119,NO,present,introduced,invasive,unaided: natural dispersal across borders of invasive alien organisms,,
219994124,9248812,NO,present,introduced,,"transport - contaminant: transportation of habitat material (soil, vegetation, wood etc)",,
219994125,2685308,NO,present,introduced,,escape: ornamental purpose other than horticulture,2002,
219994126,2613119,NO,present,introduced,invasive,transport - contaminant: parasites on plants (including species transported by host and vector),,
219994127,2687210,NO,present,introduced,invasive,escape: ornamental purpose other than horticulture,,
219994128,1420624,NO,present,introduced,,transport - contaminant: parasites on plants (including species transported by host and vector),,
219994129,5285079,NO,present,introduced,,escape: forestry (including reforestation),,
219994131,5285750,NO,present,introduced,invasive,escape: forestry (including reforestation),,
219994132,1420961,NO,present,introduced,,"transport - contaminant: transportation of habitat material (soil, vegetation, wood etc)",1978,
219994134,2686157,NO,present,introduced,invasive,escape: botanic garden/zoo/aquaria (excluding domestic aquaria),1968,
219994135,9248812,NO,present,introduced,,transport - stowaway: container/bulk,,
219994136,2685552,NO,present,introduced,,escape: botanic garden/zoo/aquaria (excluding domestic aquaria),,
219994137,5261824,NO,present,introduced,,transport - contaminant: parasites on plants (including species transported by host and vector),1906,
219994138,2685796,NO,present,introduced,,escape: ornamental purpose other than horticulture,,
219994139,8351995,NO,present,introduced,,transport - contaminant: parasites on plants (including species transported by host and vector),2011,
219994140,1420961,NO,present,introduced,,transport - contaminant: parasites on plants (including species transported by host and vector),1978,
219994143,9248812,NO,present,introduced,,transport - contaminant: parasites on plants (including species transported by host and vector),,
219994145,2612993,NO,present,introduced,,unaided: natural dispersal across borders of invasive alien organisms,,
219994146,9248812,NO,present,introduced,,unaided: natural dispersal across borders of invasive alien organisms,,
219994148,2612993,NO,present,introduced,,transport - contaminant: parasites on plants (including species transported by host and vector),,
219994150,2984676,NO,present,introduced,,unaided: natural dispersal across borders of invasive alien organisms,2001,
219994153,2984671,NO,present,introduced,,escape: ornamental purpose other than horticulture,1969,
219994154,1866568,NO,present,introduced,,transport - contaminant: parasites on plants (including species transported by host and vector),,
219994156,2984676,NO,present,introduced,,escape: ornamental purpose other than horticulture,2001,
219994161,9823072,NO,present,introduced,,transport - contaminant: seed contaminant,1862,
219994162,2627503,NO,present,introduced,invasive,"transport - contaminant: contaminant on animals (except parasites, organisms transported by host/vector)",2017,
219994163,1830257,NO,present,introduced,,unaided: natural dispersal across borders of invasive alien organisms,1981,
219994164,8427624,NO,present,introduced,,"transport - contaminant: transportation of habitat material (soil, vegetation, wood etc)",1887,
219994165,1830257,NO,present,introduced,,transport - contaminant: parasites on plants (including species transported by host and vector),1981,
219994166,2627503,NO,present,introduced,invasive,transport - contaminant: parasites on animals (including organisms transported by host and vector),2017,
219994167,9823072,NO,present,introduced,,"transport - contaminant: contaminant on plants (except parasites, species transported by host/vector)",1862,
219994168,1830271,NO,present,introduced,,transport - contaminant: parasites on plants (including species transported by host and vector),2005,
219994169,7670473,NO,present,introduced,invasive,transport - contaminant: parasites on animals (including organisms transported by host and vector),,
219994170,9823072,NO,present,introduced,,"transport - contaminant: transportation of habitat material (soil, vegetation, wood etc)",1862,
219994171,1830271,NO,present,introduced,,unaided: natural dispersal across borders of invasive alien organisms,2005,
219994172,1830284,NO,present,introduced,,transport - contaminant: parasites on plants (including species transported by host and vector),,
219994173,2891677,NO,present,introduced,,"transport - contaminant: transportation of habitat material (soil, vegetation, wood etc)",1862,
219994175,2891677,NO,present,introduced,,transport - contaminant: seed contaminant,1862,
219994176,3626521,NO,present,introduced,,escape: ornamental purpose other than horticulture,,
219994177,1817797,NO,present,introduced,,transport - contaminant: parasites on plants (including species transported by host and vector),,
219994178,9823072,NO,present,introduced,,transport - contaminant: timber trade,1862,
219994180,8427624,NO,present,introduced,,"transport - contaminant: contaminant on plants (except parasites, species transported by host/vector)",1887,
219994181,9823072,NO,present,introduced,,transport - stowaway: hitchhikers on ship/boat (excluding ballast water and hull fouling),1862,
219994182,1745725,NO,present,introduced,,transport - contaminant: parasites on plants (including species transported by host and vector),,
219994183,2891677,NO,present,introduced,,"transport - contaminant: contaminant on plants (except parasites, species transported by host/vector)",1862,
219994184,3626521,NO,present,introduced,,unaided: natural dispersal across borders of invasive alien organisms,,
219994185,8094357,NO,present,introduced,,transport - contaminant: parasites on plants (including species transported by host and vector),,
219994187,8094357,NO,present,introduced,,unaided: natural dispersal across borders of invasive alien organisms,,
219994189,1745805,NO,present,introduced,,transport - contaminant: parasites on plants (including species transported by host and vector),2004,
219994190,4252246,NO,present,introduced,,release: other intentional release,1980,
219994191,1737131,NO,present,introduced,,transport - contaminant: parasites on plants (including species transported by host and vector),,
219994192,3110686,NO,present,introduced,,transport - contaminant: timber trade,,
219994193,1745646,NO,present,introduced,,transport - contaminant: parasites on plants (including species transported by host and vector),,
219994194,3129064,NO,present,introduced,,escape: ornamental purpose other than horticulture,2016,
219994195,1745725,NO,present,introduced,,unaided: natural dispersal across borders of invasive alien organisms,,
219994197,4926336,NO,present,introduced,,escape: ornamental purpose other than horticulture,,
219994198,1924713,NO,present,introduced,,transport - contaminant: food contaminant (including of live food),2021,
219994199,3092691,NO,present,introduced,,transport - contaminant: timber trade,2004,
219994201,3151421,NO,present,introduced,,escape: horticulture,,
219994202,4532122,NO,present,introduced,,transport - contaminant: contaminant nursery material,2021,
219994203,3140490,NO,present,introduced,invasive,transport - contaminant: seed contaminant,,
219994204,1879452,NO,present,introduced,,unaided: natural dispersal across borders of invasive alien organisms,1982,
219994205,3109086,NO,present,introduced,invasive,transport - stowaway: hitchhikers on ship/boat (excluding ballast water and hull fouling),,
219994206,1879452,NO,present,introduced,,transport - contaminant: parasites on plants (including species transported by host and vector),1982,
219994207,4532122,NO,present,introduced,,unaided: natural dispersal across borders of invasive alien organisms,2021,
219994208,3118430,NO,present,introduced,,transport - stowaway: hitchhikers on ship/boat (excluding ballast water and hull fouling),1832,
219994210,5392859,NO,present,introduced,,escape: ornamental purpose other than horticulture,1939,
219994211,1750159,NO,present,introduced,,unaided: natural dispersal across borders of invasive alien organisms,,
219994212,5403531,NO,present,introduced,invasive,transport - stowaway: hitchhikers on ship/boat (excluding ballast water and hull fouling),1857,
219994213,8002952,NO,present,introduced,,transport - contaminant: seed contaminant,1915,
219994214,1750159,NO,present,introduced,,transport - contaminant: parasites on plants (including species transported by host and vector),,
219994215,1749936,NO,present,introduced,,transport - contaminant: parasites on plants (including species transported by host and vector),,
219994216,8340385,NO,present,introduced,,escape: ornamental purpose other than horticulture,1965,
219994217,1749449,NO,present,introduced,,unaided: natural dispersal across borders of invasive alien organisms,2013,
219994218,9490132,NO,present,introduced,invasive,escape: other escape from confinement,1830,
219994219,1748922,NO,present,introduced,,transport - contaminant: parasites on plants (including species transported by host and vector),,
219994220,8292300,NO,present,introduced,invasive,escape: ornamental purpose other than horticulture,1991,
219994222,3142951,NO,present,introduced,,escape: ornamental purpose other than horticulture,1965,
219994223,1851409,NO,present,introduced,,unaided: natural dispersal across borders of invasive alien organisms,,
219994224,3090393,NO,present,introduced,,escape: horticulture,1940,
219994225,1852118,NO,present,introduced,,transport - contaminant: parasites on plants (including species transported by host and vector),,
219994226,1851409,NO,present,introduced,,transport - contaminant: parasites on plants (including species transported by host and vector),,
219994227,3114643,NO,present,introduced,,transport - stowaway: hitchhikers on ship/boat (excluding ballast water and hull fouling),1820,
219994229,3113458,NO,present,introduced,,escape: botanic garden/zoo/aquaria (excluding domestic aquaria),,
4528100,4528099,NO,present,introduced,,unaided: natural dispersal across borders of invasive alien organisms,2016,
219994231,3148340,NO,present,introduced,,escape: horticulture,,
4528100,4528099,NO,present,introduced,,"transport - contaminant: contaminant on plants (except parasites, species transported by host/vector)",2016,
219994233,3137829,NO,present,introduced,,escape: ornamental purpose other than horticulture,,
219994235,3148340,NO,present,introduced,,escape: ornamental purpose other than horticulture,,
219994237,9202318,NO,present,introduced,,escape: horticulture,,
219994238,4473834,NO,present,introduced,,"transport - contaminant: transportation of habitat material (soil, vegetation, wood etc)",,
219994239,3090783,NO,present,introduced,,release: other intentional release,,
219994240,1037722,NO,present,introduced,,unaided: natural dispersal across borders of invasive alien organisms,,
219994241,3121391,NO,present,introduced,,escape: ornamental purpose other than horticulture,2006,
219994242,3129663,NO,present,introduced,,escape: ornamental purpose other than horticulture,,
219994243,9716265,NO,present,introduced,,"transport - stowaway: vehicles (car, train, etc.)",,
219994244,5389173,NO,present,introduced,invasive,escape: ornamental purpose other than horticulture,1943,
219994245,1037722,NO,present,introduced,,"transport - contaminant: transportation of habitat material (soil, vegetation, wood etc)",,
219994246,5393080,NO,present,introduced,invasive,"transport - stowaway: vehicles (car, train, etc.)",1843,
219994247,6097914,NO,present,introduced,,unaided: natural dispersal across borders of invasive alien organisms,,
219994248,3118616,NO,present,introduced,,escape: ornamental purpose other than horticulture,1940,
219994249,5873311,NO,present,introduced,,"transport - stowaway: vehicles (car, train, etc.)",,
219994250,5873311,NO,present,introduced,,"transport - contaminant: transportation of habitat material (soil, vegetation, wood etc)",,
219994251,3140490,NO,present,introduced,invasive,transport - stowaway: hitchhikers on ship/boat (excluding ballast water and hull fouling),,
219994252,4473834,NO,present,introduced,,unaided: natural dispersal across borders of invasive alien organisms,,
219994253,9182765,NO,present,introduced,,transport - contaminant: seed contaminant,,
219994255,8334709,NO,present,introduced,,transport - contaminant: timber trade,1999,
4988947,4478238,NO,present,introduced,,unaided: natural dispersal across borders of invasive alien organisms,,
219994257,3103209,NO,present,introduced,,transport - contaminant: timber trade,1998,
4988947,4478238,NO,present,introduced,,"transport - stowaway: vehicles (car, train, etc.)",,
219994259,5392859,NO,present,introduced,,escape: horticulture,1939,
4988947,4478238,NO,present,introduced,,"transport - contaminant: transportation of habitat material (soil, vegetation, wood etc)",,
219994261,7787053,NO,present,introduced,,transport - stowaway: hitchhikers on ship/boat (excluding ballast water and hull fouling),1895,
219994262,9716265,NO,present,introduced,,transport - contaminant: timber trade,,
219994263,6097914,NO,present,introduced,,"transport - contaminant: transportation of habitat material (soil, vegetation, wood etc)",,
219994264,5388603,NO,present,introduced,invasive,escape: ornamental purpose other than horticulture,1992,
219994265,5873311,NO,present,introduced,,unaided: natural dispersal across borders of invasive alien organisms,,
219994266,3132570,NO,present,introduced,,"transport - contaminant: contaminant on plants (except parasites, species transported by host/vector)",1880,
219994267,9716265,NO,present,introduced,,"transport - contaminant: transportation of habitat material (soil, vegetation, wood etc)",,
219994268,4473834,NO,present,introduced,,"transport - stowaway: vehicles (car, train, etc.)",,
219994269,5392859,NO,present,introduced,,escape: other escape from confinement,1939,
219994270,3147146,NO,present,introduced,,escape: ornamental purpose other than horticulture,1997,
219994271,5873220,NO,present,introduced,,"transport - contaminant: transportation of habitat material (soil, vegetation, wood etc)",,
219994272,5873220,NO,present,introduced,,unaided: natural dispersal across borders of invasive alien organisms,,
219994273,3107361,NO,present,introduced,,transport - contaminant: contaminated bait,1948,
219994274,9716265,NO,present,introduced,,unaided: natural dispersal across borders of invasive alien organisms,,
219994276,1037722,NO,present,introduced,,"transport - stowaway: vehicles (car, train, etc.)",,
9514530,5386002,NO,present,introduced,,escape: ornamental purpose other than horticulture,2012,
9514530,5386002,NO,present,introduced,,escape: botanic garden/zoo/aquaria (excluding domestic aquaria),2012,
219994280,1034447,NO,present,introduced,,unaided: natural dispersal across borders of invasive alien organisms,2020,
219994281,3102823,NO,present,introduced,,transport - stowaway: hitchhikers on ship/boat (excluding ballast water and hull fouling),1875,
219994282,1034244,NO,present,introduced,,unaided: natural dispersal across borders of invasive alien organisms,,
219994283,3109086,NO,present,introduced,invasive,"transport - stowaway: vehicles (car, train, etc.)",,
219994284,3146219,NO,present,introduced,,transport - contaminant: seed contaminant,,
219994285,1034447,NO,present,introduced,,transport - stowaway: other means of transport,2020,
219994286,1034244,NO,present,introduced,,"transport - contaminant: transportation of habitat material (soil, vegetation, wood etc)",,
219994287,3119175,NO,present,introduced,,escape: horticulture,,
219994288,1034447,NO,present,introduced,,"transport - contaminant: transportation of habitat material (soil, vegetation, wood etc)",2020,
219994289,5389029,NO,present,introduced,invasive,escape: ornamental purpose other than horticulture,,
219994292,5877911,NO,present,introduced,,transport - contaminant: contaminant nursery material,,
219994293,1043717,NO,present,introduced,,escape: horticulture,,
9123250,3140274,NO,present,introduced,,transport - stowaway: other means of transport,1920,
219994295,4989894,NO,present,introduced,,"transport - stowaway: organic packing material, in particular wood packaging",,
9123250,3140274,NO,present,introduced,,transport - contaminant: food contaminant (including of live food),1920,
219994297,5749351,NO,present,introduced,,unaided: natural dispersal across borders of invasive alien organisms,2006,
219994298,5391480,NO,present,introduced,,transport - contaminant: seed contaminant,1883,
219994299,4989904,NO,present,introduced,invasive,"transport - contaminant: contaminant on plants (except parasites, species transported by host/vector)",,
219994300,5392883,NO,present,introduced,invasive,escape: ornamental purpose other than horticulture,,
219994301,5749351,NO,present,introduced,,"transport - contaminant: transportation of habitat material (soil, vegetation, wood etc)",2006,
219994302,4989904,NO,present,introduced,invasive,unaided: natural dispersal across borders of invasive alien organisms,,
219994304,4989894,NO,present,introduced,,unaided: natural dispersal across borders of invasive alien organisms,,
6083034,3136806,NO,present,introduced,,"transport - stowaway: vehicles (car, train, etc.)",,
219994306,5749351,NO,present,introduced,,transport - contaminant: contaminant nursery material,2006,
219994307,5877911,NO,present,introduced,,unaided: natural dispersal across borders of invasive alien organisms,,
6083034,3136806,NO,present,introduced,,transport - contaminant: seed contaminant,,
219994309,5877911,NO,present,introduced,,escape: agriculture (including biofuel feedstocks),,
219994311,5877911,NO,present,introduced,,escape: research and ex-situ breeding (in facilities),,
3103791,5391095,NO,present,introduced,,transport - stowaway: ship/boat ballast water,,
219994313,4989904,NO,present,introduced,invasive,"transport - contaminant: transportation of habitat material (soil, vegetation, wood etc)",,
3103791,5391095,NO,present,introduced,,"transport - stowaway: vehicles (car, train, etc.)",,
3103791,5391095,NO,present,introduced,,"transport - contaminant: transportation of habitat material (soil, vegetation, wood etc)",,
3103791,5391095,NO,present,introduced,,transport - contaminant: seed contaminant,,
219994318,4995700,NO,present,introduced,,unaided: natural dispersal across borders of invasive alien organisms,,
3103791,5391095,NO,present,introduced,,"transport - contaminant: contaminant on plants (except parasites, species transported by host/vector)",,
3103791,5391095,NO,present,introduced,,escape: botanic garden/zoo/aquaria (excluding domestic aquaria),,
219994323,1043858,NO,present,introduced,,transport - contaminant: food contaminant (including of live food),2009,
7337604,8111836,NO,present,introduced,,"transport - stowaway: vehicles (car, train, etc.)",,
219994325,1043858,NO,present,introduced,,unaided: natural dispersal across borders of invasive alien organisms,2009,
7337604,8111836,NO,present,introduced,,transport - contaminant: seed contaminant,,
219994328,5391480,NO,present,introduced,,transport - stowaway: hitchhikers on ship/boat (excluding ballast water and hull fouling),1883,
219994329,7987143,NO,present,introduced,,unaided: natural dispersal across borders of invasive alien organisms,,
219994330,5405938,NO,present,introduced,,escape: botanic garden/zoo/aquaria (excluding domestic aquaria),,
219994331,1122938,NO,present,introduced,,transport - contaminant: timber trade,,
219994332,3119181,NO,present,introduced,,escape: ornamental purpose other than horticulture,1930,
219994333,7987143,NO,present,introduced,,transport - contaminant: parasites on plants (including species transported by host and vector),,
219994334,3121562,NO,present,introduced,,transport - contaminant: seed contaminant,2005,
219994335,7572133,NO,present,introduced,invasive,transport - contaminant: timber trade,,
219994336,3133927,NO,present,introduced,,escape: ornamental purpose other than horticulture,2002,
219994337,7987143,NO,present,introduced,,transport - contaminant: contaminant nursery material,,
219994338,5403304,NO,present,introduced,,"transport - stowaway: vehicles (car, train, etc.)",1875,
219994339,4739415,NO,present,introduced,,transport - contaminant: timber trade,,
219994340,1151427,NO,present,introduced,,unaided: natural dispersal across borders of invasive alien organisms,,
219994341,3147146,NO,present,introduced,,escape: botanic garden/zoo/aquaria (excluding domestic aquaria),1997,
219994342,3151558,NO,present,introduced,,escape: ornamental purpose other than horticulture,1897,
219994343,7987143,NO,present,introduced,,transport - contaminant: timber trade,,
219994344,3151421,NO,present,introduced,,escape: ornamental purpose other than horticulture,,
219994345,1122938,NO,present,introduced,,unaided: natural dispersal across borders of invasive alien organisms,,
219994346,9490132,NO,present,introduced,invasive,"transport - contaminant: transportation of habitat material (soil, vegetation, wood etc)",1830,
219994347,4293134,NO,present,introduced,,unaided: natural dispersal across borders of invasive alien organisms,,
219994348,9202318,NO,present,introduced,,escape: ornamental purpose other than horticulture,,
219994349,4293134,NO,present,introduced,,transport - contaminant: timber trade,,
219994350,5389029,NO,present,introduced,invasive,escape: horticulture,,
219994351,1122946,NO,present,introduced,,transport - contaminant: timber trade,,
219994352,8195160,NO,present,introduced,,escape: ornamental purpose other than horticulture,1873,
219994353,1122946,NO,present,introduced,,"transport - stowaway: organic packing material, in particular wood packaging",,
219994354,4739415,NO,present,introduced,,"transport - stowaway: organic packing material, in particular wood packaging",,
219994355,9448191,NO,present,introduced,,transport - contaminant: seed contaminant,1881,
219994357,3132570,NO,present,introduced,,transport - stowaway: hitchhikers on ship/boat (excluding ballast water and hull fouling),1880,
219994358,6132339,NO,present,introduced,,"transport - contaminant: transportation of habitat material (soil, vegetation, wood etc)",1986,
219994359,3151558,NO,present,introduced,,escape: horticulture,1897,
219994360,6132339,NO,present,introduced,,transport - contaminant: timber trade,1986,
219994361,3110686,NO,present,introduced,,transport - contaminant: seed contaminant,,
219994362,6132339,NO,present,introduced,,transport - contaminant: contaminant nursery material,1986,
219994363,5388598,NO,present,introduced,invasive,escape: other escape from confinement,1992,
219994365,5389028,NO,present,introduced,,escape: ornamental purpose other than horticulture,,
219994366,4451122,NO,present,introduced,,unaided: natural dispersal across borders of invasive alien organisms,2015,
219994367,4230951,NO,present,introduced,,transport - contaminant: seed contaminant,,
219994368,4450839,NO,present,introduced,,transport - contaminant: contaminant nursery material,,
219994369,5401007,NO,present,introduced,,escape: ornamental purpose other than horticulture,,
219994370,8421156,NO,present,introduced,,escape: horticulture,1921,
219994371,4450792,NO,present,introduced,,transport - contaminant: contaminant nursery material,,
219994372,4451118,NO,present,introduced,,"transport - contaminant: transportation of habitat material (soil, vegetation, wood etc)",1999,
219994373,3120024,NO,present,introduced,invasive,transport - contaminant: food contaminant (including of live food),1872,
219994374,4450814,NO,present,introduced,,unaided: natural dispersal across borders of invasive alien organisms,2016,
219994375,8298495,NO,present,introduced,,"transport - contaminant: contaminant on plants (except parasites, species transported by host/vector)",1882,
219994376,4450814,NO,present,introduced,,"transport - contaminant: transportation of habitat material (soil, vegetation, wood etc)",2016,
219994377,3113458,NO,present,introduced,,transport - stowaway: other means of transport,,
219994378,4451126,NO,present,introduced,,transport - contaminant: contaminant nursery material,,
219994379,5391480,NO,present,introduced,,escape: ornamental purpose other than horticulture,1883,
219994380,4451118,NO,present,introduced,,transport - contaminant: contaminant nursery material,1999,
219994381,8059665,NO,present,introduced,,escape: ornamental purpose other than horticulture,,
219994382,4450839,NO,present,introduced,,unaided: natural dispersal across borders of invasive alien organisms,,
219994383,3123663,NO,present,introduced,,transport - contaminant: seed contaminant,,
219994384,4451122,NO,present,introduced,,"transport - contaminant: transportation of habitat material (soil, vegetation, wood etc)",2015,
219994385,5388967,NO,present,introduced,,"transport - stowaway: vehicles (car, train, etc.)",1995,
219994386,4450792,NO,present,introduced,,"transport - contaminant: transportation of habitat material (soil, vegetation, wood etc)",,
219994387,4450792,NO,present,introduced,,unaided: natural dispersal across borders of invasive alien organisms,,
219994388,8133114,NO,present,introduced,,escape: ornamental purpose other than horticulture,1980,
219994389,4450814,NO,present,introduced,,transport - contaminant: contaminant nursery material,2016,
219994391,1044381,NO,present,introduced,,"transport - contaminant: transportation of habitat material (soil, vegetation, wood etc)",,
5831421,7649336,NO,present,introduced,,"transport - contaminant: transportation of habitat material (soil, vegetation, wood etc)",2009,
219994393,4450839,NO,present,introduced,,"transport - contaminant: transportation of habitat material (soil, vegetation, wood etc)",,
219994394,4451118,NO,present,introduced,,"transport - stowaway: vehicles (car, train, etc.)",1999,
5831421,7649336,NO,present,introduced,,transport - contaminant: seed contaminant,2009,
219994396,4451126,NO,present,introduced,,"transport - contaminant: transportation of habitat material (soil, vegetation, wood etc)",,
219994397,10676000,NO,present,introduced,,transport - contaminant: seed contaminant,,
219994399,3118430,NO,present,introduced,,escape: horticulture,1832,
219994400,4451849,NO,present,introduced,,transport - contaminant: contaminant nursery material,1990,
219994401,4933598,NO,present,introduced,invasive,escape: ornamental purpose other than horticulture,,
219994402,5749277,NO,present,introduced,,unaided: natural dispersal across borders of invasive alien organisms,1954,
219994403,4245384,NO,present,introduced,,"transport - contaminant: transportation of habitat material (soil, vegetation, wood etc)",1961,
219994404,5749068,NO,present,introduced,,"transport - contaminant: transportation of habitat material (soil, vegetation, wood etc)",,
219994405,3134183,NO,present,introduced,,escape: ornamental purpose other than horticulture,,
219994406,6943269,NO,present,introduced,,"transport - contaminant: transportation of habitat material (soil, vegetation, wood etc)",,
219994408,4451849,NO,present,introduced,,unaided: natural dispersal across borders of invasive alien organisms,1990,
3146791,5404801,NO,present,introduced,,"transport - contaminant: contaminant on plants (except parasites, species transported by host/vector)",,
219994410,6943269,NO,present,introduced,,unaided: natural dispersal across borders of invasive alien organisms,,
3146791,5404801,NO,present,introduced,,transport - stowaway: ship/boat ballast water,,
219994412,6097938,NO,present,introduced,,transport - contaminant: contaminated bait,,
3146791,5404801,NO,present,introduced,,"transport - stowaway: vehicles (car, train, etc.)",,
3146791,5404801,NO,present,introduced,,transport - contaminant: timber trade,,
219994415,5749068,NO,present,introduced,,transport - contaminant: contaminant nursery material,,
3146791,5404801,NO,present,introduced,,"transport - contaminant: transportation of habitat material (soil, vegetation, wood etc)",,
219994417,5749004,NO,present,introduced,,"transport - contaminant: transportation of habitat material (soil, vegetation, wood etc)",,
3146791,5404801,NO,present,introduced,,transport - contaminant: seed contaminant,,
219994419,6943269,NO,present,introduced,,transport - contaminant: contaminant nursery material,,
3146717,5404795,NO,present,introduced,,transport - contaminant: timber trade,,
219994421,8195160,NO,present,introduced,,transport - contaminant: seed contaminant,1873,
219994422,5749277,NO,present,introduced,,transport - contaminant: contaminant nursery material,1954,
219994423,4451849,NO,present,introduced,,"transport - contaminant: transportation of habitat material (soil, vegetation, wood etc)",1990,
219994424,3143034,NO,present,introduced,,escape: botanic garden/zoo/aquaria (excluding domestic aquaria),1937,
219994425,5749068,NO,present,introduced,,transport - contaminant: food contaminant (including of live food),,
219994426,5403531,NO,present,introduced,invasive,transport - contaminant: seed contaminant,1857,
219994427,6097938,NO,present,introduced,,unaided: natural dispersal across borders of invasive alien organisms,,
219994428,3137829,NO,present,introduced,,escape: horticulture,,
219994429,5749004,NO,present,introduced,,unaided: natural dispersal across borders of invasive alien organisms,,
219994430,3118616,NO,present,introduced,,release: landscape improvement,1940,
219994431,6097938,NO,present,introduced,,"transport - contaminant: transportation of habitat material (soil, vegetation, wood etc)",,
219994432,8640888,NO,present,introduced,,escape: horticulture,2005,
219994433,6943269,NO,present,introduced,,transport - contaminant: timber trade,,
219994434,3140490,NO,present,introduced,invasive,"transport - contaminant: transportation of habitat material (soil, vegetation, wood etc)",,
219994435,5749277,NO,present,introduced,,"transport - contaminant: transportation of habitat material (soil, vegetation, wood etc)",1954,
219994436,3138192,NO,present,introduced,,escape: ornamental purpose other than horticulture,1979,
219994438,3117449,NO,present,introduced,,escape: ornamental purpose other than horticulture,1950,
219994439,5745192,NO,present,introduced,,"transport - contaminant: transportation of habitat material (soil, vegetation, wood etc)",,
219994441,5745192,NO,present,introduced,,transport - contaminant: contaminant nursery material,,
6082337,3137517,NO,present,introduced,,transport - contaminant: seed contaminant,,
219994444,3113784,NO,present,introduced,,transport - stowaway: other means of transport,1959,
219994445,3101193,NO,present,introduced,,transport - stowaway: other means of transport,,
219994446,1195102,NO,present,introduced,,transport - contaminant: contaminant nursery material,2008,
219994447,10676000,NO,present,introduced,,transport - stowaway: other means of transport,,
219994448,8204814,NO,present,introduced,,transport - contaminant: timber trade,,
219994450,1221827,NO,present,introduced,,transport - contaminant: timber trade,,
6063730,4228701,NO,present,introduced,,transport - stowaway: ship/boat ballast water,1876,
219994452,1216929,NO,present,introduced,,transport - contaminant: timber trade,,
6063730,4228701,NO,present,introduced,,"transport - stowaway: vehicles (car, train, etc.)",1876,
219994454,1194884,NO,present,introduced,,transport - contaminant: contaminant nursery material,,
6063730,4228701,NO,present,introduced,,transport - contaminant: seed contaminant,1876,
219994456,5018757,NO,present,introduced,,transport - contaminant: timber trade,,
219994457,5392083,NO,present,introduced,,transport - contaminant: other means of contamination,,
219994458,4468015,NO,present,introduced,,"transport - contaminant: contaminant on plants (except parasites, species transported by host/vector)",,
219994459,5395559,NO,present,introduced,,escape: ornamental purpose other than horticulture,1951,
219994460,1195013,NO,present,introduced,,"transport - contaminant: transportation of habitat material (soil, vegetation, wood etc)",,
219994461,8133114,NO,present,introduced,,transport - contaminant: seed contaminant,,
219994462,9218834,NO,present,introduced,,"transport - contaminant: contaminant on plants (except parasites, species transported by host/vector)",2014,
219994463,3091620,NO,present,introduced,,escape: ornamental purpose other than horticulture,1949,
219994464,4466618,NO,present,introduced,,transport - contaminant: contaminant nursery material,,
219994465,3120024,NO,present,introduced,invasive,transport - contaminant: seed contaminant,1872,
219994466,8035698,NO,present,introduced,,transport - contaminant: seed contaminant,1871,
219994467,1195001,NO,present,introduced,,"transport - contaminant: transportation of habitat material (soil, vegetation, wood etc)",,
219994468,3119175,NO,present,introduced,,escape: ornamental purpose other than horticulture,,
219994469,4468015,NO,present,introduced,,unaided: natural dispersal across borders of invasive alien organisms,,
219994470,3107839,NO,present,introduced,,escape: ornamental purpose other than horticulture,1997,
219994472,3107855,NO,present,introduced,invasive,transport - stowaway: hitchhikers on ship/boat (excluding ballast water and hull fouling),1813,
219994473,3090783,NO,present,introduced,,escape: horticulture,,
7939839,5713203,NO,present,introduced,,"transport - contaminant: contaminant on plants (except parasites, species transported by host/vector)",,
219994475,3143034,NO,present,introduced,,escape: ornamental purpose other than horticulture,1937,
7939839,5713203,NO,present,introduced,,unaided: natural dispersal across borders of invasive alien organisms,,
219994477,5388967,NO,present,introduced,,escape: horticulture,1995,
219994478,3115131,NO,present,introduced,,escape: horticulture,,
219994479,7836477,NO,present,introduced,,transport - contaminant: contaminant nursery material,,
219994480,1241569,NO,present,introduced,,unaided: natural dispersal across borders of invasive alien organisms,,
219994481,3096529,NO,present,introduced,,escape: horticulture,1994,
219994482,4468015,NO,present,introduced,,"transport - contaminant: transportation of habitat material (soil, vegetation, wood etc)",,
219994483,1195001,NO,present,introduced,,transport - contaminant: contaminant nursery material,,
219994485,1178487,NO,present,introduced,,transport - contaminant: contaminant nursery material,,
6076478,3127553,NO,present,introduced,,transport - stowaway: hitchhikers on ship/boat (excluding ballast water and hull fouling),1882,
219994487,5018748,NO,present,introduced,invasive,transport - contaminant: timber trade,2002,
219994489,1221824,NO,present,introduced,,unaided: natural dispersal across borders of invasive alien organisms,1995,
219994490,4467502,NO,present,introduced,,"transport - contaminant: transportation of habitat material (soil, vegetation, wood etc)",,
219994491,3142974,NO,present,introduced,,escape: ornamental purpose other than horticulture,1947,
219994492,5018642,NO,present,introduced,,transport - contaminant: timber trade,,
219994493,5388598,NO,present,introduced,invasive,escape: ornamental purpose other than horticulture,1992,
219994494,1194823,NO,present,introduced,,"transport - contaminant: transportation of habitat material (soil, vegetation, wood etc)",,
219994495,3118430,NO,present,introduced,,escape: ornamental purpose other than horticulture,1832,
219994496,1224460,NO,present,introduced,,transport - contaminant: timber trade,,
219994497,3114229,NO,present,introduced,,escape: other escape from confinement,1911,
219994498,1189261,NO,present,introduced,,transport - contaminant: timber trade,,
219994499,7857621,NO,present,introduced,,"transport - stowaway: vehicles (car, train, etc.)",,
219994500,8204814,NO,present,introduced,,unaided: natural dispersal across borders of invasive alien organisms,,
219994501,4466634,NO,present,introduced,,transport - contaminant: contaminant nursery material,,
219994502,5388603,NO,present,introduced,invasive,escape: other escape from confinement,1992,
219994503,1241636,NO,present,introduced,,transport - contaminant: contaminant nursery material,,
219994504,3114229,NO,present,introduced,,escape: ornamental purpose other than horticulture,1911,
219994505,5389029,NO,present,introduced,invasive,transport - stowaway: hitchhikers on ship/boat (excluding ballast water and hull fouling),,
219994506,1221824,NO,present,introduced,,transport - contaminant: timber trade,1995,
219994507,3109117,NO,present,introduced,invasive,transport - stowaway: ship/boat ballast water,1847,
219994508,1194823,NO,present,introduced,,transport - contaminant: contaminant nursery material,,
219994509,3132570,NO,present,introduced,,"transport - contaminant: transportation of habitat material (soil, vegetation, wood etc)",1880,
219994510,1224467,NO,present,introduced,,unaided: natural dispersal across borders of invasive alien organisms,,
219994511,5403531,NO,present,introduced,invasive,"transport - stowaway: vehicles (car, train, etc.)",1857,
219994512,1178485,NO,present,introduced,,transport - contaminant: contaminant nursery material,,
219994513,7066712,NO,present,introduced,,transport - stowaway: hitchhikers on ship/boat (excluding ballast water and hull fouling),1820,
219994514,1241569,NO,present,introduced,,transport - contaminant: contaminant nursery material,,
219994515,3110686,NO,present,introduced,,transport - contaminant: other means of contamination,,
219994517,5403304,NO,present,introduced,,transport - contaminant: seed contaminant,1875,
219994518,4245384,NO,present,introduced,,transport - contaminant: seed contaminant,1961,
1239155,4468414,NO,present,introduced,,transport - contaminant: contaminant nursery material,,
219994520,8035698,NO,present,introduced,,transport - stowaway: hitchhikers on ship/boat (excluding ballast water and hull fouling),1871,
219994521,5389029,NO,present,introduced,invasive,transport - contaminant: seed contaminant,,
1239155,4468414,NO,present,introduced,,unaided: natural dispersal across borders of invasive alien organisms,,
219994523,3107361,NO,present,introduced,,transport - stowaway: people and their luggage/equipment (in particular tourism),1948,
219994524,1189044,NO,present,introduced,invasive,transport - contaminant: timber trade,,
219994525,5392174,NO,present,introduced,,transport - contaminant: contaminant nursery material,1973,
219994526,1241636,NO,present,introduced,,unaided: natural dispersal across borders of invasive alien organisms,,
219994527,8298495,NO,present,introduced,,"transport - contaminant: transportation of habitat material (soil, vegetation, wood etc)",1882,
219994528,7787053,NO,present,introduced,,escape: ornamental purpose other than horticulture,1895,
219994529,1195013,NO,present,introduced,,transport - contaminant: contaminant nursery material,,
219994530,5392174,NO,present,introduced,,transport - contaminant: food contaminant (including of live food),1973,
219994531,1178485,NO,present,introduced,,transport - contaminant: timber trade,,
219994532,8042568,NO,present,introduced,,escape: ornamental purpose other than horticulture,1956,
219994533,8204814,NO,present,introduced,,"transport - stowaway: organic packing material, in particular wood packaging",,
219994534,4467502,NO,present,introduced,,transport - contaminant: contaminant nursery material,,
219994536,1189261,NO,present,introduced,,unaided: natural dispersal across borders of invasive alien organisms,,
3140260,3140264,NO,present,introduced,,escape: ornamental purpose other than horticulture,1973,
219994538,1224467,NO,present,introduced,,transport - contaminant: timber trade,,
3140260,3140264,NO,present,introduced,,escape: botanic garden/zoo/aquaria (excluding domestic aquaria),1973,
219994540,1178487,NO,present,introduced,,transport - contaminant: timber trade,,
219994542,4467405,NO,present,introduced,,transport - contaminant: contaminant nursery material,,
7338495,5386028,NO,present,introduced,,escape: ornamental purpose other than horticulture,1935,
219994545,3140490,NO,present,introduced,invasive,"transport - stowaway: vehicles (car, train, etc.)",,
219994546,1170174,NO,present,introduced,,unaided: natural dispersal across borders of invasive alien organisms,,
219994547,1170174,NO,present,introduced,,transport - contaminant: seed contaminant,,
219994549,1170174,NO,present,introduced,,transport - contaminant: food contaminant (including of live food),,
219994550,1170174,NO,present,introduced,,"transport - contaminant: transportation of habitat material (soil, vegetation, wood etc)",,
5389017,5705247,NO,present,introduced,,escape: ornamental purpose other than horticulture,,
219994553,1095760,NO,present,introduced,,transport - contaminant: food contaminant (including of live food),,
5389017,5705247,NO,present,introduced,,escape: horticulture,,
219994555,1095760,NO,present,introduced,,transport - stowaway: people and their luggage/equipment (in particular tourism),,
219994556,3112110,NO,present,introduced,,unaided: natural dispersal across borders of invasive alien organisms,1875,
219994557,1095783,NO,present,introduced,,unaided: natural dispersal across borders of invasive alien organisms,2020,
219994558,5386938,NO,present,introduced,,escape: horticulture,,
219994559,1095783,NO,present,introduced,,transport - contaminant: timber trade,2020,
219994560,1095760,NO,present,introduced,,transport - stowaway: container/bulk,,
219994561,5403304,NO,present,introduced,,"transport - contaminant: transportation of habitat material (soil, vegetation, wood etc)",1875,
219994563,3151618,NO,present,introduced,,transport - contaminant: timber trade,1983,
219994564,8421156,NO,present,introduced,,escape: ornamental purpose other than horticulture,1921,
219994565,1095958,NO,present,introduced,,unaided: natural dispersal across borders of invasive alien organisms,,
219994566,3123663,NO,present,introduced,,"transport - stowaway: vehicles (car, train, etc.)",,
219994567,5392683,NO,present,introduced,,escape: ornamental purpose other than horticulture,,
219994568,1095958,NO,present,introduced,,transport - stowaway: container/bulk,,
219994569,3129064,NO,present,introduced,,escape: horticulture,2016,
219994570,1095854,NO,present,introduced,,transport - stowaway: container/bulk,,
219994571,3109086,NO,present,introduced,invasive,transport - stowaway: container/bulk,,
219994572,1095958,NO,present,introduced,,transport - stowaway: people and their luggage/equipment (in particular tourism),,
219994573,3112110,NO,present,introduced,,transport - contaminant: other means of contamination,1875,
219994574,1095977,NO,present,introduced,,unaided: natural dispersal across borders of invasive alien organisms,,
219994576,1095977,NO,present,introduced,,transport - contaminant: seed contaminant,,
9274112,3108845,NO,present,introduced,invasive,unaided: natural dispersal across borders of invasive alien organisms,2006,
219994578,1095946,NO,present,introduced,,"transport - contaminant: transportation of habitat material (soil, vegetation, wood etc)",,
9274112,3108845,NO,present,introduced,invasive,escape: ornamental purpose other than horticulture,2006,
219994580,1095895,NO,present,introduced,,unaided: natural dispersal across borders of invasive alien organisms,2019,
219994581,7066712,NO,present,introduced,,transport - contaminant: seed contaminant,1820,
219994582,10010617,NO,present,introduced,,transport - stowaway: hitchhikers on ship/boat (excluding ballast water and hull fouling),1902,
219994583,1095973,NO,present,introduced,,unaided: natural dispersal across borders of invasive alien organisms,,
219994584,1095895,NO,present,introduced,,transport - stowaway: people and their luggage/equipment (in particular tourism),2019,
219994585,3127727,NO,present,introduced,,transport - contaminant: seed contaminant,1914,
219994586,1095946,NO,present,introduced,,unaided: natural dispersal across borders of invasive alien organisms,,
219994587,3118216,NO,present,introduced,,transport - contaminant: seed contaminant,,
219994588,1095977,NO,present,introduced,,transport - contaminant: contaminated bait,,
219994589,1095854,NO,present,introduced,,unaided: natural dispersal across borders of invasive alien organisms,,
219994591,1095895,NO,present,introduced,,transport - stowaway: container/bulk,2019,
219994592,1095973,NO,present,introduced,,transport - contaminant: contaminated bait,,
3118254,5395269,NO,present,introduced,,escape: ornamental purpose other than horticulture,1886,
219994594,1095977,NO,present,introduced,,transport - contaminant: food contaminant (including of live food),,
219994595,5388967,NO,present,introduced,,escape: ornamental purpose other than horticulture,1995,
219994596,1095958,NO,present,introduced,,"transport - stowaway: organic packing material, in particular wood packaging",,
219994597,5393080,NO,present,introduced,invasive,transport - stowaway: hitchhikers on ship/boat (excluding ballast water and hull fouling),1843,
219994598,1095946,NO,present,introduced,,transport - stowaway: container/bulk,,
219994599,3114229,NO,present,introduced,,escape: horticulture,1911,
219994600,1095854,NO,present,introduced,,transport - stowaway: people and their luggage/equipment (in particular tourism),,
219994601,5392174,NO,present,introduced,,transport - contaminant: timber trade,1973,
219994602,1095946,NO,present,introduced,,transport - contaminant: food contaminant (including of live food),,
219994603,3118526,NO,present,introduced,,unaided: natural dispersal across borders of invasive alien organisms,,
219994604,1095973,NO,present,introduced,,"transport - stowaway: organic packing material, in particular wood packaging",,
219994605,3107855,NO,present,introduced,invasive,transport - stowaway: people and their luggage/equipment (in particular tourism),1813,
219994606,1095958,NO,present,introduced,,transport - contaminant: contaminated bait,,
7222255,3140450,NO,present,introduced,invasive,escape: other escape from confinement,1874,
219994610,6003913,NO,present,introduced,,"transport - stowaway: organic packing material, in particular wood packaging",,
7222255,3140450,NO,present,introduced,invasive,escape: ornamental purpose other than horticulture,1874,
219994612,7857621,NO,present,introduced,,transport - contaminant: seed contaminant,,
219994613,5878492,NO,present,introduced,invasive,transport - contaminant: timber trade,,
219994614,5401002,NO,present,introduced,,escape: ornamental purpose other than horticulture,,
219994615,4432736,NO,present,introduced,,unaided: natural dispersal across borders of invasive alien organisms,,
219994616,10487667,NO,present,introduced,,transport - stowaway: ship/boat ballast water,1882,
219994617,4432736,NO,present,introduced,,transport - contaminant: timber trade,,
219994618,8334709,NO,present,introduced,,transport - contaminant: other means of contamination,1999,
219994619,4432736,NO,present,introduced,,transport - stowaway: people and their luggage/equipment (in particular tourism),,
219994620,3102823,NO,present,introduced,,transport - contaminant: seed contaminant,1875,
219994621,6003913,NO,present,introduced,,transport - stowaway: container/bulk,,
219994622,3107361,NO,present,introduced,,escape: horticulture,1948,
219994623,5878492,NO,present,introduced,invasive,transport - stowaway: container/bulk,,
219994624,4432736,NO,present,introduced,,transport - stowaway: container/bulk,,
219994625,5387396,NO,present,introduced,,escape: ornamental purpose other than horticulture,1967,
219994626,4432736,NO,present,introduced,,transport - contaminant: contaminant nursery material,,
219994627,3107855,NO,present,introduced,invasive,"transport - stowaway: vehicles (car, train, etc.)",1813,
219994628,6003913,NO,present,introduced,,unaided: natural dispersal across borders of invasive alien organisms,,
219994629,3117449,NO,present,introduced,,transport - contaminant: seed contaminant,1950,
219994630,5878492,NO,present,introduced,invasive,transport - contaminant: contaminant nursery material,,
219994631,10487667,NO,present,introduced,,unaided: natural dispersal across borders of invasive alien organisms,1882,
219994634,4455268,NO,present,introduced,,unaided: natural dispersal across borders of invasive alien organisms,1984,
6296150,6296160,NO,present,introduced,,transport - stowaway: hitchhikers on ship/boat (excluding ballast water and hull fouling),,
219994636,8220829,NO,present,introduced,,transport - contaminant: food contaminant (including of live food),,
6296150,6296160,NO,present,introduced,,transport - contaminant: seed contaminant,,
219994638,4455268,NO,present,introduced,,"transport - contaminant: transportation of habitat material (soil, vegetation, wood etc)",1984,
219994639,3128228,NO,present,introduced,,escape: ornamental purpose other than horticulture,,
219994640,8220829,NO,present,introduced,,unaided: natural dispersal across borders of invasive alien organisms,,
219994641,5395542,NO,present,introduced,,escape: ornamental purpose other than horticulture,,
219994643,5395475,NO,present,introduced,,escape: ornamental purpose other than horticulture,1964,
219994644,4435481,NO,present,introduced,,unaided: natural dispersal across borders of invasive alien organisms,1996,
219994645,4435481,NO,present,introduced,,transport - contaminant: timber trade,1996,
219994646,5386938,NO,present,introduced,,escape: ornamental purpose other than horticulture,,
219994647,5393080,NO,present,introduced,invasive,transport - contaminant: seed contaminant,1843,
219994648,8310958,NO,present,introduced,,transport - contaminant: timber trade,2012,
219994650,4435758,NO,present,introduced,,unaided: natural dispersal across borders of invasive alien organisms,1992,
9023462,5386027,NO,present,introduced,invasive,escape: other escape from confinement,1865,
219994652,4435481,NO,present,introduced,,"transport - contaminant: transportation of habitat material (soil, vegetation, wood etc)",1996,
9023462,5386027,NO,present,introduced,invasive,escape: horticulture,1865,
219994654,4435724,NO,present,introduced,,"transport - contaminant: transportation of habitat material (soil, vegetation, wood etc)",2021,
219994655,6445722,NO,present,introduced,,escape: ornamental purpose other than horticulture,2010,
219994656,4435710,NO,present,introduced,,"transport - stowaway: vehicles (car, train, etc.)",1989,
219994657,3119181,NO,present,introduced,,escape: horticulture,1930,
219994658,4435724,NO,present,introduced,,unaided: natural dispersal across borders of invasive alien organisms,2021,
219994659,8640888,NO,present,introduced,,escape: ornamental purpose other than horticulture,2005,
219994660,4435859,NO,present,introduced,,unaided: natural dispersal across borders of invasive alien organisms,1965,
219994661,3119175,NO,present,introduced,,escape: agriculture (including biofuel feedstocks),,
219994662,8310958,NO,present,introduced,,unaided: natural dispersal across borders of invasive alien organisms,2012,
219994663,10010617,NO,present,introduced,,transport - contaminant: seed contaminant,1902,
219994664,4435781,NO,present,introduced,,"transport - contaminant: transportation of habitat material (soil, vegetation, wood etc)",1960,
219994665,8292300,NO,present,introduced,invasive,escape: botanic garden/zoo/aquaria (excluding domestic aquaria),1991,
219994666,4435781,NO,present,introduced,,unaided: natural dispersal across borders of invasive alien organisms,1960,
219994667,3123262,NO,present,introduced,,,,
219994668,4435710,NO,present,introduced,,"transport - contaminant: transportation of habitat material (soil, vegetation, wood etc)",1989,
219994669,3114643,NO,present,introduced,,transport - contaminant: seed contaminant,1820,
219994670,4435758,NO,present,introduced,,"transport - contaminant: transportation of habitat material (soil, vegetation, wood etc)",1992,
219994671,5389173,NO,present,introduced,invasive,escape: horticulture,1943,
219994672,4435859,NO,present,introduced,,"transport - stowaway: vehicles (car, train, etc.)",1965,
219994673,4435710,NO,present,introduced,,unaided: natural dispersal across borders of invasive alien organisms,1989,
219994674,5403304,NO,present,introduced,,transport - stowaway: hitchhikers on ship/boat (excluding ballast water and hull fouling),1875,
219994675,4435859,NO,present,introduced,,"transport - contaminant: transportation of habitat material (soil, vegetation, wood etc)",1965,
219994676,8298495,NO,present,introduced,,transport - stowaway: hitchhikers on ship/boat (excluding ballast water and hull fouling),1882,
219994677,4435710,NO,present,introduced,,transport - stowaway: container/bulk,1989,
219994678,8310958,NO,present,introduced,,"transport - contaminant: transportation of habitat material (soil, vegetation, wood etc)",2012,
219994679,4230951,NO,present,introduced,,"transport - stowaway: vehicles (car, train, etc.)",,
219994680,4435724,NO,present,introduced,,transport - contaminant: contaminant nursery material,2021,
219994681,5387817,NO,present,introduced,,escape: ornamental purpose other than horticulture,1996,
219994683,3151618,NO,present,introduced,,escape: horticulture,1983,
219994684,5744026,NO,present,introduced,,"transport - contaminant: transportation of habitat material (soil, vegetation, wood etc)",2015,
219994685,5744026,NO,present,introduced,,unaided: natural dispersal across borders of invasive alien organisms,2015,
219994686,5392083,NO,present,introduced,,transport - stowaway: other means of transport,,
219994688,3115131,NO,present,introduced,,escape: ornamental purpose other than horticulture,,
219994689,6997654,NO,present,introduced,,unaided: natural dispersal across borders of invasive alien organisms,,
219994690,5405959,NO,present,introduced,,release: other intentional release,2004,
219994691,8292300,NO,present,introduced,invasive,release: other intentional release,1991,
219994692,1046849,NO,present,introduced,,"transport - contaminant: transportation of habitat material (soil, vegetation, wood etc)",,
219994693,6997654,NO,present,introduced,,"transport - contaminant: transportation of habitat material (soil, vegetation, wood etc)",,
219994696,8810827,NO,present,introduced,invasive,unaided: natural dispersal across borders of invasive alien organisms,,
219994697,4989835,NO,present,introduced,,transport - contaminant: seed contaminant,2020,
219994698,8810827,NO,present,introduced,invasive,transport - stowaway: hitchhikers on ship/boat (excluding ballast water and hull fouling),,
219994699,4989835,NO,present,introduced,,transport - contaminant: timber trade,2020,
219994700,8810827,NO,present,introduced,invasive,transport - stowaway: angling/fishing equipment,,
219994701,4989835,NO,present,introduced,,"transport - stowaway: organic packing material, in particular wood packaging",2020,
219994702,8810827,NO,present,introduced,invasive,release: other intentional release,,
219994703,4989835,NO,present,introduced,,unaided: natural dispersal across borders of invasive alien organisms,2020,
219994705,4989835,NO,present,introduced,,transport - contaminant: contaminated bait,2020,
219994707,7222075,NO,present,introduced,,transport - contaminant: timber trade,1863,
219994708,4437317,NO,present,introduced,,unaided: natural dispersal across borders of invasive alien organisms,,
219994709,5410564,NO,present,introduced,,"transport - stowaway: vehicles (car, train, etc.)",1860,
219994710,1040045,NO,present,introduced,,"transport - contaminant: transportation of habitat material (soil, vegetation, wood etc)",,
219994711,5411453,NO,present,introduced,,escape: botanic garden/zoo/aquaria (excluding domestic aquaria),1991,
219994712,7655466,NO,present,introduced,,transport - contaminant: timber trade,,
219994713,7222075,NO,present,introduced,,transport - contaminant: contaminated bait,1863,
219994714,5716421,NO,present,introduced,,"transport - contaminant: contaminant on plants (except parasites, species transported by host/vector)",,
219994715,5411453,NO,present,introduced,,escape: ornamental purpose other than horticulture,1991,
219994716,5746053,NO,present,introduced,,"transport - contaminant: transportation of habitat material (soil, vegetation, wood etc)",,
219994717,5410564,NO,present,introduced,,transport - contaminant: seed contaminant,1860,
219994718,7655466,NO,present,introduced,,transport - stowaway: other means of transport,,
219994719,7222075,NO,present,introduced,,escape: ornamental purpose other than horticulture,1863,
219994720,4436921,NO,present,introduced,,unaided: natural dispersal across borders of invasive alien organisms,,
219994721,5410181,NO,present,introduced,,escape: ornamental purpose other than horticulture,,
219994722,4440540,NO,present,introduced,,"transport - contaminant: transportation of habitat material (soil, vegetation, wood etc)",,
219994723,5411453,NO,present,introduced,,transport - contaminant: seed contaminant,1991,
219994724,1040045,NO,present,introduced,,unaided: natural dispersal across borders of invasive alien organisms,,
219994725,5410564,NO,present,introduced,,transport - contaminant: contaminated bait,1860,
219994726,8047391,NO,present,introduced,,unaided: natural dispersal across borders of invasive alien organisms,,
219994727,5410436,NO,present,introduced,invasive,"transport - stowaway: vehicles (car, train, etc.)",1823,
219994728,1041477,NO,present,introduced,,transport - contaminant: timber trade,,
219994729,3166917,NO,present,introduced,,transport - contaminant: contaminated bait,,
219994730,4439559,NO,present,introduced,,"transport - contaminant: transportation of habitat material (soil, vegetation, wood etc)",,
219994732,4438308,NO,present,introduced,,transport - contaminant: contaminant nursery material,,
219994733,8047391,NO,present,introduced,,transport - stowaway: container/bulk,,
7222092,10926399,NO,present,introduced,invasive,escape: ornamental purpose other than horticulture,1970,
219994736,5410436,NO,present,introduced,invasive,escape: ornamental purpose other than horticulture,1823,
219994737,5411392,NO,present,introduced,,escape: ornamental purpose other than horticulture,2002,
9984929,6097479,NO,present,introduced,,unaided: natural dispersal across borders of invasive alien organisms,,
219994739,5410151,NO,present,introduced,,escape: ornamental purpose other than horticulture,,
9984929,6097479,NO,present,introduced,,"transport - contaminant: transportation of habitat material (soil, vegetation, wood etc)",,
219994741,6097536,NO,present,introduced,,"transport - contaminant: transportation of habitat material (soil, vegetation, wood etc)",,
219994742,5411392,NO,present,introduced,,escape: botanic garden/zoo/aquaria (excluding domestic aquaria),2002,
219994743,4444629,NO,present,introduced,,"transport - contaminant: transportation of habitat material (soil, vegetation, wood etc)",,
219994744,5410436,NO,present,introduced,invasive,transport - contaminant: seed contaminant,1823,
219994745,4444613,NO,present,introduced,,unaided: natural dispersal across borders of invasive alien organisms,,
219994746,5409933,NO,present,introduced,invasive,escape: ornamental purpose other than horticulture,1871,
219994747,4444613,NO,present,introduced,,transport - stowaway: container/bulk,,
219994748,6097533,NO,present,introduced,,"transport - contaminant: transportation of habitat material (soil, vegetation, wood etc)",,
219994749,10895529,NO,present,introduced,,transport - contaminant: seed contaminant,,
219994750,7655466,NO,present,introduced,,unaided: natural dispersal across borders of invasive alien organisms,,
219994751,5410826,NO,present,introduced,,escape: ornamental purpose other than horticulture,1947,
219994752,4438708,NO,present,introduced,,"transport - contaminant: transportation of habitat material (soil, vegetation, wood etc)",,
219994753,5716421,NO,present,introduced,,transport - stowaway: container/bulk,,
219994754,5410564,NO,present,introduced,,escape: ornamental purpose other than horticulture,1860,
219994755,4444629,NO,present,introduced,,unaided: natural dispersal across borders of invasive alien organisms,,
219994756,5411557,NO,present,introduced,,transport - contaminant: seed contaminant,2005,
219994757,4440144,NO,present,introduced,,transport - contaminant: contaminant nursery material,2014,
219994758,5410181,NO,present,introduced,,escape: botanic garden/zoo/aquaria (excluding domestic aquaria),,
219994759,4438708,NO,present,introduced,,unaided: natural dispersal across borders of invasive alien organisms,,
219994760,4437317,NO,present,introduced,,"transport - contaminant: transportation of habitat material (soil, vegetation, wood etc)",,
219994761,5410411,NO,present,introduced,,escape: ornamental purpose other than horticulture,2011,
219994762,5411557,NO,present,introduced,,escape: ornamental purpose other than horticulture,2005,
219994763,4437275,NO,present,introduced,,unaided: natural dispersal across borders of invasive alien organisms,,
219994764,5410564,NO,present,introduced,,transport - contaminant: timber trade,1860,
219994765,8047391,NO,present,introduced,,"transport - contaminant: transportation of habitat material (soil, vegetation, wood etc)",,
219994766,4437267,NO,present,introduced,,unaided: natural dispersal across borders of invasive alien organisms,,
219994768,4436267,NO,present,introduced,,unaided: natural dispersal across borders of invasive alien organisms,,
219994770,4444613,NO,present,introduced,,"transport - contaminant: transportation of habitat material (soil, vegetation, wood etc)",,
219994771,2882443,NO,present,introduced,invasive,release: landscape improvement,,
219994772,5746053,NO,present,introduced,,transport - stowaway: container/bulk,,
219994773,4437267,NO,present,introduced,,"transport - contaminant: transportation of habitat material (soil, vegetation, wood etc)",,
219994774,2882443,NO,present,introduced,invasive,unaided: natural dispersal across borders of invasive alien organisms,,
219994775,2882443,NO,present,introduced,invasive,unaided: natural dispersal across borders of invasive alien organisms,,
219994776,6097688,NO,present,introduced,,"transport - contaminant: transportation of habitat material (soil, vegetation, wood etc)",,
219994777,2882443,NO,present,introduced,invasive,escape: pet/aquarium/terrarium species (including live food for such species),,
219994778,4436873,NO,present,introduced,,unaided: natural dispersal across borders of invasive alien organisms,,
219994780,4436921,NO,present,introduced,,transport - contaminant: contaminant nursery material,,
219994782,4436921,NO,present,introduced,,"transport - contaminant: transportation of habitat material (soil, vegetation, wood etc)",,
219994783,4013762,NO,present,introduced,,escape: ornamental purpose other than horticulture,1993,
219994785,4013762,NO,present,introduced,,escape: other escape from confinement,1993,
1042185,6097410,NO,present,introduced,,unaided: natural dispersal across borders of invasive alien organisms,,
219994787,2859255,NO,present,introduced,,escape: other escape from confinement,,
1042185,6097410,NO,present,introduced,,"transport - contaminant: transportation of habitat material (soil, vegetation, wood etc)",,
219994789,2859255,NO,present,introduced,,escape: ornamental purpose other than horticulture,,
219994790,4437317,NO,present,introduced,,transport - stowaway: container/bulk,,
219994792,1040356,NO,present,introduced,,unaided: natural dispersal across borders of invasive alien organisms,,
219994794,5746053,NO,present,introduced,,"transport - stowaway: vehicles (car, train, etc.)",,
219994795,2873878,NO,present,introduced,,unaided: natural dispersal across borders of invasive alien organisms,,
219994796,4436695,NO,present,introduced,,unaided: natural dispersal across borders of invasive alien organisms,,
219994797,2873877,NO,present,introduced,,escape: ornamental purpose other than horticulture,,
219994798,4440144,NO,present,introduced,,unaided: natural dispersal across borders of invasive alien organisms,2014,
219994799,2873877,NO,present,introduced,,escape: horticulture,,
219994800,4438308,NO,present,introduced,,unaided: natural dispersal across borders of invasive alien organisms,,
219994801,2873877,NO,present,introduced,,unaided: natural dispersal across borders of invasive alien organisms,,
219994802,4436267,NO,present,introduced,,"transport - contaminant: transportation of habitat material (soil, vegetation, wood etc)",,
1042457,6097647,NO,present,introduced,,"transport - contaminant: transportation of habitat material (soil, vegetation, wood etc)",,
219994806,4930714,NO,present,introduced,,escape: ornamental purpose other than horticulture,,
219994807,7776799,NO,present,introduced,,"transport - contaminant: transportation of habitat material (soil, vegetation, wood etc)",,
219994808,3065239,NO,present,introduced,,escape: botanic garden/zoo/aquaria (excluding domestic aquaria),1927,
219994809,4436695,NO,present,introduced,,"transport - contaminant: transportation of habitat material (soil, vegetation, wood etc)",,
219994810,6097533,NO,present,introduced,,unaided: natural dispersal across borders of invasive alien organisms,,
219994811,4440144,NO,present,introduced,,"transport - contaminant: transportation of habitat material (soil, vegetation, wood etc)",2014,
219994812,4439559,NO,present,introduced,,unaided: natural dispersal across borders of invasive alien organisms,,
219994813,3066112,NO,present,introduced,,escape: ornamental purpose other than horticulture,1918,
219994814,6097688,NO,present,introduced,,unaided: natural dispersal across borders of invasive alien organisms,,
219994815,3062975,NO,present,introduced,,"transport - contaminant: contaminant on plants (except parasites, species transported by host/vector)",,
219994816,4436873,NO,present,introduced,,"transport - contaminant: transportation of habitat material (soil, vegetation, wood etc)",,
219994817,4437275,NO,present,introduced,,"transport - contaminant: transportation of habitat material (soil, vegetation, wood etc)",,
219994818,3062975,NO,present,introduced,,"transport - stowaway: vehicles (car, train, etc.)",,
219994819,3068845,NO,present,introduced,,transport - contaminant: seed contaminant,,
219994820,1041686,NO,present,introduced,,unaided: natural dispersal across borders of invasive alien organisms,,
219994821,3069475,NO,present,introduced,,transport - stowaway: ship/boat ballast water,1960,
219994822,4440540,NO,present,introduced,,unaided: natural dispersal across borders of invasive alien organisms,,
219994823,6097536,NO,present,introduced,,unaided: natural dispersal across borders of invasive alien organisms,,
219994824,3066965,NO,present,introduced,,escape: ornamental purpose other than horticulture,1961,
219994825,3069475,NO,present,introduced,,escape: botanic garden/zoo/aquaria (excluding domestic aquaria),1960,
219994826,5716421,NO,present,introduced,,"transport - contaminant: transportation of habitat material (soil, vegetation, wood etc)",,
219994827,3067869,NO,present,introduced,,transport - contaminant: seed contaminant,1862,
219994828,1040356,NO,present,introduced,,"transport - contaminant: transportation of habitat material (soil, vegetation, wood etc)",,
219994829,3062975,NO,present,introduced,,transport - stowaway: hitchhikers on ship/boat (excluding ballast water and hull fouling),,
219994830,3062975,NO,present,introduced,,unaided: natural dispersal across borders of invasive alien organisms,,
219994831,1041686,NO,present,introduced,,"transport - contaminant: transportation of habitat material (soil, vegetation, wood etc)",,
219994832,3070106,NO,present,introduced,invasive,escape: ornamental purpose other than horticulture,1865,
219994833,1041477,NO,present,introduced,,unaided: natural dispersal across borders of invasive alien organisms,,
219994834,3067869,NO,present,introduced,,"transport - contaminant: transportation of habitat material (soil, vegetation, wood etc)",1862,
219994835,7776799,NO,present,introduced,,unaided: natural dispersal across borders of invasive alien organisms,,
219994836,3065239,NO,present,introduced,,escape: ornamental purpose other than horticulture,1927,
219994837,3066965,NO,present,introduced,,"transport - contaminant: transportation of habitat material (soil, vegetation, wood etc)",1961,
219994840,4428283,NO,present,introduced,,unaided: natural dispersal across borders of invasive alien organisms,,
219994841,6711139,NO,present,introduced,invasive,escape: ornamental purpose other than horticulture,1996,
219994842,4428312,NO,present,introduced,,"transport - contaminant: transportation of habitat material (soil, vegetation, wood etc)",,
219994844,4428312,NO,present,introduced,,unaided: natural dispersal across borders of invasive alien organisms,,
3040185,8690934,NO,present,introduced,,escape: ornamental purpose other than horticulture,1896,
219994846,4428283,NO,present,introduced,,"transport - contaminant: transportation of habitat material (soil, vegetation, wood etc)",,
219994848,3040227,NO,present,introduced,,escape: ornamental purpose other than horticulture,1904,
219994849,8341686,NO,present,introduced,,"transport - contaminant: transportation of habitat material (soil, vegetation, wood etc)",,
219994850,5750884,NO,present,introduced,,transport - contaminant: timber trade,,
219994852,5750884,NO,present,introduced,,unaided: natural dispersal across borders of invasive alien organisms,,
219994853,7645931,NO,present,introduced,,escape: ornamental purpose other than horticulture,1943,
219994854,8341686,NO,present,introduced,,transport - contaminant: contaminant nursery material,,
219994856,8341686,NO,present,introduced,,unaided: natural dispersal across borders of invasive alien organisms,,
219994857,3040227,NO,present,introduced,,escape: horticulture,1904,
219994858,5750884,NO,present,introduced,,transport - contaminant: contaminant nursery material,,
219994859,3040184,NO,present,introduced,invasive,escape: horticulture,1875,
219994861,7266500,NO,present,introduced,,escape: botanic garden/zoo/aquaria (excluding domestic aquaria),,
219994862,10234687,NO,present,introduced,,"transport - contaminant: contaminant on plants (except parasites, species transported by host/vector)",,
219994863,7645931,NO,present,introduced,,escape: horticulture,1943,
219994864,5372800,NO,present,introduced,,escape: ornamental purpose other than horticulture,,
219994865,1048809,NO,present,introduced,,unaided: natural dispersal across borders of invasive alien organisms,,
219994866,1047536,NO,present,introduced,,transport - contaminant: contaminant nursery material,,
219994867,3040232,NO,present,introduced,,escape: ornamental purpose other than horticulture,,
219994868,5752143,NO,present,introduced,,unaided: natural dispersal across borders of invasive alien organisms,1974,
219994870,1048809,NO,present,introduced,,"transport - contaminant: contaminant on plants (except parasites, species transported by host/vector)",,
8345607,8557623,NO,present,introduced,invasive,escape: ornamental purpose other than horticulture,1959,
219994872,1048249,NO,present,introduced,,transport - contaminant: contaminant nursery material,,
8345607,8557623,NO,present,introduced,invasive,escape: horticulture,1959,
219994874,1048249,NO,present,introduced,,transport - contaminant: food contaminant (including of live food),,
219994875,7344798,NO,present,introduced,invasive,escape: ornamental purpose other than horticulture,1884,
219994876,5373017,NO,present,introduced,,release: conservation or wildlife management,2007,
219994877,8498959,NO,present,introduced,,transport - contaminant: contaminant nursery material,2016,
219994879,8498959,NO,present,introduced,,unaided: natural dispersal across borders of invasive alien organisms,2016,
7266329,5927965,NO,present,introduced,,escape: ornamental purpose other than horticulture,1919,
219994881,5752143,NO,present,introduced,,transport - contaminant: seed contaminant,1974,
7266329,5927965,NO,present,introduced,,escape: horticulture,1919,
219994883,1048257,NO,present,introduced,,transport - contaminant: contaminant nursery material,,
219994885,1048258,NO,present,introduced,,unaided: natural dispersal across borders of invasive alien organisms,,
219994887,1048257,NO,present,introduced,,unaided: natural dispersal across borders of invasive alien organisms,,
1048497,1048497,NO,present,introduced,,transport - contaminant: contaminant nursery material,,
219994891,1047536,NO,present,introduced,,transport - contaminant: food contaminant (including of live food),,
219994892,3040231,NO,present,introduced,,escape: ornamental purpose other than horticulture,,
219994893,4460066,NO,present,introduced,,transport - contaminant: contaminant nursery material,,
219994895,1048257,NO,present,introduced,,transport - contaminant: food contaminant (including of live food),,
219994896,5752143,NO,present,introduced,,transport - contaminant: contaminant nursery material,1974,
5372818,8453480,NO,present,introduced,,release: erosion control,1829,
219994898,1048258,NO,present,introduced,,transport - contaminant: contaminant nursery material,,
219994899,5752143,NO,present,introduced,,"transport - contaminant: contaminant on plants (except parasites, species transported by host/vector)",1974,
5372818,8453480,NO,present,introduced,,escape: ornamental purpose other than horticulture,1829,
219994901,1048258,NO,present,introduced,,transport - contaminant: food contaminant (including of live food),,
5372818,8453480,NO,present,introduced,,escape: horticulture,1829,
219994903,1048249,NO,present,introduced,,unaided: natural dispersal across borders of invasive alien organisms,,
219994904,5372639,NO,present,introduced,,escape: ornamental purpose other than horticulture,,
1048497,1048497,NO,present,introduced,,transport - contaminant: food contaminant (including of live food),,
8190077,8512534,NO,present,introduced,,escape: ornamental purpose other than horticulture,,
219994910,5582802,NO,present,introduced,,release: landscape improvement,,
8185687,4468899,NO,present,introduced,,transport - contaminant: contaminant nursery material,2016,
219994912,5372933,NO,present,introduced,invasive,release: erosion control,1874,
8185687,4468899,NO,present,introduced,,unaided: natural dispersal across borders of invasive alien organisms,2016,
7999354,6362957,NO,present,introduced,,unaided: natural dispersal across borders of invasive alien organisms,,
219994917,4449160,NO,present,introduced,,transport - contaminant: timber trade,1976,
219994918,4449160,NO,present,introduced,,unaided: natural dispersal across borders of invasive alien organisms,1976,
7679524,8576272,NO,present,introduced,,escape: ornamental purpose other than horticulture,,
219994922,4453264,NO,present,introduced,,"transport - contaminant: transportation of habitat material (soil, vegetation, wood etc)",,
219994923,3803716,NO,present,introduced,,escape: horticulture,1912,
219994924,4453264,NO,present,introduced,,transport - contaminant: contaminant nursery material,,
219994925,9670028,NO,present,introduced,,unaided: natural dispersal across borders of invasive alien organisms,2013,
219994926,3040184,NO,present,introduced,invasive,escape: ornamental purpose other than horticulture,1875,
219994927,5372800,NO,present,introduced,,escape: horticulture,,
219994928,8151310,NO,present,introduced,,"transport - contaminant: transportation of habitat material (soil, vegetation, wood etc)",,
219994929,9670028,NO,present,introduced,,"transport - contaminant: transportation of habitat material (soil, vegetation, wood etc)",2013,
219994931,8151310,NO,present,introduced,,unaided: natural dispersal across borders of invasive alien organisms,,
5372926,8466601,NO,present,introduced,,escape: ornamental purpose other than horticulture,1927,
219994935,4430827,NO,present,introduced,,"transport - contaminant: transportation of habitat material (soil, vegetation, wood etc)",,
5372926,8466601,NO,present,introduced,,escape: horticulture,1927,
219994937,4430827,NO,present,introduced,,unaided: natural dispersal across borders of invasive alien organisms,,
219994938,4430827,NO,present,introduced,,transport - contaminant: timber trade,,
219994941,1043978,NO,present,introduced,,transport - contaminant: food contaminant (including of live food),,
8263713,8706794,NO,present,introduced,,escape: ornamental purpose other than horticulture,1991,
219994943,6362904,NO,present,introduced,,escape: ornamental purpose other than horticulture,1941,
219994944,4453163,NO,present,introduced,,transport - contaminant: timber trade,,
219994945,3803716,NO,present,introduced,,escape: ornamental purpose other than horticulture,1912,
219994946,1043978,NO,present,introduced,,transport - contaminant: parasites on plants (including species transported by host and vector),,
219994948,1044109,NO,present,introduced,,"transport - contaminant: transportation of habitat material (soil, vegetation, wood etc)",,
219994949,5372639,NO,present,introduced,,escape: horticulture,,
219994950,1044109,NO,present,introduced,,unaided: natural dispersal across borders of invasive alien organisms,,
219994952,4453163,NO,present,introduced,,"transport - contaminant: transportation of habitat material (soil, vegetation, wood etc)",,
219994954,4453163,NO,present,introduced,,unaided: natural dispersal across borders of invasive alien organisms,,
219994955,1043978,NO,present,introduced,,unaided: natural dispersal across borders of invasive alien organisms,,
219994957,1044111,NO,present,introduced,,unaided: natural dispersal across borders of invasive alien organisms,,
219994958,1044111,NO,present,introduced,,"transport - contaminant: transportation of habitat material (soil, vegetation, wood etc)",,
7895688,8944058,NO,present,introduced,,escape: ornamental purpose other than horticulture,1991,
7895688,8944058,NO,present,introduced,,escape: horticulture,1991,
219994962,1044673,NO,present,introduced,,transport - contaminant: contaminated bait,,
219994963,3040227,NO,present,introduced,,escape: other escape from confinement,1904,
219994964,1044673,NO,present,introduced,,"transport - contaminant: transportation of habitat material (soil, vegetation, wood etc)",,
219994965,5372933,NO,present,introduced,invasive,escape: horticulture,1874,
219994966,1044673,NO,present,introduced,,unaided: natural dispersal across borders of invasive alien organisms,,
219994967,6711139,NO,present,introduced,invasive,escape: horticulture,1996,
219994968,5582802,NO,present,introduced,,escape: ornamental purpose other than horticulture,,
219994969,7266500,NO,present,introduced,,escape: agriculture (including biofuel feedstocks),,
219994971,6362904,NO,present,introduced,,escape: forestry (including reforestation),1941,
219994972,3040233,NO,present,introduced,,escape: horticulture,1896,
219994974,5372933,NO,present,introduced,invasive,"transport - contaminant: transportation of habitat material (soil, vegetation, wood etc)",1874,
219994975,3040233,NO,present,introduced,,escape: ornamental purpose other than horticulture,1896,
219994976,1528980,NO,present,introduced,,escape: farmed animals (including animals left under limited control),1994,
219994977,6362904,NO,present,introduced,,escape: horticulture,1941,
219994979,1528043,NO,present,introduced,,escape: horticulture,,
219994981,1529681,NO,present,introduced,,unaided: natural dispersal across borders of invasive alien organisms,1906,
5372638,11046530,NO,present,introduced,,escape: ornamental purpose other than horticulture,1990,
219994983,1529681,NO,present,introduced,,transport - contaminant: parasites on animals (including organisms transported by host and vector),1906,
219994984,1529681,NO,present,introduced,,"transport - contaminant: contaminant on animals (except parasites, organisms transported by host/vector)",1906,
5372638,11046530,NO,present,introduced,,escape: horticulture,1990,
5372638,8607027,NO,present,introduced,,escape: ornamental purpose other than horticulture,1939,
219994988,1622599,NO,present,introduced,,"transport - contaminant: transportation of habitat material (soil, vegetation, wood etc)",,
219994990,1623221,NO,present,introduced,,transport - contaminant: parasites on plants (including species transported by host and vector),,
5583146,8527861,NO,present,introduced,invasive,escape: horticulture,,
219994992,1623221,NO,present,introduced,,transport - stowaway: container/bulk,,
5583146,8527861,NO,present,introduced,invasive,escape: ornamental purpose other than horticulture,,
219994994,1622599,NO,present,introduced,,transport - contaminant: parasites on plants (including species transported by host and vector),,
5583146,8527861,NO,present,introduced,invasive,escape: agriculture (including biofuel feedstocks),,
219994996,1623221,NO,present,introduced,,transport - contaminant: contaminant nursery material,,
219994998,1623221,NO,present,introduced,,"transport - contaminant: transportation of habitat material (soil, vegetation, wood etc)",,
219994999,1623221,NO,present,introduced,,"transport - contaminant: contaminant on plants (except parasites, species transported by host/vector)",,
7580239,8673790,NO,present,introduced,,escape: ornamental purpose other than horticulture,,
7580239,8673790,NO,present,introduced,,escape: horticulture,,
219995003,10959164,NO,present,introduced,,transport - contaminant: contaminant nursery material,,
219995005,10959164,NO,present,introduced,,"transport - contaminant: transportation of habitat material (soil, vegetation, wood etc)",,
3040241,10931222,NO,present,introduced,,escape: ornamental purpose other than horticulture,1946,
3040241,10931222,NO,present,introduced,,escape: horticulture,1946,
219995009,1557713,NO,present,introduced,,escape: horticulture,,
219995010,3040232,NO,present,introduced,,escape: horticulture,,
219995012,5073476,NO,present,introduced,,transport - contaminant: contaminant nursery material,1979,
5372829,8861627,NO,present,introduced,invasive,escape: ornamental purpose other than horticulture,,
219995014,5074534,NO,present,introduced,,unaided: natural dispersal across borders of invasive alien organisms,,
5372829,8861627,NO,present,introduced,invasive,escape: horticulture,,
219995016,5372933,NO,present,introduced,invasive,release: landscape improvement,1874,
219995017,5373017,NO,present,introduced,,escape: ornamental purpose other than horticulture,2007,
219995018,5073713,NO,present,introduced,,transport - contaminant: food contaminant (including of live food),,
219995019,3040231,NO,present,introduced,,escape: horticulture,,
219995021,7836194,NO,present,introduced,,"transport - contaminant: contaminant on plants (except parasites, species transported by host/vector)",,
8183217,8887767,NO,present,introduced,,escape: ornamental purpose other than horticulture,1920,
219995023,5073820,NO,present,introduced,,transport - stowaway: other means of transport,2016,
8183217,8887767,NO,present,introduced,,escape: horticulture,1920,
219995025,1557713,NO,present,introduced,,transport - contaminant: timber trade,,
219995027,5372933,NO,present,introduced,invasive,escape: ornamental purpose other than horticulture,1874,
219995028,5073820,NO,present,introduced,,transport - contaminant: food contaminant (including of live food),2016,
219995029,1557713,NO,present,introduced,,transport - stowaway: container/bulk,,
219995030,5373017,NO,present,introduced,,escape: other escape from confinement,2007,
219995031,5073476,NO,present,introduced,,"transport - contaminant: transportation of habitat material (soil, vegetation, wood etc)",1979,
219995033,1557713,NO,present,introduced,,transport - contaminant: parasites on plants (including species transported by host and vector),,
219995034,5074534,NO,present,introduced,,transport - contaminant: food contaminant (including of live food),,
219995035,7628663,NO,present,introduced,,escape: horticulture,1932,
219995036,1557713,NO,present,introduced,,transport - contaminant: food contaminant (including of live food),,
219995037,1489081,NO,present,introduced,,transport - contaminant: parasites on animals (including organisms transported by host and vector),,
219995038,8388117,NO,present,introduced,,,2003,
219995039,1557713,NO,present,introduced,,transport - contaminant: contaminant nursery material,,
219995040,5331389,NO,present,introduced,invasive,escape: ornamental purpose other than horticulture,1900,
219995041,7836194,NO,present,introduced,,transport - contaminant: food contaminant (including of live food),,
219995042,5331389,NO,present,introduced,invasive,escape: horticulture,1900,
219995043,1557713,NO,present,introduced,,unaided: natural dispersal across borders of invasive alien organisms,,
219995044,7628663,NO,present,introduced,,escape: ornamental purpose other than horticulture,1932,
219995045,5663831,NO,present,introduced,,escape: ornamental purpose other than horticulture,,
219995047,7598868,NO,present,introduced,,escape: ornamental purpose other than horticulture,1959,
219995048,1651891,NO,present,introduced,,transport - stowaway: container/bulk,,
219995049,5663831,NO,present,introduced,,escape: horticulture,,
219995050,1651430,NO,present,introduced,invasive,transport - stowaway: people and their luggage/equipment (in particular tourism),,
219995051,5331181,NO,present,introduced,,escape: horticulture,,
219995052,1651891,NO,present,introduced,,transport - stowaway: people and their luggage/equipment (in particular tourism),,
219995053,7598868,NO,present,introduced,,escape: horticulture,1959,
219995054,1651847,NO,present,introduced,,transport - stowaway: container/bulk,,
219995055,5331181,NO,present,introduced,,escape: ornamental purpose other than horticulture,,
219995056,10870831,NO,present,introduced,,transport - stowaway: container/bulk,,
219995057,7544600,NO,present,introduced,,escape: ornamental purpose other than horticulture,,
219995059,1652150,NO,present,introduced,,transport - stowaway: container/bulk,,
219995061,1653695,NO,present,introduced,,transport - stowaway: people and their luggage/equipment (in particular tourism),,
219995062,2928809,NO,present,introduced,,unaided: natural dispersal across borders of invasive alien organisms,1980,
219995063,2930222,NO,present,introduced,,"transport - contaminant: contaminant on plants (except parasites, species transported by host/vector)",1930,
219995064,1651430,NO,present,introduced,invasive,transport - stowaway: container/bulk,,
219995065,1653695,NO,present,introduced,,transport - stowaway: container/bulk,,
219995066,2930222,NO,present,introduced,,transport - contaminant: timber trade,1930,
219995067,2932872,NO,present,introduced,,"transport - contaminant: transportation of habitat material (soil, vegetation, wood etc)",1932,
219995068,5885716,NO,present,introduced,,transport - stowaway: people and their luggage/equipment (in particular tourism),,
219995069,5341850,NO,present,introduced,,escape: horticulture,,
219995070,1652212,NO,present,introduced,,transport - stowaway: container/bulk,,
219995071,3802655,NO,present,introduced,,transport - contaminant: timber trade,1948,
219995072,1651430,NO,present,introduced,invasive,transport - stowaway: machinery/equipment,,
219995073,1652212,NO,present,introduced,,transport - stowaway: machinery/equipment,,
219995074,2930222,NO,present,introduced,,transport - stowaway: hitchhikers on ship/boat (excluding ballast water and hull fouling),1930,
219995075,5885716,NO,present,introduced,,transport - stowaway: container/bulk,,
219995076,2928809,NO,present,introduced,,escape: horticulture,1980,
219995077,3802655,NO,present,introduced,,escape: botanic garden/zoo/aquaria (excluding domestic aquaria),1948,
219995079,2928809,NO,present,introduced,,escape: ornamental purpose other than horticulture,1980,
219995080,1587209,NO,present,introduced,,transport - contaminant: parasites on animals (including organisms transported by host and vector),,
219995081,3797084,NO,present,introduced,,escape: ornamental purpose other than horticulture,1927,
219995083,2932872,NO,present,introduced,,"transport - contaminant: contaminant on plants (except parasites, species transported by host/vector)",1932,
219995084,1450317,NO,present,introduced,,transport - stowaway: ship/boat ballast water,,
219995085,2928835,NO,present,introduced,,unaided: natural dispersal across borders of invasive alien organisms,1891,
219995086,1450317,NO,present,introduced,,transport - stowaway: ship/boat hull fouling,,
219995087,2928835,NO,present,introduced,,escape: other escape from confinement,1891,
219995089,3802956,NO,present,introduced,,transport - stowaway: other means of transport,2000,
219995090,1589856,NO,present,introduced,,corridors: interconnected waterways/basins/seas,,
219995091,2932144,NO,present,introduced,invasive,transport - contaminant: seed contaminant,2003,
219995092,1589838,NO,present,introduced,,transport - stowaway: other means of transport,1985,
219995093,2932872,NO,present,introduced,,transport - contaminant: seed contaminant,1932,
219995094,1589856,NO,present,introduced,,transport - stowaway: other means of transport,,
219995095,5341754,NO,present,introduced,,escape: ornamental purpose other than horticulture,1934,
219995097,2932144,NO,present,introduced,invasive,transport - contaminant: timber trade,2003,
219995098,1547108,NO,present,introduced,,"transport - contaminant: transportation of habitat material (soil, vegetation, wood etc)",,
219995099,2930222,NO,present,introduced,,transport - contaminant: seed contaminant,1930,
219995100,1547108,NO,present,introduced,,unaided: natural dispersal across borders of invasive alien organisms,,
219995101,5341850,NO,present,introduced,,escape: ornamental purpose other than horticulture,,
219995102,1548900,NO,present,introduced,,transport - contaminant: food contaminant (including of live food),,
219995103,1547108,NO,present,introduced,,escape: research and ex-situ breeding (in facilities),,
219995104,2928751,NO,present,introduced,,transport - contaminant: seed contaminant,1850,
219995105,1547108,NO,present,introduced,,transport - stowaway: container/bulk,,
219995106,3802956,NO,present,introduced,,transport - contaminant: other means of contamination,2000,
219995107,1548900,NO,present,introduced,,"transport - contaminant: contaminant on plants (except parasites, species transported by host/vector)",,
219995109,2928751,NO,present,introduced,,transport - contaminant: food contaminant (including of live food),1850,
219995110,2928835,NO,present,introduced,,escape: ornamental purpose other than horticulture,1891,
219995111,1598968,NO,present,introduced,,transport - stowaway: container/bulk,,
219995112,2930222,NO,present,introduced,,"transport - contaminant: transportation of habitat material (soil, vegetation, wood etc)",1930,
219995113,5082199,NO,present,introduced,,transport - contaminant: parasites on plants (including species transported by host and vector),,
219995115,1595199,NO,present,introduced,,transport - contaminant: parasites on plants (including species transported by host and vector),1900,
219995117,1595005,NO,present,introduced,,unaided: natural dispersal across borders of invasive alien organisms,,
219995118,1601456,NO,present,introduced,,unaided: natural dispersal across borders of invasive alien organisms,,
3754353,8530658,NO,present,introduced,,escape: ornamental purpose other than horticulture,2001,
3754353,8530658,NO,present,introduced,,escape: horticulture,2001,
219995121,1601073,NO,present,introduced,,transport - contaminant: parasites on plants (including species transported by host and vector),,
219995122,2928446,NO,present,introduced,,escape: ornamental purpose other than horticulture,,
219995123,1598968,NO,present,introduced,,transport - contaminant: parasites on plants (including species transported by host and vector),,
219995124,1598968,NO,present,introduced,,transport - contaminant: timber trade,,
219995126,1594851,NO,present,introduced,,transport - contaminant: parasites on plants (including species transported by host and vector),,
3678616,3678503,NO,present,introduced,invasive,escape: ornamental purpose other than horticulture,1927,
219995128,5082091,NO,present,introduced,,transport - contaminant: parasites on plants (including species transported by host and vector),1900,
219995130,1595212,NO,present,introduced,,"transport - contaminant: contaminant on plants (except parasites, species transported by host/vector)",,
7544073,12104066,NO,present,introduced,,escape: ornamental purpose other than horticulture,1963,
219995132,5082209,NO,present,introduced,,transport - contaminant: parasites on plants (including species transported by host and vector),,
7544073,12104066,NO,present,introduced,,escape: horticulture,1963,
219995134,9341614,NO,present,introduced,,transport - contaminant: parasites on plants (including species transported by host and vector),2017,
219995136,1595380,NO,present,introduced,,transport - contaminant: parasites on plants (including species transported by host and vector),,
6430339,3679716,NO,present,introduced,,escape: ornamental purpose other than horticulture,,
219995138,5082067,NO,present,introduced,,transport - contaminant: parasites on plants (including species transported by host and vector),2003,
219995139,3678949,NO,present,introduced,invasive,escape: ornamental purpose other than horticulture,1860,
219995140,1601157,NO,present,introduced,invasive,transport - contaminant: parasites on plants (including species transported by host and vector),,
219995141,3678949,NO,present,introduced,invasive,unaided: natural dispersal across borders of invasive alien organisms,1860,
219995143,1601040,NO,present,introduced,,unaided: natural dispersal across borders of invasive alien organisms,,
219995144,5082209,NO,present,introduced,,unaided: natural dispersal across borders of invasive alien organisms,,
8223023,8661371,NO,present,introduced,invasive,escape: ornamental purpose other than horticulture,,
8223023,8661371,NO,present,introduced,invasive,escape: horticulture,,
1595180,4521765,NO,present,introduced,,unaided: natural dispersal across borders of invasive alien organisms,,
1595180,4521765,NO,present,introduced,,transport - contaminant: parasites on plants (including species transported by host and vector),,
219995151,1601056,NO,present,introduced,,transport - contaminant: parasites on plants (including species transported by host and vector),,
219995153,1595831,NO,present,introduced,,transport - contaminant: parasites on plants (including species transported by host and vector),,
219995154,3039209,NO,present,introduced,,escape: ornamental purpose other than horticulture,1963,
219995155,1599075,NO,present,introduced,,transport - contaminant: parasites on plants (including species transported by host and vector),,
219995156,1594851,NO,present,introduced,,unaided: natural dispersal across borders of invasive alien organisms,,
219995157,3039194,NO,present,introduced,invasive,escape: ornamental purpose other than horticulture,1959,
219995158,1601040,NO,present,introduced,,transport - contaminant: parasites on plants (including species transported by host and vector),,
219995159,1595005,NO,present,introduced,,transport - contaminant: parasites on plants (including species transported by host and vector),,
219995160,3039203,NO,present,introduced,invasive,release: landscape improvement,1909,
219995161,1601456,NO,present,introduced,,transport - contaminant: parasites on plants (including species transported by host and vector),,
219995162,3039194,NO,present,introduced,invasive,release: landscape improvement,1959,
219995163,1598968,NO,present,introduced,,unaided: natural dispersal across borders of invasive alien organisms,,
219995164,3039203,NO,present,introduced,invasive,escape: other escape from confinement,1909,
219995165,1599061,NO,present,introduced,,transport - contaminant: parasites on plants (including species transported by host and vector),,
219995166,3039203,NO,present,introduced,invasive,escape: ornamental purpose other than horticulture,1909,
219995167,3039194,NO,present,introduced,invasive,escape: other escape from confinement,1959,
219995169,1553757,NO,present,introduced,,transport - contaminant: parasites on plants (including species transported by host and vector),,
219995172,1553757,NO,present,introduced,,transport - contaminant: contaminant nursery material,,
219995173,1553384,NO,present,introduced,,transport - contaminant: parasites on plants (including species transported by host and vector),,
219995174,6388110,NO,present,introduced,,"transport - contaminant: transportation of habitat material (soil, vegetation, wood etc)",1905,
219995175,6388110,NO,present,introduced,,transport - contaminant: timber trade,1905,
219995176,1553384,NO,present,introduced,,"transport - contaminant: contaminant on plants (except parasites, species transported by host/vector)",,
219995177,6388110,NO,present,introduced,,transport - contaminant: seed contaminant,1905,
219995178,1553410,NO,present,introduced,,"transport - contaminant: contaminant on plants (except parasites, species transported by host/vector)",,
219995179,6388110,NO,present,introduced,,"transport - contaminant: contaminant on plants (except parasites, species transported by host/vector)",1905,
219995182,1574962,NO,present,introduced,,transport - contaminant: seed contaminant,,
219995183,2889037,NO,present,introduced,,escape: ornamental purpose other than horticulture,,
219995184,1574962,NO,present,introduced,,"transport - contaminant: contaminant on plants (except parasites, species transported by host/vector)",,
219995185,2889037,NO,present,introduced,,transport - contaminant: seed contaminant,,
219995186,1574951,NO,present,introduced,,transport - contaminant: parasites on plants (including species transported by host and vector),,
219995187,1574948,NO,present,introduced,,transport - contaminant: parasites on plants (including species transported by host and vector),,
219995188,8811572,NO,present,introduced,,escape: ornamental purpose other than horticulture,,
219995190,2888943,NO,present,introduced,,"transport - stowaway: vehicles (car, train, etc.)",1931,
219995191,1464288,NO,present,introduced,,escape: horticulture,,
219995192,9020499,NO,present,introduced,,escape: ornamental purpose other than horticulture,1947,
219995193,1464288,NO,present,introduced,,transport - contaminant: timber trade,,
219995194,2888943,NO,present,introduced,,transport - contaminant: seed contaminant,1931,
219995195,1464288,NO,present,introduced,,escape: forestry (including reforestation),,
219995197,1475022,NO,present,introduced,,unaided: natural dispersal across borders of invasive alien organisms,,
4038485,8777567,NO,present,introduced,invasive,transport - stowaway: machinery/equipment,,
219995199,1464288,NO,present,introduced,,release: biological control,,
219995200,1477054,NO,present,introduced,,unaided: natural dispersal across borders of invasive alien organisms,,
4038485,8777567,NO,present,introduced,invasive,"transport - contaminant: transportation of habitat material (soil, vegetation, wood etc)",,
219995202,1464288,NO,present,introduced,,unaided: natural dispersal across borders of invasive alien organisms,,
4038485,8777567,NO,present,introduced,invasive,escape: horticulture,,
219995204,1464719,NO,present,introduced,,unaided: natural dispersal across borders of invasive alien organisms,,
4038485,8777567,NO,present,introduced,invasive,escape: ornamental purpose other than horticulture,,
219995206,1464288,NO,present,introduced,,escape: horticulture,,
219995207,2889173,NO,present,introduced,invasive,transport - stowaway: machinery/equipment,,
219995209,1577153,NO,present,introduced,,unaided: natural dispersal across borders of invasive alien organisms,,
219995210,8848208,NO,present,introduced,,escape: ornamental purpose other than horticulture,1927,
219995211,1577153,NO,present,introduced,,escape: aquaculture/mariculture,,
219995212,2888963,NO,present,introduced,,transport - contaminant: timber trade,1826,
219995215,4522049,NO,present,introduced,,"transport - stowaway: vehicles (car, train, etc.)",,
219995216,4522049,NO,present,introduced,,transport - stowaway: other means of transport,,
5652131,5334432,NO,present,introduced,,transport - stowaway: hitchhikers on ship/boat (excluding ballast water and hull fouling),1868,
219995218,4522049,NO,present,introduced,,transport - stowaway: people and their luggage/equipment (in particular tourism),,
219995219,4522049,NO,present,introduced,,transport - stowaway: hitchhikers in or on airplane,,
5652131,5334432,NO,present,introduced,,"transport - stowaway: vehicles (car, train, etc.)",1868,
219995221,4522049,NO,present,introduced,,transport - stowaway: hitchhikers on ship/boat (excluding ballast water and hull fouling),,
219995222,2889088,NO,present,introduced,invasive,escape: ornamental purpose other than horticulture,,
219995223,4522049,NO,present,introduced,,transport - stowaway: container/bulk,,
219995225,9020499,NO,present,introduced,,transport - contaminant: contaminated bait,1947,
219995227,7344610,NO,present,introduced,,escape: ornamental purpose other than horticulture,,
219995228,1031520,NO,present,introduced,,transport - contaminant: food contaminant (including of live food),,
219995229,2889037,NO,present,introduced,,escape: horticulture,,
219995231,8720751,NO,present,introduced,,escape: ornamental purpose other than horticulture,,
219995232,4423025,NO,present,introduced,,transport - contaminant: parasites on animals (including organisms transported by host and vector),,
219995233,5334351,NO,present,introduced,,escape: ornamental purpose other than horticulture,1961,
219995235,7925535,NO,present,introduced,,transport - contaminant: seed contaminant,1854,
219995236,2889173,NO,present,introduced,invasive,"transport - contaminant: transportation of habitat material (soil, vegetation, wood etc)",,
219995238,4033335,NO,present,introduced,,escape: ornamental purpose other than horticulture,1994,
219995240,2220347,NO,present,introduced,invasive,transport - stowaway: other means of transport,,
219995241,7925535,NO,present,introduced,,escape: ornamental purpose other than horticulture,1854,
219995242,2889088,NO,present,introduced,invasive,transport - stowaway: machinery/equipment,,
219995243,2220347,NO,present,introduced,invasive,release: other intentional release,,
219995244,2220347,NO,present,introduced,invasive,transport - stowaway: hitchhikers on ship/boat (excluding ballast water and hull fouling),,
219995245,2889173,NO,present,introduced,invasive,escape: horticulture,,
219995246,2220347,NO,present,introduced,invasive,transport - stowaway: ship/boat ballast water,,
219995247,2888963,NO,present,introduced,,transport - stowaway: hitchhikers on ship/boat (excluding ballast water and hull fouling),1826,
219995248,2220312,NO,present,introduced,invasive,transport - stowaway: ship/boat ballast water,,
219995249,2888867,NO,present,introduced,,escape: agriculture (including biofuel feedstocks),1931,
219995251,2889088,NO,present,introduced,invasive,escape: horticulture,,
219995253,7344610,NO,present,introduced,,escape: horticulture,,
219995254,2215522,NO,present,introduced,,transport - stowaway: ship/boat ballast water,,
219995256,2215522,NO,present,introduced,,corridors: interconnected waterways/basins/seas,,
219995257,2215522,NO,present,introduced,,transport - stowaway: ship/boat hull fouling,,
219995258,8773480,NO,present,introduced,invasive,escape: ornamental purpose other than horticulture,1941,
219995260,8773480,NO,present,introduced,invasive,"transport - contaminant: transportation of habitat material (soil, vegetation, wood etc)",1941,
219995262,2888867,NO,present,introduced,,escape: ornamental purpose other than horticulture,1931,
219995263,2226702,NO,present,introduced,,transport - stowaway: ship/boat ballast water,,
219995264,8811572,NO,present,introduced,,escape: horticulture,,
219995265,2226702,NO,present,introduced,,transport - stowaway: ship/boat hull fouling,,
219995266,2889088,NO,present,introduced,invasive,"transport - contaminant: transportation of habitat material (soil, vegetation, wood etc)",,
219995268,2888948,NO,present,introduced,,escape: botanic garden/zoo/aquaria (excluding domestic aquaria),,
219995269,2226990,NO,present,introduced,invasive,release: fishery in the wild,2006,
219995270,2889173,NO,present,introduced,invasive,escape: ornamental purpose other than horticulture,,
219995271,8946295,NO,present,introduced,invasive,release: landscape improvement,,
219995272,2888943,NO,present,introduced,,unaided: natural dispersal across borders of invasive alien organisms,1931,
219995273,8946295,NO,present,introduced,invasive,release: fishery in the wild,,
219995274,7925535,NO,present,introduced,,transport - contaminant: contaminated bait,1854,
219995275,8946295,NO,present,introduced,invasive,unaided: natural dispersal across borders of invasive alien organisms,,
219995278,6283580,NO,present,introduced,,release: other intentional release,,
219995279,3026040,NO,present,introduced,invasive,escape: ornamental purpose other than horticulture,,
219995280,2224546,NO,present,introduced,,escape: pet/aquarium/terrarium species (including live food for such species),,
219995282,2224970,NO,present,introduced,invasive,transport - stowaway: hitchhikers on ship/boat (excluding ballast water and hull fouling),,
219995283,3084015,NO,present,introduced,,escape: botanic garden/zoo/aquaria (excluding domestic aquaria),,
219995284,2224652,NO,present,introduced,,release: other intentional release,,
219995285,2224744,NO,present,introduced,,release: other intentional release,,
219995286,3084022,NO,present,introduced,,unaided: natural dispersal across borders of invasive alien organisms,2010,
219995287,2224522,NO,present,introduced,,escape: pet/aquarium/terrarium species (including live food for such species),,
219995289,2224652,NO,present,introduced,,escape: pet/aquarium/terrarium species (including live food for such species),,
219995290,2224787,NO,present,introduced,,release: other intentional release,,
219995291,2224546,NO,present,introduced,,release: other intentional release,,
219995292,6109534,NO,present,introduced,,transport - contaminant: food contaminant (including of live food),1875,
219995293,2224787,NO,present,introduced,,escape: pet/aquarium/terrarium species (including live food for such species),,
219995294,2224970,NO,present,introduced,invasive,transport - stowaway: ship/boat ballast water,,
219995295,7725469,NO,present,introduced,,transport - stowaway: hitchhikers on ship/boat (excluding ballast water and hull fouling),1861,
219995296,2224668,NO,present,introduced,,escape: pet/aquarium/terrarium species (including live food for such species),,
219995297,5863220,NO,present,introduced,,escape: pet/aquarium/terrarium species (including live food for such species),,
219995298,3083761,NO,present,introduced,,transport - contaminant: seed contaminant,1850,
219995299,6457185,NO,present,introduced,,escape: pet/aquarium/terrarium species (including live food for such species),,
219995300,6109534,NO,present,introduced,,transport - stowaway: ship/boat ballast water,1875,
219995301,2224970,NO,present,introduced,invasive,corridors: interconnected waterways/basins/seas,,
219995302,3083862,NO,present,introduced,,transport - contaminant: seed contaminant,1874,
219995303,6457185,NO,present,introduced,,release: other intentional release,,
219995304,6109534,NO,present,introduced,,"transport - stowaway: vehicles (car, train, etc.)",1875,
219995305,2224763,NO,present,introduced,,escape: pet/aquarium/terrarium species (including live food for such species),,
219995306,2224744,NO,present,introduced,,escape: pet/aquarium/terrarium species (including live food for such species),,
219995307,7551162,NO,present,introduced,,transport - contaminant: seed contaminant,1860,
219995308,6283580,NO,present,introduced,,escape: pet/aquarium/terrarium species (including live food for such species),,
219995309,8273130,NO,present,introduced,,"transport - stowaway: vehicles (car, train, etc.)",1826,
219995310,5863220,NO,present,introduced,,release: other intentional release,,
219995311,2224668,NO,present,introduced,,release: other intentional release,,
219995312,6109534,NO,present,introduced,,"transport - contaminant: transportation of habitat material (soil, vegetation, wood etc)",1875,
219995313,2224522,NO,present,introduced,,release: other intentional release,,
219995314,2224970,NO,present,introduced,invasive,unaided: natural dispersal across borders of invasive alien organisms,,
219995315,5383936,NO,present,introduced,,escape: ornamental purpose other than horticulture,1906,
219995316,2224763,NO,present,introduced,,release: other intentional release,,
219995317,7551162,NO,present,introduced,,"transport - contaminant: transportation of habitat material (soil, vegetation, wood etc)",1860,
219995319,5383969,NO,present,introduced,,escape: ornamental purpose other than horticulture,1803,
219995320,4648604,NO,present,introduced,,release: other intentional release,,
219995321,8273130,NO,present,introduced,,"transport - contaminant: contaminant on plants (except parasites, species transported by host/vector)",1826,
219995322,5383969,NO,present,introduced,,escape: botanic garden/zoo/aquaria (excluding domestic aquaria),1803,
219995323,8822905,NO,present,introduced,,release: other intentional release,,
219995324,3083761,NO,present,introduced,,escape: agriculture (including biofuel feedstocks),1850,
219995325,8149099,NO,present,introduced,,transport - stowaway: hitchhikers on ship/boat (excluding ballast water and hull fouling),1840,
219995326,8682286,NO,present,introduced,,release: other intentional release,,
219995327,5789935,NO,present,introduced,,escape: pet/aquarium/terrarium species (including live food for such species),,
219995328,7551162,NO,present,introduced,,"transport - contaminant: contaminant on plants (except parasites, species transported by host/vector)",1860,
219995329,5789936,NO,present,introduced,,release: other intentional release,,
219995331,9227560,NO,present,introduced,,release: other intentional release,,
219995332,4648616,NO,present,introduced,,release: other intentional release,,
5384359,5547865,NO,present,introduced,,transport - contaminant: seed contaminant,1956,
219995334,4648609,NO,present,introduced,,escape: pet/aquarium/terrarium species (including live food for such species),,
219995335,4648609,NO,present,introduced,,release: other intentional release,,
219995336,8149099,NO,present,introduced,,transport - contaminant: contaminant nursery material,1840,
219995337,5789935,NO,present,introduced,,release: other intentional release,,
219995338,5789930,NO,present,introduced,,release: other intentional release,,
219995339,8149099,NO,present,introduced,,transport - contaminant: timber trade,1840,
219995340,5789933,NO,present,introduced,,release: other intentional release,,
219995341,5789932,NO,present,introduced,,release: other intentional release,,
219995342,8273130,NO,present,introduced,,transport - contaminant: seed contaminant,1826,
219995343,5789932,NO,present,introduced,,escape: pet/aquarium/terrarium species (including live food for such species),,
219995344,5789934,NO,present,introduced,,release: other intentional release,,
219995346,4417558,NO,present,introduced,,release: other intentional release,,
3755928,6035721,NO,present,introduced,,transport - contaminant: contaminated bait,1934,
219995349,2227254,NO,present,introduced,,release: other intentional release,,
3755928,6035721,NO,present,introduced,,transport - contaminant: seed contaminant,1934,
219995351,5383969,NO,present,introduced,,transport - contaminant: seed contaminant,1803,
219995352,2227437,NO,present,introduced,,release: other intentional release,,
219995353,7725469,NO,present,introduced,,transport - contaminant: seed contaminant,1861,
219995354,2227309,NO,present,introduced,invasive,escape: other escape from confinement,,
219995355,5383936,NO,present,introduced,,transport - contaminant: seed contaminant,1906,
219995356,8971201,NO,present,introduced,,release: other intentional release,,
219995357,8149099,NO,present,introduced,,transport - contaminant: seed contaminant,1840,
219995358,2227427,NO,present,introduced,,release: other intentional release,,
219995359,3083761,NO,present,introduced,,escape: ornamental purpose other than horticulture,1850,
219995360,3083761,NO,present,introduced,,transport - stowaway: hitchhikers on ship/boat (excluding ballast water and hull fouling),1850,
219995361,9062851,NO,present,introduced,invasive,escape: pet/aquarium/terrarium species (including live food for such species),,
219995362,6109534,NO,present,introduced,,transport - contaminant: seed contaminant,1875,
219995363,8273130,NO,present,introduced,,"transport - contaminant: transportation of habitat material (soil, vegetation, wood etc)",1826,
219995364,2227300,NO,present,introduced,invasive,escape: pet/aquarium/terrarium species (including live food for such species),,
219995365,7551162,NO,present,introduced,,"transport - stowaway: vehicles (car, train, etc.)",1860,
219995366,2227230,NO,present,introduced,,escape: pet/aquarium/terrarium species (including live food for such species),,
219995367,3083862,NO,present,introduced,,transport - stowaway: hitchhikers on ship/boat (excluding ballast water and hull fouling),1874,
219995368,8930656,NO,present,introduced,,release: other intentional release,,
219995370,8909595,NO,present,introduced,invasive,release: other intentional release,,
10714947,7420522,NO,present,introduced,,transport - contaminant: food contaminant (including of live food),1971,
219995372,2227194,NO,present,introduced,,escape: pet/aquarium/terrarium species (including live food for such species),,
219995373,8273130,NO,present,introduced,,transport - stowaway: hitchhikers on ship/boat (excluding ballast water and hull fouling),1826,
219995374,2227441,NO,present,introduced,,release: other intentional release,,
219995376,5789994,NO,present,introduced,,release: other intentional release,,
219995377,7736011,NO,present,introduced,,"transport - contaminant: contaminant on plants (except parasites, species transported by host/vector)",1929,
219995378,7736011,NO,present,introduced,,transport - contaminant: seed contaminant,1929,
219995379,2227289,NO,present,introduced,,release: other intentional release,,
219995380,7736011,NO,present,introduced,,"transport - contaminant: transportation of habitat material (soil, vegetation, wood etc)",1929,
219995381,2227438,NO,present,introduced,,release: other intentional release,,
219995382,3084742,NO,present,introduced,invasive,escape: ornamental purpose other than horticulture,1950,
219995383,2227194,NO,present,introduced,,release: other intentional release,,
219995385,2227429,NO,present,introduced,,release: other intentional release,,
219995387,8979506,NO,present,introduced,,release: other intentional release,,
5584611,3085889,NO,present,introduced,,escape: ornamental purpose other than horticulture,,
5584611,3085889,NO,present,introduced,,unaided: natural dispersal across borders of invasive alien organisms,,
219995390,2227440,NO,present,introduced,,release: other intentional release,,
219995391,2227435,NO,present,introduced,,escape: pet/aquarium/terrarium species (including live food for such species),,
219995392,5384458,NO,present,introduced,,escape: horticulture,1920,
219995393,2227254,NO,present,introduced,,escape: pet/aquarium/terrarium species (including live food for such species),,
219995394,3085368,NO,present,introduced,,transport - contaminant: food contaminant (including of live food),,
219995395,2227441,NO,present,introduced,,escape: pet/aquarium/terrarium species (including live food for such species),,
219995396,3085798,NO,present,introduced,,"transport - contaminant: transportation of habitat material (soil, vegetation, wood etc)",,
219995397,3085360,NO,present,introduced,,"transport - contaminant: transportation of habitat material (soil, vegetation, wood etc)",,
219995398,2227139,NO,present,introduced,,escape: pet/aquarium/terrarium species (including live food for such species),,
219995399,3085438,NO,present,introduced,invasive,escape: ornamental purpose other than horticulture,1897,
219995400,3085798,NO,present,introduced,,transport - stowaway: hitchhikers on ship/boat (excluding ballast water and hull fouling),,
219995401,2227248,NO,present,introduced,,release: other intentional release,,
219995402,5384458,NO,present,introduced,,escape: ornamental purpose other than horticulture,1920,
219995403,9062851,NO,present,introduced,invasive,release: other intentional release,,
219995404,2227435,NO,present,introduced,,release: other intentional release,,
219995406,8721209,NO,present,introduced,,release: other intentional release,,
5384741,3085878,NO,present,introduced,,unaided: natural dispersal across borders of invasive alien organisms,1937,
219995408,2227224,NO,present,introduced,,release: other intentional release,,
5384741,3085878,NO,present,introduced,,escape: ornamental purpose other than horticulture,1937,
219995410,2227300,NO,present,introduced,invasive,release: other intentional release,,
219995411,7419348,NO,present,introduced,,release: other intentional release,1970,
219995412,2227230,NO,present,introduced,,release: other intentional release,,
219995413,3085360,NO,present,introduced,,escape: horticulture,,
219995414,2227203,NO,present,introduced,,release: other intentional release,,
219995415,3085412,NO,present,introduced,invasive,escape: ornamental purpose other than horticulture,1936,
219995416,5789994,NO,present,introduced,,escape: pet/aquarium/terrarium species (including live food for such species),,
219995417,2227175,NO,present,introduced,,escape: pet/aquarium/terrarium species (including live food for such species),,
219995418,3085437,NO,present,introduced,invasive,escape: ornamental purpose other than horticulture,1897,
219995419,2227310,NO,present,introduced,,release: other intentional release,,
219995420,5384466,NO,present,introduced,,escape: horticulture,1897,
219995421,2227434,NO,present,introduced,,release: other intentional release,,
219995422,2227309,NO,present,introduced,invasive,escape: pet/aquarium/terrarium species (including live food for such species),,
219995423,3808928,NO,present,introduced,,"transport - contaminant: transportation of habitat material (soil, vegetation, wood etc)",1907,
219995424,2227224,NO,present,introduced,,escape: pet/aquarium/terrarium species (including live food for such species),,
219995425,5384782,NO,present,introduced,,transport - contaminant: seed contaminant,1905,
219995426,2227428,NO,present,introduced,,release: other intentional release,,
219995427,2227310,NO,present,introduced,,escape: pet/aquarium/terrarium species (including live food for such species),,
219995428,3808928,NO,present,introduced,,transport - stowaway: hitchhikers on ship/boat (excluding ballast water and hull fouling),1907,
219995429,8995901,NO,present,introduced,,release: other intentional release,,
219995430,3085421,NO,present,introduced,,escape: ornamental purpose other than horticulture,,
219995431,2227437,NO,present,introduced,,escape: pet/aquarium/terrarium species (including live food for such species),,
219995432,5384466,NO,present,introduced,,transport - contaminant: seed contaminant,1897,
219995433,2227175,NO,present,introduced,,release: other intentional release,,
219995434,3085798,NO,present,introduced,,"transport - stowaway: vehicles (car, train, etc.)",,
219995435,2227427,NO,present,introduced,,escape: pet/aquarium/terrarium species (including live food for such species),,
219995436,5384848,NO,present,introduced,,transport - contaminant: seed contaminant,1871,
219995438,2225637,NO,present,introduced,,unaided: natural dispersal across borders of invasive alien organisms,2016,
219995440,2225646,NO,present,introduced,,corridors: interconnected waterways/basins/seas,,
3085257,5384457,NO,present,introduced,,"transport - contaminant: transportation of habitat material (soil, vegetation, wood etc)",1906,
219995442,2225637,NO,present,introduced,,transport - stowaway: ship/boat ballast water,2016,
3085257,5384457,NO,present,introduced,,transport - contaminant: seed contaminant,1906,
219995444,2225629,NO,present,introduced,invasive,transport - stowaway: ship/boat ballast water,,
219995445,5384848,NO,present,introduced,,transport - stowaway: hitchhikers on ship/boat (excluding ballast water and hull fouling),1871,
219995446,2225637,NO,present,introduced,,transport - stowaway: ship/boat hull fouling,2016,
219995447,3085368,NO,present,introduced,,transport - contaminant: seed contaminant,,
219995448,5863622,NO,present,introduced,,transport - stowaway: ship/boat hull fouling,,
219995449,5863622,NO,present,introduced,,transport - stowaway: ship/boat ballast water,,
219995450,3085360,NO,present,introduced,,escape: ornamental purpose other than horticulture,,
219995451,2225629,NO,present,introduced,invasive,transport - stowaway: ship/boat hull fouling,,
219995452,3808928,NO,present,introduced,,"transport - contaminant: contaminant on plants (except parasites, species transported by host/vector)",1907,
219995453,2225646,NO,present,introduced,,transport - stowaway: ship/boat hull fouling,,
219995454,3085357,NO,present,introduced,,escape: ornamental purpose other than horticulture,1955,
219995455,2225646,NO,present,introduced,,unaided: natural dispersal across borders of invasive alien organisms,,
219995456,2225629,NO,present,introduced,invasive,unaided: natural dispersal across borders of invasive alien organisms,,
219995457,3085420,NO,present,introduced,,escape: ornamental purpose other than horticulture,2007,
219995458,5863622,NO,present,introduced,,corridors: interconnected waterways/basins/seas,,
219995462,5799065,NO,present,introduced,,unaided: natural dispersal across borders of invasive alien organisms,,
219995463,5799065,NO,present,introduced,,transport - stowaway: ship/boat ballast water,,
219995464,4201709,NO,present,introduced,,escape: horticulture,,
219995465,5799065,NO,present,introduced,,transport - stowaway: hitchhikers on ship/boat (excluding ballast water and hull fouling),,
219995467,4201607,NO,present,introduced,invasive,escape: ornamental purpose other than horticulture,1823,
219995468,2225783,NO,present,introduced,,transport - stowaway: ship/boat ballast water,,
219995469,5362054,NO,present,introduced,invasive,escape: aquaculture/mariculture,2008,
219995470,2225783,NO,present,introduced,,unaided: natural dispersal across borders of invasive alien organisms,,
219995471,2225783,NO,present,introduced,,transport - stowaway: ship/boat hull fouling,,
219995472,8955469,NO,present,introduced,,escape: ornamental purpose other than horticulture,,
219995474,2985949,NO,present,introduced,invasive,escape: horticulture,,
219995475,2225772,NO,present,introduced,invasive,unaided: natural dispersal across borders of invasive alien organisms,2022,
219995476,2225772,NO,present,introduced,invasive,corridors: interconnected waterways/basins/seas,2022,
219995477,4201585,NO,present,introduced,,transport - stowaway: hitchhikers on ship/boat (excluding ballast water and hull fouling),1882,
219995478,4382841,NO,present,introduced,invasive,unaided: natural dispersal across borders of invasive alien organisms,2020,
219995479,4202057,NO,present,introduced,,escape: other escape from confinement,,
219995480,2225776,NO,present,introduced,invasive,unaided: natural dispersal across borders of invasive alien organisms,1976,
219995481,4202184,NO,present,introduced,,escape: other escape from confinement,,
219995482,5863367,NO,present,introduced,,transport - stowaway: ship/boat hull fouling,,
219995483,7625285,NO,present,introduced,,unaided: natural dispersal across borders of invasive alien organisms,1964,
219995484,4382841,NO,present,introduced,invasive,transport - stowaway: ship/boat hull fouling,2020,
219995485,2985863,NO,present,introduced,,escape: ornamental purpose other than horticulture,2003,
219995486,2225772,NO,present,introduced,invasive,transport - stowaway: ship/boat hull fouling,2022,
219995487,4202184,NO,present,introduced,,escape: horticulture,,
219995488,4382841,NO,present,introduced,invasive,transport - stowaway: ship/boat ballast water,2020,
219995489,8589064,NO,present,introduced,,escape: ornamental purpose other than horticulture,,
219995490,4382841,NO,present,introduced,invasive,transport - stowaway: ship/boat ballast water,2020,
219995491,2225776,NO,present,introduced,invasive,transport - stowaway: ship/boat ballast water,1976,
219995492,5361991,NO,present,introduced,invasive,escape: ornamental purpose other than horticulture,,
219995493,5863367,NO,present,introduced,,transport - stowaway: ship/boat ballast water,,
219995494,2225776,NO,present,introduced,invasive,transport - stowaway: ship/boat hull fouling,1976,
219995495,2985865,NO,present,introduced,,escape: horticulture,,
219995497,5361982,NO,present,introduced,,"transport - contaminant: transportation of habitat material (soil, vegetation, wood etc)",1922,
219995498,2222075,NO,present,introduced,,transport - stowaway: ship/boat ballast water,,
219995499,8589064,NO,present,introduced,,escape: horticulture,,
219995500,4201688,NO,present,introduced,invasive,escape: ornamental purpose other than horticulture,1961,
219995501,2222075,NO,present,introduced,,transport - stowaway: hitchhikers on ship/boat (excluding ballast water and hull fouling),,
219995502,7172849,NO,present,introduced,,escape: ornamental purpose other than horticulture,,
219995504,5362004,NO,present,introduced,,escape: ornamental purpose other than horticulture,,
219995505,4310125,NO,present,introduced,,release: other intentional release,,
219995506,4201717,NO,present,introduced,invasive,escape: ornamental purpose other than horticulture,1954,
219995507,4310125,NO,present,introduced,,escape: pet/aquarium/terrarium species (including live food for such species),,
219995508,7172720,NO,present,introduced,,escape: ornamental purpose other than horticulture,,
219995510,5362054,NO,present,introduced,invasive,transport - contaminant: contaminant nursery material,2008,
219995511,5863020,NO,present,introduced,,escape: pet/aquarium/terrarium species (including live food for such species),,
219995512,5362046,NO,present,introduced,,escape: ornamental purpose other than horticulture,,
219995513,6455124,NO,present,introduced,,escape: pet/aquarium/terrarium species (including live food for such species),,
219995515,5178428,NO,present,introduced,,escape: pet/aquarium/terrarium species (including live food for such species),,
219995516,5863056,NO,present,introduced,,escape: pet/aquarium/terrarium species (including live food for such species),,
4202009,4201884,NO,present,introduced,,escape: horticulture,2006,
219995518,8468716,NO,present,introduced,,escape: pet/aquarium/terrarium species (including live food for such species),,
219995519,4202105,NO,present,introduced,,escape: ornamental purpose other than horticulture,,
219995520,6454959,NO,present,introduced,,escape: pet/aquarium/terrarium species (including live food for such species),,
219995521,7172849,NO,present,introduced,,escape: horticulture,,
219995522,7625285,NO,present,introduced,,escape: horticulture,1964,
219995523,11689892,NO,present,introduced,invasive,release: other intentional release,,
219995524,5362054,NO,present,introduced,invasive,unaided: natural dispersal across borders of invasive alien organisms,2008,
219995525,11689892,NO,present,introduced,invasive,escape: pet/aquarium/terrarium species (including live food for such species),,
219995527,5863044,NO,present,introduced,,escape: pet/aquarium/terrarium species (including live food for such species),,
4201635,4927976,NO,present,introduced,,escape: ornamental purpose other than horticulture,,
219995529,5863061,NO,present,introduced,,escape: pet/aquarium/terrarium species (including live food for such species),,
219995530,6455143,NO,present,introduced,,escape: pet/aquarium/terrarium species (including live food for such species),,
219995531,8091002,NO,present,introduced,,,,
219995532,5362054,NO,present,introduced,invasive,escape: pet/aquarium/terrarium species (including live food for such species),2008,
219995533,5863040,NO,present,introduced,,escape: pet/aquarium/terrarium species (including live food for such species),,
219995534,7625285,NO,present,introduced,,escape: ornamental purpose other than horticulture,1964,
219995535,4202057,NO,present,introduced,,escape: horticulture,,
219995536,5178427,NO,present,introduced,,escape: pet/aquarium/terrarium species (including live food for such species),,
219995537,7172720,NO,present,introduced,,escape: horticulture,,
219995538,6455157,NO,present,introduced,,escape: pet/aquarium/terrarium species (including live food for such species),,
219995539,2985865,NO,present,introduced,,escape: ornamental purpose other than horticulture,,
219995540,5863054,NO,present,introduced,,escape: pet/aquarium/terrarium species (including live food for such species),,
219995541,4202105,NO,present,introduced,,escape: horticulture,,
219995542,6454952,NO,present,introduced,,escape: pet/aquarium/terrarium species (including live food for such species),,
219995543,5690814,NO,present,introduced,,escape: horticulture,1967,
219995544,8452952,NO,present,introduced,,escape: pet/aquarium/terrarium species (including live food for such species),,
219995545,10893451,NO,present,introduced,,escape: pet/aquarium/terrarium species (including live food for such species),,
219995546,7172831,NO,present,introduced,invasive,escape: ornamental purpose other than horticulture,,
219995547,5361982,NO,present,introduced,,escape: horticulture,1922,
219995548,5799208,NO,present,introduced,,escape: pet/aquarium/terrarium species (including live food for such species),,
219995549,4201695,NO,present,introduced,invasive,escape: ornamental purpose other than horticulture,,
219995550,5862985,NO,present,introduced,,escape: pet/aquarium/terrarium species (including live food for such species),,
219995552,6455173,NO,present,introduced,,escape: pet/aquarium/terrarium species (including live food for such species),,
219995553,6454940,NO,present,introduced,,escape: pet/aquarium/terrarium species (including live food for such species),,
11162940,4201724,NO,present,introduced,,escape: ornamental purpose other than horticulture,1937,
219995555,2985863,NO,present,introduced,,escape: horticulture,2003,
219995557,5690814,NO,present,introduced,,escape: ornamental purpose other than horticulture,1967,
219995558,6456608,NO,present,introduced,,escape: pet/aquarium/terrarium species (including live food for such species),,
219995559,6456608,NO,present,introduced,,release: other intentional release,,
219995560,2985949,NO,present,introduced,invasive,escape: ornamental purpose other than horticulture,,
219995562,5361991,NO,present,introduced,invasive,escape: horticulture,,
219995563,2227663,NO,present,introduced,invasive,transport - stowaway: ship/boat ballast water,,
219995565,2227663,NO,present,introduced,invasive,unaided: natural dispersal across borders of invasive alien organisms,,
219995567,2986132,NO,present,introduced,,escape: horticulture,1980,
219995569,2223429,NO,present,introduced,,transport - stowaway: hitchhikers on ship/boat (excluding ballast water and hull fouling),,
219995570,2223840,NO,present,introduced,,transport - stowaway: hitchhikers on ship/boat (excluding ballast water and hull fouling),,
4194842,8560477,NO,present,introduced,,"transport - contaminant: transportation of habitat material (soil, vegetation, wood etc)",1911,
219995572,2223429,NO,present,introduced,,escape: pet/aquarium/terrarium species (including live food for such species),,
4194842,8560477,NO,present,introduced,,escape: ornamental purpose other than horticulture,1911,
219995574,2223429,NO,present,introduced,,escape: botanic garden/zoo/aquaria (excluding domestic aquaria),,
4194842,8560477,NO,present,introduced,,escape: horticulture,1911,
219995576,2223429,NO,present,introduced,,escape: aquaculture/mariculture,,
219995577,2986185,NO,present,introduced,,escape: ornamental purpose other than horticulture,1824,
219995578,2223840,NO,present,introduced,,transport - stowaway: ship/boat ballast water,,
219995579,2223840,NO,present,introduced,,escape: botanic garden/zoo/aquaria (excluding domestic aquaria),,
219995580,2986130,NO,present,introduced,,escape: other escape from confinement,1951,
219995582,2986130,NO,present,introduced,,escape: ornamental purpose other than horticulture,1951,
219995583,2986185,NO,present,introduced,,escape: horticulture,1824,
219995584,2224359,NO,present,introduced,invasive,unaided: natural dispersal across borders of invasive alien organisms,1976,
219995585,2986111,NO,present,introduced,,escape: other escape from confinement,1936,
219995587,2986111,NO,present,introduced,,escape: ornamental purpose other than horticulture,1936,
219995588,4194699,NO,present,introduced,,escape: horticulture,,
219995589,5972004,NO,present,introduced,invasive,escape: live food and live bait,1999,
219995590,2986185,NO,present,introduced,,escape: agriculture (including biofuel feedstocks),1824,
219995592,2986111,NO,present,introduced,,unaided: natural dispersal across borders of invasive alien organisms,1936,
219995594,2986208,NO,present,introduced,,escape: horticulture,,
219995595,8918476,NO,present,introduced,,release: release in nature,,
219995596,2986176,NO,present,introduced,,,1960,
219995597,8918476,NO,present,introduced,,transport - stowaway: angling/fishing equipment,,
219995598,8918476,NO,present,introduced,,transport - stowaway: ship/boat ballast water,,
219995599,2986211,NO,present,introduced,,,2009,
219995600,2986132,NO,present,introduced,,escape: ornamental purpose other than horticulture,1980,
219995602,4194699,NO,present,introduced,,escape: ornamental purpose other than horticulture,,
219995603,5178057,NO,present,introduced,invasive,corridors: interconnected waterways/basins/seas,1999,
219995604,2986111,NO,present,introduced,,escape: horticulture,1936,
219995605,5178057,NO,present,introduced,invasive,transport - stowaway: ship/boat hull fouling,1999,
219995606,5178057,NO,present,introduced,invasive,transport - stowaway: ship/boat ballast water,1999,
219995607,2986208,NO,present,introduced,,escape: ornamental purpose other than horticulture,,
219995608,2986130,NO,present,introduced,,"transport - contaminant: transportation of habitat material (soil, vegetation, wood etc)",1951,
219995610,2986132,NO,present,introduced,,unaided: natural dispersal across borders of invasive alien organisms,1980,
219995611,2219149,NO,present,introduced,,corridors: interconnected waterways/basins/seas,,
219995612,2986130,NO,present,introduced,,escape: horticulture,1951,
219995613,2219149,NO,present,introduced,,transport - stowaway: ship/boat ballast water,,
219995615,2219149,NO,present,introduced,,transport - stowaway: angling/fishing equipment,,
219995616,2219149,NO,present,introduced,,transport - stowaway: hitchhikers on ship/boat (excluding ballast water and hull fouling),,
219995617,5371610,NO,present,introduced,,escape: ornamental purpose other than horticulture,,
219995619,5567694,NO,present,introduced,invasive,escape: ornamental purpose other than horticulture,1994,
219995620,6461590,NO,present,introduced,,"transport - contaminant: contaminant on animals (except parasites, organisms transported by host/vector)",,
219995621,6461590,NO,present,introduced,,transport - stowaway: ship/boat ballast water,,
5567694,5567698,NO,present,introduced,invasive,escape: ornamental purpose other than horticulture,1994,
219995623,6461590,NO,present,introduced,,transport - stowaway: hitchhikers on ship/boat (excluding ballast water and hull fouling),,
5567694,5567698,NO,present,introduced,invasive,release: other intentional release,1994,
219995625,6461590,NO,present,introduced,,transport - stowaway: other means of transport,,
219995627,7339492,NO,present,introduced,,escape: other escape from confinement,1986,
219995628,2217982,NO,present,introduced,,transport - stowaway: other means of transport,,
219995629,7339396,NO,present,introduced,,escape: ornamental purpose other than horticulture,,
219995631,3754587,NO,present,introduced,,"transport - contaminant: transportation of habitat material (soil, vegetation, wood etc)",1986,
219995632,4417156,NO,present,introduced,invasive,transport - stowaway: ship/boat hull fouling,,
219995633,3032696,NO,present,introduced,,transport - stowaway: hitchhikers on ship/boat (excluding ballast water and hull fouling),1913,
219995634,4417156,NO,present,introduced,invasive,transport - stowaway: ship/boat ballast water,,
219995635,4315742,NO,present,introduced,invasive,transport - stowaway: ship/boat ballast water,,
219995636,3032696,NO,present,introduced,,escape: ornamental purpose other than horticulture,1913,
219995637,4417156,NO,present,introduced,invasive,corridors: interconnected waterways/basins/seas,,
219995638,5371610,NO,present,introduced,,escape: horticulture,,
219995639,4315140,NO,present,introduced,invasive,transport - stowaway: ship/boat hull fouling,,
219995640,3032758,NO,present,introduced,,escape: ornamental purpose other than horticulture,,
219995641,4315742,NO,present,introduced,invasive,transport - stowaway: ship/boat hull fouling,,
219995642,3032758,NO,present,introduced,,escape: ornamental purpose other than horticulture,,
219995643,4315742,NO,present,introduced,invasive,corridors: interconnected waterways/basins/seas,,
219995644,4315140,NO,present,introduced,invasive,corridors: interconnected waterways/basins/seas,,
219995645,3755568,NO,present,introduced,,escape: horticulture,,
219995646,4315140,NO,present,introduced,invasive,transport - stowaway: ship/boat ballast water,,
219995648,3755568,NO,present,introduced,,escape: ornamental purpose other than horticulture,,
219995649,2219222,NO,present,introduced,,transport - stowaway: ship/boat hull fouling,,
219995650,7339396,NO,present,introduced,,escape: horticulture,,
219995651,2219222,NO,present,introduced,,corridors: interconnected waterways/basins/seas,,
219995652,2219222,NO,present,introduced,,unaided: natural dispersal across borders of invasive alien organisms,,
219995653,3032812,NO,present,introduced,,escape: horticulture,1897,
219995654,2219248,NO,present,introduced,invasive,transport - contaminant: parasites on animals (including organisms transported by host and vector),1990,
219995655,3032653,NO,present,introduced,,escape: ornamental purpose other than horticulture,1993,
219995658,3032698,NO,present,introduced,,escape: horticulture,,
4315713,2219879,NO,present,introduced,invasive,corridors: interconnected waterways/basins/seas,,
4315713,2219879,NO,present,introduced,invasive,transport - stowaway: ship/boat hull fouling,,
4315713,2219879,NO,present,introduced,invasive,transport - stowaway: ship/boat ballast water,,
12176639,4930822,NO,present,introduced,,escape: ornamental purpose other than horticulture,1951,
219995664,4315703,NO,present,introduced,invasive,transport - stowaway: ship/boat ballast water,,
219995665,3032812,NO,present,introduced,,escape: ornamental purpose other than horticulture,1897,
219995666,2219837,NO,present,introduced,,corridors: interconnected waterways/basins/seas,,
219995667,2219837,NO,present,introduced,,transport - stowaway: ship/boat hull fouling,,
219995668,7339492,NO,present,introduced,,"transport - contaminant: transportation of habitat material (soil, vegetation, wood etc)",1986,
219995669,2219863,NO,present,introduced,invasive,corridors: interconnected waterways/basins/seas,,
219995670,3032698,NO,present,introduced,,escape: ornamental purpose other than horticulture,,
219995671,2219837,NO,present,introduced,,transport - stowaway: ship/boat ballast water,,
219995672,3754587,NO,present,introduced,,escape: ornamental purpose other than horticulture,1986,
219995673,4315703,NO,present,introduced,invasive,unaided: natural dispersal across borders of invasive alien organisms,,
219995675,4315703,NO,present,introduced,invasive,corridors: interconnected waterways/basins/seas,,
219995676,7155259,NO,present,introduced,,unaided: natural dispersal across borders of invasive alien organisms,,
219995677,2219863,NO,present,introduced,invasive,transport - stowaway: angling/fishing equipment,,
219995678,2219863,NO,present,introduced,invasive,transport - stowaway: ship/boat ballast water,,
219995680,4315705,NO,present,introduced,invasive,transport - stowaway: ship/boat hull fouling,,
219995681,5361762,NO,present,introduced,invasive,escape: aquaculture/mariculture,,
219995683,5361785,NO,present,introduced,invasive,escape: pet/aquarium/terrarium species (including live food for such species),,
4315708,4417105,NO,present,introduced,invasive,corridors: interconnected waterways/basins/seas,,
4315708,4417105,NO,present,introduced,invasive,transport - stowaway: ship/boat hull fouling,,
4315708,4417105,NO,present,introduced,invasive,transport - stowaway: ship/boat ballast water,,
219995688,8060423,NO,present,introduced,,escape: botanic garden/zoo/aquaria (excluding domestic aquaria),1980,
219995689,4315703,NO,present,introduced,invasive,transport - stowaway: hitchhikers on ship/boat (excluding ballast water and hull fouling),,
219995690,8060423,NO,present,introduced,,escape: ornamental purpose other than horticulture,1980,
4417132,4417131,NO,present,introduced,,unaided: natural dispersal across borders of invasive alien organisms,,
4417132,4417131,NO,present,introduced,,corridors: interconnected waterways/basins/seas,,
4417132,4417131,NO,present,introduced,,transport - stowaway: ship/boat hull fouling,,
4417132,4417131,NO,present,introduced,,transport - stowaway: ship/boat ballast water,,
219995698,3040251,NO,present,introduced,,transport - stowaway: ship/boat ballast water,1862,
219995699,4315705,NO,present,introduced,invasive,corridors: interconnected waterways/basins/seas,,
219995700,4315705,NO,present,introduced,invasive,transport - stowaway: ship/boat ballast water,,
219995701,3040252,NO,present,introduced,,transport - stowaway: hitchhikers on ship/boat (excluding ballast water and hull fouling),1840,
219995703,3040252,NO,present,introduced,,transport - contaminant: seed contaminant,1840,
219995706,5376627,NO,present,introduced,,transport - stowaway: people and their luggage/equipment (in particular tourism),1826,
219995707,2205951,NO,present,introduced,,transport - stowaway: angling/fishing equipment,2012,
219995708,2205951,NO,present,introduced,,transport - stowaway: ship/boat hull fouling,2012,
219995709,3053406,NO,present,introduced,invasive,transport - contaminant: seed contaminant,,
219995710,2205951,NO,present,introduced,,transport - stowaway: ship/boat ballast water,2012,
219995712,5374922,NO,present,introduced,invasive,escape: ornamental purpose other than horticulture,1912,
219995715,3046875,NO,present,introduced,,transport - contaminant: seed contaminant,,
219995717,3053201,NO,present,introduced,,transport - stowaway: hitchhikers on ship/boat (excluding ballast water and hull fouling),1883,
219995718,1003567,NO,present,introduced,invasive,transport - contaminant: contaminant nursery material,,
219995719,3041022,NO,present,introduced,invasive,transport - stowaway: hitchhikers on ship/boat (excluding ballast water and hull fouling),1870,
219995720,1003567,NO,present,introduced,invasive,transport - stowaway: other means of transport,,
219995721,3044855,NO,present,introduced,,transport - contaminant: seed contaminant,,
219995722,1003567,NO,present,introduced,invasive,"transport - contaminant: contaminant on animals (except parasites, organisms transported by host/vector)",,
219995723,3046736,NO,present,introduced,,transport - stowaway: hitchhikers on ship/boat (excluding ballast water and hull fouling),1871,
219995724,1003567,NO,present,introduced,invasive,transport - stowaway: ship/boat hull fouling,,
219995725,3042888,NO,present,introduced,,transport - contaminant: seed contaminant,1895,
219995727,5376337,NO,present,introduced,,transport - stowaway: hitchhikers on ship/boat (excluding ballast water and hull fouling),1876,
219995729,5373358,NO,present,introduced,,transport - contaminant: seed contaminant,1913,
219995730,5376961,NO,present,introduced,,transport - stowaway: hitchhikers on ship/boat (excluding ballast water and hull fouling),1876,
219995732,7668385,NO,present,introduced,,transport - stowaway: ship/boat hull fouling,2018,
219995733,3049799,NO,present,introduced,,escape: other escape from confinement,1985,
219995734,4984851,NO,present,introduced,,transport - stowaway: hitchhikers on ship/boat (excluding ballast water and hull fouling),,
219995735,3052509,NO,present,introduced,,"transport - stowaway: vehicles (car, train, etc.)",,
219995736,7668385,NO,present,introduced,,corridors: interconnected waterways/basins/seas,2018,
219995737,4984851,NO,present,introduced,,corridors: interconnected waterways/basins/seas,,
3042658,12359225,NO,present,introduced,,transport - contaminant: seed contaminant,1820,
8428595,4984823,NO,present,introduced,,corridors: interconnected waterways/basins/seas,,
8428595,4984823,NO,present,introduced,,transport - stowaway: ship/boat hull fouling,,
219995743,5377060,NO,present,introduced,,transport - contaminant: seed contaminant,,
219995745,5376961,NO,present,introduced,,transport - contaminant: seed contaminant,1876,
219995746,8155634,NO,present,introduced,,transport - stowaway: ship/boat hull fouling,,
219995747,5377064,NO,present,introduced,,"transport - stowaway: vehicles (car, train, etc.)",1879,
219995748,8155634,NO,present,introduced,,corridors: interconnected waterways/basins/seas,,
219995749,3049685,NO,present,introduced,,transport - contaminant: seed contaminant,1828,
219995750,8155634,NO,present,introduced,,transport - stowaway: other means of transport,,
219995752,5377303,NO,present,introduced,,transport - stowaway: hitchhikers on ship/boat (excluding ballast water and hull fouling),1925,
219995753,4985072,NO,present,introduced,invasive,transport - stowaway: ship/boat hull fouling,2014,
219995754,3046850,NO,present,introduced,,release: other intentional release,,
219995755,4985072,NO,present,introduced,invasive,corridors: interconnected waterways/basins/seas,2014,
219995756,5551241,NO,present,introduced,,escape: ornamental purpose other than horticulture,,
219995758,3046812,NO,present,introduced,,transport - stowaway: hitchhikers on ship/boat (excluding ballast water and hull fouling),,
219995759,1004642,NO,present,introduced,invasive,transport - stowaway: ship/boat hull fouling,,
219995760,3052450,NO,present,introduced,,"transport - contaminant: transportation of habitat material (soil, vegetation, wood etc)",,
219995761,1004642,NO,present,introduced,invasive,corridors: interconnected waterways/basins/seas,,
219995762,5377303,NO,present,introduced,,escape: ornamental purpose other than horticulture,1925,
219995764,5376426,NO,present,introduced,,escape: ornamental purpose other than horticulture,1857,
219995765,5377303,NO,present,introduced,,"transport - contaminant: transportation of habitat material (soil, vegetation, wood etc)",1925,
219995766,11143418,NO,present,introduced,invasive,transport - stowaway: hitchhikers on ship/boat (excluding ballast water and hull fouling),2008,
219995767,3049685,NO,present,introduced,,"transport - stowaway: vehicles (car, train, etc.)",1828,
219995768,5377163,NO,present,introduced,,transport - contaminant: seed contaminant,1891,
219995769,11143418,NO,present,introduced,invasive,corridors: interconnected waterways/basins/seas,2008,
219995770,5377163,NO,present,introduced,,escape: horticulture,1891,
219995771,3053406,NO,present,introduced,invasive,transport - stowaway: hitchhikers on ship/boat (excluding ballast water and hull fouling),,
219995774,1010024,NO,present,introduced,invasive,transport - stowaway: ship/boat hull fouling,2014,
3693336,9104837,NO,present,introduced,invasive,"transport - stowaway: vehicles (car, train, etc.)",,
3693336,9104837,NO,present,introduced,invasive,"transport - contaminant: transportation of habitat material (soil, vegetation, wood etc)",,
219995777,1010034,NO,present,introduced,,transport - stowaway: ship/boat hull fouling,,
3693336,9104837,NO,present,introduced,invasive,transport - contaminant: seed contaminant,,
219995779,1010024,NO,present,introduced,invasive,corridors: interconnected waterways/basins/seas,2014,
3693336,9104837,NO,present,introduced,invasive,transport - stowaway: hitchhikers on ship/boat (excluding ballast water and hull fouling),,
219995781,1010034,NO,present,introduced,,corridors: interconnected waterways/basins/seas,,
3693336,9104837,NO,present,introduced,invasive,"transport - contaminant: contaminant on plants (except parasites, species transported by host/vector)",,
219995785,1007512,NO,present,introduced,,corridors: interconnected waterways/basins/seas,,
3042658,12359225,NO,present,introduced,,escape: ornamental purpose other than horticulture,1820,
219995787,1007512,NO,present,introduced,,transport - stowaway: ship/boat hull fouling,,
219995788,3052509,NO,present,introduced,,transport - stowaway: hitchhikers on ship/boat (excluding ballast water and hull fouling),,
219995790,3040633,NO,present,introduced,,transport - stowaway: hitchhikers on ship/boat (excluding ballast water and hull fouling),1903,
219995791,1008955,NO,present,introduced,invasive,corridors: interconnected waterways/basins/seas,2022,
219995792,5377060,NO,present,introduced,,transport - contaminant: timber trade,,
219995793,1008955,NO,present,introduced,invasive,transport - stowaway: ship/boat hull fouling,2022,
219995794,3042888,NO,present,introduced,,"transport - stowaway: vehicles (car, train, etc.)",1895,
219995797,5551241,NO,present,introduced,,escape: horticulture,,
219995798,5376426,NO,present,introduced,,transport - stowaway: hitchhikers on ship/boat (excluding ballast water and hull fouling),1857,
219995800,7703116,NO,present,introduced,,transport - contaminant: timber trade,,
219995802,7701037,NO,present,introduced,,"transport - contaminant: transportation of habitat material (soil, vegetation, wood etc)",1869,
219995803,4412446,NO,present,introduced,,transport - contaminant: parasites on animals (including organisms transported by host and vector),2005,
219995805,2505250,NO,present,introduced,,transport - contaminant: parasites on animals (including organisms transported by host and vector),2005,
3048266,3048268,NO,present,introduced,,transport - stowaway: other means of transport,,
3048266,3048268,NO,present,introduced,,transport - contaminant: seed contaminant,,
219995809,5376426,NO,present,introduced,,escape: agriculture (including biofuel feedstocks),1857,
219995810,4343706,NO,present,introduced,invasive,transport - contaminant: parasites on animals (including organisms transported by host and vector),1996,
219995811,3046736,NO,present,introduced,,transport - contaminant: seed contaminant,1871,
219995812,4343705,NO,present,introduced,invasive,transport - contaminant: parasites on animals (including organisms transported by host and vector),1997,
219995813,5376846,NO,present,introduced,,transport - contaminant: seed contaminant,,
219995814,3046812,NO,present,introduced,,transport - contaminant: seed contaminant,,
219995815,4343706,NO,present,introduced,invasive,escape: other escape from confinement,1996,
219995816,3041022,NO,present,introduced,invasive,escape: ornamental purpose other than horticulture,1870,
219995819,3050364,NO,present,introduced,invasive,transport - contaminant: seed contaminant,1802,
219995820,5233598,NO,present,introduced,invasive,transport - contaminant: parasites on animals (including organisms transported by host and vector),1975,
219995821,3050595,NO,present,introduced,,transport - contaminant: seed contaminant,,
219995823,5373358,NO,present,introduced,,unaided: natural dispersal across borders of invasive alien organisms,1913,
219995825,5375547,NO,present,introduced,,"transport - contaminant: transportation of habitat material (soil, vegetation, wood etc)",1862,
219995827,4345792,NO,present,introduced,,unaided: natural dispersal across borders of invasive alien organisms,,
219995828,5376616,NO,present,introduced,,"transport - stowaway: vehicles (car, train, etc.)",1839,
219995829,4345792,NO,present,introduced,,release: fishery in the wild,,
219995830,3052509,NO,present,introduced,,transport - contaminant: seed contaminant,,
219995831,4415346,NO,present,introduced,,transport - contaminant: parasites on animals (including organisms transported by host and vector),,
219995832,3052544,NO,present,introduced,,"transport - stowaway: vehicles (car, train, etc.)",,
219995833,4345792,NO,present,introduced,,transport - contaminant: parasites on animals (including organisms transported by host and vector),,
219995834,4415346,NO,present,introduced,,unaided: natural dispersal across borders of invasive alien organisms,,
3042658,12359225,NO,present,introduced,,transport - stowaway: hitchhikers on ship/boat (excluding ballast water and hull fouling),1820,
219995838,5374922,NO,present,introduced,invasive,"transport - contaminant: transportation of habitat material (soil, vegetation, wood etc)",1912,
219995839,2505826,NO,present,introduced,invasive,transport - contaminant: parasites on animals (including organisms transported by host and vector),,
219995840,3053522,NO,present,introduced,invasive,"transport - stowaway: vehicles (car, train, etc.)",1847,
219995841,2505826,NO,present,introduced,invasive,unaided: natural dispersal across borders of invasive alien organisms,,
219995843,3052450,NO,present,introduced,,transport - contaminant: seed contaminant,,
219995844,5377060,NO,present,introduced,,transport - stowaway: hitchhikers on ship/boat (excluding ballast water and hull fouling),,
219995845,4345755,NO,present,introduced,,transport - contaminant: parasites on animals (including organisms transported by host and vector),,
219995846,3053197,NO,present,introduced,,transport - contaminant: seed contaminant,1927,
219995847,4345755,NO,present,introduced,,unaided: natural dispersal across borders of invasive alien organisms,,
219995848,3046850,NO,present,introduced,,"transport - stowaway: vehicles (car, train, etc.)",,
219995850,10775569,NO,present,introduced,,transport - stowaway: ship/boat ballast water,1837,
219995851,3049685,NO,present,introduced,,transport - stowaway: hitchhikers on ship/boat (excluding ballast water and hull fouling),1828,
219995853,5373324,NO,present,introduced,,escape: horticulture,,
219995855,5377064,NO,present,introduced,,transport - contaminant: seed contaminant,1879,
219995856,7725417,NO,present,introduced,invasive,transport - contaminant: parasites on animals (including organisms transported by host and vector),,
219995857,3040633,NO,present,introduced,,unaided: natural dispersal across borders of invasive alien organisms,1903,
219995858,7725417,NO,present,introduced,invasive,unaided: natural dispersal across borders of invasive alien organisms,,
219995859,5376627,NO,present,introduced,,transport - stowaway: other means of transport,1826,
219995861,3042291,NO,present,introduced,invasive,escape: horticulture,,
219995863,5373368,NO,present,introduced,,transport - contaminant: timber trade,1904,
219995864,3053522,NO,present,introduced,invasive,transport - stowaway: hitchhikers on ship/boat (excluding ballast water and hull fouling),1847,
219995865,4857713,NO,present,introduced,invasive,transport - contaminant: parasites on animals (including organisms transported by host and vector),,
219995867,4857713,NO,present,introduced,invasive,unaided: natural dispersal across borders of invasive alien organisms,,
5377064,5377072,NO,present,introduced,,transport - contaminant: seed contaminant,1892,
3042658,12359225,NO,present,introduced,,transport - stowaway: ship/boat ballast water,1820,
219995873,7758879,NO,present,introduced,,transport - contaminant: parasites on animals (including organisms transported by host and vector),,
219995874,5376648,NO,present,introduced,,transport - contaminant: food contaminant (including of live food),1897,
219995875,7758879,NO,present,introduced,,transport - stowaway: other means of transport,,
219995876,3042291,NO,present,introduced,invasive,escape: ornamental purpose other than horticulture,,
219995878,5376616,NO,present,introduced,,transport - contaminant: seed contaminant,1839,
219995880,3041022,NO,present,introduced,invasive,transport - contaminant: seed contaminant,1870,
219995882,5376286,NO,present,introduced,,transport - contaminant: other means of contamination,1998,
219995883,5377163,NO,present,introduced,,transport - stowaway: hitchhikers on ship/boat (excluding ballast water and hull fouling),1891,
219995884,5204014,NO,present,introduced,invasive,unaided: natural dispersal across borders of invasive alien organisms,,
219995885,3050364,NO,present,introduced,invasive,transport - stowaway: hitchhikers on ship/boat (excluding ballast water and hull fouling),1802,
219995886,2351271,NO,present,introduced,invasive,release: fishery in the wild,,
219995887,5377303,NO,present,introduced,,escape: horticulture,1925,
219995888,3042291,NO,present,introduced,invasive,"transport - contaminant: transportation of habitat material (soil, vegetation, wood etc)",,
219995889,5204019,NO,present,introduced,invasive,escape: aquaculture/mariculture,1900,
219995890,5375547,NO,present,introduced,,transport - stowaway: hitchhikers on ship/boat (excluding ballast water and hull fouling),1862,
219995891,5204019,NO,present,introduced,invasive,release: fishery in the wild,1900,
219995892,5373368,NO,present,introduced,,transport - stowaway: ship/boat ballast water,1904,
219995893,5204014,NO,present,introduced,invasive,escape: other escape from confinement,,
219995894,5376337,NO,present,introduced,,transport - contaminant: other means of contamination,1876,
219995896,5373358,NO,present,introduced,,escape: ornamental purpose other than horticulture,1913,
219995898,3042888,NO,present,introduced,,transport - stowaway: hitchhikers on ship/boat (excluding ballast water and hull fouling),1895,
219995899,2351327,NO,present,introduced,invasive,release: fishery in the wild,1971,
219995900,5377064,NO,present,introduced,,transport - stowaway: hitchhikers on ship/boat (excluding ballast water and hull fouling),1879,
219995901,2351136,NO,present,introduced,invasive,release: fishery in the wild,,
219995902,7703116,NO,present,introduced,,transport - contaminant: seed contaminant,,
219995903,5204037,NO,present,introduced,invasive,release: fishery in the wild,1960,
219995904,7701037,NO,present,introduced,,escape: agriculture (including biofuel feedstocks),1869,
219995905,5376961,NO,present,introduced,,unaided: natural dispersal across borders of invasive alien organisms,1876,
219995906,2351196,NO,present,introduced,invasive,release: fishery in the wild,,
219995907,3040633,NO,present,introduced,,transport - contaminant: seed contaminant,1903,
219995909,3046875,NO,present,introduced,,transport - stowaway: hitchhikers on ship/boat (excluding ballast water and hull fouling),,
219995910,5711980,NO,present,introduced,invasive,release: fishery in the wild,,
219995911,5377163,NO,present,introduced,,escape: ornamental purpose other than horticulture,1891,
219995912,5204039,NO,present,introduced,invasive,unaided: natural dispersal across borders of invasive alien organisms,,
219995913,5373324,NO,present,introduced,,escape: ornamental purpose other than horticulture,,
219995914,3045463,NO,present,introduced,,transport - contaminant: seed contaminant,,
219995915,5204019,NO,present,introduced,invasive,transport - stowaway: hitchhikers on ship/boat (excluding ballast water and hull fouling),1900,
219995917,5376648,NO,present,introduced,,transport - contaminant: seed contaminant,1897,
219995918,5204037,NO,present,introduced,invasive,unaided: natural dispersal across borders of invasive alien organisms,1960,
219995919,5374635,NO,present,introduced,,transport - contaminant: seed contaminant,1933,
219995920,5816794,NO,present,introduced,,release: fishery in the wild,,
219995921,2351327,NO,present,introduced,invasive,escape: other escape from confinement,1971,
219995922,5377064,NO,present,introduced,,transport - contaminant: food contaminant (including of live food),1879,
219995923,5204034,NO,present,introduced,invasive,unaided: natural dispersal across borders of invasive alien organisms,,
219995924,5375547,NO,present,introduced,,transport - contaminant: seed contaminant,1862,
219995925,5204024,NO,present,introduced,invasive,unaided: natural dispersal across borders of invasive alien organisms,,
219995926,5376627,NO,present,introduced,,transport - stowaway: hitchhikers on ship/boat (excluding ballast water and hull fouling),1826,
219995927,2351271,NO,present,introduced,invasive,escape: research and ex-situ breeding (in facilities),,
219995928,5376616,NO,present,introduced,,transport - contaminant: timber trade,1839,
219995929,7703116,NO,present,introduced,,transport - contaminant: food contaminant (including of live food),,
219995931,5377060,NO,present,introduced,,"transport - contaminant: transportation of habitat material (soil, vegetation, wood etc)",,
219995933,3050595,NO,present,introduced,,transport - contaminant: timber trade,,
219995935,5377778,NO,present,introduced,,escape: ornamental purpose other than horticulture,1956,
219995937,3044855,NO,present,introduced,,"transport - contaminant: transportation of habitat material (soil, vegetation, wood etc)",,
219995939,5376961,NO,present,introduced,,transport - contaminant: food contaminant (including of live food),1876,
219995941,10775569,NO,present,introduced,,transport - contaminant: seed contaminant,1837,
219995942,5377303,NO,present,introduced,,transport - contaminant: seed contaminant,1925,
219995943,2394604,NO,present,introduced,,release: fishery in the wild,,
219995944,3050364,NO,present,introduced,invasive,"transport - stowaway: vehicles (car, train, etc.)",1802,
219995945,2394604,NO,present,introduced,,transport - stowaway: ship/boat ballast water,,
219995946,5376337,NO,present,introduced,,transport - contaminant: seed contaminant,1876,
219995947,2394604,NO,present,introduced,,"transport - contaminant: contaminant on animals (except parasites, organisms transported by host/vector)",,
219995948,7703116,NO,present,introduced,,transport - stowaway: hitchhikers on ship/boat (excluding ballast water and hull fouling),,
219995951,2390064,NO,present,introduced,invasive,release: other intentional release,,
5377064,5377072,NO,present,introduced,,transport - contaminant: food contaminant (including of live food),1892,
219995953,5373368,NO,present,introduced,,transport - contaminant: seed contaminant,1904,
219995954,2390064,NO,present,introduced,invasive,release: fishery in the wild,,
219995955,5377060,NO,present,introduced,,transport - contaminant: contaminant nursery material,,
219995957,2394526,NO,present,introduced,invasive,escape: other escape from confinement,,
219995958,3053522,NO,present,introduced,invasive,transport - contaminant: seed contaminant,1847,
219995959,3046744,NO,present,introduced,,transport - contaminant: seed contaminant,,
219995960,2394494,NO,present,introduced,invasive,escape: other escape from confinement,,
219995961,5376616,NO,present,introduced,,transport - stowaway: hitchhikers on ship/boat (excluding ballast water and hull fouling),1839,
219995962,2394486,NO,present,introduced,invasive,release: other intentional release,,
219995963,3046736,NO,present,introduced,,"transport - contaminant: transportation of habitat material (soil, vegetation, wood etc)",1871,
219995964,2394563,NO,present,introduced,invasive,release: fishery in the wild,,
219995966,2394503,NO,present,introduced,invasive,release: fishery in the wild,,
219995968,2394534,NO,present,introduced,,release: other intentional release,,
219995969,3645382,NO,present,introduced,,escape: ornamental purpose other than horticulture,,
219995970,2986022,NO,present,introduced,,escape: ornamental purpose other than horticulture,1981,
219995971,5211250,NO,present,introduced,invasive,release: fishery in the wild,,
219995972,2986045,NO,present,introduced,,escape: other escape from confinement,1879,
219995973,2394534,NO,present,introduced,,release: fishery in the wild,,
219995974,2986027,NO,present,introduced,,escape: horticulture,2000,
219995975,2394526,NO,present,introduced,invasive,release: other intentional release,,
219995976,3645181,NO,present,introduced,,escape: ornamental purpose other than horticulture,1986,
219995978,2985986,NO,present,introduced,,escape: horticulture,2001,
219995979,4284921,NO,present,introduced,invasive,release: fishery in the wild,,
219995980,3645181,NO,present,introduced,,escape: horticulture,1986,
219995982,2986045,NO,present,introduced,,escape: ornamental purpose other than horticulture,1879,
219995983,2985986,NO,present,introduced,,escape: ornamental purpose other than horticulture,2001,
219995984,2379105,NO,present,introduced,invasive,transport - stowaway: ship/boat ballast water,,
219995986,5788062,NO,present,introduced,invasive,transport - stowaway: hitchhikers on ship/boat (excluding ballast water and hull fouling),,
219995987,2379105,NO,present,introduced,invasive,transport - stowaway: hitchhikers on ship/boat (excluding ballast water and hull fouling),,
219995989,2379245,NO,present,introduced,,transport - stowaway: ship/boat ballast water,,
219995990,5788062,NO,present,introduced,invasive,transport - stowaway: ship/boat ballast water,,
219995991,2379245,NO,present,introduced,,transport - contaminant: contaminated bait,,
3082242,3082243,NO,present,introduced,,escape: ornamental purpose other than horticulture,,
219995993,2379089,NO,present,introduced,invasive,transport - stowaway: hitchhikers on ship/boat (excluding ballast water and hull fouling),,
219995994,2379089,NO,present,introduced,invasive,unaided: natural dispersal across borders of invasive alien organisms,,
219995996,2379105,NO,present,introduced,invasive,unaided: natural dispersal across borders of invasive alien organisms,,
219995997,4285968,NO,present,introduced,invasive,transport - stowaway: ship/boat ballast water,,
3082244,3663557,NO,present,introduced,invasive,escape: ornamental purpose other than horticulture,,
219995999,2379235,NO,present,introduced,,transport - stowaway: ship/boat ballast water,,
3082244,3663557,NO,present,introduced,invasive,escape: horticulture,,
219996002,4285968,NO,present,introduced,invasive,transport - stowaway: hitchhikers on ship/boat (excluding ballast water and hull fouling),,
219996003,2379089,NO,present,introduced,invasive,transport - stowaway: ship/boat ballast water,,
8365953,7321963,NO,present,introduced,invasive,escape: ornamental purpose other than horticulture,1869,
8365953,7321963,NO,present,introduced,invasive,escape: horticulture,1869,
219996013,2874930,NO,present,introduced,,escape: ornamental purpose other than horticulture,2000,
219996014,5712056,NO,present,introduced,,transport - stowaway: ship/boat ballast water,,
219996016,5712056,NO,present,introduced,,release: biological control,,
219996018,3054357,NO,present,introduced,,escape: ornamental purpose other than horticulture,,
219996019,3054368,NO,present,introduced,,escape: horticulture,1937,
219996020,2350580,NO,present,introduced,,,,
219996021,4205300,NO,present,introduced,,escape: botanic garden/zoo/aquaria (excluding domestic aquaria),,
219996023,3054357,NO,present,introduced,,escape: horticulture,,
219996024,3054368,NO,present,introduced,,escape: ornamental purpose other than horticulture,1937,
219996026,3054352,NO,present,introduced,,release: other intentional release,,
219996028,3054352,NO,present,introduced,,escape: horticulture,,
219996029,2435654,NO,present,introduced,invasive,unaided: natural dispersal across borders of invasive alien organisms,2012,
219996030,4205300,NO,present,introduced,,escape: ornamental purpose other than horticulture,,
219996031,2435654,NO,present,introduced,invasive,transport - stowaway: container/bulk,2012,
219996034,2876469,NO,present,introduced,,escape: ornamental purpose other than horticulture,,
219996036,2876176,NO,present,introduced,,escape: ornamental purpose other than horticulture,,
219996037,5219858,NO,present,introduced,invasive,unaided: natural dispersal across borders of invasive alien organisms,1959,
219996038,2876049,NO,present,introduced,,escape: ornamental purpose other than horticulture,2016,
219996039,2438606,NO,present,introduced,invasive,transport - stowaway: container/bulk,,
219996040,2876607,NO,present,introduced,,escape: botanic garden/zoo/aquaria (excluding domestic aquaria),2019,
219996041,2438606,NO,present,introduced,invasive,transport - contaminant: contaminated bait,,
219996042,8956987,NO,present,introduced,invasive,escape: horticulture,2001,
219996044,8956987,NO,present,introduced,invasive,release: landscape improvement,2001,
219996045,8956987,NO,present,introduced,invasive,escape: ornamental purpose other than horticulture,2001,
219996046,2876176,NO,present,introduced,,escape: botanic garden/zoo/aquaria (excluding domestic aquaria),,
219996047,5219833,NO,present,introduced,,unaided: natural dispersal across borders of invasive alien organisms,2001,
219996048,2875818,NO,present,introduced,,escape: ornamental purpose other than horticulture,1881,
219996049,5219833,NO,present,introduced,,transport - stowaway: container/bulk,2001,
219996050,2876607,NO,present,introduced,,escape: ornamental purpose other than horticulture,2019,
219996053,2880539,NO,present,introduced,,escape: horticulture,1943,
219996054,2439838,NO,present,introduced,invasive,unaided: natural dispersal across borders of invasive alien organisms,,
219996055,2880580,NO,present,introduced,,escape: ornamental purpose other than horticulture,2021,
219996057,2880580,NO,present,introduced,,escape: botanic garden/zoo/aquaria (excluding domestic aquaria),2021,
219996058,2437438,NO,present,introduced,,escape: pet/aquarium/terrarium species (including live food for such species),,
219996059,5333294,NO,present,introduced,,escape: ornamental purpose other than horticulture,1951,
219996060,2437282,NO,present,introduced,invasive,escape: pet/aquarium/terrarium species (including live food for such species),,
219996061,2880539,NO,present,introduced,,escape: ornamental purpose other than horticulture,1943,
219996062,2437394,NO,present,introduced,invasive,escape: pet/aquarium/terrarium species (including live food for such species),,
219996064,5219681,NO,present,introduced,invasive,escape: pet/aquarium/terrarium species (including live food for such species),,
219996066,2437394,NO,present,introduced,invasive,escape: botanic garden/zoo/aquaria (excluding domestic aquaria),,
219996067,2971095,NO,present,introduced,invasive,transport - stowaway: hitchhikers on ship/boat (excluding ballast water and hull fouling),,
219996069,5356345,NO,present,introduced,invasive,release: other intentional release,1908,
2437450,10602587,NO,present,introduced,,escape: botanic garden/zoo/aquaria (excluding domestic aquaria),,
219996071,5359067,NO,present,introduced,,release: other intentional release,,
2437450,10602587,NO,present,introduced,,escape: pet/aquarium/terrarium species (including live food for such species),,
219996073,2437399,NO,present,introduced,,escape: pet/aquarium/terrarium species (including live food for such species),,
219996074,5357407,NO,present,introduced,,escape: botanic garden/zoo/aquaria (excluding domestic aquaria),,
219996075,2437394,NO,present,introduced,invasive,unaided: natural dispersal across borders of invasive alien organisms,,
219996076,5352251,NO,present,introduced,,escape: horticulture,1990,
219996077,5219683,NO,present,introduced,invasive,escape: botanic garden/zoo/aquaria (excluding domestic aquaria),,
219996078,5356522,NO,present,introduced,,transport - stowaway: hitchhikers on ship/boat (excluding ballast water and hull fouling),1906,
219996079,5219683,NO,present,introduced,invasive,escape: pet/aquarium/terrarium species (including live food for such species),,
219996080,2437438,NO,present,introduced,,escape: botanic garden/zoo/aquaria (excluding domestic aquaria),,
219996081,2437282,NO,present,introduced,invasive,escape: botanic garden/zoo/aquaria (excluding domestic aquaria),,
219996082,5354656,NO,present,introduced,invasive,escape: ornamental purpose other than horticulture,1875,
219996083,5219681,NO,present,introduced,invasive,escape: botanic garden/zoo/aquaria (excluding domestic aquaria),,
219996084,2437399,NO,present,introduced,,escape: botanic garden/zoo/aquaria (excluding domestic aquaria),,
219996085,8114276,NO,present,introduced,,transport - stowaway: other means of transport,,
219996087,2951984,NO,present,introduced,invasive,transport - stowaway: hitchhikers on ship/boat (excluding ballast water and hull fouling),1905,
219996088,4264680,NO,present,introduced,,escape: fur farms,,
219996089,2964355,NO,present,introduced,invasive,release: landscape improvement,,
219996090,4264680,NO,present,introduced,,escape: botanic garden/zoo/aquaria (excluding domestic aquaria),,
219996091,4264680,NO,present,introduced,,unaided: natural dispersal across borders of invasive alien organisms,,
219996093,4264680,NO,present,introduced,,escape: pet/aquarium/terrarium species (including live food for such species),,
7515045,5350087,NO,present,introduced,,transport - stowaway: other means of transport,1866,
7515045,5350087,NO,present,introduced,,transport - contaminant: timber trade,1866,
219996098,5220190,NO,present,introduced,,escape: botanic garden/zoo/aquaria (excluding domestic aquaria),,
219996099,7515593,NO,present,introduced,,escape: botanic garden/zoo/aquaria (excluding domestic aquaria),,
7515045,5350087,NO,present,introduced,,transport - stowaway: hitchhikers on ship/boat (excluding ballast water and hull fouling),1866,
219996101,5220190,NO,present,introduced,,escape: farmed animals (including animals left under limited control),,
7515045,5350087,NO,present,introduced,,transport - contaminant: seed contaminant,1866,
219996103,7515593,NO,present,introduced,,escape: farmed animals (including animals left under limited control),,
219996106,2441019,NO,present,introduced,,escape: botanic garden/zoo/aquaria (excluding domestic aquaria),,
7111792,8250433,NO,present,introduced,,"transport - contaminant: transportation of habitat material (soil, vegetation, wood etc)",1903,
219996108,2441176,NO,present,introduced,,escape: botanic garden/zoo/aquaria (excluding domestic aquaria),,
219996109,2441184,NO,present,introduced,,escape: botanic garden/zoo/aquaria (excluding domestic aquaria),,
7111792,8250433,NO,present,introduced,,transport - contaminant: seed contaminant,1903,
219996111,7422937,NO,present,introduced,,escape: botanic garden/zoo/aquaria (excluding domestic aquaria),,
7111792,8250433,NO,present,introduced,,"transport - stowaway: vehicles (car, train, etc.)",1903,
219996113,6165157,NO,present,introduced,,escape: botanic garden/zoo/aquaria (excluding domestic aquaria),,
219996114,5356854,NO,present,introduced,,transport - contaminant: seed contaminant,1894,
219996115,2441184,NO,present,introduced,,unaided: natural dispersal across borders of invasive alien organisms,,
219996116,5356345,NO,present,introduced,invasive,escape: ornamental purpose other than horticulture,1908,
219996117,2441019,NO,present,introduced,,escape: farmed animals (including animals left under limited control),,
219996118,2971095,NO,present,introduced,invasive,transport - contaminant: seed contaminant,,
219996119,7422937,NO,present,introduced,,escape: farmed animals (including animals left under limited control),,
219996120,5358902,NO,present,introduced,,"transport - stowaway: vehicles (car, train, etc.)",,
219996121,2441005,NO,present,introduced,,escape: botanic garden/zoo/aquaria (excluding domestic aquaria),,
219996122,2975667,NO,present,introduced,,transport - contaminant: timber trade,1905,
219996123,2441108,NO,present,introduced,,release: other intentional release,1947,
219996124,5352251,NO,present,introduced,,transport - contaminant: timber trade,1990,
219996125,6165157,NO,present,introduced,,unaided: natural dispersal across borders of invasive alien organisms,,
219996126,2971042,NO,present,introduced,,transport - stowaway: hitchhikers on ship/boat (excluding ballast water and hull fouling),,
219996127,6165157,NO,present,introduced,,escape: farmed animals (including animals left under limited control),,
219996128,9182154,NO,present,introduced,,transport - contaminant: seed contaminant,1871,
219996129,5356841,NO,present,introduced,,transport - contaminant: timber trade,,
219996130,2441108,NO,present,introduced,,unaided: natural dispersal across borders of invasive alien organisms,1947,
219996131,2441176,NO,present,introduced,,unaided: natural dispersal across borders of invasive alien organisms,,
219996132,8193111,NO,present,introduced,invasive,transport - stowaway: hitchhikers on ship/boat (excluding ballast water and hull fouling),1861,
219996135,5356522,NO,present,introduced,,transport - stowaway: other means of transport,1906,
219996136,2964355,NO,present,introduced,invasive,escape: ornamental purpose other than horticulture,,
4262380,8600904,NO,present,introduced,,release: other intentional release,,
4262380,8600904,NO,present,introduced,,release: hunting,,
219996139,8213866,NO,present,introduced,,escape: ornamental purpose other than horticulture,,
219996140,4262397,NO,present,introduced,,release: other intentional release,,
219996141,2975663,NO,present,introduced,,transport - contaminant: timber trade,,
219996142,2440965,NO,present,introduced,,unaided: natural dispersal across borders of invasive alien organisms,,
219996144,2440943,NO,present,introduced,,release: hunting,,
219996145,5220136,NO,present,introduced,,unaided: natural dispersal across borders of invasive alien organisms,,
5360203,5360218,NO,present,introduced,,escape: ornamental purpose other than horticulture,1962,
5360203,5360218,NO,present,introduced,,release: other intentional release,1962,
219996148,2440931,NO,present,introduced,,release: hunting,,
219996149,5352245,NO,present,introduced,,escape: ornamental purpose other than horticulture,2009,
219996150,2440946,NO,present,introduced,,unaided: natural dispersal across borders of invasive alien organisms,,
219996152,2440946,NO,present,introduced,,release: other intentional release,,
219996153,5220136,NO,present,introduced,,escape: farmed animals (including animals left under limited control),,
7504629,5632926,NO,present,introduced,,escape: ornamental purpose other than horticulture,2004,
219996155,5220136,NO,present,introduced,,release: hunting,,
219996156,8114276,NO,present,introduced,,transport - contaminant: other means of contamination,,
219996157,2440946,NO,present,introduced,,release: hunting,,
219996158,2440943,NO,present,introduced,,release: other intentional release,,
219996159,5358265,NO,present,introduced,,transport - contaminant: timber trade,2001,
219996160,2440954,NO,present,introduced,invasive,unaided: natural dispersal across borders of invasive alien organisms,,
219996162,4262397,NO,present,introduced,,release: hunting,,
219996163,2440931,NO,present,introduced,,release: other intentional release,,
5354675,5354674,NO,present,introduced,,escape: ornamental purpose other than horticulture,1994,
219996165,2440934,NO,present,introduced,,release: landscape improvement,,
219996166,2951984,NO,present,introduced,invasive,transport - contaminant: timber trade,1905,
219996167,2440934,NO,present,introduced,,release: hunting,,
219996168,2965331,NO,present,introduced,,unaided: natural dispersal across borders of invasive alien organisms,,
219996170,5354656,NO,present,introduced,invasive,escape: ornamental purpose other than horticulture,1875,
219996171,7705930,NO,present,introduced,invasive,escape: other escape from confinement,,
219996172,7705930,NO,present,introduced,invasive,unaided: natural dispersal across borders of invasive alien organisms,,
219996173,5357407,NO,present,introduced,,escape: ornamental purpose other than horticulture,,
219996174,5347612,NO,present,introduced,,escape: ornamental purpose other than horticulture,1878,
219996177,5354656,NO,present,introduced,invasive,unaided: natural dispersal across borders of invasive alien organisms,1875,
219996178,2965354,NO,present,introduced,,unaided: natural dispersal across borders of invasive alien organisms,1861,
219996179,2436940,NO,present,introduced,invasive,release: landscape improvement,,
219996180,2436940,NO,present,introduced,invasive,release: hunting,1875,
219996181,5359378,NO,present,introduced,,transport - stowaway: hitchhikers on ship/boat (excluding ballast water and hull fouling),1881,
219996182,2436940,NO,present,introduced,invasive,escape: botanic garden/zoo/aquaria (excluding domestic aquaria),,
219996183,2951998,NO,present,introduced,,transport - contaminant: timber trade,2003,
219996184,7952072,NO,present,introduced,invasive,release: hunting,1878,
219996186,2436940,NO,present,introduced,invasive,escape: pet/aquarium/terrarium species (including live food for such species),,
2975035,6404750,NO,present,introduced,,transport - contaminant: seed contaminant,1839,
219996188,2436940,NO,present,introduced,invasive,escape: farmed animals (including animals left under limited control),,
219996189,7952072,NO,present,introduced,invasive,unaided: natural dispersal across borders of invasive alien organisms,1878,
2975035,6404750,NO,present,introduced,,transport - stowaway: hitchhikers on ship/boat (excluding ballast water and hull fouling),1839,
219996191,2436940,NO,present,introduced,invasive,unaided: natural dispersal across borders of invasive alien organisms,,
2975035,6404750,NO,present,introduced,,escape: agriculture (including biofuel feedstocks),1839,
219996194,5356343,NO,present,introduced,invasive,escape: ornamental purpose other than horticulture,1899,
219996196,2440196,NO,present,introduced,,escape: botanic garden/zoo/aquaria (excluding domestic aquaria),,
219996197,7224663,NO,present,introduced,,transport - stowaway: hitchhikers on ship/boat (excluding ballast water and hull fouling),1845,
219996199,8193111,NO,present,introduced,invasive,"transport - stowaway: vehicles (car, train, etc.)",1861,
219996201,2965331,NO,present,introduced,,escape: agriculture (including biofuel feedstocks),,
219996202,5347612,NO,present,introduced,,transport - contaminant: contaminated bait,1878,
219996203,5218786,NO,present,introduced,invasive,escape: botanic garden/zoo/aquaria (excluding domestic aquaria),1945,
219996204,2433536,NO,present,introduced,,release: other intentional release,2004,
219996205,8069977,NO,present,introduced,,escape: ornamental purpose other than horticulture,1944,
219996206,5347612,NO,present,introduced,,escape: horticulture,1878,
219996207,2433536,NO,present,introduced,,escape: botanic garden/zoo/aquaria (excluding domestic aquaria),2004,
219996208,5218786,NO,present,introduced,invasive,escape: pet/aquarium/terrarium species (including live food for such species),1945,
219996209,2964525,NO,present,introduced,invasive,release: erosion control,,
219996211,5359378,NO,present,introduced,,transport - contaminant: seed contaminant,1881,
219996212,5219380,NO,present,introduced,,escape: botanic garden/zoo/aquaria (excluding domestic aquaria),,
219996213,5356351,NO,present,introduced,invasive,escape: ornamental purpose other than horticulture,,
219996214,5219380,NO,present,introduced,,escape: pet/aquarium/terrarium species (including live food for such species),,
219996215,5358902,NO,present,introduced,,transport - contaminant: seed contaminant,,
219996217,5354530,NO,present,introduced,,release: other intentional release,1924,
219996218,2434552,NO,present,introduced,invasive,escape: pet/aquarium/terrarium species (including live food for such species),1983,
219996219,5352251,NO,present,introduced,,escape: ornamental purpose other than horticulture,1990,
219996220,2434552,NO,present,introduced,invasive,release: landscape improvement,1983,
219996221,5356517,NO,present,introduced,,escape: ornamental purpose other than horticulture,1926,
219996222,2434552,NO,present,introduced,invasive,escape: botanic garden/zoo/aquaria (excluding domestic aquaria),1983,
219996223,5359378,NO,present,introduced,,escape: horticulture,1881,
219996224,2434552,NO,present,introduced,invasive,unaided: natural dispersal across borders of invasive alien organisms,1983,
219996225,2951968,NO,present,introduced,,,1920,
219996227,5354707,NO,present,introduced,,escape: ornamental purpose other than horticulture,,
5218823,2433652,NO,present,introduced,invasive,escape: fur farms,1930,
219996230,2964435,NO,present,introduced,invasive,release: landscape improvement,,
5218823,2433652,NO,present,introduced,invasive,release: other intentional release,1930,
219996232,5218887,NO,present,introduced,,"transport - stowaway: vehicles (car, train, etc.)",,
219996233,5356345,NO,present,introduced,invasive,escape: horticulture,1908,
219996234,5218887,NO,present,introduced,,unaided: natural dispersal across borders of invasive alien organisms,,
219996235,5358266,NO,present,introduced,,escape: agriculture (including biofuel feedstocks),1888,
219996237,2977647,NO,present,introduced,,,,
5218913,5816581,NO,present,introduced,,release: other intentional release,1970,
219996239,2964435,NO,present,introduced,invasive,escape: ornamental purpose other than horticulture,,
5218913,5816581,NO,present,introduced,,escape: pet/aquarium/terrarium species (including live food for such species),1970,
219996241,2975667,NO,present,introduced,,transport - stowaway: hitchhikers on ship/boat (excluding ballast water and hull fouling),1905,
219996243,2965354,NO,present,introduced,,escape: agriculture (including biofuel feedstocks),1861,
219996245,5352425,NO,present,introduced,invasive,escape: agriculture (including biofuel feedstocks),1899,
219996246,5213022,NO,present,introduced,invasive,unaided: natural dispersal across borders of invasive alien organisms,,
219996247,5212956,NO,present,introduced,invasive,unaided: natural dispersal across borders of invasive alien organisms,,
5347702,2940202,NO,present,introduced,,escape: ornamental purpose other than horticulture,2003,
5347702,2940202,NO,present,introduced,,escape: other escape from confinement,2003,
219996253,5356343,NO,present,introduced,invasive,release: other intentional release,1899,
219996255,9151957,NO,present,introduced,,escape: agriculture (including biofuel feedstocks),1834,
219996256,5343253,NO,present,introduced,,escape: botanic garden/zoo/aquaria (excluding domestic aquaria),,
219996257,2498065,NO,present,introduced,,escape: pet/aquarium/terrarium species (including live food for such species),,
219996258,8193111,NO,present,introduced,invasive,transport - contaminant: seed contaminant,1861,
219996259,9751099,NO,present,introduced,,escape: botanic garden/zoo/aquaria (excluding domestic aquaria),1983,
219996260,2964435,NO,present,introduced,invasive,"transport - stowaway: vehicles (car, train, etc.)",,
219996261,2498094,NO,present,introduced,,escape: botanic garden/zoo/aquaria (excluding domestic aquaria),,
219996262,5356854,NO,present,introduced,,transport - contaminant: timber trade,1894,
219996263,2498305,NO,present,introduced,,escape: pet/aquarium/terrarium species (including live food for such species),1984,
219996264,2943316,NO,present,introduced,,escape: ornamental purpose other than horticulture,1992,
219996265,2498408,NO,present,introduced,,escape: botanic garden/zoo/aquaria (excluding domestic aquaria),1985,
219996266,2975188,NO,present,introduced,,transport - contaminant: seed contaminant,1907,
219996267,9345027,NO,present,introduced,,escape: botanic garden/zoo/aquaria (excluding domestic aquaria),2000,
219996268,5355395,NO,present,introduced,,escape: horticulture,,
219996269,2498384,NO,present,introduced,,escape: pet/aquarium/terrarium species (including live food for such species),,
219996270,2971095,NO,present,introduced,invasive,transport - contaminant: timber trade,,
219996271,2498090,NO,present,introduced,,escape: botanic garden/zoo/aquaria (excluding domestic aquaria),2018,
219996273,2498252,NO,present,introduced,invasive,escape: botanic garden/zoo/aquaria (excluding domestic aquaria),2002,
219996274,2498387,NO,present,introduced,,escape: botanic garden/zoo/aquaria (excluding domestic aquaria),1978,
5350005,5350000,NO,present,introduced,,transport - contaminant: seed contaminant,1882,
219996276,2498387,NO,present,introduced,,unaided: natural dispersal across borders of invasive alien organisms,1978,
5350005,5350000,NO,present,introduced,,escape: horticulture,1882,
219996278,2498388,NO,present,introduced,,escape: pet/aquarium/terrarium species (including live food for such species),1912,
5350005,5350000,NO,present,introduced,,transport - stowaway: hitchhikers on ship/boat (excluding ballast water and hull fouling),1882,
219996280,2498094,NO,present,introduced,,escape: pet/aquarium/terrarium species (including live food for such species),,
5350005,5350000,NO,present,introduced,,escape: agriculture (including biofuel feedstocks),1882,
219996282,5352425,NO,present,introduced,invasive,transport - contaminant: seed contaminant,1899,
219996283,2498344,NO,present,introduced,,unaided: natural dispersal across borders of invasive alien organisms,1980,
219996284,8365568,NO,present,introduced,,escape: ornamental purpose other than horticulture,,
219996285,9480191,NO,present,introduced,,escape: botanic garden/zoo/aquaria (excluding domestic aquaria),,
219996286,2498035,NO,present,introduced,,escape: pet/aquarium/terrarium species (including live food for such species),1955,
219996287,5354530,NO,present,introduced,,escape: botanic garden/zoo/aquaria (excluding domestic aquaria),1924,
219996288,2498181,NO,present,introduced,,escape: botanic garden/zoo/aquaria (excluding domestic aquaria),,
219996289,2943190,NO,present,introduced,invasive,escape: ornamental purpose other than horticulture,1905,
219996290,9751099,NO,present,introduced,,release: biological control,1983,
219996291,5356522,NO,present,introduced,,transport - contaminant: seed contaminant,1906,
219996292,2498034,NO,present,introduced,,escape: pet/aquarium/terrarium species (including live food for such species),2011,
219996293,8069977,NO,present,introduced,,escape: agriculture (including biofuel feedstocks),1944,
219996294,9751099,NO,present,introduced,,escape: farmed animals (including animals left under limited control),1983,
219996295,2498167,NO,present,introduced,,escape: botanic garden/zoo/aquaria (excluding domestic aquaria),1889,
219996296,5343253,NO,present,introduced,,escape: ornamental purpose other than horticulture,,
219996297,2498344,NO,present,introduced,,escape: other escape from confinement,1980,
219996298,5359378,NO,present,introduced,,escape: agriculture (including biofuel feedstocks),1881,
219996299,2498408,NO,present,introduced,,escape: pet/aquarium/terrarium species (including live food for such species),1985,
219996300,8365568,NO,present,introduced,,escape: agriculture (including biofuel feedstocks),,
219996301,2498090,NO,present,introduced,,escape: pet/aquarium/terrarium species (including live food for such species),2018,
219996302,5355395,NO,present,introduced,,escape: botanic garden/zoo/aquaria (excluding domestic aquaria),,
219996303,2498163,NO,present,introduced,,escape: botanic garden/zoo/aquaria (excluding domestic aquaria),1996,
219996304,2975663,NO,present,introduced,,escape: agriculture (including biofuel feedstocks),,
219996305,2498163,NO,present,introduced,,escape: pet/aquarium/terrarium species (including live food for such species),1996,
219996306,2498384,NO,present,introduced,,escape: botanic garden/zoo/aquaria (excluding domestic aquaria),,
219996307,5354656,NO,present,introduced,invasive,unaided: natural dispersal across borders of invasive alien organisms,1875,
219996308,2498065,NO,present,introduced,,escape: botanic garden/zoo/aquaria (excluding domestic aquaria),,
219996310,2498065,NO,present,introduced,,unaided: natural dispersal across borders of invasive alien organisms,,
219996311,2498252,NO,present,introduced,invasive,unaided: natural dispersal across borders of invasive alien organisms,2002,
219996313,2498034,NO,present,introduced,,unaided: natural dispersal across borders of invasive alien organisms,2011,
219996314,3172100,NO,present,introduced,,"transport - contaminant: contaminant on plants (except parasites, species transported by host/vector)",,
219996315,2498181,NO,present,introduced,,unaided: natural dispersal across borders of invasive alien organisms,,
219996316,5232437,NO,present,introduced,invasive,unaided: natural dispersal across borders of invasive alien organisms,1900,
219996317,3172206,NO,present,introduced,,escape: ornamental purpose other than horticulture,1977,
219996318,5232428,NO,present,introduced,,escape: botanic garden/zoo/aquaria (excluding domestic aquaria),,
219996319,2498344,NO,present,introduced,,escape: botanic garden/zoo/aquaria (excluding domestic aquaria),1980,
219996320,3172100,NO,present,introduced,,transport - contaminant: seed contaminant,,
219996321,2498384,NO,present,introduced,,unaided: natural dispersal across borders of invasive alien organisms,,
219996322,2498011,NO,present,introduced,,escape: pet/aquarium/terrarium species (including live food for such species),,
219996323,5414935,NO,present,introduced,,escape: ornamental purpose other than horticulture,1953,
219996324,2498305,NO,present,introduced,,unaided: natural dispersal across borders of invasive alien organisms,1984,
219996325,3724778,NO,present,introduced,,"transport - contaminant: transportation of habitat material (soil, vegetation, wood etc)",,
219996326,2498388,NO,present,introduced,,escape: botanic garden/zoo/aquaria (excluding domestic aquaria),1912,
219996327,9480191,NO,present,introduced,,unaided: natural dispersal across borders of invasive alien organisms,,
219996328,5414990,NO,present,introduced,,escape: horticulture,1880,
219996329,9345027,NO,present,introduced,,unaided: natural dispersal across borders of invasive alien organisms,2000,
219996330,5415012,NO,present,introduced,invasive,unaided: natural dispersal across borders of invasive alien organisms,2004,
219996331,2498181,NO,present,introduced,,escape: pet/aquarium/terrarium species (including live food for such species),,
219996332,2498035,NO,present,introduced,,escape: botanic garden/zoo/aquaria (excluding domestic aquaria),1955,
219996333,3171669,NO,present,introduced,,transport - stowaway: hitchhikers on ship/boat (excluding ballast water and hull fouling),1826,
219996334,9480191,NO,present,introduced,,escape: pet/aquarium/terrarium species (including live food for such species),,
219996335,6439117,NO,present,introduced,,escape: horticulture,,
219996336,2498388,NO,present,introduced,,unaided: natural dispersal across borders of invasive alien organisms,1912,
219996337,6439117,NO,present,introduced,,escape: botanic garden/zoo/aquaria (excluding domestic aquaria),,
219996338,5232437,NO,present,introduced,invasive,release: other intentional release,1900,
219996339,6438823,NO,present,introduced,,transport - stowaway: hitchhikers on ship/boat (excluding ballast water and hull fouling),1879,
219996340,9508460,NO,present,introduced,,unaided: natural dispersal across borders of invasive alien organisms,1989,
219996341,2498007,NO,present,introduced,,escape: pet/aquarium/terrarium species (including live food for such species),,
219996342,5415007,NO,present,introduced,,transport - contaminant: other means of contamination,,
219996343,2498305,NO,present,introduced,,escape: botanic garden/zoo/aquaria (excluding domestic aquaria),1984,
219996344,6439238,NO,present,introduced,,escape: ornamental purpose other than horticulture,1946,
219996345,9345027,NO,present,introduced,,escape: pet/aquarium/terrarium species (including live food for such species),2000,
219996346,3172077,NO,present,introduced,,"transport - contaminant: contaminant on plants (except parasites, species transported by host/vector)",,
219996347,2498094,NO,present,introduced,,unaided: natural dispersal across borders of invasive alien organisms,,
219996348,7226419,NO,present,introduced,,transport - contaminant: seed contaminant,1884,
219996349,5232428,NO,present,introduced,,escape: pet/aquarium/terrarium species (including live food for such species),,
219996350,2498167,NO,present,introduced,,escape: pet/aquarium/terrarium species (including live food for such species),1889,
219996351,8200663,NO,present,introduced,,transport - stowaway: hitchhikers on ship/boat (excluding ballast water and hull fouling),1852,
219996352,2498090,NO,present,introduced,,unaided: natural dispersal across borders of invasive alien organisms,2018,
219996353,5414932,NO,present,introduced,,escape: ornamental purpose other than horticulture,2005,
219996354,5232437,NO,present,introduced,invasive,release: hunting,1900,
219996355,8200663,NO,present,introduced,,escape: ornamental purpose other than horticulture,1852,
219996356,2498387,NO,present,introduced,,escape: pet/aquarium/terrarium species (including live food for such species),1978,
219996357,3724778,NO,present,introduced,,"transport - contaminant: contaminant on plants (except parasites, species transported by host/vector)",,
219996358,2498408,NO,present,introduced,,unaided: natural dispersal across borders of invasive alien organisms,1985,
219996359,3172001,NO,present,introduced,,escape: ornamental purpose other than horticulture,1897,
219996360,2498011,NO,present,introduced,,unaided: natural dispersal across borders of invasive alien organisms,,
219996361,5415012,NO,present,introduced,invasive,escape: ornamental purpose other than horticulture,2004,
219996362,2498163,NO,present,introduced,,unaided: natural dispersal across borders of invasive alien organisms,1996,
219996363,5415019,NO,present,introduced,invasive,transport - stowaway: hitchhikers on ship/boat (excluding ballast water and hull fouling),,
219996364,2498007,NO,present,introduced,,unaided: natural dispersal across borders of invasive alien organisms,,
219996365,5414992,NO,present,introduced,,escape: ornamental purpose other than horticulture,2010,
219996366,2498167,NO,present,introduced,,release: other intentional release,1889,
219996367,5232428,NO,present,introduced,,unaided: natural dispersal across borders of invasive alien organisms,,
219996368,3171669,NO,present,introduced,,transport - stowaway: people and their luggage/equipment (in particular tourism),1826,
219996369,9751099,NO,present,introduced,,escape: other escape from confinement,1983,
219996370,3172100,NO,present,introduced,,escape: horticulture,,
219996371,9508460,NO,present,introduced,,escape: botanic garden/zoo/aquaria (excluding domestic aquaria),1989,
219996372,2498167,NO,present,introduced,,unaided: natural dispersal across borders of invasive alien organisms,1889,
219996373,5415019,NO,present,introduced,invasive,"transport - contaminant: transportation of habitat material (soil, vegetation, wood etc)",,
219996374,2498034,NO,present,introduced,,escape: botanic garden/zoo/aquaria (excluding domestic aquaria),2011,
219996375,7226419,NO,present,introduced,,escape: horticulture,1884,
219996376,3172206,NO,present,introduced,,escape: horticulture,1977,
219996377,5232437,NO,present,introduced,invasive,escape: other escape from confinement,1900,
219996379,2498007,NO,present,introduced,,escape: botanic garden/zoo/aquaria (excluding domestic aquaria),,
219996380,2498035,NO,present,introduced,,unaided: natural dispersal across borders of invasive alien organisms,1955,
3725062,6439542,NO,present,introduced,,transport - contaminant: seed contaminant,,
219996382,2498011,NO,present,introduced,,escape: botanic garden/zoo/aquaria (excluding domestic aquaria),,
3725062,6439542,NO,present,introduced,,escape: ornamental purpose other than horticulture,,
219996384,9508460,NO,present,introduced,,escape: pet/aquarium/terrarium species (including live food for such species),1989,
3725062,6439542,NO,present,introduced,,escape: horticulture,,
219996387,3172077,NO,present,introduced,,"transport - contaminant: transportation of habitat material (soil, vegetation, wood etc)",,
219996389,6438823,NO,present,introduced,,"transport - contaminant: transportation of habitat material (soil, vegetation, wood etc)",1879,
219996390,3172074,NO,present,introduced,,transport - stowaway: hitchhikers on ship/boat (excluding ballast water and hull fouling),,
219996391,2480562,NO,present,introduced,,escape: botanic garden/zoo/aquaria (excluding domestic aquaria),1986,
219996392,5415007,NO,present,introduced,,transport - stowaway: other means of transport,,
219996393,2480562,NO,present,introduced,,unaided: natural dispersal across borders of invasive alien organisms,1986,
219996394,2480562,NO,present,introduced,,escape: pet/aquarium/terrarium species (including live food for such species),1986,
219996395,3172074,NO,present,introduced,,"transport - contaminant: transportation of habitat material (soil, vegetation, wood etc)",,
219996397,5415019,NO,present,introduced,invasive,"transport - stowaway: vehicles (car, train, etc.)",,
219996399,3172100,NO,present,introduced,,escape: ornamental purpose other than horticulture,,
219996400,3171669,NO,present,introduced,,"transport - stowaway: vehicles (car, train, etc.)",1826,
219996401,9752149,NO,present,introduced,,escape: pet/aquarium/terrarium species (including live food for such species),1875,
219996402,3725447,NO,present,introduced,,"transport - contaminant: transportation of habitat material (soil, vegetation, wood etc)",1884,
219996403,3725447,NO,present,introduced,,transport - stowaway: hitchhikers on ship/boat (excluding ballast water and hull fouling),1884,
219996404,2474051,NO,present,introduced,,release: hunting,,
219996405,5414989,NO,present,introduced,,escape: ornamental purpose other than horticulture,1951,
219996406,2474162,NO,present,introduced,invasive,escape: pet/aquarium/terrarium species (including live food for such species),2013,
219996407,3172077,NO,present,introduced,,transport - contaminant: seed contaminant,,
219996408,3172077,NO,present,introduced,,transport - stowaway: hitchhikers on ship/boat (excluding ballast water and hull fouling),,
219996409,2474029,NO,present,introduced,,release: hunting,1988,
219996410,2474162,NO,present,introduced,invasive,release: release in nature,2013,
219996411,3189751,NO,present,introduced,,transport - contaminant: timber trade,,
219996412,2474051,NO,present,introduced,,escape: botanic garden/zoo/aquaria (excluding domestic aquaria),,
219996413,3725447,NO,present,introduced,,"transport - contaminant: contaminant on plants (except parasites, species transported by host/vector)",1884,
219996414,2474029,NO,present,introduced,,escape: pet/aquarium/terrarium species (including live food for such species),1988,
219996415,5414935,NO,present,introduced,,escape: botanic garden/zoo/aquaria (excluding domestic aquaria),1953,
219996416,2474162,NO,present,introduced,invasive,escape: botanic garden/zoo/aquaria (excluding domestic aquaria),2013,
219996417,5414932,NO,present,introduced,,escape: botanic garden/zoo/aquaria (excluding domestic aquaria),2005,
219996418,2474029,NO,present,introduced,,release: release in nature,1988,
219996419,5414989,NO,present,introduced,,escape: botanic garden/zoo/aquaria (excluding domestic aquaria),1951,
219996420,2474029,NO,present,introduced,,escape: botanic garden/zoo/aquaria (excluding domestic aquaria),1988,
219996421,2474051,NO,present,introduced,,escape: pet/aquarium/terrarium species (including live food for such species),,
219996423,9752149,NO,present,introduced,,unaided: natural dispersal across borders of invasive alien organisms,1875,
219996424,9752149,NO,present,introduced,,escape: botanic garden/zoo/aquaria (excluding domestic aquaria),1875,
219996425,3171888,NO,present,introduced,,escape: aquaculture/mariculture,,
219996426,2474051,NO,present,introduced,,release: other intentional release,,
219996427,9752149,NO,present,introduced,,release: hunting,1875,
219996428,3171888,NO,present,introduced,,unaided: natural dispersal across borders of invasive alien organisms,,
219996430,3171888,NO,present,introduced,,transport - stowaway: angling/fishing equipment,,
219996434,2925529,NO,present,introduced,,transport - stowaway: hitchhikers on ship/boat (excluding ballast water and hull fouling),1874,
219996435,6101015,NO,present,introduced,,unaided: natural dispersal across borders of invasive alien organisms,1994,
219996436,2925529,NO,present,introduced,,escape: ornamental purpose other than horticulture,1874,
219996437,6101015,NO,present,introduced,,escape: pet/aquarium/terrarium species (including live food for such species),1994,
219996438,2925529,NO,present,introduced,,escape: horticulture,1874,
219996439,6101015,NO,present,introduced,,escape: botanic garden/zoo/aquaria (excluding domestic aquaria),1994,
219996441,6101015,NO,present,introduced,,transport - stowaway: hitchhikers on ship/boat (excluding ballast water and hull fouling),1994,
219996443,3172297,NO,present,introduced,,escape: ornamental purpose other than horticulture,,
219996444,2482499,NO,present,introduced,,transport - stowaway: hitchhikers on ship/boat (excluding ballast water and hull fouling),,
219996445,7636833,NO,present,introduced,,escape: horticulture,1965,
219996446,2482499,NO,present,introduced,,unaided: natural dispersal across borders of invasive alien organisms,,
219996447,6433201,NO,present,introduced,,escape: ornamental purpose other than horticulture,2009,
219996449,2489005,NO,present,introduced,,escape: pet/aquarium/terrarium species (including live food for such species),2009,
219996450,5415054,NO,present,introduced,,escape: ornamental purpose other than horticulture,1970,
219996451,6433201,NO,present,introduced,,escape: horticulture,2009,
219996452,2489005,NO,present,introduced,,transport - stowaway: hitchhikers on ship/boat (excluding ballast water and hull fouling),2009,
219996453,6433201,NO,present,introduced,,"transport - contaminant: transportation of habitat material (soil, vegetation, wood etc)",2009,
219996454,2489005,NO,present,introduced,,escape: botanic garden/zoo/aquaria (excluding domestic aquaria),2009,
219996455,5415038,NO,present,introduced,,escape: ornamental purpose other than horticulture,,
219996457,5415039,NO,present,introduced,invasive,transport - stowaway: hitchhikers on ship/boat (excluding ballast water and hull fouling),1874,
219996458,5231223,NO,present,introduced,,unaided: natural dispersal across borders of invasive alien organisms,,
219996459,7636833,NO,present,introduced,,escape: ornamental purpose other than horticulture,1965,
219996460,5231223,NO,present,introduced,,transport - stowaway: hitchhikers on ship/boat (excluding ballast water and hull fouling),,
219996461,5415039,NO,present,introduced,invasive,release: landscape improvement,1874,
219996462,5231223,NO,present,introduced,,escape: botanic garden/zoo/aquaria (excluding domestic aquaria),,
219996463,5415039,NO,present,introduced,invasive,escape: ornamental purpose other than horticulture,1874,
219996464,5231223,NO,present,introduced,,escape: pet/aquarium/terrarium species (including live food for such species),,
219996465,3172291,NO,present,introduced,,escape: ornamental purpose other than horticulture,1920,
219996467,3172348,NO,present,introduced,,escape: ornamental purpose other than horticulture,,
219996469,3172348,NO,present,introduced,,escape: botanic garden/zoo/aquaria (excluding domestic aquaria),,
219996471,2480764,NO,present,introduced,,escape: pet/aquarium/terrarium species (including live food for such species),,
219996472,2480764,NO,present,introduced,,unaided: natural dispersal across borders of invasive alien organisms,,
219996474,2480764,NO,present,introduced,,escape: botanic garden/zoo/aquaria (excluding domestic aquaria),,
6411098,3894182,NO,present,introduced,invasive,escape: ornamental purpose other than horticulture,,
219996477,2927079,NO,present,introduced,,transport - contaminant: seed contaminant,1881,
219996481,8974899,NO,present,introduced,,escape: ornamental purpose other than horticulture,1871,
2474961,9531123,NO,present,introduced,,escape: botanic garden/zoo/aquaria (excluding domestic aquaria),,
219996483,8974899,NO,present,introduced,,transport - stowaway: hitchhikers on ship/boat (excluding ballast water and hull fouling),1871,
2474961,9531123,NO,present,introduced,,unaided: natural dispersal across borders of invasive alien organisms,,
2474961,9531123,NO,present,introduced,,escape: pet/aquarium/terrarium species (including live food for such species),,
219996486,8974899,NO,present,introduced,,escape: horticulture,1871,
219996488,5341389,NO,present,introduced,,transport - stowaway: hitchhikers on ship/boat (excluding ballast water and hull fouling),,
219996490,8014966,NO,present,introduced,,escape: botanic garden/zoo/aquaria (excluding domestic aquaria),,
219996491,7740342,NO,present,introduced,,escape: ornamental purpose other than horticulture,,
219996492,2481034,NO,present,introduced,,unaided: natural dispersal across borders of invasive alien organisms,1980,
219996494,2481034,NO,present,introduced,,escape: botanic garden/zoo/aquaria (excluding domestic aquaria),1980,
219996495,8014966,NO,present,introduced,,unaided: natural dispersal across borders of invasive alien organisms,,
3893979,8691088,NO,present,introduced,,escape: ornamental purpose other than horticulture,2007,
219996497,2481034,NO,present,introduced,,escape: pet/aquarium/terrarium species (including live food for such species),1980,
219996498,8014966,NO,present,introduced,,escape: pet/aquarium/terrarium species (including live food for such species),,
3893979,8691088,NO,present,introduced,,escape: horticulture,2007,
219996502,2927305,NO,present,introduced,,escape: ornamental purpose other than horticulture,2015,
219996503,2479226,NO,present,introduced,,escape: pet/aquarium/terrarium species (including live food for such species),2004,
219996504,5229055,NO,present,introduced,,unaided: natural dispersal across borders of invasive alien organisms,,
219996505,2926995,NO,present,introduced,,transport - contaminant: seed contaminant,1860,
219996506,2479226,NO,present,introduced,,escape: botanic garden/zoo/aquaria (excluding domestic aquaria),2004,
219996507,2927190,NO,present,introduced,,escape: horticulture,1882,
219996508,2479407,NO,present,introduced,,escape: pet/aquarium/terrarium species (including live food for such species),,
219996509,2479407,NO,present,introduced,,escape: botanic garden/zoo/aquaria (excluding domestic aquaria),,
219996510,7666664,NO,present,introduced,,escape: ornamental purpose other than horticulture,2010,
219996511,5229055,NO,present,introduced,,escape: pet/aquarium/terrarium species (including live food for such species),,
219996512,2926995,NO,present,introduced,,transport - stowaway: ship/boat ballast water,1860,
219996513,5229055,NO,present,introduced,,escape: botanic garden/zoo/aquaria (excluding domestic aquaria),,
219996514,7307492,NO,present,introduced,,transport - contaminant: seed contaminant,,
219996515,2479226,NO,present,introduced,,unaided: natural dispersal across borders of invasive alien organisms,2004,
219996516,2479407,NO,present,introduced,,unaided: natural dispersal across borders of invasive alien organisms,,
219996517,2927007,NO,present,introduced,,transport - contaminant: seed contaminant,1893,
219996519,2927028,NO,present,introduced,,transport - contaminant: timber trade,1897,
219996521,2927028,NO,present,introduced,,transport - contaminant: seed contaminant,1897,
219996522,2337607,NO,present,introduced,invasive,release: fishery in the wild,,
219996523,5341373,NO,present,introduced,,escape: ornamental purpose other than horticulture,1947,
219996525,2926684,NO,present,introduced,,escape: ornamental purpose other than horticulture,1892,
219996526,2340977,NO,present,introduced,invasive,release: fishery in the wild,,
219996527,5202520,NO,present,introduced,invasive,release: fishery in the wild,,
219996528,2927230,NO,present,introduced,,escape: horticulture,1979,
219996529,2340989,NO,present,introduced,,release: fishery in the wild,1890,
219996530,2927175,NO,present,introduced,,escape: ornamental purpose other than horticulture,1914,
219996531,2341077,NO,present,introduced,invasive,release: fishery in the wild,,
219996532,2927079,NO,present,introduced,,escape: botanic garden/zoo/aquaria (excluding domestic aquaria),1881,
219996534,2927007,NO,present,introduced,,escape: ornamental purpose other than horticulture,1893,
219996536,6409536,NO,present,introduced,,transport - contaminant: seed contaminant,1838,
219996538,7666664,NO,present,introduced,,escape: horticulture,2010,
219996539,2431776,NO,present,introduced,,release: other intentional release,,
219996540,2927007,NO,present,introduced,,transport - contaminant: timber trade,1893,
219996541,2431783,NO,present,introduced,invasive,escape: pet/aquarium/terrarium species (including live food for such species),,
219996542,2927079,NO,present,introduced,,escape: ornamental purpose other than horticulture,1881,
219996543,2431887,NO,present,introduced,invasive,release: landscape improvement,,
219996544,2927280,NO,present,introduced,,escape: ornamental purpose other than horticulture,1912,
219996545,2927004,NO,present,introduced,,escape: horticulture,,
219996546,2431887,NO,present,introduced,invasive,transport - stowaway: container/bulk,,
219996547,2431783,NO,present,introduced,invasive,release: landscape improvement,,
219996548,2927224,NO,present,introduced,,transport - contaminant: seed contaminant,1870,
219996549,2431887,NO,present,introduced,invasive,escape: pet/aquarium/terrarium species (including live food for such species),,
219996551,2927297,NO,present,introduced,,,,
219996553,2926572,NO,present,introduced,,escape: ornamental purpose other than horticulture,,
219996554,2422507,NO,present,introduced,,release: other intentional release,,
219996555,5341497,NO,present,introduced,,escape: ornamental purpose other than horticulture,1880,
219996556,7307492,NO,present,introduced,,transport - stowaway: hitchhikers on ship/boat (excluding ballast water and hull fouling),,
219996558,2927028,NO,present,introduced,,transport - stowaway: hitchhikers on ship/boat (excluding ballast water and hull fouling),1897,
219996559,2426650,NO,present,introduced,,release: other intentional release,,
219996561,2426661,NO,present,introduced,,unaided: natural dispersal across borders of invasive alien organisms,1990,
8004895,10904970,NO,present,introduced,,escape: ornamental purpose other than horticulture,,
8004895,10904970,NO,present,introduced,,escape: horticulture,,
2426654,5784980,NO,present,introduced,invasive,release: other intentional release,,
219996566,7540389,NO,present,introduced,,escape: ornamental purpose other than horticulture,1954,
219996567,2427091,NO,present,introduced,invasive,release: other intentional release,,
219996568,2926684,NO,present,introduced,,"transport - contaminant: transportation of habitat material (soil, vegetation, wood etc)",1892,
219996569,2426650,NO,present,introduced,,escape: pet/aquarium/terrarium species (including live food for such species),,
8707933,8512398,NO,present,introduced,,escape: ornamental purpose other than horticulture,1989,
219996571,2426640,NO,present,introduced,,unaided: natural dispersal across borders of invasive alien organisms,,
219996572,7226079,NO,present,introduced,,escape: ornamental purpose other than horticulture,,
219996573,2426661,NO,present,introduced,,release: other intentional release,1990,
219996574,9258044,NO,present,introduced,invasive,release: other intentional release,,
7308177,7308177,NO,present,introduced,invasive,"transport - contaminant: transportation of habitat material (soil, vegetation, wood etc)",,
219996576,2426640,NO,present,introduced,,release: other intentional release,,
219996577,3905825,NO,present,introduced,invasive,escape: ornamental purpose other than horticulture,1912,
219996579,5341389,NO,present,introduced,,transport - contaminant: seed contaminant,,
219996580,5217334,NO,present,introduced,,release: other intentional release,,
219996581,7307327,NO,present,introduced,,escape: ornamental purpose other than horticulture,2008,
219996583,7510173,NO,present,introduced,,unaided: natural dispersal across borders of invasive alien organisms,,
219996585,2927190,NO,present,introduced,,escape: other escape from confinement,1882,
219996587,2927004,NO,present,introduced,,escape: ornamental purpose other than horticulture,,
219996589,5341310,NO,present,introduced,,transport - contaminant: timber trade,,
219996591,7510173,NO,present,introduced,,escape: ornamental purpose other than horticulture,,
219996593,5341499,NO,present,introduced,,,1827,
219996595,5341373,NO,present,introduced,,escape: botanic garden/zoo/aquaria (excluding domestic aquaria),1947,
219996596,6409536,NO,present,introduced,,transport - stowaway: hitchhikers on ship/boat (excluding ballast water and hull fouling),1838,
219996597,7707408,NO,present,introduced,invasive,transport - stowaway: ship/boat hull fouling,2020,
219996598,2927230,NO,present,introduced,,escape: ornamental purpose other than horticulture,1979,
219996600,7585838,NO,present,introduced,,escape: ornamental purpose other than horticulture,2001,
219996602,2927229,NO,present,introduced,,transport - stowaway: hitchhikers on ship/boat (excluding ballast water and hull fouling),1842,
219996603,5200487,NO,present,introduced,,transport - stowaway: ship/boat hull fouling,,
219996604,5200487,NO,present,introduced,,corridors: interconnected waterways/basins/seas,,
219996606,5200487,NO,present,introduced,,transport - stowaway: other means of transport,,
2927192,9719501,NO,present,introduced,,escape: horticulture,1912,
2927192,9719501,NO,present,introduced,,escape: ornamental purpose other than horticulture,1912,
219996610,2329616,NO,present,introduced,,corridors: interconnected waterways/basins/seas,,
219996611,2927229,NO,present,introduced,,transport - contaminant: seed contaminant,1842,
219996612,2329616,NO,present,introduced,,transport - stowaway: ship/boat hull fouling,,
7308177,7308177,NO,present,introduced,invasive,escape: ornamental purpose other than horticulture,,
219996615,2926403,NO,present,introduced,,escape: ornamental purpose other than horticulture,2000,
219996616,5200463,NO,present,introduced,invasive,corridors: interconnected waterways/basins/seas,2022,
219996617,5341373,NO,present,introduced,,escape: horticulture,1947,
219996618,5200463,NO,present,introduced,invasive,transport - stowaway: ship/boat hull fouling,2022,
219996619,2927220,NO,present,introduced,,transport - contaminant: seed contaminant,1917,
219996621,7226079,NO,present,introduced,,escape: horticulture,,
219996623,3893868,NO,present,introduced,,transport - contaminant: contaminant nursery material,1910,
219996624,3893868,NO,present,introduced,,transport - contaminant: seed contaminant,1910,
219996625,2331942,NO,present,introduced,,transport - stowaway: ship/boat hull fouling,1990,
219996627,4354941,NO,present,introduced,invasive,corridors: interconnected waterways/basins/seas,2007,
219996628,7730307,NO,present,introduced,,escape: ornamental purpose other than horticulture,,
219996629,4354941,NO,present,introduced,invasive,transport - stowaway: ship/boat hull fouling,2007,
219996630,7346102,NO,present,introduced,,escape: ornamental purpose other than horticulture,,
219996631,2332244,NO,present,introduced,,transport - stowaway: ship/boat hull fouling,,
219996633,4354937,NO,present,introduced,,transport - stowaway: ship/boat hull fouling,,
219996634,4354937,NO,present,introduced,,corridors: interconnected waterways/basins/seas,,
219996635,3171952,NO,present,introduced,,escape: ornamental purpose other than horticulture,2000,
219996638,3173338,NO,present,introduced,invasive,escape: ornamental purpose other than horticulture,1996,
219996639,5204862,NO,present,introduced,,escape: live food and live bait,,
219996640,5204862,NO,present,introduced,,release: fishery in the wild,,
219996641,3738504,NO,present,introduced,,transport - stowaway: hitchhikers on ship/boat (excluding ballast water and hull fouling),,
219996643,3738504,NO,present,introduced,,escape: ornamental purpose other than horticulture,,
219996645,3171952,NO,present,introduced,,transport - contaminant: seed contaminant,2000,
219996647,3171948,NO,present,introduced,,transport - stowaway: hitchhikers on ship/boat (excluding ballast water and hull fouling),1886,
219996648,2366634,NO,present,introduced,,escape: live food and live bait,,
219996649,7589232,NO,present,introduced,,escape: horticulture,2003,
219996650,2362473,NO,present,introduced,,release: fishery in the wild,,
219996651,3171939,NO,present,introduced,,transport - contaminant: seed contaminant,1920,
219996652,4409628,NO,present,introduced,invasive,release: fishery in the wild,1980,
219996653,3171943,NO,present,introduced,,escape: horticulture,1882,
219996654,2362524,NO,present,introduced,invasive,release: fishery in the wild,,
219996655,3171952,NO,present,introduced,,escape: horticulture,2000,
219996656,2360795,NO,present,introduced,,release: other intentional release,,
219996657,3171951,NO,present,introduced,,transport - contaminant: seed contaminant,1892,
219996658,2366634,NO,present,introduced,,release: fishery in the wild,,
219996659,3171939,NO,present,introduced,,escape: ornamental purpose other than horticulture,1920,
219996660,4286975,NO,present,introduced,invasive,release: other intentional release,,
219996661,3171943,NO,present,introduced,,transport - stowaway: hitchhikers on ship/boat (excluding ballast water and hull fouling),1882,
219996662,3171947,NO,present,introduced,,"transport - contaminant: transportation of habitat material (soil, vegetation, wood etc)",1832,
219996663,2360504,NO,present,introduced,,release: fishery in the wild,,
219996664,3171954,NO,present,introduced,,transport - contaminant: seed contaminant,1934,
219996665,5739539,NO,present,introduced,,release: fishery in the wild,,
219996666,3171948,NO,present,introduced,,transport - contaminant: seed contaminant,1886,
219996667,3738504,NO,present,introduced,,escape: horticulture,,
219996668,2367038,NO,present,introduced,,release: fishery in the wild,,
219996669,8949622,NO,present,introduced,,transport - contaminant: seed contaminant,1889,
219996670,3171952,NO,present,introduced,,"transport - stowaway: vehicles (car, train, etc.)",2000,
219996672,7589232,NO,present,introduced,,escape: botanic garden/zoo/aquaria (excluding domestic aquaria),2003,
219996673,4286942,NO,present,introduced,invasive,release: other intentional release,,
219996674,3171943,NO,present,introduced,,transport - contaminant: seed contaminant,1882,
219996676,3171939,NO,present,introduced,,escape: horticulture,1920,
219996677,3171939,NO,present,introduced,,"transport - contaminant: transportation of habitat material (soil, vegetation, wood etc)",1920,
219996679,3171948,NO,present,introduced,,escape: ornamental purpose other than horticulture,1886,
219996680,2362486,NO,present,introduced,,release: fishery in the wild,,
219996681,3171947,NO,present,introduced,,transport - contaminant: seed contaminant,1832,
219996682,2360842,NO,present,introduced,invasive,release: other intentional release,,
219996684,2362030,NO,present,introduced,invasive,release: fishery in the wild,1995,
219996685,3733128,NO,present,introduced,,"transport - contaminant: contaminant on plants (except parasites, species transported by host/vector)",1947,
219996686,2360803,NO,present,introduced,invasive,escape: pet/aquarium/terrarium species (including live food for such species),,
219996687,3172045,NO,present,introduced,,transport - contaminant: contaminated bait,,
219996689,2360504,NO,present,introduced,,escape: live food and live bait,,
219996690,7331666,NO,present,introduced,,unaided: natural dispersal across borders of invasive alien organisms,,
219996691,2367742,NO,present,introduced,invasive,escape: other escape from confinement,,
219996693,5415024,NO,present,introduced,invasive,transport - contaminant: seed contaminant,,
219996694,9568373,NO,present,introduced,,"transport - contaminant: contaminant on plants (except parasites, species transported by host/vector)",1946,
219996696,5415024,NO,present,introduced,invasive,transport - stowaway: hitchhikers on ship/boat (excluding ballast water and hull fouling),,
219996697,2367742,NO,present,introduced,invasive,release: other intentional release,,
219996698,7718653,NO,present,introduced,,transport - contaminant: parasites on plants (including species transported by host and vector),1970,
219996700,2360803,NO,present,introduced,invasive,release: other intentional release,,
219996702,2362868,NO,present,introduced,invasive,release: other intentional release,,
219996703,4286942,NO,present,introduced,invasive,escape: aquaculture/mariculture,,
219996704,3170823,NO,present,introduced,,escape: forestry (including reforestation),,
219996705,4286975,NO,present,introduced,invasive,release: fishery in the wild,,
219996706,2360803,NO,present,introduced,invasive,escape: live food and live bait,,
219996708,2362881,NO,present,introduced,,release: fishery in the wild,,
219996711,3169137,NO,present,introduced,,escape: botanic garden/zoo/aquaria (excluding domestic aquaria),2010,
219996712,2367936,NO,present,introduced,,escape: live food and live bait,,
219996713,3169169,NO,present,introduced,,release: release in nature,2009,
219996714,2367919,NO,present,introduced,invasive,escape: other escape from confinement,,
219996715,2368185,NO,present,introduced,,escape: live food and live bait,,
219996716,3794098,NO,present,introduced,,unaided: natural dispersal across borders of invasive alien organisms,,
219996717,2368222,NO,present,introduced,,release: other intentional release,,
219996718,3791072,NO,present,introduced,,escape: botanic garden/zoo/aquaria (excluding domestic aquaria),2005,
219996720,3169169,NO,present,introduced,,escape: botanic garden/zoo/aquaria (excluding domestic aquaria),2009,
219996721,2359014,NO,present,introduced,,escape: other escape from confinement,,
219996722,7433196,NO,present,introduced,,escape: ornamental purpose other than horticulture,,
219996723,4286868,NO,present,introduced,,release: other intentional release,,
219996724,7102937,NO,present,introduced,,escape: ornamental purpose other than horticulture,,
219996727,3169120,NO,present,introduced,,escape: botanic garden/zoo/aquaria (excluding domestic aquaria),,
219996728,3169120,NO,present,introduced,,escape: ornamental purpose other than horticulture,,
219996730,5579615,NO,present,introduced,,release: other intentional release,1993,
219996732,3169171,NO,present,introduced,,escape: ornamental purpose other than horticulture,2018,
219996734,3169131,NO,present,introduced,invasive,escape: ornamental purpose other than horticulture,1865,
219996735,3794098,NO,present,introduced,,escape: botanic garden/zoo/aquaria (excluding domestic aquaria),,
219996736,6159243,NO,present,introduced,,release: landscape improvement,,
219996737,3791072,NO,present,introduced,,escape: ornamental purpose other than horticulture,2005,
219996738,6159243,NO,present,introduced,,escape: pet/aquarium/terrarium species (including live food for such species),,
219996739,3169169,NO,present,introduced,,escape: ornamental purpose other than horticulture,2009,
219996740,3169171,NO,present,introduced,,escape: botanic garden/zoo/aquaria (excluding domestic aquaria),2018,
219996741,2469188,NO,present,introduced,,transport - stowaway: container/bulk,,
219996742,7433196,NO,present,introduced,,escape: botanic garden/zoo/aquaria (excluding domestic aquaria),,
219996743,2469188,NO,present,introduced,,release: landscape improvement,,
219996744,3169137,NO,present,introduced,,escape: ornamental purpose other than horticulture,2010,
219996745,6159223,NO,present,introduced,,release: landscape improvement,2010,
219996747,2469188,NO,present,introduced,,escape: pet/aquarium/terrarium species (including live food for such species),,
219996750,2888722,NO,present,introduced,,escape: horticulture,,
219996751,2458438,NO,present,introduced,,escape: pet/aquarium/terrarium species (including live food for such species),,
219996752,2888615,NO,present,introduced,invasive,escape: horticulture,1923,
219996753,2457575,NO,present,introduced,,unaided: natural dispersal across borders of invasive alien organisms,,
219996754,2458438,NO,present,introduced,,release: other intentional release,,
219996755,2888722,NO,present,introduced,,escape: ornamental purpose other than horticulture,,
219996756,2455615,NO,present,introduced,,escape: pet/aquarium/terrarium species (including live food for such species),,
219996757,6369599,NO,present,introduced,,escape: horticulture,,
219996758,2457575,NO,present,introduced,,release: other intentional release,,
219996759,2455615,NO,present,introduced,,escape: botanic garden/zoo/aquaria (excluding domestic aquaria),,
219996760,3856211,NO,present,introduced,,escape: ornamental purpose other than horticulture,,
219996761,2455615,NO,present,introduced,,release: other intentional release,,
219996762,3856211,NO,present,introduced,,escape: horticulture,,
219996764,2888625,NO,present,introduced,,escape: ornamental purpose other than horticulture,,
219996766,2888615,NO,present,introduced,invasive,escape: ornamental purpose other than horticulture,1923,
219996767,2356556,NO,present,introduced,,escape: live food and live bait,,
219996768,2888625,NO,present,introduced,,escape: horticulture,,
219996769,2356556,NO,present,introduced,,escape: pet/aquarium/terrarium species (including live food for such species),,
219996771,2356556,NO,present,introduced,,escape: aquaculture/mariculture,,
2888594,6369768,NO,present,introduced,,,1929,
219996774,2888723,NO,present,introduced,invasive,escape: ornamental purpose other than horticulture,1848,
219996776,3857225,NO,present,introduced,,escape: horticulture,,
219996777,5220318,NO,present,introduced,,release: other intentional release,,
219996778,3857198,NO,present,introduced,,escape: horticulture,,
219996779,5220318,NO,present,introduced,,escape: pet/aquarium/terrarium species (including live food for such species),,
219996780,3857198,NO,present,introduced,,escape: ornamental purpose other than horticulture,,
219996781,2441905,NO,present,introduced,,escape: pet/aquarium/terrarium species (including live food for such species),,
219996782,6369599,NO,present,introduced,,escape: ornamental purpose other than horticulture,,
219996784,2888723,NO,present,introduced,invasive,escape: horticulture,1848,
219996786,2443133,NO,present,introduced,,escape: pet/aquarium/terrarium species (including live food for such species),,
219996787,8909809,NO,present,introduced,,escape: pet/aquarium/terrarium species (including live food for such species),2005,
219996788,5334275,NO,present,introduced,,escape: horticulture,2007,
219996789,2443002,NO,present,introduced,,escape: pet/aquarium/terrarium species (including live food for such species),2008,
219996790,8909809,NO,present,introduced,,release: other intentional release,2005,
219996792,2443002,NO,present,introduced,,release: other intentional release,2008,
219996793,9228211,NO,present,introduced,,escape: pet/aquarium/terrarium species (including live food for such species),,
3151811,8696915,NO,present,introduced,,"transport - contaminant: transportation of habitat material (soil, vegetation, wood etc)",,
219996795,9228211,NO,present,introduced,,release: other intentional release,,
3151811,8696915,NO,present,introduced,,escape: ornamental purpose other than horticulture,,
3151811,8696915,NO,present,introduced,,escape: horticulture,,
219996799,7443846,NO,present,introduced,,transport - contaminant: seed contaminant,1875,
219996800,2442680,NO,present,introduced,,escape: pet/aquarium/terrarium species (including live food for such species),,
219996801,2888706,NO,present,introduced,,escape: ornamental purpose other than horticulture,1994,
219996802,7902463,NO,present,introduced,,unaided: natural dispersal across borders of invasive alien organisms,,
219996804,8435025,NO,present,introduced,,escape: ornamental purpose other than horticulture,,
219996806,5334253,NO,present,introduced,invasive,escape: ornamental purpose other than horticulture,1994,
219996809,2888797,NO,present,introduced,,escape: ornamental purpose other than horticulture,1937,
219996810,5200151,NO,present,introduced,,transport - stowaway: ship/boat ballast water,,
219996811,2888740,NO,present,introduced,,escape: ornamental purpose other than horticulture,2009,
219996812,5200151,NO,present,introduced,,"transport - contaminant: contaminant on animals (except parasites, organisms transported by host/vector)",,
219996813,7577557,NO,present,introduced,,corridors: interconnected waterways/basins/seas,,
219996814,5334275,NO,present,introduced,,escape: ornamental purpose other than horticulture,2007,
219996815,7577557,NO,present,introduced,,transport - stowaway: ship/boat hull fouling,,
219996816,2888706,NO,present,introduced,,escape: horticulture,1994,
219996817,5200151,NO,present,introduced,,transport - stowaway: ship/boat hull fouling,,
219996818,8435025,NO,present,introduced,,transport - contaminant: timber trade,,
219996819,5334240,NO,present,introduced,,escape: ornamental purpose other than horticulture,2014,
219996821,5334269,NO,present,introduced,invasive,escape: horticulture,,
219996822,4411190,NO,present,introduced,,transport - stowaway: ship/boat ballast water,,
219996823,7902463,NO,present,introduced,,escape: ornamental purpose other than horticulture,,
219996825,5334242,NO,present,introduced,invasive,escape: ornamental purpose other than horticulture,,
219996826,2328302,NO,present,introduced,,transport - stowaway: ship/boat ballast water,,
219996827,6369729,NO,present,introduced,,escape: ornamental purpose other than horticulture,,
219996828,2328293,NO,present,introduced,,transport - stowaway: ship/boat hull fouling,,
219996829,5334227,NO,present,introduced,invasive,escape: ornamental purpose other than horticulture,,
219996830,2327735,NO,present,introduced,,transport - stowaway: ship/boat hull fouling,,
219996831,5334268,NO,present,introduced,,escape: ornamental purpose other than horticulture,2016,
219996832,2328302,NO,present,introduced,,transport - stowaway: ship/boat hull fouling,,
219996833,2328293,NO,present,introduced,,corridors: interconnected waterways/basins/seas,,
219996834,7768870,NO,present,introduced,,escape: ornamental purpose other than horticulture,,
219996835,8435025,NO,present,introduced,,release: other intentional release,,
219996836,2328383,NO,present,introduced,,transport - stowaway: ship/boat hull fouling,,
219996837,5334239,NO,present,introduced,,unaided: natural dispersal across borders of invasive alien organisms,2001,
219996838,2328302,NO,present,introduced,,"transport - contaminant: contaminant on animals (except parasites, organisms transported by host/vector)",,
219996839,2888730,NO,present,introduced,,escape: ornamental purpose other than horticulture,1989,
219996840,2328302,NO,present,introduced,,transport - stowaway: angling/fishing equipment,,
219996841,2328383,NO,present,introduced,,transport - stowaway: angling/fishing equipment,,
219996842,5334228,NO,present,introduced,,escape: ornamental purpose other than horticulture,,
219996843,2327735,NO,present,introduced,,corridors: interconnected waterways/basins/seas,,
219996844,3151588,NO,present,introduced,,release: release in nature,1989,
219996845,2328383,NO,present,introduced,,transport - stowaway: ship/boat ballast water,,
219996846,5334239,NO,present,introduced,,escape: ornamental purpose other than horticulture,2001,
219996848,5598598,NO,present,introduced,,escape: ornamental purpose other than horticulture,2007,
219996849,8435025,NO,present,introduced,,transport - stowaway: hitchhikers on ship/boat (excluding ballast water and hull fouling),,
219996850,2320028,NO,present,introduced,,transport - stowaway: hitchhikers on ship/boat (excluding ballast water and hull fouling),,
3855595,8516764,NO,present,introduced,,escape: ornamental purpose other than horticulture,2015,
3855595,8516764,NO,present,introduced,,escape: horticulture,2015,
219996856,2316488,NO,present,introduced,,transport - stowaway: ship/boat ballast water,1968,
219996857,2888730,NO,present,introduced,,escape: horticulture,1989,
219996860,2321343,NO,present,introduced,invasive,unaided: natural dispersal across borders of invasive alien organisms,,
3151751,8486315,NO,present,introduced,,"transport - contaminant: transportation of habitat material (soil, vegetation, wood etc)",1914,
219996862,2320993,NO,present,introduced,,transport - stowaway: hitchhikers on ship/boat (excluding ballast water and hull fouling),,
3151751,8486315,NO,present,introduced,,escape: other escape from confinement,1914,
219996864,5197736,NO,present,introduced,,unaided: natural dispersal across borders of invasive alien organisms,2022,
219996865,7768870,NO,present,introduced,,unaided: natural dispersal across borders of invasive alien organisms,,
219996866,2320998,NO,present,introduced,,corridors: interconnected waterways/basins/seas,,
219996867,8012439,NO,present,introduced,invasive,escape: horticulture,1889,
219996868,2321011,NO,present,introduced,,transport - stowaway: ship/boat hull fouling,,
219996869,2321012,NO,present,introduced,invasive,unaided: natural dispersal across borders of invasive alien organisms,2008,
7301011,2888805,NO,present,introduced,,escape: ornamental purpose other than horticulture,,
219996872,2320993,NO,present,introduced,,transport - stowaway: other means of transport,,
7301011,2888805,NO,present,introduced,,escape: horticulture,,
219996874,2320998,NO,present,introduced,,transport - stowaway: ship/boat hull fouling,,
219996875,5334269,NO,present,introduced,invasive,"transport - stowaway: vehicles (car, train, etc.)",,
219996876,5334242,NO,present,introduced,invasive,unaided: natural dispersal across borders of invasive alien organisms,,
219996877,2320810,NO,present,introduced,,transport - stowaway: ship/boat hull fouling,,
219996878,7443846,NO,present,introduced,,release: other intentional release,1875,
219996879,2320810,NO,present,introduced,,transport - stowaway: other means of transport,,
219996880,5334242,NO,present,introduced,invasive,transport - contaminant: timber trade,,
219996881,2320810,NO,present,introduced,,unaided: natural dispersal across borders of invasive alien organisms,,
219996882,5197736,NO,present,introduced,,transport - contaminant: parasites on animals (including organisms transported by host and vector),2022,
219996883,5334269,NO,present,introduced,invasive,escape: ornamental purpose other than horticulture,,
219996884,5334268,NO,present,introduced,,unaided: natural dispersal across borders of invasive alien organisms,2016,
219996885,2320998,NO,present,introduced,,transport - stowaway: other means of transport,,
219996886,2320993,NO,present,introduced,,transport - stowaway: ship/boat ballast water,,
219996887,8435025,NO,present,introduced,,transport - contaminant: seed contaminant,,
219996888,2321343,NO,present,introduced,invasive,corridors: interconnected waterways/basins/seas,,
219996889,8012439,NO,present,introduced,invasive,escape: ornamental purpose other than horticulture,1889,
219996890,2321010,NO,present,introduced,,unaided: natural dispersal across borders of invasive alien organisms,,
219996891,7272588,NO,present,introduced,,escape: ornamental purpose other than horticulture,2002,
219996892,2321012,NO,present,introduced,invasive,transport - stowaway: ship/boat ballast water,2008,
219996894,2321343,NO,present,introduced,invasive,transport - stowaway: ship/boat hull fouling,,
219996897,7322516,NO,present,introduced,,unaided: natural dispersal across borders of invasive alien organisms,1880,
219996898,6428443,NO,present,introduced,invasive,transport - contaminant: contaminated bait,1927,
219996899,5199161,NO,present,introduced,,corridors: interconnected waterways/basins/seas,,
219996900,5938224,NO,present,introduced,,escape: botanic garden/zoo/aquaria (excluding domestic aquaria),,
219996901,5199161,NO,present,introduced,,transport - stowaway: ship/boat ballast water,,
219996902,7322563,NO,present,introduced,,"transport - contaminant: contaminant on plants (except parasites, species transported by host/vector)",1879,
219996903,5199161,NO,present,introduced,,transport - stowaway: other means of transport,,
219996904,3664287,NO,present,introduced,,"transport - stowaway: vehicles (car, train, etc.)",1932,
219996906,7095758,NO,present,introduced,invasive,transport - contaminant: seed contaminant,1869,
219996908,6428443,NO,present,introduced,invasive,transport - contaminant: seed contaminant,1927,
219996910,7095758,NO,present,introduced,invasive,"transport - contaminant: contaminant on plants (except parasites, species transported by host/vector)",1869,
219996912,7095758,NO,present,introduced,invasive,"transport - contaminant: transportation of habitat material (soil, vegetation, wood etc)",1869,
219996913,5938224,NO,present,introduced,,escape: ornamental purpose other than horticulture,,
7893065,4410889,NO,present,introduced,,"transport - contaminant: transportation of habitat material (soil, vegetation, wood etc)",,
219996915,3188924,NO,present,introduced,,transport - contaminant: seed contaminant,,
7893065,4410889,NO,present,introduced,,transport - stowaway: hitchhikers on ship/boat (excluding ballast water and hull fouling),,
219996917,7322516,NO,present,introduced,,transport - contaminant: timber trade,1880,
3188924,8368947,NO,present,introduced,,transport - contaminant: seed contaminant,,
8941475,6135528,NO,present,introduced,,transport - contaminant: parasites on plants (including species transported by host and vector),,
219996922,7095758,NO,present,introduced,invasive,"transport - stowaway: vehicles (car, train, etc.)",1869,
219996923,7322764,NO,present,introduced,,"transport - contaminant: contaminant on plants (except parasites, species transported by host/vector)",1931,
8941475,6135528,NO,present,introduced,,transport - stowaway: hitchhikers on ship/boat (excluding ballast water and hull fouling),,
219996925,7322563,NO,present,introduced,,transport - stowaway: hitchhikers on ship/boat (excluding ballast water and hull fouling),1879,
219996926,5421039,NO,present,introduced,,escape: aquaculture/mariculture,,
219996928,3188786,NO,present,introduced,,escape: botanic garden/zoo/aquaria (excluding domestic aquaria),,
219996929,9225458,NO,present,introduced,invasive,transport - stowaway: hitchhikers on ship/boat (excluding ballast water and hull fouling),,
219996930,2307610,NO,present,introduced,,transport - contaminant: parasites on plants (including species transported by host and vector),,
219996932,9225458,NO,present,introduced,invasive,"transport - contaminant: transportation of habitat material (soil, vegetation, wood etc)",,
3188884,7322738,NO,present,introduced,,"transport - stowaway: vehicles (car, train, etc.)",1883,
219996934,2307610,NO,present,introduced,,transport - stowaway: hitchhikers on ship/boat (excluding ballast water and hull fouling),,
3188884,7322738,NO,present,introduced,,transport - contaminant: seed contaminant,1883,
219996937,3664287,NO,present,introduced,,transport - contaminant: timber trade,1932,
219996938,3188786,NO,present,introduced,,escape: horticulture,,
219996941,2308541,NO,present,introduced,,transport - stowaway: ship/boat ballast water,,
3188924,8368947,NO,present,introduced,,"transport - stowaway: vehicles (car, train, etc.)",,
219996943,2308574,NO,present,introduced,,escape: other escape from confinement,,
6427623,6428493,NO,present,introduced,,"transport - stowaway: vehicles (car, train, etc.)",1920,
6427623,6428493,NO,present,introduced,,transport - stowaway: hitchhikers on ship/boat (excluding ballast water and hull fouling),1920,
6427623,6428493,NO,present,introduced,,transport - contaminant: seed contaminant,1920,
6427623,6427797,NO,present,introduced,,"transport - stowaway: vehicles (car, train, etc.)",1895,
6427623,6427797,NO,present,introduced,,transport - contaminant: seed contaminant,1895,
219996954,6428443,NO,present,introduced,invasive,"transport - contaminant: transportation of habitat material (soil, vegetation, wood etc)",1927,
219996955,7322563,NO,present,introduced,,"transport - contaminant: transportation of habitat material (soil, vegetation, wood etc)",1879,
219996956,5233152,NO,present,introduced,,unaided: natural dispersal across borders of invasive alien organisms,,
219996957,5421039,NO,present,introduced,,unaided: natural dispersal across borders of invasive alien organisms,,
219996958,7322764,NO,present,introduced,,"transport - contaminant: transportation of habitat material (soil, vegetation, wood etc)",1931,
219996960,7915783,NO,present,introduced,,escape: horticulture,1998,
219996962,3188904,NO,present,introduced,,escape: ornamental purpose other than horticulture,,
219996963,3188924,NO,present,introduced,,transport - stowaway: hitchhikers on ship/boat (excluding ballast water and hull fouling),,
219996965,7915783,NO,present,introduced,,escape: ornamental purpose other than horticulture,1998,
219996966,3188894,NO,present,introduced,,escape: horticulture,2000,
219996967,2501248,NO,present,introduced,invasive,transport - stowaway: ship/boat ballast water,2005,
219996968,3188894,NO,present,introduced,,escape: ornamental purpose other than horticulture,2000,
219996969,7095758,NO,present,introduced,invasive,transport - stowaway: hitchhikers on ship/boat (excluding ballast water and hull fouling),1869,
219996970,2501248,NO,present,introduced,invasive,unaided: natural dispersal across borders of invasive alien organisms,2005,
219996971,6428443,NO,present,introduced,invasive,"transport - contaminant: contaminant on plants (except parasites, species transported by host/vector)",1927,
219996974,3188924,NO,present,introduced,,transport - stowaway: other means of transport,,
219996975,5420991,NO,present,introduced,,escape: aquaculture/mariculture,,
219996979,3188757,NO,present,introduced,,escape: horticulture,,
219996981,3188757,NO,present,introduced,,escape: aquaculture/mariculture,,
219996982,4283395,NO,present,introduced,,transport - stowaway: ship/boat hull fouling,1996,
219996983,3188735,NO,present,introduced,,escape: ornamental purpose other than horticulture,1940,
219996987,5711881,NO,present,introduced,,transport - contaminant: parasites on animals (including organisms transported by host and vector),,
219996988,3152365,NO,present,introduced,,escape: ornamental purpose other than horticulture,1840,
219996990,3152560,NO,present,introduced,,"transport - contaminant: transportation of habitat material (soil, vegetation, wood etc)",1875,
219996992,3152372,NO,present,introduced,,transport - stowaway: hitchhikers on ship/boat (excluding ballast water and hull fouling),1842,
219996993,5184825,NO,present,introduced,,"transport - contaminant: contaminant on animals (except parasites, organisms transported by host/vector)",,
219996994,3152365,NO,present,introduced,,unaided: natural dispersal across borders of invasive alien organisms,1840,
219996995,5184825,NO,present,introduced,,corridors: interconnected waterways/basins/seas,,
219996996,3152560,NO,present,introduced,,transport - contaminant: seed contaminant,1875,
219996997,5184825,NO,present,introduced,,transport - stowaway: ship/boat hull fouling,,
219996999,3152048,NO,present,introduced,invasive,escape: horticulture,1880,
219997001,3152365,NO,present,introduced,,unaided: natural dispersal across borders of invasive alien organisms,1840,
219997002,3152377,NO,present,introduced,,escape: ornamental purpose other than horticulture,1881,
219997004,3152048,NO,present,introduced,invasive,escape: ornamental purpose other than horticulture,1880,
219997005,2264668,NO,present,introduced,,transport - stowaway: ship/boat hull fouling,,
219997006,3152560,NO,present,introduced,,transport - stowaway: hitchhikers on ship/boat (excluding ballast water and hull fouling),1875,
219997007,3152372,NO,present,introduced,,transport - contaminant: seed contaminant,1842,
219997008,2264668,NO,present,introduced,,transport - stowaway: ship/boat ballast water,,
219997009,3152377,NO,present,introduced,,escape: horticulture,1881,
219997010,2264668,NO,present,introduced,,unaided: natural dispersal across borders of invasive alien organisms,,
219997011,3152365,NO,present,introduced,,release: release in nature,1840,
219997012,2264668,NO,present,introduced,,"transport - contaminant: contaminant on animals (except parasites, organisms transported by host/vector)",,
219997013,5406789,NO,present,introduced,,escape: ornamental purpose other than horticulture,1937,
219997017,5420853,NO,present,introduced,,escape: horticulture,,
219997018,5420853,NO,present,introduced,,escape: botanic garden/zoo/aquaria (excluding domestic aquaria),,
219997021,2264597,NO,present,introduced,,transport - stowaway: ship/boat hull fouling,,
219997023,7138865,NO,present,introduced,,escape: ornamental purpose other than horticulture,,
219997024,2264597,NO,present,introduced,,unaided: natural dispersal across borders of invasive alien organisms,,
219997025,3033865,NO,present,introduced,invasive,escape: ornamental purpose other than horticulture,1924,
219997027,4938160,NO,present,introduced,,escape: horticulture,,
219997029,4938160,NO,present,introduced,,escape: ornamental purpose other than horticulture,,
219997031,3982320,NO,present,introduced,,escape: ornamental purpose other than horticulture,,
219997032,2266754,NO,present,introduced,invasive,"transport - contaminant: contaminant on animals (except parasites, organisms transported by host/vector)",1921,
219997033,3981040,NO,present,introduced,,escape: ornamental purpose other than horticulture,1989,
219997034,3033896,NO,present,introduced,invasive,unaided: natural dispersal across borders of invasive alien organisms,1967,
219997035,4408321,NO,present,introduced,invasive,transport - contaminant: contaminant nursery material,2021,
219997036,3033896,NO,present,introduced,invasive,escape: ornamental purpose other than horticulture,1967,
219997037,2266754,NO,present,introduced,invasive,transport - stowaway: ship/boat ballast water,1921,
219997038,3033896,NO,present,introduced,invasive,escape: horticulture,1967,
219997039,4408321,NO,present,introduced,invasive,transport - stowaway: other means of transport,2021,
219997040,2266754,NO,present,introduced,invasive,transport - stowaway: ship/boat hull fouling,1921,
219997041,3982320,NO,present,introduced,,escape: botanic garden/zoo/aquaria (excluding domestic aquaria),,
219997042,2266754,NO,present,introduced,invasive,unaided: natural dispersal across borders of invasive alien organisms,1921,
219997043,3981543,NO,present,introduced,,escape: ornamental purpose other than horticulture,1889,
219997045,3982320,NO,present,introduced,,escape: horticulture,,
219997047,3033905,NO,present,introduced,,escape: ornamental purpose other than horticulture,,
219997048,2268682,NO,present,introduced,,unaided: natural dispersal across borders of invasive alien organisms,,
219997049,3033905,NO,present,introduced,,escape: other escape from confinement,,
219997050,2268682,NO,present,introduced,,transport - stowaway: ship/boat hull fouling,,
219997051,5371716,NO,present,introduced,,escape: horticulture,,
219997052,3033898,NO,present,introduced,,escape: ornamental purpose other than horticulture,2011,
219997054,5371716,NO,present,introduced,,escape: ornamental purpose other than horticulture,,
219997056,7695021,NO,present,introduced,,escape: ornamental purpose other than horticulture,,
219997058,2266009,NO,present,introduced,,corridors: interconnected waterways/basins/seas,1978,
219997059,3927846,NO,present,introduced,,escape: ornamental purpose other than horticulture,2007,
219997060,2266009,NO,present,introduced,,transport - stowaway: ship/boat hull fouling,1978,
219997061,3033665,NO,present,introduced,invasive,escape: ornamental purpose other than horticulture,,
219997062,2266009,NO,present,introduced,,unaided: natural dispersal across borders of invasive alien organisms,1978,
219997063,7277286,NO,present,introduced,,escape: horticulture,,
219997065,6180498,NO,present,introduced,,corridors: interconnected waterways/basins/seas,2018,
219997066,6374790,NO,present,introduced,,escape: ornamental purpose other than horticulture,2021,
219997067,6180498,NO,present,introduced,,transport - stowaway: other means of transport,2018,
219997068,8007875,NO,present,introduced,,transport - contaminant: seed contaminant,2003,
219997069,2266593,NO,present,introduced,,unaided: natural dispersal across borders of invasive alien organisms,,
219997070,3033558,NO,present,introduced,,escape: horticulture,1918,
219997071,2266593,NO,present,introduced,,transport - stowaway: ship/boat hull fouling,,
219997072,2266546,NO,present,introduced,,transport - stowaway: ship/boat hull fouling,,
219997073,3033535,NO,present,introduced,,escape: ornamental purpose other than horticulture,,
219997074,6180498,NO,present,introduced,,transport - stowaway: ship/boat hull fouling,2018,
219997075,3033535,NO,present,introduced,,escape: horticulture,,
219997077,3928139,NO,present,introduced,,escape: ornamental purpose other than horticulture,,
219997082,5963673,NO,present,introduced,invasive,"transport - contaminant: contaminant on animals (except parasites, organisms transported by host/vector)",,
3925307,3923204,NO,present,introduced,,escape: ornamental purpose other than horticulture,1993,
219997084,5963673,NO,present,introduced,invasive,transport - stowaway: ship/boat hull fouling,,
3925307,3923204,NO,present,introduced,,release: other intentional release,1993,
219997087,3033546,NO,present,introduced,,escape: ornamental purpose other than horticulture,,
219997089,3033621,NO,present,introduced,,escape: ornamental purpose other than horticulture,1991,
219997091,3033443,NO,present,introduced,,transport - stowaway: hitchhikers on ship/boat (excluding ballast water and hull fouling),,
219997093,4559541,NO,present,introduced,invasive,transport - contaminant: parasites on plants (including species transported by host and vector),,
219997094,3033621,NO,present,introduced,,escape: horticulture,1991,
219997096,3033599,NO,present,introduced,invasive,escape: horticulture,,
219997098,3033757,NO,present,introduced,,escape: ornamental purpose other than horticulture,1862,
219997099,5189038,NO,present,introduced,,transport - stowaway: ship/boat ballast water,,
219997100,3033518,NO,present,introduced,,escape: ornamental purpose other than horticulture,1966,
219997101,5189038,NO,present,introduced,,unaided: natural dispersal across borders of invasive alien organisms,,
219997102,3923169,NO,present,introduced,,escape: horticulture,2003,
219997104,7278040,NO,present,introduced,,escape: horticulture,,
219997106,7278040,NO,present,introduced,,escape: ornamental purpose other than horticulture,,
219997107,3033558,NO,present,introduced,,escape: ornamental purpose other than horticulture,1918,
219997108,8190231,NO,present,introduced,invasive,escape: pet/aquarium/terrarium species (including live food for such species),,
219997109,7826351,NO,present,introduced,,transport - contaminant: seed contaminant,,
219997110,8190231,NO,present,introduced,invasive,release: other intentional release,,
219997111,3033543,NO,present,introduced,,escape: ornamental purpose other than horticulture,1927,
219997112,5189032,NO,present,introduced,invasive,corridors: interconnected waterways/basins/seas,,
219997113,7819894,NO,present,introduced,,escape: other escape from confinement,1993,
219997114,8190231,NO,present,introduced,invasive,transport - stowaway: ship/boat ballast water,,
219997115,3033518,NO,present,introduced,,escape: horticulture,1966,
219997116,5189032,NO,present,introduced,invasive,release: other intentional release,,
219997117,3033242,NO,present,introduced,,escape: ornamental purpose other than horticulture,,
219997118,5189032,NO,present,introduced,invasive,transport - stowaway: ship/boat ballast water,,
219997119,5189032,NO,present,introduced,invasive,escape: pet/aquarium/terrarium species (including live food for such species),,
219997120,7967494,NO,present,introduced,,escape: horticulture,,
219997122,3033558,NO,present,introduced,,escape: botanic garden/zoo/aquaria (excluding domestic aquaria),1918,
219997123,4372070,NO,present,introduced,,transport - stowaway: ship/boat hull fouling,,
219997124,3922888,NO,present,introduced,,escape: ornamental purpose other than horticulture,,
219997126,7277286,NO,present,introduced,,escape: ornamental purpose other than horticulture,,
219997127,5188971,NO,present,introduced,,unaided: natural dispersal across borders of invasive alien organisms,2022,
219997128,6375637,NO,present,introduced,,escape: ornamental purpose other than horticulture,1947,
219997129,2286388,NO,present,introduced,,transport - stowaway: ship/boat ballast water,,
219997130,5188971,NO,present,introduced,,transport - stowaway: ship/boat hull fouling,2022,
219997131,6375637,NO,present,introduced,,escape: botanic garden/zoo/aquaria (excluding domestic aquaria),1947,
219997132,5371704,NO,present,introduced,,escape: ornamental purpose other than horticulture,,
219997133,5188971,NO,present,introduced,,transport - stowaway: hitchhikers on ship/boat (excluding ballast water and hull fouling),2022,
219997134,5188971,NO,present,introduced,,transport - stowaway: ship/boat ballast water,2022,
219997135,3927746,NO,present,introduced,,escape: ornamental purpose other than horticulture,,
219997136,2286388,NO,present,introduced,,unaided: natural dispersal across borders of invasive alien organisms,,
219997137,2286388,NO,present,introduced,,transport - stowaway: ship/boat hull fouling,,
219997138,6376340,NO,present,introduced,,escape: horticulture,,
219997140,3033599,NO,present,introduced,invasive,escape: ornamental purpose other than horticulture,,
219997141,2287668,NO,present,introduced,,unaided: natural dispersal across borders of invasive alien organisms,,
219997142,7967494,NO,present,introduced,,escape: ornamental purpose other than horticulture,,
219997143,4372686,NO,present,introduced,,unaided: natural dispersal across borders of invasive alien organisms,1988,
219997144,3033757,NO,present,introduced,,transport - contaminant: contaminated bait,1862,
219997145,4372686,NO,present,introduced,,release: release in nature,1988,
219997146,3033227,NO,present,introduced,,escape: botanic garden/zoo/aquaria (excluding domestic aquaria),,
219997148,3033227,NO,present,introduced,,escape: ornamental purpose other than horticulture,,
219997150,3033665,NO,present,introduced,invasive,escape: horticulture,,
219997151,3928139,NO,present,introduced,,escape: horticulture,,
219997152,4373260,NO,present,introduced,,unaided: natural dispersal across borders of invasive alien organisms,,
219997154,4373260,NO,present,introduced,,transport - stowaway: ship/boat ballast water,,
9419395,8301530,NO,present,introduced,,escape: ornamental purpose other than horticulture,,
219997158,6375637,NO,present,introduced,,escape: horticulture,1947,
219997159,8485639,NO,present,introduced,,unaided: natural dispersal across borders of invasive alien organisms,1989,
219997160,7826351,NO,present,introduced,,transport - contaminant: timber trade,,
219997164,6531311,NO,present,introduced,invasive,transport - stowaway: other means of transport,,
219997165,3033965,NO,present,introduced,,escape: botanic garden/zoo/aquaria (excluding domestic aquaria),,
219997166,6531311,NO,present,introduced,invasive,transport - stowaway: ship/boat hull fouling,,
219997167,5729682,NO,present,introduced,invasive,transport - stowaway: ship/boat hull fouling,,
219997168,3033965,NO,present,introduced,,escape: ornamental purpose other than horticulture,,
219997169,4374596,NO,present,introduced,,transport - stowaway: ship/boat hull fouling,,
219997171,4374572,NO,present,introduced,,transport - stowaway: hitchhikers on ship/boat (excluding ballast water and hull fouling),,
219997172,5334194,NO,present,introduced,,unaided: natural dispersal across borders of invasive alien organisms,,
219997173,5188827,NO,present,introduced,invasive,transport - stowaway: ship/boat hull fouling,,
219997174,2888380,NO,present,introduced,,transport - contaminant: seed contaminant,1891,
219997177,2888435,NO,present,introduced,,escape: ornamental purpose other than horticulture,1996,
219997179,7314930,NO,present,introduced,,transport - contaminant: food contaminant (including of live food),1843,
7820753,2286069,NO,present,introduced,invasive,escape: aquaculture/mariculture,1980,
7820753,2286069,NO,present,introduced,invasive,release: release in nature,1980,
219997182,2888513,NO,present,introduced,,escape: ornamental purpose other than horticulture,,
7820753,2286069,NO,present,introduced,invasive,transport - stowaway: ship/boat hull fouling,1980,
219997184,5334194,NO,present,introduced,,escape: ornamental purpose other than horticulture,,
7820753,2286069,NO,present,introduced,invasive,release: other intentional release,1980,
7820753,2286069,NO,present,introduced,invasive,unaided: natural dispersal across borders of invasive alien organisms,1980,
219997187,7314930,NO,present,introduced,,transport - stowaway: ship/boat ballast water,1843,
219997188,4373340,NO,present,introduced,invasive,transport - stowaway: ship/boat hull fouling,,
219997189,2888553,NO,present,introduced,,escape: ornamental purpose other than horticulture,1930,
219997190,2286079,NO,present,introduced,invasive,release: release in nature,,
219997191,8342911,NO,present,introduced,,escape: ornamental purpose other than horticulture,,
219997192,2286079,NO,present,introduced,invasive,transport - stowaway: hitchhikers on ship/boat (excluding ballast water and hull fouling),,
219997193,7315269,NO,present,introduced,,escape: botanic garden/zoo/aquaria (excluding domestic aquaria),,
219997195,2888456,NO,present,introduced,,escape: botanic garden/zoo/aquaria (excluding domestic aquaria),,
219997196,2285338,NO,present,introduced,invasive,unaided: natural dispersal across borders of invasive alien organisms,,
219997197,2285338,NO,present,introduced,invasive,transport - stowaway: hitchhikers on ship/boat (excluding ballast water and hull fouling),,
219997198,5531529,NO,present,introduced,,escape: ornamental purpose other than horticulture,1990,
219997200,7315072,NO,present,introduced,,escape: ornamental purpose other than horticulture,1979,
219997202,5189109,NO,present,introduced,,transport - stowaway: ship/boat ballast water,,
219997203,5531997,NO,present,introduced,,escape: botanic garden/zoo/aquaria (excluding domestic aquaria),1900,
219997204,2287073,NO,present,introduced,invasive,corridors: interconnected waterways/basins/seas,,
219997205,2287076,NO,present,introduced,invasive,unaided: natural dispersal across borders of invasive alien organisms,,
219997206,2888522,NO,present,introduced,,transport - stowaway: other means of transport,1905,
219997207,2287072,NO,present,introduced,invasive,escape: pet/aquarium/terrarium species (including live food for such species),,
219997208,5531529,NO,present,introduced,,escape: botanic garden/zoo/aquaria (excluding domestic aquaria),1990,
219997209,2287072,NO,present,introduced,invasive,transport - contaminant: contaminated bait,,
219997210,7315072,NO,present,introduced,,escape: horticulture,1979,
219997211,2287073,NO,present,introduced,invasive,transport - stowaway: ship/boat hull fouling,,
219997212,2287072,NO,present,introduced,invasive,transport - stowaway: ship/boat hull fouling,,
219997213,2888458,NO,present,introduced,,escape: ornamental purpose other than horticulture,1902,
219997214,2287076,NO,present,introduced,invasive,transport - stowaway: ship/boat ballast water,,
219997215,5189109,NO,present,introduced,,corridors: interconnected waterways/basins/seas,,
219997216,2888564,NO,present,introduced,,escape: ornamental purpose other than horticulture,1924,
219997217,2287072,NO,present,introduced,invasive,transport - stowaway: ship/boat ballast water,,
219997218,5189109,NO,present,introduced,,transport - stowaway: ship/boat hull fouling,,
219997219,5334208,NO,present,introduced,invasive,escape: botanic garden/zoo/aquaria (excluding domestic aquaria),1857,
219997220,2287073,NO,present,introduced,invasive,escape: pet/aquarium/terrarium species (including live food for such species),,
219997221,2287076,NO,present,introduced,invasive,transport - stowaway: ship/boat hull fouling,,
219997222,2888513,NO,present,introduced,,escape: horticulture,,
219997223,2287073,NO,present,introduced,invasive,transport - stowaway: ship/boat ballast water,,
219997224,2287072,NO,present,introduced,invasive,corridors: interconnected waterways/basins/seas,,
219997225,5334208,NO,present,introduced,invasive,escape: ornamental purpose other than horticulture,1857,
219997227,5531941,NO,present,introduced,,escape: horticulture,1985,
219997228,2288926,NO,present,introduced,invasive,transport - stowaway: ship/boat ballast water,,
219997229,2888443,NO,present,introduced,,escape: ornamental purpose other than horticulture,1866,
219997231,5531997,NO,present,introduced,,escape: ornamental purpose other than horticulture,1900,
219997233,3602683,NO,present,introduced,,escape: other escape from confinement,,
219997234,2888522,NO,present,introduced,,escape: ornamental purpose other than horticulture,1905,
219997235,5189745,NO,present,introduced,,release: other intentional release,,
219997236,7314930,NO,present,introduced,,transport - contaminant: seed contaminant,1843,
219997237,5189745,NO,present,introduced,,escape: pet/aquarium/terrarium species (including live food for such species),,
219997238,7315072,NO,present,introduced,,escape: other escape from confinement,1979,
219997239,2290996,NO,present,introduced,,"transport - contaminant: contaminant on plants (except parasites, species transported by host/vector)",,
219997240,2290996,NO,present,introduced,,escape: pet/aquarium/terrarium species (including live food for such species),,
219997241,5531213,NO,present,introduced,,escape: botanic garden/zoo/aquaria (excluding domestic aquaria),1990,
219997242,2290946,NO,present,introduced,,escape: pet/aquarium/terrarium species (including live food for such species),1890,
219997243,2888380,NO,present,introduced,,escape: ornamental purpose other than horticulture,1891,
219997244,9520065,NO,present,introduced,,release: other intentional release,,
219997245,3602683,NO,present,introduced,,escape: ornamental purpose other than horticulture,,
219997246,9520065,NO,present,introduced,,escape: pet/aquarium/terrarium species (including live food for such species),,
219997247,2888380,NO,present,introduced,,transport - stowaway: ship/boat ballast water,1891,
219997248,2290946,NO,present,introduced,,release: other intentional release,1890,
219997250,5189713,NO,present,introduced,,escape: other escape from confinement,,
219997254,2891583,NO,present,introduced,,transport - contaminant: seed contaminant,,
219997256,7827743,NO,present,introduced,,transport - stowaway: other means of transport,,
219997257,2891583,NO,present,introduced,,transport - stowaway: other means of transport,,
219997258,2889980,NO,present,introduced,,escape: ornamental purpose other than horticulture,1960,
219997260,2891596,NO,present,introduced,,escape: horticulture,,
219997262,2891390,NO,present,introduced,invasive,escape: horticulture,1864,
219997263,5777912,NO,present,introduced,invasive,transport - contaminant: contaminant nursery material,,
219997264,2890502,NO,present,introduced,,escape: horticulture,1999,
219997265,5777912,NO,present,introduced,invasive,escape: botanic garden/zoo/aquaria (excluding domestic aquaria),,
219997266,2891596,NO,present,introduced,,escape: ornamental purpose other than horticulture,,
219997267,2891390,NO,present,introduced,invasive,release: other intentional release,1864,
219997269,2890122,NO,present,introduced,,transport - contaminant: seed contaminant,,
219997270,2890287,NO,present,introduced,,escape: botanic garden/zoo/aquaria (excluding domestic aquaria),,
219997271,2299854,NO,present,introduced,,release: other intentional release,1840,
219997272,2889980,NO,present,introduced,,escape: horticulture,1960,
219997273,2891390,NO,present,introduced,invasive,escape: ornamental purpose other than horticulture,1864,
219997275,2891583,NO,present,introduced,,escape: botanic garden/zoo/aquaria (excluding domestic aquaria),,
219997276,2891583,NO,present,introduced,,transport - contaminant: other means of contamination,,
219997277,2891079,NO,present,introduced,,escape: horticulture,,
219997278,4963626,NO,present,introduced,,transport - stowaway: ship/boat hull fouling,,
219997279,2890287,NO,present,introduced,,escape: ornamental purpose other than horticulture,,
219997280,4963626,NO,present,introduced,,transport - stowaway: ship/boat ballast water,,
219997281,2890122,NO,present,introduced,,"transport - contaminant: transportation of habitat material (soil, vegetation, wood etc)",,
219997283,2891079,NO,present,introduced,,escape: ornamental purpose other than horticulture,,
219997284,5192470,NO,present,introduced,invasive,transport - stowaway: ship/boat ballast water,,
219997285,2890502,NO,present,introduced,,escape: ornamental purpose other than horticulture,1999,
219997286,5192470,NO,present,introduced,invasive,transport - stowaway: people and their luggage/equipment (in particular tourism),,
219997287,2890536,NO,present,introduced,,transport - contaminant: timber trade,1915,
219997288,5192470,NO,present,introduced,invasive,transport - stowaway: angling/fishing equipment,,
219997290,5192470,NO,present,introduced,invasive,unaided: natural dispersal across borders of invasive alien organisms,,
219997293,3169708,NO,present,introduced,,escape: ornamental purpose other than horticulture,,
219997294,5192789,NO,present,introduced,invasive,unaided: natural dispersal across borders of invasive alien organisms,1961,
219997295,5192789,NO,present,introduced,invasive,transport - stowaway: ship/boat hull fouling,1961,
219997296,3170247,NO,present,introduced,,escape: ornamental purpose other than horticulture,,
219997297,5192786,NO,present,introduced,,transport - stowaway: ship/boat hull fouling,,
219997298,3169707,NO,present,introduced,invasive,escape: horticulture,,
219997299,3169707,NO,present,introduced,invasive,"transport - stowaway: vehicles (car, train, etc.)",,
219997300,3169707,NO,present,introduced,invasive,escape: ornamental purpose other than horticulture,,
219997301,5192789,NO,present,introduced,invasive,corridors: interconnected waterways/basins/seas,1961,
219997302,3169708,NO,present,introduced,,escape: horticulture,,
219997303,5192789,NO,present,introduced,invasive,transport - stowaway: ship/boat ballast water,1961,
219997304,5414550,NO,present,introduced,invasive,transport - stowaway: hitchhikers on ship/boat (excluding ballast water and hull fouling),,
219997305,5414550,NO,present,introduced,invasive,escape: horticulture,,
219997306,5192786,NO,present,introduced,,unaided: natural dispersal across borders of invasive alien organisms,,
219997309,9039392,NO,present,introduced,,transport - contaminant: seed contaminant,1892,
219997311,9121716,NO,present,introduced,,transport - contaminant: seed contaminant,1902,
219997312,5338920,NO,present,introduced,,"transport - contaminant: contaminant on plants (except parasites, species transported by host/vector)",2002,
219997313,4564228,NO,present,introduced,,transport - stowaway: container/bulk,,
219997314,9039392,NO,present,introduced,,transport - stowaway: hitchhikers on ship/boat (excluding ballast water and hull fouling),1892,
219997315,4564228,NO,present,introduced,,"transport - contaminant: transportation of habitat material (soil, vegetation, wood etc)",,
219997316,5858758,NO,present,introduced,,unaided: natural dispersal across borders of invasive alien organisms,,
219997317,9121716,NO,present,introduced,,release: landscape improvement,1902,
219997319,9039392,NO,present,introduced,,transport - contaminant: timber trade,1892,
219997320,9039392,NO,present,introduced,,"transport - stowaway: vehicles (car, train, etc.)",1892,
2294275,9291405,NO,present,introduced,,transport - contaminant: contaminant nursery material,,
2294275,9291405,NO,present,introduced,,transport - stowaway: container/bulk,,
219997325,2294287,NO,present,introduced,invasive,escape: live food and live bait,,
219997326,2294277,NO,present,introduced,invasive,transport - stowaway: container/bulk,,
219997327,2882404,NO,present,introduced,,escape: botanic garden/zoo/aquaria (excluding domestic aquaria),,
219997328,2294280,NO,present,introduced,,transport - stowaway: container/bulk,1850,
219997329,2882404,NO,present,introduced,,escape: pet/aquarium/terrarium species (including live food for such species),,
219997330,2294280,NO,present,introduced,,transport - contaminant: contaminant nursery material,1850,
219997332,5858758,NO,present,introduced,,transport - stowaway: container/bulk,,
219997333,2294277,NO,present,introduced,invasive,transport - contaminant: contaminant nursery material,,
219997335,5858758,NO,present,introduced,,transport - contaminant: contaminant nursery material,,
219997336,3190653,NO,present,introduced,,escape: botanic garden/zoo/aquaria (excluding domestic aquaria),,
219997337,2294287,NO,present,introduced,invasive,transport - stowaway: container/bulk,,
219997338,2294287,NO,present,introduced,invasive,transport - contaminant: contaminant nursery material,,
219997339,3190653,NO,present,introduced,,escape: ornamental purpose other than horticulture,,
219997342,4567717,NO,present,introduced,,"transport - contaminant: transportation of habitat material (soil, vegetation, wood etc)",1998,
219997343,3190154,NO,present,introduced,,escape: botanic garden/zoo/aquaria (excluding domestic aquaria),1993,
219997344,4567717,NO,present,introduced,,transport - stowaway: container/bulk,1998,
219997345,3190154,NO,present,introduced,,escape: ornamental purpose other than horticulture,1993,
219997346,3190154,NO,present,introduced,,release: release in nature,1993,
219997349,5191102,NO,present,introduced,,transport - contaminant: contaminant nursery material,,
219997350,3189815,NO,present,introduced,invasive,escape: ornamental purpose other than horticulture,1862,
219997351,9758298,NO,present,introduced,,transport - stowaway: container/bulk,2022,
219997352,3189883,NO,present,introduced,,escape: botanic garden/zoo/aquaria (excluding domestic aquaria),,
219997353,9758298,NO,present,introduced,,transport - contaminant: contaminant nursery material,2022,
219997354,5191102,NO,present,introduced,,transport - stowaway: container/bulk,,
219997355,4565039,NO,present,introduced,,transport - stowaway: container/bulk,,
219997356,3189859,NO,present,introduced,,escape: ornamental purpose other than horticulture,,
219997357,3189866,NO,present,introduced,,escape: botanic garden/zoo/aquaria (excluding domestic aquaria),1946,
219997359,2295425,NO,present,introduced,,transport - stowaway: container/bulk,1967,
219997360,3189870,NO,present,introduced,invasive,escape: ornamental purpose other than horticulture,,
219997361,7263054,NO,present,introduced,,escape: botanic garden/zoo/aquaria (excluding domestic aquaria),,
219997362,2295425,NO,present,introduced,,transport - contaminant: contaminant nursery material,1967,
219997363,7263128,NO,present,introduced,,escape: botanic garden/zoo/aquaria (excluding domestic aquaria),,
219997365,7263145,NO,present,introduced,,escape: botanic garden/zoo/aquaria (excluding domestic aquaria),,
219997366,7540164,NO,present,introduced,invasive,transport - contaminant: contaminant nursery material,,
219997367,7263054,NO,present,introduced,,escape: ornamental purpose other than horticulture,,
219997368,2294103,NO,present,introduced,,transport - contaminant: contaminant nursery material,1853,
219997369,3189883,NO,present,introduced,,escape: ornamental purpose other than horticulture,,
219997370,3189866,NO,present,introduced,,escape: ornamental purpose other than horticulture,1946,
219997371,7540164,NO,present,introduced,invasive,transport - stowaway: container/bulk,,
219997372,7263128,NO,present,introduced,,escape: ornamental purpose other than horticulture,,
219997373,2294103,NO,present,introduced,,transport - stowaway: container/bulk,1853,
219997374,3189863,NO,present,introduced,,escape: ornamental purpose other than horticulture,1882,
219997375,7540164,NO,present,introduced,invasive,"transport - contaminant: transportation of habitat material (soil, vegetation, wood etc)",,
219997376,3189863,NO,present,introduced,,escape: botanic garden/zoo/aquaria (excluding domestic aquaria),1882,
219997378,3189843,NO,present,introduced,,escape: ornamental purpose other than horticulture,1919,
4925890,3189845,NO,present,introduced,invasive,release: landscape improvement,1981,
219997380,2297108,NO,present,introduced,,transport - contaminant: contaminant nursery material,,
4925890,3189845,NO,present,introduced,invasive,release: other intentional release,1981,
219997382,2297108,NO,present,introduced,,transport - stowaway: container/bulk,,
4925890,3189845,NO,present,introduced,invasive,escape: ornamental purpose other than horticulture,1981,
219997386,3190628,NO,present,introduced,,escape: other escape from confinement,,
219997387,2295438,NO,present,introduced,invasive,transport - contaminant: contaminant nursery material,,
219997388,2295438,NO,present,introduced,invasive,transport - stowaway: container/bulk,,
219997389,3190538,NO,present,introduced,,escape: ornamental purpose other than horticulture,1969,
219997390,2295438,NO,present,introduced,invasive,"transport - contaminant: transportation of habitat material (soil, vegetation, wood etc)",,
219997393,2294109,NO,present,introduced,,transport - stowaway: container/bulk,,
219997395,2294109,NO,present,introduced,,transport - contaminant: contaminant nursery material,,
12215419,4272450,NO,present,introduced,,escape: ornamental purpose other than horticulture,1924,
219997400,2874497,NO,present,introduced,,transport - stowaway: hitchhikers on ship/boat (excluding ballast water and hull fouling),1870,
8790531,10928934,NO,present,introduced,,escape: other escape from confinement,,
219997402,2874497,NO,present,introduced,,escape: ornamental purpose other than horticulture,1870,
8790531,10928934,NO,present,introduced,,transport - stowaway: container/bulk,,
219997404,5331404,NO,present,introduced,,transport - contaminant: other means of contamination,1996,
219997406,2294129,NO,present,introduced,invasive,transport - stowaway: container/bulk,,
219997408,2294129,NO,present,introduced,invasive,escape: other escape from confinement,,
5682465,7973745,NO,present,introduced,,escape: ornamental purpose other than horticulture,,
219997412,2294153,NO,present,introduced,,transport - contaminant: parasites on plants (including species transported by host and vector),,
219997413,2883047,NO,present,introduced,invasive,escape: ornamental purpose other than horticulture,1988,
219997414,2294153,NO,present,introduced,,transport - stowaway: container/bulk,,
219997415,7664343,NO,present,introduced,invasive,escape: botanic garden/zoo/aquaria (excluding domestic aquaria),,
219997417,7418599,NO,present,introduced,,escape: ornamental purpose other than horticulture,,
219997418,2883047,NO,present,introduced,invasive,escape: horticulture,1988,
219997419,5858717,NO,present,introduced,,transport - stowaway: container/bulk,,
219997420,4164276,NO,present,introduced,,escape: horticulture,,
219997421,5858717,NO,present,introduced,,transport - contaminant: contaminant nursery material,,
219997422,2883007,NO,present,introduced,,release: other intentional release,,
219997423,4565020,NO,present,introduced,,transport - contaminant: contaminant nursery material,,
219997424,7135755,NO,present,introduced,invasive,escape: botanic garden/zoo/aquaria (excluding domestic aquaria),,
219997425,4565020,NO,present,introduced,,transport - stowaway: container/bulk,,
219997426,2882849,NO,present,introduced,,escape: agriculture (including biofuel feedstocks),,
219997428,7135308,NO,present,introduced,invasive,escape: horticulture,2010,
219997429,2295730,NO,present,introduced,,transport - contaminant: contaminant nursery material,,
219997430,2882849,NO,present,introduced,,escape: ornamental purpose other than horticulture,,
219997431,2295730,NO,present,introduced,,transport - stowaway: container/bulk,,
219997432,5333347,NO,present,introduced,,escape: ornamental purpose other than horticulture,,
219997434,7418599,NO,present,introduced,,escape: horticulture,,
219997435,5190767,NO,present,introduced,invasive,transport - contaminant: contaminant nursery material,1898,
219997436,5333347,NO,present,introduced,,escape: horticulture,,
219997437,5190767,NO,present,introduced,invasive,transport - stowaway: container/bulk,1898,
219997438,7135308,NO,present,introduced,invasive,escape: botanic garden/zoo/aquaria (excluding domestic aquaria),2010,
219997439,2882841,NO,present,introduced,,escape: horticulture,,
219997441,2882631,NO,present,introduced,invasive,release: other intentional release,1990,
219997442,4568269,NO,present,introduced,,transport - stowaway: container/bulk,,
219997443,2882631,NO,present,introduced,invasive,escape: horticulture,1990,
219997444,2883007,NO,present,introduced,,escape: horticulture,,
219997445,4568269,NO,present,introduced,,transport - contaminant: contaminant nursery material,,
219997446,2882849,NO,present,introduced,,escape: horticulture,,
219997448,2883047,NO,present,introduced,invasive,escape: botanic garden/zoo/aquaria (excluding domestic aquaria),1988,
219997449,4567721,NO,present,introduced,,"transport - contaminant: contaminant on plants (except parasites, species transported by host/vector)",,
219997450,5682320,NO,present,introduced,,,,
219997451,4164276,NO,present,introduced,,escape: botanic garden/zoo/aquaria (excluding domestic aquaria),,
219997452,8745918,NO,present,introduced,invasive,transport - stowaway: container/bulk,,
219997453,7664343,NO,present,introduced,invasive,escape: ornamental purpose other than horticulture,,
219997454,8745918,NO,present,introduced,invasive,unaided: natural dispersal across borders of invasive alien organisms,,
219997455,7135755,NO,present,introduced,invasive,escape: horticulture,,
219997456,4567721,NO,present,introduced,,transport - stowaway: container/bulk,,
219997458,8745918,NO,present,introduced,invasive,transport - contaminant: parasites on plants (including species transported by host and vector),,
219997459,2927849,NO,present,introduced,,escape: horticulture,,
219997460,8745918,NO,present,introduced,invasive,"transport - stowaway: organic packing material, in particular wood packaging",,
219997461,2927849,NO,present,introduced,,escape: ornamental purpose other than horticulture,,
219997463,2927727,NO,present,introduced,,escape: ornamental purpose other than horticulture,1959,
219997464,9141224,NO,present,introduced,,transport - contaminant: contaminant nursery material,,
219997465,2927744,NO,present,introduced,,escape: ornamental purpose other than horticulture,1939,
219997466,9141224,NO,present,introduced,,transport - stowaway: container/bulk,,
219997469,5371669,NO,present,introduced,,,,
219997470,7910695,NO,present,introduced,,transport - contaminant: contaminant nursery material,,
219997472,7910695,NO,present,introduced,,transport - stowaway: hitchhikers on ship/boat (excluding ballast water and hull fouling),,
219997473,7910695,NO,present,introduced,,transport - stowaway: container/bulk,,
219997474,3169340,NO,present,introduced,invasive,escape: other escape from confinement,1865,
219997476,3169391,NO,present,introduced,,escape: ornamental purpose other than horticulture,,
219997477,5641274,NO,present,introduced,,escape: ornamental purpose other than horticulture,2007,
219997478,2295309,NO,present,introduced,,transport - contaminant: contaminant nursery material,,
219997479,2295309,NO,present,introduced,,transport - stowaway: container/bulk,,
219997480,8000229,NO,present,introduced,,escape: horticulture,2001,
219997481,7290697,NO,present,introduced,invasive,escape: ornamental purpose other than horticulture,,
219997483,5641267,NO,present,introduced,,escape: horticulture,2000,
219997485,4006551,NO,present,introduced,,escape: aquaculture/mariculture,,
219997486,2291865,NO,present,introduced,,corridors: interconnected waterways/basins/seas,,
219997487,7974503,NO,present,introduced,,escape: other escape from confinement,1956,
219997488,7974503,NO,present,introduced,,escape: horticulture,1956,
219997489,2291865,NO,present,introduced,,transport - stowaway: ship/boat hull fouling,,
219997490,3169340,NO,present,introduced,invasive,escape: horticulture,1865,
219997492,3169325,NO,present,introduced,,unaided: natural dispersal across borders of invasive alien organisms,,
219997494,7974503,NO,present,introduced,,escape: ornamental purpose other than horticulture,1956,
219997495,3169379,NO,present,introduced,invasive,escape: ornamental purpose other than horticulture,,
219997496,2293764,NO,present,introduced,,transport - contaminant: contaminant nursery material,,
219997497,5641267,NO,present,introduced,,escape: other escape from confinement,2000,
219997498,3169340,NO,present,introduced,invasive,escape: ornamental purpose other than horticulture,1865,
219997499,2293764,NO,present,introduced,,transport - stowaway: container/bulk,,
219997500,3169267,NO,present,introduced,,escape: ornamental purpose other than horticulture,2019,
219997503,3169379,NO,present,introduced,invasive,"transport - contaminant: transportation of habitat material (soil, vegetation, wood etc)",,
219997504,5641274,NO,present,introduced,,unaided: natural dispersal across borders of invasive alien organisms,2007,
219997505,4363583,NO,present,introduced,invasive,transport - stowaway: other means of transport,,
219997506,7290697,NO,present,introduced,invasive,escape: horticulture,,
219997507,4601972,NO,present,introduced,invasive,transport - stowaway: angling/fishing equipment,,
219997508,7290697,NO,present,introduced,invasive,unaided: natural dispersal across borders of invasive alien organisms,,
219997509,7655863,NO,present,introduced,,transport - stowaway: hitchhikers on ship/boat (excluding ballast water and hull fouling),,
219997511,4363583,NO,present,introduced,invasive,transport - stowaway: ship/boat ballast water,,
219997512,2304415,NO,present,introduced,,transport - stowaway: other means of transport,,
219997513,2891770,NO,present,introduced,invasive,escape: ornamental purpose other than horticulture,,
219997514,2304415,NO,present,introduced,,"transport - contaminant: contaminant on animals (except parasites, organisms transported by host/vector)",,
219997515,2891782,NO,present,introduced,invasive,"transport - contaminant: transportation of habitat material (soil, vegetation, wood etc)",,
219997516,4601972,NO,present,introduced,invasive,transport - stowaway: other means of transport,,
219997517,2891783,NO,present,introduced,,,,
219997518,2304415,NO,present,introduced,,transport - stowaway: angling/fishing equipment,,
219997519,4601972,NO,present,introduced,invasive,transport - contaminant: parasites on animals (including organisms transported by host and vector),,
219997520,2891782,NO,present,introduced,invasive,"transport - stowaway: vehicles (car, train, etc.)",,
219997521,4363583,NO,present,introduced,invasive,unaided: natural dispersal across borders of invasive alien organisms,,
219997522,2891774,NO,present,introduced,,escape: ornamental purpose other than horticulture,,
219997524,2891774,NO,present,introduced,,unaided: natural dispersal across borders of invasive alien organisms,,
219997525,2891782,NO,present,introduced,invasive,escape: botanic garden/zoo/aquaria (excluding domestic aquaria),,
219997526,2891770,NO,present,introduced,invasive,escape: horticulture,,
219997527,4362965,NO,present,introduced,,escape: pet/aquarium/terrarium species (including live food for such species),,
219997529,4362965,NO,present,introduced,,release: other intentional release,,
219997530,5421389,NO,present,introduced,,release: other intentional release,,
5189806,7790194,NO,present,introduced,,release: other intentional release,2002,
219997536,3034501,NO,present,introduced,,transport - contaminant: seed contaminant,1935,
5189806,7790194,NO,present,introduced,,"transport - contaminant: contaminant on plants (except parasites, species transported by host/vector)",2002,
219997538,3034807,NO,present,introduced,,transport - stowaway: hitchhikers on ship/boat (excluding ballast water and hull fouling),1826,
219997540,3034871,NO,present,introduced,,escape: ornamental purpose other than horticulture,1835,
219997542,3034650,NO,present,introduced,,transport - contaminant: seed contaminant,1894,
219997543,4561966,NO,present,introduced,,escape: pet/aquarium/terrarium species (including live food for such species),,
219997544,3034825,NO,present,introduced,invasive,escape: horticulture,,
219997545,4561966,NO,present,introduced,,release: other intentional release,,
219997546,3034681,NO,present,introduced,invasive,escape: ornamental purpose other than horticulture,,
219997549,3642608,NO,present,introduced,,"transport - stowaway: vehicles (car, train, etc.)",1947,
219997550,7532642,NO,present,introduced,,escape: pet/aquarium/terrarium species (including live food for such species),,
219997551,5371782,NO,present,introduced,,escape: botanic garden/zoo/aquaria (excluding domestic aquaria),,
219997552,7532642,NO,present,introduced,,release: other intentional release,,
219997553,3034393,NO,present,introduced,,escape: horticulture,,
219997554,2292582,NO,present,introduced,,release: other intentional release,,
219997555,2292582,NO,present,introduced,,escape: pet/aquarium/terrarium species (including live food for such species),,
219997556,3633778,NO,present,introduced,,release: other intentional release,1988,
219997558,3628745,NO,present,introduced,invasive,"transport - contaminant: transportation of habitat material (soil, vegetation, wood etc)",,
219997560,3642949,NO,present,introduced,invasive,transport - stowaway: people and their luggage/equipment (in particular tourism),,
9738098,7951273,NO,present,introduced,invasive,escape: pet/aquarium/terrarium species (including live food for such species),,
219997562,6027089,NO,present,introduced,,escape: ornamental purpose other than horticulture,,
9738098,7951273,NO,present,introduced,invasive,release: other intentional release,,
219997564,3642949,NO,present,introduced,invasive,unaided: natural dispersal across borders of invasive alien organisms,,
219997565,5725685,NO,present,introduced,,escape: pet/aquarium/terrarium species (including live food for such species),1840,
219997566,5371874,NO,present,introduced,,transport - contaminant: seed contaminant,,
219997567,5725685,NO,present,introduced,,"transport - contaminant: contaminant on plants (except parasites, species transported by host/vector)",1840,
219997569,5371743,NO,present,introduced,,transport - contaminant: seed contaminant,1884,
219997572,3034825,NO,present,introduced,invasive,escape: other escape from confinement,,
219997573,5371782,NO,present,introduced,,transport - stowaway: other means of transport,,
8841053,2279611,NO,present,introduced,invasive,"transport - contaminant: transportation of habitat material (soil, vegetation, wood etc)",,
219997576,3642531,NO,present,introduced,,escape: botanic garden/zoo/aquaria (excluding domestic aquaria),1840,
8841053,2279611,NO,present,introduced,invasive,transport - contaminant: parasites on plants (including species transported by host and vector),,
219997578,7224071,NO,present,introduced,,transport - contaminant: seed contaminant,1857,
219997580,3633778,NO,present,introduced,,escape: horticulture,1988,
219997582,8350395,NO,present,introduced,,transport - contaminant: seed contaminant,1930,
219997584,4559169,NO,present,introduced,invasive,transport - contaminant: parasites on animals (including organisms transported by host and vector),,
219997585,3034871,NO,present,introduced,,transport - contaminant: seed contaminant,1835,
219997586,4559161,NO,present,introduced,,transport - contaminant: parasites on animals (including organisms transported by host and vector),,
219997587,6027089,NO,present,introduced,,unaided: natural dispersal across borders of invasive alien organisms,,
219997588,4559169,NO,present,introduced,invasive,unaided: natural dispersal across borders of invasive alien organisms,,
219997589,3631129,NO,present,introduced,,release: other intentional release,,
219997591,7224071,NO,present,introduced,,transport - stowaway: other means of transport,1857,
219997592,8848401,NO,present,introduced,invasive,transport - contaminant: parasites on plants (including species transported by host and vector),,
219997593,3633778,NO,present,introduced,,escape: botanic garden/zoo/aquaria (excluding domestic aquaria),1988,
219997594,8848401,NO,present,introduced,invasive,transport - contaminant: timber trade,,
219997596,8848401,NO,present,introduced,invasive,"transport - contaminant: contaminant on animals (except parasites, organisms transported by host/vector)",,
219997597,3628608,NO,present,introduced,,,1922,
219997599,5371743,NO,present,introduced,,transport - contaminant: timber trade,1884,
219997600,2284117,NO,present,introduced,,transport - contaminant: parasites on plants (including species transported by host and vector),,
219997601,3034650,NO,present,introduced,,"transport - stowaway: vehicles (car, train, etc.)",1894,
219997602,2284117,NO,present,introduced,,"transport - contaminant: transportation of habitat material (soil, vegetation, wood etc)",,
219997603,3034915,NO,present,introduced,,escape: ornamental purpose other than horticulture,1850,
219997604,2284118,NO,present,introduced,,transport - contaminant: parasites on plants (including species transported by host and vector),2013,
219997606,2284118,NO,present,introduced,,"transport - contaminant: transportation of habitat material (soil, vegetation, wood etc)",2013,
7224157,7508930,NO,present,introduced,,transport - stowaway: hitchhikers on ship/boat (excluding ballast water and hull fouling),,
219997609,2283499,NO,present,introduced,invasive,transport - contaminant: parasites on animals (including organisms transported by host and vector),1961,
7224157,7508930,NO,present,introduced,,transport - contaminant: contaminated bait,,
7224157,9802444,NO,present,introduced,invasive,"transport - stowaway: vehicles (car, train, etc.)",,
219997613,2284101,NO,present,introduced,,transport - contaminant: parasites on plants (including species transported by host and vector),,
7224157,9802444,NO,present,introduced,invasive,"transport - contaminant: transportation of habitat material (soil, vegetation, wood etc)",,
219997615,4556361,NO,present,introduced,,"transport - contaminant: transportation of habitat material (soil, vegetation, wood etc)",,
7224157,9802444,NO,present,introduced,invasive,escape: agriculture (including biofuel feedstocks),,
219997617,2284101,NO,present,introduced,,"transport - contaminant: transportation of habitat material (soil, vegetation, wood etc)",,
219997618,4556361,NO,present,introduced,,transport - contaminant: parasites on plants (including species transported by host and vector),,
219997619,5371746,NO,present,introduced,,escape: ornamental purpose other than horticulture,1826,
219997620,2284123,NO,present,introduced,invasive,"transport - contaminant: transportation of habitat material (soil, vegetation, wood etc)",,
219997621,3642949,NO,present,introduced,invasive,"transport - stowaway: vehicles (car, train, etc.)",,
219997622,2284123,NO,present,introduced,invasive,transport - contaminant: parasites on plants (including species transported by host and vector),,
219997623,3628682,NO,present,introduced,,"transport - stowaway: vehicles (car, train, etc.)",,
219997624,5371746,NO,present,introduced,,transport - stowaway: hitchhikers on ship/boat (excluding ballast water and hull fouling),1826,
219997626,3034393,NO,present,introduced,,escape: other escape from confinement,,
219997627,5777723,NO,present,introduced,invasive,transport - contaminant: contaminant nursery material,2016,
219997628,3631129,NO,present,introduced,,escape: ornamental purpose other than horticulture,,
219997629,3628745,NO,present,introduced,invasive,escape: ornamental purpose other than horticulture,,
219997630,5777723,NO,present,introduced,invasive,transport - contaminant: parasites on animals (including organisms transported by host and vector),2016,
219997631,6027089,NO,present,introduced,,escape: horticulture,,
219997633,3034871,NO,present,introduced,,transport - stowaway: hitchhikers on ship/boat (excluding ballast water and hull fouling),1835,
219997634,3628745,NO,present,introduced,invasive,"transport - stowaway: vehicles (car, train, etc.)",,
219997635,2284185,NO,present,introduced,,"transport - contaminant: transportation of habitat material (soil, vegetation, wood etc)",,
219997636,6027328,NO,present,introduced,,transport - stowaway: people and their luggage/equipment (in particular tourism),2016,
219997638,3642531,NO,present,introduced,,transport - contaminant: food contaminant (including of live food),1840,
219997639,3642608,NO,present,introduced,,escape: botanic garden/zoo/aquaria (excluding domestic aquaria),1947,
219997640,2283792,NO,present,introduced,,transport - contaminant: parasites on animals (including organisms transported by host and vector),2009,
219997641,5371782,NO,present,introduced,,transport - contaminant: other means of contamination,,
219997643,7828157,NO,present,introduced,,escape: agriculture (including biofuel feedstocks),1826,
219997644,5188667,NO,present,introduced,invasive,"transport - contaminant: contaminant on plants (except parasites, species transported by host/vector)",1955,
219997645,3034650,NO,present,introduced,,transport - stowaway: hitchhikers on ship/boat (excluding ballast water and hull fouling),1894,
219997646,11174915,NO,present,introduced,invasive,"transport - contaminant: transportation of habitat material (soil, vegetation, wood etc)",1961,
219997647,5371874,NO,present,introduced,,transport - contaminant: contaminated bait,,
219997648,5188667,NO,present,introduced,invasive,transport - contaminant: parasites on plants (including species transported by host and vector),1955,
219997649,5371743,NO,present,introduced,,transport - stowaway: hitchhikers on ship/boat (excluding ballast water and hull fouling),1884,
219997650,5188667,NO,present,introduced,invasive,"transport - contaminant: transportation of habitat material (soil, vegetation, wood etc)",1955,
219997651,5371772,NO,present,introduced,,escape: ornamental purpose other than horticulture,,
219997652,11174915,NO,present,introduced,invasive,transport - contaminant: parasites on animals (including organisms transported by host and vector),1961,
219997653,7828157,NO,present,introduced,,escape: ornamental purpose other than horticulture,1826,
219997654,11174915,NO,present,introduced,invasive,transport - contaminant: parasites on plants (including species transported by host and vector),1961,
219997655,3034650,NO,present,introduced,,transport - contaminant: timber trade,1894,
219997656,11174915,NO,present,introduced,invasive,transport - stowaway: container/bulk,1961,
219997657,3034653,NO,present,introduced,,transport - contaminant: seed contaminant,1909,
219997658,5188667,NO,present,introduced,invasive,transport - stowaway: container/bulk,1955,
219997659,8350395,NO,present,introduced,,transport - contaminant: timber trade,1930,
219997660,5188667,NO,present,introduced,invasive,transport - stowaway: machinery/equipment,1955,
219997661,6027328,NO,present,introduced,,escape: ornamental purpose other than horticulture,2016,
219997662,11174915,NO,present,introduced,invasive,transport - stowaway: machinery/equipment,1961,
219997663,3628745,NO,present,introduced,invasive,unaided: natural dispersal across borders of invasive alien organisms,,
219997665,3034807,NO,present,introduced,,transport - contaminant: seed contaminant,1826,
219997666,4558769,NO,present,introduced,,transport - contaminant: parasites on animals (including organisms transported by host and vector),,
219997668,4558769,NO,present,introduced,,escape: other escape from confinement,,
219997669,7978544,NO,present,introduced,,escape: aquaculture/mariculture,,
219997671,8168344,NO,present,introduced,,escape: horticulture,1943,
219997673,3036892,NO,present,introduced,,escape: ornamental purpose other than horticulture,1948,
4346612,5890148,NO,present,introduced,invasive,transport - contaminant: parasites on animals (including organisms transported by host and vector),1993,
219997675,8168344,NO,present,introduced,,escape: other escape from confinement,1943,
4346612,5890148,NO,present,introduced,invasive,unaided: natural dispersal across borders of invasive alien organisms,1993,
219997677,3036958,NO,present,introduced,,release: other intentional release,,
219997679,3036958,NO,present,introduced,,escape: ornamental purpose other than horticulture,,
219997680,4556295,NO,present,introduced,,transport - stowaway: machinery/equipment,,
219997681,7978544,NO,present,introduced,,escape: pet/aquarium/terrarium species (including live food for such species),,
219997683,4556295,NO,present,introduced,,"transport - contaminant: contaminant on plants (except parasites, species transported by host/vector)",,
219997685,4556296,NO,present,introduced,,"transport - contaminant: contaminant on plants (except parasites, species transported by host/vector)",,
219997686,2928226,NO,present,introduced,,escape: agriculture (including biofuel feedstocks),1893,
219997687,4556286,NO,present,introduced,,transport - contaminant: parasites on plants (including species transported by host and vector),,
219997688,2928226,NO,present,introduced,,escape: ornamental purpose other than horticulture,1893,
219997689,2283983,NO,present,introduced,,"transport - contaminant: transportation of habitat material (soil, vegetation, wood etc)",2008,
219997690,4556286,NO,present,introduced,,"transport - contaminant: transportation of habitat material (soil, vegetation, wood etc)",,
219997692,7024726,NO,present,introduced,invasive,transport - contaminant: parasites on plants (including species transported by host and vector),,
219997693,4556296,NO,present,introduced,,transport - contaminant: parasites on plants (including species transported by host and vector),,
219997694,2926130,NO,present,introduced,,escape: ornamental purpose other than horticulture,1872,
219997695,2283982,NO,present,introduced,invasive,transport - contaminant: parasites on plants (including species transported by host and vector),,
219997696,5341204,NO,present,introduced,,escape: ornamental purpose other than horticulture,,
219997697,7024707,NO,present,introduced,invasive,transport - contaminant: parasites on plants (including species transported by host and vector),,
219997698,7024707,NO,present,introduced,invasive,"transport - contaminant: transportation of habitat material (soil, vegetation, wood etc)",,
219997699,7558421,NO,present,introduced,invasive,escape: agriculture (including biofuel feedstocks),,
219997700,4556296,NO,present,introduced,,"transport - contaminant: contaminant on animals (except parasites, organisms transported by host/vector)",,
219997701,7024707,NO,present,introduced,invasive,transport - stowaway: people and their luggage/equipment (in particular tourism),,
219997702,2926065,NO,present,introduced,,escape: ornamental purpose other than horticulture,,
219997703,2283983,NO,present,introduced,,transport - stowaway: machinery/equipment,2008,
219997704,5341198,NO,present,introduced,,escape: ornamental purpose other than horticulture,,
219997705,2283983,NO,present,introduced,,transport - contaminant: parasites on plants (including species transported by host and vector),2008,
219997706,7024707,NO,present,introduced,invasive,transport - stowaway: machinery/equipment,,
219997707,2925895,NO,present,introduced,,transport - stowaway: hitchhikers on ship/boat (excluding ballast water and hull fouling),1872,
219997708,4556295,NO,present,introduced,,transport - contaminant: parasites on plants (including species transported by host and vector),,
219997709,7024726,NO,present,introduced,invasive,"transport - contaminant: transportation of habitat material (soil, vegetation, wood etc)",,
219997710,2925895,NO,present,introduced,,escape: ornamental purpose other than horticulture,1872,
219997711,4556295,NO,present,introduced,,transport - stowaway: people and their luggage/equipment (in particular tourism),,
219997712,2283982,NO,present,introduced,invasive,transport - stowaway: machinery/equipment,,
219997713,7814874,NO,present,introduced,,"transport - contaminant: contaminant on plants (except parasites, species transported by host/vector)",,
219997714,4556296,NO,present,introduced,,transport - stowaway: machinery/equipment,,
219997715,4556295,NO,present,introduced,,"transport - contaminant: transportation of habitat material (soil, vegetation, wood etc)",,
219997716,5341204,NO,present,introduced,,escape: horticulture,,
219997717,4556296,NO,present,introduced,,"transport - contaminant: transportation of habitat material (soil, vegetation, wood etc)",,
219997718,5341187,NO,present,introduced,,escape: ornamental purpose other than horticulture,1997,
219997719,4556296,NO,present,introduced,,transport - stowaway: people and their luggage/equipment (in particular tourism),,
219997720,2283982,NO,present,introduced,invasive,"transport - contaminant: transportation of habitat material (soil, vegetation, wood etc)",,
219997721,5341198,NO,present,introduced,,transport - contaminant: timber trade,,
219997722,4556295,NO,present,introduced,,"transport - contaminant: contaminant on animals (except parasites, organisms transported by host/vector)",,
219997723,2925895,NO,present,introduced,,transport - contaminant: seed contaminant,1872,
219997725,5341203,NO,present,introduced,,escape: horticulture,,
219997727,2926130,NO,present,introduced,,transport - stowaway: other means of transport,1872,
219997728,4554353,NO,present,introduced,invasive,"transport - contaminant: transportation of habitat material (soil, vegetation, wood etc)",,
219997730,4554426,NO,present,introduced,invasive,"transport - contaminant: transportation of habitat material (soil, vegetation, wood etc)",,
2926068,8647129,NO,present,introduced,invasive,"transport - contaminant: transportation of habitat material (soil, vegetation, wood etc)",1856,
219997732,4554426,NO,present,introduced,invasive,transport - contaminant: parasites on plants (including species transported by host and vector),,
2926068,8647129,NO,present,introduced,invasive,escape: agriculture (including biofuel feedstocks),1856,
219997734,4554353,NO,present,introduced,invasive,transport - contaminant: parasites on plants (including species transported by host and vector),,
219997735,2926066,NO,present,introduced,invasive,escape: horticulture,,
219997736,5660450,NO,present,introduced,,escape: horticulture,,
219997737,2926065,NO,present,introduced,,escape: horticulture,,
219997738,2925870,NO,present,introduced,,transport - contaminant: food contaminant (including of live food),1910,
219997739,5660450,NO,present,introduced,,escape: ornamental purpose other than horticulture,,
219997740,2926110,NO,present,introduced,,transport - stowaway: hitchhikers on ship/boat (excluding ballast water and hull fouling),1874,
219997741,2925895,NO,present,introduced,,transport - contaminant: timber trade,1872,
219997742,2926048,NO,present,introduced,,escape: ornamental purpose other than horticulture,,
219997743,5660579,NO,present,introduced,,escape: ornamental purpose other than horticulture,1938,
219997744,7558421,NO,present,introduced,invasive,transport - stowaway: hitchhikers on ship/boat (excluding ballast water and hull fouling),,
219997745,5341203,NO,present,introduced,,escape: ornamental purpose other than horticulture,,
219997746,5341175,NO,present,introduced,,escape: ornamental purpose other than horticulture,,
219997747,5660579,NO,present,introduced,,escape: horticulture,1938,
219997748,5341204,NO,present,introduced,,"transport - contaminant: transportation of habitat material (soil, vegetation, wood etc)",,
219997749,7958783,NO,present,introduced,,escape: horticulture,1919,
219997750,2925870,NO,present,introduced,,transport - contaminant: seed contaminant,1910,
219997751,2926066,NO,present,introduced,invasive,escape: ornamental purpose other than horticulture,,
219997752,5341203,NO,present,introduced,,"transport - contaminant: transportation of habitat material (soil, vegetation, wood etc)",,
219997753,7958783,NO,present,introduced,,escape: ornamental purpose other than horticulture,1919,
219997754,7958783,NO,present,introduced,,"transport - contaminant: transportation of habitat material (soil, vegetation, wood etc)",1919,
219997755,7558421,NO,present,introduced,invasive,escape: horticulture,,
219997756,2926066,NO,present,introduced,invasive,escape: agriculture (including biofuel feedstocks),,
219997757,2926110,NO,present,introduced,,escape: other escape from confinement,1874,
219997758,2926045,NO,present,introduced,,escape: ornamental purpose other than horticulture,1946,
219997759,2926110,NO,present,introduced,,escape: ornamental purpose other than horticulture,1874,
219997760,4060258,NO,present,introduced,,escape: ornamental purpose other than horticulture,1867,
219997763,5533814,NO,present,introduced,,escape: horticulture,2005,
219997764,5533814,NO,present,introduced,,escape: ornamental purpose other than horticulture,2005,
219997767,3723590,NO,present,introduced,,escape: horticulture,,
219997768,2984306,NO,present,introduced,,escape: horticulture,,
219997769,2984306,NO,present,introduced,,escape: agriculture (including biofuel feedstocks),,
219997772,3021850,NO,present,introduced,invasive,escape: ornamental purpose other than horticulture,,
219997773,2994912,NO,present,introduced,,escape: ornamental purpose other than horticulture,1884,
219997774,3026550,NO,present,introduced,,escape: horticulture,,
219997775,2990630,NO,present,introduced,,escape: ornamental purpose other than horticulture,2015,
219997776,3028052,NO,present,introduced,,transport - contaminant: contaminated bait,,
9818737,7457689,NO,present,introduced,,escape: horticulture,,
219997779,3024109,NO,present,introduced,invasive,escape: horticulture,1909,
219997780,8168485,NO,present,introduced,invasive,escape: ornamental purpose other than horticulture,,
219997781,3026819,NO,present,introduced,,escape: ornamental purpose other than horticulture,,
219997782,3025896,NO,present,introduced,invasive,escape: ornamental purpose other than horticulture,1966,
219997783,5370755,NO,present,introduced,,escape: ornamental purpose other than horticulture,,
219997784,2988113,NO,present,introduced,,transport - contaminant: seed contaminant,2001,
3026842,6368656,NO,present,introduced,invasive,escape: ornamental purpose other than horticulture,,
3026842,6368656,NO,present,introduced,invasive,escape: horticulture,,
3024109,3023857,NO,present,introduced,,unaided: natural dispersal across borders of invasive alien organisms,,
219997790,3026334,NO,present,introduced,invasive,escape: ornamental purpose other than horticulture,1929,
3027256,8630022,NO,present,introduced,,escape: ornamental purpose other than horticulture,,
3027256,8630022,NO,present,introduced,,escape: horticulture,,
219997794,2987780,NO,present,introduced,,escape: other escape from confinement,1982,
219997795,3022789,NO,present,introduced,,escape: horticulture,,
219997796,3021922,NO,present,introduced,,escape: ornamental purpose other than horticulture,1840,
3025858,3025564,NO,present,introduced,invasive,escape: ornamental purpose other than horticulture,1948,
3025858,3026168,NO,present,introduced,,escape: ornamental purpose other than horticulture,1987,
219997800,5370755,NO,present,introduced,,escape: botanic garden/zoo/aquaria (excluding domestic aquaria),,
7258956,3029862,NO,present,introduced,,escape: ornamental purpose other than horticulture,,
219997803,7621087,NO,present,introduced,,transport - contaminant: timber trade,2000,
219997804,3026656,NO,present,introduced,,escape: horticulture,,
3029635,11067435,NO,present,introduced,,escape: horticulture,,
219997807,3853033,NO,present,introduced,,escape: ornamental purpose other than horticulture,1992,
5365494,5366332,NO,present,introduced,,escape: ornamental purpose other than horticulture,1947,
219997809,2992543,NO,present,introduced,invasive,escape: ornamental purpose other than horticulture,1952,
219997810,5363627,NO,present,introduced,,escape: agriculture (including biofuel feedstocks),2001,
219997811,3026585,NO,present,introduced,,escape: horticulture,1917,
219997812,3027231,NO,present,introduced,,escape: horticulture,,
3029415,6287283,NO,present,introduced,,escape: horticulture,2006,
219997815,2994229,NO,present,introduced,,escape: horticulture,,
219997816,5365888,NO,present,introduced,,"transport - stowaway: vehicles (car, train, etc.)",,
219997817,5365013,NO,present,introduced,,transport - contaminant: seed contaminant,1870,
219997818,3022668,NO,present,introduced,,escape: horticulture,1959,
219997819,3023130,NO,present,introduced,,unaided: natural dispersal across borders of invasive alien organisms,,
8248885,8248885,NO,present,introduced,,escape: ornamental purpose other than horticulture,1991,
219997821,7782051,NO,present,introduced,,transport - contaminant: timber trade,2007,
219997822,3027231,NO,present,introduced,,escape: ornamental purpose other than horticulture,,
219997823,2988113,NO,present,introduced,,escape: ornamental purpose other than horticulture,2001,
219997824,3020955,NO,present,introduced,,escape: botanic garden/zoo/aquaria (excluding domestic aquaria),,
219997825,3023832,NO,present,introduced,,escape: botanic garden/zoo/aquaria (excluding domestic aquaria),,
6550282,12302595,NO,present,introduced,,escape: other escape from confinement,1867,
219997827,3003979,NO,present,introduced,invasive,release: erosion control,1930,
219997828,7960595,NO,present,introduced,,escape: botanic garden/zoo/aquaria (excluding domestic aquaria),,
219997829,3025764,NO,present,introduced,,escape: ornamental purpose other than horticulture,1991,
6550282,12302595,NO,present,introduced,,escape: agriculture (including biofuel feedstocks),1867,
219997831,3012444,NO,present,introduced,,escape: botanic garden/zoo/aquaria (excluding domestic aquaria),,
219997832,9312105,NO,present,introduced,invasive,escape: ornamental purpose other than horticulture,1957,
219997833,3029411,NO,present,introduced,,unaided: natural dispersal across borders of invasive alien organisms,1976,
219997834,2989248,NO,present,introduced,,transport - contaminant: timber trade,2001,
219997835,5365013,NO,present,introduced,,transport - stowaway: hitchhikers on ship/boat (excluding ballast water and hull fouling),1870,
219997836,3000679,NO,present,introduced,,escape: ornamental purpose other than horticulture,1993,
219997837,7950792,NO,present,introduced,,escape: agriculture (including biofuel feedstocks),1878,
219997838,7960595,NO,present,introduced,,transport - stowaway: hitchhikers on ship/boat (excluding ballast water and hull fouling),,
219997839,5367273,NO,present,introduced,,escape: horticulture,,
219997840,7916436,NO,present,introduced,invasive,escape: horticulture,1926,
219997841,3026656,NO,present,introduced,,escape: ornamental purpose other than horticulture,,
11220454,2993054,NO,present,introduced,,transport - contaminant: timber trade,2000,
219997844,7960595,NO,present,introduced,,transport - contaminant: seed contaminant,,
219997845,3026454,NO,present,introduced,invasive,escape: other escape from confinement,1850,
219997846,2997155,NO,present,introduced,,release: other intentional release,2001,
219997847,3001362,NO,present,introduced,,unaided: natural dispersal across borders of invasive alien organisms,1971,
3022510,3021586,NO,present,introduced,,escape: horticulture,,
3022510,3021586,NO,present,introduced,,release: other intentional release,,
219997851,3024109,NO,present,introduced,invasive,escape: ornamental purpose other than horticulture,1909,
219997852,8907090,NO,present,introduced,,escape: ornamental purpose other than horticulture,,
219997853,3013117,NO,present,introduced,,escape: ornamental purpose other than horticulture,,
219997854,3000610,NO,present,introduced,,escape: ornamental purpose other than horticulture,1969,
219997855,5365013,NO,present,introduced,,"transport - contaminant: contaminant on plants (except parasites, species transported by host/vector)",1870,
219997856,3021730,NO,present,introduced,,escape: ornamental purpose other than horticulture,1908,
219997857,3013106,NO,present,introduced,,escape: horticulture,1995,
219997858,8202030,NO,present,introduced,,escape: botanic garden/zoo/aquaria (excluding domestic aquaria),,
219997859,3003979,NO,present,introduced,invasive,"transport - contaminant: transportation of habitat material (soil, vegetation, wood etc)",1930,
219997860,3021850,NO,present,introduced,invasive,escape: horticulture,,
219997861,8170635,NO,present,introduced,,escape: horticulture,1918,
219997862,8344738,NO,present,introduced,,escape: horticulture,,
219997863,3025794,NO,present,introduced,,escape: ornamental purpose other than horticulture,2012,
219997864,3012444,NO,present,introduced,,escape: horticulture,,
219997865,3002193,NO,present,introduced,,escape: ornamental purpose other than horticulture,,
219997866,3013570,NO,present,introduced,,escape: botanic garden/zoo/aquaria (excluding domestic aquaria),,
219997867,3025794,NO,present,introduced,,unaided: natural dispersal across borders of invasive alien organisms,2012,
219997868,3012941,NO,present,introduced,,escape: ornamental purpose other than horticulture,,
219997869,2996525,NO,present,introduced,invasive,escape: ornamental purpose other than horticulture,1953,
219997870,9251540,NO,present,introduced,,escape: ornamental purpose other than horticulture,,
219997871,3003979,NO,present,introduced,invasive,unaided: natural dispersal across borders of invasive alien organisms,1930,
219997872,3021357,NO,present,introduced,,escape: horticulture,,
219997873,5365717,NO,present,introduced,,escape: horticulture,1995,
219997874,8350369,NO,present,introduced,invasive,escape: ornamental purpose other than horticulture,,
219997875,5367294,NO,present,introduced,,transport - stowaway: hitchhikers on ship/boat (excluding ballast water and hull fouling),,
219997876,3003979,NO,present,introduced,invasive,escape: horticulture,1930,
219997877,3003709,NO,present,introduced,,escape: ornamental purpose other than horticulture,1943,
219997878,8235931,NO,present,introduced,,escape: horticulture,1989,
219997879,9382645,NO,present,introduced,,escape: horticulture,1997,
219997880,3006171,NO,present,introduced,,escape: ornamental purpose other than horticulture,2005,
219997881,3013570,NO,present,introduced,,escape: ornamental purpose other than horticulture,,
219997882,8170635,NO,present,introduced,,escape: ornamental purpose other than horticulture,1918,
219997883,2997421,NO,present,introduced,,transport - contaminant: timber trade,2000,
219997884,5362114,NO,present,introduced,,escape: horticulture,,
219997885,3012906,NO,present,introduced,,escape: ornamental purpose other than horticulture,2010,
219997886,3006974,NO,present,introduced,,escape: ornamental purpose other than horticulture,,
219997887,2994912,NO,present,introduced,,escape: horticulture,1884,
219997888,3001244,NO,present,introduced,invasive,unaided: natural dispersal across borders of invasive alien organisms,1843,
219997889,2994409,NO,present,introduced,,transport - contaminant: timber trade,1994,
219997890,2988188,NO,present,introduced,,escape: ornamental purpose other than horticulture,2007,
219997891,3001362,NO,present,introduced,,escape: ornamental purpose other than horticulture,1971,
219997892,7738624,NO,present,introduced,,escape: ornamental purpose other than horticulture,1935,
219997893,3007090,NO,present,introduced,,escape: horticulture,1991,
219997894,5362573,NO,present,introduced,,,1889,
219997895,3022879,NO,present,introduced,,unaided: natural dispersal across borders of invasive alien organisms,,
219997896,3013117,NO,present,introduced,,escape: horticulture,,
219997897,3029411,NO,present,introduced,,escape: horticulture,1976,
219997898,3020955,NO,present,introduced,,escape: horticulture,,
219997899,3023130,NO,present,introduced,,escape: horticulture,,
219997900,3021357,NO,present,introduced,,escape: ornamental purpose other than horticulture,,
7889822,8549667,NO,present,introduced,invasive,escape: ornamental purpose other than horticulture,,
7889822,8549667,NO,present,introduced,invasive,escape: horticulture,,
219997904,3026585,NO,present,introduced,,escape: ornamental purpose other than horticulture,1917,
219997905,5370006,NO,present,introduced,,escape: horticulture,,
219997906,5370651,NO,present,introduced,,escape: ornamental purpose other than horticulture,,
219997907,2994229,NO,present,introduced,,escape: ornamental purpose other than horticulture,,
219997908,4926534,NO,present,introduced,,escape: ornamental purpose other than horticulture,,
2989697,2989741,NO,present,introduced,,transport - contaminant: timber trade,2008,
219997911,3026024,NO,present,introduced,invasive,escape: ornamental purpose other than horticulture,1967,
219997912,3026234,NO,present,introduced,invasive,escape: ornamental purpose other than horticulture,,
219997913,3026092,NO,present,introduced,invasive,escape: ornamental purpose other than horticulture,1969,
219997914,3007073,NO,present,introduced,,escape: ornamental purpose other than horticulture,1994,
219997915,5367273,NO,present,introduced,,transport - contaminant: seed contaminant,,
219997916,9406329,NO,present,introduced,invasive,escape: ornamental purpose other than horticulture,1944,
2987867,10983915,NO,present,introduced,invasive,escape: ornamental purpose other than horticulture,2002,
2987867,10983915,NO,present,introduced,invasive,escape: agriculture (including biofuel feedstocks),2002,
219997920,9306058,NO,present,introduced,,escape: ornamental purpose other than horticulture,1878,
219997921,3026550,NO,present,introduced,,escape: ornamental purpose other than horticulture,,
219997922,5370380,NO,present,introduced,,escape: ornamental purpose other than horticulture,1927,
219997923,3028392,NO,present,introduced,,transport - contaminant: seed contaminant,,
219997924,3026049,NO,present,introduced,invasive,escape: ornamental purpose other than horticulture,1993,
8674642,2991733,NO,present,introduced,,transport - contaminant: timber trade,2000,
219997927,3021730,NO,present,introduced,,escape: horticulture,1908,
219997928,3027159,NO,present,introduced,,escape: horticulture,1918,
219997929,3026454,NO,present,introduced,invasive,escape: horticulture,1850,
219997930,3027341,NO,present,introduced,,escape: ornamental purpose other than horticulture,1995,
219997931,3013285,NO,present,introduced,,escape: horticulture,,
3027190,8446417,NO,present,introduced,,escape: ornamental purpose other than horticulture,,
3027190,8446417,NO,present,introduced,,escape: horticulture,,
219997935,3022879,NO,present,introduced,,escape: horticulture,,
219997936,3011247,NO,present,introduced,,escape: ornamental purpose other than horticulture,,
219997937,3029749,NO,present,introduced,,escape: horticulture,,
219997938,3014366,NO,present,introduced,,escape: ornamental purpose other than horticulture,2016,
3026622,8520318,NO,present,introduced,invasive,escape: ornamental purpose other than horticulture,,
3026622,8520318,NO,present,introduced,invasive,escape: horticulture,,
219997942,7848132,NO,present,introduced,invasive,escape: ornamental purpose other than horticulture,,
7848132,3001372,NO,present,introduced,,escape: ornamental purpose other than horticulture,1993,
7220805,3029430,NO,present,introduced,,"transport - contaminant: transportation of habitat material (soil, vegetation, wood etc)",1879,
7220805,3029430,NO,present,introduced,,transport - contaminant: seed contaminant,1879,
219997947,5370233,NO,present,introduced,,escape: botanic garden/zoo/aquaria (excluding domestic aquaria),,
219997948,3025695,NO,present,introduced,,escape: ornamental purpose other than horticulture,,
219997949,2988354,NO,present,introduced,,escape: ornamental purpose other than horticulture,1908,
219997950,8252683,NO,present,introduced,invasive,escape: ornamental purpose other than horticulture,1864,
219997951,3021922,NO,present,introduced,,escape: horticulture,1840,
219997952,3028148,NO,present,introduced,,escape: ornamental purpose other than horticulture,2011,
219997953,8350369,NO,present,introduced,invasive,escape: agriculture (including biofuel feedstocks),,
219997954,3012089,NO,present,introduced,invasive,escape: ornamental purpose other than horticulture,,
219997955,5365888,NO,present,introduced,,transport - contaminant: seed contaminant,,
219997956,5367294,NO,present,introduced,,transport - contaminant: seed contaminant,,
219997957,5367294,NO,present,introduced,,escape: horticulture,,
3024109,3023857,NO,present,introduced,,escape: ornamental purpose other than horticulture,,
219997960,3026454,NO,present,introduced,invasive,escape: ornamental purpose other than horticulture,1850,
219997961,3027341,NO,present,introduced,,escape: horticulture,1995,
219997962,3003244,NO,present,introduced,,escape: horticulture,1974,
219997963,8344738,NO,present,introduced,,escape: botanic garden/zoo/aquaria (excluding domestic aquaria),,
219997965,3003244,NO,present,introduced,,escape: ornamental purpose other than horticulture,1974,
219997966,2997081,NO,present,introduced,,transport - contaminant: timber trade,2000,
219997967,3012089,NO,present,introduced,invasive,escape: horticulture,,
3011238,8723165,NO,present,introduced,,escape: ornamental purpose other than horticulture,1943,
219997970,3003709,NO,present,introduced,,escape: horticulture,1943,
219997971,3012103,NO,present,introduced,,,,
219997972,2988624,NO,present,introduced,,escape: ornamental purpose other than horticulture,,
219997973,3027159,NO,present,introduced,,escape: ornamental purpose other than horticulture,1918,
219997974,2990630,NO,present,introduced,,escape: horticulture,2015,
219997975,3012941,NO,present,introduced,,escape: horticulture,,
219997976,5362114,NO,present,introduced,,escape: ornamental purpose other than horticulture,,
219997977,3026406,NO,present,introduced,,escape: horticulture,,
219997978,5363627,NO,present,introduced,,escape: ornamental purpose other than horticulture,2001,
219997979,3001244,NO,present,introduced,invasive,escape: ornamental purpose other than horticulture,1843,
219997980,5370043,NO,present,introduced,,escape: horticulture,1957,
3026105,9309840,NO,present,introduced,,escape: ornamental purpose other than horticulture,,
3012125,3012078,NO,present,introduced,,escape: ornamental purpose other than horticulture,,
3012125,3012078,NO,present,introduced,,escape: horticulture,,
219997986,2994157,NO,present,introduced,,unaided: natural dispersal across borders of invasive alien organisms,,
219997987,3001157,NO,present,introduced,,escape: ornamental purpose other than horticulture,2010,
219997988,3013285,NO,present,introduced,,escape: ornamental purpose other than horticulture,,
219997989,2992543,NO,present,introduced,invasive,escape: horticulture,1952,
219997990,5365705,NO,present,introduced,,"transport - stowaway: vehicles (car, train, etc.)",1853,
219997991,3021922,NO,present,introduced,,escape: agriculture (including biofuel feedstocks),1840,
219997992,3029749,NO,present,introduced,,escape: ornamental purpose other than horticulture,,
219997993,3026294,NO,present,introduced,invasive,escape: botanic garden/zoo/aquaria (excluding domestic aquaria),1938,
219997994,3032453,NO,present,introduced,,,,
219997995,8252683,NO,present,introduced,invasive,escape: horticulture,1864,
219997996,9306058,NO,present,introduced,,escape: horticulture,1878,
219997997,5369685,NO,present,introduced,,escape: botanic garden/zoo/aquaria (excluding domestic aquaria),,
219997998,3026819,NO,present,introduced,,escape: horticulture,,
219997999,3025770,NO,present,introduced,,escape: ornamental purpose other than horticulture,2002,
3025770,3025769,NO,present,introduced,invasive,escape: ornamental purpose other than horticulture,1925,
9257127,3000727,NO,present,introduced,,"transport - stowaway: vehicles (car, train, etc.)",,
9257127,3000727,NO,present,introduced,,transport - contaminant: seed contaminant,,
219998004,5370688,NO,present,introduced,,escape: ornamental purpose other than horticulture,,
219998005,8202030,NO,present,introduced,,escape: horticulture,,
219998006,8069092,NO,present,introduced,invasive,escape: horticulture,1884,
219998007,9251540,NO,present,introduced,,escape: horticulture,,
219998008,3013106,NO,present,introduced,,escape: ornamental purpose other than horticulture,1995,
219998009,8168485,NO,present,introduced,invasive,escape: horticulture,,
219998010,7960595,NO,present,introduced,,transport - contaminant: contaminated bait,,
219998011,3006974,NO,present,introduced,,escape: horticulture,,
219998012,2987988,NO,present,introduced,invasive,escape: ornamental purpose other than horticulture,1960,
219998013,3025882,NO,present,introduced,,escape: ornamental purpose other than horticulture,1939,
219998014,8069092,NO,present,introduced,invasive,escape: ornamental purpose other than horticulture,1884,
219998015,3006171,NO,present,introduced,,escape: horticulture,2005,
219998016,3001561,NO,present,introduced,,unaided: natural dispersal across borders of invasive alien organisms,,
219998017,7950792,NO,present,introduced,,escape: ornamental purpose other than horticulture,1878,
219998018,3026074,NO,present,introduced,invasive,escape: ornamental purpose other than horticulture,1970,
219998019,3026294,NO,present,introduced,invasive,escape: ornamental purpose other than horticulture,1938,
3025736,3026286,NO,present,introduced,invasive,escape: ornamental purpose other than horticulture,,
219998022,9312105,NO,present,introduced,invasive,escape: botanic garden/zoo/aquaria (excluding domestic aquaria),1957,
219998023,2993761,NO,present,introduced,invasive,escape: ornamental purpose other than horticulture,1890,
219998024,3001561,NO,present,introduced,,escape: ornamental purpose other than horticulture,,
219998025,5363629,NO,present,introduced,,escape: ornamental purpose other than horticulture,,
219998027,3002193,NO,present,introduced,,escape: horticulture,,
5365494,5366332,NO,present,introduced,,escape: horticulture,1947,
219998029,8907090,NO,present,introduced,,escape: horticulture,,
219998030,3025939,NO,present,introduced,invasive,escape: ornamental purpose other than horticulture,1984,
219998031,3023832,NO,present,introduced,,escape: ornamental purpose other than horticulture,,
219998032,3025617,NO,present,introduced,invasive,escape: ornamental purpose other than horticulture,1981,
3025617,3025910,NO,present,introduced,invasive,escape: horticulture,2013,
219998034,3022789,NO,present,introduced,,escape: ornamental purpose other than horticulture,,
219998035,9312105,NO,present,introduced,invasive,escape: horticulture,1957,
219998036,3007073,NO,present,introduced,,escape: horticulture,1994,
219998037,3003979,NO,present,introduced,invasive,escape: ornamental purpose other than horticulture,1930,
219998038,2995149,NO,present,introduced,,escape: horticulture,1984,
219998039,5365283,NO,present,introduced,,transport - stowaway: hitchhikers on ship/boat (excluding ballast water and hull fouling),1866,
219998040,4926534,NO,present,introduced,,escape: horticulture,,
219998041,5362136,NO,present,introduced,invasive,escape: ornamental purpose other than horticulture,1923,
219998042,3012906,NO,present,introduced,,escape: horticulture,2010,
219998043,3007090,NO,present,introduced,,escape: ornamental purpose other than horticulture,1991,
219998044,2994750,NO,present,introduced,,transport - contaminant: timber trade,2000,
219998045,12190776,NO,present,introduced,,escape: horticulture,,
219998046,2988188,NO,present,introduced,,escape: horticulture,2007,
219998047,5370006,NO,present,introduced,,escape: ornamental purpose other than horticulture,,
219998048,3028528,NO,present,introduced,invasive,escape: ornamental purpose other than horticulture,1938,
3025626,3025608,NO,present,introduced,,escape: ornamental purpose other than horticulture,,
3025626,3025607,NO,present,introduced,,escape: ornamental purpose other than horticulture,2013,
219998052,5370043,NO,present,introduced,,escape: ornamental purpose other than horticulture,1957,
219998053,3022668,NO,present,introduced,,escape: ornamental purpose other than horticulture,1959,
219998054,9382645,NO,present,introduced,,escape: ornamental purpose other than horticulture,1997,
219998055,5363627,NO,present,introduced,,transport - contaminant: timber trade,2001,
219998056,3001132,NO,present,introduced,,escape: ornamental purpose other than horticulture,,
219998057,2993761,NO,present,introduced,invasive,escape: horticulture,1890,
219998058,5365705,NO,present,introduced,,transport - stowaway: hitchhikers on ship/boat (excluding ballast water and hull fouling),1853,
219998059,3026454,NO,present,introduced,invasive,"transport - contaminant: transportation of habitat material (soil, vegetation, wood etc)",1850,
3023903,3023852,NO,present,introduced,invasive,escape: ornamental purpose other than horticulture,1904,
3023903,3023852,NO,present,introduced,invasive,escape: horticulture,1904,
219998063,7738624,NO,present,introduced,,escape: botanic garden/zoo/aquaria (excluding domestic aquaria),1935,
219998064,7910635,NO,present,introduced,,transport - contaminant: timber trade,2002,
219998065,5365717,NO,present,introduced,,escape: ornamental purpose other than horticulture,1995,
219998066,2995779,NO,present,introduced,,transport - contaminant: timber trade,2000,
6550282,12302595,NO,present,introduced,,escape: horticulture,1867,
219998068,3011247,NO,present,introduced,,escape: horticulture,,
219998069,5367273,NO,present,introduced,,transport - stowaway: ship/boat ballast water,,
219998070,3028123,NO,present,introduced,,transport - contaminant: contaminated bait,,
219998071,5365705,NO,present,introduced,,transport - contaminant: seed contaminant,1853,
219998072,2995149,NO,present,introduced,,escape: ornamental purpose other than horticulture,1984,
219998073,2987983,NO,present,introduced,,escape: other escape from confinement,1955,
9393876,5290034,NO,present,introduced,,unaided: natural dispersal across borders of invasive alien organisms,,
219998076,2996525,NO,present,introduced,invasive,escape: horticulture,1953,
219998077,7409013,NO,present,introduced,,escape: horticulture,1843,
3026444,8804771,NO,present,introduced,,escape: ornamental purpose other than horticulture,2008,
3026444,8804771,NO,present,introduced,,escape: horticulture,2008,
219998081,3021496,NO,present,introduced,invasive,escape: ornamental purpose other than horticulture,,
219998082,3026406,NO,present,introduced,,escape: ornamental purpose other than horticulture,,
219998083,8235931,NO,present,introduced,,escape: ornamental purpose other than horticulture,1989,
219998084,3013574,NO,present,introduced,invasive,escape: ornamental purpose other than horticulture,1885,
219998085,2994052,NO,present,introduced,,transport - contaminant: timber trade,2000,
219998086,12205752,NO,present,introduced,,escape: horticulture,,
3027332,8650025,NO,present,introduced,invasive,escape: ornamental purpose other than horticulture,1873,
3027332,8650025,NO,present,introduced,invasive,escape: horticulture,1873,
3027332,8491418,NO,present,introduced,invasive,escape: horticulture,1879,
3027332,8491418,NO,present,introduced,invasive,escape: ornamental purpose other than horticulture,1879,
219998092,2999703,NO,present,introduced,,transport - stowaway: hitchhikers on ship/boat (excluding ballast water and hull fouling),1995,
3027355,8473772,NO,present,introduced,invasive,escape: ornamental purpose other than horticulture,,
3027355,8473772,NO,present,introduced,invasive,escape: horticulture,,
219998096,3025731,NO,present,introduced,invasive,escape: ornamental purpose other than horticulture,1991,
3025731,3025732,NO,present,introduced,,escape: ornamental purpose other than horticulture,,
219998098,3013285,NO,present,introduced,,escape: botanic garden/zoo/aquaria (excluding domestic aquaria),,
219998100,5361796,NO,present,introduced,,"transport - contaminant: transportation of habitat material (soil, vegetation, wood etc)",,
219998101,5361796,NO,present,introduced,,"transport - contaminant: contaminant on plants (except parasites, species transported by host/vector)",,
219998102,5361801,NO,present,introduced,,transport - contaminant: contaminated bait,1869,
219998103,5361801,NO,present,introduced,,transport - stowaway: ship/boat ballast water,1869,
219998104,2984366,NO,present,introduced,,,,
219998106,2984537,NO,present,introduced,,escape: ornamental purpose other than horticulture,,
219998107,2984537,NO,present,introduced,,escape: horticulture,,
219998109,5361865,NO,present,introduced,invasive,escape: horticulture,,
219998110,7141604,NO,present,introduced,,escape: ornamental purpose other than horticulture,,
219998111,5361877,NO,present,introduced,,unaided: natural dispersal across borders of invasive alien organisms,,
219998112,5361865,NO,present,introduced,invasive,escape: ornamental purpose other than horticulture,,
219998113,7303616,NO,present,introduced,,escape: ornamental purpose other than horticulture,1924,
219998114,7141604,NO,present,introduced,,escape: horticulture,,
219998116,3039274,NO,present,introduced,invasive,escape: ornamental purpose other than horticulture,1920,
219998117,3039269,NO,present,introduced,,escape: ornamental purpose other than horticulture,,
2873995,2873994,NO,present,introduced,,escape: ornamental purpose other than horticulture,1999,
219998122,2873991,NO,present,introduced,,escape: ornamental purpose other than horticulture,,
219998123,2873991,NO,present,introduced,,escape: botanic garden/zoo/aquaria (excluding domestic aquaria),,
219998124,2873947,NO,present,introduced,,escape: ornamental purpose other than horticulture,,
219998126,5384932,NO,present,introduced,,escape: ornamental purpose other than horticulture,,
219998127,5384932,NO,present,introduced,,escape: aquaculture/mariculture,,
219998128,5384932,NO,present,introduced,,escape: horticulture,,
219998132,2739622,NO,present,introduced,,escape: ornamental purpose other than horticulture,1873,
219998134,2742096,NO,present,introduced,,escape: ornamental purpose other than horticulture,2014,
219998135,2742119,NO,present,introduced,,escape: horticulture,,
219998136,2742119,NO,present,introduced,,escape: ornamental purpose other than horticulture,,
219998138,5300716,NO,present,introduced,,escape: ornamental purpose other than horticulture,,
219998139,5300136,NO,present,introduced,,transport - contaminant: seed contaminant,1873,
219998140,5299590,NO,present,introduced,,escape: ornamental purpose other than horticulture,,
219998141,5300102,NO,present,introduced,,transport - contaminant: seed contaminant,1912,
219998142,5299536,NO,present,introduced,,escape: horticulture,,
219998145,5300535,NO,present,introduced,,escape: ornamental purpose other than horticulture,1847,
219998146,2752872,NO,present,introduced,,escape: botanic garden/zoo/aquaria (excluding domestic aquaria),2016,
5299675,8705474,NO,present,introduced,,escape: ornamental purpose other than horticulture,,
5299675,8705474,NO,present,introduced,,escape: horticulture,,
5299675,8705474,NO,present,introduced,,"transport - contaminant: transportation of habitat material (soil, vegetation, wood etc)",1911,
5299675,8705474,NO,present,introduced,,escape: ornamental purpose other than horticulture,1911,
5299675,8705474,NO,present,introduced,,escape: horticulture,1911,
219998153,2753090,NO,present,introduced,,escape: horticulture,,
219998154,5299590,NO,present,introduced,,escape: horticulture,,
219998156,2752872,NO,present,introduced,,escape: ornamental purpose other than horticulture,2016,
219998159,2753380,NO,present,introduced,,escape: ornamental purpose other than horticulture,1968,
219998161,5300639,NO,present,introduced,,release: other intentional release,2015,
219998162,2752841,NO,present,introduced,,,,
219998163,4072124,NO,present,introduced,,escape: ornamental purpose other than horticulture,,
219998164,5300716,NO,present,introduced,,escape: botanic garden/zoo/aquaria (excluding domestic aquaria),,
219998165,2752849,NO,present,introduced,,escape: ornamental purpose other than horticulture,1960,
219998166,5299536,NO,present,introduced,,transport - stowaway: hitchhikers on ship/boat (excluding ballast water and hull fouling),,
219998167,5299536,NO,present,introduced,,escape: ornamental purpose other than horticulture,,
219998168,2753090,NO,present,introduced,,escape: ornamental purpose other than horticulture,,
219998171,2700874,NO,present,introduced,,transport - contaminant: seed contaminant,,
219998172,2702084,NO,present,introduced,invasive,transport - contaminant: timber trade,,
219998173,2700874,NO,present,introduced,,escape: live food and live bait,,
219998174,2700874,NO,present,introduced,,"transport - stowaway: vehicles (car, train, etc.)",,
219998175,2702084,NO,present,introduced,invasive,"transport - stowaway: vehicles (car, train, etc.)",,
219998176,2701612,NO,present,introduced,,transport - contaminant: seed contaminant,,
219998177,2700706,NO,present,introduced,,transport - contaminant: seed contaminant,,
219998178,2700768,NO,present,introduced,,escape: ornamental purpose other than horticulture,2004,
219998179,2700874,NO,present,introduced,,escape: ornamental purpose other than horticulture,,
219998180,2700874,NO,present,introduced,,transport - contaminant: timber trade,,
219998182,2726538,NO,present,introduced,,release: landscape improvement,2011,
219998183,2726538,NO,present,introduced,,escape: ornamental purpose other than horticulture,2011,
219998184,2723315,NO,present,introduced,,escape: ornamental purpose other than horticulture,1993,
219998185,2715482,NO,present,introduced,,escape: ornamental purpose other than horticulture,2000,
219998186,2723315,NO,present,introduced,,release: landscape improvement,1993,
219998187,2724120,NO,present,introduced,,transport - stowaway: hitchhikers on ship/boat (excluding ballast water and hull fouling),1995,
219998188,2715482,NO,present,introduced,,transport - contaminant: timber trade,2000,
219998189,2722051,NO,present,introduced,,escape: ornamental purpose other than horticulture,1993,
219998191,8362005,NO,present,introduced,,escape: botanic garden/zoo/aquaria (excluding domestic aquaria),,
8362005,5675853,NO,present,introduced,,escape: ornamental purpose other than horticulture,2017,
8362005,5675853,NO,present,introduced,,escape: horticulture,2017,
219998195,4129708,NO,present,introduced,,unaided: natural dispersal across borders of invasive alien organisms,1872,
219998196,2703109,NO,present,introduced,,escape: ornamental purpose other than horticulture,1941,
2703706,2703707,NO,present,introduced,,transport - contaminant: seed contaminant,1912,
9398259,5290029,NO,present,introduced,invasive,transport - stowaway: hitchhikers on ship/boat (excluding ballast water and hull fouling),,
9398259,5290029,NO,present,introduced,invasive,unaided: natural dispersal across borders of invasive alien organisms,,
219998202,2705011,NO,present,introduced,,transport - contaminant: seed contaminant,1820,
2703698,4113509,NO,present,introduced,,transport - contaminant: seed contaminant,2014,
219998205,2704389,NO,present,introduced,,transport - stowaway: hitchhikers on ship/boat (excluding ballast water and hull fouling),1803,
219998206,4119674,NO,present,introduced,,escape: horticulture,,
219998207,5289972,NO,present,introduced,,"transport - contaminant: contaminant on plants (except parasites, species transported by host/vector)",1910,
219998208,2706052,NO,present,introduced,,"transport - stowaway: vehicles (car, train, etc.)",,
219998209,2704793,NO,present,introduced,,"transport - stowaway: vehicles (car, train, etc.)",,
219998210,4129708,NO,present,introduced,,escape: agriculture (including biofuel feedstocks),1872,
219998212,5289917,NO,present,introduced,,transport - contaminant: timber trade,1882,
219998213,2704521,NO,present,introduced,,escape: horticulture,,
219998214,2704211,NO,present,introduced,,escape: ornamental purpose other than horticulture,,
219998215,2705503,NO,present,introduced,,transport - contaminant: seed contaminant,,
2703723,2703727,NO,present,introduced,,transport - contaminant: timber trade,1873,
2703723,2703727,NO,present,introduced,,transport - stowaway: hitchhikers on ship/boat (excluding ballast water and hull fouling),1873,
2703723,2703727,NO,present,introduced,,transport - contaminant: seed contaminant,1873,
219998220,10739289,NO,present,introduced,,escape: ornamental purpose other than horticulture,1881,
219998221,2704389,NO,present,introduced,,transport - contaminant: seed contaminant,1803,
219998222,2702808,NO,present,introduced,,"transport - stowaway: vehicles (car, train, etc.)",1878,
219998223,2703124,NO,present,introduced,,escape: other escape from confinement,,
219998224,2704987,NO,present,introduced,,escape: ornamental purpose other than horticulture,,
219998225,2702808,NO,present,introduced,,transport - contaminant: contaminated bait,1878,
219998226,5289972,NO,present,introduced,,transport - contaminant: timber trade,1910,
2704922,5941162,NO,present,introduced,invasive,escape: agriculture (including biofuel feedstocks),1834,
2704922,5941162,NO,present,introduced,invasive,release: landscape improvement,1834,
2703670,4112404,NO,present,introduced,invasive,release: landscape improvement,1850,
2703670,4112404,NO,present,introduced,invasive,transport - contaminant: seed contaminant,1850,
2703670,4112404,NO,present,introduced,invasive,transport - contaminant: contaminated bait,1850,
219998235,2702808,NO,present,introduced,,transport - contaminant: seed contaminant,1878,
219998236,2705484,NO,present,introduced,invasive,transport - stowaway: hitchhikers on ship/boat (excluding ballast water and hull fouling),,
219998237,2702808,NO,present,introduced,,"transport - contaminant: transportation of habitat material (soil, vegetation, wood etc)",1878,
219998238,2706052,NO,present,introduced,,transport - contaminant: seed contaminant,,
7647071,2703669,NO,present,introduced,,escape: agriculture (including biofuel feedstocks),1861,
7647071,2703669,NO,present,introduced,,transport - stowaway: hitchhikers on ship/boat (excluding ballast water and hull fouling),1861,
7647071,2703669,NO,present,introduced,,transport - contaminant: seed contaminant,1861,
219998243,2705162,NO,present,introduced,,transport - contaminant: seed contaminant,1910,
219998244,4129708,NO,present,introduced,,"transport - stowaway: vehicles (car, train, etc.)",1872,
219998245,2703041,NO,present,introduced,,escape: ornamental purpose other than horticulture,,
219998246,5289917,NO,present,introduced,,transport - stowaway: ship/boat ballast water,1882,
219998247,2704523,NO,present,introduced,,escape: ornamental purpose other than horticulture,,
219998248,2706052,NO,present,introduced,,transport - stowaway: ship/boat ballast water,,
219998249,2704322,NO,present,introduced,,transport - stowaway: people and their luggage/equipment (in particular tourism),,
219998250,2706444,NO,present,introduced,,transport - stowaway: hitchhikers on ship/boat (excluding ballast water and hull fouling),1892,
219998251,2706052,NO,present,introduced,,escape: horticulture,,
219998252,2706052,NO,present,introduced,,transport - contaminant: timber trade,,
219998253,5289972,NO,present,introduced,,transport - contaminant: seed contaminant,1910,
2702727,5289590,NO,present,introduced,,transport - contaminant: seed contaminant,,
219998256,2705484,NO,present,introduced,invasive,release: biological control,,
219998257,5289972,NO,present,introduced,,"transport - contaminant: transportation of habitat material (soil, vegetation, wood etc)",1910,
219998258,2706444,NO,present,introduced,,transport - contaminant: food contaminant (including of live food),1892,
219998259,2705011,NO,present,introduced,,transport - stowaway: ship/boat ballast water,1820,
219998260,7738766,NO,present,introduced,,escape: ornamental purpose other than horticulture,,
219998261,5289917,NO,present,introduced,,"transport - contaminant: transportation of habitat material (soil, vegetation, wood etc)",1882,
219998262,5289917,NO,present,introduced,,"transport - contaminant: contaminant on plants (except parasites, species transported by host/vector)",1882,
219998263,4125808,NO,present,introduced,,transport - contaminant: timber trade,1995,
219998264,5289917,NO,present,introduced,,transport - contaminant: seed contaminant,1882,
219998265,2704322,NO,present,introduced,,"transport - stowaway: vehicles (car, train, etc.)",,
219998266,2705484,NO,present,introduced,invasive,escape: agriculture (including biofuel feedstocks),,
219998267,2705162,NO,present,introduced,,transport - contaminant: timber trade,1910,
219998268,2705491,NO,present,introduced,,transport - contaminant: seed contaminant,,
219998269,2704768,NO,present,introduced,,"transport - stowaway: vehicles (car, train, etc.)",,
219998270,2704322,NO,present,introduced,,unaided: natural dispersal across borders of invasive alien organisms,,
219998271,2705162,NO,present,introduced,,transport - stowaway: hitchhikers on ship/boat (excluding ballast water and hull fouling),1910,
219998272,2705011,NO,present,introduced,,release: landscape improvement,1820,
219998273,2706026,NO,present,introduced,,escape: ornamental purpose other than horticulture,2020,
219998274,2702808,NO,present,introduced,,transport - stowaway: hitchhikers on ship/boat (excluding ballast water and hull fouling),1878,
219998275,2705491,NO,present,introduced,,release: release in nature,,
219998276,4123970,NO,present,introduced,,escape: ornamental purpose other than horticulture,,
219998277,2705196,NO,present,introduced,,transport - contaminant: food contaminant (including of live food),1909,
219998278,5290059,NO,present,introduced,,transport - contaminant: food contaminant (including of live food),1916,
219998279,4123970,NO,present,introduced,,transport - stowaway: hitchhikers on ship/boat (excluding ballast water and hull fouling),,
219998280,2706052,NO,present,introduced,,"transport - contaminant: transportation of habitat material (soil, vegetation, wood etc)",,
219998281,5290059,NO,present,introduced,,transport - contaminant: seed contaminant,1916,
5301198,8066119,NO,present,introduced,,escape: pet/aquarium/terrarium species (including live food for such species),,
5301198,8066119,NO,present,introduced,,escape: aquaculture/mariculture,,
219998288,5329198,NO,present,introduced,,escape: pet/aquarium/terrarium species (including live food for such species),,
219998289,5329192,NO,present,introduced,invasive,release: other intentional release,2009,
219998290,2865448,NO,present,introduced,invasive,escape: other escape from confinement,1925,
219998291,5329570,NO,present,introduced,,escape: pet/aquarium/terrarium species (including live food for such species),,
219998292,5329212,NO,present,introduced,invasive,unaided: natural dispersal across borders of invasive alien organisms,2005,
219998293,2865565,NO,present,introduced,invasive,escape: pet/aquarium/terrarium species (including live food for such species),,
5329263,5329260,NO,present,introduced,invasive,escape: pet/aquarium/terrarium species (including live food for such species),,
219998296,2865448,NO,present,introduced,invasive,transport - stowaway: angling/fishing equipment,1925,
219998297,5329212,NO,present,introduced,invasive,transport - stowaway: other means of transport,2005,
219998298,5329570,NO,present,introduced,,escape: aquaculture/mariculture,,
219998300,2863943,NO,present,introduced,,"transport - stowaway: organic packing material, in particular wood packaging",,
219998301,2863943,NO,present,introduced,,transport - stowaway: hitchhikers on ship/boat (excluding ballast water and hull fouling),,
219998302,2863943,NO,present,introduced,,transport - stowaway: ship/boat ballast water,,
219998304,2867614,NO,present,introduced,,escape: aquaculture/mariculture,,
219998305,2869311,NO,present,introduced,invasive,unaided: natural dispersal across borders of invasive alien organisms,,
219998306,5330661,NO,present,introduced,,escape: ornamental purpose other than horticulture,,
219998307,2869301,NO,present,introduced,invasive,escape: ornamental purpose other than horticulture,,
219998308,5330580,NO,present,introduced,,escape: ornamental purpose other than horticulture,1987,
219998309,2869311,NO,present,introduced,invasive,escape: ornamental purpose other than horticulture,,
219998311,5328593,NO,present,introduced,,escape: aquaculture/mariculture,,
219998314,8263440,NO,present,introduced,,transport - contaminant: timber trade,2006,
219998316,2767275,NO,present,introduced,,escape: horticulture,,
219998317,2772094,NO,present,introduced,invasive,escape: ornamental purpose other than horticulture,1871,
219998318,5304283,NO,present,introduced,,escape: ornamental purpose other than horticulture,,
219998319,2767275,NO,present,introduced,,escape: ornamental purpose other than horticulture,,
219998320,5304294,NO,present,introduced,,escape: horticulture,,
219998321,2767275,NO,present,introduced,,unaided: natural dispersal across borders of invasive alien organisms,,
219998322,5304257,NO,present,introduced,,escape: ornamental purpose other than horticulture,1929,
219998323,5304298,NO,present,introduced,,escape: horticulture,,
2767312,2767317,NO,present,introduced,,escape: ornamental purpose other than horticulture,,
219998326,2767271,NO,present,introduced,,escape: horticulture,,
219998327,2768885,NO,present,introduced,,escape: ornamental purpose other than horticulture,1860,
219998328,8152187,NO,present,introduced,,escape: ornamental purpose other than horticulture,,
219998329,5304294,NO,present,introduced,,escape: ornamental purpose other than horticulture,,
219998330,2769457,NO,present,introduced,,escape: ornamental purpose other than horticulture,2006,
219998331,2767428,NO,present,introduced,,escape: ornamental purpose other than horticulture,,
219998332,2767506,NO,present,introduced,,,,
219998333,2772082,NO,present,introduced,,escape: ornamental purpose other than horticulture,2014,
219998334,2767229,NO,present,introduced,,escape: horticulture,1994,
8080743,2767334,NO,present,introduced,invasive,escape: ornamental purpose other than horticulture,,
219998337,2768885,NO,present,introduced,,escape: agriculture (including biofuel feedstocks),1860,
219998338,2773281,NO,present,introduced,,escape: ornamental purpose other than horticulture,,
219998339,5304298,NO,present,introduced,,escape: ornamental purpose other than horticulture,,
219998340,2767428,NO,present,introduced,,escape: horticulture,,
219998341,5304257,NO,present,introduced,,escape: horticulture,1929,
219998342,2773453,NO,present,introduced,,escape: ornamental purpose other than horticulture,,
219998343,2769493,NO,present,introduced,,escape: ornamental purpose other than horticulture,1850,
219998344,2768885,NO,present,introduced,,transport - stowaway: hitchhikers on ship/boat (excluding ballast water and hull fouling),1860,
219998345,5303933,NO,present,introduced,,escape: other escape from confinement,1966,
219998346,2767271,NO,present,introduced,,escape: ornamental purpose other than horticulture,,
219998347,4008563,NO,present,introduced,,escape: other escape from confinement,1954,
219998348,2769457,NO,present,introduced,,unaided: natural dispersal across borders of invasive alien organisms,2006,
219998349,5298069,NO,present,introduced,,escape: ornamental purpose other than horticulture,,
219998350,2772666,NO,present,introduced,,escape: other escape from confinement,2015,
219998351,2773448,NO,present,introduced,,escape: ornamental purpose other than horticulture,1834,
219998352,5304283,NO,present,introduced,,escape: horticulture,,
219998353,2767229,NO,present,introduced,,escape: ornamental purpose other than horticulture,1994,
219998354,2771207,NO,present,introduced,,escape: ornamental purpose other than horticulture,1994,
219998355,2767271,NO,present,introduced,,escape: other escape from confinement,,
219998358,2747939,NO,present,introduced,,escape: ornamental purpose other than horticulture,1995,
219998359,5298406,NO,present,introduced,,escape: horticulture,,
219998360,2747750,NO,present,introduced,,escape: ornamental purpose other than horticulture,1890,
219998361,5298406,NO,present,introduced,,escape: botanic garden/zoo/aquaria (excluding domestic aquaria),,
219998362,5298613,NO,present,introduced,,escape: ornamental purpose other than horticulture,1878,
219998363,5296178,NO,present,introduced,,escape: horticulture,,
219998364,5298043,NO,present,introduced,,escape: horticulture,2000,
219998365,2747567,NO,present,introduced,,escape: other escape from confinement,1848,
219998366,2747489,NO,present,introduced,,escape: ornamental purpose other than horticulture,,
219998367,2747567,NO,present,introduced,,escape: ornamental purpose other than horticulture,1848,
219998368,2749827,NO,present,introduced,,escape: horticulture,2013,
219998369,2747737,NO,present,introduced,,escape: ornamental purpose other than horticulture,,
219998370,5296218,NO,present,introduced,,escape: ornamental purpose other than horticulture,,
219998371,5298613,NO,present,introduced,,escape: horticulture,1878,
219998372,5296218,NO,present,introduced,,escape: horticulture,,
219998373,2747567,NO,present,introduced,,escape: horticulture,1848,
219998374,5298126,NO,present,introduced,,escape: ornamental purpose other than horticulture,1895,
219998375,2747564,NO,present,introduced,,escape: ornamental purpose other than horticulture,1986,
219998376,5298126,NO,present,introduced,,escape: horticulture,1895,
219998377,9082208,NO,present,introduced,,escape: ornamental purpose other than horticulture,,
219998378,2749827,NO,present,introduced,,escape: ornamental purpose other than horticulture,2013,
219998379,2747718,NO,present,introduced,,escape: ornamental purpose other than horticulture,2005,
9488226,5297960,NO,present,introduced,,escape: ornamental purpose other than horticulture,,
219998382,5298043,NO,present,introduced,,escape: other escape from confinement,2000,
219998383,5298821,NO,present,introduced,,escape: ornamental purpose other than horticulture,,
219998384,5296178,NO,present,introduced,,transport - contaminant: seed contaminant,,
219998386,2781074,NO,present,introduced,,"transport - contaminant: transportation of habitat material (soil, vegetation, wood etc)",1931,
219998387,2781103,NO,present,introduced,,escape: ornamental purpose other than horticulture,1960,
219998388,2781103,NO,present,introduced,,escape: horticulture,1960,
219998389,2781074,NO,present,introduced,,escape: ornamental purpose other than horticulture,1931,
219998391,2855356,NO,present,introduced,,escape: ornamental purpose other than horticulture,,
219998392,2855968,NO,present,introduced,,escape: ornamental purpose other than horticulture,,
219998393,2855968,NO,present,introduced,,transport - contaminant: seed contaminant,,
219998394,11992781,NO,present,introduced,,escape: ornamental purpose other than horticulture,1925,
219998395,2855968,NO,present,introduced,,release: other intentional release,,
219998396,2855356,NO,present,introduced,,escape: horticulture,,
219998397,2856061,NO,present,introduced,,escape: ornamental purpose other than horticulture,,
219998398,2856204,NO,present,introduced,,escape: ornamental purpose other than horticulture,,
219998399,2857132,NO,present,introduced,,escape: ornamental purpose other than horticulture,,
219998400,2857132,NO,present,introduced,,escape: horticulture,,
2855860,7227626,NO,present,introduced,invasive,escape: ornamental purpose other than horticulture,,
2855860,7227626,NO,present,introduced,invasive,escape: agriculture (including biofuel feedstocks),,
219998404,2860425,NO,present,introduced,,escape: ornamental purpose other than horticulture,,
219998405,2856061,NO,present,introduced,,escape: botanic garden/zoo/aquaria (excluding domestic aquaria),,
219998406,2858244,NO,present,introduced,,escape: ornamental purpose other than horticulture,1897,
219998407,2857017,NO,present,introduced,,escape: ornamental purpose other than horticulture,,
219998408,2856920,NO,present,introduced,,escape: ornamental purpose other than horticulture,,
219998409,2858581,NO,present,introduced,,release: landscape improvement,1875,
219998410,2858581,NO,present,introduced,,escape: ornamental purpose other than horticulture,1875,
219998411,2855717,NO,present,introduced,,escape: ornamental purpose other than horticulture,,
219998412,2855717,NO,present,introduced,,release: other intentional release,,
219998413,2855356,NO,present,introduced,,escape: other escape from confinement,,
219998414,2855398,NO,present,introduced,,escape: ornamental purpose other than horticulture,,
219998415,2860409,NO,present,introduced,,escape: ornamental purpose other than horticulture,,
219998416,2855963,NO,present,introduced,,transport - contaminant: seed contaminant,,
219998419,2766030,NO,present,introduced,,escape: pet/aquarium/terrarium species (including live food for such species),,
219998420,2766030,NO,present,introduced,,escape: aquaculture/mariculture,,
219998422,2764179,NO,present,introduced,,transport - contaminant: seed contaminant,2004,
219998423,2764179,NO,present,introduced,,transport - contaminant: food contaminant (including of live food),2004,
219998424,2764179,NO,present,introduced,,transport - contaminant: timber trade,2004,
219998429,6096602,NO,present,introduced,,unaided: natural dispersal across borders of invasive alien organisms,,
219998430,6096602,NO,present,introduced,,transport - stowaway: container/bulk,,
219998434,5286308,NO,present,introduced,,"transport - contaminant: transportation of habitat material (soil, vegetation, wood etc)",,
219998437,2688638,NO,present,introduced,invasive,escape: pet/aquarium/terrarium species (including live food for such species),,
219998438,2688638,NO,present,introduced,invasive,unaided: natural dispersal across borders of invasive alien organisms,,
219998439,8015748,NO,present,introduced,,escape: other escape from confinement,,
219998444,2682955,NO,present,introduced,,unaided: natural dispersal across borders of invasive alien organisms,,
8112550,5280281,NO,present,introduced,,transport - stowaway: container/bulk,,
219998450,2670766,NO,present,introduced,,transport - stowaway: container/bulk,,
219998453,2677047,NO,present,introduced,,unaided: natural dispersal across borders of invasive alien organisms,,
219998456,5281901,NO,present,introduced,invasive,unaided: natural dispersal across borders of invasive alien organisms,,
219998461,5273420,NO,present,introduced,invasive,corridors: interconnected waterways/basins/seas,,
219998462,5273420,NO,present,introduced,invasive,transport - stowaway: angling/fishing equipment,,
219998463,5273420,NO,present,introduced,invasive,transport - stowaway: ship/boat hull fouling,,
219998466,5839323,NO,present,introduced,,transport - stowaway: ship/boat hull fouling,,
219998467,5839323,NO,present,introduced,,corridors: interconnected waterways/basins/seas,,
219998468,5272096,NO,present,introduced,invasive,transport - stowaway: hitchhikers on ship/boat (excluding ballast water and hull fouling),1932,
219998469,5839323,NO,present,introduced,,transport - stowaway: angling/fishing equipment,,
219998470,5272096,NO,present,introduced,invasive,corridors: interconnected waterways/basins/seas,1932,
219998471,5272096,NO,present,introduced,invasive,transport - stowaway: ship/boat ballast water,1932,
219998472,5272096,NO,present,introduced,invasive,unaided: natural dispersal across borders of invasive alien organisms,1932,
219998474,2643288,NO,present,introduced,,transport - stowaway: ship/boat hull fouling,,
219998475,2643288,NO,present,introduced,,transport - stowaway: other means of transport,,
219998476,2643288,NO,present,introduced,,unaided: natural dispersal across borders of invasive alien organisms,,
