taxonKey,nubKey,taxonID,scientificName,taxonomicStatus,acceptedKey,acceptedName,acceptedTaxonRank,acceptedKingdom
134853224,2508901,4180,"Ochetostoma erythrogrammon Leuckart & Ruppell, 1828",ACCEPTED,2508901,"Ochetostoma erythrogrammon Rüppell & Leuckart, 1828",SPECIES,Animalia
134853226,4382171,4127,"Marteilia refringens Grizel, Comps, Bonami, Cousserans, Duthoit & Le Pennec, 1974",ACCEPTED,4382171,"Marteilia refringens Grizel, Comps, Bonami, Cousserans, Duthoit & Le Pennec, 1974",SPECIES,Chromista
134853233,5423348,3898,"Desmarestia viridis (O.F.Müller) J.V.Lamouroux, 1813",ACCEPTED,5423348,Desmarestia viridis (O.F.Müll.) J.V.Lamour.,SPECIES,Chromista
134853239,3197970,3834,"Colpomenia peregrina Sauvageau, 1927",ACCEPTED,3197970,Colpomenia peregrina Sauv.,SPECIES,Chromista
134853240,2509991,4254,"Phascolosoma scolops (Selenka & de Man in Selenka, de Man & Bnlow, 1883)",SYNONYM,2509985,"Phascolosoma carneum Leuckart & Rüppell, 1828",SPECIES,Animalia
134853248,2237923,4224,"Paraleucilla magna Klautau, Monteiro & Borojevic, 2004",ACCEPTED,2237923,"Paraleucilla magna Klautau, Monteiro & Borojevic, 2004",SPECIES,Animalia
134853249,8394523,3827,"Cocconeis caulerpacola Witkowski, Car & Dobosz, 2012",ACCEPTED,8394523,"Cocconeis caulerpacola Witkowski, Car & Dobosz, 2012",SPECIES,Chromista
134853256,2319527,4140,"Metasychis gotoi (Izuka, 1902)",ACCEPTED,2319527,"Metasychis gotoi (Izuka, 1902)",SPECIES,Animalia
134853259,7705954,3931,"Elphidium striatopunctatum (Fichtel & Moll, 1798)",ACCEPTED,7705954,"Elphidium striatopunctatum (Fichtel & Moll, 1798)",SPECIES,Chromista
134853261,5196384,4164,"Nereis persica Fauvel, 1911",ACCEPTED,5196384,"Nereis persica Fauvel, 1911",SPECIES,Animalia
134853266,2318164,4162,"Neopseudocapitella brasiliensis Rullier & Amoureux, 1979",ACCEPTED,2318164,"Neopseudocapitella brasiliensis Rullier & Amoureux, 1979",SPECIES,Animalia
134853267,6537484,3876,"Cushmanina striatopunctata (Parker & Jones, 1865)",ACCEPTED,6537484,"Cushmanina striatopunctata (Parker & Jones, 1865)",SPECIES,Chromista
134853270,2327735,3967,"Ficopomatus enigmaticus (Fauvel, 1923)",ACCEPTED,2327735,"Ficopomatus enigmaticus (Fauvel, 1923)",SPECIES,Animalia
134853278,7665662,3750,"Bugulina fulva (Ryland, 1960)",ACCEPTED,7665662,"Bugulina fulva (Ryland, 1960)",SPECIES,Animalia
134853282,7450084,4286,"Planispirinella exigua (Brady, 1879)",ACCEPTED,7450084,"Planispirinella exigua (Brady, 1879)",SPECIES,Chromista
134853284,2267679,3954,"Eucheilota paradoxica Mayer, 1900",ACCEPTED,2267679,"Eucheilota paradoxica Mayer, 1900",SPECIES,Animalia
134853288,8390568,3857,"Coscinospira hemprichii Ehrenberg, 1839",ACCEPTED,8390568,"Coscinospira hemprichii Ehrenberg, 1839",SPECIES,Chromista
134853289,2265163,4448,"Trichydra pudica Wright, 1857",ACCEPTED,2265163,"Trichydra pudica Wright, 1857",SPECIES,Animalia
134853291,2266125,3955,"Eudendrium carneum Clarke, 1882",ACCEPTED,2266125,"Eudendrium carneum Clarke, 1882",SPECIES,Animalia
134853293,2266154,3956,"Eudendrium merulum Watson, 1985",ACCEPTED,2266154,"Eudendrium merulum Watson, 1985",SPECIES,Animalia
134853294,8077296,3689,"Archaias angulatus (Fichtel & Moll, 1798)",ACCEPTED,8077296,"Archaias angulatus (Fichtel & Moll, 1798)",SPECIES,Chromista
134853296,2265741,3855,"Corymorpha annulata (Kramp, 1928)",ACCEPTED,2265741,"Corymorpha annulata (Kramp, 1928)",SPECIES,Animalia
134853303,2269539,3995,"Haliscera bigelowi Kramp, 1947",ACCEPTED,2269539,"Haliscera bigelowi Kramp, 1947",SPECIES,Animalia
134853304,7348337,3830,"Cochlodinium polykrikoides Margalef, 1961",ACCEPTED,7348337,Cochlodinium polykrikoides Margalef,SPECIES,Chromista
134853306,2269489,3691,"Arctapodema australis (Vanhöffen, 1902)",ACCEPTED,2269489,"Arctapodema australis (Vanhöffen, 1912)",SPECIES,Animalia
134853308,2269489,3690,"Arctapodema australis (Vanhöffen, 1902)",ACCEPTED,2269489,"Arctapodema australis (Vanhöffen, 1912)",SPECIES,Animalia
134853313,5715613,4394,"Siphonaria pectinata (Linnaeus, 1758)",ACCEPTED,5715613,"Siphonaria pectinata (Linnaeus, 1758)",SPECIES,Animalia
134853316,5192470,4308,"Potamopyrgus antipodarum (J.E. Gray, 1843)",ACCEPTED,5192470,"Potamopyrgus antipodarum (J.E.Gray, 1843)",SPECIES,Animalia
134853318,7517084,3792,Ceratoperidinium falcatum,SYNONYM,11072301,"Pseliodinium fusus (F.Schütt) F.Gómez, 2018",SPECIES,Chromista
134853320,4360148,4137,"Melibe viridis (Kelaart, 1858)",ACCEPTED,4360148,"Melibe viridis (Kelaart, 1858)",SPECIES,Animalia
134853322,4360013,3993,"Halgerda willeyi Eliot, 1904",ACCEPTED,4360013,"Halgerda willeyi Eliot, 1904",SPECIES,Animalia
134853328,,3751,Bursatella leachi sp. sic,,,Bursatella leachi sp. sic,,
134853329,3206034,4200,"Ostreopsis ovata Fukuyo, 1981",ACCEPTED,3206034,Ostreopsis ovata Fukuyo,SPECIES,Chromista
134853332,7910173,3635,Alexandrium ostenfeldii (Paulsen) Balech & Tangen,ACCEPTED,7910173,Alexandrium ostenfeldii (Paulsen) Balech & Tangen,SPECIES,Chromista
134853333,5191262,3685,"Aplysia dactylomela Rang, 1828",ACCEPTED,5191262,"Aplysia dactylomela Rang, 1828",SPECIES,Animalia
134853334,3205098,3636,"Alexandrium pseudogonyaulax (Biecheler) Horiguchi ex Kita & Fukuyo, 1992",ACCEPTED,3205098,Alexandrium pseudogonyaulax (Biecheler) Horiguchi ex Kita & Fukuyo,SPECIES,Chromista
134853344,2687885,3982,Ginkgo biloba L.,ACCEPTED,2687885,Ginkgo biloba L.,SPECIES,Plantae
134853345,5188827,4488,"Xenostrobus securis (Lamarck, 1819)",ACCEPTED,5188827,"Xenostrobus securis (Lamarck, 1819)",SPECIES,Animalia
134853349,4559541,4392,"Sinanodonta woodiana (Lea, 1834)",ACCEPTED,4559541,"Sinanodonta woodiana (I.Lea, 1834)",SPECIES,Animalia
134853355,6532399,4277,"Pinctada imbricata subsp. radiata (Leach, 1814)",SYNONYM,4374764,"Pinctada radiata (Leach, 1814)",SPECIES,Animalia
134853359,2286069,3860,"Crassostrea gigas (Thunberg, 1793)",HETEROTYPIC_SYNONYM,7820753,"Magallana gigas (Thunberg, 1793)",SPECIES,Animalia
134853362,5273413,4465,"Ulva fasciata Delile, 1813",SYNONYM,5273309,Ulva lactuca L.,SPECIES,Plantae
134853363,2287072,3917,"Dreissena polymorpha (Pallas, 1771)",ACCEPTED,2287072,"Dreissena polymorpha (Pallas, 1771)",SPECIES,Animalia
134853366,8190231,3843,"Corbicula fluminea (O.F. Müller, 1774)",ACCEPTED,8190231,"Corbicula fluminea (O.F.Müller, 1774)",SPECIES,Animalia
134853371,7230558,3831,Codium fragile subsp. fragile,ACCEPTED,7230558,Codium fragile subsp. fragile,SUBSPECIES,Plantae
134853372,4374596,3731,"Brachidontes pharaonis (P. Fischer, 1870)",ACCEPTED,4374596,"Brachidontes pharaonis (P.Fischer, 1870)",SPECIES,Animalia
134853373,6531311,3692,"Arcuatula senhousia (Benson in Cantor, 1842)",ACCEPTED,6531311,"Arcuatula senhousia (W.H.Benson, 1842)",SPECIES,Animalia
134853375,2643131,3781,"Caulerpa cylindracea Sonder, 1845",ACCEPTED,2643131,"Caulerpa cylindracea Sonder, 1845",SPECIES,Plantae
134853377,2643172,3782,"Caulerpa taxifolia (M.Vahl) C.Agardh, 1817",ACCEPTED,2643172,Caulerpa taxifolia (M.Vahl) C.Agardh,SPECIES,Plantae
134853383,6529629,3668,"Anadara kagoshimensis (Tokunaga, 1906)",ACCEPTED,6529629,"Anadara kagoshimensis (Tokunaga, 1906)",SPECIES,Animalia
134853385,5188945,3669,"Anadara transversa (Say, 1822)",ACCEPTED,5188945,"Anadara transversa (Say, 1822)",SPECIES,Animalia
134853386,2684860,4442,Thuja orientalis L.,SYNONYM,2684855,Platycladus orientalis (L.) Franco,SPECIES,Plantae
134853388,2684031,3872,Cupressus horizontalis Mill.,SYNONYM,2684030,Cupressus sempervirens L.,SPECIES,Plantae
134853389,2684191,4437,Taxodium distichum (L.) Rich.,ACCEPTED,2684191,Taxodium distichum (L.) Rich.,SPECIES,Plantae
134853390,2684178,4441,Thuja occidentalis L.,ACCEPTED,2684178,Thuja occidentalis L.,SPECIES,Plantae
134853393,5188945,3670,"Anadara transversa (Say, 1822)",ACCEPTED,5188945,"Anadara transversa (Say, 1822)",SPECIES,Animalia
134853395,2684363,4046,Juniperus chinensis L.,ACCEPTED,2684363,Juniperus chinensis L.,SPECIES,Plantae
134853399,2683969,3871,Cupressus arizonica Greene,ACCEPTED,2683969,Cupressus arizonica Greene,SPECIES,Plantae
134853400,2443002,4445,"Trachemys scripta Schoepff, 1792",ACCEPTED,2443002,"Trachemys scripta (Thunberg In Schoepff, 1792)",SPECIES,Animalia
134853401,5284237,3863,Cryptomeria japonica (Thunb. ex L. f.) D. Don,ACCEPTED,5284237,Cryptomeria japonica (Thunb. ex L.f.) D.Don,SPECIES,Plantae
134853404,2683866,3797,Chamaecyparis lawsoniana,ACCEPTED,2683866,Chamaecyparis lawsoniana (A.Murray bis) Parl.,SPECIES,Plantae
134853405,6159401,4291,"Podarcis siculus subsp. campestris De Betta, 1857",ACCEPTED,6159401,"Podarcis siculus campestris (De Betta, 1857)",SUBSPECIES,Animalia
134853407,2687182,4462,Tsuga canadensis (L.) Carrière,ACCEPTED,2687182,Tsuga canadensis (L.) Carrière,SPECIES,Plantae
134853411,5285247,4280,Pinus heldreichii H. Christ,ACCEPTED,5285247,Pinus heldreichii H.Christ,SPECIES,Plantae
134853412,2330172,3824,"Clavelina oblonga Herdman, 1880",ACCEPTED,2330172,"Clavelina oblonga Herdman, 1880",SPECIES,Animalia
134853413,5285565,4281,Pinus pinaster Aiton,ACCEPTED,5285565,Pinus pinaster Aiton,SPECIES,Plantae
134853414,5284982,4282,Pinus strobus L.,ACCEPTED,5284982,Pinus strobus L.,SPECIES,Plantae
134853415,5285134,4278,Pinus cembra L.,ACCEPTED,5285134,Pinus cembra L.,SPECIES,Plantae
134853417,5285604,4279,Pinus halepensis Mill.,ACCEPTED,5285604,Pinus halepensis Mill.,SPECIES,Plantae
134853419,5284950,4275,Picea omorika (Pancic) Purk.,ACCEPTED,5284950,Picea omorika (Pancic) Purk.,SPECIES,Plantae
134853421,2353225,4274,"Piaractus brachypomus (Cuvier, 1818)",ACCEPTED,2353225,"Piaractus brachypomus (Cuvier, 1818)",SPECIES,Animalia
134853424,5213449,4423,"Stephanolepis diaspros Fraser-Brunner, 1940",ACCEPTED,5213449,"Stephanolepis diaspros Fraser-Brunner, 1940",SPECIES,Animalia
134853425,2685796,4323,Pseudotsuga menziesii (Mirb.) Franco,ACCEPTED,2685796,Pseudotsuga menziesii (Mirb.) Franco,SPECIES,Plantae
134853427,2407758,4059,"Lagocephalus sceleratus (Gmelin, 1789)",ACCEPTED,2407758,"Lagocephalus sceleratus (Gmelin, 1789)",SPECIES,Animalia
134853429,2684391,4047,Juniperus virginiana L.,ACCEPTED,2684391,Juniperus virginiana L.,SPECIES,Plantae
134853431,2686212,4066,Larix decidua Mill.,ACCEPTED,2686212,Larix decidua Mill.,SPECIES,Plantae
134853432,2368598,4227,"Parexocoetus mento (Valenciennes, 1847)",ACCEPTED,2368598,"Parexocoetus mento (Valenciennes, 1847)",SPECIES,Animalia
134853433,5284702,3783,Cedrus atlantica (Endl.) Manetti ex Carriere,ACCEPTED,5284702,Cedrus atlantica (Endl.) Manetti ex Carriere,SPECIES,Plantae
134853434,5284698,3784,Cedrus deodara (Lamb.) G. Don,ACCEPTED,5284698,Cedrus deodara (Lamb.) G.Don,SPECIES,Plantae
134853435,5284682,3785,Cedrus libani A. Rich.,ACCEPTED,5284682,Cedrus libani A.Rich.,SPECIES,Plantae
134853440,2368819,4022,"Hyporhamphus Gill, 1859",ACCEPTED,2368819,"Hyporhamphus Gill, 1859",GENUS,Animalia
134853442,5281901,3766,"Campylopus introflexus Bridel, 1819",ACCEPTED,5281901,Campylopus introflexus (Hedw.) Brid.,SPECIES,Plantae
134853443,2368968,4007,"Hemiramphus far (Forsskål, 1775)",ACCEPTED,2368968,"Hemiramphus far (Forsskål, 1775)",SPECIES,Animalia
134853449,2350570,3980,"Gambusia holbrooki Girard, 1859",ACCEPTED,2350570,"Gambusia holbrooki Girard, 1859",SPECIES,Animalia
134853451,2350580,3979,"Gambusia affinis (Baird & Girard, 1853)",ACCEPTED,2350580,"Gambusia affinis (Baird & Girard, 1853)",SPECIES,Animalia
134853452,2650829,3888,Cyrtomium falcatum (L. fil.) Presl,ACCEPTED,2650829,Cyrtomium falcatum (L.fil.) C.Presl,SPECIES,Plantae
134853457,5200938,3968,"Fistularia commersonii Rüppell, 1838",ACCEPTED,5200938,"Fistularia commersonii Rüppell, 1838",SPECIES,Animalia
134853458,2650107,3719,Azolla filiculoides Lam.,ACCEPTED,2650107,Azolla filiculoides Lam.,SPECIES,Plantae
134853460,4196474,3718,Azolla cristata Kaulf.,ACCEPTED,4196474,Azolla cristata Kaulf.,SPECIES,Plantae
134853464,2390262,4388,"Siganus luridus (Rüppell, 1829)",ACCEPTED,2390262,"Siganus luridus (Rüppell, 1829)",SPECIES,Animalia
134853467,5279834,3703,"Asparagopsis taxiformis (Delile) Trevisan de Saint-Léon, 1845",ACCEPTED,5279834,Asparagopsis taxiformis (Delile) Trevis.,SPECIES,Plantae
134853468,5279840,3702,"Asparagopsis armata Harvey, 1855",ACCEPTED,5279840,Asparagopsis armata Harv.,SPECIES,Plantae
134853470,2390185,4389,"Siganus rivulatus Forsskål & Niebuhr, 1775",ACCEPTED,2390185,"Siganus rivulatus Forsskål & Niebuhr, 1775",SPECIES,Animalia
134853472,5277463,4485,"Womersleyella setacea (Hollenberg) R.E.Norris, 1992",ACCEPTED,5277463,Womersleyella setacea (Hollenberg) R.E.Norris,SPECIES,Plantae
134853474,2374535,4438,"Terapon theraps Cuvier, 1829",ACCEPTED,2374535,"Terapon theraps Cuvier, 1829",SPECIES,Animalia
134853477,2394252,4414,"Sphyraena chrysotaenia Klunzinger, 1884",ACCEPTED,2394252,"Sphyraena chrysotaenia Klunzinger, 1884",SPECIES,Animalia
134853479,4285694,4194,"Oreochromis niloticus (Linnaeus, 1758)",ACCEPTED,4285694,"Oreochromis niloticus (Linnaeus, 1758)",SPECIES,Animalia
134853481,2392240,4189,"Oplegnathus fasciatus (Temminck & Schlegel, 1844)",ACCEPTED,2392240,"Oplegnathus fasciatus (Temminck & Schlegel, 1844)",SPECIES,Animalia
134853482,5277838,4298,"Polysiphonia paniculata Montagne, 1842",ACCEPTED,5277838,Polysiphonia paniculata,SPECIES,Plantae
134853484,2390064,4244,"Perccottus glenii Dybowski, 1877",ACCEPTED,2390064,"Perccottus glenii Dybowski, 1877",SPECIES,Animalia
134853486,2659723,4102,"Lophocladia lallemandii (Montagne) F.Schmitz, 1893",ACCEPTED,2659723,"Lophocladia lallemandii (Mont.) F.Schmitz, 1893",SPECIES,Plantae
134853487,5210935,4212,"Pagrus major (Temminck & Schlegel, 1843)",ACCEPTED,5210935,"Pagrus major (Temminck & Schlegel, 1843)",SPECIES,Animalia
134853489,2397682,4215,"Pampus argenteus (Euphrasen, 1788)",ACCEPTED,2397682,"Pampus argenteus (Euphrasen, 1788)",SPECIES,Animalia
134853490,5279755,3808,"Chondria coerulescens (J.Agardh) Falkenberg, 1901",ACCEPTED,5279755,Chondria coerulescens (J.Agardh) Falkenb.,SPECIES,Plantae
134853492,5279795,3809,"Chondria pygmaea Garbary & Vandermeulen, 1990",ACCEPTED,5279795,"Chondria pygmaea Garbary & Vandermeulen, 1990",SPECIES,Plantae
134853493,2394612,4146,"Morone saxatilis (Walbaum, 1792)",ACCEPTED,2394612,"Morone saxatilis (Walbaum, 1792)",SPECIES,Animalia
134853497,2379062,4160,"Neogobius kessleri (Günther, 1861)",SYNONYM,4285968,"Ponticola kessleri (Günther, 1861)",SPECIES,Animalia
134853498,2379089,4161,"Neogobius melanostomus (Pallas, 1814)",ACCEPTED,2379089,"Neogobius melanostomus (Pallas, 1814)",SPECIES,Animalia
134853499,2658484,3611,"Acrothamnion preissii (Sonder) E.M.Wollaston, 1968",ACCEPTED,2658484,Acrothamnion preissii (Sonder) E.M.Wollaston,SPECIES,Plantae
134853500,2379105,4159,"Neogobius fluviatilis (Pallas, 1814)",ACCEPTED,2379105,"Neogobius fluviatilis (Pallas, 1814)",SPECIES,Animalia
134853502,2394563,4142,"Micropterus salmoides Lacepède, 1802",ACCEPTED,2394563,"Micropterus salmoides (Lacepède, 1802)",SPECIES,Animalia
134853503,2394486,4075,"Lepomis gibbosus (Linnaeus, 1758)",ACCEPTED,2394486,"Lepomis gibbosus (Linnaeus, 1758)",SPECIES,Animalia
134853506,5211452,4012,"Holacanthus ciliaris (Linnaeus, 1758)",ACCEPTED,5211452,"Holacanthus ciliaris (Linnaeus, 1758)",SPECIES,Animalia
134853510,2891661,4207,Oxalis pes-caprae L.,ACCEPTED,2891661,Oxalis pes-caprae L.,SPECIES,Plantae
134853514,5341792,4268,Physalis angulata L.,ACCEPTED,5341792,Physalis angulata L.,SPECIES,Plantae
134853515,2928774,4170,Nicotiana tabacum L.,ACCEPTED,2928774,Nicotiana tabacum L.,SPECIES,Plantae
134853516,2928761,4167,Nicotiana alata Link & Otto,ACCEPTED,2928761,Nicotiana alata Link & Otto,SPECIES,Plantae
134853519,2387685,4225,"Paranthias furcifer (Valenciennes, 1828)",ACCEPTED,2387685,"Paranthias furcifer (Valenciennes, 1828)",SPECIES,Animalia
134853520,2753090,4082,Lilium candidum L.,ACCEPTED,2753090,Lilium candidum L.,SPECIES,Plantae
134853521,2388213,3938,"Epinephelus coioides (Hamilton, 1822)",ACCEPTED,2388213,"Epinephelus coioides (Hamilton, 1822)",SPECIES,Animalia
134853522,5300716,3976,Fritillaria imperialis L.,ACCEPTED,5300716,Fritillaria imperialis L.,SPECIES,Plantae
134853524,2396338,3939,"Equulites klunzingeri (Steindachner, 1898)",ACCEPTED,2396338,"Equulites klunzingeri (Steindachner, 1898)",SPECIES,Animalia
134853528,5329404,4151,Najas graminea Delile,ACCEPTED,5329404,Najas graminea Delile,SPECIES,Plantae
134853530,2865448,3929,Elodea canadensis Michx.,ACCEPTED,2865448,Elodea canadensis Michx.,SPECIES,Plantae
134853531,5329212,3930,Elodea nuttallii (Planch.) H.St.John,ACCEPTED,5329212,Elodea nuttallii (Planch.) H.St.John,SPECIES,Plantae
134853532,2335806,3925,"Elates ransonnettii (Steindachner, 1876)",ACCEPTED,2335806,"Elates ransonnettii (Steindachner, 1876)",SPECIES,Animalia
134853534,2868827,4493,Zantedeschia aethiopica (L.) Spreng.,ACCEPTED,2868827,Zantedeschia aethiopica (L.) Spreng.,SPECIES,Plantae
134853535,5330776,3833,Colocasia esculenta (L.) Schott,ACCEPTED,5330776,Colocasia esculenta (L.) Schott,SPECIES,Plantae
134853539,2765156,4447,Tradescantia fluminensis Vell.,ACCEPTED,2765156,Tradescantia fluminensis Vell.,SPECIES,Plantae
134853540,2764179,3837,Commelina communis L.,ACCEPTED,2764179,Commelina communis L.,SPECIES,Plantae
134853543,5294589,4482,Washingtonia filifera (Rafarin) H.Wendl. ex de Bary,ACCEPTED,5294589,Washingtonia filifera (Rafarin) H.Wendl. ex de Bary,SPECIES,Plantae
134853544,5962255,3877,"Cyclopterus lumpus Linnaeus, 1758",ACCEPTED,5962255,"Cyclopterus lumpus Linnaeus, 1758",SPECIES,Animalia
134853545,2739071,4446,Trachycarpus fortunei (Hook.) H.Wendl.,ACCEPTED,2739071,Trachycarpus fortunei (Hook.) H.Wendl.,SPECIES,Plantae
134853548,2351271,4366,"Salvelinus fontinalis (Mitchill, 1814)",ACCEPTED,2351271,"Salvelinus fontinalis (Mitchill, 1814)",SPECIES,Animalia
134853549,6109699,4262,Phoenix dactylifera L.,ACCEPTED,6109699,Phoenix dactylifera L.,SPECIES,Plantae
134853550,6109529,4261,Phoenix canariensis Chabaud,DOUBTFUL,6109529,Phoenix canariensis hort. ex Chabaud,SPECIES,Plantae
134853551,2736625,3798,Chamaerops humilis L.,ACCEPTED,2736625,Chamaerops humilis L.,SPECIES,Plantae
134853554,4284021,4365,"Salvelinus alpinus (Linnaeus, 1758)",ACCEPTED,4284021,"Salvelinus alpinus (Linnaeus, 1758)",SPECIES,Animalia
134853555,3085191,3786,Celosia argentea L.,ACCEPTED,3085191,Celosia argentea L.,SPECIES,Plantae
134853558,5204019,4184,"Oncorhynchus mykiss (Walbaum, 1792)",ACCEPTED,5204019,"Oncorhynchus mykiss (Walbaum, 1792)",SPECIES,Animalia
134853559,8034409,3767,Canna indica L.,ACCEPTED,8034409,Canna indica L.,SPECIES,Plantae
134853560,2351211,3845,"Coregonus lavaretus (Linnaeus, 1758)",ACCEPTED,2351211,"Coregonus lavaretus (Linnaeus, 1758)",SPECIES,Animalia
134853562,2351136,3846,"Coregonus peled (Gmelin, 1789)",ACCEPTED,2351136,"Coregonus peled (Gmelin, 1789)",SPECIES,Animalia
134853565,2362868,4322,"Pseudorasbora parva (Temminck & Schlegel, 1846)",ACCEPTED,2362868,"Pseudorasbora parva (Temminck & Schlegel, 1846)",SPECIES,Animalia
134853566,2362473,4020,"Hypophthalmichthys molitrix (Valenciennes, 1844)",ACCEPTED,2362473,"Hypophthalmichthys molitrix (Valenciennes, 1844)",SPECIES,Animalia
134853568,2362486,4021,"Hypophthalmichthys nobilis (Richardson, 1845)",ACCEPTED,2362486,"Hypophthalmichthys nobilis (Richardson, 1845)",SPECIES,Animalia
134853569,2702084,4045,Juncus tenuis Willd.,ACCEPTED,2702084,Juncus tenuis Willd.,SPECIES,Plantae
134853571,2362030,3864,"Ctenopharyngodon idella (Valenciennes, 1844)",ACCEPTED,2362030,"Ctenopharyngodon idella (Valenciennes, 1844)",SPECIES,Animalia
134853572,2366634,3773,"Carassius gibelio (Bloch, 1782)",ACCEPTED,2366634,"Carassius gibelio (Bloch, 1782)",SPECIES,Animalia
134853573,2720282,4373,Scirpus pendulus Muhl.,ACCEPTED,2720282,Scirpus pendulus Muhl.,SPECIES,Plantae
134853574,2716719,3887,Cyperus strigosus L.,ACCEPTED,2716719,Cyperus strigosus L.,SPECIES,Plantae
134853575,4286942,3772,"Carassius auratus (Linnaeus, 1758)",ACCEPTED,4286942,"Carassius auratus (Linnaeus, 1758)",SPECIES,Animalia
134853578,2340977,3660,"Ameiurus melas (Rafinesque, 1820)",ACCEPTED,2340977,"Ameiurus melas (Rafinesque, 1820)",SPECIES,Animalia
134853579,2340989,3661,"Ameiurus nebulosus (Lesueur, 1819)",ACCEPTED,2340989,"Ameiurus nebulosus (Lesueur, 1819)",SPECIES,Animalia
134853580,2714156,3884,Cyperus alternifolius L.,ACCEPTED,2714156,Cyperus alternifolius L.,SPECIES,Plantae
134853582,2716226,3886,Cyperus esculentus L.,ACCEPTED,2716226,Cyperus esculentus L.,SPECIES,Plantae
134853584,2715482,3885,Cyperus eragrostis Lam.,ACCEPTED,2715482,Cyperus eragrostis Lam.,SPECIES,Plantae
134853586,2436940,4198,"Oryctolagus cuniculus (Linnaeus, 1758)",ACCEPTED,2436940,"Oryctolagus cuniculus (Linnaeus, 1758)",SPECIES,Animalia
134853588,2725754,3774,Carex punctata Gaudin,ACCEPTED,2725754,Carex punctata Gaudin,SPECIES,Plantae
134853590,2439261,4336,"Rattus norvegicus (Berkenhout, 1769)",ACCEPTED,2439261,"Rattus norvegicus (Berkenhout, 1769)",SPECIES,Animalia
134853591,2439270,4337,"Rattus rattus (Linnaeus, 1758)",ACCEPTED,2439270,"Rattus rattus (Linnaeus, 1758)",SPECIES,Animalia
134853593,5219858,4185,"Ondatra zibethicus (Linnaeus, 1766)",ACCEPTED,5219858,"Ondatra zibethicus (Linnaeus, 1766)",SPECIES,Animalia
134853594,5290052,4494,Zea mays L.,ACCEPTED,5290052,Zea mays L.,SPECIES,Plantae
134853597,4264680,4150,"Myocastor coypus (Molina, 1782)",ACCEPTED,4264680,"Myocastor coypus (Molina, 1782)",SPECIES,Animalia
134853598,4105936,4236,Paspalum paspalodes (Michx.) Scribn.,SYNONYM,2705622,Paspalum distichum L.,SPECIES,Plantae
134853602,4105658,4413,Sorghum sudanense (Piper) Stapf,SYNONYM,2705184,Sorghum ×drummondii (Nees ex Steud.) Millsp. & Chase,SPECIES,Plantae
134853603,2434552,4176,"Nyctereutes procyonoides (Gray, 1834)",ACCEPTED,2434552,"Nyctereutes procyonoides (Gray, 1834)",SPECIES,Animalia
134853606,7395899,4384,Setaria geniculata P.Beauv.,HETEROTYPIC_SYNONYM,5289679,Setaria parviflora (Poir.) Kerguélen,SPECIES,Plantae
134853608,5289698,4385,Setaria italica (L.) P.Beauv.,ACCEPTED,5289698,Setaria italica (L.) P.Beauv.,SPECIES,Plantae
134853609,2705966,4374,Secale cereale L.,ACCEPTED,2705966,Secale cereale L.,SPECIES,Plantae
134853610,7795888,4452,Triticum aestivum L.,ACCEPTED,7795888,Triticum aestivum L.,SPECIES,Plantae
134853611,2434282,4009,"Herpestes auropunctatus (Hodgson, 1836)",SYNONYM,6164088,"Herpestes javanicus auropunctatus (Hodgson, 1836)",SUBSPECIES,Animalia
134853614,5220136,3891,"Dama dama (Linnaeus, 1758)",ACCEPTED,5220136,"Dama dama (Linnaeus, 1758)",SPECIES,Animalia
134853615,2706402,4457,Triticum spelta L.,SYNONYM,2706403,Triticum aestivum subsp. spelta (L.) Thell.,SUBSPECIES,Plantae
134853616,2440934,3717,"Axis axis (Erxleben, 1777)",ACCEPTED,2440934,"Axis axis (Erxleben, 1777)",SPECIES,Animalia
134853618,7883427,4455,Triticum monococcum L.,ACCEPTED,7883427,Triticum monococcum L.,SPECIES,Plantae
134853619,6165157,4201,"Ovis aries subsp. musimon (Pallas, 1811)",ACCEPTED,6165157,"Ovis aries musimon (Pallas, 1811)",SUBSPECIES,Animalia
134853620,2706406,4458,Triticum turgidum L.,ACCEPTED,2706406,Triticum turgidum L.,SPECIES,Plantae
134853621,2706421,4456,Triticum polonicum L.,SYNONYM,6313049,Triticum turgidum subsp. polonicum (L.) Thell.,SUBSPECIES,Plantae
134853622,2706389,4454,Triticum durum Desf.,SYNONYM,6313051,Triticum turgidum subsp. durum (Desf.) Husn.,SUBSPECIES,Plantae
134853623,8168170,4453,Triticum dicoccum Schrank ex Schübl.,SYNONYM,8389446,Triticum turgidum subsp. dicoccum (Schrank ex Schübl.) Thell.,SUBSPECIES,Plantae
134853624,2441005,3664,"Ammotragus lervia (Pallas, 1777)",ACCEPTED,2441005,"Ammotragus lervia (Pallas, 1777)",SPECIES,Animalia
134853628,9791464,3832,"Colinus virginianus (Linnaeus, 1758)",ACCEPTED,9791464,"Colinus virginianus (Linnaeus, 1758)",SPECIES,Animalia
134853629,2705185,4412,Sorghum halepense (L.) Pers.,ACCEPTED,2705185,Sorghum halepense (L.) Pers.,SPECIES,Plantae
134853630,2705181,4411,Sorghum bicolor (L.) Moench,ACCEPTED,2705181,Sorghum bicolor (L.) Moench,SPECIES,Plantae
134853631,2704793,4419,Sporobolus neglectus Nash,ACCEPTED,2704793,Sporobolus neglectus Nash,SPECIES,Plantae
134853633,2704768,4420,Sporobolus vaginiflorus (A.Gray) Alph.Wood,ACCEPTED,2704768,Sporobolus vaginiflorus (Torr. ex A.Gray) Alph.Wood,SPECIES,Plantae
134853634,9752149,4258,"Phasianus colchicus Linnaeus, 1758",ACCEPTED,9752149,"Phasianus colchicus Linnaeus, 1758",SPECIES,Animalia
134853635,2703459,4199,Oryza sativa L.,ACCEPTED,2703459,Oryza sativa L.,SPECIES,Plantae
134853636,2474029,3634,"Alectoris chukar (J. E. Gray, 1830)",ACCEPTED,2474029,"Alectoris chukar (J.E.Gray, 1830)",SPECIES,Animalia
134853637,2706141,4242,Pennisetum glaucum (L.) R.Br.,SYNONYM,5828197,Cenchrus americanus (L.) Morrone,SPECIES,Plantae
134853639,2706154,4243,Pennisetum villosum Fresen.,SYNONYM,5290192,Cenchrus longisetus M.C.Johnst.,SPECIES,Plantae
134853641,5289744,4253,Phalaris canariensis L.,ACCEPTED,5289744,Phalaris canariensis L.,SPECIES,Plantae
134853642,2705565,4235,Paspalum dilatatum Poir.,ACCEPTED,2705565,Paspalum dilatatum Poir.,SPECIES,Plantae
134853643,2705090,4219,Panicum miliaceum L.,ACCEPTED,2705090,Panicum miliaceum L.,SPECIES,Plantae
134853644,2705144,4218,Panicum dichotomiflorum Michx.,ACCEPTED,2705144,Panicum dichotomiflorum Michx.,SPECIES,Plantae
134853645,2498344,3881,"Cygnus atratus (Latham, 1790)",ACCEPTED,2498344,"Cygnus atratus (Latham, 1790)",SPECIES,Animalia
134853646,2705162,4217,Panicum capillare L.,ACCEPTED,2705162,Panicum capillare L.,SPECIES,Plantae
134853647,2704002,4149,Muhlenbergia schreberi J.F.Gmel.,ACCEPTED,2704002,Muhlenbergia schreberi J.F.Gmel.,SPECIES,Plantae
134853648,2498387,3631,"Aix sponsa (Linnaeus, 1758)",ACCEPTED,2498387,"Aix sponsa (Linnaeus, 1758)",SPECIES,Animalia
134853649,2498388,3630,"Aix galericulata (Linnaeus, 1758)",ACCEPTED,2498388,"Aix galericulata (Linnaeus, 1758)",SPECIES,Animalia
134853652,2706242,4092,Lolium temulentum L.,ACCEPTED,2706242,Lolium temulentum L.,SPECIES,Plantae
134853654,2706056,4014,Hordeum vulgare L.,ACCEPTED,2706056,Hordeum vulgare L.,SPECIES,Plantae
134853656,2129330,4220,"Panonychus citri (McGregor, 1916)",ACCEPTED,2129330,"Panonychus citri (McGregor, 1916)",SPECIES,Animalia
134853658,8332019,4013,Hordeum distichon L.,ACCEPTED,8332019,Hordeum distichon L.,SPECIES,Plantae
134853659,6431411,3922,Echinochloa colona (L.) Link,ACCEPTED,6431411,Echinochloa colonum (L.) Link,SPECIES,Plantae
134853660,5774728,3948,"Eriophyes pyri (Pagenstecher, 1857) Pagenstecher, 1857",ACCEPTED,5774728,"Eriophyes pyri (H.A.Pagenstecher, 1857)",SPECIES,Animalia
134853661,2705957,3926,Eleusine coracana (L.) Gaertn.,ACCEPTED,2705957,Eleusine coracana (L.) Gaertn.,SPECIES,Plantae
134853662,2705953,3927,Eleusine indica (L.) Gaertn.,ACCEPTED,2705953,Eleusine indica (L.) Gaertn.,SPECIES,Plantae
134853663,2705955,3928,Eleusine tristachya (Lam.) Lam.,ACCEPTED,2705955,Eleusine tristachya (Lam.) Lam.,SPECIES,Plantae
134853664,5289731,3788,Cenchrus longispinus (Hack.) Fernald,ACCEPTED,5289731,Cenchrus longispinus (Hack.) Fernald,SPECIES,Plantae
134853666,2131090,3743,"Brevipalpus obovatus Donnadieu, 1875",ACCEPTED,2131090,"Brevipalpus obovatus Donnadieu, 1875",SPECIES,Animalia
134853670,2703705,3744,Bromus arvensis L.,ACCEPTED,2703705,Bromus arvensis L.,SPECIES,Plantae
134853671,5177089,4039,"Jaera istri Veuille, 1979",ACCEPTED,5177089,"Jaera istri Veuille, 1979",SPECIES,Animalia
134853672,2703723,3745,Bromus catharticus Vahl,ACCEPTED,2703723,Bromus catharticus Vahl,SPECIES,Plantae
134853673,2703717,3746,Bromus secalinus L.,ACCEPTED,2703717,Bromus secalinus L.,SPECIES,Plantae
134853674,2705297,3715,Avena fatua L.,ACCEPTED,2705297,Avena fatua L.,SPECIES,Plantae
134853676,2705290,3716,Avena sativa L.,ACCEPTED,2705290,Avena sativa L.,SPECIES,Plantae
134853678,2703041,3700,Arundo donax L.,ACCEPTED,2703041,Arundo donax L.,SPECIES,Plantae
134853680,2220347,4083,"Limnomysis benedeni Czerniavsky, 1882",ACCEPTED,2220347,"Limnomysis benedeni Czerniavsky, 1882",SPECIES,Animalia
134853682,2781074,4003,Hemerocallis fulva (L.) L.,ACCEPTED,2781074,Hemerocallis fulva (L.) L.,SPECIES,Plantae
134853683,2781103,4004,Hemerocallis lilioasphodelus L.,ACCEPTED,2781103,Hemerocallis lilioasphodelus L.,SPECIES,Plantae
134853684,2221273,4048,"Katamysis warpachowskyi G. O. Sars, 1893",ACCEPTED,2221273,"Katamysis warpachowskyi G.O.Sars, 1893",SPECIES,Animalia
134853686,5296097,4395,Sisyrinchium bermudiana L.,ACCEPTED,5296097,Sisyrinchium bermudiana L.,SPECIES,Plantae
134853687,5296178,4396,Sisyrinchium montanum Greene,ACCEPTED,5296178,Sisyrinchium montanum Greene,SPECIES,Plantae
134853688,2220312,4006,"Hemimysis anomala G. O. Sars, 1907",ACCEPTED,2220312,"Hemimysis anomala G.O.Sars, 1907",SPECIES,Animalia
134853690,5298765,4036,Iris foetidissima L.,ACCEPTED,5298765,Iris foetidissima L.,SPECIES,Plantae
134853692,4417156,4178,"Obesogammarus obesus (Sars G.O., 1894)",ACCEPTED,4417156,"Obesogammarus obesus (G.O.Sars, 1894)",SPECIES,Animalia
134853694,4315705,3911,"Dikerogammarus villosus (Sowinsky, 1894)",ACCEPTED,4315705,"Dikerogammarus villosus (Sowinsky, 1894)",SPECIES,Animalia
134853695,4315703,3910,"Dikerogammarus haemobaphes (Eichwald, 1841)",ACCEPTED,4315703,"Dikerogammarus haemobaphes (Eichwald, 1841)",SPECIES,Animalia
134853696,4315704,3909,"Dikerogammarus bispinosus Martynov, 1925",ACCEPTED,4315704,"Dikerogammarus bispinosus Martynov, 1925",SPECIES,Animalia
134853697,5298086,4037,Iris pallida Lam.,ACCEPTED,5298086,Iris pallida Lam.,SPECIES,Plantae
134853699,4314683,3800,"Chelicorophium curvispinum (G.O. Sars, 1895)",ACCEPTED,4314683,"Chelicorophium curvispinum (G.O.Sars, 1895)",SPECIES,Animalia
134853702,2747430,3862,Crocus sativus L.,ACCEPTED,2747430,Crocus sativus L.,SPECIES,Plantae
134853705,,4311,"Procambarus fallax f. virginalis Martin, Dorn, Kawai, van der Heiden & Scholtz, 2010",,,"Procambarus fallax f. virginalis Martin, Dorn, Kawai, van der Heiden & Scholtz, 2010",,
134853707,2227000,4193,"Orconectes limosus (Rafinesque, 1817)",SYNONYM,8909595,"Faxonius limosus (Rafinesque, 1817)",SPECIES,Animalia
134853709,2225783,4245,"Percnon gibbesi (H. Milne Edwards, 1853)",ACCEPTED,2225783,"Percnon gibbesi (H.Milne Edwards, 1853)",SPECIES,Animalia
134853710,7668251,3640,Allium porrum L.,HETEROTYPIC_SYNONYM,2856037,Allium ampeloprasum L.,SPECIES,Plantae
134853712,2226990,4210,"Pacifastacus leniusculus (Dana, 1852)",ACCEPTED,2226990,"Pacifastacus leniusculus (Dana, 1852)",SPECIES,Animalia
134853714,2225772,4005,"Hemigrapsus sanguineus (De Haan, 1835)",ACCEPTED,2225772,"Hemigrapsus sanguineus (De Haan, 1835)",SPECIES,Animalia
134853716,2225646,3756,"Callinectes sapidus Rathbun, 1896",ACCEPTED,2225646,"Callinectes sapidus Rathbun, 1896",SPECIES,Animalia
134853718,2858472,4155,Narcissus odorus L.,ACCEPTED,2858472,Narcissus ×odorus L.,SPECIES,Plantae
134853720,2114793,3694,"Arietellus pavoninus G. O. Sars, 1905",ACCEPTED,2114793,"Arietellus pavoninus Sars G.O., 1905",SPECIES,Animalia
134853721,2858244,4156,Narcissus pseudonarcissus L.,ACCEPTED,2858244,Narcissus pseudonarcissus L.,SPECIES,Plantae
134853724,2115692,3720,Balanus tintinnabulum,SYNONYM,5166487,"Megabalanus tintinnabulum (Linnaeus, 1758)",SPECIES,Animalia
134853725,2115724,3721,"Balanus trigonus Darwin, 1854",ACCEPTED,2115724,"Balanus trigonus Darwin, 1854",SPECIES,Animalia
134853726,5862470,3666,"Amphibalanus eburneus Gould, 1841",ACCEPTED,5862470,"Amphibalanus eburneus (Gould, 1841)",SPECIES,Animalia
134853727,2858909,4153,Narcissus jonquilla L.,ACCEPTED,2858909,Narcissus jonquilla L.,SPECIES,Plantae
134853728,2858896,4154,Narcissus medioluteus Mill.,ACCEPTED,2858896,Narcissus ×medioluteus Mill.,SPECIES,Plantae
134853729,6467647,3667,"Amphibalanus improvisus Darwin, 1854",ACCEPTED,6467647,"Amphibalanus improvisus (Darwin, 1854)",SPECIES,Animalia
134853732,2859255,4152,Narcissus incomparabilis Mill.,ACCEPTED,2859255,Narcissus ×incomparabilis Mill.,SPECIES,Plantae
134853733,2857697,3638,Allium cepa L.,ACCEPTED,2857697,Allium cepa L.,SPECIES,Plantae
134853734,2856504,3639,Allium fistulosum L.,ACCEPTED,2856504,Allium fistulosum L.,SPECIES,Plantae
134853736,2856558,3637,Allium ascalonicum L.,ACCEPTED,2856558,Allium ascalonicum L.,SPECIES,Plantae
134853737,2114232,4234,"Parvocalanus crassirostris (F. Dahl, 1894)",ACCEPTED,2114232,"Parvocalanus crassirostris (Dahl F., 1894)",SPECIES,Animalia
134853738,2856681,3641,Allium sativum L.,ACCEPTED,2856681,Allium sativum L.,SPECIES,Plantae
134853742,2775677,4492,Yucca recurvifolia Salisb.,SYNONYM,2775683,Yucca gloriosa var. tristis Carrière,VARIETY,Plantae
134853744,6467549,3615,"Adna anglica Sowerby, 1823",ACCEPTED,6467549,"Adna anglica (Sowerby, 1823)",SPECIES,Animalia
134853745,2775744,4490,Yucca aloifolia L.,ACCEPTED,2775744,Yucca aloifolia L.,SPECIES,Plantae
134853746,2775561,4491,Yucca filamentosa L.,ACCEPTED,2775561,Yucca filamentosa L.,SPECIES,Plantae
134853750,2769760,4359,Ruscus microglossus Bertol.,ACCEPTED,2769760,Ruscus ×microglossus Bertol.,SPECIES,Plantae
134853751,8382786,4128,"Massilieurodes chittendeni (Laing, 1928)",ACCEPTED,8382786,"Massilieurodes chittendeni (Laing, 1928)",SPECIES,Animalia
134853752,2769757,4358,Ruscus hypophyllum L.,ACCEPTED,2769757,Ruscus hypophyllum L.,SPECIES,Plantae
134853753,2774158,4188,Ophiopogon japonicus (Thunb.) Ker Gawl.,ACCEPTED,2774158,Ophiopogon japonicus (Thunb.) Ker Gawl.,SPECIES,Plantae
134853756,2772666,4016,Hyacinthus orientalis L.,ACCEPTED,2772666,Hyacinthus orientalis L.,SPECIES,Plantae
134853757,1417654,4078,"Leptopsylla segnis (Schonherr, 1811)",ACCEPTED,1417654,"Leptopsylla segnis (Schönherr, 1811)",SPECIES,Animalia
134853758,5304257,4015,Hyacinthoides hispanica (Mill.) Rothm.,ACCEPTED,5304257,Hyacinthoides hispanica (Mill.) Rothm.,SPECIES,Plantae
134853760,2766411,3844,Cordyline australis (G.Forst.) Endl.,ACCEPTED,2766411,Cordyline australis (G.Forst.) Endl.,SPECIES,Plantae
134853762,1419894,3953,"Euborellia annulipes (Lucas, HF, 1847)",ACCEPTED,1419894,"Euborellia annulipes (Lucas, 1847)",SPECIES,Animalia
134853765,8351995,3973,"Frankliniella occidentalis (Pergande, 1895)",ACCEPTED,8351995,"Frankliniella occidentalis (Pergande, 1895)",SPECIES,Animalia
134853766,2769937,3705,Aspidistra elatior Blume,ACCEPTED,2769937,Aspidistra elatior Blume,SPECIES,Plantae
134853767,2767031,3626,Agave americana L.,ACCEPTED,2767031,Agave americana L.,SPECIES,Plantae
134853772,2873769,3610,Acorus calamus L.,ACCEPTED,2873769,Acorus calamus L.,SPECIES,Plantae
134853774,8006995,4312,"Protopulvinaria pyriformis (Cockerell, 1894)",ACCEPTED,8006995,"Protopulvinaria pyriformis (Cockerell, 1894)",SPECIES,Animalia
134853778,3152815,4288,Platanus acerifolia (Ait.) Willd.,SYNONYM,7400250,Platanus ×hispanica Mill. ex Münchh.,SPECIES,Plantae
134853779,4484535,4163,"Neopulvinaria innumerabilis (Rathvon, 1854) Rathvon, 1854",ACCEPTED,4484535,"Neopulvinaria innumerabilis (Rathvon, 1854)",SPECIES,Animalia
134853780,3152816,4289,Platanus orientalis L.,ACCEPTED,3152816,Platanus orientalis L.,SPECIES,Plantae
134853784,8370390,4030,"Insignorthezia insignis (Browne, 1887)",ACCEPTED,8370390,"Insignorthezia insignis (Browne, 1887)",SPECIES,Animalia
134853785,2891664,4202,Oxalis articulata Savigny,ACCEPTED,2891664,Oxalis articulata Savigny,SPECIES,Plantae
134853787,8427624,4203,Oxalis corniculata L.,ACCEPTED,8427624,Oxalis corniculata L.,SPECIES,Plantae
134853788,2088123,4054,"Kuwanaspis pseudoleucaspis (Kuwana, 1923)",ACCEPTED,2088123,"Kuwanaspis pseudoleucaspis (Kuwana, 1923)",SPECIES,Animalia
134853790,7560711,4208,Oxalis tetraphylla Cav.,ACCEPTED,7560711,Oxalis tetraphylla Cav.,SPECIES,Plantae
134853791,5163968,3678,"Antonina crawi Cockerell, 1900",ACCEPTED,5163968,"Antonina crawi Cockerell, 1900",SPECIES,Animalia
134853792,3627206,4204,Oxalis deppei Schltdl. ex Hemsl.,SYNONYM,7560711,Oxalis tetraphylla Cav.,SPECIES,Plantae
134853793,2891677,4205,Oxalis dillenii Jacq.,ACCEPTED,2891677,Oxalis dillenii Jacq.,SPECIES,Plantae
134853794,8156718,4206,Oxalis fontana,SYNONYM,9823072,Oxalis stricta L.,SPECIES,Plantae
134853799,7410966,4177,Nymphaea candida C. Presl,ACCEPTED,7410966,Nymphaea candida C.Presl,SPECIES,Plantae
134853800,1622599,4340,"Rhagoletis cingulata (Loew, 1862)",ACCEPTED,1622599,"Rhagoletis cingulata (Loew, 1862)",SPECIES,Animalia
134853803,1553410,4089,"Liriomyza huidobrensis Blanchard, 1926",ACCEPTED,1553410,"Liriomyza huidobrensis (Blanchard, 1926)",SPECIES,Animalia
134853806,5073820,3918,"Drosophila suzukii (Matsumura, 1931)",ACCEPTED,5073820,"Drosophila suzukii (Matsumura, 1931)",SPECIES,Animalia
134853807,,4481,Vitis vinifera subsp. vinifera,,,Vitis vinifera subsp. vinifera,,
134853808,5372424,4480,Vitis labrusca L.,ACCEPTED,5372424,Vitis labrusca L.,SPECIES,Plantae
134853810,3039203,4230,Parthenocissus inserta (A. Kerner) Fritsch,ACCEPTED,3039203,Parthenocissus inserta (A.Kern.) Fritsch,SPECIES,Plantae
134853811,3039209,4232,Parthenocissus tricuspidata (Siebold & Zucc.) Planchon,ACCEPTED,3039209,Parthenocissus tricuspidata (Siebold & Zucc.) Planch.,SPECIES,Plantae
134853812,3039194,4231,Parthenocissus quinquefolia (L.) Planchon,ACCEPTED,3039194,Parthenocissus quinquefolia (L.) Planch.,SPECIES,Plantae
134853816,3152861,4088,Liriodendron tulipifera L.,ACCEPTED,3152861,Liriodendron tulipifera L.,SPECIES,Plantae
134853817,1595831,4179,"Obolodiplosis robiniae (Haldeman, 1847)",ACCEPTED,1595831,"Obolodiplosis robiniae (Haldeman, 1847)",SPECIES,Animalia
134853818,3153837,4119,Magnolia acuminata (L.) L.,ACCEPTED,3153837,Magnolia acuminata (L.) L.,SPECIES,Plantae
134853819,3153912,4121,Magnolia stellata (Siebold & Zucc.) Maxim.,ACCEPTED,3153912,Magnolia stellata (Siebold & Zucc.) Maxim.,SPECIES,Plantae
134853820,1595142,3892,"Dasineura gleditchiae (Osten Sacken, 1866)",ACCEPTED,1595142,"Dasineura gleditchiae (Osten Sacken, 1866)",SPECIES,Animalia
134853821,9605163,4120,Magnolia grandiflora L.,ACCEPTED,9605163,Magnolia grandiflora L.,SPECIES,Plantae
134853825,1651430,3622,"Aedes albopictus Skuse, 1894",ACCEPTED,1651430,"Aedes albopictus (Skuse, 1894)",SPECIES,Animalia
134853826,5341203,4325,Pulmonaria saccharata Miller,ACCEPTED,5341203,Pulmonaria saccharata Mill.,SPECIES,Plantae
134853828,7294644,4175,Nonea pulla DC.,ACCEPTED,7294644,Nonea pulla (L.) DC.,SPECIES,Plantae
134853829,2926042,4174,Nonea lutea (Desr.) DC.,ACCEPTED,2926042,Nonea lutea (Desr.) DC.,SPECIES,Plantae
134853830,2928226,4252,Phacelia tanacetifolia Benth.,ACCEPTED,2928226,Phacelia tanacetifolia Benth.,SPECIES,Plantae
134853832,2925756,4061,Lappula squarrosa (Retz.) Dumort.,ACCEPTED,2925756,Lappula squarrosa (Retz.) Dumort.,SPECIES,Plantae
134853834,5041466,4370,"Sceliphron caementarium (Drury, 1773)",ACCEPTED,5041466,"Sceliphron caementarium (Drury, 1773)",SPECIES,Animalia
134853836,,4241,Pelargonium zonale (L.) L,,,Pelargonium zonale (L.) L,,
134853837,9561762,4240,Pelargonium peltatum,ACCEPTED,9561762,Pelargonium peltatum (L.) L'Hér.,SPECIES,Plantae
134853838,3826724,4239,Pelargonium hybridum,ACCEPTED,3826724,Pelargonium ×hybridum (L.) L'Hér.,SPECIES,Plantae
134853839,5041422,4371,"Sceliphron curvatum (F. Smith, 1870)",ACCEPTED,5041422,"Sceliphron curvatum (F.Smith, 1870)",SPECIES,Animalia
134853841,2891079,3981,Geranium macrorrhizum L.,ACCEPTED,2891079,Geranium macrorrhizum L.,SPECIES,Plantae
134853842,10414829,4290,Platygaster robiniae Buhl and Duso,ACCEPTED,10414829,"Platygaster robiniae Buhl & Duso, 2008",SPECIES,Animalia
134853846,1370978,4134,"Megastigmus wachtli Seitner, 1916",ACCEPTED,1370978,"Megastigmus wachtli Seitner, 1916",SPECIES,Animalia
134853847,7102937,3957,Euonymus japonicus Thunb.,ACCEPTED,7102937,Euonymus japonicus Thunb.,SPECIES,Plantae
134853851,4491358,4157,"Nematus tibialis Newman, 1837",ACCEPTED,4491358,"Nematus tibialis Newman, 1837",SPECIES,Animalia
134853852,3857225,4471,Viburnum carlesii Hemsl. ex Forb. & Hemsl.,ACCEPTED,3857225,Viburnum carlesii Hemsl. ex Forbes & Hemsl.,SPECIES,Plantae
134853853,2888608,4472,Viburnum prunifolium L.,ACCEPTED,2888608,Viburnum prunifolium L.,SPECIES,Plantae
134853855,2888625,4473,Viburnum rhytidophyllum Hemsl. ex Forb. & Hemsl.,ACCEPTED,2888625,Viburnum rhytidophyllum Hemsl. ex Forbes & Hemsl.,SPECIES,Plantae
134853856,1309652,3919,"Dryocosmus kuriphilus Yasumatsu, 1951",ACCEPTED,1309652,"Dryocosmus kuriphilus Yasumatsu, 1951",SPECIES,Animalia
134853860,4095906,4468,Valerianella muricata (Stev. ex Roem. & Schult.) Kopell.,SYNONYM,2888773,Valerianella eriocarpa Desv.,SPECIES,Plantae
134853861,1309465,3679,"Aphanogmus bicolor Ashmead, 1893",ACCEPTED,1309465,"Aphanogmus bicolor Ashmead, 1893",SPECIES,Animalia
134853864,3855595,4425,Symphoricarpos ×chenaultii Rehder,ACCEPTED,3855595,Symphoricarpos ×chenaultii Rehder,SPECIES,Plantae
134853865,1269194,3680,"Aphidius smithi Sharma & Subba Rao, 1959",ACCEPTED,1269194,"Aphidius smithi Sharma & Subba Rao, 1959",SPECIES,Animalia
134853866,,4426,Symphoricarpos albus (L.) C. Koch,,,Symphoricarpos albus (L.) C. Koch,,
134853867,2888636,4427,Symphoricarpos orbiculatus Moench,ACCEPTED,2888636,Symphoricarpos orbiculatus Moench,SPECIES,Plantae
134853869,8599762,3687,"Aproceros leucopoda Takeuchi, 1939",ACCEPTED,8599762,"Aproceros leucopoda Takeuchi, 1939",SPECIES,Animalia
134853870,5334240,4095,Lonicera japonica Thunb.,ACCEPTED,5334240,Lonicera japonica Thunb.,SPECIES,Plantae
134853871,7902463,4096,Lonicera maackii (Rupr.) Maxim.,ACCEPTED,7902463,Lonicera maackii (Rupr.) Maxim.,SPECIES,Plantae
134853873,5598839,4093,Lonicera ×purpusii Rehder,ACCEPTED,5598839,Lonicera ×purpusii Rehder,SPECIES,Plantae
134853874,1365637,3935,"Encarsia perniciosi (Tower, 1913)",ACCEPTED,1365637,"Encarsia perniciosi (Tower, 1913)",SPECIES,Animalia
134853875,5334268,4094,Lonicera fragrantissima Lindl. & J. Paxton,ACCEPTED,5334268,Lonicera fragrantissima Lindl. & Paxton,SPECIES,Plantae
134853876,1365463,3934,"Encarsia berlesei (Howard, 1906)",ACCEPTED,1365463,"Encarsia berlesei (Howard, 1906)",SPECIES,Animalia
134853877,5598915,4099,Lonicera pileata Oliv.,ACCEPTED,5598915,Lonicera pileata Oliv.,SPECIES,Plantae
134853878,5599249,4097,Lonicera nitida E.H. Wilson,SYNONYM,7764700,Lonicera pileata var. yunnanensis (Franch.) Bernd Schulz,VARIETY,Plantae
134853879,5334239,4100,Lonicera sempervirens L.,ACCEPTED,5334239,Lonicera sempervirens L.,SPECIES,Plantae
134853880,1364719,3684,"Aphytis mytilaspidis (Le Baron, 1870)",ACCEPTED,1364719,"Aphytis mytilaspidis (Le Baron, 1870)",SPECIES,Animalia
134853881,5334277,4098,Lonicera periclymenum L.,ACCEPTED,5334277,Lonicera periclymenum L.,SPECIES,Plantae
134853882,5334242,4101,Lonicera tatarica L.,ACCEPTED,5334242,Lonicera tatarica L.,SPECIES,Plantae
134853885,1375843,3674,"Anicetus annulatus Timberlake, 1919",ACCEPTED,1375843,"Anicetus annulatus Timberlake, 1919",SPECIES,Animalia
134853887,4499838,3613,"Adelencyrtus aulacaspidis (Brethes, 1914) Brethes, 1914",ACCEPTED,4499838,"Adelencyrtus aulacaspidis (Brethes, 1914)",SPECIES,Animalia
134853891,2049509,4479,"Viteus vitifoliae (Fitch, 1855) Fitch, 1855",SYNONYM,2049512,"Daktulosphaira vitifoliae (Fitch, 1855)",SPECIES,Animalia
134853893,2888706,4053,Kolkwitzia amabilis Graebn.,ACCEPTED,2888706,Kolkwitzia amabilis Graebn.,SPECIES,Plantae
134853894,7769968,4463,"Tuponia brevirostris Reuter, 1883",ACCEPTED,7769968,"Tuponia brevirostris Reuter, 1883",SPECIES,Animalia
134853896,2888816,3916,Dipsacus sativus (L.) Honckeny,ACCEPTED,2888816,Dipsacus sativus (L.) Honck.,SPECIES,Plantae
134853899,5154481,4424,"Stictocephala bisonia Kopp & Yonke, 1977",ACCEPTED,5154481,"Stictocephala bisonia Kopp & Yonke, 1977",SPECIES,Animalia
134853900,2888730,4483,Weigela florida (Bunge) A. DC.,ACCEPTED,2888730,Weigela florida (Bunge) A.DC.,SPECIES,Plantae
134853901,2888710,3907,Diervilla sessilifolia Buckl.,ACCEPTED,2888710,Diervilla sessilifolia Buckley,SPECIES,Plantae
134853904,5164206,4287,"Planococcus citri (Risso, 1813) Risso, 1813",ACCEPTED,5164206,"Planococcus citri (Risso, 1813)",SPECIES,Animalia
134853906,5420901,4329,Punica granatum L.,ACCEPTED,5420901,Punica granatum L.,SPECIES,Plantae
134853907,8294966,4321,"Pseudococcus viburni (Signoret, 1875)",ACCEPTED,8294966,"Pseudococcus viburni (Signoret, 1875)",SPECIES,Animalia
134853908,3188745,4117,Lythrum thymifolia L.,ACCEPTED,3188745,Lythrum thymifolia L.,SPECIES,Plantae
134853909,3188725,4058,Lagerstroemia indica L.,ACCEPTED,3188725,Lagerstroemia indica L.,SPECIES,Plantae
134853912,2095283,4320,"Pseudococcus longispinus (Targioni Tozzetti, 1867)",ACCEPTED,2095283,"Pseudococcus longispinus (Targioni Tozzetti, 1867)",SPECIES,Animalia
134853913,8368947,4183,Oenothera muricata L.,SYNONYM,3188924,Oenothera biennis L.,SPECIES,Plantae
134853914,8308049,4319,"Pseudococcus calceolariae (Maskell, 1879)",ACCEPTED,8308049,"Pseudococcus calceolariae (Maskell, 1879)",SPECIES,Animalia
134853917,3188895,4182,Oenothera erythrosepala (Borbas) Borbás,SYNONYM,3188894,Oenothera glazioviana Micheli,SPECIES,Plantae
134853918,9188840,3937,Epilobium ciliatum Raf.,ACCEPTED,9188840,Epilobium ciliatum Raf.,SPECIES,Plantae
134853921,4486243,4209,"Oxycarenus lavaterae Fabricius, 1787",ACCEPTED,4486243,"Oxycarenus lavaterae (Fabricius, 1787)",SPECIES,Animalia
134853922,2986045,4259,Philadelphus coronarius L.,ACCEPTED,2986045,Philadelphus coronarius L.,SPECIES,Plantae
134853924,2985994,4017,Hydrangea macrophylla (Thunb.) Seringe,ACCEPTED,2985994,Hydrangea macrophylla (Thunb.) Ser.,SPECIES,Plantae
134853925,2985965,3899,Deutzia scabra Thunb.,ACCEPTED,2985965,Deutzia scabra Thunb.,SPECIES,Plantae
134853926,2068870,4141,"Metcalfa pruinosa (Say, 1830)",ACCEPTED,2068870,"Metcalfa pruinosa (Say, 1830)",SPECIES,Animalia
134853928,8365953,3851,Cornus alba L.,ACCEPTED,8365953,Cornus alba L.,SPECIES,Plantae
134853931,2879411,4333,Quercus suber L.,ACCEPTED,2879411,Quercus suber L.,SPECIES,Plantae
134853932,8313153,4331,Quercus palustris Münchh.,ACCEPTED,8313153,Quercus palustris Münchh.,SPECIES,Plantae
134853933,2880539,4332,Quercus rubra L.,ACCEPTED,2880539,Quercus rubra L.,SPECIES,Plantae
134853936,3054368,4044,Juglans regia L.,ACCEPTED,3054368,Juglans regia L.,SPECIES,Plantae
134853937,5156102,4077,"Leptoglossus occidentalis Heidemann, 1910",ACCEPTED,5156102,"Leptoglossus occidentalis Heidemann, 1910",SPECIES,Animalia
134853938,3054357,4043,Juglans nigra L.,ACCEPTED,3054357,Juglans nigra L.,SPECIES,Plantae
134853940,2876049,3854,Corylus maxima Mill.,ACCEPTED,2876049,Corylus maxima Mill.,SPECIES,Plantae
134853942,2020879,4116,"Lyctocoris campestris (Fabricius, 1794)",ACCEPTED,2020879,"Lyctocoris campestris (Fabricius, 1794)",SPECIES,Animalia
134853943,2875968,3853,Corylus colurna L.,ACCEPTED,2875968,Corylus colurna L.,SPECIES,Plantae
134853946,2763941,3836,Commelina benghalensis L.,ACCEPTED,2763941,Commelina benghalensis L.,SPECIES,Plantae
134853950,8306444,4057,Lagenaria vulgaris Ser.,HETEROTYPIC_SYNONYM,2874672,Lagenaria siceraria (Molina) Standl.,SPECIES,Plantae
134853952,2874655,4386,Sicyos angulatus L.,ACCEPTED,2874655,Sicyos angulatus L.,SPECIES,Plantae
134853953,2874612,4375,Sechium edule (Jacq.) Sw.,ACCEPTED,2874612,Sechium edule (Jacq.) Sw.,SPECIES,Plantae
134853954,2874538,4440,Thladiantha dubia Bunge,ACCEPTED,2874538,Thladiantha dubia Bunge,SPECIES,Plantae
134853955,5331404,3923,Echinocystis lobata (Michx.) Torr. & Gray,ACCEPTED,5331404,Echinocystis lobata (Michx.) Torr. & A.Gray,SPECIES,Plantae
134853956,2080592,4024,"Icerya purchasi Maskell, 1878",ACCEPTED,2080592,"Icerya purchasi Maskell, 1879",SPECIES,Animalia
134853957,7393329,3869,Cucurbita moschata (Duchesne) Duchesne ex Poir.,ACCEPTED,7393329,Cucurbita moschata (Duchesne) Duchesne ex Poir.,SPECIES,Plantae
134853958,2874508,3870,Cucurbita pepo L.,ACCEPTED,2874508,Cucurbita pepo L.,SPECIES,Plantae
134853959,2874569,3867,Cucumis sativus L.,ACCEPTED,2874569,Cucumis sativus L.,SPECIES,Plantae
134853960,2874515,3868,Cucurbita maxima Duchesne,ACCEPTED,2874515,Cucurbita maxima Duchesne,SPECIES,Plantae
134853961,2874570,3865,Cucumis melo L.,ACCEPTED,2874570,Cucumis melo L.,SPECIES,Plantae
134853962,8350997,3866,Cucumis metuliferus E. Mey. ex Schrad.,ACCEPTED,8350997,Cucumis metuliferus E.Mey. ex Schrad.,SPECIES,Plantae
134853964,2874621,3818,Citrullus lanatus (Thunb.) Matsumura & Nakai,ACCEPTED,2874621,Citrullus lanatus (Thunb.) Matsum. & Nakai,SPECIES,Plantae
134853965,2081658,3947,"Eriococcus araucariae Maskell, 1879",ACCEPTED,2081658,"Eriococcus araucariae Maskell, 1879",SPECIES,Animalia
134853969,5289728,3787,Cenchrus incertus M.A.Curtis,SYNONYM,5289726,Cenchrus spinifex Cav.,SPECIES,Plantae
134853972,2020655,3856,"Corythucha ciliata (Say, 1832)",ACCEPTED,2020655,"Corythucha ciliata (Say, 1832)",SPECIES,Animalia
134853976,9078997,4361,"Saissetia oleae (Olivier, 1791) Olivier, 1791",ACCEPTED,9078997,"Saissetia oleae (Olivier, 1791)",SPECIES,Animalia
134853977,8008074,3873,Cuscuta australis Hook. fil.,HETEROTYPIC_SYNONYM,3610755,Cuscuta tasmanica Engelm.,SPECIES,Plantae
134853979,4274635,4035,Ipomoea trichocarpa Elliott,SYNONYM,2928541,Ipomoea cordatotriloba Dennst.,SPECIES,Plantae
134853980,5163470,4360,"Saissetia coffeae (Walker, 1852)",ACCEPTED,5163470,"Saissetia coffeae (Walker, 1852)",SPECIES,Animalia
134853982,3610757,3874,Cuscuta campestris Yunck.,ACCEPTED,3610757,Cuscuta campestris Yunck.,SPECIES,Plantae
134853983,8830832,4032,Ipomoea coccinea Sessé & Moc.,SYNONYM,2928624,Ipomoea hederifolia L.,SPECIES,Plantae
134853984,8255921,4326,"Pulvinaria floccifera (Westwood, 1870)",ACCEPTED,8255921,"Pulvinaria floccifera (Westwood, 1870)",SPECIES,Animalia
134853985,2091803,4327,"Pulvinaria horii Kuwana, 1902",ACCEPTED,2091803,"Pulvinaria horii Kuwana, 1902",SPECIES,Animalia
134853986,2928551,4031,Ipomoea batatas (L.) Lam.,ACCEPTED,2928551,Ipomoea batatas (L.) Lam.,SPECIES,Plantae
134853987,2091932,4328,"Pulvinaria hydrangeae Steinweden, 1946",ACCEPTED,2091932,"Pulvinaria hydrangeae Steinweden, 1946",SPECIES,Animalia
134853988,2928576,4034,Ipomoea purpurea (L.) Roth,ACCEPTED,2928576,Ipomoea purpurea (L.) Roth,SPECIES,Plantae
134853989,2928538,4033,Ipomoea hederacea (L.) Jacquin,ACCEPTED,2928538,Ipomoea hederacea Jacq.,SPECIES,Plantae
134853990,2928666,3904,Dichondra micrantha Urb.,ACCEPTED,2928666,Dichondra micrantha Urb.,SPECIES,Plantae
134853991,2927530,3875,Cuscuta epilinum Weihe,ACCEPTED,2927530,Cuscuta epilinum Weihe,SPECIES,Plantae
134853993,2090576,4233,"Parthenolecanium fletcheri (Cockerell, 1893)",ACCEPTED,2090576,"Parthenolecanium fletcheri (Cockerell, 1893)",SPECIES,Animalia
134853994,5712981,3828,"Coccus hesperidum Linnaeus, 1758",ACCEPTED,5712981,"Coccus hesperidum Linnaeus, 1758",SPECIES,Animalia
134853996,2928860,4250,Petunia hybrida (Hook. fil.) Vilmorin,SYNONYM,2928859,Petunia ×atkinsiana D.Don ex Loudon,SPECIES,Plantae
134853997,5163248,3829,"Coccus pseudomagnoliarum (Kuwana, 1914)",ACCEPTED,5163248,"Coccus pseudomagnoliarum (Kuwana, 1914)",SPECIES,Animalia
134853998,2929892,4399,Solanum elaeagnifolium Cav.,ACCEPTED,2929892,Solanum elaeagnifolium Cav.,SPECIES,Plantae
134853999,2930137,4400,Solanum lycopersicum L.,ACCEPTED,2930137,Solanum lycopersicum L.,SPECIES,Plantae
134854000,2092339,3795,"Ceroplastes sinensis Del Guercio, 1900",ACCEPTED,2092339,"Ceroplastes sinensis Del Guercio, 1900",SPECIES,Animalia
134854001,2092435,3794,"Ceroplastes japonicus Green, 1921",ACCEPTED,2092435,"Ceroplastes japonicus Green, 1921",SPECIES,Animalia
134854003,2932011,4397,Solanum carolinense L.,ACCEPTED,2932011,Solanum carolinense L.,SPECIES,Plantae
134854004,2088481,4466,"Unaspis euonymi (Comstock, 1881)",ACCEPTED,2088481,"Unaspis euonymi (Comstock, 1881)",SPECIES,Animalia
134854005,8321970,4318,"Pseudaulacaspis pentagona (Targioni Tozzetti, 1886)",ACCEPTED,8321970,"Pseudaulacaspis pentagona (Targioni Tozzetti, 1886)",SPECIES,Animalia
134854006,2929710,4398,Solanum chenopodioides Lam.,ACCEPTED,2929710,Solanum chenopodioides Lam.,SPECIES,Plantae
134854007,7558234,4405,Solanum sodomeum Drege ex Dunal,SYNONYM,2929062,Solanum linnaeanum Hepper & P.-M.L.Jaeger,SPECIES,Plantae
134854008,8416592,4229,"Parlatoria ziziphi (Lucas, 1853)",ACCEPTED,8416592,"Parlatoria ziziphi (Lucas, 1853)",SPECIES,Animalia
134854009,5162255,4228,"Parlatoria pergandii Comstock, 1881",ACCEPTED,5162255,"Parlatoria pergandii Comstock, 1881",SPECIES,Animalia
134854010,2089006,4073,"Lepidosaphes beckii (Newman, 1869)",ACCEPTED,2089006,"Lepidosaphes beckii (Newman, 1869)",SPECIES,Animalia
134854011,2930262,4406,Solanum tuberosum L.,ACCEPTED,2930262,Solanum tuberosum L.,SPECIES,Plantae
134854012,2930922,4403,Solanum rostratum Dunal,SYNONYM,2929800,Solanum angustifolium Houst. ex Mill.,SPECIES,Plantae
134854013,2932184,4404,Solanum sisymbriifolium Lam.,ACCEPTED,2932184,Solanum sisymbriifolium Lam.,SPECIES,Plantae
134854014,2930137,4401,Solanum lycopersicum L.,ACCEPTED,2930137,Solanum lycopersicum L.,SPECIES,Plantae
134854015,8215075,4074,"Lepidosaphes gloverii (Packard, 1869)",ACCEPTED,8215075,"Lepidosaphes gloverii (Packard, 1869)",SPECIES,Animalia
134854016,2930617,4402,Solanum melongena L.,ACCEPTED,2930617,Solanum melongena L.,SPECIES,Plantae
134854017,2928796,4364,Salpichroa origanifolia (Lam.) Baillon,ACCEPTED,2928796,Salpichroa origanifolia (Lam.) Baill.,SPECIES,Plantae
134854018,5341819,4271,Physalis pubescens L.,ACCEPTED,5341819,Physalis pubescens L.,SPECIES,Plantae
134854019,5341784,4270,Physalis peruviana L.,ACCEPTED,5341784,Physalis peruviana L.,SPECIES,Plantae
134854020,5341783,4269,Physalis heterophylla Nees,ACCEPTED,5341783,Physalis heterophylla Nees,SPECIES,Plantae
134854021,2928775,4169,Nicotiana rustica L.,ACCEPTED,2928775,Nicotiana rustica L.,SPECIES,Plantae
134854022,2086988,3902,"Diaspidiotus perniciosus (Comstock, 1881)",ACCEPTED,2086988,"Diaspidiotus perniciosus (Comstock, 1881)",SPECIES,Animalia
134854023,2928783,4168,Nicotiana glauca R. C. Graham,ACCEPTED,2928783,Nicotiana glauca Graham,SPECIES,Plantae
134854024,2083463,3814,"Chrysomphalus dictyospermi (Morgan, 1889)",ACCEPTED,2083463,"Chrysomphalus dictyospermi (Morgan, 1889)",SPECIES,Animalia
134854025,5341754,4166,Nicandra physalodes (L.) Gaertner,ACCEPTED,5341754,Nicandra physalodes (L.) Gaertn.,SPECIES,Plantae
134854026,2928861,4251,Petunia integrifolia (Hook.) Schinz & Thell.,ACCEPTED,2928861,Petunia integrifolia (Hook.) Schinz & Thell.,SPECIES,Plantae
134854027,8026254,3813,"Chrysomphalus aonidum (Linnaeus, 1758)",ACCEPTED,8026254,"Chrysomphalus aonidum (Linnaeus, 1758)",SPECIES,Animalia
134854028,3797421,4115,Lycium europaeum L.,ACCEPTED,3797421,Lycium europaeum L.,SPECIES,Plantae
134854029,5161787,3704,"Aspidiotus nerii Bouché, 1833",ACCEPTED,5161787,"Aspidiotus nerii Bouche, 1833",SPECIES,Animalia
134854031,2012126,3723,"Bemisia tabaci (Gennadius, 1889)",ACCEPTED,2012126,"Bemisia tabaci (Gennadius, 1889)",SPECIES,Animalia
134854032,2928809,4114,Lycium chinense Miller,ACCEPTED,2928809,Lycium chinense Mill.,SPECIES,Plantae
134854034,2928835,4113,Lycium barbarum L.,ACCEPTED,2928835,Lycium barbarum L.,SPECIES,Plantae
134854035,2928751,3895,Datura stramonium L.,ACCEPTED,2928751,Datura stramonium L.,SPECIES,Plantae
134854036,7894250,3893,Datura ferox L.,ACCEPTED,7894250,Datura ferox L.,SPECIES,Plantae
134854037,2928747,3894,Datura metel L.,ACCEPTED,2928747,Datura metel L.,SPECIES,Plantae
134854038,8403992,3770,Capsicum frutescens L.,ACCEPTED,8403992,Capsicum frutescens L.,SPECIES,Plantae
134854041,2075867,4444,"Toxoptera aurantii (Boyer de Fonscolombe, 1841)",PROPARTE_SYNONYM,8035334,Aphis aurantii aurantii,SUBSPECIES,Animalia
134854043,2984671,3752,Buxus sempervirens L.,ACCEPTED,2984671,Buxus sempervirens L.,SPECIES,Plantae
134854044,4386522,4432,"Takecallis taiwana (Takahashi, 1926) Takahashi, 1926",ACCEPTED,4386522,"Takecallis taiwana (Takahashi, 1926)",SPECIES,Animalia
134854047,2071309,4246,"Periphyllus californiensis (Shinji, 1917) Shinji, 1917",ACCEPTED,2071309,"Periphyllus californiensis (Shinji, 1917)",SPECIES,Animalia
134854048,3034015,4069,Laurus nobilis L.,ACCEPTED,3034015,Laurus nobilis L.,SPECIES,Plantae
134854050,,3761,Calycanthus floribundus L.,,,Calycanthus floribundus L.,,
134854053,2075500,4216,"Panaphis juglandis (Goeze, 1778)",ACCEPTED,2075500,"Panaphis juglandis (Goeze, 1778)",SPECIES,Animalia
134854054,5362004,4376,Sedum sarmentosum Bunge,ACCEPTED,5362004,Sedum sarmentosum Bunge,SPECIES,Plantae
134854055,7494548,4377,Sedum sieboldii Regel,SYNONYM,7172849,Hylotelephium sieboldii (Regel) H.Ohba,SPECIES,Plantae
134854056,7444572,4378,Sedum spurium Sibth. ex Nyman,ACCEPTED,7444572,"Sedum spurium Sibth. ex Nyman, 1879",SPECIES,Plantae
134854058,2986192,4347,Ribes nigrum L.,ACCEPTED,2986192,Ribes nigrum L.,SPECIES,Plantae
134854059,2986111,4346,Ribes aureum Pursh,ACCEPTED,2986111,Ribes aureum Pursh,SPECIES,Plantae
134854060,2075983,3949,"Eriosoma lanigerum (Hausmann, 1802) Hausmann, 1802",ACCEPTED,2075983,"Eriosoma lanigerum (Hausmann, 1802)",SPECIES,Animalia
134854061,2986130,4349,Ribes sanguineum Pursh,ACCEPTED,2986130,Ribes sanguineum Pursh,SPECIES,Plantae
134854062,2986097,4348,Ribes rubrum L.,ACCEPTED,2986097,Ribes rubrum L.,SPECIES,Plantae
134854063,2075274,3921,"Dysaphis tulipae (Boyer de Fonscolombe, 1841)",ACCEPTED,2075274,"Dysaphis tulipae (Boyer de Fonscolombe, 1841)",SPECIES,Animalia
134854065,7416939,4211,Paeonia peregrina Miller,ACCEPTED,7416939,Paeonia peregrina Mill.,SPECIES,Plantae
134854067,2076260,3810,"Chromaphis juglandicola (Kaltenbach, 1843)",ACCEPTED,2076260,"Chromaphis juglandicola (Kaltenbach, 1843)",SPECIES,Animalia
134854068,2073431,3817,"Cinara cedri Mimeur, 1936",ACCEPTED,2073431,"Cinara cedri Mimeur, 1936",SPECIES,Animalia
134854070,5567698,3725,Bergenia cordifolia (Haw.) Sternb.,SYNONYM,5567694,Bergenia crassifolia (L.) Fritsch,SPECIES,Plantae
134854071,2069916,3686,"Appendiseta robiniae (Gillette, 1907)",ACCEPTED,2069916,"Appendiseta robiniae (Gillette, 1907)",SPECIES,Animalia
134854072,2072087,3683,"Aphis spiraephaga F.P. Muller, 1961",ACCEPTED,2072087,"Aphis spiraephaga F.P.Muller, 1961",SPECIES,Animalia
134854073,8223023,4369,Saxifraga geum L.,ACCEPTED,8223023,Saxifraga ×geum L.,SPECIES,Plantae
134854075,9083295,3681,"Aphis gossypii Glover, 1877",ACCEPTED,9083295,"Aphis gossypii Glover, 1877",SPECIES,Animalia
134854076,2072761,3682,"Aphis spiraecola Patch, 1914",ACCEPTED,2072761,"Aphis spiraecola Patch, 1914",SPECIES,Animalia
134854078,3039423,4496,Ziziphus jujuba Miller,ACCEPTED,3039423,Ziziphus jujuba Mill.,SPECIES,Plantae
134854080,5361841,4276,Pilea microphylla (L.) Liebm.,ACCEPTED,5361841,Pilea microphylla (L.) Liebm.,SPECIES,Plantae
134854082,3039269,3924,Elaeagnus angustifolia L.,ACCEPTED,3039269,Elaeagnus angustifolia L.,SPECIES,Plantae
134854086,2049627,3936,"Eopineus strobus (Hartig, 1837) Hartig, 1837",SYNONYM,2049607,"Pineus strobi (Hartig, 1839)",SPECIES,Animalia
134854087,3001244,4124,Malus domestica Borkh.,ACCEPTED,3001244,Malus domestica (Suckow) Borkh.,SPECIES,Plantae
134854089,3021922,4313,Prunus cerasus L.,ACCEPTED,3021922,Prunus cerasus L.,SPECIES,Plantae
134854091,2049747,3614,"Adelges nordmannianae (Eckstein, 1890)",ACCEPTED,2049747,"Adelges nordmannianae (Eckstein, 1890)",SPECIES,Animalia
134854093,7740434,4309,Potentilla fruticosa L.,SYNONYM,5370380,Dasiphora fruticosa (L.) Rydb.,SPECIES,Plantae
134854094,2014023,3609,"Acizzia jamatonica (Kuwayama, 1908)",ACCEPTED,2014023,"Acizzia jamatonica (Kuwayama, 1908)",SPECIES,Animalia
134854096,2994912,4354,Rubus odoratus L.,ACCEPTED,2994912,Rubus odoratus L.,SPECIES,Plantae
134854098,1866356,4367,"Samia cynthia Drury, 1773",ACCEPTED,1866356,"Samia cynthia Drury, 1773",SPECIES,Animalia
134854099,3012089,4410,Sorbaria sorbifolia (L.) A. Braun,ACCEPTED,3012089,Sorbaria sorbifolia (L.) A.Braun,SPECIES,Plantae
134854101,3026405,4417,Spiraea crenata L.,ACCEPTED,3026405,Spiraea crenata L.,SPECIES,Plantae
134854102,1817797,4019,"Hyphantria cunea Drury, 1770",ACCEPTED,1817797,"Hyphantria cunea (Drury, 1773)",SPECIES,Animalia
134854103,3026406,4416,Spiraea chamaedryfolia L.,ACCEPTED,3026406,Spiraea chamaedryfolia L.,SPECIES,Plantae
134854105,3027159,4418,Spiraea douglasii Hook.,ACCEPTED,3027159,Spiraea douglasii Hook.,SPECIES,Plantae
134854106,4532122,3879,"Cydalima perspectalis (Walker, 1859) Walker, 1859",ACCEPTED,4532122,"Cydalima perspectalis (Walker, 1859)",SPECIES,Animalia
134854108,2988354,4272,Physocarpus opulifolius (L.) Maxim.,ACCEPTED,2988354,Physocarpus opulifolius (L.) Maxim.,SPECIES,Plantae
134854109,1932752,3753,"Cacyreus marshalli Butler, 1897",ACCEPTED,1932752,"Cacyreus marshalli Butler, 1897",SPECIES,Animalia
134854110,5362573,4330,Pyrus communis L.,ACCEPTED,5362573,Pyrus communis L.,SPECIES,Plantae
134854111,5365305,4310,Potentilla norvegica L.,ACCEPTED,5365305,Potentilla norvegica L.,SPECIES,Plantae
134854112,3021850,4317,Prunus serotina Ehrh.,ACCEPTED,3021850,Prunus serotina Ehrh.,SPECIES,Plantae
134854113,8149923,4316,Prunus persica (L.) Stokes,ACCEPTED,8149923,Prunus persica (L.) Stokes,SPECIES,Plantae
134854115,3021496,4315,Prunus laurocerasus L.,ACCEPTED,3021496,Prunus laurocerasus L.,SPECIES,Plantae
134854116,1873903,3754,"Cadra figulilella Gregson, 1871",ACCEPTED,1873903,"Cadra figulilella (Gregson, 1871)",SPECIES,Animalia
134854117,3022502,4314,Prunus dulcis (Mill.) D. A. Webb,HETEROTYPIC_SYNONYM,3020980,Prunus amygdalus Batsch,SPECIES,Plantae
134854119,1749886,4267,"Phyllonorycter robiniella (Clemens, 1859)",SYNONYM,8741260,"Macrosaccus robiniella (Clemens, 1859)",SPECIES,Animalia
134854120,3001660,4125,Malus florentina (Zuccagni) C. K. Schneider,SYNONYM,2987819,Tormimalus ×florentina (Zuccagni) Holub,SPECIES,Plantae
134854121,2984580,4118,Maclura pomifera (Rafin. ex Sarg.) Schneid.,ACCEPTED,2984580,Maclura pomifera (Raf. ex Sarg.) C.K.Schneid.,SPECIES,Plantae
134854122,1749449,3762,"Cameraria ohridella Deschka & Dimic, 1986",ACCEPTED,1749449,"Cameraria ohridella Deschka & Dimić, 1986",SPECIES,Animalia
134854123,5371450,4049,Kerria japonica (L.) DC.,ACCEPTED,5371450,Kerria japonica (L.) DC.,SPECIES,Plantae
134854124,5104903,3759,"Caloptilia azaleella (Brants, 1913)",ACCEPTED,5104903,"Caloptilia azaleella (Brants, 1913)",SPECIES,Animalia
134854125,3024146,3946,Eriobotrya japonica (Thunb.) Lindl.,SYNONYM,10786206,Rhaphiolepis bibas (Lour.) Galasso & Banfi,SPECIES,Plantae
134854126,7515176,3972,Fragaria ananassa (Weston) Decne. & Naudin,DOUBTFUL,7515176,Fragaria ×ananassa Duchesne ex Decne. & Naudin,SPECIES,Plantae
134854127,3031919,3920,Duchesnea indica (Jacks.) Focke,SYNONYM,5365717,Potentilla indica (Andrews) Th.Wolf,SPECIES,Plantae
134854129,3025755,3859,Cotoneaster nebrodensis (Guss.) Koch,ACCEPTED,3025755,Cotoneaster nebrodensis (Guss.) Koch,SPECIES,Plantae
134854130,5362215,3880,Cydonia oblonga Mill.,ACCEPTED,5362215,Cydonia oblonga Mill.,SPECIES,Plantae
134854131,1749936,4266,"Phyllonorycter platani (Staudinger, 1870)",ACCEPTED,1749936,"Phyllonorycter platani (Staudinger, 1870)",SPECIES,Animalia
134854132,3000610,3796,Chaenomeles japonica (Thunb.) Lindl. ex Spach,ACCEPTED,3000610,Chaenomeles japonica (Thunb.) Lindl. ex Spach,SPECIES,Plantae
134854134,5361880,3768,Cannabis sativa L.,ACCEPTED,5361880,Cannabis sativa L.,SPECIES,Plantae
134854135,1750166,4264,"Phyllonorycter issikii (Kumata, 1963)",ACCEPTED,1750166,"Phyllonorycter issikii (Kumata, 1963)",SPECIES,Animalia
134854137,5361889,4147,Morus alba L.,ACCEPTED,5361889,Morus alba L.,SPECIES,Plantae
134854138,5361888,4148,Morus nigra L.,ACCEPTED,5361888,Morus nigra L.,SPECIES,Plantae
134854139,1750159,4265,"Phyllonorycter leucographella (Zeller, 1850)",ACCEPTED,1750159,"Phyllonorycter leucographella (Zeller, 1850)",SPECIES,Animalia
134854140,5361944,3747,Broussonetia papyrifera (L.) Vent.,ACCEPTED,5361944,Broussonetia papyrifera (L.) L'Hér. ex Vent.,SPECIES,Plantae
134854141,1749580,4263,"Phyllocnistis citrella Stainton, 1856",ACCEPTED,1749580,"Phyllocnistis citrella Stainton, 1856",SPECIES,Animalia
134854143,1748922,4226,"Parectopa robiniella Clemens, 1863",ACCEPTED,1748922,"Parectopa robiniella Clemens, 1863",SPECIES,Animalia
134854145,2889934,4459,Tropaeolum majus L.,ACCEPTED,2889934,Tropaeolum majus L.,SPECIES,Plantae
134854146,2889930,4460,Tropaeolum minus L.,ACCEPTED,2889930,Tropaeolum minus L.,SPECIES,Plantae
134854147,5104862,3760,"Caloptilia roscipennella (Hübner, 1796)",ACCEPTED,5104862,"Caloptilia roscipennella (Hübner, 1796)",SPECIES,Animalia
134854148,7274324,4461,Tropaeolum peregrinum L.,ACCEPTED,7274324,Tropaeolum peregrinum L.,SPECIES,Plantae
134854150,1830284,3693,"Argyresthia thuiella Packard, 1871",ACCEPTED,1830284,"Argyresthia thuiella Packard, 1871",SPECIES,Animalia
134854152,8860549,3825,Cleome spinosa L.,SYNONYM,12187916,Tarenaya houtteana (Schltdl.) Soares Neto & Roalson,SPECIES,Plantae
134854155,3042737,3740,Brassica pekinensis (Lour.) Rupr.,SYNONYM,7903057,Brassica rapa L.,SPECIES,Plantae
134854158,6306661,3734,Brassica napus subsp. oleifera (Moench) Metzg. ex Sinskaya,SYNONYM,3042636,Brassica napus L.,SPECIES,Plantae
134854159,1866568,3676,"Antheraea yamamai Guérin-Meneville, 1861",ACCEPTED,1866568,"Antheraea yamamai Guérin-Méneville, 1861",SPECIES,Animalia
134854161,5377061,3852,Coronopus didymus (L.) Sm.,SYNONYM,5377060,Lepidium didymum L.,SPECIES,Plantae
134854162,3047598,4393,Sinapis arvensis L.,ACCEPTED,3047598,Sinapis arvensis L.,SPECIES,Plantae
134854163,7678610,4335,Raphanus sativus L.,ACCEPTED,7678610,Raphanus sativus L.,SPECIES,Plantae
134854164,5376565,4071,Lepidium sativum L.,ACCEPTED,5376565,Lepidium sativum L.,SPECIES,Plantae
134854165,5376648,4072,Lepidium virginicum L.,ACCEPTED,5376648,Lepidium virginicum L.,SPECIES,Plantae
134854166,7225622,4104,Lunaria annua subsp. annua,ACCEPTED,7225622,Lunaria annua subsp. annua,SUBSPECIES,Plantae
134854168,12014559,3604,"Acalyptris platani (Muller-Rutz, 1934) Muller-Rutz, 1934",HOMOTYPIC_SYNONYM,4527322,"Acalyptris platani (Müller-Rutz, 1934) van Nieukerken, 1986",SPECIES,Animalia
134854169,5373124,4123,Malcolmia maritima (L.) W.T. Aiton,ACCEPTED,5373124,Malcolmia maritima (L.) W.T.Aiton,SPECIES,Plantae
134854171,5377163,4023,Iberis amara L.,ACCEPTED,5377163,Iberis amara L.,SPECIES,Plantae
134854173,3042291,4010,Hesperis matronalis L.,ACCEPTED,3042291,Hesperis matronalis L.,SPECIES,Plantae
134854174,3048203,3951,Erysimum cheiri (L.) Crantz,ACCEPTED,3048203,Erysimum cheiri (L.) Crantz,SPECIES,Plantae
134854175,4463518,4343,"Rhopalapion longirostre (Olivier, 1807) Olivier, 1807",ACCEPTED,4463518,"Rhopalapion longirostre (Olivier, 1807)",SPECIES,Animalia
134854176,5375925,3950,Eruca vesicaria subsp. sativa (Mill.) Thell.,SYNONYM,5375920,Eruca vesicaria (L.) Cav.,SPECIES,Plantae
134854177,5376309,3914,Diplotaxis erucoides (L.) DC.,ACCEPTED,5376309,Diplotaxis erucoides (L.) DC.,SPECIES,Plantae
134854179,1044270,4197,"Orthoperus aequalis Sharp in Blackburn & Sharp, 1885",ACCEPTED,1044270,"Orthoperus aequalis Sharp, 1885",SPECIES,Animalia
134854180,5376426,3915,Diplotaxis tenuifolia (L.) DC.,ACCEPTED,5376426,Diplotaxis tenuifolia (L.) DC.,SPECIES,Plantae
134854181,5375388,3769,Capsella bursa-pastoris (L.) Medik.,ACCEPTED,5375388,Capsella bursa-pastoris (L.) Medik.,SPECIES,Plantae
134854182,3042637,3735,Brassica napus subsp. rapifera Metzg. ex Sinskaya,ACCEPTED,3042637,Brassica napus subsp. rapifera Metzg. ex Sinskaya,SUBSPECIES,Plantae
134854183,7225635,3733,Brassica napus subsp. napus,ACCEPTED,7225635,Brassica napus subsp. napus,SUBSPECIES,Plantae
134854184,3042837,3732,Brassica cretica Lam.,ACCEPTED,3042837,Brassica cretica Lam.,SPECIES,Plantae
134854185,3042658,3736,Brassica nigra (L.) W.D.J. Koch,ACCEPTED,3042658,Brassica nigra (L.) W.D.J.Koch,SPECIES,Plantae
134854186,3042845,3737,Brassica oleracea L.,ACCEPTED,3042845,Brassica oleracea L.,SPECIES,Plantae
134854187,7460342,3739,Brassica oleracea subsp. gemmifera (DC.) O.E.Schulz,SYNONYM,3042845,Brassica oleracea L.,SPECIES,Plantae
134854188,6306651,3738,Brassica oleracea subsp. capitata (L.) Metzg.,SYNONYM,3042845,Brassica oleracea L.,SPECIES,Plantae
134854190,4293134,4158,"Neoclytus acuminatus (Fabricius, 1775)",ACCEPTED,4293134,"Neoclytus acuminatus (Fabricius, 1775)",SPECIES,Animalia
134854191,3042533,3742,Brassica rupestris Raf.,ACCEPTED,3042533,Brassica rupestris Raf.,SPECIES,Plantae
134854193,1043326,4353,"Rodolia cardinalis (Mulsant, 1850)",ACCEPTED,1043326,"Rodolia cardinalis (Mulsant, 1850)",SPECIES,Animalia
134854194,7225636,3741,Brassica rapa subsp. rapa,ACCEPTED,7225636,Brassica rapa subsp. rapa,SUBSPECIES,Plantae
134854195,3041022,3696,"Armoracia rusticana P. Gaertn., B. Mey. & Scherb.",ACCEPTED,3041022,"Armoracia rusticana P.Gaertn., B.Mey. & Scherb.",SPECIES,Plantae
134854197,4990175,4345,"Rhyzobius lophanthae (Blaisdell, 1892)",ACCEPTED,4990175,"Rhyzobius lophanthae (Blaisdell, 1892)",SPECIES,Animalia
134854199,3172622,4383,Sesamum indicum L.,ACCEPTED,3172622,Sesamum indicum L.,SPECIES,Plantae
134854201,3170823,4238,Paulownia tomentosa (Thunb.) Steud.,ACCEPTED,3170823,Paulownia tomentosa (Thunb.) Steud.,SPECIES,Plantae
134854203,7331741,4135,Melampyrum arvense L.,ACCEPTED,7331741,Melampyrum arvense L.,SPECIES,Plantae
134854204,4989904,3997,"Harmonia axyridis (Pallas, 1773)",ACCEPTED,4989904,"Harmonia axyridis (Pallas, 1773)",SPECIES,Animalia
134854209,2925643,4087,Lippia triphylla Kuntze,SYNONYM,5667503,Aloysia citrodora Paláu,SPECIES,Plantae
134854211,5415036,4428,Syringa persica L.,ACCEPTED,5415036,Syringa persica L.,SPECIES,Plantae
134854212,5415039,4429,Syringa vulgaris L.,ACCEPTED,5415039,Syringa vulgaris L.,SPECIES,Plantae
134854213,3172301,4079,Ligustrum japonicum Thunb.,ACCEPTED,3172301,Ligustrum japonicum Thunb.,SPECIES,Plantae
134854214,3172297,4080,Ligustrum lucidum W.T.Aiton,ACCEPTED,3172297,Ligustrum lucidum W.T.Aiton,SPECIES,Plantae
134854215,3172291,4081,Ligustrum ovalifolium Hassk.,ACCEPTED,3172291,Ligustrum ovalifolium Hassk.,SPECIES,Plantae
134854216,3172266,4041,Jasminum nudiflorum Lindl.,ACCEPTED,3172266,Jasminum nudiflorum Lindl.,SPECIES,Plantae
134854217,3172261,4042,Jasminum officinale L.,ACCEPTED,3172261,Jasminum officinale L.,SPECIES,Plantae
134854218,8469824,4489,"Xylosandrus germanus (Blandford, 1894), 2011",HOMOTYPIC_SYNONYM,5020078,"Xyleborus germanus Blandford, 1894",SPECIES,Animalia
134854219,3684450,4040,Jasminum fruticans L.,SYNONYM,9556104,Chrysojasminum fruticans (L.) Banfi,SPECIES,Plantae
134854220,,3889,"Dactylotrypes longicollis (Wollaston, 1864) Wollaston, 1864",,,"Dactylotrypes longicollis (Wollaston, 1864) Wollaston, 1864",,
134854221,3172348,3975,Fraxinus pennsylvanica Marshall,ACCEPTED,3172348,Fraxinus pennsylvanica Marshall,SPECIES,Plantae
134854222,3172327,3974,Fraxinus americana L.,ACCEPTED,3172327,Fraxinus americana L.,SPECIES,Plantae
134854223,5415053,3971,Forsythia viridissima Lindl.,ACCEPTED,5415053,Forsythia viridissima Lindl.,SPECIES,Plantae
134854224,5415056,3970,Forsythia suspensa (Thunb.) Vahl,ACCEPTED,5415056,Forsythia suspensa (Thunb.) Vahl,SPECIES,Plantae
134854226,4453163,3986,"Glischrochilus quadrisignatus (Say, 1835)",ACCEPTED,4453163,"Glischrochilus quadrisignatus (Say, 1835)",SPECIES,Animalia
134854227,4453205,3778,"Carpophilus pilosellus Motschulsky, 1858",ACCEPTED,4453205,"Carpophilus pilosellus Motschulsky, 1858",SPECIES,Animalia
134854228,5549548,3969,Forsythia europaea Degen & Bald.,ACCEPTED,5549548,Forsythia europaea Degen & Bald.,SPECIES,Plantae
134854231,1045837,4213,"Palorus ratzeburgi (Wissmann, 1848)",ACCEPTED,1045837,"Palorus ratzeburgi (Wissmann, 1848)",SPECIES,Animalia
134854232,5341442,4443,Thymus vulgaris L.,ACCEPTED,5341442,Thymus vulgaris L.,SPECIES,Plantae
134854233,1045839,4214,"Palorus subdepressus (Wollaston, 1864)",ACCEPTED,1045839,"Palorus subdepressus (Wollaston, 1864)",SPECIES,Animalia
134854234,2927230,4421,Stachys byzantina K.Koch,ACCEPTED,2927230,Stachys byzantina K.Koch,SPECIES,Plantae
134854235,4455268,3642,"Alphitophagus bifasciatus (Say, 1824) Say, 1824",ACCEPTED,4455268,"Alphitophagus bifasciatus (Say, 1824)",SPECIES,Animalia
134854236,3881894,4422,Stachys lanata Jacq.,HETEROTYPIC_SYNONYM,2927230,Stachys byzantina K.Koch,SPECIES,Plantae
134854238,1047536,4076,"Leptinotarsa decemlineata (Say, 1824)",ACCEPTED,1047536,"Leptinotarsa decemlineata (Say, 1824)",SPECIES,Animalia
134854239,2926615,4195,Origanum majorana L.,ACCEPTED,2926615,Origanum majorana L.,SPECIES,Plantae
134854240,1048497,3900,"Diabrotica virgifera J. L. LeConte, 1868",DOUBTFUL,1048497,"Diabrotica virgifera LeConte, 1868",SPECIES,Animalia
134854241,2927096,4181,Ocimum basilicum L.,ACCEPTED,2927096,Ocimum basilicum L.,SPECIES,Plantae
134854242,5752155,3748,"Bruchus pisorum (Linnaeus, 1758)",ACCEPTED,5752155,"Bruchus pisorum Linnaeus, 1758",SPECIES,Animalia
134854243,2926681,4060,Lamium confertum Fr.,ACCEPTED,2926681,Lamium confertum Fr.,SPECIES,Plantae
134854244,1047341,3758,"Callosobruchus chinensis (Linnaeus, 1758)",ACCEPTED,1047341,"Callosobruchus chinensis (Linnaeus, 1758)",SPECIES,Animalia
134854245,1047525,3605,"Acanthoscelides obtectus (Say, 1831)",ACCEPTED,1047525,"Acanthoscelides obtectus (Say, 1831)",SPECIES,Animalia
134854246,7308883,3933,Elsholtzia stauntonii Benth.,ACCEPTED,7308883,Elsholtzia stauntonii Benth.,SPECIES,Plantae
134854247,2927075,3932,Elsholtzia ciliata (Thunb.) Hyl.,ACCEPTED,2927075,Elsholtzia ciliata (Thunb.) Hyl.,SPECIES,Plantae
134854249,3172615,3780,Catalpa bignonioides Walter,ACCEPTED,3172615,Catalpa bignonioides Walter,SPECIES,Plantae
134854250,7613490,3765,Campsis radicans (L.) Seem.,SYNONYM,3172549,Campsis radicans (L.) Bureau,SPECIES,Plantae
134854253,6070840,4144,Mimulus luteus L.,SYNONYM,7730307,Erythranthe lutea (L.) G.L.Nesom,SPECIES,Plantae
134854254,7887942,4143,Mimulus guttatus Fisch.,SYNONYM,7730307,Erythranthe lutea (L.) G.L.Nesom,SPECIES,Plantae
134854255,3173338,3749,Buddleja davidii Franch.,ACCEPTED,3173338,Buddleja davidii Franch.,SPECIES,Plantae
134854257,3172077,4470,Veronica persica Poir.,ACCEPTED,3172077,Veronica persica Poir.,SPECIES,Plantae
134854258,3172104,4469,Veronica peregrina L.,ACCEPTED,3172104,Veronica peregrina L.,SPECIES,Plantae
134854259,5415019,4084,Linaria repens (L.) Mill.,ACCEPTED,5415019,Linaria repens (L.) Mill.,SPECIES,Plantae
134854260,5561322,4085,Linaria triphylla (L.) Mill.,ACCEPTED,5561322,Linaria triphylla (L.) Mill.,SPECIES,Plantae
134854261,3170817,4050,Kickxia spuria (L.) Dumort.,ACCEPTED,3170817,Kickxia spuria (L.) Dumort.,SPECIES,Plantae
134854262,5414995,3908,Digitalis purpurea L.,ACCEPTED,5414995,Digitalis purpurea L.,SPECIES,Plantae
134854263,3172001,3677,Antirrhinum majus L.,ACCEPTED,3172001,Antirrhinum majus L.,SPECIES,Plantae
134854266,3169708,4478,Vinca major L.,ACCEPTED,3169708,Vinca major L.,SPECIES,Plantae
134854267,5414545,4247,Periploca graeca L.,ACCEPTED,5414545,Periploca graeca L.,SPECIES,Plantae
134854268,5526185,4248,Periploca sepium Bunge,ACCEPTED,5526185,Periploca sepium Bunge,SPECIES,Plantae
134854269,3169756,4165,Nerium oleander L.,ACCEPTED,3169756,Nerium oleander L.,SPECIES,Plantae
134854270,7150619,3988,Gomphocarpus fruticosus (L.) W. T. Aiton,ACCEPTED,7150619,Gomphocarpus fruticosus (L.) W.T.Aiton,SPECIES,Plantae
134854271,3170442,3688,Araujia sericifera Brot.,ACCEPTED,3170442,Araujia sericifera Brot.,SPECIES,Plantae
134854272,3170247,3701,Asclepias syriaca L.,ACCEPTED,3170247,Asclepias syriaca L.,SPECIES,Plantae
134854275,8677924,4285,Pittosporum tobira (Murray) Aiton fil.,ACCEPTED,8677924,Pittosporum tobira (Murray) Aiton fil.,SPECIES,Plantae
134854278,3034183,3662,Ammi visnaga (L.) Lam.,SYNONYM,5371753,Visnaga daucoides Gaertn.,SPECIES,Plantae
134854279,8193935,4249,Petroselinum crispum (Mill.) Nyman ex A. W. Hill,HETEROTYPIC_SYNONYM,7224069,Petroselinum crispum subsp. crispum,SUBSPECIES,Plantae
134854280,3034825,4008,Heracleum mantegazzianum Sommier & Levier,ACCEPTED,3034825,Heracleum mantegazzianum Sommier & Levier,SPECIES,Plantae
134854281,7350944,3896,Daucus carota subsp. sativus (Hoffm.) Schübl. & Martens,SYNONYM,6550056,Daucus carota var. sativus Hoffm.,VARIETY,Plantae
134854282,8350395,3878,Cyclospermum leptophyllum (Pers.) Sprague,ACCEPTED,8350395,Cyclospermum leptophyllum (Pers.) Sprague,SPECIES,Plantae
134854283,3034871,3850,Coriandrum sativum L.,ACCEPTED,3034871,Coriandrum sativum L.,SPECIES,Plantae
134854284,3634505,3713,Astrodaucus orientalis (L.) Drude,ACCEPTED,3634505,Astrodaucus orientalis (L.) Drude,SPECIES,Plantae
134854285,7065260,3673,Angelica archangelica subsp. archangelica,ACCEPTED,7065260,Angelica archangelica subsp. archangelica,SUBSPECIES,Plantae
134854286,5371808,3672,Angelica archangelica L.,ACCEPTED,5371808,Angelica archangelica L.,SPECIES,Plantae
134854289,2874702,4433,Tamarix africana Poir.,ACCEPTED,2874702,Tamarix africana Poir.,SPECIES,Plantae
134854290,8380575,4434,Tamarix gallica L.,ACCEPTED,8380575,Tamarix gallica L.,SPECIES,Plantae
134854291,2874707,4435,Tamarix tetrandra Pall. ex Bieb.,ACCEPTED,2874707,Tamarix tetrandra Pall. ex M.Bieb.,SPECIES,Plantae
134854293,3084015,4273,Phytolacca americana L.,ACCEPTED,3084015,Phytolacca americana L.,SPECIES,Plantae
134854296,3084725,4305,Portulaca oleracea subsp. nitida A.Danin & H.G. Baker,SYNONYM,4022617,Portulaca nitida (Danin & H.G.Baker) Ricceri & Arrigoni,SPECIES,Plantae
134854298,3084726,4304,Portulaca oleracea subsp. granulatostellulata (Poelln.) Danin & H. G. Baker,SYNONYM,4023278,Portulaca granulatostellulata (Poelln.) Ricceri & Arrigoni,SPECIES,Plantae
134854300,7357317,4306,Portulaca oleracea subsp. sativa Schübler & Martens,SYNONYM,4021919,Portulaca sativa Haw.,SPECIES,Plantae
134854301,7288869,4307,Portulaca oleracea var. oleracea,ACCEPTED,7288869,Portulaca oleracea var. oleracea,VARIETY,Plantae
134854302,3084700,4303,Portulaca grandiflora Hook.,ACCEPTED,3084700,Portulaca grandiflora Hook.,SPECIES,Plantae
134854304,3084616,3985,Glinus lotoides L.,ACCEPTED,3084616,Glinus lotoides L.,SPECIES,Plantae
134854307,5334350,4295,Polygonum baldschuanicum Regel,SYNONYM,5334351,Fallopia baldschuanica (Regel) Holub,SPECIES,Plantae
134854308,,4297,Polygonum persicaria Hook. & Arn.,,,Polygonum persicaria Hook. & Arn.,,
134854309,8039905,4296,Polygonum orientale Wall.,DOUBTFUL,8039905,"Polygonum orientale Wall., 1829",SPECIES,Plantae
134854310,2888866,4341,Rheum rhaponticum L.,ACCEPTED,2888866,Rheum rhaponticum L.,SPECIES,Plantae
134854311,7619233,4342,Rheum tataricum L. fil.,ACCEPTED,7619233,Rheum tataricum L.fil.,SPECIES,Plantae
134854312,2889173,4338,Reynoutria japonica Houtt.,ACCEPTED,2889173,Reynoutria japonica Houtt.,SPECIES,Plantae
134854313,2889088,4339,Reynoutria sachalinensis (Friedrich Schmidt Petrop.) Nakai,ACCEPTED,2889088,Reynoutria sachalinensis (F.Schmidt) Nakai,SPECIES,Plantae
134854314,2889373,3965,Fagopyrum esculentum Moench,ACCEPTED,2889373,Fagopyrum esculentum Moench,SPECIES,Plantae
134854315,2889378,3966,Fagopyrum tataricum (L.) Gaertn.,ACCEPTED,2889378,Fagopyrum tataricum (L.) Gaertn.,SPECIES,Plantae
134854317,8205956,4192,Opuntia vulgaris Ten.,DOUBTFUL,8205956,"Opuntia vulgaris Ten., 1831",SPECIES,Plantae
134854318,8009883,4191,Opuntia maxima Salm-Dyck ex DC.,SYNONYM,5384064,Opuntia ficus-indica (L.) Mill.,SPECIES,Plantae
134854319,5384064,4190,Opuntia ficus-indica (L.) Mill.,ACCEPTED,5384064,Opuntia ficus-indica (L.) Mill.,SPECIES,Plantae
134854320,6381277,3882,Cylindropuntia imbricata (Haw.) F.M. Knuth,ACCEPTED,6381277,Cylindropuntia imbricata (Haw.) F.M.Knuth,SPECIES,Plantae
134854322,5384307,4439,Tetragonia tetragonioides (Pall.) Kuntze,ACCEPTED,5384307,Tetragonia tetragonioides (Pallas) Kuntze,SPECIES,Plantae
134854323,3084837,4139,Mesembryanthemum nodiflorum L.,ACCEPTED,3084837,Mesembryanthemum nodiflorum L.,SPECIES,Plantae
134854324,3084839,4138,Mesembryanthemum crystallinum L.,ACCEPTED,3084839,Mesembryanthemum crystallinum L.,SPECIES,Plantae
134854325,9376410,3897,Delosperma cooperi (Hook. fil.) L. Bol.,ACCEPTED,9376410,Delosperma cooperi (Hook.fil.) L.Bolus,SPECIES,Plantae
134854326,3084842,3777,Carpobrotus edulis (L.) N. E. Br.,ACCEPTED,3084842,Carpobrotus edulis (L.) N.E.Br.,SPECIES,Plantae
134854327,3703606,3776,Carpobrotus acinaciformis (L.) L. Bol.,ACCEPTED,3703606,Carpobrotus acinaciformis (L.) L.Bolus,SPECIES,Plantae
134854329,3086240,4145,Mirabilis jalapa L.,ACCEPTED,3086240,Mirabilis jalapa L.,SPECIES,Plantae
134854330,7167078,3730,Bougainvillea spectabilis Willd.,ACCEPTED,7167078,Bougainvillea spectabilis Willd.,SPECIES,Plantae
134854333,7695859,3801,Chenopodium ambrosioides Bert.,HOMOTYPIC_SYNONYM,7673566,"Chenopodium ambrosioides Bert. ex Steud., 1840",SPECIES,Plantae
134854335,3083887,3802,Chenopodium aristatum L.,SYNONYM,3083888,Teloxys aristata (L.) Moq.,SPECIES,Plantae
134854337,3083880,3805,Chenopodium multifidum L.,SYNONYM,5568361,Dysphania multifida (L.) Mosyakin & Clemants,SPECIES,Plantae
134854339,3083909,3807,Chenopodium schraderianum Schult.,SYNONYM,5568322,Dysphania schraderiana (Schult.) Mosyakin & Clemants,SPECIES,Plantae
134854341,8904738,4051,Kochia scoparia (L.) Schrad.,SYNONYM,5383936,Bassia scoparia (L.) A.J.Scott,SPECIES,Plantae
134854342,3083647,4415,Spinacia oleracea L.,ACCEPTED,3083647,Spinacia oleracea L.,SPECIES,Plantae
134854343,3760183,3996,Halogeton sativus (L.) Moq.,ACCEPTED,3760183,Halogeton sativus (L.) Moq.,SPECIES,Plantae
134854344,3756077,3804,Chenopodium giganteum D. Don,ACCEPTED,3756077,Chenopodium giganteum D.Don,SPECIES,Plantae
134854345,8232750,3803,Chenopodium capitatum (L.) Ambrosi,SYNONYM,5383971,Blitum capitatum L.,SPECIES,Plantae
134854346,6035638,3806,Chenopodium probstii Aellen,ACCEPTED,6035638,Chenopodium probstii Aellen,SPECIES,Plantae
134854347,7068845,3726,Beta vulgaris subsp. vulgaris,ACCEPTED,7068845,Beta vulgaris subsp. vulgaris,SUBSPECIES,Plantae
134854348,3083761,3714,Atriplex hortensis L.,ACCEPTED,3083761,Atriplex hortensis L.,SPECIES,Plantae
134854350,3082279,3793,Ceratostigma plumbaginoides Bunge,ACCEPTED,3082279,Ceratostigma plumbaginoides Bunge,SPECIES,Plantae
134854351,7700420,3695,Armeria maritima Mill.,DOUBTFUL,7700420,Armeria maritima Mill.,SPECIES,Plantae
134854353,3083508,3675,Anredera cordifolia (Ten.) Steenis,ACCEPTED,3083508,Anredera cordifolia (Ten.) Steenis,SPECIES,Plantae
134854355,3084908,3989,Gomphrena globosa L.,ACCEPTED,3084908,Gomphrena globosa L.,SPECIES,Plantae
134854356,7905507,3645,Amaranthus albus L.,ACCEPTED,7905507,Amaranthus albus L.,SPECIES,Plantae
134854357,3084958,3643,Alternanthera caracasana Kunth,ACCEPTED,3084958,Alternanthera caracasana Kunth,SPECIES,Plantae
134854358,7379483,3649,Amaranthus cruentus Willd. ex Roxb.,DOUBTFUL,7379483,Amaranthus cruentus Willd. ex Roxb.,SPECIES,Plantae
134854359,5384341,3648,Amaranthus crispus (Lesp. & Thévenau) N. Terracc.,ACCEPTED,5384341,Amaranthus crispus (Lesp. & Thévenau) N.Terracc.,SPECIES,Plantae
134854360,6109611,3647,Amaranthus caudatus L.,ACCEPTED,6109611,Amaranthus caudatus L.,SPECIES,Plantae
134854361,5384395,3646,Amaranthus blitoides S. Watson,ACCEPTED,5384395,Amaranthus blitoides S.Watson,SPECIES,Plantae
134854362,9080185,3653,Amaranthus hypochondriacus,ACCEPTED,9080185,Amaranthus hypochondriacus L.,SPECIES,Plantae
134854363,5384364,3652,Amaranthus hybridus L.,ACCEPTED,5384364,Amaranthus hybridus L.,SPECIES,Plantae
134854364,5384373,3651,Amaranthus graecizans L.,ACCEPTED,5384373,Amaranthus graecizans L.,SPECIES,Plantae
134854365,5384396,3650,Amaranthus deflexus L.,ACCEPTED,5384396,Amaranthus deflexus L.,SPECIES,Plantae
134854366,5384334,3656,Amaranthus viridis L.,ACCEPTED,5384334,Amaranthus viridis L.,SPECIES,Plantae
134854367,5384401,3655,Amaranthus spinosus L.,ACCEPTED,5384401,Amaranthus spinosus L.,SPECIES,Plantae
134854368,6109534,3654,Amaranthus retroflexus L.,ACCEPTED,6109534,Amaranthus retroflexus L.,SPECIES,Plantae
134854371,3085878,4112,Lychnis coronaria (L.) Desr.,HETEROTYPIC_SYNONYM,5384741,Silene coronaria (L.) Clairv.,SPECIES,Plantae
134854372,5384773,4391,Silene pendula L.,ACCEPTED,5384773,Silene pendula L.,SPECIES,Plantae
134854373,7565596,4390,Silene coeli-rosa A.Braun,SYNONYM,3814157,Eudianthe coeli-rosa (L.) Fenzl ex Endl.,SPECIES,Plantae
134854374,3085420,3901,Dianthus caryophyllus L.,ACCEPTED,3085420,Dianthus caryophyllus L.,SPECIES,Plantae
134854375,3085437,3790,Cerastium biebersteinii DC.,ACCEPTED,3085437,Cerastium biebersteinii DC.,SPECIES,Plantae
134854376,3085438,3791,Cerastium tomentosum L.,ACCEPTED,3085438,Cerastium tomentosum L.,SPECIES,Plantae
134854377,3085368,3628,Agrostemma githago L.,ACCEPTED,3085368,Agrostemma githago L.,SPECIES,Plantae
134854381,5408314,4091,Lobelia splendens Humb. & Bonpl. ex Willd.,SYNONYM,5408269,Lobelia cardinalis L.,SPECIES,Plantae
134854382,5408087,4090,Lobelia erinus L.,ACCEPTED,5408087,Lobelia erinus L.,SPECIES,Plantae
134854383,5410411,3764,Campanula portenschlagiana Schult.,ACCEPTED,5410411,Campanula portenschlagiana Schult.,SPECIES,Plantae
134854384,5411453,3763,Campanula medium L.,ACCEPTED,5411453,Campanula medium L.,SPECIES,Plantae
134854387,,4487,Xanthium strumarium subsp. Italicum,,,Xanthium strumarium subsp. Italicum,,
134854388,7716948,4486,Xanthium albinum (Widd.),SYNONYM,4225554,Xanthium orientale var. albinum (Widder) Adema & M.T.Jansen,VARIETY,Plantae
134854390,3110689,3658,Ambrosia coronopifolia Torr. & A.Gray,SYNONYM,3110686,Ambrosia psilostachya DC.,SPECIES,Plantae
134854392,5401761,3627,Ageratum mexicanum Sweet,SYNONYM,5401760,Ageratum houstonianum Mill.,SPECIES,Plantae
134854393,8184143,4495,Zinnia elegans L.,DOUBTFUL,8184143,Zinnia elegans L.,SPECIES,Plantae
134854395,5391096,3799,Chamomilla suaveolens (Pursh) Rydb.,SYNONYM,3103791,Matricaria discoidea DC.,SPECIES,Plantae
134854397,3089561,3789,Centaurea cyanus L.,ACCEPTED,3089561,Centaurea cyanus L.,SPECIES,Plantae
134854399,8662049,3728,Bidens frondosa Buch.-Ham.,HOMOTYPIC_SYNONYM,5391862,Bidens tripartita L.,SPECIES,Plantae
134854401,5395269,3722,Balsamita major Desf.,SYNONYM,3118254,Tanacetum balsamita L.,SPECIES,Plantae
134854403,5406332,3711,Aster tradescantii L.,SYNONYM,3151474,Symphyotrichum tradescantii (L.) G.L.Nesom,SPECIES,Plantae
134854405,12087801,3709,Aster salignus Willd.,SYNONYM,3151811,Symphyotrichum ×salignum (Willd.) G.L.Nesom,SPECIES,Plantae
134854407,5406382,3708,Aster novi-belgii L.,SYNONYM,3151558,Symphyotrichum novi-belgii (L.) G.L.Nesom,SPECIES,Plantae
134854409,5406425,3707,Aster novae-angliae L.,SYNONYM,3151618,Symphyotrichum novae-angliae (L.) G.L.Nesom,SPECIES,Plantae
134854411,8015764,3698,Artemisia dracunculus Pursh,SYNONYM,3121581,Artemisia dracunculus L.,SPECIES,Plantae
134854413,3121605,3697,Artemisia annua Pall.,HETEROTYPIC_SYNONYM,3121593,Artemisia gmelinii Weber ex Stechm.,SPECIES,Plantae
134854415,8105992,4381,Senecio mikanioides Otto ex Harv.,SYNONYM,3134183,Delairea odorata Lem.,SPECIES,Plantae
134854417,6077485,4368,Santolina chamaecyparissus subsp. squarrosa (DC.) Nyman,SYNONYM,3125954,Santolina ericoides Poir.,SPECIES,Plantae
134854419,7344770,4357,Rudbeckia sullivantii C.L.Boynton & Beadle,ACCEPTED,7344770,Rudbeckia sullivantii C.L.Boynton & Beadle,SPECIES,Plantae
134854421,3127698,3826,Cnicus benedictus L.,SYNONYM,3127691,Centaurea benedicta (L.) L.,SPECIES,Plantae
134854423,5404795,3840,Conyza bonariensis (L.) Cronquist,SYNONYM,3146717,Erigeron bonariensis L.,SPECIES,Plantae
134854425,5404801,3841,Conyza canadensis (L.) Cronquist,SYNONYM,3146791,Erigeron canadensis L.,SPECIES,Plantae
134854427,5398027,3842,Conyza sumatrensis (Retz.) E.Walker,SYNONYM,3146683,Erigeron sumatrensis Retz.,SPECIES,Plantae
134854429,3141119,3811,Chrysanthemum coronarium L.,SYNONYM,7627205,Glebionis coronaria (L.) Tzvelev,SPECIES,Plantae
134854431,3141107,3812,Chrysanthemum segetum L.,HETEROTYPIC_SYNONYM,3141101,Glebionis segetum (L.) Fourr.,SPECIES,Plantae
134854433,7823591,3816,Cichorium endivia subsp. endivia,SYNONYM,5392243,Cichorium endivia L.,SPECIES,Plantae
134854435,5387148,3890,Dahlia variabilis (Willd.) Desf.,SYNONYM,5387142,Dahlia ×pinnata Cav.,SPECIES,Plantae
134854437,3117449,3941,Erigeron annuus (L.) Pers.,ACCEPTED,3117449,Erigeron annuus (L.) Pers.,SPECIES,Plantae
134854439,3132457,3940,Erechtites hieraciifolius (L.) Raf. ex DC.,ACCEPTED,3132457,Erechtites hieraciifolius (L.) Raf. ex DC.,SPECIES,Plantae
134854441,5400618,3958,Eupatorium adenophorum Spreng.,SYNONYM,5400613,Ageratina adenophora (Spreng.) R.M.King & H.Rob.,SPECIES,Plantae
134854443,4219540,3944,Erigeron annuus subsp. strigosus (Muhl. ex Willd.) Wagenitz,SYNONYM,3146632,Erigeron strigosus Muhl. ex Willd.,SPECIES,Plantae
134854445,3132590,3977,Galinsoga ciliata (Raf.) S.F.Blake,SYNONYM,8298495,Galinsoga quadriradiata Ruiz & Pav.,SPECIES,Plantae
134854446,5389029,4407,Solidago canadensis L.,ACCEPTED,5389029,Solidago canadensis L.,SPECIES,Plantae
134854447,5389017,4408,Solidago gigantea Aiton,ACCEPTED,5389017,Solidago gigantea Aiton,SPECIES,Plantae
134854448,3114225,4355,Rudbeckia hirta L.,ACCEPTED,3114225,Rudbeckia hirta L.,SPECIES,Plantae
134854449,3114229,4356,Rudbeckia laciniata L.,ACCEPTED,3114229,Rudbeckia laciniata L.,SPECIES,Plantae
134854450,4933568,4379,Senecio angulatus L.f.,ACCEPTED,4933568,Senecio angulatus L.fil.,SPECIES,Plantae
134854451,3109086,4380,Senecio inaequidens DC.,ACCEPTED,3109086,Senecio inaequidens DC.,SPECIES,Plantae
134854452,3088481,4430,Tagetes minuta L.,ACCEPTED,3088481,Tagetes minuta L.,SPECIES,Plantae
134854453,3088492,4431,Tagetes patula L.,SYNONYM,3088488,Tagetes erecta L.,SPECIES,Plantae
134854454,3118430,4436,Tanacetum parthenium (Linnaeus) Schultz-Bipontinus,ACCEPTED,3118430,Tanacetum parthenium (L.) Sch.Bip.,SPECIES,Plantae
134854455,5402620,4038,Iva xanthiifolia Nutt.,SYNONYM,3141890,Cyclachaena xanthiifolia (Nutt.) Fresen.,SPECIES,Plantae
134854456,,4056,Lactuca virosa Hornem.,,,Lactuca virosa Hornem.,,
134854457,7403263,4055,Lactuca sativa L.,ACCEPTED,7403263,Lactuca sativa L.,SPECIES,Plantae
134854458,7223198,4064,Lapsana communis subsp. communis,ACCEPTED,7223198,Lapsana communis subsp. communis,SUBSPECIES,Plantae
134854459,4933861,4065,Lapsana communis subsp. intermedia (M.Bieb.) Hayek,ACCEPTED,4933861,Lapsana communis subsp. intermedia (M.Bieb.) Hayek,SUBSPECIES,Plantae
134854460,3134857,4062,Lapsana communis L.,ACCEPTED,3134857,Lapsana communis L.,SPECIES,Plantae
134854461,6082629,4063,Lapsana communis subsp. adenophora (Boiss.) Rech.f.,ACCEPTED,6082629,Lapsana communis subsp. adenophora (Boiss.) Rech.fil.,SUBSPECIES,Plantae
134854462,3119181,3999,Helianthus ×laetiflorus,ACCEPTED,3119181,Helianthus ×laetiflorus Pers.,SPECIES,Plantae
134854463,9206251,4000,Helianthus annuus,ACCEPTED,9206251,Helianthus annuus L.,SPECIES,Plantae
134854464,8584304,3991,Guizotia abyssinica (L.f.) Cass.,ACCEPTED,8584304,Guizotia abyssinica (L.fil.) Cass.,SPECIES,Plantae
134854465,3119175,4002,Helianthus tuberosus,ACCEPTED,3119175,Helianthus tuberosus L.,SPECIES,Plantae
134854466,8002952,3657,Ambrosia artemisiifolia L.,ACCEPTED,8002952,Ambrosia artemisiifolia L.,SPECIES,Plantae
134854467,3133446,3663,Ammobium alatum R.Br.,ACCEPTED,3133446,Ammobium alatum R.Br.,SPECIES,Plantae
134854468,,3659,Ambrosia maritima Forssk.,,,Ambrosia maritima Forssk.,,
134854469,3120790,3699,Artemisia verlotiorum Lamotte,ACCEPTED,3120790,Artemisia verlotiorum Lamotte,SPECIES,Plantae
134854470,5406285,3706,Aster lanceolatus,SYNONYM,9202318,Symphyotrichum lanceolatum (Willd.) G.L.Nesom,SPECIES,Plantae
134854471,7899948,3710,Aster squamatus (Spreng.) Hieron. ex Sodiro,SYNONYM,3151764,Symphyotrichum squamatum (Spreng.) G.L.Nesom,SPECIES,Plantae
134854472,7970416,3727,Bidens bipinnata Hook. & Arn.,DOUBTFUL,7970416,Bidens bipinnata Hook. & Arn.,SPECIES,Plantae
134854473,5391882,3729,Bidens subalternans DC.,ACCEPTED,5391882,Bidens subalternans DC.,SPECIES,Plantae
134854474,5391480,3755,Calendula officinalis L.,ACCEPTED,5391480,Calendula officinalis L.,SPECIES,Plantae
134854475,3092946,3757,Callistephus chinensis (L.) Nees,ACCEPTED,3092946,Callistephus chinensis (L.) Nees,SPECIES,Plantae
134854476,3094849,3775,Carpesium abrotanoides L.,ACCEPTED,3094849,Carpesium abrotanoides L.,SPECIES,Plantae
134854477,3138327,3779,Carthamus tinctorius L.,ACCEPTED,3138327,Carthamus tinctorius L.,SPECIES,Plantae
134854478,,3849,Coreopsis tinctoria Lange,,,Coreopsis tinctoria Lange,,
134854479,3133938,3848,Coreopsis lanceolata L.,ACCEPTED,3133938,Coreopsis lanceolata L.,SPECIES,Plantae
134854480,8534879,3847,Coreopsis grandiflora Hogg,HOMOTYPIC_SYNONYM,3133927,Coreopsis grandiflora Hogg ex Sweet,SPECIES,Plantae
134854481,3112361,3883,Cynara scolymus L.,ACCEPTED,3112361,Cynara scolymus L.,SPECIES,Plantae
134854482,3098912,3858,Cosmos bipinnatus Cav.,ACCEPTED,3098912,Cosmos bipinnatus Cav.,SPECIES,Plantae
134854483,8035432,3861,Crepis sancta (L.) Babc.,HETEROTYPIC_SYNONYM,7223177,Crepis sancta subsp. sancta,SUBSPECIES,Plantae
134854484,3115588,3905,Dichrocephala integrifolia (L.f.) Kuntze,ACCEPTED,3115588,Dichrocephala integrifolia (L.fil.) Kuntze,SPECIES,Plantae
134854485,3132570,3978,Galinsoga parviflora Cav.,ACCEPTED,3132570,Galinsoga parviflora Cav.,SPECIES,Plantae
134854486,6298105,3942,Erigeron annuus subsp. annuus,SYNONYM,3117449,Erigeron annuus (L.) Pers.,SPECIES,Plantae
134854487,4219549,3943,Erigeron annuus subsp. septentrionalis (Fernald & Wiegand) Wagenitz,HETEROTYPIC_SYNONYM,3117449,Erigeron annuus (L.) Pers.,SPECIES,Plantae
134854488,3147168,3945,Erigeron karvinskianus DC.,ACCEPTED,3147168,Erigeron karvinskianus DC.,SPECIES,Plantae
134854489,3119231,4001,Helianthus pauciflorus Nutt.,ACCEPTED,3119231,Helianthus pauciflorus Nutt.,SPECIES,Plantae
134854492,2882849,4467,Vaccinium corymbosum L.,ACCEPTED,2882849,Vaccinium corymbosum L.,SPECIES,Plantae
134854494,2927850,4294,Polemonium caeruleum L.,ACCEPTED,2927850,Polemonium caeruleum L.,SPECIES,Plantae
134854495,2927744,4260,Phlox paniculata L.,ACCEPTED,2927744,Phlox paniculata L.,SPECIES,Plantae
134854497,2891782,4028,Impatiens parviflora DC.,ACCEPTED,2891782,Impatiens parviflora DC.,SPECIES,Plantae
134854498,2891783,4025,Impatiens balfourii Hook. fil.,ACCEPTED,2891783,Impatiens balfourii Hook.fil.,SPECIES,Plantae
134854499,2891770,4027,Impatiens glandulifera Royle,ACCEPTED,2891770,Impatiens glandulifera Royle,SPECIES,Plantae
134854500,2891773,4026,Impatiens balsamina L.,ACCEPTED,2891773,Impatiens balsamina L.,SPECIES,Plantae
134854502,3032980,3913,Diospyros lotus L.,ACCEPTED,3032980,Diospyros lotus L.,SPECIES,Plantae
134854503,3032984,3912,Diospyros kaki L.f.,ACCEPTED,3032984,Diospyros kaki L.f.,SPECIES,Plantae
134854505,3169305,3671,Anagallis arvensis L.,HOMOTYPIC_SYNONYM,9631539,Lysimachia arvensis subsp. arvensis,SUBSPECIES,Plantae
134854507,3189694,3612,Actinidia chinensis Planch.,ACCEPTED,3189694,Actinidia chinensis Planch.,SPECIES,Plantae
134854510,2888443,4222,Papaver rhoeas L.,ACCEPTED,2888443,Papaver rhoeas L.,SPECIES,Plantae
134854511,2888439,4223,Papaver somniferum L.,ACCEPTED,2888439,Papaver somniferum L.,SPECIES,Plantae
134854512,2888437,4221,Papaver orientale L.,ACCEPTED,2888437,Papaver orientale L.,SPECIES,Plantae
134854513,5334188,3983,Glaucium corniculatum (L.) Rudolph,ACCEPTED,5334188,Glaucium corniculatum (L.) Rudolph,SPECIES,Plantae
134854514,2888380,3952,Eschscholzia californica Cham.,ACCEPTED,2888380,Eschscholzia californica Cham.,SPECIES,Plantae
134854515,7606812,3903,Dicentra spectabilis,SYNONYM,2888564,Lamprocapnos spectabilis (L.) Fukuhara,SPECIES,Plantae
134854518,3033865,4122,Mahonia aquifolium (Pursh) Nutt.,ACCEPTED,3033865,Mahonia aquifolium (Pursh) Nutt.,SPECIES,Plantae
134854519,3033896,3724,Berberis thunbergii DC.,ACCEPTED,3033896,Berberis thunbergii DC.,SPECIES,Plantae
134854522,7277406,3838,Consolida hispanica (Costa) Greuter & Burdet,SYNONYM,8429167,Delphinium hispanicum Costa,SPECIES,Plantae
134854523,3033348,4334,Ranunculus arvensis L.,ACCEPTED,3033348,Ranunculus arvensis L.,SPECIES,Plantae
134854524,7278276,4171,Nigella arvensis L.,ACCEPTED,7278276,Nigella arvensis L.,SPECIES,Plantae
134854525,5371700,4173,Nigella sativa L.,ACCEPTED,5371700,Nigella sativa L.,SPECIES,Plantae
134854526,7278282,4172,Nigella arvensis subsp. arvensis,ACCEPTED,7278282,Nigella arvensis subsp. arvensis,SUBSPECIES,Plantae
134854527,8176367,3839,Consolida regalis,SYNONYM,10763835,Delphinium consolida subsp. consolida,SUBSPECIES,Plantae
134854528,,3621,Adonis flammea subsp. flammea,,,Adonis flammea subsp. flammea,,
134854529,5371707,3616,Adonis aestivalis L.,ACCEPTED,5371707,Adonis aestivalis L.,SPECIES,Plantae
134854530,8343833,3618,Adonis aestivalis subsp. provincialis (DC.) C. Steinb.,SYNONYM,7777907,Adonis aestivalis subsp. squarrosa (Steven) Nyman,SUBSPECIES,Plantae
134854531,7277946,3617,Adonis aestivalis subsp. aestivalis,ACCEPTED,7277946,Adonis aestivalis subsp. aestivalis,SUBSPECIES,Plantae
134854532,8246651,3619,Adonis flammea Jacq.,ACCEPTED,8246651,Adonis flammea Jacq.,SPECIES,Plantae
134854533,5616493,3620,Adonis flammea subsp. cortiana C. Steinb.,SYNONYM,7424010,Adonis flammea var. cortiana (C.H.Steinb.) W.T.Wang,VARIETY,Plantae
134854536,3190642,4372,Schinus molle L.,ACCEPTED,3190642,Schinus molle L.,SPECIES,Plantae
134854537,3190585,4283,Pistacia vera L.,ACCEPTED,3190585,Pistacia vera L.,SPECIES,Plantae
134854538,3190538,4344,Rhus typhina L.,ACCEPTED,3190538,Rhus typhina L.,SPECIES,Plantae
134854540,5914287,4136,Melia azedarach L.,ACCEPTED,5914287,Melia azedarach L.,SPECIES,Plantae
134854543,3190128,4299,Poncirus trifoliata (L.) Raf.,SYNONYM,3190129,Citrus trifoliata L.,SPECIES,Plantae
134854545,3832414,3821,Citrus deliciosa Ten.,PROPARTE_SYNONYM,8077391,Citrus ×aurantium L.,SPECIES,Plantae
134854546,5421338,3906,Dictamnus albus L.,ACCEPTED,5421338,Dictamnus albus L.,SPECIES,Plantae
134854547,8077391,3820,Citrus aurantium L.,ACCEPTED,8077391,Citrus ×aurantium L.,SPECIES,Plantae
134854548,3190158,3819,Citrus ×sinensis Pers.,SYNONYM,8077391,Citrus ×aurantium L.,SPECIES,Plantae
134854549,3190157,3823,Citrus medica L.,ACCEPTED,3190157,Citrus medica L.,SPECIES,Plantae
134854550,9198046,3822,Citrus limon (L.) Burm. fil.,SYNONYM,7647136,Citrus ×limon (L.) Osbeck,SPECIES,Plantae
134854552,3190653,3629,Ailanthus altissima (Miller) Swingle,ACCEPTED,3190653,Ailanthus altissima (Mill.) Swingle,SPECIES,Plantae
134854554,5421180,4052,Koelreuteria paniculata Laxm.,ACCEPTED,5421180,Koelreuteria paniculata Laxm.,SPECIES,Plantae
134854555,,3623,Aesculus flava Soland. ex Hope,,,Aesculus flava Soland. ex Hope,,
134854556,3189815,3624,Aesculus hippocastanum L.,ACCEPTED,3189815,Aesculus hippocastanum L.,SPECIES,Plantae
134854557,3189807,3625,Aesculus pavia L.,ACCEPTED,3189807,Aesculus pavia L.,SPECIES,Plantae
134854558,7912328,3607,Acer palmatum C.P. Thunberg ex A. Murray,DOUBTFUL,7912328,Acer palmatum Thunb. ex Murr.,SPECIES,Plantae
134854559,3189837,3608,Acer saccharinum L.,ACCEPTED,3189837,Acer saccharinum L.,SPECIES,Plantae
134854560,3189866,3606,Acer negundo L.,ACCEPTED,3189866,Acer negundo L.,SPECIES,Plantae
134854564,2979751,3601,Acacia retinoides Schltr.,SYNONYM,2979408,Acacia retinodes Schltdl.,SPECIES,Plantae
134854565,2951984,4464,Ulex europaeus L.,ACCEPTED,2951984,Ulex europaeus L.,SPECIES,Plantae
134854566,2977331,4484,Wisteria sinensis (Sims) Sweet,SYNONYM,8149049,Wisteria sinensis (Sims) DC.,SPECIES,Plantae
134854567,2982583,4477,Vigna unguiculata (L.) Walp.,ACCEPTED,2982583,Vigna unguiculata (L.) Walp.,SPECIES,Plantae
134854568,2974887,4474,Vicia ervilia (L.) Willd.,ACCEPTED,2974887,Vicia ervilia (L.) Willd.,SPECIES,Plantae
134854569,7068379,4476,Vicia sativa subsp. sativa,ACCEPTED,7068379,Vicia sativa subsp. sativa,SUBSPECIES,Plantae
134854570,2974832,4475,Vicia faba L.,ACCEPTED,2974832,Vicia faba L.,SPECIES,Plantae
134854572,5360734,4255,Phaseolus caracalla L.,SYNONYM,8308653,Cochliasanthus caracalla (L.) Trew,SPECIES,Plantae
134854574,2956177,4293,Poinciana regia Hook.,SYNONYM,2956176,Delonix regia (Bojer ex Hook.) Raf.,SPECIES,Plantae
134854576,2958651,4292,Poinciana gilliesii Hook.,SYNONYM,8130309,Erythrostemon gilliesii (Hook.) Klotzsch,SPECIES,Plantae
134854578,2977655,4324,Pueraria thunbergiana (Siebold & Zucc.) Benth.,SYNONYM,2977647,Pueraria montana var. lobata (Willd.) Maesen & S.M.Almeida ex Sanjappa & Predeep,VARIETY,Plantae
134854580,2963572,4409,Sophora japonica L.,SYNONYM,2963569,Styphnolobium japonicum (L.) Schott,SPECIES,Plantae
134854582,2972406,4029,Indigofera gerardiana Baker,SYNONYM,2972405,Indigofera heterantha Wall. ex Brandis,SPECIES,Plantae
134854583,2978552,3602,Acacia saligna (Labill.) H.L.Wendl.,ACCEPTED,2978552,Acacia saligna (Labill.) H.L.Wendl.,SPECIES,Plantae
134854584,2979474,3600,Acacia dealbata Link,ACCEPTED,2979474,Acacia dealbata Link,SPECIES,Plantae
134854585,2972983,3632,Albizia julibrissin Durazz.,ACCEPTED,2972983,Albizia julibrissin Durazz.,SPECIES,Plantae
134854586,5357407,3665,Amorpha fruticosa L.,ACCEPTED,5357407,Amorpha fruticosa L.,SPECIES,Plantae
134854587,5344663,3712,Astragalus boeticus L.,ACCEPTED,5344663,Astragalus boeticus L.,SPECIES,Plantae
134854588,2943190,3771,Caragana arborescens Lam.,ACCEPTED,2943190,Caragana arborescens Lam.,SPECIES,Plantae
134854589,2947311,3815,Cicer arietinum L.,ACCEPTED,2947311,Cicer arietinum L.,SPECIES,Plantae
134854590,2956442,3835,Colutea orientalis Mill.,ACCEPTED,2956442,Colutea orientalis Mill.,SPECIES,Plantae
134854591,2983965,3994,Halimodendron halodendron (Pall.) Voss,SYNONYM,3967193,Caragana halodendron (Pall.) Dum.Cours.,SPECIES,Plantae
134854592,2944215,3992,Gymnocladus dioica (L.) K.Koch,ACCEPTED,2944215,Gymnocladus dioicus (L.) K.Koch,SPECIES,Plantae
134854593,2960919,3998,Hedysarum coronarium L.,SYNONYM,5928735,Sulla coronaria (L.) B.H.Choi & H.Ohashi,SPECIES,Plantae
134854594,5359660,3987,Glycine max (L.) Merr.,ACCEPTED,5359660,Glycine max (L.) Merr.,SPECIES,Plantae
134854595,2959443,3984,Gleditsia triacanthos L.,ACCEPTED,2959443,Gleditsia triacanthos L.,SPECIES,Plantae
134854596,5356514,4067,Lathyrus odoratus L.,ACCEPTED,5356514,Lathyrus odoratus L.,SPECIES,Plantae
134854597,5356488,4068,Lathyrus sativus L.,ACCEPTED,5356488,Lathyrus sativus L.,SPECIES,Plantae
134854598,5350010,4070,Lens culinaris Medik.,SYNONYM,3973001,Vicia lens (L.) Coss. & Germ.,SPECIES,Plantae
134854599,2964435,4109,Lupinus perennis L.,ACCEPTED,2964435,Lupinus perennis L.,SPECIES,Plantae
134854600,2964355,4110,Lupinus polyphyllus Lindl.,ACCEPTED,2964355,Lupinus polyphyllus Lindl.,SPECIES,Plantae
134854601,2964025,4106,Lupinus angustifolius L.,ACCEPTED,2964025,Lupinus angustifolius L.,SPECIES,Plantae
134854602,2964168,4105,Lupinus albus subsp. albus,ACCEPTED,2964168,Lupinus albus subsp. albus,SUBSPECIES,Plantae
134854603,2963817,4108,Lupinus luteus L.,ACCEPTED,2963817,Lupinus luteus L.,SPECIES,Plantae
134854604,2964029,4107,Lupinus angustifolius subsp. reticulatus (Desv.) Arcang.,SYNONYM,2964025,Lupinus angustifolius L.,SPECIES,Plantae
134854605,5356964,4103,Lotus drepanocarpus Durieu,ACCEPTED,5356964,Lotus drepanocarpus Durieu,SPECIES,Plantae
134854606,2965527,4129,Medicago arabica (L.) Huds.,ACCEPTED,2965527,Medicago arabica (L.) Huds.,SPECIES,Plantae
134854607,7068169,4132,Medicago sativa subsp. sativa,ACCEPTED,7068169,Medicago sativa subsp. sativa,SUBSPECIES,Plantae
134854608,9151957,4131,Medicago sativa L.,ACCEPTED,9151957,Medicago sativa L.,SPECIES,Plantae
134854609,2965331,4133,Medicago varia Martyn,ACCEPTED,2965331,Medicago ×varia Martyn,SPECIES,Plantae
134854610,2965379,4130,Medicago arborea L.,ACCEPTED,2965379,Medicago arborea L.,SPECIES,Plantae
134854611,2977222,4186,Ononis alopecuroides L.,ACCEPTED,2977222,Ononis alopecuroides L.,SPECIES,Plantae
134854612,3970675,4187,Ononis alopecuroides subsp. exalopecuroides (G. López) Greuter & Burdet,ACCEPTED,3970675,Ononis alopecuroides subsp. exalopecuroides (G.López) Greuter & Burdet,SUBSPECIES,Plantae
134854613,5358260,4196,Ornithopus pinnatus (Mill.) Druce,ACCEPTED,5358260,Ornithopus pinnatus (Mill.) Druce,SPECIES,Plantae
134854614,5352251,4352,Robinia pseudoacacia L.,ACCEPTED,5352251,Robinia pseudoacacia L.,SPECIES,Plantae
134854615,5352221,4351,Robinia hispida L.,ACCEPTED,5352221,Robinia hispida L.,SPECIES,Plantae
134854616,5350466,4256,Phaseolus coccineus L.,ACCEPTED,5350466,Phaseolus coccineus L.,SPECIES,Plantae
134854617,5350452,4257,Phaseolus vulgaris L.,ACCEPTED,5350452,Phaseolus vulgaris L.,SPECIES,Plantae
134854618,5347854,4284,Pisum sativum var. sativum,SYNONYM,10683509,Lathyrus oleraceus var. oleraceus,VARIETY,Plantae
134854619,5360498,4450,Trigonella caerulea (L.) Ser.,ACCEPTED,5360498,Trigonella caerulea (L.) Ser.,SPECIES,Plantae
134854620,5359246,4449,Trifolium arvense L.,ACCEPTED,5359246,Trifolium arvense L.,SPECIES,Plantae
134854621,5360475,4451,Trigonella foenum-graecum L.,ACCEPTED,5360475,Trigonella foenum-graecum L.,SPECIES,Plantae
134854622,2957408,4382,Senna obtusifolia (L.) H.S.Irwin & Barneby,ACCEPTED,2957408,Senna obtusifolia (L.) H.S.Irwin & Barneby,SPECIES,Plantae
134854624,8655560,4111,Lupinus varius L.,HETEROTYPIC_SYNONYM,2964025,Lupinus angustifolius L.,SPECIES,Plantae
134854627,5372639,4363,Salix babylonica L.,ACCEPTED,5372639,Salix babylonica L.,SPECIES,Plantae
134854628,8018127,4362,Salix alba subsp. vitellina (L.) Schübl. & Martens,SYNONYM,7603723,Salix alba var. vitellina (L.) Stokes,VARIETY,Plantae
134854629,,4300,Populus berolinensis C. Koch,,,Populus berolinensis C. Koch,,
134854630,8190077,4301,Populus canadensis Moench,ACCEPTED,8190077,Populus ×canadensis Moench,SPECIES,Plantae
134854631,3040232,4302,Populus deltoides Bartram ex Marshall,ACCEPTED,3040232,Populus deltoides W.Bartram ex Marshall,SPECIES,Plantae
134854633,2874199,4237,Passiflora caerulea L.,ACCEPTED,2874199,Passiflora caerulea L.,SPECIES,Plantae
134854635,2873861,4086,Linum usitatissimum L.,ACCEPTED,2873861,Linum usitatissimum L.,SPECIES,Plantae
134854637,3189497,4018,Hypericum calycinum L.,ACCEPTED,3189497,Hypericum calycinum L.,SPECIES,Plantae
134854639,5380041,4350,Ricinus communis L.,ACCEPTED,5380041,Ricinus communis L.,SPECIES,Plantae
134854640,3067119,3961,Euphorbia maculata L.,ACCEPTED,3067119,Euphorbia maculata L.,SPECIES,Plantae
134854641,3066965,3960,Euphorbia lathyris L.,ACCEPTED,3066965,Euphorbia lathyris L.,SPECIES,Plantae
134854642,3067054,3959,Euphorbia humifusa Willd.,ACCEPTED,3067054,Euphorbia humifusa Willd.,SPECIES,Plantae
134854643,3064943,3962,Euphorbia marginata Pursh,ACCEPTED,3064943,Euphorbia marginata Pursh,SPECIES,Plantae
134854644,3070346,3963,Euphorbia nutans Lag.,ACCEPTED,3070346,Euphorbia nutans Lag.,SPECIES,Plantae
134854645,3067891,3964,Euphorbia prostrata Aiton,ACCEPTED,3067891,Euphorbia prostrata Aiton,SPECIES,Plantae
134854646,3056055,3603,Acalypha virginica L.,ACCEPTED,3056055,Acalypha virginica L.,SPECIES,Plantae
134854649,5406735,4387,Sida rhombifolia L.,ACCEPTED,5406735,Sida rhombifolia L.,SPECIES,Plantae
134854650,3152377,4126,Malva verticillata L.,ACCEPTED,3152377,Malva verticillata L.,SPECIES,Plantae
134854651,3152658,3990,Gossypium herbaceum L.,ACCEPTED,3152658,Gossypium herbaceum L.,SPECIES,Plantae
134854652,3152583,4011,Hibiscus syriacus L.,ACCEPTED,3152583,Hibiscus syriacus L.,SPECIES,Plantae
134854653,7786241,3644,Althaea rosea Hohen. ex Boiss.,ACCEPTED,7786241,"Althaea rosea Hohen. ex Boiss., 1856",SPECIES,Plantae
134854654,5617456,3633,Alcea setosa (Boiss.) Alef.,ACCEPTED,5617456,Alcea setosa (Boiss.) Alef.,SPECIES,Plantae
134854655,3152614,3599,Abutilon theophrasti Medik.,ACCEPTED,3152614,Abutilon theophrasti Medik.,SPECIES,Plantae
134854656,3152707,3598,Abelmoschus esculentus (L.) Moench,ACCEPTED,3152707,Abelmoschus esculentus (L.) Moench,SPECIES,Plantae
