taxonKey,countryCode,occurrenceStatus,establishmentMeans,degreeOfEstablishment,pathway,eventDate,source
148702483,GB,present,introduced,,,,
148702484,GB,present,introduced,yes,,,
148702488,GB,present,introduced,yes,,,
148702492,GB,present,introduced,,,,
148702498,GB,present,introduced,,,,
148702501,GB,present,introduced,,,,
148702505,GB,present,introduced,,,,
148702508,GB,present,introduced,,,,
148702513,GB,present,introduced,,,,
148702514,GB,present,introduced,,,,
148702515,GB,present,,,,,
148702519,GB,present,introduced,,,,
148702522,GB,present,introduced,,,,
148702524,GB,present,introduced,yes,,,
148702527,GB,present,introduced,,,,
148702528,GB,present,introduced,,,,
148702535,GB,present,introduced,,,,
148702537,GB,present,introduced,,,,
148702539,GB,present,introduced,,,,
148702548,GB,present,introduced,,,,
148702549,GB,present,introduced,,,,
148702556,GB,present,introduced,,,,
148702557,GB,present,introduced,yes,,,
148702562,GB,present,introduced,yes,,,
148702565,GB,present,introduced,,,,
148702567,GB,present,introduced,,,,
148702568,GB,present,introduced,yes,,,
148702571,GB,present,introduced,,,,
148702573,GB,present,introduced,,,,
148702575,GB,present,introduced,,,,
148702581,GB,present,,,,,
148702582,GB,present,introduced,,,,
148702588,GB,present,introduced,yes,,,
148702590,GB,present,introduced,,,,
148702592,GB,present,introduced,,,,
148702593,GB,present,introduced,,,,
148702600,GB,present,introduced,,,,
148702601,GB,present,introduced,,,,
148702602,GB,present,introduced,,,,
148702603,GB,present,introduced,,,,
148702610,GB,present,introduced,yes,,,
148702611,GB,present,introduced,yes,,,
148702617,GB,present,introduced,yes,,,
148702618,GB,present,introduced,yes,,,
148702623,GB,present,introduced,,,,
148702624,GB,present,introduced,,,,
148702628,GB,present,introduced,,,,
148702630,GB,present,introduced,yes,,,
148702631,GB,present,introduced,,,,
148702633,GB,present,introduced,,,,
148702634,GB,present,introduced,,,,
148702635,GB,present,introduced,,,,
148702636,GB,present,introduced,,,,
148702637,GB,present,,,,,
148702639,GB,present,introduced,,,,
148702642,GB,present,introduced,,,,
148702644,GB,present,introduced,,,,
148702645,GB,present,introduced,,,,
148702650,GB,present,introduced,,,,
148702651,GB,present,introduced,yes,,,
148702652,GB,present,introduced,yes,,,
148702654,GB,present,introduced,,,,
148702656,GB,present,introduced,,,,
148702659,GB,present,introduced,yes,,,
148702660,GB,present,introduced,,,,
148702661,GB,present,introduced,,,,
148702663,GB,present,introduced,,,,
148702664,GB,present,introduced,yes,,,
148702668,GB,present,introduced,,,,
148702669,GB,present,introduced,,,,
148702671,GB,present,introduced,,,,
148702672,GB,present,introduced,,,,
148702673,GB,present,introduced,,,,
148702676,GB,present,introduced,,,,
148702677,GB,present,introduced,,,,
148702678,GB,present,introduced,,,,
148702680,GB,present,introduced,,,,
148702685,GB,present,introduced,,,,
148702686,GB,present,introduced,,,,
148702687,GB,present,introduced,,,,
148702689,GB,present,introduced,,,,
148702690,GB,present,introduced,,,,
148702691,GB,present,introduced,,,,
148702693,GB,present,introduced,,,,
148702694,GB,present,introduced,,,,
148702696,GB,present,introduced,,,,
148702697,GB,present,introduced,,,,
148702699,GB,present,introduced,,,,
148702700,GB,present,introduced,,,,
148702706,GB,present,introduced,,,,
148702711,GB,present,introduced,yes,,,
148702712,GB,present,introduced,,,,
148702713,GB,present,introduced,yes,,,
148702714,GB,present,introduced,yes,,,
148702720,GB,present,introduced,,,,
148702721,GB,present,introduced,yes,,,
148702722,GB,present,introduced,,,,
148702727,GB,present,introduced,,,,
148702729,GB,present,introduced,,,,
148702732,GB,present,introduced,,,,
148702735,GB,present,introduced,yes,,,
148702736,GB,present,introduced,,,,
148702737,GB,present,introduced,,,,
148702738,GB,present,introduced,,,,
148702739,GB,present,introduced,,,,
148702744,GB,present,introduced,yes,,,
148702745,GB,present,introduced,,,,
148702747,GB,present,introduced,,,,
148702750,GB,present,introduced,,,,
148702751,GB,present,introduced,,,,
148702752,GB,present,introduced,,,,
148702753,GB,present,introduced,,,,
148702755,GB,present,introduced,yes,,,
148702756,GB,present,introduced,,,,
148702760,GB,present,introduced,,,,
148702762,GB,present,introduced,,,,
148702763,GB,present,introduced,,,,
148702764,GB,present,introduced,,,,
148702765,GB,present,introduced,,,,
148702768,GB,present,introduced,,,,
148702771,GB,present,introduced,yes,,,
148702774,GB,present,introduced,,,,
148702775,GB,present,introduced,,,,
148702780,GB,present,introduced,,,,
148702782,GB,present,introduced,,,,
148702784,GB,present,introduced,,,,
148702785,GB,present,introduced,,,,
148702787,GB,present,introduced,,,,
148702793,GB,present,introduced,yes,,,
148702794,GB,present,introduced,,,,
148702800,GB,present,introduced,,,,
148702801,GB,present,introduced,,,,
148702802,GB,present,introduced,,,,
148702803,GB,present,introduced,,,,
148702804,GB,present,introduced,,,,
148702806,GB,present,introduced,,,,
148702807,GB,present,introduced,yes,,,
148702808,GB,present,introduced,,,,
148702810,GB,present,introduced,,,,
148702812,GB,present,introduced,yes,,,
148702813,GB,present,introduced,,,,
148702814,GB,present,introduced,,,,
148702815,GB,present,introduced,,,,
148702816,GB,present,introduced,yes,,,
148702817,GB,present,introduced,yes,,,
148702822,GB,present,introduced,,,,
148702823,GB,present,introduced,,,,
148702827,GB,present,introduced,,,,
148702829,GB,present,introduced,,,,
148702830,GB,present,introduced,,,,
148702831,GB,present,introduced,,,,
148702834,GB,present,introduced,,,,
148702835,GB,present,introduced,yes,,,
148702837,GB,present,introduced,,,,
148702839,GB,present,introduced,yes,,,
148702840,GB,present,introduced,yes,,,
148702841,GB,present,introduced,,,,
148702842,GB,present,introduced,,,,
148702843,GB,present,introduced,,,,
148702844,GB,present,introduced,yes,,,
148702849,GB,present,introduced,,,,
148702851,GB,present,introduced,,,,
148702853,GB,present,introduced,,,,
148702855,GB,present,,,,,
148702856,GB,present,introduced,,,,
148702859,GB,present,introduced,yes,,,
148702860,GB,present,introduced,,,,
148702863,GB,present,introduced,,,,
148702864,GB,present,introduced,yes,,,
148702867,GB,present,introduced,,,,
148702870,GB,present,introduced,,,,
148702871,GB,present,introduced,yes,,,
148702876,GB,present,introduced,,,,
148702879,GB,present,introduced,,,,
148702881,GB,present,introduced,,,,
148702882,GB,present,introduced,,,,
148702884,GB,present,introduced,,,,
148702886,GB,present,introduced,,,,
148702888,GB,present,introduced,,,,
148702889,GB,present,introduced,,,,
148702891,GB,present,introduced,,,,
148702892,GB,present,introduced,,,,
148702894,GB,present,introduced,,,,
148702896,GB,present,introduced,,,,
148702900,GB,present,introduced,,,,
148702904,GB,present,introduced,,,,
148702905,GB,present,introduced,,,,
148702906,GB,present,,,,,
148702907,GB,present,introduced,,,,
148702909,GB,present,introduced,yes,,,
148702911,GB,present,introduced,,,,
148702912,GB,present,introduced,,,,
148702914,GB,present,introduced,,,,
148702915,GB,present,introduced,,,,
148702916,GB,present,introduced,,,,
148702917,GB,present,,,,,
148702918,GB,present,introduced,yes,,,
148702919,GB,present,introduced,,,,
148702920,GB,present,introduced,yes,,,
148702921,GB,present,introduced,yes,,,
148702924,GB,present,introduced,,,,
148702925,GB,present,introduced,,,,
148702930,GB,present,introduced,,,,
148702933,GB,present,introduced,,,,
148702934,GB,present,introduced,,,,
148702936,GB,present,introduced,,,,
148702937,GB,present,introduced,,,,
148702939,GB,present,introduced,,,,
148702940,GB,present,introduced,,,,
148702942,GB,present,introduced,,,,
148702945,GB,present,introduced,,,,
148702946,GB,present,,,,,
148702948,GB,present,introduced,,,,
148702950,GB,present,introduced,,,,
148702952,GB,present,introduced,,,,
148702958,GB,present,introduced,,,,
148702959,GB,present,introduced,,,,
148702962,GB,present,introduced,,,,
148702963,GB,present,introduced,,,,
148702964,GB,present,introduced,,,,
148702969,GB,present,introduced,,,,
148702973,GB,present,introduced,,,,
148702974,GB,present,introduced,,,,
148702975,GB,present,introduced,,,,
148702979,GB,present,introduced,,,,
148702980,GB,present,introduced,,,,
148702981,GB,present,introduced,,,,
148702983,GB,present,introduced,,,,
148702984,GB,present,introduced,,,,
148702985,GB,present,introduced,,,,
148702989,GB,present,introduced,,,,
148702990,GB,present,introduced,,,,
148702994,GB,present,introduced,,,,
148702995,GB,present,introduced,yes,,,
148702998,GB,present,introduced,,,,
148703000,GB,present,introduced,,,,
148703001,GB,present,introduced,,,,
148703003,GB,present,introduced,,,,
148703005,GB,present,introduced,,,,
148703007,GB,present,introduced,,,,
148703010,GB,present,introduced,,,,
148703012,GB,present,introduced,,,,
148703013,GB,present,introduced,,,,
148703015,GB,present,introduced,,,,
148703017,GB,present,introduced,,,,
148703018,GB,present,introduced,,,,
148703019,GB,present,introduced,,,,
148703021,GB,present,introduced,,,,
148703022,GB,present,introduced,yes,,,
148703023,GB,present,introduced,,,,
148703024,GB,present,introduced,yes,,,
148703025,GB,present,introduced,yes,,,
148703026,GB,present,introduced,,,,
148703027,GB,present,introduced,yes,,,
148703028,GB,present,introduced,,,,
148703029,GB,present,introduced,,,,
148703031,GB,present,introduced,,,,
148703032,GB,present,introduced,,,,
148703033,GB,present,introduced,,,,
148703035,GB,present,introduced,yes,,,
148703036,GB,present,introduced,,,,
148703037,GB,present,introduced,yes,,,
148703039,GB,present,introduced,,,,
148703040,GB,present,introduced,,,,
148703041,GB,present,introduced,yes,,,
148703042,GB,present,introduced,yes,,,
148703043,GB,present,introduced,,,,
148703044,GB,present,introduced,yes,,,
148703045,GB,present,introduced,,,,
148703048,GB,present,introduced,,,,
148703049,GB,present,introduced,yes,,,
148703050,GB,present,introduced,yes,,,
148703051,GB,present,introduced,,,,
148703052,GB,present,introduced,,,,
148703053,GB,present,introduced,,,,
148703055,GB,present,introduced,,,,
148703057,GB,present,introduced,,,,
148703059,GB,present,introduced,yes,,,
148703060,GB,present,introduced,,,,
148703063,GB,present,introduced,,,,
148703064,GB,present,introduced,,,,
148703065,GB,present,introduced,,,,
148703066,GB,present,introduced,,,,
148703067,GB,present,introduced,,,,
148703068,GB,present,introduced,yes,,,
148703069,GB,present,introduced,,,,
148703070,GB,present,introduced,,,,
148703071,GB,present,introduced,,,,
148703072,GB,present,introduced,,,,
148703073,GB,present,introduced,,,,
148703074,GB,present,introduced,,,,
148703076,GB,present,introduced,,,,
148703077,GB,present,introduced,,,,
148703079,GB,present,introduced,,,,
148703080,GB,present,introduced,,,,
148703082,GB,present,introduced,,,,
148703083,GB,present,introduced,,,,
148703086,GB,present,introduced,yes,,,
148703087,GB,present,introduced,yes,,,
148703088,GB,present,introduced,yes,,,
148703089,GB,present,introduced,,,,
148703090,GB,present,introduced,,,,
148703093,GB,present,introduced,yes,,,
148703096,GB,present,introduced,,,,
148703097,GB,present,introduced,,,,
148703099,GB,present,introduced,,,,
148703100,GB,present,introduced,,,,
148703103,GB,present,introduced,,,,
148703106,GB,present,introduced,,,,
148703107,GB,present,introduced,,,,
148703108,GB,present,introduced,,,,
148703109,GB,present,introduced,,,,
148703111,GB,present,introduced,,,,
148703113,GB,present,introduced,,,,
148703114,GB,present,introduced,,,,
148703115,GB,present,introduced,,,,
148703117,GB,present,introduced,,,,
148703118,GB,present,introduced,yes,,,
148703120,GB,present,introduced,,,,
148703121,GB,present,introduced,,,,
148703122,GB,present,introduced,,,,
148703123,GB,present,introduced,,,,
148703124,GB,present,introduced,,,,
148703125,GB,present,introduced,,,,
148703127,GB,present,introduced,yes,,,
148703129,GB,present,introduced,yes,,,
148703130,GB,present,introduced,,,,
148703131,GB,present,introduced,,,,
148703133,GB,present,introduced,,,,
148703134,GB,present,introduced,,,,
148703135,GB,present,introduced,,,,
148703138,GB,present,introduced,,,,
148703140,GB,present,introduced,,,,
148703141,GB,present,introduced,,,,
148703143,GB,present,introduced,,,,
148703146,GB,present,introduced,,,,
148703147,GB,present,introduced,,,,
148703148,GB,present,introduced,,,,
148703150,GB,present,introduced,,,,
148703151,GB,present,introduced,,,,
148703152,GB,present,introduced,,,,
148703153,GB,present,introduced,,,,
148703154,GB,present,introduced,,,,
148703156,GB,present,introduced,,,,
148703157,GB,present,introduced,,,,
148703158,GB,present,introduced,,,,
148703160,GB,present,introduced,,,,
148703161,GB,present,introduced,,,,
148703162,GB,present,introduced,,,,
148703165,GB,present,introduced,,,,
148703166,GB,present,introduced,,,,
148703167,GB,present,introduced,,,,
148703169,GB,present,introduced,,,,
148703171,GB,present,introduced,,,,
148703172,GB,present,introduced,,,,
148703173,GB,present,introduced,,,,
148703174,GB,present,introduced,,,,
148703176,GB,present,introduced,,,,
148703177,GB,present,introduced,,,,
148703178,GB,present,introduced,,,,
148703179,GB,present,introduced,,,,
148703180,GB,present,introduced,,,,
148703181,GB,present,introduced,,,,
148703182,GB,present,introduced,,,,
148703183,GB,present,introduced,,,,
148703186,GB,present,introduced,,,,
148703187,GB,present,introduced,,,,
148703188,GB,present,introduced,,,,
148703190,GB,present,introduced,,,,
148703191,GB,present,introduced,,,,
148703192,GB,present,introduced,,,,
148703193,GB,present,introduced,,,,
148703196,GB,present,introduced,,,,
148703197,GB,present,introduced,,,,
148703198,GB,present,introduced,,,,
148703202,GB,present,introduced,,,,
148703203,GB,present,introduced,,,,
148703205,GB,present,introduced,,,,
148703206,GB,present,introduced,,,,
148703209,GB,present,introduced,,,,
148703210,GB,present,introduced,,,,
148703212,GB,present,introduced,,,,
148703213,GB,present,introduced,,,,
148703214,GB,present,introduced,,,,
148703216,GB,present,introduced,,,,
148703219,GB,present,introduced,,,,
148703220,GB,present,introduced,,,,
148703222,GB,present,introduced,,,,
148703224,GB,present,introduced,,,,
148703225,GB,present,introduced,,,,
148703226,GB,present,introduced,,,,
148703227,GB,present,introduced,,,,
148703228,GB,present,introduced,,,,
148703233,GB,present,introduced,,,,
148703235,GB,present,introduced,,,,
148703236,GB,present,introduced,,,,
148703237,GB,present,introduced,,,,
148703239,GB,present,introduced,,,,
148703241,GB,present,introduced,,,,
148703243,GB,present,introduced,,,,
148703244,GB,present,introduced,,,,
148703245,GB,present,introduced,,,,
148703246,GB,present,introduced,,,,
148703247,GB,present,introduced,,,,
148703248,GB,present,introduced,,,,
148703250,GB,present,introduced,,,,
148703252,GB,present,introduced,,,,
148703253,GB,present,introduced,,,,
148703254,GB,present,introduced,,,,
148703255,GB,present,introduced,,,,
148703256,GB,present,introduced,,,,
148703257,GB,present,introduced,,,,
148703260,GB,present,introduced,,,,
148703261,GB,present,introduced,,,,
148703262,GB,present,introduced,,,,
148703263,GB,present,introduced,,,,
148703265,GB,present,introduced,,,,
148703266,GB,present,introduced,,,,
148703267,GB,present,introduced,,,,
148703269,GB,present,introduced,,,,
148703271,GB,present,introduced,,,,
148703274,GB,present,introduced,,,,
148703275,GB,present,introduced,,,,
148703277,GB,present,introduced,,,,
148703279,GB,present,introduced,,,,
148703281,GB,present,introduced,,,,
148703282,GB,present,introduced,,,,
148703285,GB,present,introduced,,,,
148703286,GB,present,introduced,,,,
148703287,GB,present,introduced,,,,
148703289,GB,present,introduced,,,,
148703290,GB,present,introduced,,,,
148703293,GB,present,introduced,,,,
148703294,GB,present,introduced,yes,,,
148703295,GB,present,introduced,,,,
148703298,GB,present,introduced,,,,
148703300,GB,present,introduced,,,,
148703302,GB,present,introduced,,,,
148703303,GB,present,introduced,,,,
148703304,GB,present,introduced,,,,
148703306,GB,present,introduced,,,,
148703307,GB,present,introduced,,,,
148703309,GB,present,introduced,,,,
148703310,GB,present,introduced,,,,
148703312,GB,present,introduced,,,,
148703313,GB,present,introduced,,,,
148703314,GB,present,introduced,,,,
148703316,GB,present,introduced,,,,
148703317,GB,present,introduced,,,,
148703319,GB,present,introduced,,,,
148703321,GB,present,introduced,,,,
148703322,GB,present,introduced,,,,
148703324,GB,present,introduced,,,,
148703325,GB,present,introduced,,,,
148703326,GB,present,introduced,,,,
148703328,GB,present,introduced,,,,
148703329,GB,present,introduced,,,,
148703330,GB,present,introduced,,,,
148703331,GB,present,introduced,,,,
148703332,GB,present,introduced,,,,
148703333,GB,present,introduced,,,,
148703335,GB,present,introduced,,,,
148703336,GB,present,introduced,,,,
148703338,GB,present,introduced,,,,
148703341,GB,present,introduced,,,,
148703342,GB,present,introduced,,,,
148703343,GB,present,introduced,,,,
148703344,GB,present,introduced,,,,
148703345,GB,present,introduced,,,,
148703346,GB,present,introduced,,,,
148703347,GB,present,introduced,,,,
148703348,GB,present,introduced,,,,
148703349,GB,present,introduced,,,,
148703352,GB,present,introduced,,,,
148703353,GB,present,introduced,,,,
148703354,GB,present,introduced,,,,
148703355,GB,present,introduced,,,,
148703356,GB,present,introduced,,,,
148703357,GB,present,introduced,,,,
148703358,GB,present,introduced,,,,
148703359,GB,present,introduced,,,,
148703360,GB,present,introduced,,,,
148703361,GB,present,introduced,,,,
148703362,GB,present,introduced,,,,
148703363,GB,present,introduced,,,,
148703365,GB,present,introduced,,,,
148703367,GB,present,introduced,,,,
148703368,GB,present,introduced,,,,
148703370,GB,present,introduced,,,,
148703371,GB,present,introduced,,,,
148703372,GB,present,introduced,,,,
148703373,GB,present,introduced,,,,
148703375,GB,present,introduced,,,,
148703376,GB,present,introduced,,,,
148703378,GB,present,introduced,,,,
148703379,GB,present,introduced,,,,
148703381,GB,present,introduced,,,,
148703382,GB,present,introduced,,,,
148703384,GB,present,introduced,,,,
148703385,GB,present,introduced,,,,
148703386,GB,present,introduced,,,,
148703387,GB,present,introduced,,,,
148703388,GB,present,introduced,,,,
148703390,GB,present,introduced,,,,
148703391,GB,present,introduced,,,,
148703392,GB,present,introduced,yes,,,
148703395,GB,present,introduced,,,,
148703398,GB,present,introduced,,,,
148703399,GB,present,introduced,,,,
148703401,GB,present,introduced,,,,
148703403,GB,present,introduced,,,,
148703404,GB,present,introduced,,,,
148703405,GB,present,introduced,,,,
148703406,GB,present,introduced,,,,
148703408,GB,present,introduced,,,,
148703409,GB,present,introduced,,,,
148703411,GB,present,introduced,,,,
148703412,GB,present,introduced,,,,
148703413,GB,present,introduced,,,,
148703416,GB,present,introduced,,,,
148703417,GB,present,introduced,,,,
148703418,GB,present,introduced,,,,
148703419,GB,present,introduced,,,,
148703422,GB,present,introduced,,,,
148703424,GB,present,introduced,,,,
148703426,GB,present,introduced,,,,
148703430,GB,present,introduced,,,,
148703431,GB,present,introduced,,,,
148703432,GB,present,introduced,,,,
148703434,GB,present,introduced,,,,
148703436,GB,present,introduced,,,,
148703437,GB,present,introduced,,,,
148703439,GB,present,introduced,,,,
148703440,GB,present,introduced,,,,
148703442,GB,present,introduced,,,,
148703443,GB,present,introduced,,,,
148703444,GB,present,introduced,,,,
148703445,GB,present,introduced,,,,
148703446,GB,present,introduced,,,,
148703448,GB,present,introduced,,,,
148703449,GB,present,introduced,,,,
148703451,GB,present,introduced,,,,
148703452,GB,present,introduced,,,,
148703453,GB,present,introduced,,,,
148703454,GB,present,introduced,,,,
148703455,GB,present,introduced,yes,,,
148703457,GB,present,introduced,yes,,,
148703458,GB,present,introduced,,,,
148703460,GB,present,introduced,,,,
148703461,GB,present,introduced,yes,,,
148703462,GB,present,introduced,,,,
148703463,GB,present,introduced,,,,
148703465,GB,present,introduced,,,,
148703466,GB,present,introduced,,,,
148703467,GB,present,introduced,,,,
148703468,GB,present,introduced,,,,
148703471,GB,present,introduced,,,,
148703472,GB,present,introduced,,,,
148703473,GB,present,introduced,,,,
148703475,GB,present,,,,,
148703477,GB,present,introduced,,,,
148703478,GB,present,introduced,,,,
148703480,GB,present,introduced,,,,
148703482,GB,present,introduced,,,,
148703483,GB,present,,,,,
148703485,GB,present,introduced,,,,
148703486,GB,present,introduced,,,,
148703487,GB,present,introduced,,,,
148703488,GB,present,,,,,
148703489,GB,present,introduced,,,,
148703490,GB,present,introduced,,,,
148703492,GB,present,introduced,yes,,,
148703493,GB,present,introduced,yes,,,
148703495,GB,present,introduced,yes,,,
148703496,GB,present,introduced,,,,
148703498,GB,present,,,,,
148703499,GB,present,introduced,yes,,,
148703500,GB,present,,,,,
148703501,GB,present,introduced,,,,
148703502,GB,present,,,,,
148703503,GB,present,,,,,
148703504,GB,present,introduced,,,,
148703505,GB,present,,,,,
148703507,GB,present,introduced,,,,
148703508,GB,present,,,,,
148703509,GB,present,,,,,
148703511,GB,present,,,,,
148703512,GB,present,introduced,,,,
148703513,GB,present,,,,,
148703515,GB,present,introduced,,,,
148703516,GB,present,introduced,,,,
148703517,GB,present,introduced,,,,
148703518,GB,present,introduced,,,,
148703519,GB,present,introduced,,,,
148703520,GB,present,introduced,,,,
148703522,GB,present,introduced,,,,
148703524,GB,present,introduced,,,,
148703525,GB,present,,,,,
148703526,GB,present,introduced,,,,
148703527,GB,present,introduced,,,,
148703529,GB,present,introduced,,,,
148703530,GB,present,,,,,
148703531,GB,present,introduced,,,,
148703532,GB,present,,,,,
148703533,GB,present,,,,,
148703534,GB,present,introduced,,,,
148703535,GB,present,,,,,
148703536,GB,present,introduced,,,,
148703537,GB,present,,,,,
148703538,GB,present,introduced,,,,
148703539,GB,present,,,,,
148703540,GB,present,introduced,,,,
148703542,GB,present,introduced,,,,
148703543,GB,present,introduced,,,,
148703545,GB,present,introduced,,,,
148703546,GB,present,introduced,,,,
148703548,GB,present,introduced,,,,
148703551,GB,present,introduced,,,,
148703552,GB,present,introduced,,,,
148703554,GB,present,introduced,,,,
148703556,GB,present,introduced,yes,,,
148703558,GB,present,introduced,,,,
148703559,GB,present,introduced,,,,
148703562,GB,present,introduced,,,,
148703564,GB,present,introduced,,,,
148703565,GB,present,introduced,,,,
148703566,GB,present,introduced,,,,
148703568,GB,present,introduced,,,,
148703569,GB,present,introduced,,,,
148703571,GB,present,introduced,,,,
148703572,GB,present,introduced,,,,
148703573,GB,present,introduced,,,,
148703575,GB,present,introduced,,,,
148703576,GB,present,introduced,,,,
148703577,GB,present,introduced,,,,
148703579,GB,present,introduced,,,,
148703581,GB,present,introduced,,,,
148703583,GB,present,introduced,,,,
148703584,GB,present,introduced,yes,,,
148703585,GB,present,introduced,,,,
148703586,GB,present,introduced,,,,
148703588,GB,present,introduced,,,,
148703590,GB,present,introduced,,,,
148703591,GB,present,,,,,
148703592,GB,present,,,,,
148703593,GB,present,introduced,,,,
148703594,GB,present,introduced,,,,
148703596,GB,present,introduced,,,,
148703597,GB,present,,,,,
148703598,GB,present,introduced,,,,
148703600,GB,present,introduced,,,,
148703602,GB,present,introduced,,,,
148703603,GB,present,introduced,,,,
148703604,GB,present,introduced,,,,
148703606,GB,present,introduced,,,,
148703607,GB,present,introduced,,,,
148703608,GB,present,introduced,,,,
148703609,GB,present,introduced,,,,
148703610,GB,present,introduced,,,,
148703611,GB,present,introduced,,,,
148703613,GB,present,introduced,,,,
148703615,GB,present,introduced,,,,
148703617,GB,present,introduced,,,,
148703618,GB,present,introduced,,,,
148703619,GB,present,introduced,,,,
148703620,GB,present,introduced,,,,
148703621,GB,present,introduced,,,,
148703622,GB,present,introduced,,,,
148703623,GB,present,introduced,,,,
148703624,GB,present,,,,,
148703625,GB,present,introduced,,,,
148703626,GB,present,introduced,,,,
148703627,GB,present,introduced,,,,
148703628,GB,present,introduced,,,,
148703629,GB,present,introduced,,,,
148703630,GB,present,,,,,
148703631,GB,present,introduced,,,,
148703632,GB,present,,,,,
148703633,GB,present,introduced,,,,
148703634,GB,present,,,,,
148703635,GB,present,,,,,
148703636,GB,present,,,,,
148703637,GB,present,introduced,,,,
148703638,GB,present,introduced,,,,
148703639,GB,present,,,,,
148703641,GB,present,introduced,,,,
148703642,GB,present,introduced,,,,
148703643,GB,present,introduced,,,,
148703644,GB,present,introduced,,,,
148703645,GB,present,introduced,,,,
148703646,GB,present,introduced,,,,
148703647,GB,present,introduced,,,,
148703649,GB,present,introduced,,,,
148703650,GB,present,introduced,,,,
148703651,GB,present,introduced,,,,
148703652,GB,present,introduced,,,,
148703653,GB,present,,,,,
148703655,GB,present,introduced,,,,
148703657,GB,present,introduced,,,,
148703659,GB,present,introduced,,,,
148703660,GB,present,introduced,,,,
148703662,GB,present,introduced,,,,
148703663,GB,present,introduced,,,,
148703664,GB,present,introduced,,,,
148703665,GB,present,introduced,,,,
148703666,GB,present,introduced,,,,
148703667,GB,present,introduced,,,,
148703668,GB,present,introduced,,,,
148703669,GB,present,introduced,,,,
148703670,GB,present,introduced,,,,
148703671,GB,present,introduced,,,,
148703672,GB,present,,,,,
148703673,GB,present,introduced,,,,
148703674,GB,present,introduced,,,,
148703675,GB,present,introduced,,,,
148703676,GB,present,introduced,,,,
148703677,GB,present,introduced,,,,
148703678,GB,present,introduced,,,,
148703679,GB,present,introduced,,,,
148703680,GB,present,,,,,
148703681,GB,present,introduced,,,,
148703682,GB,present,introduced,,,,
148703683,GB,present,,,,,
148703684,GB,present,introduced,,,,
148703685,GB,present,,,,,
148703686,GB,present,introduced,,,,
148703687,GB,present,,,,,
148703688,GB,present,introduced,,,,
148703689,GB,present,,,,,
148703690,GB,present,,,,,
148703691,GB,present,,,,,
148703692,GB,present,,,,,
148703693,GB,present,,,,,
148703694,GB,present,,,,,
148703695,GB,present,introduced,,,,
148703696,GB,present,,,,,
148703697,GB,present,,,,,
148703698,GB,present,,,,,
148703699,GB,present,introduced,,,,
148703701,GB,present,,,,,
148703703,GB,present,,,,,
148703704,GB,present,introduced,,,,
148703705,GB,present,introduced,,,,
148703706,GB,present,introduced,,,,
148703707,GB,present,introduced,,,,
148703708,GB,present,introduced,,,,
148703709,GB,present,,,,,
148703711,GB,present,,,,,
148703713,GB,present,,,,,
148703715,GB,present,introduced,,,,
148703716,GB,present,introduced,,,,
148703717,GB,present,,,,,
148703718,GB,present,introduced,,,,
148703719,GB,present,,,,,
148703720,GB,present,introduced,,,,
148703721,GB,present,introduced,,,,
148703722,GB,present,,,,,
148703723,GB,present,introduced,,,,
148703724,GB,present,introduced,,,,
148703725,GB,present,,,,,
148703726,GB,present,introduced,,,,
148703727,GB,present,introduced,,,,
148703728,GB,present,,,,,
148703729,GB,present,introduced,,,,
148703730,GB,present,,,,,
148703731,GB,present,,,,,
148703732,GB,present,introduced,,,,
148703733,GB,present,introduced,,,,
148703734,GB,present,introduced,,,,
148703735,GB,present,introduced,,,,
148703736,GB,present,introduced,,,,
148703737,GB,present,introduced,,,,
148703738,GB,present,introduced,,,,
148703739,GB,present,introduced,,,,
148703740,GB,present,introduced,,,,
148703741,GB,present,introduced,,,,
148703742,GB,present,introduced,,,,
148703744,GB,present,introduced,,,,
148703745,GB,present,introduced,,,,
148703746,GB,present,introduced,,,,
148703748,GB,present,introduced,,,,
148703749,GB,present,,yes,,,
148703750,GB,present,introduced,,,,
148703751,GB,present,introduced,,,,
148703752,GB,present,introduced,,,,
148703753,GB,present,,,,,
148703754,GB,present,introduced,,,,
148703755,GB,present,introduced,,,,
148703756,GB,present,introduced,,,,
148703757,GB,present,,,,,
148703758,GB,present,,,,,
148703759,GB,present,introduced,,,,
148703760,GB,present,,,,,
148703761,GB,present,introduced,,,,
148703762,GB,present,introduced,,,,
148703763,GB,present,introduced,,,,
148703765,GB,present,introduced,,,,
148703766,GB,present,introduced,,,,
148703767,GB,present,introduced,,,,
148703768,GB,present,introduced,,,,
148703770,GB,present,introduced,,,,
148703771,GB,present,introduced,,,,
148703773,GB,present,introduced,,,,
148703774,GB,present,introduced,,,,
148703775,GB,present,introduced,,,,
148703776,GB,present,introduced,,,,
148703777,GB,present,introduced,,,,
148703778,GB,present,introduced,,,,
148703779,GB,present,introduced,,,,
148703780,GB,present,introduced,,,,
148703781,GB,present,introduced,,,,
148703782,GB,present,introduced,,,,
148703783,GB,present,introduced,,,,
148703784,GB,present,introduced,,,,
148703785,GB,present,introduced,,,,
148703786,GB,present,introduced,,,,
148703787,GB,present,introduced,,,,
148703788,GB,present,introduced,,,,
148703789,GB,present,introduced,yes,,,
148703790,GB,present,introduced,,,,
148703791,GB,present,introduced,,,,
148703792,GB,present,introduced,,,,
148703793,GB,present,introduced,,,,
148703794,GB,present,introduced,,,,
148703795,GB,present,introduced,,,,
148703796,GB,present,introduced,,,,
148703797,GB,present,introduced,yes,,,
148703798,GB,present,introduced,,,,
148703801,GB,present,introduced,,,,
148703802,GB,present,introduced,,,,
148703803,GB,present,introduced,,,,
148703805,GB,present,introduced,,,,
148703806,GB,present,introduced,,,,
148703807,GB,present,introduced,,,,
148703808,GB,present,introduced,,,,
148703810,GB,present,introduced,,,,
148703811,GB,present,introduced,,,,
148703812,GB,present,introduced,,,,
148703813,GB,present,introduced,,,,
148703814,GB,present,introduced,yes,,,
148703815,GB,present,introduced,,,,
148703817,GB,present,introduced,,,,
148703818,GB,present,introduced,,,,
148703819,GB,present,introduced,,,,
148703820,GB,present,,,,,
148703822,GB,present,introduced,,,,
148703823,GB,present,introduced,,,,
148703825,GB,present,introduced,,,,
148703826,GB,present,introduced,,,,
148703827,GB,present,,,,,
148703828,GB,present,introduced,,,,
148703829,GB,present,introduced,,,,
148703830,GB,present,introduced,,,,
148703831,GB,present,introduced,,,,
148703832,GB,present,introduced,,,,
148703834,GB,present,introduced,,,,
148703836,GB,present,introduced,,,,
148703838,GB,present,introduced,,,,
148703840,GB,present,introduced,,,,
148703844,GB,present,introduced,,,,
148703845,GB,present,introduced,,,,
148703847,GB,present,introduced,,,,
148703849,GB,present,introduced,,,,
148703854,GB,present,introduced,,,,
148703855,GB,present,introduced,,,,
148703856,GB,present,introduced,,,,
148703857,GB,present,introduced,,,,
148703858,GB,present,introduced,,,,
148703859,GB,present,introduced,,,,
148703860,GB,present,introduced,,,,
148703861,GB,present,introduced,yes,,,
148703862,GB,present,introduced,,,,
148703863,GB,present,introduced,,,,
148703864,GB,present,introduced,,,,
148703866,GB,present,introduced,,,,
148703868,GB,present,introduced,,,,
148703871,GB,present,introduced,,,,
148703872,GB,present,introduced,,,,
148703873,GB,present,introduced,,,,
148703874,GB,present,introduced,,,,
148703875,GB,present,introduced,,,,
148703876,GB,present,introduced,,,,
148703877,GB,present,introduced,,,,
148703878,GB,present,introduced,,,,
148703879,GB,present,introduced,,,,
148703880,GB,present,introduced,,,,
148703881,GB,present,introduced,,,,
148703882,GB,present,introduced,,,,
148703883,GB,present,introduced,,,,
148703884,GB,present,introduced,,,,
148703885,GB,present,introduced,,,,
148703886,GB,present,introduced,,,,
148703887,GB,present,introduced,,,,
148703888,GB,present,introduced,,,,
148703889,GB,present,introduced,,,,
148703890,GB,present,introduced,,,,
148703891,GB,present,introduced,,,,
148703892,GB,present,introduced,,,,
148703893,GB,present,introduced,yes,,,
148703894,GB,present,introduced,,,,
148703895,GB,present,introduced,,,,
148703896,GB,present,introduced,,,,
148703897,GB,present,introduced,,,,
148703900,GB,present,introduced,,,,
148703901,GB,present,introduced,,,,
148703902,GB,present,introduced,,,,
148703904,GB,present,introduced,,,,
148703906,GB,present,introduced,,,,
148703907,GB,present,introduced,,,,
148703908,GB,present,introduced,,,,
148703910,GB,present,introduced,yes,,,
148703911,GB,present,introduced,yes,,,
148703912,GB,present,introduced,,,,
148703913,GB,present,introduced,,,,
148703914,GB,present,introduced,,,,
148703915,GB,present,introduced,,,,
148703916,GB,present,introduced,yes,,,
148703917,GB,present,introduced,,,,
148703923,GB,present,introduced,,,,
148703924,GB,present,introduced,,,,
148703926,GB,present,introduced,,,,
148703929,GB,present,introduced,,,,
148703932,GB,present,introduced,,,,
148703933,GB,present,introduced,,,,
148703935,GB,present,introduced,,,,
148703936,GB,present,introduced,,,,
148703938,GB,present,introduced,,,,
148703939,GB,present,introduced,,,,
148703940,GB,present,introduced,,,,
148703941,GB,present,introduced,,,,
148703942,GB,present,introduced,,,,
148703943,GB,present,introduced,,,,
148703944,GB,present,introduced,,,,
148703945,GB,present,introduced,,,,
148703946,GB,present,introduced,,,,
148703947,GB,present,introduced,,,,
148703948,GB,present,introduced,,,,
148703949,GB,present,introduced,,,,
148703950,GB,present,introduced,,,,
148703951,GB,present,introduced,,,,
148703952,GB,present,,,,,
148703954,GB,present,introduced,,,,
148703955,GB,present,introduced,,,,
148703956,GB,present,introduced,,,,
148703957,GB,present,,,,,
148703958,GB,present,introduced,,,,
148703959,GB,present,introduced,,,,
148703960,GB,present,introduced,,,,
148703961,GB,present,introduced,,,,
148703962,GB,present,introduced,,,,
148703963,GB,present,introduced,,,,
148703964,GB,present,,,,,
148703965,GB,present,introduced,,,,
148703966,GB,present,introduced,,,,
148703967,GB,present,,,,,
148703968,GB,present,introduced,,,,
148703969,GB,present,introduced,,,,
148703970,GB,present,introduced,,,,
148703971,GB,present,introduced,,,,
148703972,GB,present,introduced,,,,
148703973,GB,present,introduced,,,,
148703976,GB,present,introduced,,,,
148703977,GB,present,introduced,,,,
148703978,GB,present,introduced,,,,
148703979,GB,present,introduced,,,,
148703980,GB,present,introduced,,,,
148703982,GB,present,introduced,,,,
148703983,GB,present,introduced,,,,
148703984,GB,present,introduced,,,,
148703985,GB,present,introduced,,,,
148703986,GB,present,introduced,,,,
148703987,GB,present,,,,,
148703988,GB,present,introduced,,,,
148703989,GB,present,,,,,
148703990,GB,present,,,,,
148703991,GB,present,,,,,
148703992,GB,present,introduced,,,,
148703993,GB,present,introduced,,,,
148703994,GB,present,introduced,,,,
148703996,GB,present,introduced,,,,
148703997,GB,present,introduced,,,,
148703998,GB,present,introduced,,,,
148703999,GB,present,introduced,,,,
148704000,GB,present,introduced,,,,
148704001,GB,present,introduced,,,,
148704002,GB,present,introduced,,,,
148704003,GB,present,introduced,,,,
148704004,GB,present,introduced,,,,
148704005,GB,present,introduced,,,,
148704006,GB,present,introduced,,,,
148704007,GB,present,introduced,,,,
148704008,GB,present,introduced,,,,
148704010,GB,present,introduced,,,,
148704011,GB,present,introduced,,,,
148704012,GB,present,introduced,,,,
148704013,GB,present,introduced,,,,
148704014,GB,present,introduced,,,,
148704015,GB,present,introduced,,,,
148704017,GB,present,introduced,,,,
148704018,GB,present,introduced,,,,
148704019,GB,present,introduced,,,,
148704020,GB,present,introduced,,,,
148704021,GB,present,introduced,,,,
148704022,GB,present,introduced,,,,
148704023,GB,present,introduced,,,,
148704024,GB,present,introduced,,,,
148704025,GB,present,,,,,
148704026,GB,present,introduced,,,,
148704027,GB,present,introduced,,,,
148704028,GB,present,introduced,,,,
148704029,GB,present,introduced,,,,
148704030,GB,present,introduced,,,,
148704034,GB,present,introduced,,,,
148704036,GB,present,introduced,,,,
148704037,GB,present,introduced,,,,
148704038,GB,present,introduced,yes,,,
148704039,GB,present,introduced,,,,
148704041,GB,present,introduced,,,,
148704042,GB,present,introduced,yes,,,
148704043,GB,present,introduced,yes,,,
148704044,GB,present,introduced,,,,
148704046,GB,present,introduced,,,,
148704048,GB,present,introduced,,,,
148704049,GB,present,introduced,yes,,,
148704050,GB,present,introduced,yes,,,
148704052,GB,present,introduced,,,,
148704053,GB,present,introduced,,,,
148704054,GB,present,introduced,,,,
148704058,GB,present,introduced,yes,,,
148704059,GB,present,introduced,,,,
148704061,GB,present,introduced,,,,
148704063,GB,present,introduced,,,,
148704064,GB,present,introduced,,,,
148704066,GB,present,introduced,yes,,,
148704071,GB,present,introduced,,,,
148704074,GB,present,introduced,,,,
148704075,GB,present,introduced,,,,
148704077,GB,present,introduced,,,,
148704078,GB,present,introduced,yes,,,
148704079,GB,present,introduced,,,,
148704080,GB,present,introduced,yes,,,
148704081,GB,present,introduced,yes,,,
148704082,GB,present,introduced,,,,
148704083,GB,present,introduced,,,,
148704084,GB,present,introduced,yes,,,
148704085,GB,present,introduced,,,,
148704087,GB,present,introduced,,,,
148704090,GB,present,introduced,,,,
148704091,GB,present,introduced,,,,
148704092,GB,present,introduced,yes,,,
148704093,GB,present,introduced,,,,
148704094,GB,present,introduced,,,,
148704095,GB,present,introduced,,,,
148704096,GB,present,introduced,yes,,,
148704097,GB,present,introduced,,,,
148704098,GB,present,introduced,,,,
148704099,GB,present,introduced,,,,
148704101,GB,present,introduced,,,,
148704103,GB,present,introduced,,,,
148704104,GB,present,introduced,yes,,,
148704106,GB,present,introduced,yes,,,
148704107,GB,present,introduced,,,,
148704108,GB,present,introduced,,,,
148704109,GB,present,introduced,,,,
148704110,GB,present,introduced,yes,,,
148704114,GB,present,introduced,,,,
148704115,GB,present,introduced,,,,
148704116,GB,present,introduced,,,,
148704118,GB,present,introduced,,,,
148704119,GB,present,introduced,,,,
148704123,GB,present,introduced,yes,,,
148704124,GB,present,introduced,,,,
148704129,GB,present,introduced,,,,
148704133,GB,present,introduced,yes,,,
148704134,GB,present,introduced,,,,
148704135,GB,present,introduced,yes,,,
148704136,GB,present,introduced,yes,,,
148704137,GB,present,introduced,,,,
148704138,GB,present,introduced,,,,
148704141,GB,present,introduced,,,,
148704142,GB,present,introduced,,,,
148704144,GB,present,introduced,yes,,,
148704146,GB,present,introduced,,,,
148704148,GB,present,introduced,,,,
148704149,GB,present,introduced,,,,
148704150,GB,present,introduced,,,,
148704151,GB,present,introduced,yes,,,
148704152,GB,present,introduced,yes,,,
148704153,GB,present,introduced,,,,
148704156,GB,present,,,,,
148704157,GB,present,introduced,,,,
148704160,GB,present,introduced,yes,,,
148704161,GB,present,introduced,,,,
148704164,GB,present,introduced,,,,
148704165,GB,present,introduced,,,,
148704166,GB,present,introduced,,,,
148704167,GB,present,introduced,yes,,,
148704168,GB,present,introduced,yes,,,
148704169,GB,present,introduced,yes,,,
148704171,GB,present,introduced,yes,,,
148704175,GB,present,introduced,,,,
148704176,GB,present,introduced,,,,
148704177,GB,present,introduced,,,,
148704179,GB,present,introduced,yes,,,
148704180,GB,present,introduced,yes,,,
148704182,GB,present,introduced,,,,
148704185,GB,present,introduced,,,,
148704186,GB,present,introduced,yes,,,
148704187,GB,present,introduced,,,,
148704192,GB,present,introduced,,,,
148704193,GB,present,introduced,,,,
148704197,GB,present,introduced,,,,
148704198,GB,present,introduced,,,,
148704201,GB,present,introduced,,,,
148704203,GB,present,introduced,,,,
148704206,GB,present,introduced,,,,
148704207,GB,present,introduced,,,,
148704208,GB,present,introduced,,,,
148704209,GB,present,introduced,,,,
148704210,GB,present,introduced,yes,,,
148704211,GB,present,introduced,,,,
148704212,GB,present,introduced,yes,,,
148704213,GB,present,introduced,,,,
148704214,GB,present,introduced,yes,,,
148704215,GB,present,introduced,,,,
148704218,GB,present,introduced,,,,
148704219,GB,present,introduced,,,,
148704220,GB,present,introduced,,,,
148704222,GB,present,introduced,,,,
148704224,GB,present,introduced,,,,
148704226,GB,present,introduced,,,,
148704227,GB,present,introduced,,,,
148704228,GB,present,introduced,yes,,,
148704229,GB,present,introduced,,,,
148704230,GB,present,introduced,,,,
148704231,GB,present,introduced,,,,
148704232,GB,present,introduced,yes,,,
148704233,GB,present,introduced,yes,,,
148704234,GB,present,introduced,,,,
148704235,GB,present,introduced,,,,
148704236,GB,present,introduced,yes,,,
148704237,GB,present,introduced,,,,
148704240,GB,present,introduced,yes,,,
148704241,GB,present,introduced,,,,
148704243,GB,present,introduced,yes,,,
148704244,GB,present,introduced,,,,
148704247,GB,present,introduced,yes,,,
148704248,GB,present,introduced,,,,
148704250,GB,present,introduced,,,,
148704251,GB,present,introduced,yes,,,
148704253,GB,present,introduced,,,,
148704255,GB,present,introduced,,,,
148704257,GB,present,introduced,,,,
148704262,GB,present,introduced,,,,
148704265,GB,present,introduced,,,,
148704266,GB,present,introduced,,,,
148704267,GB,present,introduced,,,,
148704270,GB,present,,,,,
148704273,GB,present,,,,,
148704276,GB,present,introduced,,,,
148704277,GB,present,introduced,,,,
148704278,GB,present,introduced,,,,
148704279,GB,present,introduced,,,,
148704280,GB,present,introduced,,,,
148704283,GB,present,introduced,,,,
148704284,GB,present,introduced,,,,
148704286,GB,present,introduced,,,,
148704288,GB,present,introduced,,,,
148704289,GB,present,introduced,,,,
148704290,GB,present,introduced,,,,
148704292,GB,present,introduced,,,,
148704293,GB,present,,,,,
148704294,GB,present,introduced,,,,
148704297,GB,present,introduced,,,,
148704299,GB,present,introduced,,,,
148704300,GB,present,introduced,,,,
148704301,GB,present,introduced,,,,
148704302,GB,present,introduced,yes,,,
148704303,GB,present,introduced,,,,
148704304,GB,present,introduced,,,,
148704305,GB,present,introduced,,,,
148704306,GB,present,introduced,,,,
148704307,GB,present,introduced,,,,
148704308,GB,present,introduced,,,,
148704309,GB,present,introduced,,,,
148704310,GB,present,introduced,,,,
148704311,GB,present,,,,,
148704312,GB,present,introduced,,,,
148704315,GB,present,introduced,,,,
148704316,GB,present,introduced,,,,
148704317,GB,present,introduced,,,,
148704318,GB,present,introduced,,,,
148704320,GB,present,introduced,,,,
148704321,GB,present,introduced,,,,
148704323,GB,present,introduced,,,,
148704324,GB,present,introduced,,,,
148704325,GB,present,introduced,,,,
148704326,GB,present,introduced,,,,
148704329,GB,present,introduced,,,,
148704330,GB,present,introduced,,,,
148704331,GB,present,,,,,
148704332,GB,present,introduced,,,,
148704333,GB,present,,,,,
148704335,GB,present,introduced,,,,
148704338,GB,present,introduced,,,,
148704340,GB,present,introduced,,,,
148704341,GB,present,,,,,
148704343,GB,present,introduced,,,,
148704344,GB,present,introduced,,,,
148704345,GB,present,introduced,,,,
148704346,GB,present,,,,,
148704347,GB,present,introduced,,,,
148704348,GB,present,introduced,,,,
148704350,GB,present,,,,,
148704351,GB,present,,,,,
148704352,GB,present,introduced,,,,
148704353,GB,present,introduced,,,,
148704356,GB,present,introduced,,,,
148704357,GB,present,introduced,,,,
148704360,GB,present,introduced,,,,
148704361,GB,present,introduced,,,,
148704362,GB,present,introduced,,,,
148704363,GB,present,introduced,,,,
148704364,GB,present,introduced,,,,
148704365,GB,present,introduced,yes,,,
148704366,GB,present,introduced,,,,
148704367,GB,present,introduced,,,,
148704368,GB,present,introduced,,,,
148704369,GB,present,introduced,,,,
148704370,GB,present,introduced,,,,
148704372,GB,present,introduced,,,,
148704374,GB,present,,,,,
148704375,GB,present,introduced,,,,
148704376,GB,present,,,,,
148704377,GB,present,introduced,,,,
148704378,GB,present,introduced,,,,
148704380,GB,present,introduced,,,,
148704381,GB,present,introduced,,,,
148704382,GB,present,introduced,,,,
148704383,GB,present,introduced,,,,
148704384,GB,present,introduced,,,,
148704385,GB,present,introduced,,,,
148704386,GB,present,introduced,,,,
148704387,GB,present,,,,,
148704388,GB,present,introduced,,,,
148704389,GB,present,introduced,,,,
148704390,GB,present,introduced,,,,
148704391,GB,present,introduced,,,,
148704392,GB,present,introduced,,,,
148704393,GB,present,introduced,,,,
148704395,GB,present,,,,,
148704396,GB,present,introduced,,,,
148704397,GB,present,introduced,,,,
148704398,GB,present,introduced,,,,
148704399,GB,present,introduced,,,,
148704402,GB,present,introduced,,,,
148704403,GB,present,introduced,,,,
148704405,GB,present,introduced,,,,
148704406,GB,present,introduced,,,,
148704407,GB,present,introduced,,,,
148704408,GB,present,,,,,
148704409,GB,present,introduced,,,,
148704411,GB,present,introduced,,,,
148704413,GB,present,introduced,,,,
148704415,GB,present,introduced,,,,
148704417,GB,present,introduced,,,,
148704418,GB,present,introduced,,,,
148704420,GB,present,introduced,,,,
148704421,GB,present,,,,,
148704422,GB,present,introduced,,,,
148704424,GB,present,,,,,
148704426,GB,present,introduced,,,,
148704427,GB,present,introduced,,,,
148704429,GB,present,introduced,,,,
148704430,GB,present,introduced,,,,
148704431,GB,present,introduced,,,,
148704432,GB,present,introduced,,,,
148704433,GB,present,introduced,,,,
148704434,GB,present,introduced,,,,
148704435,GB,present,,,,,
148704436,GB,present,introduced,,,,
148704437,GB,present,introduced,,,,
148704438,GB,present,introduced,,,,
148704439,GB,present,introduced,,,,
148704440,GB,present,introduced,,,,
148704441,GB,present,introduced,,,,
148704442,GB,present,introduced,,,,
148704443,GB,present,,,,,
148704444,GB,present,introduced,,,,
148704445,GB,present,introduced,,,,
148704446,GB,present,introduced,,,,
148704447,GB,present,introduced,,,,
148704448,GB,present,introduced,,,,
148704449,GB,present,,,,,
148704450,GB,present,introduced,yes,,,
148704451,GB,present,introduced,yes,,,
148704452,GB,present,introduced,,,,
148704453,GB,present,introduced,,,,
148704454,GB,present,introduced,,,,
148704455,GB,present,,,,,
148704456,GB,present,,,,,
148704457,GB,present,introduced,,,,
148704458,GB,present,introduced,,,,
148704459,GB,present,introduced,,,,
148704460,GB,present,introduced,,,,
148704461,GB,present,,,,,
148704462,GB,present,introduced,,,,
148704463,GB,present,,,,,
148704466,GB,present,introduced,,,,
148704467,GB,present,introduced,,,,
148704468,GB,present,introduced,,,,
148704469,GB,present,introduced,,,,
148704470,GB,present,introduced,,,,
148704471,GB,present,introduced,,,,
148704472,GB,present,introduced,,,,
148704473,GB,present,introduced,,,,
148704474,GB,present,introduced,,,,
148704475,GB,present,introduced,,,,
148704476,GB,present,introduced,,,,
148704477,GB,present,introduced,,,,
148704478,GB,present,introduced,,,,
148704479,GB,present,introduced,,,,
148704480,GB,present,introduced,,,,
148704481,GB,present,introduced,,,,
148704482,GB,present,introduced,,,,
148704483,GB,present,introduced,,,,
148704484,GB,present,introduced,,,,
148704485,GB,present,introduced,,,,
148704486,GB,present,,,,,
148704487,GB,present,introduced,,,,
148704488,GB,present,,,,,
148704489,GB,present,,yes,,,
148704490,GB,present,,,,,
148704491,GB,present,introduced,,,,
148704492,GB,present,introduced,yes,,,
148704494,GB,present,introduced,yes,,,
148704496,GB,present,introduced,,,,
148704497,GB,present,,,,,
148704498,GB,present,,,,,
148704499,GB,present,,,,,
148704500,GB,present,introduced,,,,
148704501,GB,present,introduced,,,,
148704502,GB,present,introduced,,,,
148704504,GB,present,introduced,,,,
148704505,GB,present,introduced,,,,
148704506,GB,present,,,,,
148704507,GB,present,introduced,,,,
148704508,GB,present,introduced,,,,
148704509,GB,present,introduced,,,,
148704510,GB,present,,,,,
148704511,GB,present,introduced,,,,
148704512,GB,present,introduced,,,,
148704513,GB,present,introduced,,,,
148704514,GB,present,introduced,,,,
148704515,GB,present,introduced,,,,
148704516,GB,present,introduced,,,,
148704517,GB,present,introduced,,,,
148704518,GB,present,,,,,
148704519,GB,present,introduced,,,,
148704520,GB,present,introduced,,,,
148704521,GB,present,introduced,,,,
148704522,GB,present,introduced,,,,
148704523,GB,present,introduced,,,,
148704525,GB,present,,,,,
148704526,GB,present,introduced,,,,
148704527,GB,present,introduced,,,,
148704528,GB,present,,,,,
148704529,GB,present,,,,,
148704530,GB,present,introduced,,,,
148704531,GB,present,introduced,,,,
148704532,GB,present,,,,,
148704533,GB,present,introduced,,,,
148704534,GB,present,introduced,,,,
148704535,GB,present,,,,,
148704536,GB,present,introduced,,,,
148704537,GB,present,,,,,
148704538,GB,present,,,,,
148704539,GB,present,introduced,,,,
148704540,GB,present,,,,,
148704541,GB,present,,,,,
148704542,GB,present,,,,,
148704543,GB,present,introduced,,,,
148704546,GB,present,introduced,,,,
148704547,GB,present,introduced,,,,
148704549,GB,present,introduced,,,,
148704550,GB,present,introduced,,,,
148704551,GB,present,introduced,,,,
148704553,GB,present,introduced,,,,
148704554,GB,present,introduced,,,,
148704555,GB,present,introduced,,,,
148704556,GB,present,introduced,,,,
148704557,GB,present,introduced,,,,
148704558,GB,present,introduced,,,,
148704559,GB,present,introduced,yes,,,
148704560,GB,present,introduced,,,,
148704561,GB,present,introduced,,,,
148704562,GB,present,introduced,,,,
148704563,GB,present,introduced,,,,
148704564,GB,present,,,,,
148704565,GB,present,introduced,,,,
148704566,GB,present,introduced,,,,
148704568,GB,present,introduced,,,,
148704569,GB,present,introduced,,,,
148704570,GB,present,introduced,,,,
148704571,GB,present,introduced,,,,
148704573,GB,present,introduced,,,,
148704574,GB,present,introduced,,,,
148704575,GB,present,introduced,,,,
148704576,GB,present,introduced,,,,
148704577,GB,present,introduced,,,,
148704578,GB,present,introduced,,,,
148704579,GB,present,introduced,,,,
148704580,GB,present,introduced,,,,
148704581,GB,present,introduced,,,,
148704583,GB,present,introduced,,,,
148704584,GB,present,introduced,,,,
148704585,GB,present,introduced,yes,,,
148704587,GB,present,introduced,,,,
148704588,GB,present,introduced,,,,
148704589,GB,present,introduced,,,,
148704593,GB,present,introduced,,,,
148704594,GB,present,introduced,,,,
148704595,GB,present,introduced,,,,
148704596,GB,present,introduced,,,,
148704597,GB,present,introduced,,,,
148704598,GB,present,introduced,,,,
148704599,GB,present,introduced,,,,
148704600,GB,present,introduced,,,,
148704601,GB,present,introduced,,,,
148704602,GB,present,introduced,,,,
148704603,GB,present,introduced,,,,
148704604,GB,present,introduced,,,,
148704605,GB,present,introduced,yes,,,
148704606,GB,present,introduced,,,,
148704607,GB,present,introduced,,,,
148704608,GB,present,introduced,,,,
148704609,GB,present,introduced,,,,
148704610,GB,present,introduced,,,,
148704611,GB,present,introduced,,,,
148704612,GB,present,introduced,,,,
148704613,GB,present,introduced,,,,
148704614,GB,present,introduced,,,,
148704615,GB,present,introduced,,,,
148704616,GB,present,introduced,,,,
148704617,GB,present,introduced,,,,
148704618,GB,present,introduced,,,,
148704619,GB,present,introduced,,,,
148704620,GB,present,introduced,,,,
148704621,GB,present,introduced,,,,
148704622,GB,present,introduced,,,,
148704623,GB,present,introduced,yes,,,
148704624,GB,present,introduced,,,,
148704625,GB,present,introduced,,,,
148704626,GB,present,introduced,,,,
148704627,GB,present,introduced,,,,
148704628,GB,present,introduced,,,,
148704629,GB,present,introduced,,,,
148704630,GB,present,introduced,,,,
148704631,GB,present,introduced,,,,
148704632,GB,present,introduced,,,,
148704633,GB,present,introduced,,,,
148704634,GB,present,introduced,,,,
148704635,GB,present,introduced,,,,
148704636,GB,present,introduced,,,,
148704637,GB,present,introduced,,,,
148704638,GB,present,introduced,,,,
148704639,GB,present,introduced,,,,
148704640,GB,present,introduced,,,,
148704641,GB,present,introduced,,,,
148704642,GB,present,introduced,,,,
148704643,GB,present,introduced,,,,
148704644,GB,present,introduced,,,,
148704645,GB,present,introduced,,,,
148704646,GB,present,introduced,,,,
148704647,GB,present,introduced,,,,
148704648,GB,present,introduced,,,,
148704649,GB,present,introduced,,,,
148704650,GB,present,introduced,,,,
148704651,GB,present,introduced,,,,
148704652,GB,present,introduced,,,,
148704653,GB,present,introduced,,,,
148704654,GB,present,introduced,,,,
148704655,GB,present,introduced,,,,
148704656,GB,present,introduced,,,,
148704657,GB,present,introduced,,,,
148704658,GB,present,introduced,,,,
148704659,GB,present,introduced,,,,
148704660,GB,present,introduced,,,,
148704661,GB,present,introduced,,,,
148704662,GB,present,introduced,,,,
148704663,GB,present,introduced,,,,
148704664,GB,present,introduced,yes,,,
148704665,GB,present,introduced,,,,
148704666,GB,present,introduced,,,,
148704667,GB,present,introduced,,,,
148704668,GB,present,introduced,,,,
148704669,GB,present,introduced,,,,
148704670,GB,present,introduced,,,,
148704671,GB,present,introduced,,,,
148704672,GB,present,introduced,,,,
148704673,GB,present,introduced,,,,
148704674,GB,present,introduced,,,,
148704675,GB,present,introduced,,,,
148704676,GB,present,introduced,,,,
148704679,GB,present,introduced,,,,
148704684,GB,present,introduced,,,,
148704685,GB,present,introduced,,,,
148704686,GB,present,introduced,,,,
148704687,GB,present,introduced,,,,
148704689,GB,present,introduced,,,,
148704690,GB,present,introduced,,,,
148704693,GB,present,introduced,,,,
148704694,GB,present,introduced,,,,
148704695,GB,present,introduced,,,,
148704696,GB,present,introduced,,,,
148704697,GB,present,introduced,,,,
148704700,GB,present,introduced,,,,
148704702,GB,present,introduced,,,,
148704706,GB,present,introduced,,,,
148704707,GB,present,introduced,,,,
148704708,GB,present,introduced,,,,
148704709,GB,present,introduced,,,,
148704710,GB,present,introduced,,,,
148704711,GB,present,introduced,,,,
148704712,GB,present,introduced,,,,
148704713,GB,present,introduced,,,,
148704714,GB,present,introduced,,,,
148704715,GB,present,introduced,,,,
148704719,GB,present,,,,,
148704720,GB,present,introduced,,,,
148704722,GB,present,introduced,,,,
148704724,GB,present,introduced,,,,
148704727,GB,present,introduced,,,,
148704729,GB,present,introduced,,,,
148704730,GB,present,introduced,,,,
148704731,GB,present,introduced,,,,
148704732,GB,present,introduced,,,,
148704736,GB,present,introduced,,,,
148704738,GB,present,introduced,,,,
148704739,GB,present,introduced,yes,,,
148704741,GB,present,introduced,,,,
148704742,GB,present,introduced,,,,
148704743,GB,present,introduced,,,,
148704744,GB,present,introduced,,,,
148704745,GB,present,introduced,,,,
148704746,GB,present,introduced,,,,
148704747,GB,present,introduced,,,,
148704749,GB,present,introduced,,,,
148704750,GB,present,,,,,
148704751,GB,present,introduced,,,,
148704753,GB,present,introduced,,,,
148704754,GB,present,introduced,,,,
148704757,GB,present,introduced,,,,
148704759,GB,present,introduced,,,,
148704760,GB,present,introduced,,,,
148704761,GB,present,introduced,,,,
148704762,GB,present,introduced,,,,
148704764,GB,present,,,,,
148704766,GB,present,introduced,,,,
148704767,GB,present,introduced,,,,
148704768,GB,present,introduced,,,,
148704769,GB,present,introduced,,,,
148704770,GB,present,introduced,,,,
148704772,GB,present,introduced,,,,
148704773,GB,present,introduced,,,,
148704774,GB,present,introduced,,,,
148704775,GB,present,introduced,,,,
148704776,GB,present,introduced,,,,
148704777,GB,present,introduced,,,,
148704778,GB,present,introduced,,,,
148704779,GB,present,introduced,,,,
148704780,GB,present,introduced,,,,
148704782,GB,present,,,,,
148704784,GB,present,introduced,,,,
148704785,GB,present,introduced,,,,
148704786,GB,present,introduced,,,,
148704787,GB,present,introduced,,,,
148704788,GB,present,,,,,
148704789,GB,present,introduced,,,,
148704791,GB,present,introduced,,,,
148704792,GB,present,introduced,,,,
148704793,GB,present,introduced,,,,
148704795,GB,present,introduced,,,,
148704796,GB,present,introduced,,,,
148704797,GB,present,introduced,,,,
148704799,GB,present,introduced,,,,
148704801,GB,present,introduced,,,,
148704803,GB,present,,,,,
148704804,GB,present,introduced,,,,
148704806,GB,present,,,,,
148704810,GB,present,,,,,
148704811,GB,present,introduced,,,,
148704813,GB,present,,,,,
148704814,GB,present,,,,,
148704818,GB,present,introduced,,,,
148704820,GB,present,introduced,,,,
148704821,GB,present,introduced,,,,
148704822,GB,present,,,,,
148704823,GB,present,,,,,
148704824,GB,present,introduced,,,,
148704825,GB,present,introduced,,,,
148704826,GB,present,introduced,,,,
148704827,GB,present,introduced,,,,
148704828,GB,present,introduced,,,,
148704829,GB,present,introduced,,,,
148704830,GB,present,introduced,,,,
148704831,GB,present,,,,,
148704832,GB,present,introduced,,,,
148704833,GB,present,,,,,
148704834,GB,present,introduced,,,,
148704837,GB,present,introduced,,,,
148704839,GB,present,introduced,,,,
148704840,GB,present,introduced,yes,,,
148704841,GB,present,introduced,,,,
148704843,GB,present,introduced,,,,
148704844,GB,present,introduced,,,,
148704845,GB,present,introduced,,,,
148704846,GB,present,introduced,,,,
148704849,GB,present,introduced,,,,
148704853,GB,present,introduced,,,,
148704855,GB,present,introduced,,,,
148704856,GB,present,introduced,,,,
148704857,GB,present,introduced,yes,,,
148704859,GB,present,introduced,,,,
148704860,GB,present,introduced,,,,
148704863,GB,present,introduced,,,,
148704865,GB,present,introduced,,,,
148704867,GB,present,introduced,,,,
148704868,GB,present,introduced,,,,
148704869,GB,present,introduced,,,,
148704871,GB,present,introduced,,,,
148704872,GB,present,introduced,yes,,,
148704874,GB,present,introduced,,,,
148704875,GB,present,introduced,,,,
148704877,GB,present,introduced,,,,
148704878,GB,present,introduced,,,,
148704879,GB,present,introduced,,,,
148704880,GB,present,introduced,,,,
148704881,GB,present,introduced,,,,
148704882,GB,present,introduced,,,,
148704883,GB,present,introduced,,,,
148704884,GB,present,introduced,,,,
148704885,GB,present,introduced,,,,
148704886,GB,present,introduced,,,,
148704887,GB,present,introduced,,,,
148704888,GB,present,introduced,,,,
148704889,GB,present,introduced,,,,
148704890,GB,present,,,,,
148704892,GB,present,introduced,,,,
148704895,GB,present,introduced,,,,
148704896,GB,present,introduced,,,,
148704898,GB,present,introduced,,,,
148704900,GB,present,introduced,,,,
148704901,GB,present,introduced,,,,
148704902,GB,present,introduced,,,,
148704903,GB,present,introduced,,,,
148704904,GB,present,introduced,,,,
148704905,GB,present,introduced,,,,
148704906,GB,present,introduced,,,,
148704907,GB,present,introduced,,,,
148704908,GB,present,introduced,yes,,,
148704909,GB,present,introduced,,,,
148704910,GB,present,introduced,,,,
148704911,GB,present,introduced,,,,
148704912,GB,present,introduced,,,,
148704913,GB,present,introduced,,,,
148704916,GB,present,introduced,,,,
148704917,GB,present,introduced,,,,
148704919,GB,present,introduced,,,,
148704921,GB,present,introduced,,,,
148704922,GB,present,introduced,,,,
148704923,GB,present,introduced,,,,
148704924,GB,present,introduced,,,,
148704925,GB,present,introduced,,,,
148704926,GB,present,introduced,,,,
148704928,GB,present,introduced,,,,
148704930,GB,present,introduced,,,,
148704931,GB,present,introduced,,,,
148704932,GB,present,introduced,,,,
148704933,GB,present,introduced,,,,
148704934,GB,present,introduced,,,,
148704935,GB,present,introduced,,,,
148704936,GB,present,introduced,,,,
148704938,GB,present,introduced,,,,
148704939,GB,present,introduced,,,,
148704940,GB,present,introduced,,,,
148704941,GB,present,introduced,,,,
148704942,GB,present,introduced,,,,
148704943,GB,present,introduced,,,,
148704944,GB,present,introduced,,,,
148704945,GB,present,introduced,,,,
148704946,GB,present,introduced,,,,
148704947,GB,present,introduced,,,,
148704948,GB,present,introduced,,,,
148704949,GB,present,introduced,,,,
148704950,GB,present,introduced,,,,
148704951,GB,present,introduced,,,,
148704952,GB,present,introduced,,,,
148704953,GB,present,introduced,,,,
148704954,GB,present,introduced,,,,
148704956,GB,present,introduced,,,,
148704958,GB,present,introduced,,,,
148704959,GB,present,introduced,,,,
148704960,GB,present,introduced,,,,
148704961,GB,present,introduced,,,,
148704962,GB,present,introduced,,,,
148704963,GB,present,introduced,,,,
148704964,GB,present,introduced,,,,
148704965,GB,present,introduced,,,,
148704966,GB,present,introduced,,,,
148704967,GB,present,introduced,,,,
148704968,GB,present,introduced,,,,
148704969,GB,present,introduced,,,,
148704970,GB,present,introduced,,,,
148704971,GB,present,introduced,,,,
148704972,GB,present,introduced,,,,
148704973,GB,present,introduced,,,,
148704974,GB,present,introduced,,,,
148704975,GB,present,introduced,,,,
148704976,GB,present,introduced,,,,
148704977,GB,present,introduced,,,,
148704978,GB,present,introduced,,,,
148704979,GB,present,introduced,,,,
148704981,GB,present,introduced,,,,
148704982,GB,present,introduced,,,,
148704984,GB,present,introduced,,,,
148704986,GB,present,,,,,
148704987,GB,present,,,,,
148704988,GB,present,introduced,,,,
148704989,GB,present,introduced,,,,
148704990,GB,present,introduced,,,,
148704991,GB,present,introduced,,,,
148704992,GB,present,,,,,
148704993,GB,present,,,,,
148704994,GB,present,,,,,
148704995,GB,present,,,,,
148704996,GB,present,,,,,
148704997,GB,present,introduced,,,,
148704998,GB,present,,,,,
148704999,GB,present,,,,,
148705000,GB,present,introduced,,,,
148705001,GB,present,introduced,,,,
148705002,GB,present,introduced,,,,
148705003,GB,present,introduced,,,,
148705004,GB,present,introduced,,,,
148705005,GB,present,introduced,,,,
148705008,GB,present,introduced,,,,
148705009,GB,present,,,,,
148705010,GB,present,introduced,,,,
148705011,GB,present,,,,,
148705012,GB,present,introduced,,,,
148705013,GB,present,introduced,,,,
148705014,GB,present,introduced,,,,
148705016,GB,present,introduced,,,,
148705018,GB,present,introduced,,,,
148705020,GB,present,introduced,,,,
148705022,GB,present,introduced,,,,
148705023,GB,present,introduced,,,,
148705025,GB,present,introduced,,,,
148705026,GB,present,introduced,,,,
148705027,GB,present,introduced,,,,
148705029,GB,present,introduced,,,,
148705031,GB,present,introduced,,,,
148705032,GB,present,,,,,
148705034,GB,present,introduced,,,,
148705036,GB,present,introduced,,,,
148705038,GB,present,introduced,,,,
148705039,GB,present,introduced,,,,
148705041,GB,present,introduced,,,,
148705042,GB,present,introduced,,,,
148705043,GB,present,introduced,,,,
148705044,GB,present,introduced,,,,
148705045,GB,present,introduced,,,,
148705046,GB,present,introduced,,,,
148705047,GB,present,introduced,,,,
148705048,GB,present,introduced,,,,
148705049,GB,present,introduced,,,,
148705050,GB,present,introduced,,,,
148705051,GB,present,introduced,,,,
148705052,GB,present,introduced,,,,
148705054,GB,present,introduced,,,,
148705056,GB,present,introduced,,,,
148705058,GB,present,introduced,,,,
148705059,GB,present,introduced,,,,
148705060,GB,present,introduced,,,,
148705061,GB,present,introduced,,,,
148705062,GB,present,introduced,,,,
148705065,GB,present,introduced,,,,
148705067,GB,present,introduced,,,,
148705070,GB,present,,,,,
148705072,GB,present,introduced,,,,
148705073,GB,present,,,,,
148705074,GB,present,introduced,,,,
148705075,GB,present,introduced,,,,
148705077,GB,present,introduced,,,,
148705078,GB,present,,,,,
148705079,GB,present,introduced,,,,
148705080,GB,present,introduced,,,,
148705081,GB,present,introduced,,,,
148705082,GB,present,introduced,,,,
148705083,GB,present,introduced,,,,
148705084,GB,present,introduced,,,,
148705085,GB,present,introduced,,,,
148705086,GB,present,introduced,,,,
148705087,GB,present,introduced,,,,
148705088,GB,present,introduced,,,,
148705089,GB,present,introduced,,,,
148705090,GB,present,introduced,,,,
148705091,GB,present,introduced,,,,
148705092,GB,present,introduced,,,,
148705093,GB,present,introduced,,,,
148705094,GB,present,introduced,,,,
148705095,GB,present,introduced,,,,
148705096,GB,present,,,,,
148705097,GB,present,introduced,,,,
148705098,GB,present,introduced,,,,
148705099,GB,present,introduced,,,,
148705100,GB,present,introduced,,,,
148705101,GB,present,introduced,,,,
148705102,GB,present,introduced,,,,
148705103,GB,present,introduced,yes,,,
148705104,GB,present,introduced,,,,
148705105,GB,present,introduced,,,,
148705106,GB,present,introduced,,,,
148705107,GB,present,introduced,,,,
148705108,GB,present,introduced,,,,
148705109,GB,present,introduced,,,,
148705110,GB,present,introduced,,,,
148705111,GB,present,introduced,,,,
148705112,GB,present,introduced,,,,
148705113,GB,present,introduced,,,,
148705114,GB,present,introduced,,,,
148705115,GB,present,introduced,,,,
148705116,GB,present,introduced,,,,
148705117,GB,present,introduced,,,,
148705118,GB,present,introduced,,,,
148705119,GB,present,introduced,,,,
148705120,GB,present,introduced,,,,
148705123,GB,present,introduced,,,,
148705124,GB,present,introduced,,,,
148705126,GB,present,introduced,,,,
148705129,GB,present,introduced,,,,
148705130,GB,present,introduced,,,,
148705131,GB,present,introduced,,,,
148705133,GB,present,introduced,yes,,,
148705134,GB,present,introduced,yes,,,
148705135,GB,present,introduced,,,,
148705136,GB,present,introduced,,,,
148705137,GB,present,introduced,,,,
148705139,GB,present,introduced,,,,
148705140,GB,present,introduced,,,,
148705141,GB,present,introduced,,,,
148705142,GB,present,introduced,,,,
148705143,GB,present,introduced,,,,
148705144,GB,present,introduced,,,,
148705145,GB,present,introduced,,,,
148705146,GB,present,introduced,,,,
148705149,GB,present,introduced,,,,
148705150,GB,present,introduced,,,,
148705152,GB,present,introduced,,,,
148705153,GB,present,introduced,,,,
148705154,GB,present,introduced,,,,
148705156,GB,present,introduced,,,,
148705159,GB,present,introduced,,,,
148705161,GB,present,introduced,,,,
148705163,GB,present,introduced,,,,
148705165,GB,present,introduced,,,,
148705167,GB,present,introduced,,,,
148705169,GB,present,introduced,,,,
148705171,GB,present,introduced,,,,
148705172,GB,present,introduced,,,,
148705173,GB,present,introduced,,,,
148705174,GB,present,introduced,,,,
148705175,GB,present,introduced,,,,
148705176,GB,present,introduced,,,,
148705177,GB,present,introduced,,,,
148705178,GB,present,introduced,,,,
148705179,GB,present,introduced,,,,
148705180,GB,present,introduced,,,,
148705181,GB,present,introduced,,,,
148705182,GB,present,introduced,,,,
148705183,GB,present,introduced,,,,
148705184,GB,present,introduced,,,,
148705185,GB,present,introduced,,,,
148705186,GB,present,introduced,,,,
148705187,GB,present,introduced,,,,
148705188,GB,present,introduced,,,,
148705189,GB,present,introduced,,,,
148705190,GB,present,introduced,,,,
148705191,GB,present,introduced,,,,
148705192,GB,present,introduced,,,,
148705193,GB,present,introduced,,,,
148705194,GB,present,introduced,,,,
148705195,GB,present,introduced,,,,
148705196,GB,present,introduced,,,,
148705197,GB,present,introduced,,,,
148705198,GB,present,introduced,,,,
148705199,GB,present,introduced,,,,
148705200,GB,present,introduced,,,,
148705201,GB,present,introduced,,,,
148705202,GB,present,introduced,,,,
148705203,GB,present,introduced,,,,
148705204,GB,present,introduced,,,,
148705205,GB,present,introduced,,,,
148705206,GB,present,introduced,,,,
148705207,GB,present,introduced,,,,
148705208,GB,present,introduced,,,,
148705209,GB,present,introduced,,,,
148705210,GB,present,introduced,,,,
148705211,GB,present,introduced,,,,
148705212,GB,present,introduced,,,,
148705213,GB,present,introduced,,,,
148705214,GB,present,introduced,,,,
148705215,GB,present,introduced,,,,
148705216,GB,present,introduced,,,,
148705217,GB,present,introduced,,,,
148705218,GB,present,introduced,,,,
148705219,GB,present,introduced,,,,
148705220,GB,present,introduced,,,,
148705221,GB,present,introduced,,,,
148705222,GB,present,introduced,,,,
148705223,GB,present,introduced,,,,
148705224,GB,present,introduced,,,,
148705225,GB,present,introduced,,,,
148705226,GB,present,introduced,,,,
148705227,GB,present,introduced,,,,
148705228,GB,present,introduced,,,,
148705229,GB,present,introduced,,,,
148705230,GB,present,introduced,,,,
148705231,GB,present,introduced,,,,
148705232,GB,present,introduced,,,,
148705233,GB,present,introduced,,,,
148705234,GB,present,introduced,,,,
148705235,GB,present,introduced,,,,
148705236,GB,present,introduced,,,,
148705237,GB,present,introduced,,,,
148705238,GB,present,introduced,,,,
148705239,GB,present,introduced,,,,
148705240,GB,present,introduced,,,,
148705241,GB,present,introduced,,,,
148705242,GB,present,introduced,,,,
148705243,GB,present,introduced,,,,
148705244,GB,present,introduced,,,,
148705245,GB,present,introduced,,,,
148705246,GB,present,introduced,,,,
148705247,GB,present,introduced,,,,
148705250,GB,present,introduced,,,,
148705251,GB,present,introduced,,,,
148705253,GB,present,introduced,,,,
148705255,GB,present,introduced,,,,
148705256,GB,present,introduced,,,,
148705259,GB,present,introduced,,,,
148705260,GB,present,introduced,,,,
148705262,GB,present,introduced,,,,
148705265,GB,present,introduced,yes,,,
148705267,GB,present,introduced,yes,,,
148705269,GB,present,introduced,,,,
148705271,GB,present,introduced,,,,
148705273,GB,present,introduced,,,,
148705275,GB,present,introduced,,,,
148705277,GB,present,introduced,yes,,,
148705279,GB,present,introduced,,,,
148705281,GB,present,introduced,yes,,,
148705283,GB,present,introduced,,,,
148705285,GB,present,introduced,,,,
148705287,GB,present,introduced,,,,
148705288,GB,present,introduced,,,,
148705289,GB,present,introduced,,,,
148705290,GB,present,introduced,,,,
148705291,GB,present,introduced,,,,
148705292,GB,present,introduced,,,,
148705293,GB,present,introduced,,,,
148705294,GB,present,introduced,,,,
148705295,GB,present,introduced,,,,
148705296,GB,present,introduced,,,,
148705297,GB,present,introduced,,,,
148705298,GB,present,introduced,,,,
148705299,GB,present,introduced,,,,
148705300,GB,present,introduced,,,,
148705301,GB,present,introduced,,,,
148705302,GB,present,introduced,yes,,,
148705303,GB,present,introduced,,,,
148705304,GB,present,introduced,yes,,,
148705305,GB,present,introduced,yes,,,
148705307,GB,present,introduced,,,,
148705308,GB,present,introduced,,,,
148705309,GB,present,introduced,,,,
148705312,GB,present,introduced,,,,
148705314,GB,present,introduced,,,,
148705315,GB,present,introduced,,,,
148705316,GB,present,introduced,,,,
148705317,GB,present,introduced,,,,
148705318,GB,present,introduced,,,,
148705319,GB,present,introduced,,,,
148705320,GB,present,introduced,yes,,,
148705321,GB,present,introduced,,,,
148705322,GB,present,introduced,,,,
148705323,GB,present,introduced,,,,
148705324,GB,present,introduced,yes,,,
148705327,GB,present,introduced,,,,
148705329,GB,present,introduced,,,,
148705331,GB,present,introduced,,,,
148705333,GB,present,introduced,,,,
148705335,GB,present,introduced,,,,
148705337,GB,present,introduced,,,,
148705339,GB,present,introduced,,,,
148705341,GB,present,introduced,,,,
148705343,GB,present,introduced,,,,
148705344,GB,present,introduced,,,,
148705345,GB,present,introduced,,,,
148705346,GB,present,introduced,,,,
148705347,GB,present,introduced,,,,
148705348,GB,present,introduced,,,,
148705349,GB,present,introduced,,,,
148705350,GB,present,introduced,,,,
148705351,GB,present,introduced,,,,
148705352,GB,present,introduced,,,,
148705353,GB,present,introduced,,,,
148705354,GB,present,introduced,,,,
148705355,GB,present,introduced,,,,
148705356,GB,present,introduced,,,,
148705357,GB,present,introduced,,,,
148705358,GB,present,introduced,,,,
148705359,GB,present,introduced,,,,
148705360,GB,present,introduced,,,,
148705361,GB,present,introduced,,,,
148705362,GB,present,introduced,,,,
148705363,GB,present,introduced,,,,
148705364,GB,present,introduced,,,,
148705365,GB,present,introduced,,,,
148705366,GB,present,introduced,,,,
148705367,GB,present,introduced,,,,
148705368,GB,present,introduced,,,,
148705369,GB,present,introduced,,,,
148705370,GB,present,introduced,,,,
148705371,GB,present,introduced,,,,
148705374,GB,present,introduced,,,,
148705376,GB,present,introduced,,,,
148705378,GB,present,introduced,,,,
148705379,GB,present,introduced,,,,
148705380,GB,present,introduced,,,,
148705381,GB,present,introduced,,,,
148705382,GB,present,introduced,,,,
148705383,GB,present,introduced,,,,
148705384,GB,present,introduced,,,,
148705385,GB,present,introduced,,,,
148705386,GB,present,introduced,,,,
148705387,GB,present,introduced,,,,
148705388,GB,present,introduced,,,,
148705389,GB,present,introduced,,,,
148705390,GB,present,introduced,,,,
148705391,GB,present,introduced,,,,
148705392,GB,present,introduced,,,,
148705393,GB,present,introduced,,,,
148705394,GB,present,introduced,,,,
148705395,GB,present,introduced,,,,
148705396,GB,present,introduced,,,,
148705397,GB,present,introduced,,,,
148705398,GB,present,introduced,,,,
148705399,GB,present,introduced,,,,
148705400,GB,present,introduced,,,,
148705401,GB,present,introduced,,,,
148705402,GB,present,introduced,,,,
148705403,GB,present,introduced,,,,
148705404,GB,present,introduced,,,,
148705405,GB,present,introduced,,,,
148705406,GB,present,introduced,,,,
148705409,GB,present,introduced,,,,
148705410,GB,present,introduced,,,,
148705411,GB,present,introduced,,,,
148705412,GB,present,introduced,,,,
148705413,GB,present,introduced,,,,
148705415,GB,present,introduced,yes,,,
148705416,GB,present,introduced,,,,
148705417,GB,present,introduced,yes,,,
148705418,GB,present,introduced,,,,
148705419,GB,present,introduced,,,,
148705421,GB,present,introduced,,,,
148705422,GB,present,introduced,,,,
148705424,GB,present,introduced,,,,
148705425,GB,present,introduced,,,,
148705426,GB,present,introduced,,,,
148705427,GB,present,introduced,,,,
148705428,GB,present,introduced,,,,
148705429,GB,present,introduced,,,,
148705430,GB,present,introduced,,,,
148705431,GB,present,introduced,,,,
148705432,GB,present,introduced,,,,
148705433,GB,present,introduced,,,,
148705434,GB,present,introduced,,,,
148705435,GB,present,introduced,,,,
148705436,GB,present,introduced,,,,
148705437,GB,present,introduced,,,,
148705438,GB,present,introduced,,,,
148705441,GB,present,introduced,,,,
148705443,GB,present,introduced,,,,
148705445,GB,present,introduced,,,,
148705447,GB,present,introduced,,,,
148705449,GB,present,introduced,,,,
148705450,GB,present,introduced,,,,
148705451,GB,present,introduced,,,,
148705452,GB,present,introduced,,,,
148705453,GB,present,introduced,,,,
148705454,GB,present,introduced,,,,
148705455,GB,present,introduced,,,,
148705456,GB,present,introduced,,,,
148705457,GB,present,introduced,,,,
148705458,GB,present,introduced,,,,
148705459,GB,present,introduced,,,,
148705460,GB,present,introduced,,,,
148705461,GB,present,introduced,,,,
148705462,GB,present,introduced,,,,
148705463,GB,present,introduced,yes,,,
148705464,GB,present,introduced,,,,
148705465,GB,present,introduced,,,,
148705468,GB,present,introduced,,,,
148705469,GB,present,introduced,,,,
148705471,GB,present,introduced,,,,
148705473,GB,present,introduced,,,,
148705474,GB,present,introduced,,,,
148705475,GB,present,introduced,,,,
148705476,GB,present,introduced,,,,
148705477,GB,present,introduced,,,,
148705478,GB,present,introduced,,,,
148705481,GB,present,introduced,,,,
148705483,GB,present,introduced,,,,
148705484,GB,present,introduced,,,,
148705485,GB,present,introduced,,,,
148705486,GB,present,introduced,yes,,,
148705487,GB,present,introduced,,,,
148705488,GB,present,introduced,,,,
148705489,GB,present,introduced,,,,
148705490,GB,present,introduced,,,,
148705491,GB,present,introduced,,,,
148705492,GB,present,introduced,yes,,,
148705493,GB,present,introduced,,,,
148705494,GB,present,introduced,,,,
148705495,GB,present,introduced,,,,
148705496,GB,present,introduced,yes,,,
148705497,GB,present,introduced,,,,
148705498,GB,present,introduced,,,,
148705499,GB,present,introduced,,,,
148705500,GB,present,introduced,,,,
148705501,GB,present,introduced,,,,
148705502,GB,present,introduced,,,,
148705503,GB,present,introduced,,,,
148705504,GB,present,introduced,,,,
148705505,GB,present,introduced,,,,
148705506,GB,present,introduced,,,,
148705507,GB,present,introduced,,,,
148705508,GB,present,introduced,,,,
148705509,GB,present,introduced,,,,
148705510,GB,present,introduced,,,,
148705511,GB,present,introduced,,,,
148705512,GB,present,introduced,,,,
148705513,GB,present,introduced,,,,
148705514,GB,present,introduced,,,,
148705515,GB,present,introduced,,,,
148705516,GB,present,introduced,,,,
148705517,GB,present,introduced,,,,
148705518,GB,present,introduced,,,,
148705519,GB,present,introduced,,,,
148705520,GB,present,introduced,,,,
148705524,GB,present,introduced,,,,
148705525,GB,present,introduced,,,,
148705526,GB,present,introduced,,,,
148705527,GB,present,introduced,,,,
148705528,GB,present,introduced,,,,
148705529,GB,present,introduced,,,,
148705530,GB,present,introduced,,,,
148705531,GB,present,introduced,,,,
148705532,GB,present,introduced,,,,
148705533,GB,present,introduced,,,,
148705534,GB,present,introduced,,,,
148705535,GB,present,introduced,,,,
148705536,GB,present,introduced,,,,
148705537,GB,present,introduced,,,,
148705538,GB,present,introduced,,,,
148705539,GB,present,introduced,,,,
148705540,GB,present,introduced,,,,
148705541,GB,present,introduced,,,,
148705544,GB,present,introduced,,,,
148705546,GB,present,introduced,,,,
148705548,GB,present,introduced,,,,
148705550,GB,present,introduced,,,,
148705552,GB,present,introduced,,,,
148705554,GB,present,introduced,,,,
148705556,GB,present,introduced,,,,
148705558,GB,present,introduced,,,,
148705560,GB,present,introduced,,,,
148705562,GB,present,introduced,,,,
148705564,GB,present,introduced,,,,
148705566,GB,present,introduced,,,,
148705568,GB,present,introduced,,,,
148705570,GB,present,introduced,,,,
148705572,GB,present,introduced,,,,
148705574,GB,present,introduced,,,,
148705576,GB,present,introduced,,,,
148705578,GB,present,introduced,,,,
148705580,GB,present,introduced,,,,
148705582,GB,present,introduced,,,,
148705584,GB,present,introduced,,,,
148705586,GB,present,introduced,,,,
148705588,GB,present,introduced,,,,
148705590,GB,present,introduced,,,,
148705592,GB,present,introduced,yes,,,
148705594,GB,present,introduced,,,,
148705596,GB,present,introduced,,,,
148705598,GB,present,introduced,,,,
148705600,GB,present,introduced,,,,
148705602,GB,present,introduced,,,,
148705603,GB,present,introduced,,,,
148705604,GB,present,introduced,,,,
148705605,GB,present,introduced,,,,
148705606,GB,present,introduced,,,,
148705607,GB,present,introduced,,,,
148705608,GB,present,introduced,,,,
148705609,GB,present,introduced,,,,
148705610,GB,present,introduced,,,,
148705611,GB,present,introduced,,,,
148705612,GB,present,introduced,,,,
148705613,GB,present,introduced,,,,
148705614,GB,present,introduced,,,,
148705615,GB,present,introduced,,,,
148705616,GB,present,introduced,,,,
148705617,GB,present,introduced,,,,
148705618,GB,present,introduced,,,,
148705619,GB,present,introduced,,,,
148705620,GB,present,introduced,,,,
148705621,GB,present,introduced,,,,
148705622,GB,present,introduced,,,,
148705623,GB,present,introduced,,,,
148705624,GB,present,introduced,,,,
148705625,GB,present,introduced,,,,
148705626,GB,present,introduced,,,,
148705627,GB,present,introduced,yes,,,
148705628,GB,present,introduced,,,,
148705629,GB,present,introduced,,,,
148705630,GB,present,introduced,,,,
148705631,GB,present,introduced,,,,
148705632,GB,present,introduced,,,,
148705633,GB,present,introduced,,,,
148705634,GB,present,introduced,,,,
148705635,GB,present,introduced,,,,
148705636,GB,present,introduced,yes,,,
148705637,GB,present,introduced,,,,
148705638,GB,present,introduced,,,,
148705639,GB,present,introduced,,,,
148705640,GB,present,introduced,,,,
148705641,GB,present,introduced,,,,
148705642,GB,present,introduced,,,,
148705643,GB,present,introduced,,,,
148705644,GB,present,introduced,,,,
148705645,GB,present,introduced,,,,
148705646,GB,present,introduced,,,,
148705647,GB,present,introduced,,,,
148705648,GB,present,introduced,,,,
148705649,GB,present,introduced,,,,
148705650,GB,present,introduced,,,,
148705651,GB,present,introduced,,,,
148705652,GB,present,introduced,,,,
148705653,GB,present,introduced,,,,
148705654,GB,present,introduced,,,,
148705655,GB,present,introduced,,,,
148705656,GB,present,introduced,,,,
148705657,GB,present,introduced,,,,
148705658,GB,present,introduced,,,,
148705659,GB,present,introduced,,,,
148705660,GB,present,introduced,,,,
148705661,GB,present,introduced,,,,
148705662,GB,present,introduced,,,,
148705663,GB,present,introduced,,,,
148705664,GB,present,introduced,,,,
148705665,GB,present,introduced,,,,
148705666,GB,present,introduced,,,,
148705667,GB,present,introduced,,,,
148705668,GB,present,introduced,,,,
148705669,GB,present,introduced,,,,
148705670,GB,present,introduced,,,,
148705671,GB,present,introduced,,,,
148705672,GB,present,introduced,,,,
148705673,GB,present,introduced,,,,
148705674,GB,present,introduced,,,,
148705675,GB,present,introduced,,,,
148705676,GB,present,introduced,,,,
148705677,GB,present,introduced,,,,
148705678,GB,present,introduced,,,,
148705679,GB,present,introduced,,,,
148705680,GB,present,introduced,,,,
148705681,GB,present,introduced,,,,
148705682,GB,present,introduced,,,,
148705683,GB,present,introduced,,,,
148705684,GB,present,introduced,,,,
148705685,GB,present,introduced,,,,
148705686,GB,present,introduced,,,,
148705687,GB,present,introduced,,,,
148705688,GB,present,introduced,,,,
148705689,GB,present,introduced,,,,
148705690,GB,present,introduced,,,,
148705691,GB,present,introduced,,,,
148705692,GB,present,introduced,,,,
148705693,GB,present,introduced,,,,
148705694,GB,present,introduced,,,,
148705695,GB,present,introduced,,,,
148705696,GB,present,introduced,,,,
148705697,GB,present,introduced,,,,
148705698,GB,present,introduced,,,,
148705699,GB,present,introduced,,,,
148705700,GB,present,introduced,,,,
148705701,GB,present,introduced,,,,
148705702,GB,present,introduced,,,,
148705703,GB,present,introduced,,,,
148705704,GB,present,introduced,,,,
148705705,GB,present,introduced,,,,
148705706,GB,present,introduced,,,,
148705707,GB,present,introduced,,,,
148705708,GB,present,introduced,,,,
148705709,GB,present,introduced,,,,
148705710,GB,present,introduced,,,,
148705711,GB,present,introduced,,,,
148705712,GB,present,introduced,,,,
148705713,GB,present,introduced,,,,
148705714,GB,present,introduced,,,,
148705715,GB,present,introduced,,,,
148705716,GB,present,introduced,,,,
148705717,GB,present,introduced,,,,
148705718,GB,present,introduced,,,,
148705719,GB,present,introduced,,,,
148705720,GB,present,introduced,,,,
148705721,GB,present,introduced,,,,
148705722,GB,present,introduced,,,,
148705723,GB,present,introduced,,,,
148705724,GB,present,introduced,,,,
148705725,GB,present,introduced,,,,
148705726,GB,present,introduced,,,,
148705727,GB,present,introduced,,,,
148705728,GB,present,introduced,,,,
148705729,GB,present,introduced,,,,
148705730,GB,present,introduced,,,,
148705731,GB,present,introduced,,,,
148705732,GB,present,introduced,,,,
148705733,GB,present,introduced,,,,
148705734,GB,present,introduced,,,,
148705735,GB,present,introduced,,,,
148705736,GB,present,introduced,,,,
148705737,GB,present,introduced,,,,
148705738,GB,present,introduced,,,,
148705739,GB,present,introduced,,,,
148705740,GB,present,introduced,,,,
148705741,GB,present,introduced,yes,,,
148705742,GB,present,introduced,,,,
148705743,GB,present,introduced,,,,
148705744,GB,present,introduced,,,,
148705745,GB,present,introduced,,,,
148705746,GB,present,introduced,,,,
148705747,GB,present,introduced,,,,
148705748,GB,present,introduced,,,,
148705749,GB,present,introduced,,,,
148705750,GB,present,introduced,,,,
148705751,GB,present,introduced,,,,
148705752,GB,present,introduced,,,,
148705753,GB,present,introduced,,,,
148705754,GB,present,introduced,,,,
148705755,GB,present,introduced,,,,
148705756,GB,present,introduced,,,,
148705757,GB,present,introduced,,,,
148705758,GB,present,introduced,,,,
148705759,GB,present,introduced,,,,
148705760,GB,present,introduced,,,,
148705761,GB,present,introduced,,,,
148705765,GB,present,introduced,,,,
148705767,GB,present,introduced,,,,
148705769,GB,present,introduced,,,,
148705771,GB,present,introduced,,,,
148705772,GB,present,introduced,,,,
148705773,GB,present,introduced,,,,
148705774,GB,present,introduced,,,,
148705775,GB,present,introduced,,,,
148705776,GB,present,introduced,,,,
148705777,GB,present,introduced,,,,
148705778,GB,present,introduced,,,,
148705779,GB,present,introduced,,,,
148705780,GB,present,introduced,,,,
148705781,GB,present,introduced,,,,
148705782,GB,present,introduced,,,,
148705783,GB,present,introduced,,,,
148705784,GB,present,introduced,,,,
148705785,GB,present,introduced,,,,
148705786,GB,present,introduced,,,,
148705787,GB,present,introduced,,,,
148705788,GB,present,introduced,,,,
148705789,GB,present,introduced,,,,
148705790,GB,present,introduced,,,,
148705791,GB,present,introduced,,,,
148705792,GB,present,introduced,,,,
148705793,GB,present,introduced,,,,
148705796,GB,present,introduced,,,,
148705798,GB,present,introduced,,,,
148705799,GB,present,introduced,,,,
148705800,GB,present,introduced,,,,
148705801,GB,present,introduced,,,,
148705802,GB,present,introduced,,,,
148705803,GB,present,introduced,,,,
148705804,GB,present,introduced,,,,
148705805,GB,present,introduced,,,,
148705808,GB,present,introduced,,,,
148705810,GB,present,introduced,,,,
148705811,GB,present,introduced,,,,
148705812,GB,present,introduced,,,,
148705813,GB,present,introduced,,,,
148705814,GB,present,introduced,,,,
148705815,GB,present,introduced,,,,
148705816,GB,present,introduced,,,,
148705817,GB,present,introduced,,,,
148705818,GB,present,introduced,,,,
148705819,GB,present,introduced,,,,
148705820,GB,present,introduced,,,,
148705821,GB,present,introduced,,,,
148705822,GB,present,introduced,,,,
148705823,GB,present,introduced,,,,
148705824,GB,present,introduced,,,,
148705825,GB,present,introduced,,,,
148705826,GB,present,introduced,,,,
148705827,GB,present,introduced,,,,
148705828,GB,present,introduced,,,,
148705829,GB,present,introduced,,,,
148705830,GB,present,introduced,,,,
148705831,GB,present,introduced,,,,
148705832,GB,present,introduced,,,,
148705833,GB,present,introduced,,,,
148705836,GB,present,introduced,,,,
148705837,GB,present,introduced,,,,
148705839,GB,present,introduced,,,,
148705841,GB,present,introduced,,,,
148705844,GB,present,introduced,yes,,,
148705846,GB,present,introduced,,,,
148705847,GB,present,introduced,,,,
148705848,GB,present,introduced,,,,
148705849,GB,present,introduced,,,,
148705851,GB,present,introduced,,,,
148705852,GB,present,introduced,,,,
148705853,GB,present,introduced,,,,
148705854,GB,present,introduced,,,,
148705855,GB,present,introduced,,,,
148705857,GB,present,introduced,,,,
148705858,GB,present,introduced,,,,
148705859,GB,present,introduced,,,,
148705860,GB,present,introduced,,,,
148705861,GB,present,introduced,,,,
148705862,GB,present,introduced,,,,
148705863,GB,present,introduced,,,,
148705865,GB,present,introduced,,,,
148705866,GB,present,introduced,,,,
148705867,GB,present,introduced,,,,
148705868,GB,present,introduced,,,,
148705869,GB,present,introduced,,,,
148705870,GB,present,introduced,,,,
148705871,GB,present,introduced,,,,
148705872,GB,present,introduced,,,,
148705873,GB,present,introduced,,,,
148705874,GB,present,introduced,,,,
148705875,GB,present,introduced,,,,
148705876,GB,present,introduced,,,,
148705877,GB,present,introduced,,,,
148705878,GB,present,introduced,,,,
148705879,GB,present,introduced,,,,
148705880,GB,present,introduced,,,,
148705881,GB,present,introduced,yes,,,
148705883,GB,present,introduced,,,,
148705886,GB,present,introduced,yes,,,
148705887,GB,present,introduced,,,,
148705888,GB,present,introduced,,,,
148705889,GB,present,introduced,,,,
148705890,GB,present,introduced,,,,
148705891,GB,present,introduced,,,,
148705892,GB,present,introduced,,,,
148705893,GB,present,introduced,,,,
148705894,GB,present,introduced,,,,
148705895,GB,present,introduced,,,,
148705896,GB,present,introduced,,,,
148705897,GB,present,introduced,,,,
148705898,GB,present,introduced,,,,
148705899,GB,present,introduced,,,,
148705900,GB,present,introduced,,,,
148705901,GB,present,introduced,,,,
148705902,GB,present,introduced,,,,
148705903,GB,present,introduced,,,,
148705904,GB,present,introduced,,,,
148705905,GB,present,introduced,,,,
148705906,GB,present,introduced,,,,
148705907,GB,present,introduced,,,,
148705908,GB,present,introduced,,,,
148705909,GB,present,introduced,,,,
148705910,GB,present,introduced,,,,
148705911,GB,present,introduced,,,,
148705912,GB,present,introduced,,,,
148705913,GB,present,introduced,,,,
148705914,GB,present,introduced,,,,
148705915,GB,present,introduced,,,,
148705916,GB,present,introduced,,,,
148705917,GB,present,introduced,,,,
148705918,GB,present,introduced,,,,
148705919,GB,present,introduced,,,,
148705920,GB,present,introduced,,,,
148705921,GB,present,introduced,,,,
148705922,GB,present,introduced,,,,
148705923,GB,present,introduced,,,,
148705924,GB,present,introduced,,,,
148705927,GB,present,introduced,,,,
148705929,GB,present,introduced,,,,
148705931,GB,present,introduced,,,,
148705933,GB,present,introduced,,,,
148705935,GB,present,introduced,,,,
148705936,GB,present,introduced,,,,
148705937,GB,present,introduced,,,,
148705938,GB,present,introduced,,,,
148705939,GB,present,introduced,,,,
148705940,GB,present,introduced,,,,
148705941,GB,present,introduced,,,,
148705942,GB,present,introduced,,,,
148705943,GB,present,introduced,,,,
148705944,GB,present,introduced,,,,
148705945,GB,present,introduced,,,,
148705946,GB,present,introduced,,,,
148705947,GB,present,introduced,,,,
148705948,GB,present,introduced,,,,
148705949,GB,present,introduced,,,,
148705950,GB,present,introduced,,,,
148705951,GB,present,introduced,,,,
148705952,GB,present,introduced,,,,
148705953,GB,present,introduced,,,,
148705954,GB,present,introduced,,,,
148705955,GB,present,introduced,,,,
148705956,GB,present,introduced,,,,
148705957,GB,present,introduced,,,,
148705958,GB,present,introduced,,,,
148705959,GB,present,introduced,,,,
148705960,GB,present,introduced,,,,
148705961,GB,present,introduced,,,,
148705962,GB,present,introduced,,,,
148705963,GB,present,introduced,,,,
148705964,GB,present,introduced,,,,
148705965,GB,present,introduced,,,,
148705966,GB,present,introduced,,,,
148705967,GB,present,introduced,,,,
148705968,GB,present,introduced,,,,
148705969,GB,present,introduced,,,,
148705970,GB,present,introduced,,,,
148705971,GB,present,introduced,,,,
148705972,GB,present,introduced,,,,
148705974,GB,present,introduced,,,,
148705975,GB,present,introduced,yes,,,
148705978,GB,present,introduced,,,,
148705979,GB,present,introduced,,,,
148705980,GB,present,introduced,,,,
148705981,GB,present,introduced,,,,
148705983,GB,present,introduced,,,,
148705984,GB,present,introduced,,,,
148705986,GB,present,introduced,yes,,,
148705988,GB,present,introduced,,,,
148705989,GB,present,introduced,,,,
148705990,GB,present,introduced,,,,
148705991,GB,present,introduced,,,,
148705992,GB,present,introduced,,,,
148705993,GB,present,introduced,,,,
148705994,GB,present,introduced,,,,
148705995,GB,present,introduced,,,,
148705996,GB,present,introduced,,,,
148705997,GB,present,introduced,,,,
148706000,GB,present,introduced,,,,
148706002,GB,present,introduced,,,,
148706004,GB,present,introduced,,,,
148706005,GB,present,introduced,,,,
148706006,GB,present,introduced,,,,
148706008,GB,present,introduced,,,,
148706009,GB,present,introduced,,,,
148706011,GB,present,introduced,,,,
148706012,GB,present,introduced,,,,
148706013,GB,present,introduced,,,,
148706014,GB,present,introduced,,,,
148706016,GB,present,introduced,,,,
148706019,GB,present,introduced,,,,
148706021,GB,present,introduced,,,,
148706023,GB,present,introduced,,,,
148706025,GB,present,introduced,,,,
148706027,GB,present,introduced,,,,
148706029,GB,present,introduced,,,,
148706031,GB,present,introduced,,,,
148706032,GB,present,introduced,,,,
148706033,GB,present,introduced,yes,,,
148706034,GB,present,introduced,,,,
148706035,GB,present,introduced,,,,
148706036,GB,present,introduced,,,,
148706037,GB,present,introduced,,,,
148706038,GB,present,introduced,,,,
148706039,GB,present,introduced,,,,
148706040,GB,present,introduced,yes,,,
148706041,GB,present,introduced,,,,
148706042,GB,present,introduced,,,,
148706043,GB,present,introduced,,,,
148706044,GB,present,introduced,,,,
148706045,GB,present,introduced,,,,
148706046,GB,present,introduced,,,,
148706047,GB,present,introduced,,,,
148706048,GB,present,introduced,,,,
148706049,GB,present,introduced,,,,
148706050,GB,present,introduced,,,,
148706051,GB,present,introduced,,,,
148706052,GB,present,introduced,,,,
148706053,GB,present,introduced,,,,
148706054,GB,present,introduced,,,,
148706055,GB,present,introduced,,,,
148706056,GB,present,introduced,yes,,,
148706057,GB,present,introduced,,,,
148706058,GB,present,introduced,,,,
148706059,GB,present,introduced,,,,
148706060,GB,present,introduced,,,,
148706061,GB,present,introduced,yes,,,
148706062,GB,present,introduced,yes,,,
148706063,GB,present,introduced,,,,
148706064,GB,present,introduced,,,,
148706065,GB,present,introduced,,,,
148706066,GB,present,introduced,,,,
148706067,GB,present,introduced,,,,
148706068,GB,present,introduced,,,,
148706069,GB,present,introduced,,,,
148706070,GB,present,introduced,,,,
148706071,GB,present,introduced,,,,
148706072,GB,present,introduced,,,,
148706073,GB,present,introduced,,,,
148706074,GB,present,introduced,,,,
148706075,GB,present,introduced,,,,
148706076,GB,present,introduced,,,,
148706077,GB,present,introduced,,,,
148706078,GB,present,introduced,yes,,,
148706079,GB,present,introduced,,,,
148706080,GB,present,introduced,,,,
148706081,GB,present,introduced,,,,
148706082,GB,present,introduced,,,,
148706083,GB,present,introduced,,,,
148706084,GB,present,introduced,,,,
148706085,GB,present,introduced,,,,
148706086,GB,present,introduced,,,,
148706087,GB,present,introduced,,,,
148706088,GB,present,introduced,,,,
148706089,GB,present,introduced,,,,
148706090,GB,present,introduced,,,,
148706091,GB,present,introduced,,,,
148706092,GB,present,introduced,,,,
148706093,GB,present,introduced,,,,
148706094,GB,present,introduced,,,,
148706095,GB,present,introduced,,,,
148706096,GB,present,introduced,,,,
148706097,GB,present,introduced,,,,
148706098,GB,present,introduced,,,,
148706099,GB,present,introduced,,,,
148706100,GB,present,introduced,,,,
148706101,GB,present,introduced,,,,
148706102,GB,present,introduced,,,,
148706103,GB,present,introduced,,,,
148706104,GB,present,introduced,,,,
148706105,GB,present,introduced,,,,
148706106,GB,present,introduced,,,,
148706107,GB,present,introduced,,,,
148706108,GB,present,introduced,,,,
148706109,GB,present,introduced,,,,
148706110,GB,present,introduced,,,,
148706111,GB,present,introduced,,,,
148706112,GB,present,introduced,,,,
148706113,GB,present,introduced,yes,,,
148706114,GB,present,introduced,,,,
148706115,GB,present,introduced,,,,
148706116,GB,present,introduced,,,,
148706117,GB,present,introduced,,,,
148706118,GB,present,introduced,,,,
148706119,GB,present,introduced,,,,
148706120,GB,present,introduced,,,,
148706121,GB,present,introduced,,,,
148706122,GB,present,introduced,,,,
148706123,GB,present,introduced,,,,
148706124,GB,present,introduced,,,,
148706125,GB,present,introduced,,,,
148706126,GB,present,introduced,,,,
148706127,GB,present,introduced,,,,
148706128,GB,present,introduced,,,,
148706129,GB,present,introduced,yes,,,
148706130,GB,present,introduced,,,,
148706131,GB,present,introduced,,,,
148706132,GB,present,introduced,,,,
148706133,GB,present,introduced,,,,
148706134,GB,present,introduced,,,,
148706135,GB,present,introduced,,,,
148706136,GB,present,introduced,,,,
148706137,GB,present,introduced,,,,
148706138,GB,present,introduced,,,,
148706139,GB,present,introduced,,,,
148706140,GB,present,introduced,,,,
148706141,GB,present,introduced,,,,
148706142,GB,present,introduced,,,,
148706143,GB,present,introduced,,,,
148706144,GB,present,introduced,,,,
148706145,GB,present,introduced,,,,
148706146,GB,present,introduced,,,,
148706147,GB,present,introduced,,,,
148706148,GB,present,introduced,,,,
148706149,GB,present,introduced,,,,
148706150,GB,present,introduced,,,,
148706151,GB,present,introduced,,,,
148706152,GB,present,introduced,,,,
148706153,GB,present,introduced,,,,
148706154,GB,present,introduced,,,,
148706155,GB,present,introduced,,,,
148706156,GB,present,introduced,,,,
148706157,GB,present,introduced,,,,
148706158,GB,present,introduced,,,,
148706159,GB,present,introduced,,,,
148706160,GB,present,introduced,,,,
148706161,GB,present,introduced,,,,
148706162,GB,present,introduced,,,,
148706163,GB,present,introduced,,,,
148706164,GB,present,introduced,,,,
148706165,GB,present,introduced,yes,,,
148706166,GB,present,introduced,,,,
148706167,GB,present,introduced,,,,
148706168,GB,present,introduced,,,,
148706169,GB,present,introduced,yes,,,
148706170,GB,present,introduced,,,,
148706171,GB,present,introduced,yes,,,
148706172,GB,present,introduced,,,,
148706173,GB,present,introduced,,,,
148706174,GB,present,introduced,,,,
148706175,GB,present,introduced,,,,
148706176,GB,present,introduced,,,,
148706177,GB,present,introduced,,,,
148706178,GB,present,introduced,,,,
148706179,GB,present,introduced,,,,
148706180,GB,present,introduced,,,,
148706181,GB,present,introduced,,,,
148706182,GB,present,introduced,,,,
148706183,GB,present,introduced,,,,
148706184,GB,present,introduced,,,,
148706185,GB,present,introduced,,,,
148706186,GB,present,introduced,,,,
148706187,GB,present,introduced,,,,
148706188,GB,present,introduced,,,,
148706189,GB,present,introduced,,,,
148706190,GB,present,introduced,,,,
148706191,GB,present,introduced,yes,,,
148706192,GB,present,introduced,,,,
148706193,GB,present,introduced,,,,
148706194,GB,present,introduced,,,,
148706195,GB,present,introduced,,,,
148706196,GB,present,introduced,,,,
148706197,GB,present,introduced,,,,
148706198,GB,present,introduced,,,,
148706199,GB,present,introduced,,,,
148706200,GB,present,introduced,,,,
148706201,GB,present,introduced,,,,
148706202,GB,present,introduced,,,,
148706203,GB,present,introduced,,,,
148706204,GB,present,introduced,,,,
148706205,GB,present,introduced,,,,
148706206,GB,present,introduced,,,,
148706207,GB,present,introduced,,,,
148706208,GB,present,introduced,,,,
148706209,GB,present,introduced,,,,
148706210,GB,present,introduced,,,,
148706211,GB,present,introduced,,,,
148706215,GB,present,introduced,,,,
148706217,GB,present,introduced,,,,
148706219,GB,present,introduced,,,,
148706220,GB,present,introduced,,,,
148706221,GB,present,introduced,,,,
148706222,GB,present,introduced,,,,
148706223,GB,present,introduced,,,,
148706224,GB,present,introduced,,,,
148706225,GB,present,introduced,,,,
148706226,GB,present,introduced,,,,
148706227,GB,present,introduced,,,,
148706228,GB,present,introduced,,,,
148706229,GB,present,introduced,,,,
148706230,GB,present,introduced,,,,
148706231,GB,present,introduced,,,,
148706232,GB,present,introduced,,,,
148706233,GB,present,introduced,,,,
148706234,GB,present,introduced,,,,
148706235,GB,present,introduced,,,,
148706236,GB,present,introduced,,,,
148706237,GB,present,introduced,,,,
148706238,GB,present,introduced,yes,,,
148706239,GB,present,introduced,,,,
148706240,GB,present,introduced,,,,
148706241,GB,present,introduced,,,,
148706242,GB,present,introduced,,,,
148706243,GB,present,introduced,,,,
148706244,GB,present,introduced,,,,
148706245,GB,present,introduced,,,,
148706246,GB,present,introduced,,,,
148706247,GB,present,introduced,,,,
148706248,GB,present,introduced,,,,
148706249,GB,present,introduced,,,,
148706250,GB,present,introduced,,,,
148706251,GB,present,introduced,,,,
148706252,GB,present,introduced,,,,
148706253,GB,present,introduced,,,,
148706254,GB,present,introduced,,,,
148706255,GB,present,introduced,,,,
148706256,GB,present,introduced,,,,
148706257,GB,present,introduced,,,,
148706258,GB,present,introduced,,,,
148706259,GB,present,introduced,,,,
148706260,GB,present,introduced,,,,
148706261,GB,present,introduced,,,,
148706262,GB,present,introduced,,,,
148706263,GB,present,introduced,,,,
148706264,GB,present,introduced,,,,
148706265,GB,present,introduced,,,,
148706266,GB,present,introduced,,,,
148706267,GB,present,introduced,,,,
148706268,GB,present,introduced,,,,
148706269,GB,present,introduced,,,,
148706270,GB,present,introduced,,,,
148706271,GB,present,introduced,,,,
148706272,GB,present,introduced,,,,
148706273,GB,present,introduced,,,,
148706274,GB,present,introduced,yes,,,
148706275,GB,present,introduced,,,,
148706276,GB,present,introduced,,,,
148706277,GB,present,introduced,,,,
148706278,GB,present,introduced,,,,
148706279,GB,present,introduced,,,,
148706283,GB,present,introduced,,,,
148706285,GB,present,introduced,,,,
148706286,GB,present,introduced,,,,
148706287,GB,present,introduced,,,,
148706288,GB,present,introduced,,,,
148706289,GB,present,introduced,,,,
148706290,GB,present,introduced,,,,
148706291,GB,present,introduced,,,,
148706292,GB,present,introduced,,,,
148706293,GB,present,introduced,,,,
148706294,GB,present,introduced,,,,
148706295,GB,present,introduced,,,,
148706296,GB,present,introduced,,,,
148706297,GB,present,introduced,,,,
148706298,GB,present,introduced,,,,
148706299,GB,present,introduced,,,,
148706300,GB,present,introduced,,,,
