taxonKey,nubKey,countryCode,occurrenceStatus,establishmentMeans,degreeOfEstablishment,pathway,eventDate,source
148741558,5824752,DK,present,introduced,invasive,,,
148741559,4283395,DK,present,introduced,,,,
148741565,5421668,DK,present,introduced,invasive,,,
148741570,5421557,DK,present,introduced,invasive,,,
148741571,2266754,DK,present,introduced,,,,
148741576,3197314,DK,present,introduced,invasive,,,
148741579,2266009,DK,present,introduced,invasive,,,
148741580,3196387,DK,present,introduced,invasive,,,
148741584,2266038,DK,present,introduced,,,,
148741585,5423480,DK,present,introduced,,,,
148741586,5423480,DK,present,introduced,invasive,,,
148741589,3197970,DK,present,introduced,invasive,,,
148741591,2266593,DK,present,introduced,invasive,,,
148741594,3194420,DK,present,introduced,invasive,,,
148741595,5422037,DK,present,introduced,invasive,,,
148741604,2501248,DK,present,introduced,invasive,,,
148741605,3203610,DK,present,introduced,,,,
148741609,3202936,DK,present,introduced,invasive,,,
148741615,8166987,DK,present,introduced,invasive,,,
148741617,5233152,DK,present,introduced,invasive,,,
148741620,7454879,DK,present,introduced,invasive,,,
148741623,7632200,DK,present,introduced,invasive,,,
148741625,3205121,DK,present,introduced,invasive,,,
148741633,5254231,DK,present,introduced,invasive,,,
148741641,4343706,DK,present,introduced,invasive,,,
148741642,4343705,DK,present,introduced,invasive,,,
148741647,2502938,DK,present,introduced,,,,
148741651,8313437,DK,present,introduced,invasive,,,
148741666,5286308,DK,present,introduced,,,,
148741668,2288847,DK,present,introduced,,,,
148741670,7791733,DK,present,introduced,invasive,,,
148741673,2287072,DK,present,introduced,invasive,,,
148741680,2286060,DK,present,introduced,,,,
148741682,2286079,DK,present,introduced,,,,
148741686,5270682,DK,present,introduced,,,,
148741693,2286284,DK,present,introduced,,,,
148741694,2645255,DK,present,introduced,,,,
148741702,5272105,DK,present,introduced,invasive,,,
148741710,2677047,DK,present,introduced,invasive,,,
148741713,2291334,DK,present,introduced,,,,
148741718,4601972,DK,present,introduced,invasive,,,
148741719,5281901,DK,present,introduced,invasive,,,
148741723,5192470,DK,present,introduced,invasive,,,
148741728,5192789,DK,present,introduced,invasive,,,
148741730,8850333,DK,present,introduced,,,,
148741736,5278964,DK,present,introduced,invasive,,,
148741739,7776152,DK,present,introduced,,,,
148741740,10807944,DK,present,introduced,,,,
148741744,2295425,DK,present,introduced,,,,
148741745,2659055,DK,present,introduced,invasive,,,
148741748,2659108,DK,present,introduced,invasive,,,
148741752,2668884,DK,present,introduced,invasive,,,
148741756,5780449,DK,present,introduced,,,,
148741760,5189806,DK,present,introduced,,,,
148741761,5274944,DK,present,introduced,,,,
148741766,5190781,DK,present,introduced,,,,
148741768,2651113,DK,present,introduced,,,,
148741774,2294287,DK,present,introduced,,,,
148741776,2650903,DK,present,introduced,,,,
148741780,2296797,DK,present,introduced,,,,
148741782,2650107,DK,present,introduced,invasive,,,
148741784,4196478,DK,present,introduced,,,,
148741785,4567717,DK,present,introduced,,,,
148741788,2294096,DK,present,introduced,,,,
148741789,5779455,DK,present,introduced,invasive,,,
148741792,2294103,DK,present,introduced,,,,
148741794,6109699,DK,present,introduced,,,,
148741800,2742342,DK,present,introduced,,,,
148741806,5299536,DK,present,introduced,,,,
148741807,5299675,DK,present,introduced,,,,
148741808,4556282,DK,present,introduced,,,,
148741809,2753026,DK,present,introduced,,,,
148741810,4556299,DK,present,introduced,,,,
148741811,2753146,DK,present,introduced,,,,
148741812,4556287,DK,present,introduced,,,,
148741814,2753465,DK,present,introduced,,,,
148741816,2753079,DK,present,introduced,,,,
148741817,2284101,DK,present,introduced,,,,
148741818,5300716,DK,present,introduced,,,,
148741819,5300535,DK,present,introduced,,,,
148741820,4556361,DK,present,introduced,,,,
148741822,2752815,DK,present,introduced,,,,
148741824,2739622,DK,present,introduced,,,,
148741827,5188668,DK,present,introduced,,,,
148741828,2765272,DK,present,introduced,,,,
148741829,2764179,DK,present,introduced,,,,
148741830,5188665,DK,present,introduced,,,,
148741832,5188667,DK,present,introduced,,,,
148741835,5328909,DK,present,introduced,,,,
148741839,2865448,DK,present,introduced,invasive,,,
148741841,5329212,DK,present,introduced,invasive,,,
148741843,2869311,DK,present,introduced,invasive,,,
148741845,5330580,DK,present,introduced,,,,
148741847,5330661,DK,present,introduced,,,,
148741852,2308887,DK,present,introduced,,,,
148741853,2805433,DK,present,introduced,,,,
148741864,5296178,DK,present,introduced,,,,
148741865,5298908,DK,present,introduced,,,,
148741866,5298069,DK,present,introduced,,,,
148741867,5298019,DK,present,introduced,,,,
148741868,5298126,DK,present,introduced,,,,
148741869,2749827,DK,present,introduced,,,,
148741870,2750096,DK,present,introduced,,,,
148741872,2747939,DK,present,introduced,,,,
148741875,4410498,DK,present,introduced,,,,
148741876,8861735,DK,present,introduced,,,,
148741878,8041190,DK,present,introduced,,,,
148741880,5815559,DK,present,introduced,,,,
148741882,2775561,DK,present,introduced,,,,
148741883,8290434,DK,present,introduced,,,,
148741898,2767428,DK,present,introduced,,,,
148741899,2770610,DK,present,introduced,,,,
148741901,2767579,DK,present,introduced,,,,
148741902,8080743,DK,present,introduced,,,,
148741904,2767506,DK,present,introduced,,,,
148741905,2767312,DK,present,introduced,,,,
148741906,2773281,DK,present,introduced,,,,
148741907,2307593,DK,present,introduced,,,,
148741908,2772902,DK,present,introduced,,,,
148741909,2773448,DK,present,introduced,,,,
148741910,2772094,DK,present,introduced,,,,
148741911,8152187,DK,present,introduced,,,,
148741912,2772020,DK,present,introduced,,,,
148741913,2307609,DK,present,introduced,,,,
148741914,5304257,DK,present,introduced,,,,
148741915,4008563,DK,present,introduced,,,,
148741916,5304283,DK,present,introduced,,,,
148741919,2772666,DK,present,introduced,,,,
148741922,10087251,DK,present,introduced,,,,
148741923,5304298,DK,present,introduced,,,,
148741925,2769084,DK,present,introduced,,,,
148741929,2321012,DK,present,introduced,invasive,,,
148741930,2321009,DK,present,introduced,,,,
148741931,2321010,DK,present,introduced,invasive,,,
148741933,5305033,DK,present,introduced,,,,
148741935,2781074,DK,present,introduced,,,,
148741936,2327735,DK,present,introduced,invasive,,,
148741937,2781103,DK,present,introduced,,,,
148741940,5305000,DK,present,introduced,,,,
148741941,2778437,DK,present,introduced,,,,
148741943,2777134,DK,present,introduced,,,,
148741944,2778457,DK,present,introduced,,,,
148741952,2325845,DK,present,introduced,,,,
148741965,2331942,DK,present,introduced,invasive,,,
148741967,7227584,DK,present,introduced,,,,
148741968,2331498,DK,present,introduced,invasive,,,
148741973,2858501,DK,present,introduced,,,,
148741974,2858581,DK,present,introduced,,,,
148741976,10030688,DK,present,introduced,,,,
148741977,2858244,DK,present,introduced,,,,
148741978,2860425,DK,present,introduced,,,,
148741981,2860409,DK,present,introduced,,,,
148741982,2855356,DK,present,introduced,,,,
148741983,2441454,DK,present,introduced,,,,
148741984,2857616,DK,present,introduced,,,,
148741986,2856476,DK,present,introduced,,,,
148741987,6157026,DK,present,introduced,invasive,,,
148741988,7062200,DK,present,introduced,invasive,,,
148741989,8909809,DK,present,introduced,,,,
148741990,2855963,DK,present,introduced,,,,
148741994,2436940,DK,present,introduced,,,,
148741995,2856009,DK,present,introduced,,,,
148741998,2857697,DK,present,introduced,,,,
148741999,2856834,DK,present,introduced,,,,
148742000,5218786,DK,present,introduced,invasive,,,
148742003,2855825,DK,present,introduced,,,,
148742005,5219303,DK,present,introduced,,,,
148742006,2434552,DK,present,introduced,invasive,,,
148742009,2857017,DK,present,introduced,,,,
148742011,2856780,DK,present,introduced,,,,
148742012,2856504,DK,present,introduced,,,,
148742014,2435035,DK,present,introduced,invasive,,,
148742017,2441122,DK,present,introduced,,,,
148742020,2440946,DK,present,introduced,invasive,,,
148742022,2873769,DK,present,introduced,,,,
148742023,5220136,DK,present,introduced,invasive,,,
148742025,2440954,DK,present,introduced,,,,
148742028,2702084,DK,present,introduced,,,,
148742030,2701612,DK,present,introduced,,,,
148742032,8055487,DK,present,introduced,,,,
148742033,2437450,DK,present,introduced,invasive,,,
148742035,2715482,DK,present,introduced,,,,
148742036,4264680,DK,present,introduced,invasive,,,
148742038,8243603,DK,present,introduced,,,,
148742039,2439261,DK,present,introduced,invasive,,,
148742040,7429082,DK,present,introduced,,,,
148742041,5219721,DK,present,introduced,,,,
148742042,5219833,DK,present,introduced,,,,
148742043,2715729,DK,present,introduced,,,,
148742044,2724120,DK,present,introduced,,,,
148742046,2725766,DK,present,introduced,,,,
148742047,2439683,DK,present,introduced,,,,
148742048,2728048,DK,present,introduced,,,,
148742050,5219858,DK,present,introduced,invasive,,,
148742051,2728143,DK,present,introduced,,,,
148742052,2438482,DK,present,introduced,,,,
148742053,2438704,DK,present,introduced,,,,
148742056,5219702,DK,present,introduced,,,,
148742064,2474416,DK,present,introduced,,,,
148742069,2480764,DK,present,introduced,,,,
148742071,2480800,DK,present,introduced,,,,
148742075,2480353,DK,present,introduced,,,,
148742076,2480350,DK,present,introduced,,,,
148742078,2480352,DK,present,introduced,,,,
148742084,5229055,DK,present,introduced,,,,
148742085,2479226,DK,present,introduced,invasive,,,
148742086,2479407,DK,present,introduced,,,,
148742088,2479798,DK,present,introduced,,,,
148742092,2495414,DK,present,introduced,,,,
148742098,9791464,DK,present,introduced,,,,
148742101,5228080,DK,present,introduced,,,,
148742104,2473577,DK,present,introduced,,,,
148742106,9752149,DK,present,introduced,invasive,,,
148742107,5228034,DK,present,introduced,,,,
148742108,2474051,DK,present,introduced,invasive,,,
148742115,2498015,DK,present,introduced,,,,
148742116,2703592,DK,present,introduced,,,,
148742117,2498305,DK,present,introduced,invasive,,,
148742118,2705869,DK,present,introduced,,,,
148742120,2498408,DK,present,introduced,,,,
148742122,2498390,DK,present,introduced,,,,
148742123,2498344,DK,present,introduced,,,,
148742125,2498329,DK,present,introduced,,,,
148742127,2703228,DK,present,introduced,,,,
148742128,5290052,DK,present,introduced,,,,
148742129,5289596,DK,present,introduced,,,,
148742130,5232437,DK,present,introduced,invasive,,,
148742132,5679032,DK,present,introduced,,,,
148742133,5679007,DK,present,introduced,,,,
148742134,2498264,DK,present,introduced,,,,
148742135,4145057,DK,present,introduced,,,,
148742136,2498034,DK,present,introduced,,,,
148742137,2498035,DK,present,introduced,,,,
148742138,4144940,DK,present,introduced,,,,
148742139,2498073,DK,present,introduced,,,,
148742140,5289590,DK,present,introduced,,,,
148742143,2498096,DK,present,introduced,,,,
148742145,2498107,DK,present,introduced,,,,
148742146,9761484,DK,present,introduced,,,,
148742148,2498154,DK,present,introduced,,,,
148742149,2498139,DK,present,introduced,,,,
148742150,2498252,DK,present,introduced,invasive,,,
148742151,2498388,DK,present,introduced,,,,
148742152,2498387,DK,present,introduced,,,,
148742160,5230861,DK,present,introduced,,,,
148742166,2491872,DK,present,introduced,,,,
148742167,2491475,DK,present,introduced,,,,
148742181,5203111,DK,present,introduced,,,,
148742183,2705185,DK,present,introduced,,,,
148742184,2705181,DK,present,introduced,,,,
148742185,2705666,DK,present,introduced,,,,
148742188,4142480,DK,present,introduced,,,,
148742189,4284021,DK,present,introduced,,,,
148742190,2351271,DK,present,introduced,,,,
148742191,2351327,DK,present,introduced,,,,
148742192,2704371,DK,present,introduced,,,,
148742193,5204019,DK,present,introduced,,,,
148742194,7795888,DK,present,introduced,,,,
148742195,5204037,DK,present,introduced,,,,
148742197,5711980,DK,present,introduced,,,,
148742198,7883427,DK,present,introduced,,,,
148742199,5204024,DK,present,introduced,,,,
148742200,2706406,DK,present,introduced,,,,
148742202,5289906,DK,present,introduced,,,,
148742203,5204039,DK,present,introduced,,,,
148742204,5289686,DK,present,introduced,,,,
148742206,5289684,DK,present,introduced,,,,
148742208,5289666,DK,present,introduced,,,,
148742209,2379089,DK,present,introduced,invasive,,,
148742210,5289698,DK,present,introduced,,,,
148742212,5289679,DK,present,introduced,,,,
148742213,2394486,DK,present,introduced,invasive,,,
148742214,2394563,DK,present,introduced,invasive,,,
148742215,2705967,DK,present,introduced,,,,
148742216,2705966,DK,present,introduced,,,,
148742219,2391520,DK,present,introduced,,,,
148742220,5678561,DK,present,introduced,,,,
148742223,5289752,DK,present,introduced,,,,
148742224,2360842,DK,present,introduced,,,,
148742225,5289758,DK,present,introduced,,,,
148742226,5289753,DK,present,introduced,,,,
148742227,5289744,DK,present,introduced,,,,
148742228,2362868,DK,present,introduced,invasive,,,
148742229,5289751,DK,present,introduced,,,,
148742230,2362473,DK,present,introduced,,,,
148742231,5289756,DK,present,introduced,,,,
148742232,2362486,DK,present,introduced,,,,
148742233,5289745,DK,present,introduced,,,,
148742234,4286975,DK,present,introduced,invasive,,,
148742235,2362030,DK,present,introduced,,,,
148742236,8244278,DK,present,introduced,,,,
148742237,4286942,DK,present,introduced,invasive,,,
148742240,2337607,DK,present,introduced,,,,
148742242,2706003,DK,present,introduced,,,,
148742243,2340989,DK,present,introduced,,,,
148742244,2706002,DK,present,introduced,,,,
148742245,2340977,DK,present,introduced,,,,
148742246,2704211,DK,present,introduced,,,,
148742248,5289917,DK,present,introduced,,,,
148742250,5289913,DK,present,introduced,,,,
148742251,2402168,DK,present,introduced,,,,
148742252,2705622,DK,present,introduced,,,,
148742253,2705090,DK,present,introduced,,,,
148742254,4125308,DK,present,introduced,,,,
148742255,2402129,DK,present,introduced,,,,
148742256,2705081,DK,present,introduced,,,,
148742257,5674230,DK,present,introduced,,,,
148742258,4287131,DK,present,introduced,,,,
148742259,5674213,DK,present,introduced,,,,
148742261,2705144,DK,present,introduced,,,,
148742262,2705162,DK,present,introduced,,,,
148742264,2706218,DK,present,introduced,,,,
148742265,2706236,DK,present,introduced,,,,
148742267,4129708,DK,present,introduced,,,,
148742271,2706242,DK,present,introduced,,,,
148742276,2706026,DK,present,introduced,,,,
148742278,2703109,DK,present,introduced,,,,
148742280,2705914,DK,present,introduced,,,,
148742281,5179027,DK,present,introduced,,,,
148742282,5290177,DK,present,introduced,,,,
148742283,5289762,DK,present,introduced,,,,
148742284,4116522,DK,present,introduced,,,,
148742287,2706067,DK,present,introduced,,,,
148742288,7324734,DK,present,introduced,,,,
148742289,2229800,DK,present,introduced,,,,
148742290,9775845,DK,present,introduced,,,,
148742291,2229915,DK,present,introduced,,,,
148742292,4114079,DK,present,introduced,,,,
148742294,4270548,DK,present,introduced,,,,
148742295,2706052,DK,present,introduced,,,,
148742296,8227419,DK,present,introduced,,,,
148742298,4123970,DK,present,introduced,,,,
148742299,2704922,DK,present,introduced,,,,
148742301,5290242,DK,present,introduced,,,,
148742302,5289764,DK,present,introduced,,,,
148742303,2705690,DK,present,introduced,,,,
148742304,4115735,DK,present,introduced,,,,
148742307,2705953,DK,present,introduced,,,,
148742308,2705955,DK,present,introduced,,,,
148742309,6431411,DK,present,introduced,,,,
148742310,2232992,DK,present,introduced,,,,
148742311,2702816,DK,present,introduced,,,,
148742312,2702822,DK,present,introduced,,,,
148742313,2702808,DK,present,introduced,,,,
148742315,5290282,DK,present,introduced,,,,
148742317,5290323,DK,present,introduced,,,,
148742318,5290318,DK,present,introduced,,,,
148742319,2234044,DK,present,introduced,,,,
148742320,2702529,DK,present,introduced,,,,
148742321,2705400,DK,present,introduced,,,,
148742323,2705449,DK,present,introduced,,,,
148742324,2705339,DK,present,introduced,,,,
148742326,2705431,DK,present,introduced,,,,
148742327,4150768,DK,present,introduced,,,,
148742329,2704661,DK,present,introduced,,,,
148742331,4139037,DK,present,introduced,,,,
148742332,2233761,DK,present,introduced,,,,
148742333,8188462,DK,present,introduced,,,,
148742334,2705325,DK,present,introduced,,,,
148742335,2704854,DK,present,introduced,,,,
148742337,6109637,DK,present,introduced,,,,
148742340,4932234,DK,present,introduced,,,,
148742341,2704394,DK,present,introduced,,,,
148742342,5289998,DK,present,introduced,,,,
148742344,5289972,DK,present,introduced,,,,
148742349,5166344,DK,present,introduced,,,,
148742350,5290003,DK,present,introduced,,,,
148742351,2706301,DK,present,introduced,,,,
148742352,4142326,DK,present,introduced,,,,
148742353,5289783,DK,present,introduced,,,,
148742354,5166339,DK,present,introduced,,,,
148742355,4138080,DK,present,introduced,,,,
148742359,2115741,DK,present,introduced,,,,
148742360,4118280,DK,present,introduced,,,,
148742361,2115717,DK,present,introduced,invasive,,,
148742362,2706444,DK,present,introduced,,,,
148742364,2705196,DK,present,introduced,,,,
148742367,5289793,DK,present,introduced,,,,
148742368,2234729,DK,present,introduced,invasive,,,
148742369,5290073,DK,present,introduced,,,,
148742371,2705972,DK,present,introduced,,,,
148742373,5290059,DK,present,introduced,,,,
148742374,2705295,DK,present,introduced,,,,
148742376,2705300,DK,present,introduced,,,,
148742377,2235237,DK,present,introduced,,,,
148742378,2705290,DK,present,introduced,,,,
148742383,2705292,DK,present,introduced,,,,
148742384,2188249,DK,present,introduced,invasive,,,
148742385,2705297,DK,present,introduced,,,,
148742387,2186348,DK,present,introduced,,,,
148742388,8429888,DK,present,introduced,,,,
148742390,2188210,DK,present,introduced,,,,
148742391,7226804,DK,present,introduced,,,,
148742393,7432992,DK,present,introduced,,,,
148742395,2130185,DK,present,introduced,,,,
148742397,2705286,DK,present,introduced,,,,
148742399,2702792,DK,present,introduced,,,,
148742400,2702793,DK,present,introduced,,,,
148742401,2705857,DK,present,introduced,,,,
148742403,5290143,DK,present,introduced,,,,
148742404,4111775,DK,present,introduced,,,,
148742405,2703721,DK,present,introduced,,,,
148742407,2703733,DK,present,introduced,,,,
148742408,2703700,DK,present,introduced,,,,
148742409,2703698,DK,present,introduced,,,,
148742412,2703682,DK,present,introduced,,,,
148742413,4111181,DK,present,introduced,,,,
148742414,2181915,DK,present,introduced,,,,
148742415,2703705,DK,present,introduced,,,,
148742416,8113508,DK,present,introduced,,,,
148742417,8918909,DK,present,introduced,,,,
148742419,2703704,DK,present,introduced,,,,
148742421,4553512,DK,present,introduced,invasive,,,
148742422,4553496,DK,present,introduced,invasive,,,
148742423,2703778,DK,present,introduced,,,,
148742424,4553384,DK,present,introduced,,,,
148742425,2705228,DK,present,introduced,,,,
148742426,5289739,DK,present,introduced,,,,
148742427,5289624,DK,present,introduced,,,,
148742428,4553430,DK,present,introduced,invasive,,,
148742436,5421116,DK,present,introduced,,,,
148742440,3034046,DK,present,introduced,,,,
148742446,5168969,DK,present,introduced,,,,
148742447,5372392,DK,present,introduced,,,,
148742448,3039194,DK,present,introduced,,,,
148742452,2891664,DK,present,introduced,,,,
148742453,2891677,DK,present,introduced,,,,
148742455,9823072,DK,present,introduced,,,,
148742456,7560711,DK,present,introduced,,,,
148742458,2891755,DK,present,introduced,,,,
148742459,2149937,DK,present,introduced,,,,
148742460,2891661,DK,present,introduced,,,,
148742466,2891031,DK,present,introduced,,,,
148742467,10947163,DK,present,introduced,,,,
148742468,2891583,DK,present,introduced,,,,
148742470,2891390,DK,present,introduced,,,,
148742471,2157402,DK,present,introduced,,,,
148742472,2890541,DK,present,introduced,,,,
148742473,2157949,DK,present,introduced,,,,
148742474,2891552,DK,present,introduced,,,,
148742475,2891079,DK,present,introduced,,,,
148742477,2890502,DK,present,introduced,,,,
148742478,3829143,DK,present,introduced,,,,
148742479,2161710,DK,present,introduced,,,,
148742483,5170994,DK,present,introduced,,,,
148742484,3828217,DK,present,introduced,,,,
148742487,2183597,DK,present,introduced,,,,
148742489,2891628,DK,present,introduced,,,,
148742492,2183465,DK,present,introduced,,,,
148742493,2986045,DK,present,introduced,,,,
148742495,2985965,DK,present,introduced,,,,
148742496,2184876,DK,present,introduced,,,,
148742502,8365953,DK,present,introduced,,,,
148742505,3082263,DK,present,introduced,,,,
148742508,8176318,DK,present,introduced,,,,
148742510,7628663,DK,present,introduced,,,,
148742516,2219218,DK,present,introduced,,,,
148742521,5178057,DK,present,introduced,invasive,,,
148742524,2227663,DK,present,introduced,invasive,,,
148742530,2226046,DK,present,introduced,,,,
148742533,8288953,DK,present,introduced,,,,
148742535,5372614,DK,present,introduced,,,,
148742536,2225816,DK,present,introduced,,,,
148742537,5372604,DK,present,introduced,,,,
148742538,8257857,DK,present,introduced,,,,
148742540,5372945,DK,present,introduced,,,,
148742541,5178607,DK,present,introduced,,,,
148742542,8263713,DK,present,introduced,,,,
148742543,10469109,DK,present,introduced,,,,
148742545,10268297,DK,present,introduced,,,,
148742546,2227571,DK,present,introduced,,,,
148742548,3040184,DK,present,introduced,,,,
148742549,3040184,DK,present,introduced,,,,
148742550,3040184,DK,present,introduced,,,,
148742551,4382841,DK,present,introduced,invasive,,,
148742552,3040184,DK,present,introduced,,,,
148742554,8190077,DK,present,introduced,,,,
148742556,2225772,DK,present,introduced,invasive,,,
148742558,2225776,DK,present,introduced,invasive,,,
148742561,2221836,DK,present,introduced,,,,
148742563,3040185,DK,present,introduced,,,,
148742564,9877678,DK,present,introduced,,,,
148742566,2225646,DK,present,introduced,invasive,,,
148742567,3803716,DK,present,introduced,,,,
148742569,7358677,DK,present,introduced,,,,
148742571,3040231,DK,present,introduced,,,,
148742573,2874190,DK,present,introduced,,,,
148742574,2874183,DK,present,introduced,,,,
148742577,2873877,DK,present,introduced,,,,
148742578,2873861,DK,present,introduced,,,,
148742579,2226990,DK,present,introduced,invasive,,,
148742580,2873926,DK,present,introduced,,,,
148742584,7329869,DK,present,introduced,,,,
148742586,2208095,DK,present,introduced,,,,
148742595,5380041,DK,present,introduced,,,,
148742596,3067869,DK,present,introduced,,,,
148742597,3069475,DK,present,introduced,,,,
148742598,3066112,DK,present,introduced,,,,
148742599,3067119,DK,present,introduced,,,,
148742600,3069460,DK,present,introduced,,,,
148742602,3064269,DK,present,introduced,,,,
148742603,3068845,DK,present,introduced,,,,
148742606,3067054,DK,present,introduced,,,,
148742608,3066965,DK,present,introduced,,,,
148742611,5420901,DK,present,introduced,,,,
148742612,3188735,DK,present,introduced,,,,
148742614,3988701,DK,present,introduced,,,,
148742615,3188747,DK,present,introduced,,,,
148742618,7322393,DK,present,introduced,,,,
148742619,7322529,DK,present,introduced,,,,
148742620,6427908,DK,present,introduced,,,,
148742621,3188924,DK,present,introduced,,,,
148742622,6427797,DK,present,introduced,,,,
148742623,3188894,DK,present,introduced,,,,
148742625,1013271,DK,present,introduced,,,,
148742627,9188840,DK,present,introduced,,,,
148742628,1013610,DK,present,introduced,,,,
148742631,1013597,DK,present,introduced,,,,
148742632,1013526,DK,present,introduced,,,,
148742635,3189174,DK,present,introduced,,,,
148742636,1014409,DK,present,introduced,,,,
148742637,5420957,DK,present,introduced,,,,
148742638,1014383,DK,present,introduced,,,,
148742639,1014399,DK,present,introduced,,,,
148742640,5420978,DK,present,introduced,,,,
148742642,1014453,DK,present,introduced,,,,
148742645,2882404,DK,present,introduced,,,,
148742649,2888615,DK,present,introduced,,,,
148742654,1015472,DK,present,introduced,,,,
148742657,1017419,DK,present,introduced,,,,
148742661,1014625,DK,present,introduced,,,,
148742664,2888773,DK,present,introduced,,,,
148742666,7298981,DK,present,introduced,,,,
148742667,1014565,DK,present,introduced,,,,
148742671,2110811,DK,present,introduced,invasive,,,
148742672,4095539,DK,present,introduced,,,,
148742675,4095186,DK,present,introduced,,,,
148742676,2114317,DK,present,introduced,,,,
148742678,2888789,DK,present,introduced,,,,
148742679,2114446,DK,present,introduced,invasive,,,
148742680,7298997,DK,present,introduced,,,,
148742683,6369607,DK,present,introduced,,,,
148742685,2888806,DK,present,introduced,,,,
148742686,5334242,DK,present,introduced,,,,
148742688,5598915,DK,present,introduced,,,,
148742689,1421105,DK,present,introduced,,,,
148742690,1421091,DK,present,introduced,,,,
148742691,5334253,DK,present,introduced,,,,
148742695,7504215,DK,present,introduced,,,,
148742696,1419472,DK,present,introduced,,,,
148742697,2888706,DK,present,introduced,,,,
148742698,2888816,DK,present,introduced,,,,
148742699,7443846,DK,present,introduced,,,,
148742700,2888814,DK,present,introduced,invasive,,,
148742702,2888711,DK,present,introduced,,,,
148742703,2888740,DK,present,introduced,,,,
148742704,8355821,DK,present,introduced,,,,
148742706,2888797,DK,present,introduced,,,,
148742707,1995651,DK,present,introduced,,,,
148742712,1995454,DK,present,introduced,,,,
148742714,1995432,DK,present,introduced,,,,
148742717,5150245,DK,present,introduced,,,,
148742719,5150248,DK,present,introduced,,,,
148742723,2000204,DK,present,introduced,,,,
148742724,2932944,DK,present,introduced,,,,
148742725,2928755,DK,present,introduced,,,,
148742726,7894250,DK,present,introduced,,,,
148742727,2000152,DK,present,introduced,,,,
148742728,2928751,DK,present,introduced,,,,
148742730,5151589,DK,present,introduced,,,,
148742731,2928835,DK,present,introduced,,,,
148742732,2928809,DK,present,introduced,,,,
148742734,5341754,DK,present,introduced,,,,
148742735,2928761,DK,present,introduced,,,,
148742736,2928775,DK,present,introduced,,,,
148742737,2928765,DK,present,introduced,,,,
148742738,2928774,DK,present,introduced,,,,
148742739,1997400,DK,present,introduced,,,,
148742740,5341797,DK,present,introduced,,,,
148742741,1996296,DK,present,introduced,,,,
148742742,5341792,DK,present,introduced,,,,
148742743,5341813,DK,present,introduced,,,,
148742744,8969026,DK,present,introduced,,,,
148742745,5341784,DK,present,introduced,,,,
148742746,2928861,DK,present,introduced,,,,
148742747,1997215,DK,present,introduced,,,,
148742748,2928863,DK,present,introduced,,,,
148742750,5341850,DK,present,introduced,,,,
148742752,2928843,DK,present,introduced,,,,
148742753,1450317,DK,present,introduced,,,,
148742755,2930262,DK,present,introduced,,,,
148742757,2931237,DK,present,introduced,,,,
148742758,3802956,DK,present,introduced,,,,
148742759,1477054,DK,present,introduced,,,,
148742760,6290046,DK,present,introduced,,,,
148742761,2930439,DK,present,introduced,,,,
148742762,2930137,DK,present,introduced,,,,
148742763,2930617,DK,present,introduced,,,,
148742764,1464719,DK,present,introduced,,,,
148742765,2932146,DK,present,introduced,,,,
148742766,2931104,DK,present,introduced,,,,
148742768,2932184,DK,present,introduced,,,,
148742770,2930222,DK,present,introduced,,,,
148742773,2929362,DK,present,introduced,,,,
148742774,1552980,DK,present,introduced,,,,
148742775,2932011,DK,present,introduced,,,,
148742776,1553384,DK,present,introduced,,,,
148742777,2929710,DK,present,introduced,,,,
148742778,8280931,DK,present,introduced,,,,
148742780,2929892,DK,present,introduced,,,,
148742798,1524843,DK,present,introduced,,,,
148742799,7324159,DK,present,introduced,,,,
148742800,2928576,DK,present,introduced,,,,
148742801,2928584,DK,present,introduced,,,,
148742802,2928538,DK,present,introduced,,,,
148742803,1544340,DK,present,introduced,,,,
148742805,2928531,DK,present,introduced,,,,
148742806,1599061,DK,present,introduced,,,,
148742807,7324560,DK,present,introduced,,,,
148742808,1599075,DK,present,introduced,,,,
148742809,3678857,DK,present,introduced,,,,
148742810,5081331,DK,present,introduced,,,,
148742811,7162908,DK,present,introduced,,,,
148742812,1595831,DK,present,introduced,,,,
148742813,2927530,DK,present,introduced,,,,
148742814,2927522,DK,present,introduced,,,,
148742815,7620080,DK,present,introduced,,,,
148742816,1595212,DK,present,introduced,,,,
148742817,3678256,DK,present,introduced,,,,
148742819,3678616,DK,present,introduced,,,,
148742820,1574962,DK,present,introduced,,,,
148742821,3678623,DK,present,introduced,,,,
148742823,1574948,DK,present,introduced,,,,
148742824,3678949,DK,present,introduced,,,,
148742827,1575603,DK,present,introduced,,,,
148742832,2874538,DK,present,introduced,,,,
148742834,2874672,DK,present,introduced,,,,
148742836,2874680,DK,present,introduced,,,,
148742837,1419902,DK,present,introduced,,,,
148742838,5331404,DK,present,introduced,,,,
148742840,2874570,DK,present,introduced,,,,
148742842,2874569,DK,present,introduced,,,,
148742843,1373352,DK,present,introduced,,,,
148742844,8364410,DK,present,introduced,,,,
148742845,7655426,DK,present,introduced,,,,
148742846,2874508,DK,present,introduced,,,,
148742847,2874621,DK,present,introduced,,,,
148742848,2874497,DK,present,introduced,,,,
148742852,1396059,DK,present,introduced,,,,
148742853,7326938,DK,present,introduced,,,,
148742855,1395226,DK,present,introduced,,,,
148742856,2882443,DK,present,introduced,invasive,,,
148742858,1395979,DK,present,introduced,,,,
148742860,2984676,DK,present,introduced,,,,
148742861,1395978,DK,present,introduced,,,,
148742863,1370962,DK,present,introduced,,,,
148742864,2984671,DK,present,introduced,,,,
148742867,1371011,DK,present,introduced,,,,
148742869,2986111,DK,present,introduced,,,,
148742870,1370930,DK,present,introduced,,,,
148742871,2986130,DK,present,introduced,,,,
148742875,5039354,DK,present,introduced,,,,
148742877,3083486,DK,present,introduced,,,,
148742878,1335648,DK,present,introduced,,,,
148742882,5044859,DK,present,introduced,,,,
148742886,1322674,DK,present,introduced,,,,
148742892,1317388,DK,present,introduced,,,,
148742893,7334368,DK,present,introduced,,,,
148742894,1314773,DK,present,introduced,,,,
148742895,1326634,DK,present,introduced,,,,
148742896,2985949,DK,present,introduced,,,,
148742897,11270674,DK,present,introduced,,,,
148742898,7172720,DK,present,introduced,,,,
148742899,1313740,DK,present,introduced,,,,
148742900,5687974,DK,present,introduced,,,,
148742902,5690470,DK,present,introduced,,,,
148742903,7631122,DK,present,introduced,invasive,,,
148742904,5690814,DK,present,introduced,,,,
148742905,5362013,DK,present,introduced,,,,
148742906,5361982,DK,present,introduced,,,,
148742907,8391660,DK,present,introduced,,,,
148742908,8035075,DK,present,introduced,invasive,,,
148742912,3032698,DK,present,introduced,,,,
148742913,7339492,DK,present,introduced,,,,
148742914,3753098,DK,present,introduced,,,,
148742916,1365418,DK,present,introduced,,,,
148742917,8028512,DK,present,introduced,,,,
148742918,1364062,DK,present,introduced,,,,
148742919,8223023,DK,present,introduced,,,,
148742920,3032812,DK,present,introduced,,,,
148742922,3032758,DK,present,introduced,,,,
148742925,5567694,DK,present,introduced,,,,
148742926,3754647,DK,present,introduced,,,,
148742927,1420243,DK,present,introduced,,,,
148742930,11047092,DK,present,introduced,,,,
148742932,3170097,DK,present,introduced,,,,
148742942,2892272,DK,present,introduced,,,,
148742943,2913214,DK,present,introduced,,,,
148742944,2914110,DK,present,introduced,,,,
148742947,1420961,DK,present,introduced,,,,
148742948,2913452,DK,present,introduced,,,,
148742949,1420612,DK,present,introduced,,,,
148742950,7221521,DK,present,introduced,,,,
148742951,1420857,DK,present,introduced,,,,
148742952,1420795,DK,present,introduced,,,,
148742953,8351995,DK,present,introduced,,,,
148742954,2914404,DK,present,introduced,,,,
148742955,2914515,DK,present,introduced,,,,
148742956,11105555,DK,present,introduced,,,,
148742957,2913169,DK,present,introduced,,,,
148742959,2914590,DK,present,introduced,,,,
148742960,5338920,DK,present,introduced,,,,
148742962,2916662,DK,present,introduced,,,,
148742964,2916822,DK,present,introduced,,,,
148742965,2917001,DK,present,introduced,,,,
148742967,2916975,DK,present,introduced,,,,
148742969,3169707,DK,present,introduced,,,,
148742971,3169708,DK,present,introduced,,,,
148742972,1713418,DK,present,introduced,,,,
148742973,5414551,DK,present,introduced,,,,
148742974,3170247,DK,present,introduced,,,,
148742975,1702101,DK,present,introduced,,,,
148742977,3169816,DK,present,introduced,,,,
148742978,1716462,DK,present,introduced,,,,
148742981,3086412,DK,present,introduced,,,,
148742982,1718308,DK,present,introduced,,,,
148742985,7313595,DK,present,introduced,,,,
148742987,2873991,DK,present,introduced,,,,
148742988,1862526,DK,present,introduced,,,,
148742989,2873994,DK,present,introduced,,,,
148742993,1830822,DK,present,introduced,,,,
148742995,1830823,DK,present,introduced,,,,
148742999,5121942,DK,present,introduced,,,,
148743003,1849209,DK,present,introduced,,,,
148743007,1852118,DK,present,introduced,,,,
148743010,5121979,DK,present,introduced,,,,
148743016,5147150,DK,present,introduced,,,,
148743019,1938214,DK,present,introduced,,,,
148743022,2975384,DK,present,introduced,,,,
148743024,1836899,DK,present,introduced,,,,
148743025,2975257,DK,present,introduced,,,,
148743026,2974753,DK,present,introduced,,,,
148743028,2974832,DK,present,introduced,,,,
148743029,2974901,DK,present,introduced,,,,
148743030,1777517,DK,present,introduced,,,,
148743031,2974981,DK,present,introduced,,,,
148743033,1857626,DK,present,introduced,,,,
148743034,2974887,DK,present,introduced,,,,
148743035,1858063,DK,present,introduced,,,,
148743036,2975309,DK,present,introduced,,,,
148743037,2975416,DK,present,introduced,,,,
148743038,7426824,DK,present,introduced,,,,
148743039,2974811,DK,present,introduced,,,,
148743040,1857068,DK,present,introduced,,,,
148743041,7068379,DK,present,introduced,,,,
148743042,1857143,DK,present,introduced,,,,
148743043,2975262,DK,present,introduced,,,,
148743044,7225471,DK,present,introduced,,,,
148743045,10055273,DK,present,introduced,,,,
148743046,2974921,DK,present,introduced,,,,
148743047,1856595,DK,present,introduced,,,,
148743050,5122779,DK,present,introduced,,,,
148743052,1857559,DK,present,introduced,,,,
148743056,1856893,DK,present,introduced,,,,
148743060,5360221,DK,present,introduced,,,,
148743062,7224427,DK,present,introduced,,,,
148743063,5359378,DK,present,introduced,,,,
148743064,6109535,DK,present,introduced,,,,
148743066,5359402,DK,present,introduced,,,,
148743067,5358774,DK,present,introduced,,,,
148743068,5359209,DK,present,introduced,,,,
148743069,5358913,DK,present,introduced,,,,
148743070,1887054,DK,present,introduced,,,,
148743071,5359025,DK,present,introduced,,,,
148743072,5359395,DK,present,introduced,,,,
148743073,5359414,DK,present,introduced,,,,
148743074,5358907,DK,present,introduced,,,,
148743075,1884103,DK,present,introduced,,,,
148743076,5359345,DK,present,introduced,,,,
148743077,5358694,DK,present,introduced,,,,
148743078,1884132,DK,present,introduced,,,,
148743079,5358769,DK,present,introduced,,,,
148743080,5358912,DK,present,introduced,,,,
148743081,5360498,DK,present,introduced,,,,
148743082,4302357,DK,present,introduced,,,,
148743083,5360384,DK,present,introduced,,,,
148743084,5359510,DK,present,introduced,,,,
148743085,5360432,DK,present,introduced,,,,
148743086,5360475,DK,present,introduced,,,,
148743087,8223165,DK,present,introduced,,,,
148743088,5360415,DK,present,introduced,,,,
148743089,1886729,DK,present,introduced,,,,
148743090,5359260,DK,present,introduced,,,,
148743091,5359067,DK,present,introduced,,,,
148743092,5359411,DK,present,introduced,,,,
148743093,5359472,DK,present,introduced,,,,
148743095,5359330,DK,present,introduced,,,,
148743096,10907063,DK,present,introduced,,,,
148743097,5359175,DK,present,introduced,,,,
148743098,4532122,DK,present,introduced,,,,
148743099,5358798,DK,present,introduced,,,,
148743100,5358806,DK,present,introduced,,,,
148743101,5352251,DK,present,introduced,invasive,,,
148743102,2970648,DK,present,introduced,,,,
148743103,5350000,DK,present,introduced,,,,
148743104,1882905,DK,present,introduced,,,,
148743105,5358302,DK,present,introduced,,,,
148743106,5347845,DK,present,introduced,,,,
148743107,1879452,DK,present,introduced,,,,
148743108,7224462,DK,present,introduced,,,,
148743109,5771877,DK,present,introduced,,,,
148743110,5350452,DK,present,introduced,,,,
148743112,2977222,DK,present,introduced,,,,
148743113,1919348,DK,present,introduced,,,,
148743114,2977292,DK,present,introduced,,,,
148743115,2972595,DK,present,introduced,,,,
148743116,5358265,DK,present,introduced,,,,
148743118,5358266,DK,present,introduced,,,,
148743119,5356931,DK,present,introduced,,,,
148743120,1924713,DK,present,introduced,,,,
148743121,2963817,DK,present,introduced,,,,
148743122,1936357,DK,present,introduced,,,,
148743123,2964596,DK,present,introduced,,,,
148743125,2964025,DK,present,introduced,,,,
148743126,1750166,DK,present,introduced,,,,
148743127,2964355,DK,present,introduced,invasive,,,
148743128,7753114,DK,present,introduced,,,,
148743129,1749936,DK,present,introduced,,,,
148743130,1749886,DK,present,introduced,,,,
148743131,5356892,DK,present,introduced,,,,
148743132,1749449,DK,present,introduced,,,,
148743133,2971068,DK,present,introduced,,,,
148743134,2971016,DK,present,introduced,,,,
148743135,5104903,DK,present,introduced,,,,
148743136,2971107,DK,present,introduced,,,,
148743137,2971041,DK,present,introduced,,,,
148743139,2971112,DK,present,introduced,,,,
148743140,1852787,DK,present,introduced,,,,
148743141,2965527,DK,present,introduced,,,,
148743142,2965531,DK,present,introduced,,,,
148743143,2965450,DK,present,introduced,,,,
148743144,2965299,DK,present,introduced,,,,
148743146,1868664,DK,present,introduced,,,,
148743147,2965485,DK,present,introduced,,,,
148743149,5352372,DK,present,introduced,,,,
148743150,1873079,DK,present,introduced,,,,
148743151,1873798,DK,present,introduced,,,,
148743152,5353770,DK,present,introduced,,,,
148743153,1873253,DK,present,introduced,,,,
148743154,5343253,DK,present,introduced,,,,
148743155,5342681,DK,present,introduced,,,,
148743156,1877032,DK,present,introduced,,,,
148743157,2943190,DK,present,introduced,,,,
148743158,2947311,DK,present,introduced,,,,
148743159,10983290,DK,present,introduced,,,,
148743160,1878470,DK,present,introduced,,,,
148743161,2942877,DK,present,introduced,,,,
148743162,1878490,DK,present,introduced,,,,
148743163,2948921,DK,present,introduced,,,,
148743164,1876941,DK,present,introduced,,,,
148743165,7844167,DK,present,introduced,,,,
148743166,1873051,DK,present,introduced,,,,
148743167,1875804,DK,present,introduced,,,,
148743168,1873890,DK,present,introduced,,,,
148743169,5348644,DK,present,introduced,,,,
148743170,1869858,DK,present,introduced,,,,
148743172,4929178,DK,present,introduced,,,,
148743173,10753464,DK,present,introduced,,,,
148743174,5354623,DK,present,introduced,,,,
148743175,1779399,DK,present,introduced,,,,
148743176,5359660,DK,present,introduced,,,,
148743178,7873130,DK,present,introduced,,,,
148743179,2975667,DK,present,introduced,,,,
148743180,2975663,DK,present,introduced,,,,
148743181,5117791,DK,present,introduced,,,,
148743182,5353705,DK,present,introduced,,,,
148743183,5353750,DK,present,introduced,,,,
148743184,1803261,DK,present,introduced,,,,
148743185,2960919,DK,present,introduced,,,,
148743186,5350010,DK,present,introduced,,,,
148743187,5356441,DK,present,introduced,,,,
148743188,5356542,DK,present,introduced,,,,
148743189,5356488,DK,present,introduced,,,,
148743191,5356514,DK,present,introduced,,,,
148743192,5356380,DK,present,introduced,,,,
148743193,1867928,DK,present,introduced,,,,
148743194,1866573,DK,present,introduced,,,,
148743195,5356578,DK,present,introduced,,,,
148743196,5356481,DK,present,introduced,,,,
148743197,5356407,DK,present,introduced,,,,
148743198,1866570,DK,present,introduced,,,,
148743202,5356649,DK,present,introduced,,,,
148743203,5356392,DK,present,introduced,,,,
148743204,7301210,DK,present,introduced,,,,
148743206,5356382,DK,present,introduced,,,,
148743207,5356614,DK,present,introduced,,,,
148743208,5356343,DK,present,introduced,,,,
148743209,5130369,DK,present,introduced,,,,
148743210,5356345,DK,present,introduced,,,,
148743211,5356351,DK,present,introduced,,,,
148743212,2965419,DK,present,introduced,,,,
148743213,2965438,DK,present,introduced,,,,
148743214,7068169,DK,present,introduced,,,,
148743215,8035998,DK,present,introduced,,,,
148743216,2965461,DK,present,introduced,,,,
148743217,5136713,DK,present,introduced,,,,
148743218,7373959,DK,present,introduced,,,,
148743219,5133088,DK,present,introduced,,,,
148743220,2965459,DK,present,introduced,,,,
148743221,2965405,DK,present,introduced,,,,
148743223,5806167,DK,present,introduced,,,,
148743225,5128005,DK,present,introduced,,,,
148743227,2925786,DK,present,introduced,,,,
148743228,1740623,DK,present,introduced,,,,
148743229,2925767,DK,present,introduced,,,,
148743231,2928053,DK,present,introduced,,,,
148743232,1736574,DK,present,introduced,,,,
148743233,2928238,DK,present,introduced,,,,
148743234,1744658,DK,present,introduced,,,,
148743235,2928226,DK,present,introduced,,,,
148743236,1736962,DK,present,introduced,,,,
148743237,2928026,DK,present,introduced,,,,
148743238,2928303,DK,present,introduced,,,,
148743239,4530608,DK,present,introduced,,,,
148743240,8094357,DK,present,introduced,,,,
148743242,1738273,DK,present,introduced,,,,
148743245,1740469,DK,present,introduced,,,,
148743248,5109850,DK,present,introduced,,,,
148743249,5109881,DK,present,introduced,,,,
148743250,5109931,DK,present,introduced,,,,
148743251,8108800,DK,present,introduced,,,,
148743255,5108671,DK,present,introduced,,,,
148743256,1775796,DK,present,introduced,,,,
148743258,1796266,DK,present,introduced,,,,
148743261,1752109,DK,present,introduced,,,,
148743264,10103008,DK,present,introduced,,,,
148743266,7989836,DK,present,introduced,,,,
148743268,7501381,DK,present,introduced,,,,
148743269,4067539,DK,present,introduced,,,,
148743270,4067112,DK,present,introduced,,,,
148743272,8210199,DK,present,introduced,,,,
148743273,4453676,DK,present,introduced,,,,
148743274,2926068,DK,present,introduced,,,,
148743276,4066938,DK,present,introduced,,,,
148743277,1047039,DK,present,introduced,,,,
148743278,2926066,DK,present,introduced,,,,
148743279,5341203,DK,present,introduced,,,,
148743281,5660450,DK,present,introduced,,,,
148743282,2926048,DK,present,introduced,,,,
148743284,7294644,DK,present,introduced,,,,
148743285,4060258,DK,present,introduced,,,,
148743287,2926042,DK,present,introduced,,,,
148743288,7814874,DK,present,introduced,,,,
148743289,2926130,DK,present,introduced,,,,
148743291,11271493,DK,present,introduced,,,,
148743293,2925895,DK,present,introduced,,,,
148743295,2925889,DK,present,introduced,,,,
148743296,2925816,DK,present,introduced,,,,
148743297,7655204,DK,present,introduced,,,,
148743299,1085188,DK,present,introduced,,,,
148743300,7294722,DK,present,introduced,,,,
148743302,2926045,DK,present,introduced,,,,
148743303,2926110,DK,present,introduced,,,,
148743304,5662089,DK,present,introduced,,,,
148743305,4458304,DK,present,introduced,,,,
148743306,7295330,DK,present,introduced,,,,
148743308,4291553,DK,present,introduced,,,,
148743309,5341198,DK,present,introduced,,,,
148743310,4060237,DK,present,introduced,,,,
148743312,2925877,DK,present,introduced,,,,
148743313,2925879,DK,present,introduced,,,,
148743314,1170174,DK,present,introduced,,,,
148743315,2925887,DK,present,introduced,,,,
148743316,2925874,DK,present,introduced,,,,
148743318,6395134,DK,present,introduced,,,,
148743323,5372246,DK,present,introduced,,,,
148743325,8168344,DK,present,introduced,,,,
148743326,7585356,DK,present,introduced,,,,
148743327,3036940,DK,present,introduced,,,,
148743329,3037060,DK,present,introduced,,,,
148743330,1057362,DK,present,introduced,,,,
148743338,1161902,DK,present,introduced,,,,
148743342,1161901,DK,present,introduced,,,,
148743348,4995700,DK,present,introduced,,,,
148743349,3034778,DK,present,introduced,,,,
148743353,3034182,DK,present,introduced,,,,
148743354,4433178,DK,present,introduced,,,,
148743355,5371746,DK,present,introduced,,,,
148743356,3034646,DK,present,introduced,,,,
148743357,3034915,DK,present,introduced,,,,
148743358,3634768,DK,present,introduced,,,,
148743359,7412216,DK,present,introduced,,,,
148743360,7631727,DK,present,introduced,,,,
148743362,6132337,DK,present,introduced,,,,
148743363,4449461,DK,present,introduced,,,,
148743364,6027105,DK,present,introduced,,,,
148743366,3034557,DK,present,introduced,,,,
148743367,3034552,DK,present,introduced,,,,
148743368,1043751,DK,present,introduced,,,,
148743369,3034554,DK,present,introduced,,,,
148743371,3034523,DK,present,introduced,,,,
148743372,3642608,DK,present,introduced,,,,
148743373,6990469,DK,present,introduced,,,,
148743374,6027328,DK,present,introduced,,,,
148743375,3034653,DK,present,introduced,,,,
148743376,1162856,DK,present,introduced,,,,
148743377,3641176,DK,present,introduced,,,,
148743379,1095652,DK,present,introduced,,,,
148743380,3034775,DK,present,introduced,,,,
148743381,3034433,DK,present,introduced,,,,
148743382,4998194,DK,present,introduced,,,,
148743383,3034871,DK,present,introduced,,,,
148743386,4989904,DK,present,introduced,invasive,,,
148743387,3631129,DK,present,introduced,,,,
148743388,3034393,DK,present,introduced,,,,
148743389,3034922,DK,present,introduced,,,,
148743391,3636471,DK,present,introduced,,,,
148743392,1042688,DK,present,introduced,,,,
148743393,3628745,DK,present,introduced,invasive,,,
148743394,3034825,DK,present,introduced,invasive,,,
148743396,4928235,DK,present,introduced,,,,
148743397,3642949,DK,present,introduced,invasive,,,
148743399,1037890,DK,present,introduced,,,,
148743400,6026490,DK,present,introduced,,,,
148743402,1095763,DK,present,introduced,,,,
148743403,5371772,DK,present,introduced,,,,
148743404,8262702,DK,present,introduced,invasive,,,
148743405,3034681,DK,present,introduced,,,,
148743406,3632864,DK,present,introduced,,,,
148743407,4998217,DK,present,introduced,,,,
148743408,3639129,DK,present,introduced,,,,
148743409,1095733,DK,present,introduced,,,,
148743410,8193935,DK,present,introduced,,,,
148743411,8080300,DK,present,introduced,,,,
148743412,1095788,DK,present,introduced,,,,
148743413,8250814,DK,present,introduced,,,,
148743414,1095783,DK,present,introduced,,,,
148743415,1095760,DK,present,introduced,,,,
148743416,4426914,DK,present,introduced,,,,
148743417,5538946,DK,present,introduced,,,,
148743418,3640194,DK,present,introduced,,,,
148743419,1095750,DK,present,introduced,,,,
148743420,8364220,DK,present,introduced,,,,
148743421,3633319,DK,present,introduced,,,,
148743424,3034241,DK,present,introduced,,,,
148743426,6975665,DK,present,introduced,,,,
148743427,3034819,DK,present,introduced,,,,
148743428,6027089,DK,present,introduced,,,,
148743429,6963798,DK,present,introduced,,,,
148743435,4451074,DK,present,introduced,,,,
148743438,11100111,DK,present,introduced,,,,
148743439,6989023,DK,present,introduced,,,,
148743440,5421389,DK,present,introduced,,,,
148743443,2882849,DK,present,introduced,,,,
148743444,4453224,DK,present,introduced,,,,
148743445,5333357,DK,present,introduced,,,,
148743446,4453222,DK,present,introduced,,,,
148743448,4453218,DK,present,introduced,,,,
148743449,2891783,DK,present,introduced,,,,
148743450,2891774,DK,present,introduced,invasive,,,
148743451,4989828,DK,present,introduced,,,,
148743452,2891770,DK,present,introduced,invasive,,,
148743453,4989843,DK,present,introduced,,,,
148743454,2891782,DK,present,introduced,invasive,,,
148743456,5371655,DK,present,introduced,,,,
148743457,4989835,DK,present,introduced,,,,
148743459,5749724,DK,present,introduced,,,,
148743460,5333324,DK,present,introduced,,,,
148743461,5749732,DK,present,introduced,,,,
148743464,4057780,DK,present,introduced,,,,
148743465,8151310,DK,present,introduced,,,,
148743467,2927684,DK,present,introduced,,,,
148743468,4428304,DK,present,introduced,,,,
148743469,4428312,DK,present,introduced,,,,
148743471,5341548,DK,present,introduced,,,,
148743472,1034244,DK,present,introduced,,,,
148743473,1034447,DK,present,introduced,,,,
148743475,5341540,DK,present,introduced,,,,
148743478,2927552,DK,present,introduced,,,,
148743480,2927556,DK,present,introduced,,,,
148743490,3169391,DK,present,introduced,,,,
148743491,3169340,DK,present,introduced,,,,
148743492,3169331,DK,present,introduced,,,,
148743496,3054368,DK,present,introduced,,,,
148743498,2880539,DK,present,introduced,,,,
148743499,2880580,DK,present,introduced,,,,
148743501,5333294,DK,present,introduced,,,,
148743507,4426163,DK,present,introduced,,,,
148743509,10470364,DK,present,introduced,,,,
148743510,2876049,DK,present,introduced,,,,
148743511,1095708,DK,present,introduced,,,,
148743512,5331709,DK,present,introduced,,,,
148743513,1095721,DK,present,introduced,,,,
148743514,2876482,DK,present,introduced,,,,
148743515,4427614,DK,present,introduced,,,,
148743516,2876607,DK,present,introduced,,,,
148743518,5743466,DK,present,introduced,,,,
148743520,7274324,DK,present,introduced,,,,
148743523,2889934,DK,present,introduced,,,,
148743526,3040254,DK,present,introduced,,,,
148743530,3040255,DK,present,introduced,,,,
148743531,3040253,DK,present,introduced,,,,
148743534,5334527,DK,present,introduced,,,,
148743546,1201568,DK,present,introduced,,,,
148743560,1201292,DK,present,introduced,,,,
148743564,7949408,DK,present,introduced,,,,
148743569,1205228,DK,present,introduced,,,,
148743570,7678610,DK,present,introduced,,,,
148743571,4467405,DK,present,introduced,,,,
148743572,8265597,DK,present,introduced,,,,
148743573,5373365,DK,present,introduced,,,,
148743574,5373368,DK,present,introduced,,,,
148743575,3053406,DK,present,introduced,,,,
148743577,3046850,DK,present,introduced,,,,
148743578,3046899,DK,present,introduced,,,,
148743579,3046812,DK,present,introduced,,,,
148743580,1194985,DK,present,introduced,,,,
148743581,3046875,DK,present,introduced,,,,
148743582,3046851,DK,present,introduced,,,,
148743583,3046913,DK,present,introduced,,,,
148743584,3046736,DK,present,introduced,,,,
148743585,1195013,DK,present,introduced,,,,
148743586,4292171,DK,present,introduced,,,,
148743587,3046744,DK,present,introduced,,,,
148743588,7225693,DK,present,introduced,,,,
148743589,5018172,DK,present,introduced,,,,
148743590,3047633,DK,present,introduced,,,,
148743591,3047621,DK,present,introduced,,,,
148743592,3042183,DK,present,introduced,,,,
148743593,4990243,DK,present,introduced,,,,
148743594,3047147,DK,present,introduced,,,,
148743596,7451795,DK,present,introduced,,,,
148743597,3047811,DK,present,introduced,,,,
148743598,5373124,DK,present,introduced,,,,
148743599,5757175,DK,present,introduced,,,,
148743600,9716265,DK,present,introduced,,,,
148743601,5373324,DK,present,introduced,,,,
148743602,5373358,DK,present,introduced,,,,
148743603,5377395,DK,present,introduced,,,,
148743604,7571549,DK,present,introduced,,,,
148743605,5377163,DK,present,introduced,,,,
148743606,5551241,DK,present,introduced,,,,
148743607,5377303,DK,present,introduced,,,,
148743608,5376648,DK,present,introduced,,,,
148743609,5376913,DK,present,introduced,,,,
148743610,6097854,DK,present,introduced,,,,
148743611,5376565,DK,present,introduced,,,,
148743612,5376816,DK,present,introduced,,,,
148743613,5376846,DK,present,introduced,,,,
148743614,5376994,DK,present,introduced,,,,
148743615,5377064,DK,present,introduced,,,,
148743616,6097882,DK,present,introduced,,,,
148743619,5376925,DK,present,introduced,,,,
148743621,3042291,DK,present,introduced,,,,
148743622,3042221,DK,present,introduced,,,,
148743624,6097938,DK,present,introduced,,,,
148743625,5375925,DK,present,introduced,,,,
148743627,3045111,DK,present,introduced,,,,
148743628,3044743,DK,present,introduced,,,,
148743630,3044912,DK,present,introduced,,,,
148743633,3041022,DK,present,introduced,,,,
148743634,5374922,DK,present,introduced,,,,
148743636,5375020,DK,present,introduced,,,,
148743638,5374982,DK,present,introduced,,,,
148743639,5374672,DK,present,introduced,,,,
148743641,5377774,DK,present,introduced,,,,
148743642,4439567,DK,present,introduced,,,,
148743643,6097410,DK,present,introduced,,,,
148743644,4436873,DK,present,introduced,,,,
148743646,4436921,DK,present,introduced,,,,
148743647,5377778,DK,present,introduced,,,,
148743648,1040045,DK,present,introduced,,,,
148743649,7225636,DK,present,introduced,,,,
148743650,4440540,DK,present,introduced,,,,
148743651,3042624,DK,present,introduced,,,,
148743652,4439559,DK,present,introduced,,,,
148743653,7225635,DK,present,introduced,,,,
148743654,3042637,DK,present,introduced,,,,
148743655,3042845,DK,present,introduced,,,,
148743657,3042716,DK,present,introduced,,,,
148743658,4441504,DK,present,introduced,,,,
148743659,3042889,DK,present,introduced,,,,
148743660,3042751,DK,present,introduced,,,,
148743661,3042636,DK,present,introduced,,,,
148743662,9862914,DK,present,introduced,,,,
148743664,3048782,DK,present,introduced,,,,
148743665,3050357,DK,present,introduced,,,,
148743666,3050364,DK,present,introduced,,,,
148743667,3042400,DK,present,introduced,,,,
148743668,1095808,DK,present,introduced,,,,
148743669,7964592,DK,present,introduced,,,,
148743670,1095984,DK,present,introduced,,,,
148743671,1095984,DK,present,introduced,,,,
148743672,9073641,DK,present,introduced,,,,
148743673,1095979,DK,present,introduced,,,,
148743674,1095973,DK,present,introduced,,,,
148743675,3042399,DK,present,introduced,,,,
148743676,1095976,DK,present,introduced,,,,
148743677,7225550,DK,present,introduced,,,,
148743678,5375285,DK,present,introduced,,,,
148743679,1095946,DK,present,introduced,,,,
148743680,3044349,DK,present,introduced,,,,
148743681,3040633,DK,present,introduced,,,,
148743682,5373475,DK,present,introduced,,,,
148743683,1095858,DK,present,introduced,,,,
148743684,3040913,DK,present,introduced,,,,
148743685,5373502,DK,present,introduced,,,,
148743686,1095848,DK,present,introduced,,,,
148743687,5376309,DK,present,introduced,,,,
148743688,5376426,DK,present,introduced,,,,
148743689,3044133,DK,present,introduced,,,,
148743691,3046464,DK,present,introduced,,,,
148743692,1095854,DK,present,introduced,,,,
148743693,3049314,DK,present,introduced,,,,
148743694,1095855,DK,present,introduced,,,,
148743695,5375555,DK,present,introduced,,,,
148743696,4427466,DK,present,introduced,,,,
148743697,5377678,DK,present,introduced,,,,
148743698,4427449,DK,present,introduced,,,,
148743699,5375547,DK,present,introduced,,,,
148743700,3048522,DK,present,introduced,,,,
148743701,4427480,DK,present,introduced,,,,
148743702,3048166,DK,present,introduced,,,,
148743703,1095953,DK,present,introduced,,,,
148743704,3048203,DK,present,introduced,,,,
148743706,1095905,DK,present,introduced,,,,
148743708,5415463,DK,present,introduced,,,,
148743709,1095903,DK,present,introduced,,,,
148743710,1095906,DK,present,introduced,,,,
148743711,1095895,DK,present,introduced,,,,
148743714,3172621,DK,present,introduced,,,,
148743716,4454252,DK,present,introduced,,,,
148743717,7855120,DK,present,introduced,,,,
148743718,4990338,DK,present,introduced,,,,
148743719,3733128,DK,present,introduced,,,,
148743720,3732504,DK,present,introduced,,,,
148743721,5878296,DK,present,introduced,,,,
148743722,3173271,DK,present,introduced,,,,
148743723,7987689,DK,present,introduced,,,,
148743724,3173260,DK,present,introduced,,,,
148743725,1045843,DK,present,introduced,,,,
148743726,7332516,DK,present,introduced,,,,
148743727,1045842,DK,present,introduced,,,,
148743729,1045839,DK,present,introduced,,,,
148743730,1045837,DK,present,introduced,,,,
148743731,10418040,DK,present,introduced,,,,
148743732,7333256,DK,present,introduced,,,,
148743733,1045833,DK,present,introduced,,,,
148743735,5415100,DK,present,introduced,,,,
148743736,3172647,DK,present,introduced,,,,
148743737,4454570,DK,present,introduced,,,,
148743738,4454582,DK,present,introduced,,,,
148743740,1045874,DK,present,introduced,,,,
148743741,7636833,DK,present,introduced,,,,
148743742,1045875,DK,present,introduced,,,,
148743743,5415039,DK,present,introduced,,,,
148743744,3172291,DK,present,introduced,,,,
148743746,4453163,DK,present,introduced,,,,
148743747,5415056,DK,present,introduced,,,,
148743748,5415054,DK,present,introduced,,,,
148743749,3172347,DK,present,introduced,,,,
148743750,4452517,DK,present,introduced,,,,
148743752,1044114,DK,present,introduced,,,,
148743753,2925530,DK,present,introduced,,,,
148743754,1044110,DK,present,introduced,,,,
148743755,4453187,DK,present,introduced,,,,
148743756,2925492,DK,present,introduced,,,,
148743757,1044109,DK,present,introduced,,,,
148743758,2925531,DK,present,introduced,,,,
148743759,1044106,DK,present,introduced,,,,
148743760,2925496,DK,present,introduced,,,,
148743761,2925529,DK,present,introduced,,,,
148743762,2925612,DK,present,introduced,,,,
148743763,4453195,DK,present,introduced,,,,
148743764,2925514,DK,present,introduced,,,,
148743765,8254044,DK,present,introduced,,,,
148743766,5667470,DK,present,introduced,,,,
148743767,5667512,DK,present,introduced,,,,
148743770,5341154,DK,present,introduced,,,,
148743773,5744552,DK,present,introduced,,,,
148743774,3172613,DK,present,introduced,,,,
148743776,3172126,DK,present,introduced,,,,
148743779,7878882,DK,present,introduced,,,,
148743783,5744340,DK,present,introduced,,,,
148743785,8401448,DK,present,introduced,,,,
148743787,7484995,DK,present,introduced,,,,
148743790,7620908,DK,present,introduced,,,,
148743792,5744642,DK,present,introduced,,,,
148743794,3172065,DK,present,introduced,,,,
148743795,7331938,DK,present,introduced,,,,
148743796,4432736,DK,present,introduced,,,,
148743797,3172104,DK,present,introduced,,,,
148743798,3172074,DK,present,introduced,,,,
148743799,3172118,DK,present,introduced,,,,
148743801,6439238,DK,present,introduced,,,,
148743802,3172100,DK,present,introduced,,,,
148743803,1043819,DK,present,introduced,,,,
148743804,3172053,DK,present,introduced,,,,
148743805,8206072,DK,present,introduced,,,,
148743806,1043875,DK,present,introduced,,,,
148743807,1043870,DK,present,introduced,,,,
148743808,1043889,DK,present,introduced,,,,
148743809,1043858,DK,present,introduced,,,,
148743810,7226419,DK,present,introduced,,,,
148743812,7727786,DK,present,introduced,,,,
148743813,4435859,DK,present,introduced,,,,
148743814,4155415,DK,present,introduced,,,,
148743815,4308846,DK,present,introduced,,,,
148743816,3189723,DK,present,introduced,,,,
148743817,3189781,DK,present,introduced,,,,
148743818,4435724,DK,present,introduced,,,,
148743819,4156114,DK,present,introduced,,,,
148743822,8022932,DK,present,introduced,,,,
148743824,1047536,DK,present,introduced,,,,
148743825,7303104,DK,present,introduced,,,,
148743826,1048513,DK,present,introduced,,,,
148743827,3189696,DK,present,introduced,,,,
148743828,3189751,DK,present,introduced,,,,
148743829,5415019,DK,present,introduced,,,,
148743830,5752155,DK,present,introduced,,,,
148743831,8151790,DK,present,introduced,,,,
148743832,1047341,DK,present,introduced,,,,
148743833,8233535,DK,present,introduced,,,,
148743834,1047525,DK,present,introduced,,,,
148743835,5415016,DK,present,introduced,,,,
148743838,5415018,DK,present,introduced,,,,
148743839,5415012,DK,present,introduced,,,,
148743840,7886077,DK,present,introduced,,,,
148743842,5560037,DK,present,introduced,,,,
148743844,5415013,DK,present,introduced,,,,
148743845,3738796,DK,present,introduced,,,,
148743847,3171145,DK,present,introduced,,,,
148743848,3171915,DK,present,introduced,,,,
148743849,5559837,DK,present,introduced,,,,
148743852,8200663,DK,present,introduced,,,,
148743853,5414990,DK,present,introduced,,,,
148743855,5414959,DK,present,introduced,,,,
148743857,5414935,DK,present,introduced,,,,
148743858,3172001,DK,present,introduced,,,,
148743861,3171954,DK,present,introduced,,,,
148743862,3171943,DK,present,introduced,,,,
148743863,7589232,DK,present,introduced,,,,
148743864,3171948,DK,present,introduced,,,,
148743865,3171951,DK,present,introduced,,,,
148743866,3171952,DK,present,introduced,,,,
148743868,8949622,DK,present,introduced,,,,
148743869,9769429,DK,present,introduced,,,,
148743870,1122938,DK,present,introduced,,,,
148743871,3171947,DK,present,introduced,,,,
148743872,10566363,DK,present,introduced,,,,
148743873,7569075,DK,present,introduced,,,,
148743874,4458788,DK,present,introduced,,,,
148743876,5001007,DK,present,introduced,,,,
148743878,8345868,DK,present,introduced,,,,
148743879,1107218,DK,present,introduced,,,,
148743880,7810918,DK,present,introduced,,,,
148743881,8265082,DK,present,introduced,,,,
148743882,3170875,DK,present,introduced,,,,
148743883,1155824,DK,present,introduced,,,,
148743884,3170862,DK,present,introduced,,,,
148743885,3173338,DK,present,introduced,invasive,,,
148743887,1156052,DK,present,introduced,,,,
148743890,8062927,DK,present,introduced,,,,
148743892,5000208,DK,present,introduced,,,,
148743894,8016249,DK,present,introduced,,,,
148743895,1111797,DK,present,introduced,,,,
148743896,5820507,DK,present,introduced,,,,
148743898,4458863,DK,present,introduced,,,,
148743900,1102084,DK,present,introduced,,,,
148743903,4459446,DK,present,introduced,,,,
148743906,2927296,DK,present,introduced,,,,
148743907,2927230,DK,present,introduced,,,,
148743908,2927235,DK,present,introduced,,,,
148743909,2020688,DK,present,introduced,,,,
148743910,2927298,DK,present,introduced,,,,
148743911,2927297,DK,present,introduced,,,,
148743916,10307563,DK,present,introduced,,,,
148743917,4487799,DK,present,introduced,,,,
148743918,5341442,DK,present,introduced,,,,
148743921,6411747,DK,present,introduced,,,,
148743923,2927079,DK,present,introduced,,,,
148743924,7935070,DK,present,introduced,,,,
148743926,4930999,DK,present,introduced,,,,
148743927,5156102,DK,present,introduced,,,,
148743928,3882777,DK,present,introduced,,,,
148743930,2927224,DK,present,introduced,,,,
148743931,2038171,DK,present,introduced,,,,
148743932,2927222,DK,present,introduced,,,,
148743933,2927220,DK,present,introduced,,,,
148743934,2041682,DK,present,introduced,,,,
148743936,2927075,DK,present,introduced,,,,
148743937,5163470,DK,present,introduced,,,,
148743938,5341310,DK,present,introduced,,,,
148743939,5341306,DK,present,introduced,,,,
148743940,5341392,DK,present,introduced,,,,
148743941,9078997,DK,present,introduced,,,,
148743942,2927305,DK,present,introduced,,,,
148743943,2092040,DK,present,introduced,,,,
148743944,7308042,DK,present,introduced,,,,
148743945,3892732,DK,present,introduced,,,,
148743946,8255921,DK,present,introduced,,,,
148743947,5341387,DK,present,introduced,,,,
148743948,2927189,DK,present,introduced,,,,
148743949,2927175,DK,present,introduced,,,,
148743951,2090576,DK,present,introduced,,,,
148743952,10085432,DK,present,introduced,,,,
148743953,8198400,DK,present,introduced,,,,
148743954,8707933,DK,present,introduced,,,,
148743955,2927190,DK,present,introduced,,,,
148743957,9958685,DK,present,introduced,,,,
148743958,2091537,DK,present,introduced,,,,
148743959,2927177,DK,present,introduced,,,,
148743960,10632792,DK,present,introduced,,,,
148743961,5341501,DK,present,introduced,,,,
148743962,5712981,DK,present,introduced,,,,
148743963,7350989,DK,present,introduced,,,,
148743965,5341498,DK,present,introduced,,,,
148743966,7309059,DK,present,introduced,,,,
148743968,5341497,DK,present,introduced,,,,
148743969,2926615,DK,present,introduced,,,,
148743972,5341296,DK,present,introduced,,,,
148743973,2926572,DK,present,introduced,,,,
148743974,5341373,DK,present,introduced,,,,
148743975,3883959,DK,present,introduced,,,,
148743976,2926995,DK,present,introduced,,,,
148743977,6409706,DK,present,introduced,,,,
148743979,2927001,DK,present,introduced,,,,
148743981,3892852,DK,present,introduced,,,,
148743983,2927004,DK,present,introduced,,,,
148743984,2927028,DK,present,introduced,,,,
148743986,2926885,DK,present,introduced,,,,
148743987,2926688,DK,present,introduced,,,,
148743988,10748309,DK,present,introduced,,,,
148743989,8263436,DK,present,introduced,,,,
148743990,2926903,DK,present,introduced,,,,
148743992,5164206,DK,present,introduced,,,,
148743994,3084022,DK,present,introduced,,,,
148743995,2095283,DK,present,introduced,,,,
148743997,2095266,DK,present,introduced,,,,
148744000,3084719,DK,present,introduced,,,,
148744001,2093073,DK,present,introduced,,,,
148744002,6388110,DK,present,introduced,,,,
148744005,4089314,DK,present,introduced,,,,
148744007,3082297,DK,present,introduced,,,,
148744012,2012132,DK,present,introduced,,,,
148744014,3086240,DK,present,introduced,,,,
148744016,2012126,DK,present,introduced,,,,
148744022,3084748,DK,present,introduced,,,,
148744023,3084742,DK,present,introduced,,,,
148744024,4022175,DK,present,introduced,,,,
148744029,5384307,DK,present,introduced,,,,
148744030,3084839,DK,present,introduced,,,,
148744034,2069529,DK,present,introduced,,,,
148744037,2076179,DK,present,introduced,,,,
148744039,2076174,DK,present,introduced,,,,
148744042,2076228,DK,present,introduced,,,,
148744044,2074692,DK,present,introduced,,,,
148744047,2077747,DK,present,introduced,,,,
148744051,2076577,DK,present,introduced,,,,
148744052,2074753,DK,present,introduced,,,,
148744054,2077985,DK,present,introduced,,,,
148744056,2076533,DK,present,introduced,,,,
148744057,2075274,DK,present,introduced,,,,
148744058,2075983,DK,present,introduced,,,,
148744060,2076745,DK,present,introduced,,,,
148744063,9083295,DK,present,introduced,,,,
148744067,2077497,DK,present,introduced,,,,
148744077,4290201,DK,present,introduced,,,,
148744080,8038788,DK,present,introduced,,,,
148744081,7703477,DK,present,introduced,,,,
148744084,5161411,DK,present,introduced,,,,
148744087,2084175,DK,present,introduced,,,,
148744090,2087459,DK,present,introduced,,,,
148744093,8075301,DK,present,introduced,,,,
148744096,2087440,DK,present,introduced,,,,
148744098,8026254,DK,present,introduced,,,,
148744104,5161761,DK,present,introduced,,,,
148744107,5161787,DK,present,introduced,,,,
148744110,7561279,DK,present,introduced,,,,
148744111,3083647,DK,present,introduced,,,,
148744112,6035538,DK,present,introduced,,,,
148744113,3083565,DK,present,introduced,,,,
148744114,3083921,DK,present,introduced,,,,
148744116,3083934,DK,present,introduced,,,,
148744117,3083862,DK,present,introduced,,,,
148744118,3756077,DK,present,introduced,,,,
148744119,7644304,DK,present,introduced,,,,
148744120,3083854,DK,present,introduced,,,,
148744121,3756402,DK,present,introduced,,,,
148744122,3083836,DK,present,introduced,,,,
148744123,6035645,DK,present,introduced,,,,
148744124,3760713,DK,present,introduced,,,,
148744125,7219439,DK,present,introduced,,,,
148744126,5384373,DK,present,introduced,,,,
148744127,5384396,DK,present,introduced,,,,
148744128,5384341,DK,present,introduced,,,,
148744129,6109611,DK,present,introduced,,,,
148744130,8911082,DK,present,introduced,,,,
148744131,5384395,DK,present,introduced,,,,
148744132,7905507,DK,present,introduced,,,,
148744133,5384332,DK,present,introduced,,,,
148744134,7323833,DK,present,introduced,,,,
148744135,7323185,DK,present,introduced,,,,
148744136,5384364,DK,present,introduced,,,,
148744137,5384393,DK,present,introduced,,,,
148744138,7323711,DK,present,introduced,,,,
148744139,6109534,DK,present,introduced,,,,
148744140,5384401,DK,present,introduced,,,,
148744141,5548401,DK,present,introduced,,,,
148744142,5384383,DK,present,introduced,,,,
148744143,5384334,DK,present,introduced,,,,
148744144,3083761,DK,present,introduced,,,,
148744146,3083745,DK,present,introduced,,,,
148744147,3756350,DK,present,introduced,,,,
148744148,8175705,DK,present,introduced,,,,
148744149,3083771,DK,present,introduced,,,,
148744151,3759143,DK,present,introduced,,,,
148744152,3083702,DK,present,introduced,,,,
148744153,5567951,DK,present,introduced,,,,
148744154,7068845,DK,present,introduced,,,,
148744155,5383909,DK,present,introduced,,,,
148744156,5383936,DK,present,introduced,,,,
148744157,5568053,DK,present,introduced,,,,
148744158,7219488,DK,present,introduced,,,,
148744159,6447806,DK,present,introduced,,,,
148744160,3083941,DK,present,introduced,,,,
148744161,3083848,DK,present,introduced,,,,
148744162,3083935,DK,present,introduced,,,,
148744163,6035549,DK,present,introduced,,,,
148744179,7476437,DK,present,introduced,,,,
148744180,3085368,DK,present,introduced,,,,
148744181,5587267,DK,present,introduced,,,,
148744182,7267924,DK,present,introduced,,,,
148744183,7664515,DK,present,introduced,,,,
148744184,3085438,DK,present,introduced,,,,
148744185,7267365,DK,present,introduced,,,,
148744186,3085437,DK,present,introduced,,,,
148744187,9921655,DK,present,introduced,,,,
148744188,7264629,DK,present,introduced,,,,
148744189,3085420,DK,present,introduced,,,,
148744190,8400876,DK,present,introduced,,,,
148744191,3085421,DK,present,introduced,,,,
148744192,7267090,DK,present,introduced,,,,
148744193,3813136,DK,present,introduced,,,,
148744194,8402808,DK,present,introduced,,,,
148744195,5384466,DK,present,introduced,,,,
148744196,5585762,DK,present,introduced,,,,
148744197,5384458,DK,present,introduced,,,,
148744198,5384459,DK,present,introduced,,,,
148744199,3593900,DK,present,introduced,,,,
148744200,3593908,DK,present,introduced,,,,
148744201,3085797,DK,present,introduced,,,,
148744202,8237138,DK,present,introduced,,,,
148744203,3085346,DK,present,introduced,,,,
148744204,7267066,DK,present,introduced,,,,
148744205,3085878,DK,present,introduced,,,,
148744206,3085381,DK,present,introduced,,,,
148744207,3085623,DK,present,introduced,,,,
148744208,3085357,DK,present,introduced,,,,
148744209,8993502,DK,present,introduced,,,,
148744210,5384848,DK,present,introduced,,,,
148744211,5585975,DK,present,introduced,,,,
148744212,5586656,DK,present,introduced,,,,
148744213,7868370,DK,present,introduced,,,,
148744214,5384773,DK,present,introduced,,,,
148744215,7543027,DK,present,introduced,,,,
148744216,8262734,DK,present,introduced,,,,
148744217,7523432,DK,present,introduced,,,,
148744218,5384830,DK,present,introduced,,,,
148744219,5384818,DK,present,introduced,,,,
148744220,5384774,DK,present,introduced,,,,
148744221,5384782,DK,present,introduced,,,,
148744223,8096233,DK,present,introduced,,,,
148744227,7291264,DK,present,introduced,,,,
148744228,4033335,DK,present,introduced,,,,
148744229,2889373,DK,present,introduced,,,,
148744230,5334351,DK,present,introduced,,,,
148744231,2889378,DK,present,introduced,,,,
148744232,7848778,DK,present,introduced,,,,
148744234,4034394,DK,present,introduced,,,,
148744235,2889229,DK,present,introduced,,,,
148744236,8515711,DK,present,introduced,,,,
148744237,5334430,DK,present,introduced,,,,
148744238,5334422,DK,present,introduced,,,,
148744239,8336551,DK,present,introduced,,,,
148744240,5334386,DK,present,introduced,,,,
148744242,7897412,DK,present,introduced,,,,
148744243,2888867,DK,present,introduced,,,,
148744244,2889173,DK,present,introduced,invasive,,,
148744246,2889088,DK,present,introduced,invasive,,,
148744247,4038485,DK,present,introduced,invasive,,,
148744248,7788992,DK,present,introduced,,,,
148744249,7949606,DK,present,introduced,,,,
148744250,7291884,DK,present,introduced,,,,
148744251,2888987,DK,present,introduced,,,,
148744252,2889019,DK,present,introduced,,,,
148744253,7415922,DK,present,introduced,,,,
148744254,2889037,DK,present,introduced,,,,
148744255,2889023,DK,present,introduced,,,,
148744256,6391377,DK,present,introduced,,,,
148744257,2888975,DK,present,introduced,,,,
148744258,2888977,DK,present,introduced,,,,
148744259,2888993,DK,present,introduced,,,,
148744260,2889030,DK,present,introduced,,,,
148744285,3166917,DK,present,introduced,,,,
148744286,5408087,DK,present,introduced,,,,
148744287,3158779,DK,present,introduced,,,,
148744288,8022456,DK,present,introduced,,,,
148744289,3158802,DK,present,introduced,,,,
148744290,3158788,DK,present,introduced,,,,
148744291,5411920,DK,present,introduced,,,,
148744292,5410717,DK,present,introduced,,,,
148744293,5411453,DK,present,introduced,,,,
148744294,5410151,DK,present,introduced,,,,
148744295,5411392,DK,present,introduced,,,,
148744296,5410826,DK,present,introduced,,,,
148744324,3147913,DK,present,introduced,,,,
148744331,3089150,DK,present,introduced,,,,
148744332,9052721,DK,present,introduced,,,,
148744333,7956743,DK,present,introduced,,,,
148744334,3144033,DK,present,introduced,,,,
148744335,3144041,DK,present,introduced,,,,
148744382,5389017,DK,present,introduced,invasive,,,
148744383,5388967,DK,present,introduced,,,,
148744384,5389029,DK,present,introduced,invasive,,,
148744385,3105703,DK,present,introduced,,,,
148744386,3105768,DK,present,introduced,,,,
148744387,3088488,DK,present,introduced,,,,
148744389,3088481,DK,present,introduced,,,,
148744390,7497356,DK,present,introduced,,,,
148744391,3118254,DK,present,introduced,,,,
148744392,3118216,DK,present,introduced,,,,
148744393,3118526,DK,present,introduced,,,,
148744394,3118430,DK,present,introduced,,,,
148744395,3118274,DK,present,introduced,,,,
148744396,3097166,DK,present,introduced,,,,
148744397,6443709,DK,present,introduced,,,,
148744398,5386938,DK,present,introduced,,,,
148744399,5389173,DK,present,introduced,,,,
148744400,7344767,DK,present,introduced,,,,
148744401,3114225,DK,present,introduced,,,,
148744402,3114229,DK,present,introduced,,,,
148744403,7344766,DK,present,introduced,,,,
148744404,3087188,DK,present,introduced,,,,
148744405,5399550,DK,present,introduced,,,,
148744407,3125901,DK,present,introduced,,,,
148744408,3109086,DK,present,introduced,invasive,,,
148744409,3107361,DK,present,introduced,,,,
148744410,7903764,DK,present,introduced,,,,
148744411,3109117,DK,present,introduced,,,,
148744412,3115131,DK,present,introduced,,,,
148744413,3145214,DK,present,introduced,,,,
148744414,3092576,DK,present,introduced,,,,
148744415,3104106,DK,present,introduced,,,,
148744416,8346536,DK,present,introduced,,,,
148744417,3110905,DK,present,introduced,,,,
148744418,5403742,DK,present,introduced,,,,
148744419,3123262,DK,present,introduced,,,,
148744420,3123567,DK,present,introduced,,,,
148744421,4233309,DK,present,introduced,,,,
148744422,3123501,DK,present,introduced,,,,
148744423,3088310,DK,present,introduced,invasive,,,
148744424,9490132,DK,present,introduced,invasive,,,
148744425,3090783,DK,present,introduced,,,,
148744426,3095531,DK,present,introduced,,,,
148744427,4206112,DK,present,introduced,,,,
148744428,3140910,DK,present,introduced,,,,
148744429,3115857,DK,present,introduced,,,,
148744430,5401007,DK,present,introduced,,,,
148744431,5401008,DK,present,introduced,,,,
148744432,8422562,DK,present,introduced,,,,
148744433,3088405,DK,present,introduced,,,,
148744434,3097504,DK,present,introduced,,,,
148744436,3104314,DK,present,introduced,,,,
148744437,5395475,DK,present,introduced,,,,
148744438,8096656,DK,present,introduced,,,,
148744439,3141571,DK,present,introduced,,,,
148744440,9175693,DK,present,introduced,,,,
148744441,3148340,DK,present,introduced,,,,
148744442,7403263,DK,present,introduced,,,,
148744443,3140346,DK,present,introduced,,,,
148744444,6065156,DK,present,introduced,,,,
148744445,5401877,DK,present,introduced,,,,
148744446,9206251,DK,present,introduced,,,,
148744447,3119191,DK,present,introduced,,,,
148744448,3119185,DK,present,introduced,,,,
148744449,3119189,DK,present,introduced,,,,
148744450,3119181,DK,present,introduced,,,,
148744451,3119231,DK,present,introduced,,,,
148744452,3119225,DK,present,introduced,,,,
148744453,3119175,DK,present,introduced,,,,
148744454,3104078,DK,present,introduced,,,,
148744455,4226377,DK,present,introduced,,,,
148744456,9388198,DK,present,introduced,,,,
148744457,3136726,DK,present,introduced,,,,
148744458,7408520,DK,present,introduced,,,,
148744459,6295756,DK,present,introduced,,,,
148744460,7558634,DK,present,introduced,,,,
148744461,4233059,DK,present,introduced,,,,
148744462,4244219,DK,present,introduced,,,,
148744463,4242951,DK,present,introduced,,,,
148744464,3136752,DK,present,introduced,,,,
148744465,4216852,DK,present,introduced,,,,
148744466,6295107,DK,present,introduced,,,,
148744467,4248770,DK,present,introduced,,,,
148744468,3115755,DK,present,introduced,,,,
148744469,3132570,DK,present,introduced,,,,
148744470,8298495,DK,present,introduced,,,,
148744471,5387821,DK,present,introduced,,,,
148744472,3088652,DK,present,introduced,,,,
148744473,8584304,DK,present,introduced,,,,
148744474,3146219,DK,present,introduced,,,,
148744475,5392883,DK,present,introduced,,,,
148744476,5392683,DK,present,introduced,,,,
148744477,5392859,DK,present,introduced,,,,
148744478,3147146,DK,present,introduced,,,,
148744479,3147168,DK,present,introduced,,,,
148744480,3117449,DK,present,introduced,,,,
148744482,8311325,DK,present,introduced,,,,
148744483,5386102,DK,present,introduced,,,,
148744484,3134183,DK,present,introduced,,,,
148744485,5387161,DK,present,introduced,,,,
148744486,3101193,DK,present,introduced,,,,
148744487,7389416,DK,present,introduced,,,,
148744488,3142951,DK,present,introduced,,,,
148744489,8340385,DK,present,introduced,,,,
148744490,3143034,DK,present,introduced,,,,
148744491,3142967,DK,present,introduced,,,,
148744492,5402350,DK,present,introduced,,,,
148744494,3133887,DK,present,introduced,,,,
148744495,3133950,DK,present,introduced,,,,
148744496,3098912,DK,present,introduced,,,,
148744497,3092083,DK,present,introduced,,,,
148744498,5403470,DK,present,introduced,,,,
148744499,7223184,DK,present,introduced,,,,
148744500,5831060,DK,present,introduced,,,,
148744501,7706146,DK,present,introduced,,,,
148744502,5403272,DK,present,introduced,,,,
148744503,5403562,DK,present,introduced,,,,
148744504,4245384,DK,present,introduced,,,,
148744505,5702572,DK,present,introduced,,,,
148744506,5391599,DK,present,introduced,,,,
148744507,5392252,DK,present,introduced,,,,
148744508,5392243,DK,present,introduced,,,,
148744509,3140264,DK,present,introduced,,,,
148744510,3140450,DK,present,introduced,,,,
148744511,3112620,DK,present,introduced,,,,
148744512,8537667,DK,present,introduced,,,,
148744513,3094841,DK,present,introduced,,,,
148744515,3138332,DK,present,introduced,,,,
148744516,3138327,DK,present,introduced,,,,
148744517,3114679,DK,present,introduced,,,,
148744518,3114667,DK,present,introduced,,,,
148744519,5390369,DK,present,introduced,,,,
148744520,9023462,DK,present,introduced,,,,
148744521,3128091,DK,present,introduced,,,,
148744522,3128007,DK,present,introduced,,,,
148744523,3128228,DK,present,introduced,,,,
148744524,3127613,DK,present,introduced,,,,
148744525,3127587,DK,present,introduced,,,,
148744526,7223229,DK,present,introduced,,,,
148744527,3127727,DK,present,introduced,,,,
148744528,3128888,DK,present,introduced,,,,
148744529,8097328,DK,present,introduced,,,,
148744530,3128943,DK,present,introduced,,,,
148744531,7589895,DK,present,introduced,,,,
148744532,7841783,DK,present,introduced,,,,
148744533,3128483,DK,present,introduced,,,,
148744534,3129010,DK,present,introduced,,,,
148744535,7786161,DK,present,introduced,,,,
148744536,8110000,DK,present,introduced,,,,
148744537,3128962,DK,present,introduced,,,,
148744538,3129064,DK,present,introduced,,,,
148744539,3128269,DK,present,introduced,,,,
148744540,3127830,DK,present,introduced,,,,
148744541,3129000,DK,present,introduced,,,,
148744542,3134867,DK,present,introduced,,,,
148744543,9182765,DK,present,introduced,,,,
148744544,5391476,DK,present,introduced,,,,
148744545,5391480,DK,present,introduced,,,,
148744546,3092946,DK,present,introduced,,,,
148744548,3120024,DK,present,introduced,,,,
148744549,3120129,DK,present,introduced,,,,
148744550,3120066,DK,present,introduced,,,,
148744551,3120391,DK,present,introduced,,,,
148744552,7925124,DK,present,introduced,,,,
148744553,3120284,DK,present,introduced,,,,
148744554,4216575,DK,present,introduced,,,,
148744555,5401760,DK,present,introduced,,,,
148744556,5400552,DK,present,introduced,,,,
148744557,3148560,DK,present,introduced,,,,
148744558,4926336,DK,present,introduced,,,,
148744559,3122190,DK,present,introduced,,,,
148744560,8002952,DK,present,introduced,,,,
148744561,3110686,DK,present,introduced,,,,
148744562,3110588,DK,present,introduced,,,,
148744563,3102823,DK,present,introduced,,,,
148744564,3122765,DK,present,introduced,,,,
148744565,3105508,DK,present,introduced,,,,
148744566,3121226,DK,present,introduced,,,,
148744567,4230861,DK,present,introduced,,,,
148744568,8042568,DK,present,introduced,,,,
148744569,8373355,DK,present,introduced,,,,
148744570,7686253,DK,present,introduced,,,,
148744571,5406475,DK,present,introduced,,,,
148744572,5406285,DK,present,introduced,,,,
148744573,9038611,DK,present,introduced,,,,
148744574,8133114,DK,present,introduced,,,,
148744575,8169181,DK,present,introduced,,,,
148744576,3121391,DK,present,introduced,,,,
148744577,3120790,DK,present,introduced,,,,
148744578,8195160,DK,present,introduced,,,,
148744579,3120713,DK,present,introduced,,,,
148744580,3121581,DK,present,introduced,,,,
148744581,5389402,DK,present,introduced,,,,
148744582,5391901,DK,present,introduced,,,,
148744583,5392174,DK,present,introduced,,,,
148744584,5392083,DK,present,introduced,,,,
148744585,5391845,DK,present,introduced,,,,
148744592,7695021,DK,present,introduced,,,,
148744593,6550572,DK,present,introduced,,,,
148744594,3033896,DK,present,introduced,invasive,,,
148744606,2888513,DK,present,introduced,,,,
148744607,7315072,DK,present,introduced,,,,
148744609,2888437,DK,present,introduced,,,,
148744610,2888439,DK,present,introduced,,,,
148744612,2888559,DK,present,introduced,,,,
148744613,7315160,DK,present,introduced,,,,
148744614,5334216,DK,present,introduced,,,,
148744615,5334218,DK,present,introduced,,,,
148744616,5334215,DK,present,introduced,,,,
148744617,5334188,DK,present,introduced,,,,
148744618,2888380,DK,present,introduced,,,,
148744619,2888553,DK,present,introduced,,,,
148744620,5334208,DK,present,introduced,,,,
148744621,5531941,DK,present,introduced,,,,
148744622,5531997,DK,present,introduced,,,,
148744623,2888485,DK,present,introduced,,,,
148744635,6376340,DK,present,introduced,,,,
148744636,8007875,DK,present,introduced,,,,
148744637,3033318,DK,present,introduced,,,,
148744638,3922204,DK,present,introduced,,,,
148744639,3927846,DK,present,introduced,,,,
148744640,3033434,DK,present,introduced,,,,
148744641,5371702,DK,present,introduced,,,,
148744642,5371700,DK,present,introduced,,,,
148744643,7278276,DK,present,introduced,,,,
148744644,5615962,DK,present,introduced,,,,
148744645,6374961,DK,present,introduced,,,,
148744646,6374953,DK,present,introduced,,,,
148744647,3033107,DK,present,introduced,,,,
148744648,6375040,DK,present,introduced,,,,
148744649,3033108,DK,present,introduced,,,,
148744650,7277069,DK,present,introduced,,,,
148744651,5616025,DK,present,introduced,,,,
148744652,3033227,DK,present,introduced,,,,
148744654,3033757,DK,present,introduced,,,,
148744655,8562330,DK,present,introduced,,,,
148744656,3033532,DK,present,introduced,,,,
148744657,3033535,DK,present,introduced,,,,
148744658,3033558,DK,present,introduced,,,,
148744659,3033518,DK,present,introduced,,,,
148744660,3033242,DK,present,introduced,,,,
148744663,3922888,DK,present,introduced,,,,
148744664,3033665,DK,present,introduced,,,,
148744665,3033671,DK,present,introduced,,,,
148744666,5371709,DK,present,introduced,,,,
148744669,7141604,DK,present,introduced,,,,
148744671,7685819,DK,present,introduced,,,,
148744672,5670646,DK,present,introduced,,,,
148744673,2984366,DK,present,introduced,,,,
148744674,5361801,DK,present,introduced,,,,
148744675,5361796,DK,present,introduced,,,,
148744676,5361803,DK,present,introduced,,,,
148744678,5361889,DK,present,introduced,,,,
148744679,5361888,DK,present,introduced,,,,
148744680,5361909,DK,present,introduced,,,,
148744682,3039269,DK,present,introduced,,,,
148744683,3039274,DK,present,introduced,,,,
148744684,7752288,DK,present,introduced,,,,
148744688,5602702,DK,present,introduced,,,,
148744689,5361880,DK,present,introduced,,,,
148744690,6370925,DK,present,introduced,,,,
148744720,3012326,DK,present,introduced,,,,
148744721,3012274,DK,present,introduced,,,,
148744722,7787813,DK,present,introduced,,,,
148744726,6368656,DK,present,introduced,,,,
148744727,3026454,DK,present,introduced,,,,
148744728,3026819,DK,present,introduced,,,,
148744729,3026622,DK,present,introduced,,,,
148744730,3026406,DK,present,introduced,,,,
148744731,3026405,DK,present,introduced,,,,
148744732,3027159,DK,present,introduced,,,,
148744733,8170635,DK,present,introduced,,,,
148744734,8576221,DK,present,introduced,,,,
148744735,3013194,DK,present,introduced,,,,
148744736,9912574,DK,present,introduced,,,,
148744737,8338335,DK,present,introduced,,,,
148744738,3012089,DK,present,introduced,,,,
148744739,3012680,DK,present,introduced,,,,
148744740,2993761,DK,present,introduced,,,,
148744741,2996929,DK,present,introduced,,,,
148744742,2989336,DK,present,introduced,,,,
148744743,2989557,DK,present,introduced,,,,
148744744,2991431,DK,present,introduced,,,,
148744745,2995149,DK,present,introduced,,,,
148744746,2995636,DK,present,introduced,,,,
148744747,2995508,DK,present,introduced,,,,
148744748,2996525,DK,present,introduced,invasive,,,
148744749,2994912,DK,present,introduced,,,,
148744750,2992543,DK,present,introduced,,,,
148744751,8235931,DK,present,introduced,,,,
148744752,9382645,DK,present,introduced,,,,
148744753,3002484,DK,present,introduced,,,,
148744754,3003709,DK,present,introduced,,,,
148744755,3003979,DK,present,introduced,invasive,,,
148744757,3003244,DK,present,introduced,,,,
148744758,2988188,DK,present,introduced,,,,
148744759,3006171,DK,present,introduced,,,,
148744760,2988354,DK,present,introduced,,,,
148744761,5366090,DK,present,introduced,,,,
148744762,7960595,DK,present,introduced,,,,
148744763,5367294,DK,present,introduced,,,,
148744764,5365888,DK,present,introduced,,,,
148744765,5365705,DK,present,introduced,,,,
148744766,5370755,DK,present,introduced,,,,
148744767,3027648,DK,present,introduced,,,,
148744768,3028431,DK,present,introduced,,,,
148744769,3028528,DK,present,introduced,,,,
148744770,3024109,DK,present,introduced,,,,
148744771,8168485,DK,present,introduced,,,,
148744772,3023852,DK,present,introduced,,,,
148744773,5363629,DK,present,introduced,,,,
148744774,5363627,DK,present,introduced,,,,
148744775,5362136,DK,present,introduced,,,,
148744776,3015457,DK,present,introduced,,,,
148744777,3014805,DK,present,introduced,,,,
148744778,7475649,DK,present,introduced,,,,
148744779,3013974,DK,present,introduced,,,,
148744780,3013404,DK,present,introduced,,,,
148744781,3025617,DK,present,introduced,,,,
148744782,3026334,DK,present,introduced,,,,
148744783,3025939,DK,present,introduced,,,,
148744784,3025769,DK,present,introduced,,,,
148744785,7916436,DK,present,introduced,,,,
148744786,3026107,DK,present,introduced,,,,
148744787,3026294,DK,present,introduced,,,,
148744788,3025896,DK,present,introduced,,,,
148744789,3026049,DK,present,introduced,,,,
148744790,5362215,DK,present,introduced,,,,
148744791,5369784,DK,present,introduced,,,,
148744792,5369695,DK,present,introduced,,,,
148744793,8350369,DK,present,introduced,,,,
148744794,3029801,DK,present,introduced,,,,
148744795,3029912,DK,present,introduced,,,,
148744796,7738624,DK,present,introduced,,,,
148744797,2987780,DK,present,introduced,,,,
148744798,5371450,DK,present,introduced,,,,
148744799,3031774,DK,present,introduced,,,,
148744800,3001362,DK,present,introduced,,,,
148744801,3001650,DK,present,introduced,,,,
148744803,3001157,DK,present,introduced,,,,
148744804,5367987,DK,present,introduced,,,,
148744805,7931731,DK,present,introduced,,,,
148744806,6369140,DK,present,introduced,,,,
148744807,7409013,DK,present,introduced,,,,
148744808,3022789,DK,present,introduced,,,,
148744809,3021850,DK,present,introduced,invasive,,,
148744810,3021730,DK,present,introduced,,,,
148744813,7699446,DK,present,introduced,,,,
148744815,5420853,DK,present,introduced,,,,
148744823,4259350,DK,present,introduced,,,,
148744824,3152723,DK,present,introduced,,,,
148744825,5406741,DK,present,introduced,,,,
148744826,5406735,DK,present,introduced,,,,
148744827,3152379,DK,present,introduced,,,,
148744828,3152367,DK,present,introduced,,,,
148744829,3152378,DK,present,introduced,,,,
148744830,3152374,DK,present,introduced,,,,
148744831,3935421,DK,present,introduced,,,,
148744832,7279600,DK,present,introduced,,,,
148744833,3152268,DK,present,introduced,,,,
148744834,4939668,DK,present,introduced,,,,
148744835,3152771,DK,present,introduced,,,,
148744836,3152560,DK,present,introduced,,,,
148744837,3152493,DK,present,introduced,,,,
148744838,3152521,DK,present,introduced,,,,
148744839,5406789,DK,present,introduced,,,,
148744840,3152614,DK,present,introduced,,,,
148744843,3190538,DK,present,introduced,,,,
148744845,3190382,DK,present,introduced,,,,
148744846,9198046,DK,present,introduced,,,,
148744847,8077391,DK,present,introduced,,,,
148744850,3190653,DK,present,introduced,invasive,,,
148744854,3189815,DK,present,introduced,,,,
148744855,7262910,DK,present,introduced,,,,
148744856,3189843,DK,present,introduced,,,,
148744857,4925890,DK,present,introduced,,,,
148744858,7375236,DK,present,introduced,,,,
148744859,3189884,DK,present,introduced,,,,
148744860,3189866,DK,present,introduced,,,,
148744864,10179544,DK,present,introduced,,,,
148744865,5284524,DK,present,introduced,,,,
148744869,2684171,DK,present,introduced,,,,
148744870,2684178,DK,present,introduced,,,,
148744871,5284237,DK,present,introduced,,,,
148744872,2683866,DK,present,introduced,,,,
148744876,2685484,DK,present,introduced,,,,
148744877,2685400,DK,present,introduced,,,,
148744878,2685313,DK,present,introduced,,,,
148744879,2685361,DK,present,introduced,,,,
148744880,2685580,DK,present,introduced,,,,
148744881,2685383,DK,present,introduced,,,,
148744882,2685654,DK,present,introduced,,,,
148744883,2685308,DK,present,introduced,,,,
148744884,2685552,DK,present,introduced,,,,
148744885,2685589,DK,present,introduced,,,,
148744886,2686157,DK,present,introduced,,,,
148744887,7230714,DK,present,introduced,,,,
148744888,2686170,DK,present,introduced,,,,
148744889,2686212,DK,present,introduced,,,,
148744890,2686212,DK,present,introduced,,,,
148744891,7306277,DK,present,introduced,,,,
148744892,8642449,DK,present,introduced,,,,
148744893,2685796,DK,present,introduced,,,,
148744894,7230686,DK,present,introduced,invasive,,,
148744895,5285756,DK,present,introduced,invasive,,,
148744896,5285750,DK,present,introduced,invasive,,,
148744897,5285385,DK,present,introduced,invasive,,,
148744898,7230703,DK,present,introduced,invasive,,,
148744900,5285079,DK,present,introduced,,,,
148744901,5284809,DK,present,introduced,,,,
148744902,5284809,DK,present,introduced,,,,
148744904,5284982,DK,present,introduced,,,,
148744905,5285053,DK,present,introduced,,,,
148744906,5285635,DK,present,introduced,,,,
148744907,5285134,DK,present,introduced,,,,
148744908,5285533,DK,present,introduced,,,,
148744909,5284917,DK,present,introduced,,,,
148744910,5284745,DK,present,introduced,,,,
148744911,5284875,DK,present,introduced,,,,
148744912,5284802,DK,present,introduced,,,,
148744913,5284950,DK,present,introduced,,,,
148744914,5284794,DK,present,introduced,,,,
148744915,5284871,DK,present,introduced,,,,
148744916,5284827,DK,present,introduced,invasive,,,
148744917,2687210,DK,present,introduced,,,,
148744918,2687201,DK,present,introduced,,,,
148744919,2687182,DK,present,introduced,,,,
201358077,7579960,DK,present,introduced,,,,
201357418,2578759,DK,present,introduced,,,,
201358139,8485639,DK,present,introduced,invasive,,,
201358132,7820753,DK,present,introduced,invasive,,,
201358135,2287615,DK,present,introduced,invasive,,,
201358567,,DK,present,introduced,,,,
201358143,2286197,DK,present,introduced,,,,
201358553,2653705,DK,present,introduced,,,,
201358107,8014163,DK,present,introduced,,,,
201358125,4598006,DK,present,introduced,,,,
201358123,5858758,DK,present,introduced,invasive,,,
201358115,5858717,DK,present,introduced,,,,
201357572,5890148,DK,present,introduced,invasive,,,
201357466,,DK,present,introduced,,,,
201357470,,DK,present,introduced,,,,
201357558,8846136,DK,present,introduced,,,,
201357432,2769172,DK,present,introduced,,,,
201357440,2769457,DK,present,introduced,,,,
201357441,2772982,DK,present,introduced,,,,
201357436,2767275,DK,present,introduced,,,,
201357551,4410223,DK,present,introduced,,,,
201357429,2767271,DK,present,introduced,,,,
201357430,2767229,DK,present,introduced,,,,
201357553,9065858,DK,present,introduced,,,,
201357550,8801409,DK,present,introduced,,,,
201357543,2315382,DK,present,introduced,,,,
201357539,2324159,DK,present,introduced,,,,
201357451,,DK,present,introduced,,,,
201357455,2856348,DK,present,introduced,,,,
201357530,2426650,DK,present,introduced,,,,
201357460,2859597,DK,present,introduced,,,,
201357475,2468542,DK,present,introduced,,,,
201357408,5219243,DK,present,introduced,,,,
201357414,2433652,DK,present,introduced,invasive,,,
201357521,4121520,DK,present,introduced,,,,
201357600,,DK,present,introduced,,,,
201357628,4141737,DK,present,introduced,,,,
201357552,,DK,present,introduced,,,,
201357650,5678078,DK,present,introduced,,,,
201357648,5673972,DK,present,introduced,,,,
201357644,9394776,DK,present,introduced,,,,
201357598,8104555,DK,present,introduced,,,,
201357574,9398259,DK,present,introduced,invasive,,,
201357602,9592414,DK,present,introduced,,,,
201357605,5674047,DK,present,introduced,,,,
201357544,4114502,DK,present,introduced,,,,
201357439,2498165,DK,present,introduced,,,,
201357524,,DK,present,introduced,,,,
201357636,7948459,DK,present,introduced,,,,
201357565,2703723,DK,present,introduced,,,,
201357589,4124881,DK,present,introduced,,,,
201357536,2704505,DK,present,introduced,,,,
201357557,2703760,DK,present,introduced,,,,
201357633,2703663,DK,present,introduced,,,,
201357592,2704161,DK,present,introduced,,,,
201357625,4104489,DK,present,introduced,,,,
201357459,2489005,DK,present,introduced,,,,
201357569,2705369,DK,present,introduced,,,,
201357576,,DK,present,introduced,,,,
201357532,2702798,DK,present,introduced,,,,
201357638,2121271,DK,present,introduced,,,,
201357673,7481400,DK,present,introduced,,,,
201357663,2232819,DK,present,introduced,,,,
201357660,2234423,DK,present,introduced,,,,
201357632,2131854,DK,present,introduced,,,,
201357611,7909042,DK,present,introduced,,,,
201358013,3039193,DK,present,introduced,,,,
201357615,2149784,DK,present,introduced,,,,
201358006,,DK,present,introduced,invasive,,,
201358053,7700539,DK,present,introduced,,,,
201358040,,DK,present,introduced,,,,
201358033,3040184,DK,present,introduced,,,,
201358026,,DK,present,introduced,,,,
201358029,,DK,present,introduced,,,,
201358023,,DK,present,introduced,,,,
201358069,8946295,DK,present,introduced,invasive,,,
201358048,3067891,DK,present,introduced,,,,
201358045,3070346,DK,present,introduced,,,,
201357587,4420371,DK,present,introduced,,,,
201357599,4987583,DK,present,introduced,,,,
201357597,1013692,DK,present,introduced,,,,
201357957,5598598,DK,present,introduced,,,,
201357965,10436410,DK,present,introduced,,,,
201357961,,DK,present,introduced,,,,
201358209,9970879,DK,present,introduced,,,,
201358206,2928859,DK,present,introduced,,,,
201357960,5072694,DK,present,introduced,,,,
201358208,,DK,present,introduced,,,,
201358207,2932934,DK,present,introduced,,,,
201358210,2929800,DK,present,introduced,,,,
201357956,1535183,DK,present,introduced,,,,
201358205,,DK,present,introduced,,,,
201358202,,DK,present,introduced,,,,
201358203,2927490,DK,present,introduced,,,,
201357958,7198254,DK,present,introduced,,,,
201358116,,DK,present,introduced,,,,
201358030,1419894,DK,present,introduced,,,,
201357710,3083488,DK,present,introduced,,,,
201357719,8091002,DK,present,introduced,,,,
201357721,4201607,DK,present,introduced,,,,
201357722,,DK,present,introduced,,,,
201357713,2985863,DK,present,introduced,,,,
201357728,,DK,present,introduced,,,,
201358036,1420884,DK,present,introduced,,,,
201358034,1420769,DK,present,introduced,,,,
201358292,8183608,DK,present,introduced,,,,
201358035,1420829,DK,present,introduced,,,,
201358037,1420828,DK,present,introduced,,,,
201358044,1728964,DK,present,introduced,,,,
201358250,2965201,DK,present,introduced,,,,
201358228,10284662,DK,present,introduced,,,,
201358274,2981481,DK,present,introduced,,,,
201358230,,DK,present,introduced,,,,
201358282,5356862,DK,present,introduced,,,,
201358277,,DK,present,introduced,,,,
201358229,2975188,DK,present,introduced,,,,
201358231,2965226,DK,present,introduced,,,,
201358266,,DK,present,introduced,,,,
201358227,5354500,DK,present,introduced,,,,
201358243,5354671,DK,present,introduced,,,,
201358247,2957728,DK,present,introduced,,,,
201358262,2962932,DK,present,introduced,,,,
201357983,,DK,present,introduced,,,,
201357995,9224359,DK,present,introduced,,,,
201357738,9629001,DK,present,introduced,,,,
201357762,7867909,DK,present,introduced,,,,
201357744,2925870,DK,present,introduced,,,,
201357752,,DK,present,introduced,,,,
201357874,7543014,DK,present,introduced,,,,
201357705,1085281,DK,present,introduced,,,,
201357802,5878072,DK,present,introduced,,,,
201357867,4458521,DK,present,introduced,,,,
201357939,9568743,DK,present,introduced,,,,
201357931,5538108,DK,present,introduced,,,,
201357945,,DK,present,introduced,,,,
201357717,4449456,DK,present,introduced,,,,
201357940,5371753,DK,present,introduced,,,,
201357933,3639337,DK,present,introduced,,,,
201357790,4450839,DK,present,introduced,,,,
201357904,1242444,DK,present,introduced,,,,
201358086,8368021,DK,present,introduced,,,,
201357910,1242358,DK,present,introduced,,,,
201358084,8184903,DK,present,introduced,,,,
201357897,1095716,DK,present,introduced,,,,
201357899,4427588,DK,present,introduced,,,,
201358380,8956987,DK,present,introduced,,,,
201357906,1242384,DK,present,introduced,,,,
201357792,4450663,DK,present,introduced,,,,
201357824,1195102,DK,present,introduced,,,,
201357815,4467502,DK,present,introduced,,,,
201358386,3872463,DK,present,introduced,,,,
201357808,7836477,DK,present,introduced,,,,
201358401,3047620,DK,present,introduced,,,,
201358391,,DK,present,introduced,,,,
201358399,,DK,present,introduced,,,,
201358394,,DK,present,introduced,,,,
201358395,3045463,DK,present,introduced,,,,
201357806,1195684,DK,present,introduced,,,,
201358402,,DK,present,introduced,,,,
201357818,1179346,DK,present,introduced,,,,
201358393,3050631,DK,present,introduced,,,,
201358404,5376961,DK,present,introduced,,,,
201358400,3042925,DK,present,introduced,,,,
201358403,5377060,DK,present,introduced,,,,
201357854,6943215,DK,present,introduced,,,,
201357862,1166198,DK,present,introduced,,,,
201357767,4437317,DK,present,introduced,,,,
201357720,4431541,DK,present,introduced,,,,
201357922,,DK,present,introduced,,,,
201357916,,DK,present,introduced,,,,
201357914,,DK,present,introduced,,,,
201357908,,DK,present,introduced,,,,
201357909,,DK,present,introduced,,,,
201357836,4462189,DK,present,introduced,,,,
201357740,7576840,DK,present,introduced,,,,
201357735,1146023,DK,present,introduced,,,,
201357743,1151446,DK,present,introduced,,,,
201357730,1142906,DK,present,introduced,,,,
201357750,1096921,DK,present,introduced,,,,
201357893,7869713,DK,present,introduced,,,,
201357873,,DK,present,introduced,invasive,,,
201357842,9269392,DK,present,introduced,,,,
201357882,3883897,DK,present,introduced,,,,
201357833,7540389,DK,present,introduced,,,,
201357926,8104237,DK,present,introduced,,,,
201357937,8370390,DK,present,introduced,,,,
201357942,8294966,DK,present,introduced,,,,
201357944,2094340,DK,present,introduced,,,,
201357943,2093114,DK,present,introduced,,,,
201358162,,DK,present,introduced,,,,
201357947,9452186,DK,present,introduced,,,,
201358164,3086244,DK,present,introduced,,,,
201358127,3084807,DK,present,introduced,,,,
201357952,2077463,DK,present,introduced,,,,
201358121,8185812,DK,present,introduced,,,,
201357950,2078062,DK,present,introduced,,,,
201358177,5568899,DK,present,introduced,,,,
201358189,3083763,DK,present,introduced,,,,
201358176,7547827,DK,present,introduced,,,,
201358187,,DK,present,introduced,,,,
201358192,,DK,present,introduced,,,,
201358194,,DK,present,introduced,,,,
201358179,,DK,present,introduced,,,,
201358195,8577467,DK,present,introduced,,,,
201358198,5568428,DK,present,introduced,,,,
201358197,,DK,present,introduced,,,,
201358184,5568439,DK,present,introduced,,,,
201358181,3083838,DK,present,introduced,,,,
201357921,2086988,DK,present,introduced,,,,
201358196,3083786,DK,present,introduced,,,,
201358182,3083975,DK,present,introduced,,,,
201358190,,DK,present,introduced,,,,
201358185,5568424,DK,present,introduced,,,,
201358193,5383969,DK,present,introduced,,,,
201358180,6035635,DK,present,introduced,,,,
201358178,5568361,DK,present,introduced,,,,
201358191,5568339,DK,present,introduced,,,,
201358188,8290282,DK,present,introduced,,,,
201358186,5568322,DK,present,introduced,,,,
201358183,,DK,present,introduced,,,,
201358160,5584611,DK,present,introduced,,,,
201358153,5586962,DK,present,introduced,,,,
201358158,3814157,DK,present,introduced,,,,
201358159,5384771,DK,present,introduced,,,,
201358146,,DK,present,introduced,,,,
201358141,,DK,present,introduced,,,,
201358156,,DK,present,introduced,,,,
201358171,8848208,DK,present,introduced,,,,
148744244,2889173,DK,present,introduced,,,,
201358166,9020499,DK,present,introduced,,,,
201358169,8720751,DK,present,introduced,,,,
201358167,8773480,DK,present,introduced,,,,
201358168,8811572,DK,present,introduced,,,,
201358172,,DK,present,introduced,,,,
201358173,,DK,present,introduced,,,,
201358170,,DK,present,introduced,,,,
201358417,5410628,DK,present,introduced,,,,
201358416,5409907,DK,present,introduced,,,,
201358419,5409933,DK,present,introduced,,,,
201358415,5411408,DK,present,introduced,,,,
201358427,9689880,DK,present,introduced,,,,
201358465,3141890,DK,present,introduced,,,,
201358455,3096529,DK,present,introduced,,,,
201358492,3103791,DK,present,introduced,,,,
201358440,9123250,DK,present,introduced,,,,
201358472,3088282,DK,present,introduced,,,,
201358523,,DK,present,introduced,,,,
201358494,,DK,present,introduced,,,,
201358459,3093286,DK,present,introduced,,,,
201358511,3141855,DK,present,introduced,,,,
201358521,6065200,DK,present,introduced,,,,
201358434,5388595,DK,present,introduced,,,,
201358513,,DK,present,introduced,,,,
201358486,3142208,DK,present,introduced,,,,
201358478,,DK,present,introduced,,,,
201358491,9221087,DK,present,introduced,,,,
201358433,3110767,DK,present,introduced,,,,
201358437,3128547,DK,present,introduced,,,,
201358445,8185959,DK,present,introduced,,,,
201358481,3102871,DK,present,introduced,,,,
201358522,5396165,DK,present,introduced,,,,
201358512,3151558,DK,present,introduced,,,,
201358503,3151474,DK,present,introduced,,,,
201358519,,DK,present,introduced,,,,
201358515,3151618,DK,present,introduced,,,,
201358524,5396106,DK,present,introduced,,,,
201358471,3120950,DK,present,introduced,,,,
201358460,5390636,DK,present,introduced,,,,
201358485,7488421,DK,present,introduced,,,,
201358495,3141046,DK,present,introduced,,,,
201358426,3145383,DK,present,introduced,,,,
201358490,,DK,present,introduced,,,,
201358482,7681622,DK,present,introduced,,,,
201358447,,DK,present,introduced,,,,
201358448,3127691,DK,present,introduced,,,,
201358429,3146791,DK,present,introduced,,,,
201358520,3146717,DK,present,introduced,,,,
201358444,3091999,DK,present,introduced,,,,
201358474,7627205,DK,present,introduced,,,,
201357976,3033868,DK,present,introduced,,,,
201357974,7870997,DK,present,introduced,,,,
201357994,7314976,DK,present,introduced,,,,
201357997,3602683,DK,present,introduced,,,,
201357999,,DK,present,introduced,,,,
201358001,8342911,DK,present,introduced,,,,
201357996,5334186,DK,present,introduced,,,,
201357986,7276905,DK,present,introduced,,,,
201357988,9677963,DK,present,introduced,,,,
201357981,9675867,DK,present,introduced,,,,
201357982,,DK,present,introduced,,,,
201357989,3033830,DK,present,introduced,,,,
201358372,3874408,DK,present,introduced,,,,
201358355,3001093,DK,present,introduced,,,,
201358336,3020791,DK,present,introduced,,,,
201358345,5370380,DK,present,introduced,,,,
201358330,,DK,present,introduced,,,,
201358349,,DK,present,introduced,,,,
201358319,5370519,DK,present,introduced,,,,
201358351,,DK,present,introduced,,,,
201358341,3000723,DK,present,introduced,,,,
201358352,3012254,DK,present,introduced,,,,
201358356,7889822,DK,present,introduced,,,,
201358360,5369954,DK,present,introduced,,,,
201358358,5370006,DK,present,introduced,,,,
201358350,7272312,DK,present,introduced,,,,
201358357,5365717,DK,present,introduced,,,,
201358218,3940326,DK,present,introduced,,,,
201358219,3940960,DK,present,introduced,,,,
201358217,3152377,DK,present,introduced,,,,
201358074,7262908,DK,present,introduced,,,,
201357687,2683894,DK,present,introduced,,,,
201357701,10352401,DK,present,introduced,,,,
201357698,,DK,present,introduced,invasive,,,
201357703,,DK,present,introduced,,,,
