taxonKey,nubKey,taxonID,scientificName,taxonomicStatus,acceptedKey,acceptedName,acceptedTaxonRank,acceptedKingdom
134854667,4283395,4863,"Diadumene lineata (Verrill, 1869)",ACCEPTED,4283395,"Diadumene lineata (Verrill, 1869)",SPECIES,Animalia
134854668,3222012,4929,Erwinia amylovora,ACCEPTED,3222012,"Erwinia amylovora (Burrill, 1882) Winslow et al., 1920",SPECIES,Bacteria
134854673,,4810,Craspedacusta sowerbyi Lancaster,,,Craspedacusta sowerbyi Lancaster,,
134854678,1005677,5753,"Watersipora subtorquata (d'Orbigny, 1852)",ACCEPTED,1005677,"Watersipora subtorquata (d'Orbigny, 1852)",SPECIES,Animalia
134854681,4985072,5687,"Tricellaria inopinata d'Hondt & Occhipinti Ambrogi, 1985",ACCEPTED,4985072,"Tricellaria inopinata d'Hondt & Occhipinti Ambrogi, 1985",SPECIES,Animalia
134854684,4984851,4681,"Bugula neritina (Linnaeus, 1758)",ACCEPTED,4984851,"Bugula neritina (Linnaeus, 1758)",SPECIES,Animalia
134854685,7665662,4682,"Bugulina fulva (Ryland, 1960)",ACCEPTED,7665662,"Bugulina fulva (Ryland, 1960)",SPECIES,Animalia
134854686,7668385,4683,"Bugulina simplex (Hincks, 1886)",ACCEPTED,7668385,"Bugulina simplex (Hincks, 1886)",SPECIES,Animalia
134854689,3202307,5087,"Isochrysis galbana Parke, 1949",ACCEPTED,3202307,Isochrysis galbana Parke,SPECIES,Chromista
134854694,2325189,5655,"Terebella lapidaria Linnaeus, 1767",ACCEPTED,2325189,"Terebella lapidaria Linnaeus, 1767",SPECIES,Animalia
134854698,2327735,4972,"Ficopomatus enigmaticus (Fauvel, 1923)",ACCEPTED,2327735,"Ficopomatus enigmaticus (Fauvel, 1923)",SPECIES,Animalia
134854702,5197206,4759,"Clymenella torquata (Leidy, 1855)",ACCEPTED,5197206,"Clymenella torquata (Leidy, 1855)",SPECIES,Animalia
134854708,7454879,5098,Karenia mikimotoi (Miyake & Kominami ex Oda) G. Hansen & Ø. Moestrup,ACCEPTED,7454879,Karenia mikimotoi (Miyake & Kominami ex Oda) G.Hansen & Moestrup,SPECIES,Chromista
134854709,2308609,5440,"Potamothrix moldaviensis Vejdovský & Mrázek, 1903",ACCEPTED,2308609,"Potamothrix moldaviensis Vejdovský & Mrázek, 1903",SPECIES,Animalia
134854710,2308605,5441,"Potamothrix vejdovskyi (Hrab, 1941)",ACCEPTED,2308605,"Potamothrix vejdovskyi (Hrabĕ, 1941)",SPECIES,Animalia
134854712,2308574,4668,"Branchiura sowerbyi Beddard, 1892",ACCEPTED,2308574,"Branchiura sowerbyi Beddard, 1892",SPECIES,Animalia
134854719,4343706,5449,"Pseudodactylogyrus anguillae (Yin & Sproston, 1948)",ACCEPTED,4343706,"Pseudodactylogyrus anguillae (Yin & Sproston, 1948) Gusev, 1965",SPECIES,Animalia
134854720,4343705,5450,"Pseudodactylogyrus bini (Kikuchi, 1929)",ACCEPTED,4343705,"Pseudodactylogyrus bini (Kikuchi, 1929)",SPECIES,Animalia
134854723,4268023,5022,"Gyrodinium aureolum E.M.Hulburt, 1957",SYNONYM,7387168,"Gymnodinium aureolum (Hulburt) Hansen, 2000",SPECIES,Chromista
134854725,5892120,5006,"Girardia tigrina (Girard, 1850)",ACCEPTED,5892120,"Girardia tigrina (Girard, 1850)",SPECIES,Animalia
134854729,2502938,4655,"Bipalium kewense Moseley, 1878",ACCEPTED,2502938,"Bipalium kewense Moseley, 1878",SPECIES,Animalia
134854736,2502805,5102,"Kontikia ventrolineata (Dendy, 1892)",ACCEPTED,2502805,"Kontikia ventrolineata (Dendy, 1892)",SPECIES,Animalia
134854738,6477009,5101,"Kontikia andersoni Jones, 1981",ACCEPTED,6477009,"Kontikia andersoni Jones, 1981",SPECIES,Animalia
134854739,7914141,5309,"Ophryoglena hemophaga Molloy, Lynn & Giamberini, 2005",ACCEPTED,7914141,"Ophryoglena hemophaga Molloy, Lynn & Giamberini, 2005",SPECIES,Chromista
134854742,2502865,4632,"Australoplana sanguinea (Moseley, 1877)",ACCEPTED,2502865,"Australoplana sanguinea (Moseley, 1877)",SPECIES,Animalia
134854744,2502792,4615,"Arthurdendyus triangulatus (Dendy, 1895)",ACCEPTED,2502792,"Arthurdendyus triangulatus (Dendy, 1895)",SPECIES,Animalia
134854746,7393181,4768,Conchophthirus acuminatus,ACCEPTED,7393181,Conchophthirus acuminatus,SPECIES,Chromista
134854753,4559504,4600,"Argonemertes dendyi (Dakin, 1915)",ACCEPTED,4559504,"Argonemertes dendyi (Dakin, 1915)",SPECIES,Animalia
134854756,3194420,5046,Heterosigma akashiwo,ACCEPTED,3194420,"Heterosigma akashiwo (Hada) Hada ex Hara & Chihara, 1967",SPECIES,Chromista
134854760,4346612,4572,"Anguillicola crassus Kuwahara, Niimi & Itagaki, 1974",ACCEPTED,4346612,"Anguillicola crassus Kuwahara, Niimi & Itagaki, 1974",SPECIES,Animalia
134854766,2285356,5088,"Isognomon radiatus (Anton, 1838)",ACCEPTED,2285356,"Isognomon radiatus (Anton, 1838)",SPECIES,Animalia
134854770,9138018,5589,"Skeletonema subsalsum (Cleve-Euler) Bethge, 1928",ACCEPTED,9138018,"Skeletonema subsalsum (Cleve-Euler) Bethge, 1928",SPECIES,Chromista
134854774,4373373,4860,"Dendrostrea frons (Linnaeus, 1758)",SYNONYM,2286095,"Dendostrea frons (Linnaeus, 1758)",SPECIES,Animalia
134854776,2286063,5316,"Ostrea equestris Say, 1834",ACCEPTED,2286063,"Ostrea equestris Say, 1834",SPECIES,Animalia
134854777,2286069,4811,"Crassostrea gigas (Thunberg, 1793)",HETEROTYPIC_SYNONYM,7820753,"Magallana gigas (Thunberg, 1793)",SPECIES,Animalia
134854781,4372686,5511,"Ruditapes philippinarum (Adams & Reeve, 1850)",ACCEPTED,4372686,"Ruditapes philippinarum (A.Adams & Reeve, 1850)",SPECIES,Animalia
134854783,2287072,4878,"Dreissena polymorpha (Pallas, 1771)",ACCEPTED,2287072,"Dreissena polymorpha (Pallas, 1771)",SPECIES,Animalia
134854786,8190231,4775,"Corbicula fluminea (O.F. Müller, 1774)",ACCEPTED,8190231,"Corbicula fluminea (O.F.Müller, 1774)",SPECIES,Animalia
134854788,5421668,5287,"Odontella sinensis (Greville) Grunow, 1884",SYNONYM,3193658,"Biddulphia sinensis Greville, 1866",SPECIES,Chromista
134854791,4357763,5024,"Haliotis discus Reeve, 1846",ACCEPTED,4357763,"Haliotis discus Reeve, 1846",SPECIES,Animalia
134854794,5421557,4786,"Coscinodiscus wailesii Gran & Angst, 1931",ACCEPTED,5421557,"Coscinodiscus wailesii Gran & Angst, 1931",SPECIES,Chromista
134854798,5422556,5709,"Undaria pinnatifida (Harvey) Suringar, 1873",ACCEPTED,5422556,Undaria pinnatifida (Harv.) Suringar,SPECIES,Chromista
134854799,2293076,5025,"Haliotis tuberculata Linnaeus, 1758",ACCEPTED,2293076,"Haliotis tuberculata Linnaeus, 1758",SPECIES,Animalia
134854803,2290946,5407,"Planorbarius corneus Linnaeus, 1758",ACCEPTED,2290946,"Planorbarius corneus (Linnaeus, 1758)",SPECIES,Animalia
134854805,3197314,5534,"Sargassum muticum (Yendo) Fensholt, 1955",ACCEPTED,3197314,Sargassum muticum (Yendo) Fensholt,SPECIES,Chromista
134854807,5189806,5375,"Physella acuta (Draparnaud, 1805)",ACCEPTED,5189806,"Physella acuta (Draparnaud, 1805)",SPECIES,Animalia
134854809,5189789,5376,"Physella gyrina Say, 1821",ACCEPTED,5189789,"Physella gyrina (Say, 1821)",SPECIES,Animalia
134854811,3197970,4766,"Colpomenia peregrina Sauvageau, 1927",ACCEPTED,3197970,Colpomenia peregrina Sauv.,SPECIES,Chromista
134854818,8075198,4970,"Ferrissia wautieri Mirolli, 1960",SYNONYM,9520065,"Ferrissia californica (Rowell, 1863)",SPECIES,Animalia
134854819,8050384,4664,"Bonamia ostreae Pichot, Comps, Tigé, Grizel & Rabouin, 1980",ACCEPTED,8050384,"Bonamia ostreae Pichot, Comps, Tigé, Grizel & Rabouin, 1980",SPECIES,Protozoa
134854824,3203610,5378,Phytophthora ramorum,ACCEPTED,3203610,"Phytophthora ramorum Werres, De Cock & Man",SPECIES,Chromista
134854829,5192470,5439,"Potamopyrgus antipodarum (J.E. Gray, 1843)",ACCEPTED,5192470,"Potamopyrgus antipodarum (J.E.Gray, 1843)",SPECIES,Animalia
134854831,4362965,5222,"Melanoides tuberculata Müller, 1774",ACCEPTED,4362965,"Melanoides tuberculata (O.F.Müller, 1774)",SPECIES,Animalia
134854832,3202936,4591,"Aphanomyces astaci Schikora, 1906",ACCEPTED,3202936,Aphanomyces astaci Schikora,SPECIES,Chromista
134854838,7632200,4535,"Alexandrium tamarense (Lebour, 1925) Balech, 1995",ACCEPTED,7632200,Alexandrium tamarense (Lebour) Balech,SPECIES,Chromista
134854840,5192789,4815,"Crepidula fornicata (Linnaeus, 1758)",ACCEPTED,5192789,"Crepidula fornicata (Linnaeus, 1758)",SPECIES,Animalia
134854845,5265718,5636,"Synchytrium endobioticum (Schilb.) Percival, 1909",ACCEPTED,5265718,Synchytrium endobioticum (Schilb.) Percival,SPECIES,Fungi
134854846,2301629,4696,"Calyptraea chinensis (Linnaeus, 1758)",ACCEPTED,2301629,"Calyptraea chinensis (Linnaeus, 1758)",SPECIES,Animalia
134854851,2299100,4730,"Cerithium litteratum (Born, 1778)",ACCEPTED,2299100,"Cerithium litteratum (Born, 1778)",SPECIES,Animalia
134854856,4598225,5647,"Tandonia budapestensis (Hazay, 1880)",ACCEPTED,4598225,"Tandonia budapestensis (Hazay, 1880)",SPECIES,Animalia
134854857,2612582,5358,"Phaeocryptopus gaeumannii (T. Rohde) Petr., 1938",SYNONYM,10808078,"Nothophaeocryptopus gaeumannii (T.Rohde) Videira, C.Nakash., U.Braun & Crous",SPECIES,Fungi
134854858,4598226,5648,"Tandonia sowerbyi (A. Férussac, 1823)",ACCEPTED,4598226,"Tandonia sowerbyi (A.Férussac, 1823)",SPECIES,Animalia
134854863,5254231,5307,"Ophiostoma novo-ulmi Brasier, 1991",ACCEPTED,5254231,Ophiostoma novo-ulmi Brasier,SPECIES,Fungi
134854864,5254314,5308,"Ophiostoma ulmi (Buisman) Nannf., 1934",ACCEPTED,5254314,Ophiostoma ulmi (Buisman) Nannf.,SPECIES,Fungi
134854866,4568269,5335,"Paralaoma servilis (Shuttleworth, 1852)",ACCEPTED,4568269,"Paralaoma servilis (Shuttleworth, 1852)",SPECIES,Animalia
134854873,2295442,5157,"Limacus flavus (Linnaeus, 1758)",ACCEPTED,2295442,"Limacus flavus (Linnaeus, 1758)",SPECIES,Animalia
134854875,5190784,5128,"Lehmannia valentiana (A. Férussac, 1822)",HOMOTYPIC_SYNONYM,8014163,"Ambigolimax valentianus (A.Férussac, 1821)",SPECIES,Animalia
134854876,5190777,4862,"Deroceras panormitanum (Lessona & Pollonera, 1882)",ACCEPTED,5190777,"Deroceras panormitanum (Lessona & Pollonera, 1882)",SPECIES,Animalia
134854879,5858758,4780,"Cornu aspersum (O. F. Müller, 1774)",ACCEPTED,5858758,"Cornu aspersum (O.F.Müller, 1774)",SPECIES,Animalia
134854880,2294277,5662,"Theba pisana (Müller, 1774)",ACCEPTED,2294277,"Theba pisana (O.F.Müller, 1774)",SPECIES,Animalia
134854882,4565039,5066,"Hygromia cinctella Draparnaud, 1801",ACCEPTED,4565039,"Hygromia cinctella (Draparnaud, 1801)",SPECIES,Animalia
134854883,5710068,5502,Riccia rhenana Lorb.,DOUBTFUL,5710068,Riccia rhenana Lorb.,SPECIES,Plantae
134854888,2685796,5454,Pseudotsuga menziesii (Mirb.) Franco,ACCEPTED,2685796,Pseudotsuga menziesii (Mirb.) Franco,SPECIES,Plantae
134854889,7315063,5451,Pseudofumaria alba (Mill.) Lidén,ACCEPTED,7315063,Pseudofumaria alba (Mill.) Lidén,SPECIES,Plantae
134854890,9805907,4731,"Cernuella virgata (da Costa, 1778)",ACCEPTED,9805907,"Cernuella virgata (Da Costa, 1778)",SPECIES,Animalia
134854891,4562917,4761,"Cochlicella acuta (Müller, 1774)",ACCEPTED,4562917,"Cochlicella acuta (O.F.Müller, 1774)",SPECIES,Animalia
134854892,2888513,5452,Pseudofumaria lutea (L.) Borkh.,ACCEPTED,2888513,Pseudofumaria lutea (L.) Borkh.,SPECIES,Plantae
134854893,5285637,5395,Pinus sylvestris L.,ACCEPTED,5285637,Pinus sylvestris L.,SPECIES,Plantae
134854894,5285750,5389,Pinus contorta Douglas ex Loudon,ACCEPTED,5285750,Pinus contorta Douglas ex Loudon,SPECIES,Plantae
134854895,5285565,5392,Pinus pinaster Aiton,ACCEPTED,5285565,Pinus pinaster Aiton,SPECIES,Plantae
134854896,2296797,4706,"Candidula intersecta (Poiret, 1801)",SYNONYM,9890104,"Xeroplexa intersecta (Poiret, 1801)",SPECIES,Animalia
134854897,5284809,5391,Pinus nigra J.F. Arnold,ACCEPTED,5284809,Pinus nigra J.F.Arnold,SPECIES,Plantae
134854899,5284955,5380,Picea breweriana S. Watson,ACCEPTED,5284955,Picea breweriana S.Watson,SPECIES,Plantae
134854900,5284884,5379,Picea abies (L.) H. Karst.,ACCEPTED,5284884,Picea abies (L.) H.Karst.,SPECIES,Plantae
134854901,4567717,4663,"Boettgerilla pallens Simroth, 1912",ACCEPTED,4567717,"Boettgerilla pallens Simroth, 1912",SPECIES,Animalia
134854903,5284827,5382,Picea sitchensis (Bong.) Carrière,ACCEPTED,5284827,Picea sitchensis (Bong.) Carrière,SPECIES,Plantae
134854904,7540164,4607,"Arion vulgaris Moquin-Tandon, 1855",ACCEPTED,7540164,"Arion vulgaris Moquin-Tandon, 1855",SPECIES,Animalia
134854905,5284794,5381,Picea orientalis (L.) Peterm.,ACCEPTED,5284794,Picea orientalis (L.) Peterm.,SPECIES,Plantae
134854906,8735311,4606,"Arion occultus Anderson, 2004",ACCEPTED,8735311,"Arion occultus R.Anderson, 2004",SPECIES,Animalia
134854907,2294102,4604,"Arion fasciatus (Nilsson, 1823) Nilsson, 1823",ACCEPTED,2294102,"Arion fasciatus (Nilsson, 1823)",SPECIES,Animalia
134854908,2686212,5120,Larix decidua Mill.,ACCEPTED,2686212,Larix decidua Mill.,SPECIES,Plantae
134854909,9003393,4605,"Arion flagellus Collinge, 1893",ACCEPTED,9003393,"Arion flagellus Collinge, 1893",SPECIES,Animalia
134854910,2686157,5121,Larix kaempferi (Lamb.) Carrière,ACCEPTED,2686157,Larix kaempferi (Lamb.) Carrière,SPECIES,Plantae
134854917,2295425,5762,"Zonitoides arboreus (Say, 1816)",ACCEPTED,2295425,"Zonitoides arboreus (Say, 1817)",SPECIES,Animalia
134854918,5273393,5708,"Ulva californica Wille, 1899",ACCEPTED,5273393,Ulva californica Wille,SPECIES,Plantae
134854922,5272096,4762,"Codium fragile (Suringar) Hariot, 1889",ACCEPTED,5272096,Codium fragile (Suringar) Har.,SPECIES,Plantae
134854923,5272106,4763,"Codium fragile subsp. atlanticum (A.D.Cotton) P.C.Silva, 1955",ACCEPTED,5272106,Codium fragile subsp. atlanticum (Cotton) P.C.Silva,SUBSPECIES,Plantae
134854927,5191325,5412,"Pleurodiscus balmei (Potiez & Michaud, 1838)",ACCEPTED,5191325,"Pleurodiscus balmei (Potiez & Michaud, 1838)",SPECIES,Animalia
134854930,6096602,5177,Lophocolea semiteres (Lehm.) Mitt.,ACCEPTED,6096602,Lophocolea semiteres (Lehm.) Mitt.,SPECIES,Plantae
134854932,7384449,5479,"Radix rubiginosa (Michelin, 1831)",ACCEPTED,7384449,"Radix rubiginosa (Michelin, 1831)",SPECIES,Animalia
134854933,7425480,5176,"Lophocolea bispinosa (Hook. f. & Taylor) Gottsche, Lindenb. & Nees",ACCEPTED,7425480,"Lophocolea bispinosa (Hook.f. & Taylor) Gottsche, Lindenb. & Nees",SPECIES,Plantae
134854934,2297289,5033,"Helicodiscus parallelus (Say, 1821) Say, 1821",ACCEPTED,2297289,"Helicodiscus parallelus (Say, 1821)",SPECIES,Animalia
134854936,5189745,5408,"Planorbella duryi (Wetherby, 1879) Wetherby, 1879",ACCEPTED,5189745,"Planorbella duryi (Wetherby, 1879)",SPECIES,Animalia
134854937,4562197,5021,"Gyraulus chinensis Dunker, 1848",ACCEPTED,4562197,"Gyraulus chinensis (Dunker, 1848)",SPECIES,Animalia
134854939,2295309,5029,"Hawaiia minuscula (Binney, 1841)",ACCEPTED,2295309,"Hawaiia minuscula (A.Binney, 1841)",SPECIES,Animalia
134854941,5190486,5626,Subulina octona (Bruguière),ACCEPTED,5190486,"Subulina octona (Bruguière, 1789)",SPECIES,Animalia
134854942,9588792,5045,Heteroscyphus fissistipus (Hook.f. & Taylor) Schiffn.,ACCEPTED,9588792,Heteroscyphus fissistipus (Hook.f. & Taylor) Schiffn.,SPECIES,Plantae
134854944,8042757,5305,"Opeas hannensis (Rang, 1831)",SYNONYM,7362921,"Opeas hannense (Rang, 1831)",SPECIES,Animalia
134854946,2294131,4546,"Allopeas clavulinum (Potiez & Michaud, 1838)",ACCEPTED,2294131,"Allopeas clavulinum (Potiez & Michaud, 1838)",SPECIES,Animalia
134854952,2436940,5315,"Oryctolagus cuniculus (Linnaeus, 1758)",ACCEPTED,2436940,"Oryctolagus cuniculus (Linnaeus, 1758)",SPECIES,Animalia
134854953,7952072,5145,"Lepus europaeus Pallas, 1778",ACCEPTED,7952072,"Lepus europaeus Pallas, 1778",SPECIES,Animalia
134854957,2440196,5193,"Macropus rufogriseus (Desmarest, 1817)",ACCEPTED,2440196,"Macropus rufogriseus (Desmarest, 1817)",SPECIES,Animalia
134854960,5219616,4922,"Erinaceus europaeus Linnaeus, 1758",ACCEPTED,5219616,"Erinaceus europaeus Linnaeus, 1758",SPECIES,Animalia
134854963,7358533,5142,Leptotheca gaudichaudii var. gaudichaudii,ACCEPTED,7358533,Leptotheca gaudichaudii var. gaudichaudii,VARIETY,Plantae
134854964,2435654,4819,"Crocidura russula (Hermann, 1780)",ACCEPTED,2435654,"Crocidura russula (Hermann, 1780)",SPECIES,Animalia
134854969,2437450,5643,"Tamias sibiricus (Laxmann, 1769)",ACCEPTED,2437450,"Tamias sibiricus (Laxmann, 1769)",SPECIES,Animalia
134854970,5219681,5545,"Sciurus carolinensis Gmelin, 1788",ACCEPTED,5219681,"Sciurus carolinensis Gmelin, 1788",SPECIES,Animalia
134854972,2670766,5040,"Hennediella stanfordensis Blockeel, 1990",ACCEPTED,2670766,Hennediella stanfordensis (Steere) Blockeel,SPECIES,Plantae
134854973,2439658,5255,"Muscardinus avellanarius (Linnaeus, 1758)",ACCEPTED,2439658,"Muscardinus avellanarius (Linnaeus, 1758)",SPECIES,Animalia
134854977,4264680,5261,"Myocastor coypus (Molina, 1782)",ACCEPTED,4264680,"Myocastor coypus (Molina, 1782)",SPECIES,Animalia
134854979,2675580,4868,"Dicranoloma menziesii Paris, 1904",DOUBTFUL,2675580,Dicranoloma menziesii (Hook.f. & Wilson) Paris,SPECIES,Plantae
134854980,5219858,5302,"Ondatra zibethicus (Linnaeus, 1766)",ACCEPTED,5219858,"Ondatra zibethicus (Linnaeus, 1766)",SPECIES,Animalia
134854983,2439140,4757,"Clethrionomys glareolus (Schreber, 1780)",HOMOTYPIC_SYNONYM,5706764,"Myodes glareolus (Schreber, 1780)",SPECIES,Animalia
134854986,2439261,5485,"Rattus norvegicus (Berkenhout, 1769)",ACCEPTED,2439261,"Rattus norvegicus (Berkenhout, 1769)",SPECIES,Animalia
134854987,2439270,5486,"Rattus rattus (Linnaeus, 1758)",ACCEPTED,2439270,"Rattus rattus (Linnaeus, 1758)",SPECIES,Animalia
134854988,7429082,5254,"Mus musculus Linnaeus, 1758",ACCEPTED,7429082,"Mus musculus Linnaeus, 1758",SPECIES,Animalia
134854991,7705930,5628,"Sus scrofa Linnaeus, 1758",ACCEPTED,7705930,"Sus scrofa Linnaeus, 1758",SPECIES,Animalia
134854992,2669838,4697,"Calyptrochaeta apiculata Vitt, 1979",ACCEPTED,2669838,Calyptrochaeta apiculata (Hook.f. & Wilson) Vitt,SPECIES,Plantae
134854994,2441110,5317,"Ovis aries Linnaeus, 1758",ACCEPTED,2441110,"Ovis aries Linnaeus, 1758",SPECIES,Animalia
134854995,2441056,4709,"Capra hircus Linnaeus, 1758",ACCEPTED,2441056,"Capra hircus Linnaeus, 1758",SPECIES,Animalia
134854997,2440946,5253,"Muntiacus reevesi (Ogilby, 1839)",ACCEPTED,2440946,"Muntiacus reevesi (Ogilby, 1839)",SPECIES,Animalia
134854998,5220136,4853,"Dama dama (Linnaeus, 1758)",ACCEPTED,5220136,"Dama dama (Linnaeus, 1758)",SPECIES,Animalia
134854999,2440954,4732,"Cervus nippon Temminck, 1838",ACCEPTED,2440954,"Cervus nippon Temminck, 1838",SPECIES,Animalia
134855000,5220126,4711,"Capreolus capreolus (Linnaeus, 1758)",ACCEPTED,5220126,"Capreolus capreolus (Linnaeus, 1758)",SPECIES,Animalia
134855003,5218786,5442,"Procyon lotor (Linnaeus, 1758)",ACCEPTED,5218786,"Procyon lotor (Linnaeus, 1758)",SPECIES,Animalia
134855005,5816581,5257,"Mustela furo Linnaeus, 1758",SYNONYM,5218913,"Mustela putorius furo Linnaeus, 1758",SUBSPECIES,Animalia
134855007,2433652,5272,"Neovison vison (Schreber, 1777)",SYNONYM,5218823,"Mustela vison Schreber, 1777",SPECIES,Animalia
134855010,2670188,4694,"Calomnion complanatum Lindberg, 1872",ACCEPTED,2670188,Calomnion complanatum (Hook.f. & Wilson) Lindb.,SPECIES,Plantae
134855011,2435035,4969,"Felis catus Linnaeus, 1758",ACCEPTED,2435035,"Felis catus Linnaeus, 1758",SPECIES,Animalia
134855013,6164210,4707,"Canis lupus subsp. familiaris Linnaeus, 1758",ACCEPTED,6164210,"Canis lupus familiaris Linnaeus, 1758",SUBSPECIES,Animalia
134855018,2682955,4627,"Atrichum crispum Sullivant & Lesquereux, 1856",ACCEPTED,2682955,Atrichum crispum (James) Sull.,SPECIES,Plantae
134855020,5217160,4680,"Bufo bufo (Linnaeus, 1758)",ACCEPTED,5217160,"Bufo bufo (Linnaeus, 1758)",SPECIES,Animalia
134855026,2650107,4638,Azolla filiculoides Lam.,ACCEPTED,2650107,Azolla filiculoides Lam.,SPECIES,Plantae
134855033,5200487,5345,"Perophora japonica Oka, 1927",ACCEPTED,5200487,"Perophora japonica Oka, 1927",SPECIES,Animalia
134855034,5278964,5013,"Gracilaria vermiculophylla (Ohmi) Papenfuss, 1967",ACCEPTED,5278964,Gracilaria vermiculophylla (Ohmi) Papenfuss,SPECIES,Plantae
134855037,2329770,4869,"Didemnum vexillum Romanov, 1989",DOUBTFUL,2329770,"Didemnum vexillum Romanov, 1989",SPECIES,Animalia
134855039,5200463,4778,"Corella eumyota Traustedt, 1882",ACCEPTED,5200463,"Corella eumyota Traustedt, 1882",SPECIES,Animalia
134855042,2331498,5245,"Molgula manhattensis (DeKay, 1843)",ACCEPTED,2331498,"Molgula manhattensis (De Kay, 1843)",SPECIES,Animalia
134855044,2331942,5625,"Styela clava Herdman, 1881",ACCEPTED,2331942,"Styela clava Herdman, 1881",SPECIES,Animalia
134855045,4354941,4667,"Botrylloides violaceus Oka, 1927",ACCEPTED,4354941,"Botrylloides violaceus Oka, 1927",SPECIES,Animalia
134855048,2656674,4829,"Cryptonemia hibernica Guiry & L.M.Irvine, 1974",ACCEPTED,2656674,"Cryptonemia hibernica Guiry & L.M.Irvine, 1974",SPECIES,Plantae
134855051,2330928,4592,"Aplidium glabrum (Verrill, 1871)",ACCEPTED,2330928,"Aplidium glabrum (Verrill, 1871)",SPECIES,Animalia
134855055,2668884,4665,"Bonnemaisonia hamifera Hariot, 1891",ACCEPTED,2668884,Bonnemaisonia hamifera Hariot,SPECIES,Plantae
134855058,6157026,5682,"Trachemys scripta subsp. elegans (Wied, 1838)",ACCEPTED,6157026,"Trachemys scripta elegans (Wied, 1838)",SUBSPECIES,Animalia
134855059,7062200,5683,Trachemys scripta subsp. scripta,ACCEPTED,7062200,Trachemys scripta scripta,SUBSPECIES,Animalia
134855061,2441905,4738,"Chelydra serpentina Linnaeus, 1758",ACCEPTED,2441905,"Chelydra serpentina (Linnaeus, 1758)",SPECIES,Animalia
134855063,5279840,4619,"Asparagopsis armata Harvey, 1855",ACCEPTED,5279840,Asparagopsis armata Harv.,SPECIES,Plantae
134855067,5277824,5427,"Polysiphonia subtilissima Montagne, 1840",HOMOTYPIC_SYNONYM,6452846,Neosiphonia subtilissima (Mont.) M.S.Kim & I.K.Lee,SPECIES,Plantae
134855068,2468095,4573,"Anguis fragilis Linnaeus, 1758",ACCEPTED,2468095,"Anguis fragilis Linnaeus, 1758",SPECIES,Animalia
134855069,7776152,5271,"Neosiphonia harveyi (Bailey) M.-S.Kim, H.-G.Choi, Guiry & G.W.Saunders, 2001",HOMOTYPIC_SYNONYM,9738520,Melanothamnus harveyi (Bailey) Diaz-Tapia & Maggs,SPECIES,Plantae
134855073,2479226,5455,"Psittacula krameri (Scopoli, 1769)",ACCEPTED,2479226,"Psittacula krameri (Scopoli, 1769)",SPECIES,Animalia
134855076,2482499,4785,"Corvus splendens Vieillot, 1817",ACCEPTED,2482499,"Corvus splendens Vieillot, 1817",SPECIES,Animalia
134855079,9752149,5361,"Phasianus colchicus Linnaeus, 1758",ACCEPTED,9752149,"Phasianus colchicus Linnaeus, 1758",SPECIES,Animalia
134855082,2474051,4534,"Alectoris rufa (Linnaeus, 1758)",ACCEPTED,2474051,"Alectoris rufa (Linnaeus, 1758)",SPECIES,Animalia
134855085,2659055,5047,"Heterosiphonia japonica Yendo, 1920",SYNONYM,7682935,Dasysiphonia japonica (Yendo) H.-S.Kim,SPECIES,Plantae
134855088,2657641,4589,"Antithamnionella ternifolia (J.D.Hooker & Harvey) Lyle, 1922",ACCEPTED,2657641,Antithamnionella ternifolia (Hook.f. & Harv.) Lyle,SPECIES,Plantae
134855089,2657432,4587,"Antithamnion densum (Suhr) M.A.Howe, 1914",ACCEPTED,2657432,Antithamnion densum (Suhr) M.A.Howe,SPECIES,Plantae
134855090,2498167,4578,"Anser caerulescens (Linnaeus, 1758)",ACCEPTED,2498167,"Anser caerulescens (Linnaeus, 1758)",SPECIES,Animalia
134855091,2657651,4588,"Antithamnionella spirographidis (Schiffner) E.M.Wollaston, 1968",ACCEPTED,2657651,Antithamnionella spirographidis (Schiffner) E.M.Wollaston,SPECIES,Plantae
134855092,2498015,5639,"Tadorna ferruginea (Pallas, 1764)",ACCEPTED,2498015,"Tadorna ferruginea (Pallas, 1764)",SPECIES,Animalia
134855097,2498305,5326,"Oxyura jamaicensis (Gmelin, 1789)",ACCEPTED,2498305,"Oxyura jamaicensis (J.F.Gmelin, 1789)",SPECIES,Animalia
134855098,2498344,4846,"Cygnus atratus (Latham, 1790)",ACCEPTED,2498344,"Cygnus atratus (Latham, 1790)",SPECIES,Animalia
134855099,5232437,4669,"Branta canadensis (Linnaeus, 1758)",ACCEPTED,5232437,"Branta canadensis (Linnaeus, 1758)",SPECIES,Animalia
134855100,2498388,4531,"Aix galericulata (Linnaeus, 1758)",ACCEPTED,2498388,"Aix galericulata (Linnaeus, 1758)",SPECIES,Animalia
134855102,2688189,5561,Selaginella kraussiana (G. Kunze) A. Br.,ACCEPTED,2688189,Selaginella kraussiana (Kunze) A.Braun,SPECIES,Plantae
134855107,8140485,5342,"Perca fluviatilis Linnaeus, 1758",ACCEPTED,8140485,"Perca fluviatilis Linnaeus, 1758",SPECIES,Animalia
134855111,5204019,5301,"Oncorhynchus mykiss (Walbaum, 1792)",ACCEPTED,5204019,"Oncorhynchus mykiss (Walbaum, 1792)",SPECIES,Animalia
134855114,3598702,4842,Cyathea dealbata (Forst.) Sw.,SYNONYM,5529608,Alsophila dealbata (G.Forst.) C.Presl,SPECIES,Plantae
134855115,2346633,4935,"Esox lucius Linnaeus, 1758",ACCEPTED,2346633,"Esox lucius Linnaeus, 1758",SPECIES,Animalia
134855120,2651122,5428,Polystichum munitum (Kaulf.) Presl,ACCEPTED,2651122,Polystichum munitum (Kaulf.) C.Presl,SPECIES,Plantae
134855121,5204862,4643,"Barbatula barbatula (Linnaeus, 1758)",ACCEPTED,5204862,"Barbatula barbatula (Linnaeus, 1758)",SPECIES,Animalia
134855124,2362524,5673,"Tinca tinca (Linnaeus, 1758)",ACCEPTED,2362524,"Tinca tinca (Linnaeus, 1758)",SPECIES,Animalia
134855125,2359706,5515,"Rutilus rutilus (Linnaeus, 1758)",ACCEPTED,2359706,"Rutilus rutilus (Linnaeus, 1758)",SPECIES,Animalia
134855127,2362635,5544,"Scardinius erythrophthalmus (Linnaeus, 1758)",ACCEPTED,2362635,"Scardinius erythrophthalmus (Linnaeus, 1758)",SPECIES,Animalia
134855128,2365685,5614,"Squalius cephalus (Linnaeus, 1758)",ACCEPTED,2365685,"Squalius cephalus (Linnaeus, 1758)",SPECIES,Animalia
134855129,7289949,5241,Microsorum pustulatum (G. Forst.) Copel.,SYNONYM,11829634,Lecanopteris pustulata subsp. pustulata,SUBSPECIES,Plantae
134855130,4409653,5367,"Phoxinus phoxinus (Linnaeus, 1758)",ACCEPTED,4409653,"Phoxinus phoxinus (Linnaeus, 1758)",SPECIES,Animalia
134855132,4409641,5147,"Leuciscus leuciscus (Linnaeus, 1758)",ACCEPTED,4409641,"Leuciscus leuciscus (Linnaeus, 1758)",SPECIES,Animalia
134855134,2651005,5304,Onoclea struthiopteris,SYNONYM,2650999,Matteuccia struthiopteris (L.) Tod.,SPECIES,Plantae
134855136,5275359,5754,Woodwardia radicans (L.) Sm.,ACCEPTED,5275359,Woodwardia radicans (L.) Sm.,SPECIES,Plantae
134855137,4409628,5012,"Gobio gobio (Linnaeus, 1758)",ACCEPTED,4409628,"Gobio gobio (Linnaeus, 1758)",SPECIES,Animalia
134855138,4078566,4662,Blechnum cordatum (Desv.) Hieron.,SYNONYM,8788742,Parablechnum cordatum (Desv.) Gasper & Salino,SPECIES,Plantae
134855139,4286975,4851,"Cyprinus carpio Linnaeus, 1758",ACCEPTED,4286975,"Cyprinus carpio Linnaeus, 1758",SPECIES,Animalia
134855140,9809222,4502,"Abramis brama (Linnaeus, 1758)",ACCEPTED,9809222,"Abramis brama (Linnaeus, 1758)",SPECIES,Animalia
134855148,2188249,5717,"Varroa destructor Anderson & Trueman, 2000",ACCEPTED,2188249,"Varroa destructor Anderson & Trueman, 2000",SPECIES,Animalia
134855150,9152048,5644,Tamus communis Link,DOUBTFUL,9152048,"Tamus communis Link, 1825",SPECIES,Plantae
134855152,2183432,4861,"Dermacentor reticulatus Fabricius, 1794",ACCEPTED,2183432,"Dermacentor reticulatus Fabricius, 1794",SPECIES,Animalia
134855156,2766030,5429,Pontederia cordata L.,ACCEPTED,2766030,Pontederia cordata L.,SPECIES,Plantae
134855160,6109529,5365,Phoenix canariensis Chabaud,DOUBTFUL,6109529,Phoenix canariensis hort. ex Chabaud,SPECIES,Plantae
134855163,3626311,5321,Oxalis exilis A. Cunn.,ACCEPTED,3626311,Oxalis exilis A.Cunn.,SPECIES,Plantae
134855166,8200040,5438,"Porcelloides tenuicaudus (Claus, 1860)",ACCEPTED,8200040,"Porcelloides tenuicaudus (Claus, 1860)",SPECIES,Animalia
134855167,2891720,5322,Oxalis incarnata L.,ACCEPTED,2891720,Oxalis incarnata L.,SPECIES,Plantae
134855168,2891755,5323,Oxalis latifolia Kunth,ACCEPTED,2891755,Oxalis latifolia Kunth,SPECIES,Plantae
134855169,7156959,5324,Oxalis rosea Jacq.,ACCEPTED,7156959,Oxalis rosea Jacq.,SPECIES,Plantae
134855172,4324852,5260,"Myicola ostreae Hoshina & Sugiura, 1953",ACCEPTED,4324852,"Myicola ostreae Hoshina & Sugiura, 1953",SPECIES,Animalia
134855173,2891664,5318,Oxalis articulata Savigny,ACCEPTED,2891664,Oxalis articulata Savigny,SPECIES,Plantae
134855174,8427624,5319,Oxalis corniculata L.,ACCEPTED,8427624,Oxalis corniculata L.,SPECIES,Plantae
134855175,2891707,5320,Oxalis debilis Kunth,ACCEPTED,2891707,Oxalis debilis Kunth,SPECIES,Plantae
134855178,2110813,5267,"Mytilicola orientalis Mori, 1935",ACCEPTED,2110813,"Mytilicola orientalis Mori, 1935",SPECIES,Animalia
134855179,2753026,5156,Lilium pyrenaicum Gouan,ACCEPTED,2753026,Lilium pyrenaicum Gouan,SPECIES,Plantae
134855182,2110811,5266,"Mytilicola intestinalis Steuer, 1903",ACCEPTED,2110811,"Mytilicola intestinalis Steuer, 1902",SPECIES,Animalia
134855183,5329027,5517,Sagittaria rigida Pursh,ACCEPTED,5329027,Sagittaria rigida Pursh,SPECIES,Plantae
134855185,2110505,5043,"Herrmannella duggani (Holmes & Minchin, 1991)",ACCEPTED,2110505,"Herrmannella duggani Holmes & Minchin, 1991",SPECIES,Animalia
134855188,2864775,5183,Luronium natans (L.) Raf.,ACCEPTED,2864775,Luronium natans (L.) Raf.,SPECIES,Plantae
134855191,2220312,5039,"Hemimysis anomala G. O. Sars, 1907",ACCEPTED,2220312,"Hemimysis anomala G.O.Sars, 1907",SPECIES,Animalia
134855194,5329192,5624,Stratiotes aloides L.,ACCEPTED,5329192,Stratiotes aloides L.,SPECIES,Plantae
134855195,2223427,5212,"Marsupenaeus japonicus (Bate, 1888)",SYNONYM,2223429,"Penaeus japonicus Spence Bate, 1888",SPECIES,Animalia
134855197,2225776,4924,"Eriocheir sinensis H. Milne Edwards, 1853",ACCEPTED,2225776,"Eriocheir sinensis H.Milne Edwards, 1853",SPECIES,Animalia
134855200,2865565,5110,Lagarosiphon major (Ridl.) Moss,ACCEPTED,2865565,Lagarosiphon major (Ridl.) Moss,SPECIES,Plantae
134855201,2208401,5688,"Trichoniscoides sarsi Patience, 1908",ACCEPTED,2208401,"Trichoniscoides sarsi Patience, 1908",SPECIES,Animalia
134855202,2865448,4893,Elodea canadensis Michx.,ACCEPTED,2865448,Elodea canadensis Michx.,SPECIES,Plantae
134855203,5329212,4894,Elodea nuttallii (Planch.) H.St.John,ACCEPTED,5329212,Elodea nuttallii (Planch.) H.St.John,SPECIES,Plantae
134855204,5329260,4890,Egeria densa Planch.,SYNONYM,5329263,Elodea densa (Planch.) Casp.,SPECIES,Plantae
134855206,2868827,5759,Zantedeschia aethiopica (L.) Spreng.,ACCEPTED,2868827,Zantedeschia aethiopica (L.) Spreng.,SPECIES,Plantae
134855207,2867614,5130,Lemna minuta Kunth,ACCEPTED,2867614,Lemna minuta Kunth,SPECIES,Plantae
134855209,6284535,5436,"Porcellio laevis Latreille, 1804",ACCEPTED,6284535,"Porcellio laevis Latreille, 1804",SPECIES,Animalia
134855210,2869311,5188,Lysichiton americanus Hultén & H.St.John,ACCEPTED,2869311,Lysichiton americanus Hultén & H.St.John,SPECIES,Plantae
134855211,2211355,5437,"Porcellionides pruinosus (Brandt, 1833)",ACCEPTED,2211355,"Porcellionides pruinosus (Brandt, 1833)",SPECIES,Animalia
134855212,5330001,4877,Dracunculus vulgaris Schott,ACCEPTED,5330001,Dracunculus vulgaris Schott,SPECIES,Plantae
134855214,5175940,5159,"Limnoria tripunctata Menzies, 1951",ACCEPTED,5175940,"Limnoria tripunctata Menzies, 1951",SPECIES,Animalia
134855216,7228304,4617,Arum italicum subsp. italicum,ACCEPTED,7228304,Arum italicum subsp. italicum,SUBSPECIES,Plantae
134855217,2203739,4609,"Armadillidium nasatum Budde-Lund, 1885",ACCEPTED,2203739,"Armadillidium nasatum Budde-Lund, 1885",SPECIES,Animalia
134855218,5330661,4616,Arum italicum Mill.,ACCEPTED,5330661,Arum italicum Mill.,SPECIES,Plantae
134855219,2203804,4608,"Armadillidium depressum Brandt, 1833",ACCEPTED,2203804,"Armadillidium depressum Brandt, 1833",SPECIES,Animalia
134855221,5328593,4593,Aponogeton distachyos L.f.,ACCEPTED,5328593,Aponogeton distachyos L.f.,SPECIES,Plantae
134855226,2219853,4992,"Gammarus pulex (Linnaeus, 1758)",ACCEPTED,2219853,"Gammarus pulex (Linnaeus, 1758)",SPECIES,Animalia
134855227,2778511,5366,Phormium tenax J.R.Forst. & G.Forst.,ACCEPTED,2778511,Phormium tenax J.R.Forst. & G.Forst.,SPECIES,Plantae
134855228,2219863,4993,"Gammarus tigrinus Sexton, 1939",ACCEPTED,2219863,"Gammarus tigrinus Sexton, 1939",SPECIES,Animalia
134855229,2781074,5038,Hemerocallis fulva (L.) L.,ACCEPTED,2781074,Hemerocallis fulva (L.) L.,SPECIES,Plantae
134855233,2217982,4809,"Crangonyx pseudogracilis Bousfield, 1958",ACCEPTED,2217982,"Crangonyx pseudogracilis Bousfield, 1958",SPECIES,Animalia
134855235,5296862,5151,Libertia formosa Graham,SYNONYM,5296860,Libertia chilensis (Molina) Gunckel,SPECIES,Plantae
134855237,2217353,5246,"Monocorophium insidiosum (Crawford, 1937)",ACCEPTED,2217353,"Monocorophium insidiosum (Crawford, 1937)",SPECIES,Animalia
134855238,4314702,5247,"Monocorophium sextonae (Crawford, 1937)",ACCEPTED,4314702,"Monocorophium sextonae (Crawford, 1937)",SPECIES,Animalia
134855239,5296432,5588,Sisyrinchium striatum Sm.,ACCEPTED,5296432,Sisyrinchium striatum Sm.,SPECIES,Plantae
134855240,2217322,4783,"Corophium sextonae Hurley, 1954",ACCEPTED,2217322,"Corophium sextonae Hurley, 1954",SPECIES,Animalia
134855241,4314683,4736,"Chelicorophium curvispinum (G.O. Sars, 1895)",ACCEPTED,4314683,"Chelicorophium curvispinum (G.O.Sars, 1895)",SPECIES,Animalia
134855243,5178057,4710,"Caprella mutica Schurin, 1935",ACCEPTED,5178057,"Caprella mutica Schurin, 1935",SPECIES,Animalia
134855245,5296218,5587,Sisyrinchium californicum (Ker Gawl.) Dryand.,ACCEPTED,5296218,Sisyrinchium californicum (Ker Gawl.) Dryand.,SPECIES,Plantae
134855246,4314748,4599,"Arcitalitrus dorrieni (Hunt, 1925)",ACCEPTED,4314748,"Arcitalitrus dorrieni (Hunt, 1925)",SPECIES,Animalia
134855247,2750096,5007,Gladiolus communis L.,ACCEPTED,2750096,Gladiolus communis L.,SPECIES,Plantae
134855250,2115769,4634,"Austrominius modestus (Darwin, 1854)",ACCEPTED,2115769,"Austrominius modestus (Darwin, 1854)",SPECIES,Animalia
134855251,2747567,4824,Crocus vernus (L.) Hill,ACCEPTED,2747567,Crocus vernus (L.) Hill,SPECIES,Plantae
134855252,2115729,4639,"Balanus amphitrite Darwin, 1854",HOMOTYPIC_SYNONYM,4805564,"Amphibalanus amphitrite (Darwin, 1854)",SPECIES,Animalia
134855253,2747959,4823,Crocosmia pottsii (Baker) N.E.Br.,ACCEPTED,2747959,Crocosmia pottsii (Baker) N.E.Br.,SPECIES,Plantae
134855254,2747927,4822,Crocosmia paniculata (Klatt) Goldblatt,ACCEPTED,2747927,Crocosmia paniculata (Klatt) Goldblatt,SPECIES,Plantae
134855255,2747946,4821,Crocosmia masoniorum (L.Bolus) N.E.Br.,ACCEPTED,2747946,Crocosmia masoniorum (L.Bolus) N.E.Br.,SPECIES,Plantae
134855256,6467647,4558,"Amphibalanus improvisus Darwin, 1854",ACCEPTED,6467647,"Amphibalanus improvisus (Darwin, 1854)",SPECIES,Animalia
134855257,2747939,4820,Crocosmia crocosmiiflora (Lemoine) N.E.Br.,ACCEPTED,2747939,Crocosmia ×crocosmiiflora (Lemoine) N.E.Br.,SPECIES,Plantae
134855263,2768886,4620,Asparagus officinalis subsp. officinalis,ACCEPTED,2768886,Asparagus officinalis subsp. officinalis,SUBSPECIES,Plantae
134855264,2770022,5424,Polygonatum multiflorum (L.) All.,ACCEPTED,2770022,Polygonatum multiflorum (L.) All.,SPECIES,Plantae
134855265,7881150,5423,Polygonatum hybridum Brügger,ACCEPTED,7881150,Polygonatum ×hybridum Brügger,SPECIES,Plantae
134855266,1016602,5622,"Stosatea italica (Latzel, 1886)",ACCEPTED,1016602,"Stosatea italicum (Latzel, 1886)",SPECIES,Animalia
134855267,2769766,5514,Ruscus aculeatus L.,ACCEPTED,2769766,Ruscus aculeatus L.,SPECIES,Plantae
134855268,8152187,5256,Muscari armeniacum H.J.Veitch,ACCEPTED,8152187,Muscari armeniacum H.J.Veitch,SPECIES,Plantae
134855271,2773448,5311,Ornithogalum umbellatum L.,ACCEPTED,2773448,Ornithogalum umbellatum L.,SPECIES,Plantae
134855272,5304257,5062,Hyacinthoides hispanica (Mill.) Rothm.,ACCEPTED,5304257,Hyacinthoides hispanica (Mill.) Rothm.,SPECIES,Plantae
134855273,5304294,5063,Hyacinthoides massartiana Geerinck,ACCEPTED,5304294,Hyacinthoides ×massartiana Geerinck,SPECIES,Plantae
134855274,6187379,5229,"Melogona gallica (Latzel, 1884)",ACCEPTED,6187379,"Melogona gallica (Latzel, 1884)",SPECIES,Animalia
134855275,2855338,4986,Galanthus plicatus M.Bieb.,ACCEPTED,2855338,Galanthus plicatus M.Bieb.,SPECIES,Plantae
134855278,1014424,5277,"Nopoiulus kochii (Gervais, 1847)",ACCEPTED,1014424,"Nopoiulus kochii (Gervais, 1847)",SPECIES,Animalia
134855279,2855356,4985,Galanthus nivalis L.,ACCEPTED,2855356,Galanthus nivalis L.,SPECIES,Plantae
134855280,2855398,4984,Galanthus elwesii Hook.f.,ACCEPTED,2855398,Galanthus elwesii Hook.f.,SPECIES,Plantae
134855281,2766411,4776,Cordyline australis (G.Forst.) Endl.,ACCEPTED,2766411,Cordyline australis (G.Forst.) Endl.,SPECIES,Plantae
134855284,2858200,5269,Narcissus L.,ACCEPTED,2858200,Narcissus L.,GENUS,Plantae
134855285,1013932,5140,"Leptoiulus belgicus (Latzel, 1884)",ACCEPTED,1013932,"Leptoiulus belgicus (Latzel, 1884)",SPECIES,Animalia
134855286,2856037,4536,Allium ampeloprasum L.,ACCEPTED,2856037,Allium ampeloprasum L.,SPECIES,Plantae
134855287,2855968,4537,Allium carinatum L.,ACCEPTED,2855968,Allium carinatum L.,SPECIES,Plantae
134855288,2857697,4538,Allium cepa L.,ACCEPTED,2857697,Allium cepa L.,SPECIES,Plantae
134855289,2856348,4539,Allium neapolitanum Cirillo,ACCEPTED,2856348,Allium neapolitanum Cirillo,SPECIES,Plantae
134855292,2857071,4540,Allium oleraceum L.,ACCEPTED,2857071,Allium oleraceum L.,SPECIES,Plantae
134855293,2857017,4541,Allium paradoxum (M.Bieb.) G.Don,ACCEPTED,2857017,Allium paradoxum (M.Bieb.) G.Don,SPECIES,Plantae
134855294,1028373,4520,"Adenomeris gibbosa Mauriès, 1960",ACCEPTED,1028373,"Adenomeris gibbosa Mauriès, 1960",SPECIES,Animalia
134855295,2856681,4542,Allium sativum L.,ACCEPTED,2856681,Allium sativum L.,SPECIES,Plantae
134855296,2855860,4543,Allium schoenoprasum L.,ACCEPTED,2855860,Allium schoenoprasum L.,SPECIES,Plantae
134855297,9177060,4544,Allium scorodoprasum L.,ACCEPTED,9177060,Allium scorodoprasum L.,SPECIES,Plantae
134855301,2856457,4545,Allium triquetrum L.,ACCEPTED,2856457,Allium triquetrum L.,SPECIES,Plantae
134855303,1032409,5055,"Hoplopleura sciuricola Ferris, 1921",ACCEPTED,1032409,"Hoplopleura sciuricola Ferris, 1921",SPECIES,Animalia
134855305,2701447,5095,Juncus planifolius R.Br.,ACCEPTED,2701447,Juncus planifolius R.Br.,SPECIES,Plantae
134855307,1032647,5023,"Haemodipsus ventricosus (Denny, 1842)",ACCEPTED,1032647,"Haemodipsus ventricosus (Denny, 1842)",SPECIES,Animalia
134855308,2702084,5096,Juncus tenuis Willd.,ACCEPTED,2702084,Juncus tenuis Willd.,SPECIES,Plantae
134855309,2701599,5094,Juncus compressus Jacq.,ACCEPTED,2701599,Juncus compressus Jacq.,SPECIES,Plantae
134855312,8243603,4850,Cyperus longus L.,ACCEPTED,8243603,Cyperus longus L.,SPECIES,Plantae
134855313,1032234,4898,"Enderleinellus longiceps Kellogg & Ferris, 1915",ACCEPTED,1032234,"Enderleinellus longiceps Kellogg & Ferris, 1915",SPECIES,Animalia
134855314,2715482,4849,Cyperus eragrostis Lam.,ACCEPTED,2715482,Cyperus eragrostis Lam.,SPECIES,Plantae
134855315,2712244,4715,Carex buchananii Berggr.,ACCEPTED,2712244,Carex buchananii Berggr.,SPECIES,Plantae
134855319,1419867,5209,"Marava arachidis Yersin, A, 1860",ACCEPTED,1419867,"Marava arachidis (Yersin, 1860)",SPECIES,Animalia
134855321,4127352,5538,Sasaella ramosa (Makino) Makino,ACCEPTED,4127352,Sasaella ramosa (Makino) Makino,SPECIES,Plantae
134855323,1419894,4936,"Euborellia annulipes (Lucas, HF, 1847)",ACCEPTED,1419894,"Euborellia annulipes (Lucas, 1847)",SPECIES,Animalia
134855327,2703611,5621,Stipa tenuissima Trin.,SYNONYM,5289833,Nassella tenuissima (Trin.) Barkworth,SPECIES,Plantae
134855328,1450317,5653,"Telmatogeton japonicus Tokunaga, 1933",ACCEPTED,1450317,"Telmatogeton japonicus Tokunaga, 1933",SPECIES,Animalia
134855330,5289693,5572,Setaria pumila (Poir.) Roem. & Schult.,ACCEPTED,5289693,Setaria pumila (Poir.) Roem. & Schult.,SPECIES,Plantae
134855331,5290052,5760,Zea mays L.,ACCEPTED,5290052,Zea mays L.,SPECIES,Plantae
134855332,5289590,5752,Vulpia myuros (L.) C.C.Gmel.,SYNONYM,2702727,Festuca myuros L.,SPECIES,Plantae
134855334,2703761,4574,Anisantha diandra (Roth) Tutin ex Tzvelev,SYNONYM,2703760,Bromus diandrus Roth,SPECIES,Plantae
134855336,2703751,4577,Anisantha tectorum (L.) Nevski,SYNONYM,2703746,Bromus tectorum L.,SPECIES,Plantae
134855339,2703648,4576,Anisantha sterilis (L.) Nevski,SYNONYM,2703647,Bromus sterilis L.,SPECIES,Plantae
134855341,2703722,4575,Anisantha madritensis (L.) Nevski,SYNONYM,2703721,Bromus madritensis L.,SPECIES,Plantae
134855342,4126610,5660,Thamnocalamus spathiflorus (Trin.) Munro,ACCEPTED,4126610,Thamnocalamus spathiflorus (Trin.) Munro,SPECIES,Plantae
134855343,1553384,5165,"Liriomyza trifolii Burgess, 1880",ACCEPTED,1553384,"Liriomyza trifolii (Burgess, 1880)",SPECIES,Animalia
134855344,1553410,5164,"Liriomyza huidobrensis Blanchard, 1926",ACCEPTED,1553410,"Liriomyza huidobrensis (Blanchard, 1926)",SPECIES,Animalia
134855346,1626096,4728,"Ceratitis capitata (Wiedemann, 1824)",ACCEPTED,1626096,"Ceratitis capitata (Wiedemann, 1824)",SPECIES,Animalia
134855347,7795888,5700,Triticum aestivum L.,ACCEPTED,7795888,Triticum aestivum L.,SPECIES,Plantae
134855348,2706541,4529,Agrostis gigantea Roth,ACCEPTED,2706541,Agrostis gigantea Roth,SPECIES,Plantae
134855350,5290097,4550,Alopecurus myosuroides Huds.,ACCEPTED,5290097,Alopecurus myosuroides Huds.,SPECIES,Plantae
134855352,1997400,5627,"Supella longipalpa (Fabricius, 1798)",ACCEPTED,1997400,"Supella longipalpa (Fabricius, 1798)",SPECIES,Animalia
134855353,4136947,4567,Anemanthele lessoniana (Steud.) Veldkamp,ACCEPTED,4136947,Anemanthele lessoniana (Steud.) Veldkamp,SPECIES,Plantae
134855355,1994767,5469,"Pycnoscelus surinamensis (Linnaeus, 1758)",ACCEPTED,1994767,"Pycnoscelus surinamensis (Linnaeus, 1758)",SPECIES,Animalia
134855356,5289642,4590,Apera spica-venti (L.) P.Beauv.,ACCEPTED,5289642,Apera spica-venti (L.) P.Beauv.,SPECIES,Plantae
134855357,2705297,4635,Avena fatua L.,ACCEPTED,2705297,Avena fatua L.,SPECIES,Plantae
134855358,6067827,4633,Austroderia richardii (Endl.) N.P.Barker & H.P.Linder,ACCEPTED,6067827,Austroderia richardii (Endl.) N.P.Barker & H.P.Linder,SPECIES,Plantae
134855359,5150237,4656,"Blaberus giganteus (Linnaeus, 1758)",ACCEPTED,5150237,"Blaberus giganteus (Linnaeus, 1758)",SPECIES,Animalia
134855360,2705290,4636,Avena sativa L.,ACCEPTED,2705290,Avena sativa L.,SPECIES,Plantae
134855362,2705295,4637,Avena strigosa Schreb.,ACCEPTED,2705295,Avena strigosa Schreb.,SPECIES,Plantae
134855363,2703717,4676,Bromus secalinus L.,ACCEPTED,2703717,Bromus secalinus L.,SPECIES,Plantae
134855364,2702792,4674,Briza maxima L.,ACCEPTED,2702792,Briza maxima L.,SPECIES,Plantae
134855365,2000204,5344,"Periplaneta australasiae (Fabricius, 1775)",ACCEPTED,2000204,"Periplaneta australasiae (Fabricius, 1775)",SPECIES,Animalia
134855366,2703711,4675,Bromus lepidus Holmb.,ACCEPTED,2703711,Bromus lepidus Holmb.,SPECIES,Plantae
134855367,2704523,4784,Cortaderia selloana (Schult. & Schult.f.) Asch. & Graebn.,ACCEPTED,2704523,Cortaderia selloana (Schult. & Schult.f.) Asch. & Graebn.,SPECIES,Plantae
134855368,2702808,4885,Echinochloa crus-galli (L.) P.Beauv.,ACCEPTED,2702808,Echinochloa crus-galli (L.) P.Beauv.,SPECIES,Plantae
134855369,6431411,4884,Echinochloa colona (L.) Link,ACCEPTED,6431411,Echinochloa colonum (L.) Link,SPECIES,Plantae
134855370,2702822,4886,Echinochloa frumentacea Link,ACCEPTED,2702822,Echinochloa frumentacea Link,SPECIES,Plantae
134855371,2000152,5343,"Periplaneta americana (Linnaeus, 1758)",ACCEPTED,2000152,"Periplaneta americana (Linnaeus, 1758)",SPECIES,Animalia
134855372,5151589,4660,"Blatta orientalis Linnaeus, 1758",ACCEPTED,5151589,"Blatta orientalis Linnaeus, 1758",SPECIES,Animalia
134855374,5290282,4896,Elymus canadensis L.,ACCEPTED,5290282,Elymus canadensis L.,SPECIES,Plantae
134855376,1997215,4661,"Blattella germanica (Linnaeus, 1767)",ACCEPTED,1997215,"Blattella germanica (Linnaeus, 1767)",SPECIES,Animalia
134855379,2704987,4971,Festuca heterophylla Lam.,ACCEPTED,2704987,Festuca heterophylla Lam.,SPECIES,Plantae
134855380,4423552,5640,"Taeniothrips picipes (Zetterstedt, 1828) Zetterstedt, 1828",ACCEPTED,4423552,"Taeniothrips picipes (Zetterstedt, 1828)",SPECIES,Animalia
134855381,5290242,4994,Gaudinia fragilis (L.) P.Beauv.,ACCEPTED,5290242,Gaudinia fragilis (L.) P.Beauv.,SPECIES,Plantae
134855382,5290177,5111,Lagurus ovatus L.,ACCEPTED,5290177,Lagurus ovatus L.,SPECIES,Plantae
134855383,8332019,5056,Hordeum distichon L.,ACCEPTED,8332019,Hordeum distichon L.,SPECIES,Plantae
134855384,2706056,5059,Hordeum vulgare L.,ACCEPTED,2706056,Hordeum vulgare L.,SPECIES,Plantae
134855385,2706052,5057,Hordeum jubatum L.,ACCEPTED,2706052,Hordeum jubatum L.,SPECIES,Plantae
134855386,7886346,5058,Hordeum murinum L.,ACCEPTED,7886346,Hordeum murinum L.,SPECIES,Plantae
134855387,4129708,5171,Lolium multiflorum Lam.,ACCEPTED,4129708,Lolium multiflorum Lam.,SPECIES,Plantae
134855388,8086756,5415,Poa bulbosa L.,ACCEPTED,8086756,Poa bulbosa L.,SPECIES,Plantae
134855389,4424190,5666,"Thrips flavus Schrank, 1776",ACCEPTED,4424190,"Thrips flavus Schrank, 1776",SPECIES,Animalia
134855390,2704211,5416,Poa chaixii Vill.,ACCEPTED,2704211,Poa chaixii Vill.,SPECIES,Plantae
134855391,2704265,5417,Poa compressa L.,ACCEPTED,2704265,Poa compressa L.,SPECIES,Plantae
134855392,2704194,5418,Poa infirma Kunth,ACCEPTED,2704194,Poa infirma Kunth,SPECIES,Plantae
134855393,2705090,5328,Panicum miliaceum L.,ACCEPTED,2705090,Panicum miliaceum L.,SPECIES,Plantae
134855394,5289756,5359,Phalaris arundinacea L.,ACCEPTED,5289756,Phalaris arundinacea L.,SPECIES,Plantae
134855395,5289752,5360,Phalaris minor Retz.,ACCEPTED,5289752,Phalaris minor Retz.,SPECIES,Plantae
134855396,1420930,5667,"Thrips fuscipennis Haliday, 1836",ACCEPTED,1420930,"Thrips fuscipennis Haliday, 1836",SPECIES,Animalia
134855397,2706209,5453,Pseudosasa japonica (Siebold & Zucc. ex Steud.) Makino,DOUBTFUL,2706209,Pseudosasa japonica (Siebold & Zucc. ex Steud.) Makino,SPECIES,Plantae
134855398,5289919,5426,Polypogon viridis (Gouan) Breistr.,ACCEPTED,5289919,Polypogon viridis (Gouan) Breistr.,SPECIES,Plantae
134855399,5289917,5425,Polypogon monspeliensis (L.) Desf.,ACCEPTED,5289917,Polypogon monspeliensis (L.) Desf.,SPECIES,Plantae
134855400,2704300,5419,Poa nemoralis L.,ACCEPTED,2704300,Poa nemoralis L.,SPECIES,Plantae
134855401,2704261,5420,Poa palustris L.,ACCEPTED,2704261,Poa palustris L.,SPECIES,Plantae
134855402,5290030,5602,Spartina pectinata Bosc ex Link,SYNONYM,9592414,Sporobolus michauxianus (Hitchc.) P.M.Peterson & Saarela,SPECIES,Plantae
134855403,1420932,5665,"Thrips atratus Haliday, 1836",ACCEPTED,1420932,"Thrips atratus Haliday, 1836",SPECIES,Animalia
134855404,1420962,5668,"Thrips major Uzel, 1895",ACCEPTED,1420962,"Thrips major Uzel, 1895",SPECIES,Animalia
134855405,5290029,5601,Spartina anglica C.E.Hubb.,SYNONYM,9398259,Sporobolus anglicus (C.E.Hubb.) P.M.Peterson & Saarela,SPECIES,Plantae
134855406,1420919,5669,"Thrips vulgatissimus Haliday, 1836",ACCEPTED,1420919,"Thrips vulgatissimus Haliday, 1836",SPECIES,Animalia
134855407,5290034,5603,Spartina townsendii H.Groves & J.Groves,SYNONYM,9393876,Sporobolus ×townsendii (H.Groves & J.Groves) P.M.Peterson & Saarela,SPECIES,Plantae
134855408,1420795,5034,"Heliothrips haemorrhoidalis (Bouché, 1833)",ACCEPTED,1420795,"Heliothrips haemorrhoidalis (Bouché, 1833)",SPECIES,Animalia
134855409,5289684,5573,Setaria viridis (L.) P.Beauv.,ACCEPTED,5289684,Setaria viridis (L.) P.Beauv.,SPECIES,Plantae
134855410,2705966,5550,Secale cereale L.,ACCEPTED,2705966,Secale cereale L.,SPECIES,Plantae
134855411,8362005,5536,Sasa palmata (Burb.) E.G.Camus,ACCEPTED,8362005,Sasa palmata (Burb.) E.G.Camus,SPECIES,Plantae
134855412,9652723,5097,"Kakothrips pisivorus (Westwood, 1880)",ACCEPTED,9652723,"Kakothrips pisivorus (Westwood, 1880)",SPECIES,Animalia
134855413,8351995,4977,"Frankliniella occidentalis (Pergande, 1895)",ACCEPTED,8351995,"Frankliniella occidentalis (Pergande, 1895)",SPECIES,Animalia
134855414,1420846,4887,"Echinothrips americanus Morgan, 1913",ACCEPTED,1420846,"Echinothrips americanus Morgan, 1913",SPECIES,Animalia
134855415,4128359,5537,Sasa veitchii (Carrière) Rehder,ACCEPTED,4128359,Sasa veitchii (Carrière) Rehder,SPECIES,Plantae
134855416,1420769,4631,"Aurantothrips orchidaceus (Bagnall, 1990)",ACCEPTED,1420769,"Aurantothrips orchidaceus (Bagnall, 1909)",SPECIES,Animalia
134855419,2873769,4519,Acorus calamus L.,ACCEPTED,2873769,Acorus calamus L.,SPECIES,Plantae
134855425,4492199,5583,"Sirex noctilio Fabricius, 1773",ACCEPTED,4492199,"Sirex noctilio Fabricius, 1773",SPECIES,Animalia
134855427,2889828,5750,Viscum album L.,ACCEPTED,2889828,Viscum album L.,SPECIES,Plantae
134855428,1310622,5422,"Polistes gallicus (Linnaeus, 1767)",ACCEPTED,1310622,"Polistes gallicus (Linnaeus, 1767)",SPECIES,Animalia
134855431,1376879,5457,"Psyllaephagus pilosus Noyes, 1988",ACCEPTED,1376879,"Psyllaephagus pilosus Noyes, 1988",SPECIES,Animalia
134855433,4191567,5701,Trochodendron aralioides P.F. Siebold & J.G. Zuccarini,ACCEPTED,4191567,Trochodendron aralioides Siebold & Zucc.,SPECIES,Plantae
134855436,1323363,5656,"Tetramorium lucayanum Wheeler, 1905",ACCEPTED,1323363,"Tetramorium lucayanum Wheeler, 1905",SPECIES,Animalia
134855438,5361865,5707,Ulmus minor Mill.,ACCEPTED,5361865,Ulmus minor Mill.,SPECIES,Plantae
134855439,7141604,5706,Ulmus hollandica Miller,ACCEPTED,7141604,Ulmus ×hollandica Mill.,SPECIES,Plantae
134855442,4162399,5703,Tropaeolum speciosum Poepp. & Endl.,ACCEPTED,4162399,Tropaeolum speciosum Poepp. & Endl.,SPECIES,Plantae
134855443,2889934,5702,Tropaeolum majus L.,ACCEPTED,2889934,Tropaeolum majus L.,SPECIES,Plantae
134855447,9823072,5325,Oxalis stricta L.,ACCEPTED,9823072,Oxalis stricta L.,SPECIES,Plantae
134855450,5372392,5751,Vitis vinifera L.,ACCEPTED,5372392,Vitis vinifera L.,SPECIES,Plantae
134855451,3039194,5336,Parthenocissus quinquefolia (L.) Planchon,ACCEPTED,3039194,Parthenocissus quinquefolia (L.) Planch.,SPECIES,Plantae
134855453,1314773,5248,"Monomorium pharaonis (Linnaeus, 1758)",ACCEPTED,1314773,"Monomorium pharaonis (Linnaeus, 1758)",SPECIES,Animalia
134855455,3152816,5411,Platanus orientalis L.,ACCEPTED,3152816,Platanus orientalis L.,SPECIES,Plantae
134855456,7300214,5410,Platanus hispanica Ten.,DOUBTFUL,7300214,Platanus hispanica Ten.,SPECIES,Plantae
134855460,1326634,5077,"Hypoponera punctatissima (Roger, 1859)",ACCEPTED,1326634,"Hypoponera punctatissima (Roger, 1859)",SPECIES,Animalia
134855461,4037896,5491,Rheum ×hybridum J.A.Murray,ACCEPTED,4037896,Rheum ×hybridum Murray,SPECIES,Plantae
134855462,11989730,5086,"Iridomyrmex riograndensis Borgemeier, 1928",SYNONYM,1316908,"Linepithema humile (Mayr, 1868)",SPECIES,Animalia
134855464,4497120,4563,"Andricus corruptrix (Schlechtendal, 1870) Schlechtendal, 1870",ACCEPTED,4497120,"Andricus corruptrix (Schlechtendal, 1870)",SPECIES,Animalia
134855465,1309600,4564,"Andricus kollari (Hartig, 1843)",ACCEPTED,1309600,"Andricus kollari (Hartig, 1843)",SPECIES,Animalia
134855467,2888859,5252,Muehlenbeckia complexa (A. Cunn.) Meisn.,ACCEPTED,2888859,Muehlenbeckia complexa (A.Cunn.) Meisn.,SPECIES,Plantae
134855470,3152861,5163,Liriodendron tulipifera L.,ACCEPTED,3152861,Liriodendron tulipifera L.,SPECIES,Plantae
134855471,3153837,5196,Magnolia acuminata (L.) L.,ACCEPTED,3153837,Magnolia acuminata (L.) L.,SPECIES,Plantae
134855472,3152974,5197,Magnolia campbellii Hook.f. & Thomson,ACCEPTED,3152974,Magnolia campbellii Hook.f. & Thomson,SPECIES,Plantae
134855473,4497054,4565,"Andricus lignicolus (Hartig, 1840) Hartig, 1840",ACCEPTED,4497054,"Andricus lignicolus (Hartig, 1840)",SPECIES,Animalia
134855474,3153656,5198,Magnolia delavayi Franch.,ACCEPTED,3153656,Magnolia delavayi Franch.,SPECIES,Plantae
134855475,4497124,4566,"Andricus quercuscalicis (Burgsdorff, 1783) Burgsdorff, 1783",ACCEPTED,4497124,"Andricus quercuscalicis (Burgsdorff, 1783)",SPECIES,Animalia
134855477,9605163,5199,Magnolia grandiflora L.,ACCEPTED,9605163,Magnolia grandiflora L.,SPECIES,Plantae
134855480,5878216,5657,"Tetratoma fungorum Fabricius, 1790",ACCEPTED,5878216,"Tetratoma fungorum Fabricius, 1790",SPECIES,Animalia
134855482,2984306,5019,Gunnera tinctoria (Molina) Mirbel,ACCEPTED,2984306,Gunnera tinctoria (Molina) Mirb.,SPECIES,Plantae
134855484,1247584,5617,"Stenopelmus rufinasus Gyllenhal, 1835",ACCEPTED,1247584,"Stenopelmus rufinasus Gyllenhal, 1835",SPECIES,Animalia
134855486,8078925,5018,Gunnera manicata Linden,ACCEPTED,8078925,Gunnera manicata Linden,SPECIES,Plantae
134855487,4435479,5459,"Ptinella cavelli (Broun, 1893) Broun, 1893",ACCEPTED,4435479,"Ptinella cavelli (Broun, 1893)",SPECIES,Animalia
134855488,4435475,5460,"Ptinella errabunda Johnson, 1975",ACCEPTED,4435475,"Ptinella errabunda Johnson, 1975",SPECIES,Animalia
134855489,4435477,5461,"Ptinella taylorae Johnson, 1977",ACCEPTED,4435477,"Ptinella taylorae Johnson, 1977",SPECIES,Animalia
134855493,7102937,4942,Euonymus japonicus Thunb.,ACCEPTED,7102937,Euonymus japonicus Thunb.,SPECIES,Plantae
134855496,5331235,5746,Viola arvensis Murray,ACCEPTED,5331235,Viola arvensis Murray,SPECIES,Plantae
134855497,5331347,5748,Viola tricolor L.,ACCEPTED,5331347,Viola tricolor L.,SPECIES,Plantae
134855498,7628663,5747,Viola cornuta L.,ACCEPTED,7628663,Viola cornuta L.,SPECIES,Plantae
134855499,4447317,5462,"Ptomaphagus sericatus (Chaudoir, 1845) Chaudoir, 1845",ACCEPTED,4447317,"Ptomaphagus sericatus (Chaudoir, 1845)",SPECIES,Animalia
134855500,8176318,5749,Viola wittrockiana Gams ex Nauenb. & Buttler,DOUBTFUL,8176318,Viola wittrockiana Gams ex Nauenb. & Buttler,SPECIES,Plantae
134855503,8690934,5435,Populus xcanescens,SYNONYM,3040185,Populus ×canescens (Aiton) Sm.,SPECIES,Plantae
134855506,4456850,5468,"Pycnomerus fuliginosus Erichson, 1842",ACCEPTED,4456850,"Pycnomerus fuliginosus Erichson, 1842",SPECIES,Animalia
134855507,8512534,5434,Populus xcanadensis,SYNONYM,8190077,Populus ×canadensis Moench,SPECIES,Plantae
134855510,3805639,5432,Populus candicans Ait.,HETEROTYPIC_SYNONYM,3040184,Populus balsamifera L.,SPECIES,Plantae
134855511,,5467,"Pycnomerus depressiusculus White, 1846",,,"Pycnomerus depressiusculus White, 1846",,
134855512,11562906,5466,"Pycnomerus angulatus (Broun, 1893)",ACCEPTED,11562906,"Pycnomerus angulatus Broun, 1893",SPECIES,Animalia
134855514,5372933,5530,Salix viminalis L.,ACCEPTED,5372933,Salix viminalis L.,SPECIES,Plantae
134855515,5582393,5524,Salix holosericea Ser.,HETEROTYPIC_SYNONYM,5581959,Salix ×seringeana Gaudin,SPECIES,Plantae
134855516,8843472,5472,Pyrochroa serraticornis,ACCEPTED,8843472,"Pyrochroa serraticornis (Scopoli, 1763)",SPECIES,Animalia
134855517,5372800,5525,Salix purpurea L.,ACCEPTED,5372800,Salix purpurea L.,SPECIES,Plantae
134855518,5581927,5522,Salix forbyana Sm.,SYNONYM,5372926,Salix ×rubra Huds.,SPECIES,Plantae
134855520,5372829,5523,Salix fragilis L.,ACCEPTED,5372829,Salix fragilis L.,SPECIES,Plantae
134855521,5748837,5494,"Rhizophagus parallelocollis Gyllenhal, 1827",ACCEPTED,5748837,"Rhizophagus parallelocollis Gyllenhal, 1827",SPECIES,Animalia
134855522,5373037,5528,Salix sepulcralis Simonk.,ACCEPTED,5373037,Salix ×sepulcralis Simonk.,SPECIES,Plantae
134855523,7103891,5529,Salix triandra L.,ACCEPTED,7103891,Salix triandra L.,SPECIES,Plantae
134855524,5372512,5526,Salix rubens Schrank,ACCEPTED,5372512,Salix ×rubens Schrank,SPECIES,Plantae
134855525,7923802,5527,Salix rubra J.Walker,DOUBTFUL,7923802,Salix rubra J.Walker,SPECIES,Plantae
134855526,5748831,5493,"Rhizophagus depressus (Fabricius, 1792) Fabricius, 1792",ACCEPTED,5748831,"Rhizophagus depressus (Fabricius, 1792)",SPECIES,Animalia
134855527,5372513,5520,Salix alba L.,ACCEPTED,5372513,Salix alba L.,SPECIES,Plantae
134855529,9153437,5521,Salix daphnoides Vill.,ACCEPTED,9153437,Salix daphnoides Vill.,SPECIES,Plantae
134855530,1045471,5268,"Nacerdes melanura (Linnaeus, 1758)",ACCEPTED,1045471,"Nacerdes melanura (Linnaeus, 1758)",SPECIES,Animalia
134855531,3040227,5433,Populus nigra L.,ACCEPTED,3040227,Populus nigra L.,SPECIES,Plantae
134855532,3040233,5430,Populus alba L.,ACCEPTED,3040233,Populus alba L.,SPECIES,Plantae
134855533,3806052,5431,Populus balsamifera subsp. trichocarpa (Torr. & Gray) Brayshaw,SYNONYM,6362904,Populus trichocarpa Torr. & A.Gray ex Hook.,SPECIES,Plantae
134855536,2874199,5337,Passiflora caerulea L.,ACCEPTED,2874199,Passiflora caerulea L.,SPECIES,Plantae
134855537,11034452,5259,"Mycetophagus multipunctatus Hellwig, 1792",DOUBTFUL,11034452,"Mycetophagus multipunctatus Hellwig, 1792",SPECIES,Animalia
134855539,2873861,5162,Linum usitatissimum L.,ACCEPTED,2873861,Linum usitatissimum L.,SPECIES,Plantae
134855541,3189497,5074,Hypericum calycinum L.,ACCEPTED,3189497,Hypericum calycinum L.,SPECIES,Plantae
134855542,6436603,5075,Hypericum hircinum L.,ACCEPTED,6436603,Hypericum hircinum L.,SPECIES,Plantae
134855543,3712851,5076,Hypericum pseudohenryi N. Robson,ACCEPTED,3712851,Hypericum pseudohenryi N.Robson,SPECIES,Plantae
134855545,3062975,5238,Mercurialis annua L.,ACCEPTED,3062975,Mercurialis annua L.,SPECIES,Plantae
134855546,3063016,5239,Mercurialis perennis L.,ACCEPTED,3063016,Mercurialis perennis L.,SPECIES,Plantae
134855547,4458755,5166,"Litargus connexus (Geoffroy, 1785) Geoffroy, 1785",ACCEPTED,4458755,"Litargus connexus (Geoffroy, 1785)",SPECIES,Animalia
134855549,4442987,5144,"Leptusa ruficollis (Erichson, 1839) Erichson, 1839",ACCEPTED,4442987,"Leptusa ruficollis (Erichson, 1839)",SPECIES,Animalia
134855550,4443287,5143,"Leptusa norvegica Strand, 1941",ACCEPTED,4443287,"Leptusa norvegica A.Strand, 1941",SPECIES,Animalia
134855552,3065239,4945,Euphorbia amygdaloides L.,ACCEPTED,3065239,Euphorbia amygdaloides L.,SPECIES,Plantae
134855553,4433367,5210,"Margarinotus carbonarius (Hoffmann, 1803)",ACCEPTED,4433367,"Margarinotus carbonarius (Hoffmann, 1803)",SPECIES,Animalia
134855554,3065244,4946,Euphorbia amygdaloides subsp. robbiae (Turrill) Stace,ACCEPTED,3065244,Euphorbia amygdaloides subsp. robbiae (Turrill) Stace,SUBSPECIES,Plantae
134855555,3070106,4948,Euphorbia cyparissias L.,ACCEPTED,3070106,Euphorbia cyparissias L.,SPECIES,Plantae
134855557,3067353,4947,Euphorbia characias L.,ACCEPTED,3067353,Euphorbia characias L.,SPECIES,Plantae
134855558,3069593,4950,Euphorbia exigua L.,ACCEPTED,3069593,Euphorbia exigua L.,SPECIES,Plantae
134855559,10470364,5186,"Lyctus brunneus (Stephens, 1830)",ACCEPTED,10470364,"Lyctus brunneus (Stephens, 1830)",SPECIES,Animalia
134855562,3069475,4949,Euphorbia dulcis L.,ACCEPTED,3069475,Euphorbia dulcis L.,SPECIES,Plantae
134855563,8935510,5651,"Tefflus megerli Duvivier, 1892",SYNONYM,8790830,"Tefflus meyerlei giganteus Sternberg, 1910",SUBSPECIES,Animalia
134855564,3066965,4952,Euphorbia lathyris L.,ACCEPTED,3066965,Euphorbia lathyris L.,SPECIES,Plantae
134855565,3066367,4951,Euphorbia helioscopia L.,ACCEPTED,3066367,Euphorbia helioscopia L.,SPECIES,Plantae
134855566,3070024,4954,Euphorbia stricta L.,ACCEPTED,3070024,Euphorbia stricta L.,SPECIES,Plantae
134855567,3066386,4953,Euphorbia peplus L.,ACCEPTED,3066386,Euphorbia peplus L.,SPECIES,Plantae
134855570,2889373,4962,Fagopyrum esculentum Moench,ACCEPTED,2889373,Fagopyrum esculentum Moench,SPECIES,Plantae
134855573,2890040,4997,Geranium dissectum L.,ACCEPTED,2890040,Geranium dissectum L.,SPECIES,Plantae
134855574,4476584,5686,"Trechus subnotatus Dejean, 1831",ACCEPTED,4476584,"Trechus subnotatus Dejean, 1831",SPECIES,Animalia
134855575,2890502,4998,Geranium endressii J. Gay,ACCEPTED,2890502,Geranium endressii J.Gay,SPECIES,Plantae
134855576,2891552,4999,Geranium ibericum Cav.,ACCEPTED,2891552,Geranium ibericum Cav.,SPECIES,Plantae
134855577,4473930,5129,"Leistus rufomarginatus (Duftschmid, 1812)",ACCEPTED,4473930,"Leistus rufomarginatus (Duftschmid, 1812)",SPECIES,Animalia
134855578,5755175,5109,"Laemostenus terricola (Herbst, 1784)",ACCEPTED,5755175,"Laemostenus terricola (Herbst, 1784)",SPECIES,Animalia
134855579,2891079,5000,Geranium macrorrhizum L.,ACCEPTED,2891079,Geranium macrorrhizum L.,SPECIES,Plantae
134855580,2890739,5005,Geranium versicolor L.,ACCEPTED,2890739,Geranium versicolor L.,SPECIES,Plantae
134855581,5755203,5108,"Laemostenus complanatus (Dejean, 1828)",ACCEPTED,5755203,"Laemostenus complanatus (Dejean, 1828)",SPECIES,Animalia
134855582,2891390,5002,Geranium phaeum L.,ACCEPTED,2891390,Geranium phaeum L.,SPECIES,Plantae
134855583,2890035,5001,Geranium oxonianum Yeo,ACCEPTED,2890035,Geranium ×oxonianum P.F.Yeo,SPECIES,Plantae
134855584,2890122,5004,Geranium pyrenaicum Burm. f.,ACCEPTED,2890122,Geranium pyrenaicum Burm.f.,SPECIES,Plantae
134855586,4989904,5028,"Harmonia axyridis (Pallas, 1773)",ACCEPTED,4989904,"Harmonia axyridis (Pallas, 1773)",SPECIES,Animalia
134855588,4450696,4899,"Endomychus coccineus (Linnaeus, 1758) Linnaeus, 1758",ACCEPTED,4450696,"Endomychus coccineus (Linnaeus, 1758)",SPECIES,Animalia
134855589,2890212,5003,Geranium pusillum L.,ACCEPTED,2890212,Geranium pusillum L.,SPECIES,Plantae
134855590,9419993,4926,Erodium moschatum,ACCEPTED,9419993,Erodium moschatum (L.) L'Hér.,SPECIES,Plantae
134855593,4453158,5403,"Pityophagus ferrugineus (Linnaeus, 1758) Linnaeus, 1758",ACCEPTED,4453158,"Pityophagus ferrugineus (Linnaeus, 1758)",SPECIES,Animalia
134855595,4453169,5010,"Glischrochilus quadripunctatus (Linnaeus, 1758) Linnaeus, 1758",ACCEPTED,4453169,"Glischrochilus quadripunctatus (Linnaeus, 1758)",SPECIES,Animalia
134855596,4452484,4913,"Epuraea distincta (Grimmer, 1841) Grimmer, 1841",ACCEPTED,4452484,"Epuraea distincta (Grimmer, 1841)",SPECIES,Animalia
134855597,8105747,4933,Escallonia macrantha Wedd.,HETEROTYPIC_SYNONYM,3932577,Escallonia polifolia Hook.,SPECIES,Plantae
134855598,4452569,4914,"Epuraea thoracica Tournier, 1872",ACCEPTED,4452569,"Epuraea thoracica Tournier, 1872",SPECIES,Animalia
134855602,5825840,4867,Dicksonia fibrosa Col.,ACCEPTED,5825840,Dicksonia fibrosa Colenso,SPECIES,Plantae
134855603,4449953,4856,"Dasytes aeratus Stephens, 1829",ACCEPTED,4449953,"Dasytes aeratus Stephens, 1830",SPECIES,Animalia
134855607,3169707,5745,Vinca minor L.,ACCEPTED,3169707,Vinca minor L.,SPECIES,Plantae
134855608,3169708,5744,Vinca major L.,ACCEPTED,3169708,Vinca major L.,SPECIES,Plantae
134855609,6421637,5743,Vinca difformis Pourr.,ACCEPTED,6421637,Vinca difformis Pourr.,SPECIES,Plantae
134855610,1095669,5757,"Xestobium rufovillosum (De Geer, 1774)",ACCEPTED,1095669,"Xestobium rufovillosum (De Geer, 1774)",SPECIES,Animalia
134855612,2913931,4990,Galium album Mill.,ACCEPTED,2913931,Galium album Mill.,SPECIES,Plantae
134855614,5338920,4825,Cruciata laevipes Opiz,ACCEPTED,5338920,Cruciata laevipes Opiz,SPECIES,Plantae
134855617,2986045,5363,Philadelphus coronarius L.,ACCEPTED,2986045,Philadelphus coronarius L.,SPECIES,Plantae
134855618,5743401,4882,"Dryophilus pusillus (Gyllenhal, 1808) Gyllenhal, 1808",ACCEPTED,5743401,"Dryophilus pusillus (Gyllenhal, 1808)",SPECIES,Animalia
134855619,3645346,5362,Philadelphus ×virginalis Rehder,ACCEPTED,3645346,Philadelphus ×virginalis Rehder,SPECIES,Plantae
134855621,1095202,4925,"Ernobius mollis (Linnaeus, 1758)",ACCEPTED,1095202,"Ernobius mollis (Linnaeus, 1758)",SPECIES,Animalia
134855622,7161042,4782,Cornus capitata Wall.,ACCEPTED,7161042,Cornus capitata Wall.,SPECIES,Plantae
134855624,4989835,4827,"Cryptolestes ferrugineus (Stephens, 1831) Stephens, 1831",ACCEPTED,4989835,"Cryptolestes ferrugineus (Stephens, 1831)",SPECIES,Animalia
134855625,8365953,4781,Cornus alba L.,ACCEPTED,8365953,Cornus alba L.,SPECIES,Plantae
134855629,3188735,5191,Lythrum virgatum L.,ACCEPTED,3188735,Lythrum virgatum L.,SPECIES,Plantae
134855631,5420309,5179,Luma apiculata (DC.) Burret,ACCEPTED,5420309,Luma apiculata (DC.) Burret,SPECIES,Plantae
134855633,3176787,4937,Eucalyptus globulus Labill.,ACCEPTED,3176787,Eucalyptus globulus Labill.,SPECIES,Plantae
134855634,3176283,4938,Eucalyptus gunnii Hook. f.,ACCEPTED,3176283,Eucalyptus gunnii Hook.fil.,SPECIES,Plantae
134855635,3176552,4939,Eucalyptus johnstonii Maiden,ACCEPTED,3176552,Eucalyptus johnstonii Maiden,SPECIES,Plantae
134855636,3176234,4940,Eucalyptus urnigera Hook. f.,ACCEPTED,3176234,Eucalyptus urnigera Hook.fil.,SPECIES,Plantae
134855638,1244656,5704,"Trypodendron lineatum (Olivier, 1795) Olivier, 1795",ACCEPTED,1244656,"Trypodendron lineatum (A.G.Olivier, 1800)",SPECIES,Animalia
134855639,3188924,5288,Oenothera biennis L.,ACCEPTED,3188924,Oenothera biennis L.,SPECIES,Plantae
134855640,3664627,5289,Oenothera britannica K. Rostanski,ACCEPTED,3664627,Oenothera ×britannica Rostanski,SPECIES,Plantae
134855642,7322292,5290,Oenothera cambrica K. Rostanski,ACCEPTED,7322292,Oenothera ×cambrica Rostanski,SPECIES,Plantae
134855643,1189484,5548,"Scolytus rugulosus (Muller, 1818) Muller, 1818",HOMOTYPIC_SYNONYM,7749219,"Scolytus rugulosus Ratzeburg, 1837",SPECIES,Animalia
134855644,7915783,5291,Oenothera fallax Renner,ACCEPTED,7915783,Oenothera ×fallax Renner,SPECIES,Plantae
134855646,3188894,5292,Oenothera glazioviana M. Micheli,ACCEPTED,3188894,Oenothera glazioviana Micheli,SPECIES,Plantae
134855647,3188830,5293,Oenothera stricta Ledeb. ex Link,ACCEPTED,3188830,Oenothera stricta Link,SPECIES,Plantae
134855648,5421039,5178,Ludwigia grandiflora (Michaux) Greuter & Burdet,ACCEPTED,5421039,Ludwigia grandiflora (Michx.) Greuter & Burdet,SPECIES,Plantae
134855649,5938224,4978,Fuchsia magellanica Lam.,ACCEPTED,5938224,Fuchsia magellanica Lam.,SPECIES,Plantae
134855650,1189289,5547,"Scolytus multistriatus (Marsham, 1802) Marsham, 1802",ACCEPTED,1189289,"Scolytus multistriatus (T.Marsham, 1802)",SPECIES,Animalia
134855651,7322764,4905,Epilobium brunnescens (Cockayne) P. H. Raven & T. E. Raven,ACCEPTED,7322764,Epilobium brunnescens (Cockayne) P.H.Raven & Engelhorn,SPECIES,Plantae
134855653,4468665,5404,"Pityophthorus pubescens (Marsham, 1802) Marsham, 1802",ACCEPTED,4468665,"Pityophthorus pubescens (Marsham, 1802)",SPECIES,Animalia
134855654,3663855,4904,Epilobium ×novae-civitalis Smejkal,DOUBTFUL,3663855,Epilobium ×novae-civitalis Smejkal,SPECIES,Plantae
134855656,3667399,4910,Epilobium pedunculare A. Cunn.,ACCEPTED,3667399,Epilobium pedunculare A.Cunn.,SPECIES,Plantae
134855657,7391028,5402,"Pityogenes quadridens (Hartig, 1834) Hartig, 1834",DOUBTFUL,7391028,"Pityogenes quadridens (Hartig, 1834) Hartig, 1834",SPECIES,Animalia
134855658,7322563,4911,Epilobium tetragonum L.,ACCEPTED,7322563,Epilobium tetragonum L.,SPECIES,Plantae
134855659,9188840,4906,Epilobium ciliatum Raf.,ACCEPTED,9188840,Epilobium ciliatum Raf.,SPECIES,Plantae
134855660,3666711,4907,Epilobium confusilobum G.D. Kitchener & D.R. McKean,ACCEPTED,3666711,Epilobium ×confusilobum Kitch. & Mc Kean,SPECIES,Plantae
134855661,3665966,4908,Epilobium floridulum M. Smejkal,ACCEPTED,3665966,Epilobium ×floridulum Smejkal,SPECIES,Plantae
134855663,3665061,4909,Epilobium interjectum M. Smejkal,ACCEPTED,3665061,Epilobium ×interjectum Smejkal,SPECIES,Plantae
134855664,1237428,5401,"Pityogenes chalcographus (Linnaeus, 1761) Linnaeus, 1761",ACCEPTED,1237428,"Pityogenes chalcographus (C.Linnaeus, 1760)",SPECIES,Animalia
134855665,5420978,4750,Clarkia amoena (Lehm.) A. Nelson & Macbr.,ACCEPTED,5420978,Clarkia amoena (Lehm.) A.Nelson & J.F.Macbr.,SPECIES,Plantae
134855668,3034015,5127,Laurus nobilis L.,ACCEPTED,3034015,Laurus nobilis L.,SPECIES,Plantae
134855669,3033991,4747,Cinnamomum camphora (L.) J. Presl,ACCEPTED,3033991,Cinnamomum camphora (L.) J.Presl,SPECIES,Plantae
134855673,1237442,5400,"Pityogenes bidentatus (Herbst, 1784) Herbst, 1784",ACCEPTED,1237442,"Pityogenes bidentatus (J.F.W.Herbst, 1783)",SPECIES,Animalia
134855674,5421389,5535,Sarracenia purpurea L.,ACCEPTED,5421389,Sarracenia purpurea L.,SPECIES,Plantae
134855676,2891770,5081,Impatiens glandulifera Royle,ACCEPTED,2891770,Impatiens glandulifera Royle,SPECIES,Plantae
134855677,2891772,5083,Impatiens walleriana Hook. fil.,ACCEPTED,2891772,Impatiens walleriana Hook.fil.,SPECIES,Plantae
134855678,2891782,5082,Impatiens parviflora DC.,ACCEPTED,2891782,Impatiens parviflora DC.,SPECIES,Plantae
134855681,2882841,5712,Vaccinium macrocarpum Aiton,ACCEPTED,2882841,Vaccinium macrocarpon Aiton,SPECIES,Plantae
134855682,1211257,5681,"Tomicus piniperda (Linnaeus, 1758) Linnaeus, 1758",ACCEPTED,1211257,"Tomicus piniperda (C.Linnaeus, 1758)",SPECIES,Animalia
134855683,7327990,5496,Rhododendron ponticum L.,ACCEPTED,7327990,Rhododendron ponticum L.,SPECIES,Plantae
134855684,7135755,5495,Rhododendron luteum Sweet,ACCEPTED,7135755,Rhododendron luteum Sweet,SPECIES,Plantae
134855686,7328395,4995,Gaultheria mucronata (L. fil.) E. J. Remy,HETEROTYPIC_SYNONYM,4171799,Gaultheria eriophylla var. mucronata Luteyn,VARIETY,Plantae
134855687,2882758,4996,Gaultheria shallon Pursh,ACCEPTED,2882758,Gaultheria shallon Pursh,SPECIES,Plantae
134855688,7859228,4826,"Cryphalus asperatus Schedl, 1975",ACCEPTED,7859228,"Cryphalus asperatus (L.Gyllenhal, 1813)",SPECIES,Animalia
134855690,5682320,4917,Erica ciliaris L.,ACCEPTED,5682320,Erica ciliaris L.,SPECIES,Plantae
134855691,,4881,"Dryocoetes autographus (Ratzeburg, 1837) Ratzeburg, 1837",,,"Dryocoetes autographus (Ratzeburg, 1837) Ratzeburg, 1837",,
134855692,8347912,4918,Erica terminalis Salisb.,ACCEPTED,8347912,Erica terminalis Salisb.,SPECIES,Plantae
134855695,3169340,5190,Lysimachia punctata L.,ACCEPTED,3169340,Lysimachia punctata L.,SPECIES,Plantae
134855696,,4880,"Dryocoetes affaber (Mannerheim, 1852) Mannerheim, 1852",,,"Dryocoetes affaber (Mannerheim, 1852) Mannerheim, 1852",,
134855697,3169391,5189,Lysimachia ciliata L.,ACCEPTED,3169391,Lysimachia ciliata L.,SPECIES,Plantae
134855699,4006551,5060,Hottonia palustris L.,ACCEPTED,4006551,Hottonia palustris L.,SPECIES,Plantae
134855700,5018715,5085,"Ips acuminatus (Gyllenhal, 1827) Gyllenhal, 1827",DOUBTFUL,5018715,"Ips acuminatus (Gyllenhal, 1827) Gyllenhal, 1827",SPECIES,Animalia
134855702,7127810,4843,Cyclamen hederifolium Aiton,ACCEPTED,7127810,Cyclamen hederifolium Aiton,SPECIES,Plantae
134855703,7805462,5071,"Hylobius abietis (Linnaeus, 1758) Linnaeus, 1758",ACCEPTED,7805462,"Hylobius abietis (C.Linnaeus, 1758)",SPECIES,Animalia
134855705,7866157,4756,Clethra arborea Aiton,ACCEPTED,7866157,Clethra arborea Aiton,SPECIES,Plantae
134855707,1214678,5072,"Hylurgops palliatus (Gyllenhal, 1813) Gyllenhal, 1813",HETEROTYPIC_SYNONYM,7748881,"Hylurgops palliatus Wood & Bright, 1992",SPECIES,Animalia
134855710,2986185,5501,Ribes uva-crispa L.,ACCEPTED,2986185,Ribes uva-crispa L.,SPECIES,Plantae
134855711,2986130,5500,Ribes sanguineum Pursh,ACCEPTED,2986130,Ribes sanguineum Pursh,SPECIES,Plantae
134855712,2986097,5499,Ribes rubrum L.,ACCEPTED,2986097,Ribes rubrum L.,SPECIES,Plantae
134855713,2986192,5498,Ribes nigrum L.,ACCEPTED,2986192,Ribes nigrum L.,SPECIES,Plantae
134855716,1217397,5313,"Orthotomicus laricis (Fabricius, 1792) Fabricius, 1792",ACCEPTED,1217397,"Orthotomicus laricis (J.C.Fabricius, 1792)",SPECIES,Animalia
134855717,5361785,5264,Myriophyllum aquaticum (Vellozo) Verdcourt,ACCEPTED,5361785,Myriophyllum aquaticum (Vell.) Verdc.,SPECIES,Plantae
134855718,8449858,5026,Haloragis micrantha Thunb. ex R.Br.,ACCEPTED,8449858,Haloragis micrantha (Thunb.) R.Br.,SPECIES,Plantae
134855720,3032698,5652,Tellima grandiflora (Pursh) Douglas ex Lindley,ACCEPTED,3032698,Tellima grandiflora (Pursh) Douglas ex Lindl.,SPECIES,Plantae
134855721,9288314,5629,"Syagrius intrudens Waterhouse, 1903",ACCEPTED,9288314,"Syagrius intrudens Waterhouse, 1903",SPECIES,Animalia
134855722,4292415,5619,"Sternochetus mangiferae (Fabricius, 1775)",ACCEPTED,4292415,"Sternochetus mangiferae (J.C.Fabricius, 1775)",SPECIES,Animalia
134855723,5371605,5680,Tolmiea menziesii (Pursh) Torr. & Gray,ACCEPTED,5371605,Tolmiea menziesii (Pursh) Torr. & A.Gray,SPECIES,Plantae
134855724,3754353,5542,Saxifraga urbium D. A. Webb,ACCEPTED,3754353,Saxifraga ×urbium D.A.Webb,SPECIES,Plantae
134855725,1179354,5341,"Pentarthrum huttoni Wollaston, T.V., 1854",ACCEPTED,1179354,"Pentarthrum huttoni T.V.Wollaston, 1854",SPECIES,Animalia
134855726,3032812,5541,Saxifraga umbrosa L.,ACCEPTED,3032812,Saxifraga umbrosa L.,SPECIES,Plantae
134855727,1223020,5397,"Pissodes castaneus (De Geer, 1775) De Geer, 1775",ACCEPTED,1223020,"Pissodes castaneus (C.DeGeer, 1775)",SPECIES,Animalia
134855728,7339396,5540,Saxifraga rotundifolia L.,ACCEPTED,7339396,Saxifraga rotundifolia L.,SPECIES,Plantae
134855729,3753098,5539,Saxifraga cymbalaria L.,ACCEPTED,3753098,Saxifraga cymbalaria L.,SPECIES,Plantae
134855730,10994058,5398,"Pissodes pini Dalla Torre & Schenkling, 1932",ACCEPTED,10994058,"Pissodes pini Dalla Torre & Schenkling, 1932",SPECIES,Animalia
134855731,9472594,5194,"Macrorhyncolus littoralis (Broun, 1880)",HOMOTYPIC_SYNONYM,5018848,"Eutornus littoralis Broun, 1880",SPECIES,Animalia
134855732,,5067,"Hylastes ater (Paykull, 1800) Paykull, 1800",,,"Hylastes ater (Paykull, 1800) Paykull, 1800",,
134855733,1224529,5068,"Hylastes brunneus Erichson, 1836",ACCEPTED,1224529,"Hylastes brunneus Erichson, 1836",SPECIES,Animalia
134855734,3032611,4855,Darmera peltata (Torr. ex Benth.) Voss,ACCEPTED,3032611,Darmera peltata (Torr. ex Benth.) Voss,SPECIES,Plantae
134855736,1224454,5069,"Hylastes cunicularius Erichson, 1836",ACCEPTED,1224454,"Hylastes cunicularius Erichson, 1836",SPECIES,Animalia
134855738,1224476,5070,"Hylastes opacus Erichson, 1836",DOUBTFUL,1224476,"Hylastes opacus Erichson, 1836",SPECIES,Animalia
134855739,8963946,5560,Sedum telephium,SYNONYM,6441863,Hylotelephium telephium subsp. telephium,SUBSPECIES,Plantae
134855741,4465638,4943,"Euophryum confine (Broun, 1880) Broun, 1880",HOMOTYPIC_SYNONYM,1179369,"Pentarthrum confine Broun, 1881",SPECIES,Animalia
134855742,4465640,4944,"Euophryum rufum (Broun, 1880) Broun, 1880",HOMOTYPIC_SYNONYM,1179346,"Pentarthrum rufum Broun, 1880",SPECIES,Animalia
134855744,4995788,5623,"Strategus aloeus (Linnaeus, 1758)",ACCEPTED,4995788,"Strategus aloeus (Linnaeus, 1758)",SPECIES,Animalia
134855745,5688926,5555,Sedum forsterianum Sm.,HETEROTYPIC_SYNONYM,7625285,Petrosedum forsterianum (Sm.) Grulich,SPECIES,Plantae
134855746,4995700,5314,"Oryctes nasicornis (Linnaeus, 1758)",ACCEPTED,4995700,"Oryctes nasicornis (Linnaeus, 1758)",SPECIES,Animalia
134855748,9210845,5558,Sedum spectabile Bor.,SYNONYM,2985863,Hylotelephium spectabile (Boreau) H.Ohba,SPECIES,Plantae
134855749,7444572,5559,Sedum spurium Sibth. ex Nyman,ACCEPTED,7444572,"Sedum spurium Sibth. ex Nyman, 1879",SPECIES,Plantae
134855750,2985949,5562,Sempervivum tectorum L.,ACCEPTED,2985949,Sempervivum tectorum L.,SPECIES,Plantae
134855751,5362008,5552,Sedum album L.,ACCEPTED,5362008,Sedum album L.,SPECIES,Plantae
134855752,5689983,5553,Sedum confusum Hemsl.,ACCEPTED,5689983,Sedum confusum Hemsl.,SPECIES,Plantae
134855753,1077495,4787,"Cotinis nitida (Linnaeus, 1764)",ACCEPTED,1077495,"Cotinis nitida (Linnaeus, 1764)",SPECIES,Animalia
134855754,7172720,5554,Sedum dasyphyllum L.,ACCEPTED,7172720,Sedum dasyphyllum L.,SPECIES,Plantae
134855756,7768497,5556,Sedum rupestre Vill.,SYNONYM,7334609,Petrosedum rupestre subsp. rupestre,SUBSPECIES,Plantae
134855757,11019336,4749,"Cis bilamellatus Fowler in Wood, 1884",DOUBTFUL,11019336,"Cis bilamellatus Fowler, 1884",SPECIES,Animalia
134855759,1048809,5155,"Lilioceris lilii (Scopoli, 1763)",ACCEPTED,1048809,"Lilioceris lilii (Scopoli, 1763)",SPECIES,Animalia
134855760,5361991,5557,Sedum sexangulare L.,ACCEPTED,5361991,Sedum sexangulare L.,SPECIES,Plantae
134855761,1047536,5139,"Leptinotarsa decemlineata (Say, 1824)",ACCEPTED,1047536,"Leptinotarsa decemlineata (Say, 1824)",SPECIES,Animalia
134855762,8035075,4812,Crassula helmsii (Kirk) A. Berger,SYNONYM,5362054,Crassula helmsii (Kirk) Cockayne,SPECIES,Plantae
134855763,6097780,4721,"Cassida murraea Linnaeus, 1767",ACCEPTED,6097780,"Cassida murraea Linnaeus, 1767",SPECIES,Animalia
134855764,5362055,4813,Crassula tillaea Lester-Garland,ACCEPTED,5362055,Crassula tillaea Lest.-Garl.,SPECIES,Plantae
134855766,8060423,4729,Cercidiphyllum japonicum Siebold & Zucc.,ACCEPTED,8060423,Cercidiphyllum japonicum Siebold & Zucc.,SPECIES,Plantae
134855769,2984671,4686,Buxus sempervirens L.,ACCEPTED,2984671,Buxus sempervirens L.,SPECIES,Plantae
134855773,2874515,4834,Cucurbita maxima Duchesne,ACCEPTED,2874515,Cucurbita maxima Duchesne,SPECIES,Plantae
134855774,6422396,4677,Bryonia dioica Jacq.,ACCEPTED,6422396,Bryonia dioica Jacq.,SPECIES,Plantae
134855776,1049530,4685,"Buprestis aurulenta Linnaeus, 1767",ACCEPTED,1049530,"Buprestis aurulenta Linnaeus, 1767",SPECIES,Animalia
134855778,2927530,4838,Cuscuta epilinum Weihe,ACCEPTED,2927530,Cuscuta epilinum Weihe,SPECIES,Plantae
134855781,2928860,5355,Petunia hybrida (Hook. fil.) Vilmorin,SYNONYM,2928859,Petunia ×atkinsiana D.Don ex Loudon,SPECIES,Plantae
134855782,2930262,5595,Solanum tuberosum L.,ACCEPTED,2930262,Solanum tuberosum L.,SPECIES,Plantae
134855783,2932184,5594,Solanum sisymbriifolium Lam.,ACCEPTED,2932184,Solanum sisymbriifolium Lam.,SPECIES,Plantae
134855784,9150405,5593,Solanum nigrum L.,ACCEPTED,9150405,Solanum nigrum L.,SPECIES,Plantae
134855785,2930137,5592,Solanum lycopersicum L.,ACCEPTED,2930137,Solanum lycopersicum L.,SPECIES,Plantae
134855786,2930439,5591,Solanum laciniatum Aiton,ACCEPTED,2930439,Solanum laciniatum Aiton,SPECIES,Plantae
134855787,5341784,5374,Physalis peruviana L.,ACCEPTED,5341784,Physalis peruviana L.,SPECIES,Plantae
134855788,5341754,5274,Nicandra physalodes (L.) Gaertner,ACCEPTED,5341754,Nicandra physalodes (L.) Gaertn.,SPECIES,Plantae
134855789,2928809,5185,Lycium chinense Miller,ACCEPTED,2928809,Lycium chinense Mill.,SPECIES,Plantae
134855790,2928835,5184,Lycium barbarum L.,ACCEPTED,2928835,Lycium barbarum L.,SPECIES,Plantae
134855791,2928978,5073,Hyoscyamus niger L.,ACCEPTED,2928978,Hyoscyamus niger L.,SPECIES,Plantae
134855792,2928751,4857,Datura stramonium L.,ACCEPTED,2928751,Datura stramonium L.,SPECIES,Plantae
134855794,2928446,4699,Calystegia silvatica (Kit.) Griseb.,ACCEPTED,2928446,Calystegia silvatica (Kit.) Griseb.,SPECIES,Plantae
134855795,3678949,4698,Calystegia pulchra Brumm. & Heywood,ACCEPTED,3678949,Calystegia ×pulchra Brumm. & Heywood,SPECIES,Plantae
134855796,3802655,4628,Atropa belladonna L.,ACCEPTED,3802655,Atropa belladonna L.,SPECIES,Plantae
134855797,6943499,4830,"Cryptophagus ruficornis Stephens, 1830",ACCEPTED,6943499,"Cryptophagus ruficornis Stephens, 1830",SPECIES,Animalia
134855800,3033077,4630,Aucuba japonica Thunb.,ACCEPTED,3033077,Aucuba japonica Thunb.,SPECIES,Plantae
134855803,3040252,5488,Reseda lutea L.,ACCEPTED,3040252,Reseda lutea L.,SPECIES,Plantae
134855804,3040251,5489,Reseda luteola L.,ACCEPTED,3040251,Reseda luteola L.,SPECIES,Plantae
134855805,5749140,4626,"Atomaria pulchra Erichson, 1846",ACCEPTED,5749140,"Atomaria pulchra Erichson, 1846",SPECIES,Animalia
134855806,3040254,5487,Reseda alba L.,ACCEPTED,3040254,Reseda alba L.,SPECIES,Plantae
134855808,5334527,5158,Limnanthes douglasii R. Br.,ACCEPTED,5334527,Limnanthes douglasii R.Br.,SPECIES,Plantae
134855812,3046812,5586,Sisymbrium orientale L.,ACCEPTED,3046812,Sisymbrium orientale L.,SPECIES,Plantae
134855813,3046890,5585,Sisymbrium officinale (L.) Scop.,ACCEPTED,3046890,Sisymbrium officinale (L.) Scop.,SPECIES,Plantae
134855814,3046736,5584,Sisymbrium altissimum L.,ACCEPTED,3046736,Sisymbrium altissimum L.,SPECIES,Plantae
134855815,3047598,5582,Sinapis arvensis L.,ACCEPTED,3047598,Sinapis arvensis L.,SPECIES,Plantae
134855816,3052680,5664,Thlaspi arvense L.,ACCEPTED,3052680,Thlaspi arvense L.,SPECIES,Plantae
134855817,4738460,4777,"Cordylomera spinicornis (Fabricius, 1775)",ACCEPTED,4738460,"Cordylomera spinicornis (Fabricius, 1775)",SPECIES,Animalia
134855818,3047621,5581,Sinapis alba L.,ACCEPTED,3047621,Sinapis alba L.,SPECIES,Plantae
134855819,7678610,5483,Raphanus sativus L.,ACCEPTED,7678610,Raphanus sativus L.,SPECIES,Plantae
134855820,5373368,5484,Rapistrum rugosum (L.) All.,ACCEPTED,5373368,Rapistrum rugosum (L.) All.,SPECIES,Plantae
134855821,7225596,5482,Raphanus raphanistrum subsp. raphanistrum,ACCEPTED,7225596,Raphanus raphanistrum subsp. raphanistrum,SUBSPECIES,Plantae
134855822,5376648,5138,Lepidium virginicum L.,ACCEPTED,5376648,Lepidium virginicum L.,SPECIES,Plantae
134855823,5376616,5136,Lepidium ruderale L.,ACCEPTED,5376616,Lepidium ruderale L.,SPECIES,Plantae
134855824,5376565,5137,Lepidium sativum L.,ACCEPTED,5376565,Lepidium sativum L.,SPECIES,Plantae
134855825,5376692,5134,Lepidium latifolium L.,ACCEPTED,5376692,Lepidium latifolium L.,SPECIES,Plantae
134855826,5376816,5135,Lepidium perfoliatum L.,ACCEPTED,5376816,Lepidium perfoliatum L.,SPECIES,Plantae
134855827,5377060,5132,Lepidium didymum L.,ACCEPTED,5377060,Lepidium didymum L.,SPECIES,Plantae
134855828,5376961,5133,Lepidium draba L.,ACCEPTED,5376961,Lepidium draba L.,SPECIES,Plantae
134855829,7703116,5131,Lepidium campestre (L.) W.T. Aiton,ACCEPTED,7703116,Lepidium campestre (L.) W.T.Aiton,SPECIES,Plantae
134855830,5377378,5215,Matthiola incana (L.) W.T. Aiton,ACCEPTED,5377378,Matthiola incana (L.) W.T.Aiton,SPECIES,Plantae
134855831,5377395,5216,Matthiola longipetala (Vent.) DC.,ACCEPTED,5377395,Matthiola longipetala (Vent.) DC.,SPECIES,Plantae
134855832,5373124,5201,Malcolmia maritima (L.) W.T. Aiton,ACCEPTED,5373124,Malcolmia maritima (L.) W.T.Aiton,SPECIES,Plantae
134855833,5373324,5180,Lunaria annua L.,ACCEPTED,5373324,Lunaria annua L.,SPECIES,Plantae
134855834,5373358,5170,Lobularia maritima (L.) Desv.,ACCEPTED,5373358,Lobularia maritima (L.) Desv.,SPECIES,Plantae
134855835,3050595,5053,Hirschfeldia incana (L.) Lagr.-Foss.,ACCEPTED,3050595,Hirschfeldia incana (L.) Lagr.-Foss.,SPECIES,Plantae
134855836,3042291,5044,Hesperis matronalis L.,ACCEPTED,3042291,Hesperis matronalis L.,SPECIES,Plantae
134855837,8961343,5373,"Phymatodes testaceus (Linné, 1758)",ACCEPTED,8961343,"Phymatodes testaceus (Linnaeus, 1758)",SPECIES,Animalia
134855838,5377303,5080,Iberis umbellata L.,ACCEPTED,5377303,Iberis umbellata L.,SPECIES,Plantae
134855839,8196495,4618,"Asemum striatum (Linné, 1758)",ACCEPTED,8196495,"Asemum striatum (Linnaeus, 1758)",SPECIES,Animalia
134855840,5551241,5079,Iberis sempervirens L.,ACCEPTED,5551241,Iberis sempervirens L.,SPECIES,Plantae
134855841,4292492,4603,"Arhopalus rusticus (Linné, 1758)",ACCEPTED,4292492,"Arhopalus rusticus (Linnaeus, 1758)",SPECIES,Animalia
134855842,5375547,4928,Erucastrum gallicum (Willd.) O.E. Schulz,ACCEPTED,5375547,Erucastrum gallicum (Willd.) O.E.Schulz,SPECIES,Plantae
134855843,5375920,4927,Eruca vesicaria (L.) Cav.,ACCEPTED,5375920,Eruca vesicaria (L.) Cav.,SPECIES,Plantae
134855845,3048266,4930,Erysimum cheiranthoides L.,ACCEPTED,3048266,Erysimum cheiranthoides L.,SPECIES,Plantae
134855846,1095895,4583,"Anthrenus verbasci (Linnaeus, 1767)",ACCEPTED,1095895,"Anthrenus verbasci (Linnaeus, 1767)",SPECIES,Animalia
134855847,3048203,4931,Erysimum cheiri (L.) Crantz,ACCEPTED,3048203,Erysimum cheiri (L.) Crantz,SPECIES,Plantae
134855848,5376337,4870,Diplotaxis muralis (L.) DC.,ACCEPTED,5376337,Diplotaxis muralis (L.) DC.,SPECIES,Plantae
134855849,5376426,4871,Diplotaxis tenuifolia (L.) DC.,ACCEPTED,5376426,Diplotaxis tenuifolia (L.) DC.,SPECIES,Plantae
134855850,7444783,4876,Draba muralis Hook.,SYNONYM,5375971,Drabella muralis (L.) Fourr.,SPECIES,Plantae
134855852,1045843,5654,"Tenebrio molitor Linnaeus, 1758",ACCEPTED,1045843,"Tenebrio molitor Linnaeus, 1758",SPECIES,Animalia
134855853,1045837,5327,"Palorus ratzeburgi (Wissmann, 1848)",ACCEPTED,1045837,"Palorus ratzeburgi (Wissmann, 1848)",SPECIES,Animalia
134855854,1045875,4551,"Alphitobius diaperinus (Panzer, 1797)",ACCEPTED,1045875,"Alphitobius diaperinus (Panzer, 1797)",SPECIES,Animalia
134855855,9073641,4700,Camelina sativa (L.) Crantz,ACCEPTED,9073641,Camelina sativa (L.) Crantz,SPECIES,Plantae
134855857,3046015,4713,Cardamine corymbosa Hook.f.,ACCEPTED,3046015,Cardamine corymbosa Hook.f.,SPECIES,Plantae
134855859,5375388,4712,Capsella bursa-pastoris (L.) Medik.,ACCEPTED,5375388,Capsella bursa-pastoris (L.) Medik.,SPECIES,Plantae
134855860,3042658,4671,Brassica nigra (L.) W.D.J. Koch,ACCEPTED,3042658,Brassica nigra (L.) W.D.J.Koch,SPECIES,Plantae
134855861,3042636,4670,Brassica napus L.,ACCEPTED,3042636,Brassica napus L.,SPECIES,Plantae
134855862,7903057,4673,Brassica rapa L.,ACCEPTED,7903057,Brassica rapa L.,SPECIES,Plantae
134855863,3042845,4672,Brassica oleracea L.,ACCEPTED,3042845,Brassica oleracea L.,SPECIES,Plantae
134855864,3054117,4629,Aubrieta deltoidea (L.) DC.,ACCEPTED,3054117,Aubrieta deltoidea (L.) DC.,SPECIES,Plantae
134855865,1418842,5490,"Rhadinopsylla pentacantha (Rothschild, 1897)",ACCEPTED,1418842,"Rhadinopsylla pentacantha (Rothschild, 1897)",SPECIES,Animalia
134855866,5374672,4642,Barbarea verna (Mill.) Asch.,ACCEPTED,5374672,Barbarea verna (Mill.) Asch.,SPECIES,Plantae
134855868,1419435,5756,"Xenopsylla cheopis (Rothschild, 1903)",ACCEPTED,1419435,"Xenopsylla cheopis (Rothschild, 1903)",SPECIES,Animalia
134855869,1419562,5605,"Spilopsyllus cuniculi (Dale, 1878)",ACCEPTED,1419562,"Spilopsyllus cuniculi (Dale, 1878)",SPECIES,Animalia
134855870,5374635,4641,Barbarea intermedia Boreau,ACCEPTED,5374635,Barbarea intermedia Boreau,SPECIES,Plantae
134855871,3041022,4610,"Armoracia rusticana P. Gaertn., B. Mey. & Scherb.",ACCEPTED,3041022,"Armoracia rusticana P.Gaertn., B.Mey. & Scherb.",SPECIES,Plantae
134855872,1417654,5141,"Leptopsylla segnis (Schonherr, 1811)",ACCEPTED,1417654,"Leptopsylla segnis (Schönherr, 1811)",SPECIES,Animalia
134855873,6194455,4598,Archaeopsylla erinacei subsp. erinacei,ACCEPTED,6194455,Archaeopsylla erinacei erinacei,SUBSPECIES,Animalia
134855874,5374922,4595,Arabis caucasica Willd.,ACCEPTED,5374922,Arabis caucasica Willd.,SPECIES,Plantae
134855877,4067302,5632,Symphytum grandiflorum DC.,ACCEPTED,4067302,Symphytum grandiflorum DC.,SPECIES,Plantae
134855879,2926065,5634,Symphytum tuberosum L.,ACCEPTED,2926065,Symphytum tuberosum L.,SPECIES,Plantae
134855880,,5310,Orchopeas howardi subsp. howardi,,,Orchopeas howardi subsp. howardi,,
134855881,4067112,5633,Symphytum orientale L.,ACCEPTED,4067112,Symphytum orientale L.,SPECIES,Plantae
134855882,2926068,5635,Symphytum uplandicum Nym.,ACCEPTED,2926068,Symphytum ×uplandicum Nyman,SPECIES,Plantae
134855883,4063372,5684,Trachystemon orientalis (L.) G. Don,SYNONYM,4063383,Trachystemon orientale (L.) D.Don,SPECIES,Plantae
134855884,1417259,5278,"Nosopsyllus fasciatus (Bosc, 1800)",ACCEPTED,1417259,"Nosopsyllus fasciatus (Bosc, 1800)",SPECIES,Animalia
134855885,5341204,5463,Pulmonaria officinalis L.,ACCEPTED,5341204,Pulmonaria officinalis L.,SPECIES,Plantae
134855886,2928226,5357,Phacelia tanacetifolia Benth.,ACCEPTED,2928226,Phacelia tanacetifolia Benth.,SPECIES,Plantae
134855887,2926130,5340,Pentaglottis sempervirens (L.) L. H. Bailey,ACCEPTED,2926130,Pentaglottis sempervirens (L.) Tausch ex L.H.Bailey,SPECIES,Plantae
134855888,6194295,4553,"Amalaraeus penicilliger subsp. mustelae (Dale, 1878)",ACCEPTED,6194295,"Amalaraeus penicilliger mustelae (Dale, 1878)",SUBSPECIES,Animalia
134855889,2925747,5405,Plagiobothrys scouleri (Hook. & Arn.) I. M. Johnst.,ACCEPTED,2925747,Plagiobothrys scouleri (Hook. & Arn.) I.M.Johnst.,SPECIES,Plantae
134855890,5341175,5263,Myosotis sylvatica Ehrh. ex Hoffm.,ACCEPTED,5341175,Myosotis sylvatica Ehrh. ex Hoffm.,SPECIES,Plantae
134855891,5341170,5262,Myosotis arvensis (L.) Hill,ACCEPTED,5341170,Myosotis arvensis (L.) Hill,SPECIES,Plantae
134855893,2926048,5300,Omphalodes verna Moench,ACCEPTED,2926048,Omphalodes verna Moench,SPECIES,Plantae
134855895,4068166,4888,Echium pininana Webb & Berth.,ACCEPTED,4068166,Echium pininana Webb & Berthel.,SPECIES,Plantae
134855896,2925895,4889,Echium plantagineum L.,ACCEPTED,2925895,Echium plantagineum L.,SPECIES,Plantae
134855897,2926110,4666,Borago officinalis L.,ACCEPTED,2926110,Borago officinalis L.,SPECIES,Plantae
134855899,5341201,4562,Anchusa officinalis L.,ACCEPTED,5341201,Anchusa officinalis L.,SPECIES,Plantae
134855900,7982157,4561,Anchusa arvensis (L.) M. Bieb.,SYNONYM,9309359,Lycopsis arvensis subsp. arvensis,SUBSPECIES,Plantae
134855903,8810827,5285,Nymphoides peltata (S. G. Gmelin) O. Kuntze,ACCEPTED,8810827,Nymphoides peltata (S.G.Gmel.) Kuntze,SPECIES,Plantae
134855905,5408087,5169,Lobelia erinus L.,ACCEPTED,5408087,Lobelia erinus L.,SPECIES,Plantae
134855906,3160243,5168,Lobelia angulata G.Forst.,ACCEPTED,3160243,Lobelia angulata G.Forst.,SPECIES,Plantae
134855907,1728965,5638,"Tachycines asynamorus Adelung, 1902",ACCEPTED,1728965,"Tachycines asynamorus Adelung, 1902",SPECIES,Animalia
134855909,5410151,4705,Campanula poscharskyana Degen,ACCEPTED,5410151,Campanula poscharskyana Degen,SPECIES,Plantae
134855910,1692898,5658,"Tettigonia viridissima (Linnaeus, 1758)",ACCEPTED,1692898,"Tettigonia viridissima (Linnaeus, 1758)",SPECIES,Animalia
134855911,5411475,4703,Campanula persicifolia L.,ACCEPTED,5411475,Campanula persicifolia L.,SPECIES,Plantae
134855912,1690429,5217,"Meconema meridionale Costa, A., 1860",ACCEPTED,1690429,"Meconema meridionale Costa, 1860",SPECIES,Animalia
134855913,5410411,4704,Campanula portenschlagiana Schult.,ACCEPTED,5410411,Campanula portenschlagiana Schult.,SPECIES,Plantae
134855914,5411408,4702,Campanula latifolia L.,ACCEPTED,5411408,Campanula latifolia L.,SPECIES,Plantae
134855916,1716128,5017,"Gryllotalpa gryllotalpa (Linnaeus, 1758)",ACCEPTED,1716128,"Gryllotalpa gryllotalpa (Linnaeus, 1758)",SPECIES,Animalia
134855919,7756204,5699,Tripleurospermum inodorum var. maritimum (L.) Sch. Bip.,SYNONYM,3104173,Tripleurospermum maritimum (L.) W.D.J.Koch,SPECIES,Plantae
134855921,1703254,4692,"Calliptamus italicus (Linnaeus, 1758)",ACCEPTED,1703254,"Calliptamus italicus (Linnaeus, 1758)",SPECIES,Animalia
134855923,8556788,5685,Tragopogon porrifolius Pall.,HOMOTYPIC_SYNONYM,7262098,Tragopogon dubius subsp. dubius,SUBSPECIES,Plantae
134855925,3141857,5383,Picris echioides L.,HOMOTYPIC_SYNONYM,3141855,Helminthotheca echioides (L) Holub,SPECIES,Plantae
134855927,3118274,5646,Tanacetum vulgare L.,ACCEPTED,3118274,Tanacetum vulgare L.,SPECIES,Plantae
134855930,9129328,5567,Senecio sarracenicus,SYNONYM,3107361,"Senecio ovatus (G.Gaertn., E.Mey. & Scherb.) Willd.",SPECIES,Plantae
134855931,1701064,4961,"Eyprepocnemis plorans (Charpentier, 1825)",ACCEPTED,1701064,"Eyprepocnemis plorans (Charpentier, 1825)",SPECIES,Animalia
134855933,1702101,4559,"Anacridium aegyptium (Linnaeus, 1764)",ACCEPTED,1702101,"Anacridium aegyptium (Linnaeus, 1764)",SPECIES,Animalia
134855935,3097222,5564,Senecio cineraria DC.,SYNONYM,11153937,Jacobaea maritima subsp. maritima,SUBSPECIES,Plantae
134855936,1722299,5016,"Gryllodes sigillatus (Walker, F., 1869)",ACCEPTED,1722299,"Gryllodes sigillatus (Walker, 1869)",SPECIES,Animalia
134855938,1718308,4515,"Acheta domesticus (Linnaeus, 1758)",ACCEPTED,1718308,"Acheta domesticus (Linnaeus, 1758)",SPECIES,Animalia
134855940,3107845,5565,Senecio fluviatilis Wallr.,SYNONYM,7903764,Senecio sarracenicus L.,SPECIES,Plantae
134855943,12151741,5620,"Stigmella aurella (Fabricius, 1775) Fabricius, 1775",SYNONYM,5769709,"Stigmella aurella (Fabricius, 1775) Walsingham, 1908",SPECIES,Animalia
134855944,4243838,5563,Senecio albescens De Wild.,SYNONYM,4237993,Dendrosenecio adnivalis subsp. friesiorum (Mildbr.) E.B.Knox,SUBSPECIES,Plantae
134855946,1831168,5414,"Plutella porrectella Linnaeus, 1758",ACCEPTED,1831168,"Plutella porrectella Linnaeus, 1758",SPECIES,Animalia
134855949,1793877,5329,"Panolis flammea Schiffermüller, 1776",ACCEPTED,1793877,"Panolis flammea (Denis & Schiffermüller), 1775",SPECIES,Animalia
134855950,3122493,4581,Anthemis punctata Guss. ex Nyman,HETEROTYPIC_SYNONYM,7223101,Anthemis cretica subsp. cretica,SUBSPECIES,Plantae
134855951,1759673,5167,"Lithophane leautieri Boisduval, 1829",ACCEPTED,1759673,"Lithophane leautieri Boisduval, 1829",SPECIES,Animalia
134855953,3086594,4580,Anthemis cotula Blanco,HETEROTYPIC_SYNONYM,5384955,Eclipta alba (L.) Hassk.,SPECIES,Plantae
134855956,7827319,4579,Anthemis arvensis Pall. ex M.Bieb.,HETEROTYPIC_SYNONYM,5390611,Cota altissima (L.) J.Gay,SPECIES,Plantae
134855958,5119414,5148,Leucoptera laburnella Stainton,ACCEPTED,5119414,Leucoptera laburnella Stainton,SPECIES,Animalia
134855959,5406499,4625,Aster versicolor Willd.,SYNONYM,3151751,Symphyotrichum ×versicolor (Willd.) G.L.Nesom,SPECIES,Plantae
134855961,12087801,4624,Aster salignus Willd.,SYNONYM,3151811,Symphyotrichum ×salignum (Willd.) G.L.Nesom,SPECIES,Plantae
134855963,5406382,4623,Aster novi-belgii L.,SYNONYM,3151558,Symphyotrichum novi-belgii (L.) G.L.Nesom,SPECIES,Plantae
134855965,7816733,4560,Anaphalis margaritacea (L.) A.Gray,DOUBTFUL,7816733,"Anaphalis margaritacea (L.) A.Gray, 1873",SPECIES,Plantae
134855966,5769255,5149,"Leucoptera malifoliella (O. Costa, 1836) O. Costa, 1836",ACCEPTED,5769255,"Leucoptera malifoliella (Costa, 1836)",SPECIES,Animalia
134855968,8108103,4841,Cyanus triumfettii (All.) Dostál,HOMOTYPIC_SYNONYM,7338495,Centaurea triumfettii subsp. triumfettii,SUBSPECIES,Plantae
134855970,5398201,4771,Conyza bilbaoana J.Remy,SYNONYM,3147018,Erigeron floribundus (Kunth) Sch.Bip.,SPECIES,Plantae
134855972,1820406,5187,"Lymantria dispar Linnaeus, 1758",ACCEPTED,1820406,"Lymantria dispar Linnaeus, 1758",SPECIES,Animalia
134855974,5404795,4772,Conyza bonariensis (L.) Cronquist,SYNONYM,3146717,Erigeron bonariensis L.,SPECIES,Plantae
134855976,5404801,4773,Conyza canadensis (L.) Cronquist,SYNONYM,3146791,Erigeron canadensis L.,SPECIES,Plantae
134855979,5398027,4774,Conyza sumatrensis (Retz.) E.Walker,SYNONYM,3146683,Erigeron sumatrensis Retz.,SPECIES,Plantae
134855981,5391966,4654,Bidens ferulifolia (Jacq.) DC.,SYNONYM,5391802,Bidens aurea (Aiton) Sherff,SPECIES,Plantae
134855982,1836899,5054,"Hofmannophila pseudospretella Stainton, 1849",ACCEPTED,1836899,"Hofmannophila pseudospretella Stainton, 1849",SPECIES,Animalia
134855984,1837172,4900,"Endrosis sarcitrella Linnaeus, 1758",ACCEPTED,1837172,"Endrosis sarcitrella Linnaeus, 1758",SPECIES,Animalia
134855985,3140450,4745,Cicerbita macrophylla (Willd.) Wallr.,HOMOTYPIC_SYNONYM,7222255,Lactuca macrophylla subsp. macrophylla,SUBSPECIES,Plantae
134855988,1869450,4901,"Epermenia aequidentellus Hofmann, 1867",ACCEPTED,1869450,"Epermenia aequidentellus (Hofmann, 1867)",SPECIES,Animalia
134855989,4218591,5049,Hieracium gougetianum Gren. & Godr.,HETEROTYPIC_SYNONYM,4219149,Hieracium glaucinum subsp. prasiophaeum (Arv.-Touv. & Gaut.) Gottschl.,SUBSPECIES,Plantae
134855992,4536329,5618,"Stenoptilia millieridactyla Bruand, 1861",ACCEPTED,4536329,"Stenoptilia millieridactylus (Bruand d'Uzelle, 1861)",SPECIES,Animalia
134855993,8599518,5051,Hieracium maculatum Teesd.,HOMOTYPIC_SYNONYM,8368396,"Hieracium maculatum Teesd. ex Turner, 1805",SPECIES,Plantae
134855994,1859046,4897,"Emmelina monodactyla Linnaeus, 1758",ACCEPTED,1859046,"Emmelina monodactyla (Linnaeus, 1758)",SPECIES,Animalia
134855997,1858093,5674,"Tinea dubiella Stainton, 1859",ACCEPTED,1858093,"Tinea dubiella Stainton, 1859",SPECIES,Animalia
134855998,1858207,5675,"Tinea flavescentella Haworth, 1828",ACCEPTED,1858207,"Tinea flavescentella Haworth, 1828",SPECIES,Animalia
134855999,1858100,5677,"Tinea pallescentella Stainton, 1851",ACCEPTED,1858100,"Tinea pallescentella Stainton, 1851",SPECIES,Animalia
134856000,1858173,5676,"Tinea murariella Staudinger, 1859",ACCEPTED,1858173,"Tinea murariella Staudinger, 1859",SPECIES,Animalia
134856001,1857626,5679,"Tineola bisselliella (Hummel, 1823)",ACCEPTED,1857626,"Tineola bisselliella (Hummel, 1823)",SPECIES,Animalia
134856002,1858163,5678,"Tinea pellionella Linnaeus, 1758",ACCEPTED,1858163,"Tinea pellionella Linnaeus, 1758",SPECIES,Animalia
134856003,3136029,5050,Hieracium grandidens Elfstr.,HETEROTYPIC_SYNONYM,3136027,Hieracium bathycephalum Elfstr.,SPECIES,Plantae
134856005,5404874,5011,Gnaphalium luteoalbum L.,SYNONYM,3131229,Helichrysum luteoalbum (L.) Rchb.,SPECIES,Plantae
134856007,1857577,5689,"Trichophaga tapetzella (Linnaeus, 1758)",ACCEPTED,1857577,"Trichophaga tapetzella (Linnaeus, 1758)",SPECIES,Animalia
134856008,7627205,5008,Glebionis coronaria (L.) Tzvelev,ACCEPTED,7627205,Glebionis coronaria (L.) Tzvelev,SPECIES,Plantae
134856010,,5031,Helianthus petiolaris Hort.,,,Helianthus petiolaris Hort.,,
134856012,3117449,4919,Erigeron annuus (L.) Pers.,ACCEPTED,3117449,Erigeron annuus (L.) Pers.,SPECIES,Plantae
134856014,9123250,5107,Lactuca tatarica,ACCEPTED,9123250,Lactuca tatarica (L.) C.A.Mey.,SPECIES,Plantae
134856016,7794531,5353,Petasites japonicus (Siebold & Zucc.) F.W.Schmidt,DOUBTFUL,7794531,"Petasites japonicus F.Schmidt, 1868",SPECIES,Plantae
134856017,1855620,5456,"Psychoides filicivora (Meyrick, 1937)",ACCEPTED,1855620,"Psychoides filicivora (Meyrick, 1937)",SPECIES,Animalia
134856018,1857829,5249,"Monopis crocicapitella (Clemens, 1859)",ACCEPTED,1857829,"Monopis crocicapitella (Clemens, 1859)",SPECIES,Animalia
134856020,1856701,5270,"Nemapogon granella (Linnaeus, 1758)",ACCEPTED,1856701,"Nemapogon granella (Linnaeus, 1758)",SPECIES,Animalia
134856021,3088330,5352,Petasites fragrans (Vill.) C.Presl,SYNONYM,3088282,Petasites pyrenaicus (L.) G.López,SPECIES,Plantae
134856022,1856005,5275,"Niditinea fuscella (Linnaeus, 1758)",ACCEPTED,1856005,"Niditinea fuscella (Linnaeus, 1758)",SPECIES,Animalia
134856024,8527108,5299,Olearia traversii F.Muell.,HOMOTYPIC_SYNONYM,10845319,Olearia traversiorum (F.Muell.) Hook.fil.,SPECIES,Plantae
134856025,10055273,5294,"Oinophila v-flava (Haworth, 1828)",ACCEPTED,10055273,"Oinophila v-flava (Haworth, 1828)",SPECIES,Animalia
134856027,1856130,5027,"Haplotinea insectella (Fabricius, 1794)",ACCEPTED,1856130,"Haplotinea insectella (Fabricius, 1794)",SPECIES,Animalia
134856028,1856893,4879,"Dryadaula pactolia Meyrick, 1901",ACCEPTED,1856893,"Dryadaula pactolia Meyrick, 1901",SPECIES,Animalia
134856029,3139040,5258,Mycelis muralis (L.) Dumort.,ACCEPTED,3139040,Mycelis muralis (L.) Dumort.,SPECIES,Plantae
134856031,3088492,5641,Tagetes patula L.,SYNONYM,3088488,Tagetes erecta L.,SPECIES,Plantae
134856032,5116698,4891,"Eilema caniola Hübner, 1827",ACCEPTED,5116698,"Eilema caniola (Hübner, 1808)",SPECIES,Animalia
134856033,3118430,5645,Tanacetum parthenium (Linnaeus) Schultz-Bipontinus,ACCEPTED,3118430,Tanacetum parthenium (L.) Sch.Bip.,SPECIES,Plantae
134856034,3104242,5697,Tripleurospermum disciforme (C.A.Mey.) Sch.Bip.,ACCEPTED,3104242,Tripleurospermum disciforme (C.A.Mey.) Sch.Bip.,SPECIES,Plantae
134856036,1891167,4941,"Euchromius ocellea Haworth, 1811",ACCEPTED,1891167,"Euchromius ocellea Haworth, 1811",SPECIES,Animalia
134856037,3104179,5698,Tripleurospermum inodorum (Linnaeus) Schultz-Bipontinus,ACCEPTED,3104179,Tripleurospermum inodorum (L.) Sch.-Bip,SPECIES,Plantae
134856038,3109086,5566,Senecio inaequidens DC.,ACCEPTED,3109086,Senecio inaequidens DC.,SPECIES,Plantae
134856039,,5568,Senecio squalidus Druce,,,Senecio squalidus Druce,,
134856040,5884851,4895,"Elophila nymphaeata (Linnaeus, 1758) Linnaeus, 1758",ACCEPTED,5884851,"Elophila nymphaeata Linnaeus, 1758",SPECIES,Animalia
134856042,5121029,4765,Coleophora versurella Zeller,ACCEPTED,5121029,Coleophora versurella Zeller,SPECIES,Animalia
134856043,3107855,5569,Senecio viscosus L.,ACCEPTED,3107855,Senecio viscosus L.,SPECIES,Plantae
134856044,5389017,5598,Solidago gigantea Aiton,ACCEPTED,5389017,Solidago gigantea Aiton,SPECIES,Plantae
134856045,5389029,5597,Solidago canadensis L.,ACCEPTED,5389029,Solidago canadensis L.,SPECIES,Plantae
134856046,3115131,5580,Sinacalia tangutica (Maxim.) B.Nord.,ACCEPTED,3115131,Sinacalia tangutica (Maxim.) B.Nord.,SPECIES,Plantae
134856047,3145214,5579,Silybum marianum (L.) Gaertn.,ACCEPTED,3145214,Silybum marianum (L.) Gaertn.,SPECIES,Plantae
134856048,3122924,5385,Pilosella aurantiaca (L.) F.W.Schultz & Sch.Bip.,ACCEPTED,3122924,Pilosella aurantiaca (L.) F.W.Schultz & Sch.Bip.,SPECIES,Plantae
134856049,3093337,5384,Picris hieracioides,ACCEPTED,3093337,Picris hieracioides L.,SPECIES,Plantae
134856050,5405015,5296,Olearia haastii Hook.f.,ACCEPTED,5405015,Olearia ×haastii Hook.fil.,SPECIES,Plantae
134856052,5120767,4764,"Coleophora laricella Hübner, 1817/18",ACCEPTED,5120767,"Coleophora laricella (Hübner, 1817)",SPECIES,Animalia
134856053,5405000,5297,Olearia macrodonta Baker,ACCEPTED,5405000,Olearia macrodonta Baker,SPECIES,Plantae
134856054,5405261,5298,Olearia paniculata Druce,ACCEPTED,5405261,Olearia paniculata (J.R.Forst. & G.Forst.) Druce,SPECIES,Plantae
134856056,1750131,5372,"Phyllonorycter messaniella (Zeller, 1846)",ACCEPTED,1750131,"Phyllonorycter messaniella (Zeller, 1846)",SPECIES,Animalia
134856057,7378144,5146,Leucanthemum ×superbum (Bergmans ex J.Ingram) Soreng & E.A.Cope,SYNONYM,5401007,Leucanthemum ×superbum (Bergmans ex J.W.Ingram) D.H.Kent,SPECIES,Plantae
134856058,3103791,5214,Matricaria discoidea DC.,ACCEPTED,3103791,Matricaria discoidea DC.,SPECIES,Plantae
134856059,1750157,5370,"Phyllonorycter geniculella (Ragonot, 1874)",ACCEPTED,1750157,"Phyllonorycter geniculella (Ragonot, 1874)",SPECIES,Animalia
134856060,8370958,5213,Matricaria chamomilla L.,ACCEPTED,8370958,Matricaria chamomilla L.,SPECIES,Plantae
134856061,1750159,5371,"Phyllonorycter leucographella (Zeller, 1850)",ACCEPTED,1750159,"Phyllonorycter leucographella (Zeller, 1850)",SPECIES,Animalia
134856062,1749449,4701,"Cameraria ohridella Deschka & Dimic, 1986",ACCEPTED,1749449,"Cameraria ohridella Deschka & Dimić, 1986",SPECIES,Animalia
134856063,5104903,4695,"Caloptilia azaleella (Brants, 1913)",ACCEPTED,5104903,"Caloptilia azaleella (Brants, 1913)",SPECIES,Animalia
134856065,5148424,5663,"Thera britannica Turner, 1925",ACCEPTED,5148424,"Thera britannica (Turner, 1925)",SPECIES,Animalia
134856066,3136425,5048,Hieracium cinderella (Ley) Ley,ACCEPTED,3136425,Hieracium cinderella (Ley) Ley,SPECIES,Plantae
134856067,8002952,4556,Ambrosia artemisiifolia L.,ACCEPTED,8002952,Ambrosia artemisiifolia L.,SPECIES,Plantae
134856068,1972449,5306,"Operophtera brumata Linnaeus, 1758",ACCEPTED,1972449,"Operophtera brumata (Linnaeus, 1758)",SPECIES,Animalia
134856069,,4582,Anthemis tinctoria Forssk.,,,Anthemis tinctoria Forssk.,,
134856070,5406285,4622,Aster lanceolatus,SYNONYM,9202318,Symphyotrichum lanceolatum (Willd.) G.L.Nesom,SPECIES,Plantae
134856071,3121319,4611,Artemisia absinthium L.,ACCEPTED,3121319,Artemisia absinthium L.,SPECIES,Plantae
134856072,3121226,4612,Artemisia biennis Willd.,ACCEPTED,3121226,Artemisia biennis Willd.,SPECIES,Plantae
134856073,5880533,5192,"Macaria liturata (Clerck, 1759) Clerck, 1759",ACCEPTED,5880533,"Macaria liturata (Clerck, 1759)",SPECIES,Animalia
134856074,3121391,4613,Artemisia stelleriana Besser,ACCEPTED,3121391,Artemisia stelleriana Besser,SPECIES,Plantae
134856075,8383671,4614,"Artemisia vulgaris Journet & Vickery, 1979",DOUBTFUL,8383671,"Artemisia vulgaris Journet & Vickery, 1979",SPECIES,Plantae
134856076,5391480,4691,Calendula officinalis L.,ACCEPTED,5391480,Calendula officinalis L.,SPECIES,Plantae
134856077,,4714,Carduus nutans Rech. f.,,,Carduus nutans Rech. f.,,
134856078,3138327,4718,Carthamus tinctorius L.,ACCEPTED,3138327,Carthamus tinctorius L.,SPECIES,Plantae
134856079,5392252,4746,Cichorium intybus L.,ACCEPTED,5392252,Cichorium intybus L.,SPECIES,Plantae
134856080,3113650,4748,Cirsium oleraceum (L.) Scop.,ACCEPTED,3113650,Cirsium oleraceum (L.) Scop.,SPECIES,Plantae
134856081,3112110,4808,Cotula coronopifolia L.,ACCEPTED,3112110,Cotula coronopifolia L.,SPECIES,Plantae
134856082,5386012,4840,Cyanus segetum Hill,SYNONYM,3089561,Centaurea cyanus L.,SPECIES,Plantae
134856083,5386027,4839,Cyanus montanus (L.) Hill,SYNONYM,9023462,Centaurea montana L.,SPECIES,Plantae
134856084,1983755,4956,Eupithecia indigata Hübner,ACCEPTED,1983755,Eupithecia indigata (Hübner),SPECIES,Animalia
134856085,3112364,4848,Cynara cardunculus L.,ACCEPTED,3112364,Cynara cardunculus L.,SPECIES,Plantae
134856086,5387142,4852,Dahlia pinnata Cav.,ACCEPTED,5387142,Dahlia ×pinnata Cav.,SPECIES,Plantae
134856087,4245384,4816,Crepis setosa Haller f.,ACCEPTED,4245384,Crepis setosa Haller fil.,SPECIES,Plantae
134856088,7483643,4817,Crepis vesicaria subsp. taraxacifolia (Thuill.) Thell. ex Schinz & R. Keller,DOUBTFUL,7483643,Crepis vesicaria subsp. taraxacifolia (Thuill.) Thell. ex Schinz & R.Keller,SUBSPECIES,Plantae
134856089,1983997,4955,"Eupithecia abietaria Goeze, 1781",ACCEPTED,1983997,"Eupithecia abietaria (Goeze, 1781)",SPECIES,Animalia
134856090,3142950,4874,Doronicum carpetanum Boiss. & Reut. ex Willk. & Lange,ACCEPTED,3142950,Doronicum carpetanum Boiss. & Reut. ex Willk.,SPECIES,Plantae
134856091,1982406,4958,"Eupithecia lariciata Freyer, 1980",ACCEPTED,1982406,"Eupithecia lariciata (Freyer, 1841)",SPECIES,Animalia
134856092,,4859,Delairea odorata Lam.,,,Delairea odorata Lam.,,
134856093,3146888,4920,Erigeron glaucus Ker Gawl.,ACCEPTED,3146888,Erigeron glaucus Ker Gawl.,SPECIES,Plantae
134856094,1983288,4957,"Eupithecia intricata Zetterstedt, 1839",ACCEPTED,1983288,Eupithecia intricata (Zetterstedt),SPECIES,Animalia
134856095,1983888,4959,"Eupithecia phoeniceata Rambur, 1834",ACCEPTED,1983888,"Eupithecia phoeniceata (Rambur, 1834)",SPECIES,Animalia
134856096,1956599,4915,"Erannis defoliaria Clerck, 1764",ACCEPTED,1956599,"Erannis defoliaria (Clerck, 1759)",SPECIES,Animalia
134856097,3147168,4921,Erigeron karvinskianus DC.,ACCEPTED,3147168,Erigeron karvinskianus DC.,SPECIES,Plantae
134856098,3141101,5009,Glebionis segetum (L.) Fourr.,ACCEPTED,3141101,Glebionis segetum (L.) Fourr.,SPECIES,Plantae
134856099,3132567,4989,Galinsoga quadriradiata Cav.,DOUBTFUL,3132567,Galinsoga quadriradiata Cav.,SPECIES,Plantae
134856100,3148340,5084,Inula helenium L.,ACCEPTED,3148340,Inula helenium L.,SPECIES,Plantae
134856101,7403263,5105,Lactuca sativa L.,ACCEPTED,7403263,Lactuca sativa L.,SPECIES,Plantae
134856102,3140490,5106,Lactuca serriola L.,ACCEPTED,3140490,Lactuca serriola L.,SPECIES,Plantae
134856103,9206251,5030,Helianthus annuus,ACCEPTED,9206251,Helianthus annuus L.,SPECIES,Plantae
134856104,3119175,5032,Helianthus tuberosus,ACCEPTED,3119175,Helianthus tuberosus L.,SPECIES,Plantae
134856107,4205311,5458,Pterocarya pterocarpa (Michx.) Kunth ex I. Iljinsk.,SYNONYM,8288647,Pterocarya fraxinifolia (Poir.) Spach,SPECIES,Plantae
134856108,3054357,5092,Juglans nigra L.,ACCEPTED,3054357,Juglans nigra L.,SPECIES,Plantae
134856109,3054368,5093,Juglans regia L.,ACCEPTED,3054368,Juglans regia L.,SPECIES,Plantae
134856110,3054366,5091,Juglans ailanthifolia Carr.,ACCEPTED,3054366,Juglans ailantifolia Carrière,SPECIES,Plantae
134856111,1973414,4684,"Bupalus piniaria Linnaeus, 1758",ACCEPTED,1973414,"Bupalus piniaria (Linnaeus, 1758)",SPECIES,Animalia
134856114,1831752,4645,"Bedellia somnulentella Zeller, 1847",ACCEPTED,1831752,"Bedellia somnulentella (Zeller, 1847)",SPECIES,Animalia
134856116,2874879,5282,Nothofagus nervosa (Phil.) Krasser,SYNONYM,2874878,Nothofagus alpina (Poepp. & Endl.) Oerst.,SPECIES,Plantae
134856117,2879098,5477,Quercus ilex L.,ACCEPTED,2879098,Quercus ilex L.,SPECIES,Plantae
134856118,2880539,5478,Quercus rubra L.,ACCEPTED,2880539,Quercus rubra L.,SPECIES,Plantae
134856120,2880580,5476,Quercus cerris L.,ACCEPTED,2880580,Quercus cerris L.,SPECIES,Plantae
134856121,1852872,4659,"Blastobasis vittata Wollaston, 1858",ACCEPTED,1852872,"Blastobasis vittata (Wollaston, 1858)",SPECIES,Animalia
134856122,2874949,5279,Nothofagus betuloides (Mirb.) Oerst.,ACCEPTED,2874949,Nothofagus betuloides (Mirb.) Oerst.,SPECIES,Plantae
134856123,1852841,4658,"Blastobasis decolorella Wollaston, 1858",ACCEPTED,1852841,"Blastobasis decolorella (Wollaston, 1858)",SPECIES,Animalia
134856124,1852831,4657,"Blastobasis adustella Walsingham, 1894",ACCEPTED,1852831,"Blastobasis adustella Walsingham, 1894",SPECIES,Animalia
134856125,2874895,5281,Nothofagus dombeyi (Mirb.) Oerst.,ACCEPTED,2874895,Nothofagus dombeyi (Mirb.) Oerst.,SPECIES,Plantae
134856127,2874928,5280,Nothofagus cunninghamii (Hook.) Oerst.,ACCEPTED,2874928,Nothofagus cunninghamii (Hook.) Oerst.,SPECIES,Plantae
134856128,2874984,5283,Nothofagus obliqua (Mirb.) Oerst.,ACCEPTED,2874984,Nothofagus obliqua (Mirb.) Oerst.,SPECIES,Plantae
134856129,1849924,5549,"Scrobipalpa ocellatella Boyd, 1858",ACCEPTED,1849924,"Scrobipalpa ocellatella (Boyd, 1858)",SPECIES,Animalia
134856130,2882316,4963,Fagus sylvatica L.,ACCEPTED,2882316,Fagus sylvatica L.,SPECIES,Plantae
134856131,5333294,4722,Castanea sativa Mill.,ACCEPTED,5333294,Castanea sativa Mill.,SPECIES,Plantae
134856133,2875818,4716,Carpinus betulus L.,ACCEPTED,2875818,Carpinus betulus L.,SPECIES,Plantae
134856134,1852118,5368,"Phthorimaea operculella Zeller, 1873",ACCEPTED,1852118,"Phthorimaea operculella (Zeller, 1873)",SPECIES,Animalia
134856135,1851337,4744,"Chrysoesthia sexguttella Thunberg, 1794",ACCEPTED,1851337,"Chrysoesthia sexguttella (Thunberg, 1794)",SPECIES,Animalia
134856136,2876607,4547,Alnus cordata (Loisel.) Duby,ACCEPTED,2876607,Alnus cordata (Loisel.) Duby,SPECIES,Plantae
134856137,2876176,4549,Alnus rubra Bong.,ACCEPTED,2876176,Alnus rubra Bong.,SPECIES,Plantae
134856138,9148577,4548,Alnus incana (L.) Moench,ACCEPTED,9148577,Alnus incana (L.) Moench,SPECIES,Plantae
134856139,1848219,4594,"Aproaerema anthyllidella Hübner, 1813",ACCEPTED,1848219,"Aproaerema anthyllidella (Hübner, 1813)",SPECIES,Animalia
134856142,3152047,5671,Tilia cordata Mill.,ACCEPTED,3152047,Tilia cordata Mill.,SPECIES,Plantae
134856144,1830470,5758,"Yponomeuta malinellus Zeller, 1838",SYNONYM,1830457,"Yponomeuta padella Linnaeus, 1758",SPECIES,Animalia
134856145,,5672,Tilia euchlora C. Koch,,,Tilia euchlora C. Koch,,
134856146,3152720,5574,Sidalcea malviflora (DC.) Benth.,ACCEPTED,3152720,Sidalcea malviflora (DC.) A.Gray ex Benth.,SPECIES,Plantae
134856147,1830584,5286,"Ocnerostoma friesei Svensson, 1966",ACCEPTED,1830584,"Ocnerostoma friesei Svensson, 1966",SPECIES,Animalia
134856149,1830147,4601,"Argyresthia curvella Linnaeus, 1761",ACCEPTED,1830147,"Argyresthia curvella (Linnaeus, 1761)",SPECIES,Animalia
134856150,5420853,4854,Daphne laureola L.,ACCEPTED,5420853,Daphne laureola L.,SPECIES,Plantae
134856151,1830209,4602,"Argyresthia laevigatella Herrich-Schäffer, 1855",ACCEPTED,1830209,"Argyresthia laevigatella Herrich-Schäffer, 1855",SPECIES,Animalia
134856154,3933756,5204,Malva linnaei M.F. Ray,SYNONYM,3933415,"Malva multiflora (Cav.) Soldano, Banfi & Galasso",SPECIES,Plantae
134856156,7508556,5205,Malva moschata Blanco,DOUBTFUL,7508556,"Malva moschata Blanco, 1837",SPECIES,Plantae
134856157,3152373,5206,Malva neglecta Wallr.,ACCEPTED,3152373,Malva neglecta Wallr.,SPECIES,Plantae
134856158,3152372,5207,Malva pusilla Sm.,ACCEPTED,3152372,Malva pusilla Sm.,SPECIES,Plantae
134856159,3152374,5208,Malva sylvestris L.,ACCEPTED,3152374,Malva sylvestris L.,SPECIES,Plantae
134856160,3152520,4552,Althaea officinalis L.,ACCEPTED,3152520,Althaea officinalis L.,SPECIES,Plantae
134856161,1803252,4585,"Antichloris steinbachi Rothschild, 1912",ACCEPTED,1803252,"Antichloris steinbachi Rothschild, 1912",SPECIES,Animalia
134856162,5406789,4532,Alcea rosea L.,ACCEPTED,5406789,Alcea rosea L.,SPECIES,Plantae
134856164,1803266,4584,"Antichloris eriphia Fabricius, 1776",ACCEPTED,1803266,"Antichloris eriphia Fabricius, 1776",SPECIES,Animalia
134856166,8380575,5642,Tamarix gallica L.,ACCEPTED,8380575,Tamarix gallica L.,SPECIES,Plantae
134856169,5334357,4967,Fallopia japonica (Houtt.) Ronse Decraene,SYNONYM,2889173,Reynoutria japonica Houtt.,SPECIES,Plantae
134856172,5652296,4965,Fallopia bohemica (Chrtek & Chrtková) J.P. Bailey,SYNONYM,4038485,Reynoutria ×bohemica Chrtek & Chrtková,SPECIES,Plantae
134856173,5123636,4527,"Agrius cingulata Fabricius, 1775",ACCEPTED,5123636,"Agrius cingulata Fabricius, 1775",SPECIES,Animalia
134856175,5334293,4968,Fallopia sachalinensis (Friedrich Schmidt Petrop.) Ronse Decraene,SYNONYM,2889088,Reynoutria sachalinensis (F.Schmidt) Nakai,SPECIES,Plantae
134856179,6391908,5351,Persicaria wallichii W. Greuter & Burdet,SYNONYM,8848208,Koenigia polystachya (Wall. ex Meisn.) T.M.Schust. & Reveal,SPECIES,Plantae
134856181,4036486,5348,Persicaria campanulata (Hook. fil.) L.P. Ronse Decraene,SYNONYM,9018536,Koenigia campanulata (Hook.fil.) T.M.Schust. & Reveal,SPECIES,Plantae
134856182,5879783,5661,"Thaumatotibia leucotreta (Meyrick, 1913)",ACCEPTED,5879783,"Thaumatotibia leucotreta (Meyrick, 1913)",SPECIES,Animalia
134856184,5123339,5650,"Tebenna micalis (Mann, 1857)",ACCEPTED,5123339,"Tebenna micalis Mann, 1857",SPECIES,Animalia
134856185,6391589,5347,Persicaria bistorta (L.) Samp.,SYNONYM,7291159,Bistorta officinalis subsp. officinalis,SUBSPECIES,Plantae
134856186,8086347,5497,"Rhopobota naevana Hübner, 1814/17",ACCEPTED,8086347,"Rhopobota naevana (Hübner, 1817)",SPECIES,Animalia
134856188,4036951,5346,Persicaria amplexicaulis (D. Don) L.P. Ronse Decraene,SYNONYM,7291264,Bistorta amplexicaulis (D.Don) Greene,SPECIES,Plantae
134856189,2888978,5512,Rumex pulcher L.,ACCEPTED,2888978,Rumex pulcher L.,SPECIES,Plantae
134856190,7291676,5513,Rumex sanguineus var. sanguineus,ACCEPTED,7291676,Rumex sanguineus var. sanguineus,VARIETY,Plantae
134856191,1741368,5284,"Notocelia rosaecolana Doubleday, 1835",ACCEPTED,1741368,"Notocelia rosaecolana (Doubleday, 1850)",SPECIES,Animalia
134856192,7820611,5350,Persicaria lapathifolia (L.) Delarbre,DOUBTFUL,7820611,Persicaria lapathifolia (L.) Delarbre,SPECIES,Plantae
134856193,2889304,5349,Persicaria capitata (Buch.-Ham. ex D. Don) H. Gross,ACCEPTED,2889304,Persicaria capitata (Buch.-Ham. ex D.Don) H.Gross,SPECIES,Plantae
134856194,6391461,4966,Fallopia convolvulus (L.) A. Löve,ACCEPTED,6391461,Fallopia convolvulus (L.) Á.Löve,SPECIES,Plantae
134856195,5334351,4964,Fallopia baldschuanica (Regel) Holub,ACCEPTED,5334351,Fallopia baldschuanica (Regel) Holub,SPECIES,Plantae
134856197,3084742,4753,Claytonia sibirica L.,ACCEPTED,3084742,Claytonia sibirica L.,SPECIES,Plantae
134856198,1736574,5014,"Grapholita molesta Busck, 1916",ACCEPTED,1736574,"Grapholita molesta (Busck, 1916)",SPECIES,Animalia
134856199,3084748,4752,Claytonia perfoliata Donn ex Willd.,SYNONYM,7095665,Claytonia perfoliata subsp. perfoliata,SUBSPECIES,Plantae
134856200,1737131,4912,"Epiphyas postvittana Walker, 1863",ACCEPTED,1737131,"Epiphyas postvittana (Walker, 1863)",SPECIES,Animalia
134856203,1741056,4873,"Ditula angustiorana Haworth, 1811",ACCEPTED,1741056,"Ditula angustiorana (Haworth, 1811)",SPECIES,Animalia
134856204,3083843,4739,Chenopodium bonus-henricus L.,SYNONYM,8044896,Blitum bonus-henricus (L.) Rchb.,SPECIES,Plantae
134856205,3083851,4742,Chenopodium murale L.,SYNONYM,8149099,"Chenopodiastrum murale (L.) S.Fuentes, Uotila & Borsch",SPECIES,Plantae
134856206,3083910,4743,Chenopodium polyspermum L.,SYNONYM,8273130,"Lipandra polysperma (L.) S.Fuentes, Uotila & Borsch",SPECIES,Plantae
134856207,3083862,4741,Chenopodium ficifolium Sm.,ACCEPTED,3083862,Chenopodium ficifolium Sm.,SPECIES,Plantae
134856208,8232750,4740,Chenopodium capitatum (L.) Ambrosi,SYNONYM,5383971,Blitum capitatum L.,SPECIES,Plantae
134856210,3084842,4717,Carpobrotus edulis (L.) N. E. Br.,ACCEPTED,3084842,Carpobrotus edulis (L.) N.E.Br.,SPECIES,Plantae
134856212,7852603,4644,Bassia scoparia (L.) Voss,SYNONYM,5383936,Bassia scoparia (L.) A.J.Scott,SPECIES,Plantae
134856213,7068845,4653,Beta vulgaris subsp. vulgaris,ACCEPTED,7068845,Beta vulgaris subsp. vulgaris,SUBSPECIES,Plantae
134856214,7905507,4554,Amaranthus albus L.,ACCEPTED,7905507,Amaranthus albus L.,SPECIES,Plantae
134856215,6109534,4555,Amaranthus retroflexus L.,ACCEPTED,6109534,Amaranthus retroflexus L.,SPECIES,Plantae
134856218,8332047,5575,Silene armeria Pall.,HETEROTYPIC_SYNONYM,3812573,Saponaria glutinosa M.Bieb.,SPECIES,Plantae
134856219,3085320,5711,Vaccaria hispanica (Miller) Rauschert,SYNONYM,8091998,Gypsophila vaccaria (L.) Sm.,SPECIES,Plantae
134856220,3085360,5533,Saponaria officinalis L.,ACCEPTED,3085360,Saponaria officinalis L.,SPECIES,Plantae
134856221,1736623,4818,"Crocidosema plebejana Zeller, 1847",ACCEPTED,1736623,"Crocidosema plebejana Zeller, 1847",SPECIES,Animalia
134856222,5586962,5516,Sabulina tenuifolia,ACCEPTED,5586962,Sabulina tenuifolia (L.) Rchb.,SPECIES,Plantae
134856223,1737847,4844,"Cydia pomonella Linnaeus, 1758",ACCEPTED,1737847,"Cydia pomonella (Linnaeus, 1758)",SPECIES,Animalia
134856224,3085894,5546,Scleranthus annuus L.,ACCEPTED,3085894,Scleranthus annuus L.,SPECIES,Plantae
134856225,5384805,5578,Silene latifolia Poir.,ACCEPTED,5384805,Silene latifolia Poir.,SPECIES,Plantae
134856226,1737775,4845,"Cydia splendana Hübner, 1796",ACCEPTED,1737775,"Cydia splendana (Hübner, 1796-1799)",SPECIES,Animalia
134856227,5384741,5576,Silene coronaria (L.) Clairv.,ACCEPTED,5384741,Silene coronaria (L.) Clairv.,SPECIES,Plantae
134856228,5384848,5577,Silene gallica L.,ACCEPTED,5384848,Silene gallica L.,SPECIES,Plantae
134856229,3085810,5604,Spergula arvensis L.,ACCEPTED,3085810,Spergula arvensis L.,SPECIES,Plantae
134856230,3085420,4864,Dianthus caryophyllus L.,ACCEPTED,3085420,Dianthus caryophyllus L.,SPECIES,Plantae
134856231,3085438,4727,Cerastium tomentosum L.,ACCEPTED,3085438,Cerastium tomentosum L.,SPECIES,Plantae
134856232,3085368,4528,Agrostemma githago L.,ACCEPTED,3085368,Agrostemma githago L.,SPECIES,Plantae
134856234,1748202,4751,"Clavigesta sylvestrana Curtis, 1850",ACCEPTED,1748202,"Clavigesta sylvestrana (Curtis, 1850)",SPECIES,Animalia
134856235,8094357,4687,"Cacoecimorpha pronubana Hübner, 1800",ACCEPTED,8094357,"Cacoecimorpha pronubana (Hübner, 1796-1799)",SPECIES,Animalia
134856237,1739833,4517,"Acleris variegana Denis & Schiffermüller, 1775",ACCEPTED,1739833,"Acleris variegana (Denis & Schiffermüller), 1775",SPECIES,Animalia
134856240,1872901,5471,"Pyralis farinalis Linnaeus, 1758",ACCEPTED,1872901,"Pyralis farinalis Linnaeus, 1758",SPECIES,Animalia
134856241,1873079,5413,"Plodia interpunctella Hübner, 1813",ACCEPTED,1873079,"Plodia interpunctella (Hübner, 1813)",SPECIES,Animalia
134856242,1871407,5078,"Hypsopygia costalis Fabricius, 1775",ACCEPTED,1871407,"Hypsopygia costalis Fabricius, 1775",SPECIES,Animalia
134856243,1876542,4991,"Galleria mellonella Linnaeus, 1758",ACCEPTED,1876542,"Galleria mellonella (Linnaeus, 1758)",SPECIES,Animalia
134856244,1878490,4903,"Ephestia kuehniella Zeller, 1879",ACCEPTED,1878490,"Ephestia kuehniella Zeller, 1879",SPECIES,Animalia
134856245,1878470,4902,"Ephestia elutella Hübner, 1796",ACCEPTED,1878470,"Ephestia elutella (Hübner, 1796)",SPECIES,Animalia
134856246,1873890,4690,"Cadra cautella Walker, 1863",ACCEPTED,1873890,"Cadra cautella (Walker, 1863)",SPECIES,Animalia
134856247,3034230,5356,Peucedanum ostruthium (L.) Koch,SYNONYM,5538108,Imperatoria ostruthium L.,SPECIES,Plantae
134856248,3034233,5543,Scandix pecten-veneris L.,ACCEPTED,3034233,Scandix pecten-veneris L.,SPECIES,Plantae
134856249,1873919,4689,"Cadra calidella Guenée, 1845",ACCEPTED,1873919,"Cadra calidella Guenée, 1845",SPECIES,Animalia
134856250,3034782,5590,Smyrnium olusatrum L.,ACCEPTED,3034782,Smyrnium olusatrum L.,SPECIES,Plantae
134856251,8193935,5354,Petroselinum crispum (Mill.) Nyman ex A. W. Hill,HETEROTYPIC_SYNONYM,7224069,Petroselinum crispum subsp. crispum,SUBSPECIES,Plantae
134856252,8262702,5338,Pastinaca sativa L.,ACCEPTED,8262702,Pastinaca sativa L.,SPECIES,Plantae
134856253,3034681,5265,Myrrhis odorata (L.) Scop.,ACCEPTED,3034681,Myrrhis odorata (L.) Scop.,SPECIES,Plantae
134856254,1877941,4526,"Aglossa pinguinalis Linnaeus, 1758",ACCEPTED,1877941,"Aglossa pinguinalis (Linnaeus, 1758)",SPECIES,Animalia
134856255,7978544,5065,Hydrocotyle ranunculoides L. fil.,ACCEPTED,7978544,Hydrocotyle ranunculoides L.fil.,SPECIES,Plantae
134856256,1870988,4516,"Achroia grisella Fabricius, 1794",ACCEPTED,1870988,"Achroia grisella (Fabricius, 1794)",SPECIES,Animalia
134856259,7480365,5064,Hydrocotyle moschata G. Forster,ACCEPTED,7480365,Hydrocotyle moschata G.Forst.,SPECIES,Plantae
134856260,1412616,4507,"Acanthoxyla inermis Salmon, 1955",ACCEPTED,1412616,"Acanthoxyla inermis Salmon, 1955",SPECIES,Animalia
134856261,3034830,5042,Heracleum sphondylium L.,ACCEPTED,3034830,Heracleum sphondylium L.,SPECIES,Plantae
134856262,3034825,5041,Heracleum mantegazzianum Sommier & Levier,ACCEPTED,3034825,Heracleum mantegazzianum Sommier & Levier,SPECIES,Plantae
134856264,5581563,5015,Griselinia littoralis (Raoul) Raoul,ACCEPTED,5581563,Griselinia littoralis (Raoul) Raoul,SPECIES,Plantae
134856267,5153689,5696,"Trioza vitreoradiata (Maskell, 1879) Maskell, 1879",HOMOTYPIC_SYNONYM,5153690,"Powellia vitreoradiata Maskell, 1879",SPECIES,Animalia
134856269,3034922,4974,Foeniculum vulgare Mill.,ACCEPTED,3034922,Foeniculum vulgare Mill.,SPECIES,Plantae
134856270,7350944,4858,Daucus carota subsp. sativus (Hoffm.) Schübl. & Martens,SYNONYM,6550056,Daucus carota var. sativus Hoffm.,VARIETY,Plantae
134856271,3034871,4779,Coriandrum sativum L.,ACCEPTED,3034871,Coriandrum sativum L.,SPECIES,Plantae
134856272,3034807,4769,Conium maculatum Linnaeus,ACCEPTED,3034807,Conium maculatum L.,SPECIES,Plantae
134856273,3034650,4734,Chaerophyllum temulum L.,ACCEPTED,3034650,Chaerophyllum temulum L.,SPECIES,Plantae
134856274,11068237,5695,"Trioza alacris Flor, 1861",HOMOTYPIC_SYNONYM,7763534,"Lauritrioza alacris (Flor, 1861)",SPECIES,Animalia
134856275,3034714,4720,Carum carvi L.,ACCEPTED,3034714,Carum carvi L.,SPECIES,Plantae
134856277,4486826,5473,"Pyrrhocoris apterus (Linnaeus, 1758) Linnaeus, 1758",ACCEPTED,4486826,"Pyrrhocoris apterus (Linnaeus, 1758)",SPECIES,Animalia
134856278,3036892,4596,Aralia elata (Miq.) Seem.,ACCEPTED,3036892,Aralia elata (Miq.) Seem.,SPECIES,Plantae
134856280,3034182,4557,Ammi majus L.,ACCEPTED,3034182,Ammi majus L.,SPECIES,Plantae
134856281,5371808,4571,Angelica archangelica L.,ACCEPTED,5371808,Angelica archangelica L.,SPECIES,Plantae
134856282,3034646,4570,Anethum graveolens L.,ACCEPTED,3034646,Anethum graveolens L.,SPECIES,Plantae
134856283,5371825,4525,Aethusa cynapium L.,ACCEPTED,5371825,Aethusa cynapium L.,SPECIES,Plantae
134856284,2095770,5492,"Rhizoecus falcifer Kunckel d'Herculais, 1878",ACCEPTED,2095770,"Rhizoecus falcifer Kunckel d'Herculais, 1878",SPECIES,Animalia
134856285,3034620,4522,Aegopodium podagraria L.,ACCEPTED,3034620,Aegopodium podagraria L.,SPECIES,Plantae
134856286,5164206,5406,"Planococcus citri (Risso, 1813) Risso, 1813",ACCEPTED,5164206,"Planococcus citri (Risso, 1813)",SPECIES,Animalia
134856288,2078852,5273,"Nezara viridula (Linnaeus, 1758)",ACCEPTED,2078852,"Nezara viridula (Linnaeus, 1758)",SPECIES,Animalia
134856291,3855595,5630,Symphoricarpos ×chenaultii Rehder,ACCEPTED,3855595,Symphoricarpos ×chenaultii Rehder,SPECIES,Plantae
134856292,,5631,Symphoricarpos albus (L.) C. Koch,,,Symphoricarpos albus (L.) C. Koch,,
134856293,2888579,5150,Leycesteria formosa Wall.,ACCEPTED,2888579,Leycesteria formosa Wall.,SPECIES,Plantae
134856294,5334259,5175,Lonicera xylosteum L.,ACCEPTED,5334259,Lonicera xylosteum L.,SPECIES,Plantae
134856295,5598915,5174,Lonicera pileata Oliv.,ACCEPTED,5598915,Lonicera pileata Oliv.,SPECIES,Plantae
134856296,5599249,5173,Lonicera nitida E.H. Wilson,SYNONYM,7764700,Lonicera pileata var. yunnanensis (Franch.) Bernd Schulz,VARIETY,Plantae
134856297,5334240,5172,Lonicera japonica Thunb.,ACCEPTED,5334240,Lonicera japonica Thunb.,SPECIES,Plantae
134856299,8273051,4872,Dipsacus fullonum Thore,SYNONYM,8435025,Dipsacus fullonum L.,SPECIES,Plantae
134856300,4485906,4960,"Eurydema ornata (Linnaeus, 1758) Linnaeus, 1758",ACCEPTED,4485906,"Eurydema ornata (Linnaeus, 1758)",SPECIES,Animalia
134856302,2888769,5714,Valerianella carinata Loisel.,ACCEPTED,2888769,Valerianella carinata Loisel.,SPECIES,Plantae
134856303,2888789,5715,Valerianella dentata (L.) Pollich,ACCEPTED,2888789,Valerianella dentata (L.) Pollich,SPECIES,Plantae
134856305,2077734,5195,"Macrosiphum albifrons Essig, 1911",ACCEPTED,2077734,"Macrosiphum albifrons Essig, 1911",SPECIES,Animalia
134856306,4095186,5713,Valeriana pyrenaica L.,ACCEPTED,4095186,Valeriana pyrenaica L.,SPECIES,Plantae
134856307,4095539,5716,Valerianella rimosa Bast.,ACCEPTED,4095539,Valerianella rimosa Bastard,SPECIES,Plantae
134856308,2888740,4726,Centranthus ruber (L.) DC.,ACCEPTED,2888740,Centranthus ruber (L.) DC.,SPECIES,Plantae
134856310,2076533,4892,"Elatobium abietinum (Walker, F., 1849)",ACCEPTED,2076533,"Elatobium abietinum (Walker, 1849)",SPECIES,Animalia
134856311,2888585,5740,Viburnum tinus L.,ACCEPTED,2888585,Viburnum tinus L.,SPECIES,Plantae
134856312,2888615,5739,Viburnum lantana L.,ACCEPTED,2888615,Viburnum lantana L.,SPECIES,Plantae
134856313,2888722,5532,Sambucus ebulus L.,ACCEPTED,2888722,Sambucus ebulus L.,SPECIES,Plantae
134856314,2888794,4521,Adoxa moschatellina L.,ACCEPTED,2888794,Adoxa moschatellina L.,SPECIES,Plantae
134856317,2888445,5330,Papaver argemone L.,SYNONYM,5531435,"Roemeria argemone (L.) C.Morales, R.Mend. & Romero García",SPECIES,Plantae
134856319,2013904,4831,"Ctenarytaina eucalypti (Maskell, 1890)",ACCEPTED,2013904,"Ctenarytaina eucalypti (Maskell, 1890)",SPECIES,Animalia
134856320,3600984,5332,Papaver lecoqii Lamotte,ACCEPTED,3600984,Papaver lecoqii Lamotte,SPECIES,Plantae
134856321,2013907,4832,"Ctenarytaina peregrina Hodkinson, 2007",ACCEPTED,2013907,"Ctenarytaina peregrina Hodkinson, 2007",SPECIES,Animalia
134856322,2013910,4833,"Ctenarytaina spatulata Taylor, 1997",ACCEPTED,2013910,"Ctenarytaina spatulata Taylor, 1997",SPECIES,Animalia
134856324,2013023,4688,"Cacopsylla hippophaes (Foerster, 1848)",ACCEPTED,2013023,"Cacopsylla hippophaes (Foerster, 1848)",SPECIES,Animalia
134856326,2012126,4646,"Bemisia tabaci (Gennadius, 1889)",ACCEPTED,2012126,"Bemisia tabaci (Gennadius, 1889)",SPECIES,Animalia
134856328,2888464,5331,Papaver dubium L.,ACCEPTED,2888464,Papaver dubium L.,SPECIES,Plantae
134856329,2888439,5334,Papaver somniferum L.,ACCEPTED,2888439,Papaver somniferum L.,SPECIES,Plantae
134856330,2888443,5333,Papaver rhoeas L.,ACCEPTED,2888443,Papaver rhoeas L.,SPECIES,Plantae
134856331,5532023,4981,Fumaria muralis subsp. boraei (Jord.) Pugsley,ACCEPTED,5532023,Fumaria muralis subsp. boraei (Jord.) Pugsley,SUBSPECIES,Plantae
134856333,7315286,4980,Fumaria muralis Sond. ex W. D. J. Koch,ACCEPTED,7315286,Fumaria muralis Koch,SPECIES,Plantae
134856334,9228111,4979,Fumaria bastardii Bor.,ACCEPTED,9228111,Fumaria bastardii Boreau,SPECIES,Plantae
134856335,5531806,4983,Fumaria purpurea Pugsley,ACCEPTED,5531806,Fumaria purpurea Pugsley,SPECIES,Plantae
134856336,2094583,5694,"Trionymus diminutus Morrison, 1925",SYNONYM,2094580,"Balanococcus diminutus (Leonardi, 1918)",SPECIES,Animalia
134856337,5163470,5518,"Saissetia coffeae (Walker, 1852)",ACCEPTED,5163470,"Saissetia coffeae (Walker, 1852)",SPECIES,Animalia
134856338,5163430,5519,"Saissetia neglecta De Lotto, 1969",ACCEPTED,5163430,"Saissetia neglecta De Lotto, 1969",SPECIES,Animalia
134856339,5334217,4982,Fumaria officinalis L.,ACCEPTED,5334217,Fumaria officinalis L.,SPECIES,Plantae
134856340,2888553,4866,Dicentra formosa (Haw.) Walp.,ACCEPTED,2888553,Dicentra formosa (Andrews) Walp.,SPECIES,Plantae
134856341,5334186,4737,Chelidonium majus L.,ACCEPTED,5334186,Chelidonium majus L.,SPECIES,Plantae
134856343,8255921,5464,"Pulvinaria floccifera (Westwood, 1870)",ACCEPTED,8255921,"Pulvinaria floccifera (Westwood, 1870)",SPECIES,Animalia
134856345,2092040,5465,"Pulvinaria regalis Canard, 1968",ACCEPTED,2092040,"Pulvinaria regalis Canard, 1968",SPECIES,Animalia
134856346,7300252,4649,Berberis buxifolia Lam.,SYNONYM,7300375,Berberis microphylla G.Forst.,SPECIES,Plantae
134856347,5712981,4760,"Coccus hesperidum Linnaeus, 1758",ACCEPTED,5712981,"Coccus hesperidum Linnaeus, 1758",SPECIES,Animalia
134856349,3033865,5200,Mahonia aquifolium (Pursh) Nutt.,ACCEPTED,3033865,Mahonia aquifolium (Pursh) Nutt.,SPECIES,Plantae
134856350,3033896,4651,Berberis thunbergii DC.,ACCEPTED,3033896,Berberis thunbergii DC.,SPECIES,Plantae
134856351,3033894,4652,Berberis vulgaris Linnaeus,ACCEPTED,3033894,Berberis vulgaris L.,SPECIES,Plantae
134856352,3033905,4650,Berberis darwinii Hook.,ACCEPTED,3033905,Berberis darwinii Hook.,SPECIES,Plantae
134856353,7631015,4719,"Carulaspis minima (Signoret, 1869)",ACCEPTED,7631015,"Carulaspis minima (Signoret, 1869)",SPECIES,Animalia
134856354,8143254,4647,Berberis ×stenophylla Lindl.,ACCEPTED,8143254,Berberis ×stenophylla Lindl.,SPECIES,Plantae
134856355,5161787,4621,"Aspidiotus nerii Bouché, 1833",ACCEPTED,5161787,"Aspidiotus nerii Bouche, 1833",SPECIES,Animalia
134856357,4290201,5386,"Pinnaspis aspidistrae (Signoret, 1869) Signoret, 1869",ACCEPTED,4290201,"Pinnaspis aspidistrae (Signoret, 1869)",SPECIES,Animalia
134856359,3033483,5481,Ranunculus sardous Cr.,ACCEPTED,3033483,Ranunculus sardous Crantz,SPECIES,Plantae
134856360,3033348,5480,Ranunculus arvensis L.,ACCEPTED,3033348,Ranunculus arvensis L.,SPECIES,Plantae
134856361,5371702,5276,Nigella damascena L.,ACCEPTED,5371702,Nigella damascena L.,SPECIES,Plantae
134856362,8038788,5387,"Pinnaspis buxi (Bouché, 1851)",ACCEPTED,8038788,"Pinnaspis buxi (Bouché, 1851)",SPECIES,Animalia
134856363,6374953,5036,Helleborus orientalis Lam.,ACCEPTED,6374953,Helleborus orientalis Lam.,SPECIES,Plantae
134856364,2085554,5020,"Gymnaspis aechmeae Newstead, 1898",ACCEPTED,2085554,"Gymnaspis aechmeae Newstead, 1898",SPECIES,Animalia
134856365,6375040,5035,Helleborus foetidus L.,ACCEPTED,6375040,Helleborus foetidus L.,SPECIES,Plantae
134856366,3033108,5037,Helleborus viridis L.,ACCEPTED,3033108,Helleborus viridis L.,SPECIES,Plantae
134856367,2087459,4865,"Diaspis boisduvalii Signoret, 1869",ACCEPTED,2087459,"Diaspis boisduvalii Signoret, 1869",SPECIES,Animalia
134856368,3033227,4916,Eranthis hyemalis (L.) Salisb.,ACCEPTED,3033227,Eranthis hyemalis (L.) Salisb.,SPECIES,Plantae
134856369,7561279,4497,"Abgrallaspis cyanophylli (Signoret, 1869)",ACCEPTED,7561279,"Abgrallaspis cyanophylli (Signoret, 1869)",SPECIES,Animalia
134856370,2888380,4934,Eschscholzia californica Cham.,ACCEPTED,2888380,Eschscholzia californica Cham.,SPECIES,Plantae
134856371,3033830,4770,Consolida ajacis (L.) Schur,SYNONYM,3033833,Delphinium ajacis L.,SPECIES,Plantae
134856372,3033558,4755,Clematis vitalba L.,ACCEPTED,3033558,Clematis vitalba L.,SPECIES,Plantae
134856373,6376216,4754,Clematis montana Buch.-Ham. ex DC.,ACCEPTED,6376216,Clematis montana Buch.-Ham. ex DC.,SPECIES,Plantae
134856374,3981040,4648,Berberis aggregata C. K. Schneid.,ACCEPTED,3981040,Berberis aggregata C.K.Schneid.,SPECIES,Plantae
134856375,3925834,4568,Anemone ×hybrida Paxton,SYNONYM,9673106,Eriocapitella ×hybrida (L.H.Bailey) Christenh. & Byng,SPECIES,Plantae
134856376,3927746,4569,Anemone apennina L.,ACCEPTED,3927746,Anemone apennina L.,SPECIES,Plantae
134856377,3033665,4518,Aconitum napellus L.,ACCEPTED,3033665,Aconitum napellus L.,SPECIES,Plantae
134856380,,5761,Zelkova carpinifolia (Pall.) C. Koch,,,Zelkova carpinifolia (Pall.) C. Koch,,
134856382,5361815,5710,Urtica urens L.,ACCEPTED,5361815,Urtica urens L.,SPECIES,Plantae
134856384,5361888,5251,Morus nigra L.,ACCEPTED,5361888,Morus nigra L.,SPECIES,Plantae
134856385,5361889,5250,Morus alba L.,ACCEPTED,5361889,Morus alba L.,SPECIES,Plantae
134856387,3039285,5052,Hippophae rhamnoides Linnaeus,ACCEPTED,3039285,Hippophae rhamnoides L.,SPECIES,Plantae
134856389,2984535,5061,Humulus lupulus L.,ACCEPTED,2984535,Humulus lupulus L.,SPECIES,Plantae
134856390,5361880,4708,Cannabis sativa L.,ACCEPTED,5361880,Cannabis sativa L.,SPECIES,Plantae
134856393,7529983,5475,Pyrus pyraster (L.) Boreau,SYNONYM,5362573,Pyrus communis L.,SPECIES,Plantae
134856395,3021922,5444,Prunus cerasus L.,ACCEPTED,3021922,Prunus cerasus L.,SPECIES,Plantae
134856397,8549667,5613,Spiraea xbillardii,SYNONYM,7889822,Spiraea ×billardii Hérincq,SPECIES,Plantae
134856399,3026107,4805,Cotoneaster simonsii Baker,ACCEPTED,3026107,Cotoneaster simonsii Baker,SPECIES,Plantae
134856401,3026092,4797,Cotoneaster hjelmqvistii K.E. Flinck & B. Hylmö,ACCEPTED,3026092,Cotoneaster hjelmqvistii Flinck & B.Hylmö,SPECIES,Plantae
134856403,3025705,4800,Cotoneaster lacteus W. W. Sm.,SYNONYM,3026035,Cotoneaster coriaceus Franch.,SPECIES,Plantae
134856404,2984366,5596,Soleirolia soleirolii (Req.) Dandy,ACCEPTED,2984366,Soleirolia soleirolii (Req.) Dandy,SPECIES,Plantae
134856405,3026454,5611,Spiraea salicifolia L.,ACCEPTED,3026454,Spiraea salicifolia L.,SPECIES,Plantae
134856406,3026622,5612,Spiraea vanhouttei (Briot) Zabel,ACCEPTED,3026622,Spiraea ×vanhouttei (Briot) Zabel,SPECIES,Plantae
134856407,3027332,5607,Spiraea ×rosalba Dippel,ACCEPTED,3027332,Spiraea ×rosalba Dippel,SPECIES,Plantae
134856408,7787813,5608,Spiraea alba Duroi,DOUBTFUL,7787813,Spiraea alba DuRoi,SPECIES,Plantae
134856409,3026406,5609,Spiraea chamaedryfolia L.,ACCEPTED,3026406,Spiraea chamaedryfolia L.,SPECIES,Plantae
134856410,3027159,5610,Spiraea douglasii Hook.,ACCEPTED,3027159,Spiraea douglasii Hook.,SPECIES,Plantae
134856411,3026444,5606,Spiraea ×pseudosalicifolia Silverside,ACCEPTED,3026444,Spiraea ×pseudosalicifolia Silverside,SPECIES,Plantae
134856412,3012254,5599,Sorbus intermedia (Ehrh.) Pers.,SYNONYM,10071055,Scandosorbus ×intermedia (Ehrh.) Sennikov,SPECIES,Plantae
134856413,5370651,4506,Acaena ovalifolia Ruiz & Pav.,ACCEPTED,5370651,Acaena ovalifolia Ruiz & Pav.,SPECIES,Plantae
134856414,7942884,4504,Acaena anserinifolia (J.F. & G. Forst.) Druce,ACCEPTED,7942884,Acaena anserinifolia (J.R.Forst. & G.Forst.) Druce,SPECIES,Plantae
134856415,5370755,4505,Acaena novae-zelandiae T. Kirk,ACCEPTED,5370755,Acaena novae-zelandiae Kirk,SPECIES,Plantae
134856416,3028528,4533,Alchemilla mollis (Buser) Rothm.,ACCEPTED,3028528,Alchemilla mollis (Buser) Rothm.,SPECIES,Plantae
134856417,7671195,4795,Cotoneaster frigidus Wall.,ACCEPTED,7671195,Cotoneaster frigidus Wall.,SPECIES,Plantae
134856418,3026162,4794,Cotoneaster franchetii Boiss.,ACCEPTED,3026162,Cotoneaster franchetii Boiss.,SPECIES,Plantae
134856419,3026154,4806,Cotoneaster sternianus (Turrill) Boom,SYNONYM,3026162,Cotoneaster franchetii Boiss.,SPECIES,Plantae
134856420,3025896,4793,Cotoneaster dielsianus E. Pritz.,ACCEPTED,3025896,Cotoneaster dielsianus E.Pritz.,SPECIES,Plantae
134856421,3026049,4792,Cotoneaster dammeri C.K. Schneid.,ACCEPTED,3026049,Cotoneaster dammeri C.K.Schneid.,SPECIES,Plantae
134856422,3026294,4790,Cotoneaster bullatus Bois in Bilm. & Bois,ACCEPTED,3026294,Cotoneaster bullatus Bois ex Bilm. & Bois,SPECIES,Plantae
134856423,3026160,4803,Cotoneaster rehderi Pojark,SYNONYM,3026294,Cotoneaster bullatus Bois ex Bilm. & Bois,SPECIES,Plantae
134856424,3026040,4807,Cotoneaster suecicus G. Klotz,ACCEPTED,3026040,Cotoneaster ×suecicus G.Klotz,SPECIES,Plantae
134856425,3026074,4804,Cotoneaster salicifolius Franch.,ACCEPTED,3026074,Cotoneaster salicifolius Franch.,SPECIES,Plantae
134856426,7576311,4796,Cotoneaster henryana (C.K. Schneid.) Rehd. & E.H. Wilson,SYNONYM,3026080,Cotoneaster salicifolius var. henryanus (C.K.Schneid.) T.T.Yu,VARIETY,Plantae
134856427,3025626,4801,Cotoneaster microphyllus Wall. ex Lindl.,ACCEPTED,3025626,Cotoneaster microphyllus Wall. ex Lindl.,SPECIES,Plantae
134856428,3025608,4791,Cotoneaster cochleatus (Franch.) Klotz,SYNONYM,3025626,Cotoneaster microphyllus Wall. ex Lindl.,SPECIES,Plantae
134856429,3026022,4802,Cotoneaster nitens Rehd. & E.H. Wilson,ACCEPTED,3026022,Cotoneaster nitens Rehder & E.H.Wilson,SPECIES,Plantae
134856430,3026105,4799,Cotoneaster integrifolius (Roxb.) Klotz,ACCEPTED,3026105,Cotoneaster integrifolius (Roxb.) G.Klotz,SPECIES,Plantae
134856431,3025617,4798,Cotoneaster horizontalis Decne,ACCEPTED,3025617,Cotoneaster horizontalis Decne.,SPECIES,Plantae
134856432,3025910,4789,Cotoneaster atropurpureus K.E. Flinck & B. Hylmö,SYNONYM,3025617,Cotoneaster horizontalis Decne.,SPECIES,Plantae
134856433,3026024,4788,Cotoneaster ascendens Flinck & B. Hylmö,ACCEPTED,3026024,Cotoneaster ascendens Flinck & B.Hylmö,SPECIES,Plantae
134856434,8252683,4814,Crataegus laevigata (Poir.) DC.,ACCEPTED,8252683,Crataegus laevigata (Poir.) DC.,SPECIES,Plantae
134856435,3031919,4883,Duchesnea indica (Jacks.) Focke,SYNONYM,5365717,Potentilla indica (Andrews) Th.Wolf,SPECIES,Plantae
134856436,7515176,4975,Fragaria ananassa (Weston) Decne. & Naudin,DOUBTFUL,7515176,Fragaria ×ananassa Duchesne ex Decne. & Naudin,SPECIES,Plantae
134856437,8350369,4976,Fragaria moschata Duchesne,ACCEPTED,8350369,Fragaria moschata Duchesne,SPECIES,Plantae
134856438,5361909,4973,Ficus carica L.,ACCEPTED,5361909,Ficus carica L.,SPECIES,Plantae
134856439,5371450,5099,Kerria japonica (L.) DC.,ACCEPTED,5371450,Kerria japonica (L.) DC.,SPECIES,Plantae
134856440,3001509,5203,Malus sylvestris Mill.,ACCEPTED,3001509,Malus sylvestris Mill.,SPECIES,Plantae
134856441,3001093,5202,Malus pumila Mill.,HETEROTYPIC_SYNONYM,3001244,Malus domestica (Suckow) Borkh.,SPECIES,Plantae
134856442,2988354,5377,Physocarpus opulifolius (L.) Maxim.,ACCEPTED,2988354,Physocarpus opulifolius (L.) Maxim.,SPECIES,Plantae
134856443,2989222,5510,Rubus tricolor Focke,ACCEPTED,2989222,Rubus tricolor Focke,SPECIES,Plantae
134856444,2993761,5509,Rubus spectabilis Pursh,ACCEPTED,2993761,Rubus spectabilis Pursh,SPECIES,Plantae
134856445,2994912,5508,Rubus odoratus L.,ACCEPTED,2994912,Rubus odoratus L.,SPECIES,Plantae
134856446,2996525,5507,Rubus armeniacus Focke,ACCEPTED,2996525,Rubus armeniacus Focke,SPECIES,Plantae
134856447,3003979,5506,Rosa rugosa Thunb.,ACCEPTED,3003979,Rosa rugosa Thunb.,SPECIES,Plantae
134856448,3003244,5505,Rosa multiflora Thunb.,ACCEPTED,3003244,Rosa multiflora Thunb.,SPECIES,Plantae
134856449,5362573,5474,Pyrus communis L.,ACCEPTED,5362573,Pyrus communis L.,SPECIES,Plantae
134856450,2988188,5470,Pyracantha coccinea M. J. Roemer,ACCEPTED,2988188,Pyracantha coccinea M.Roem.,SPECIES,Plantae
134856451,3020871,5447,Prunus lusitanica L.,ACCEPTED,3020871,Prunus lusitanica L.,SPECIES,Plantae
134856452,3021850,5448,Prunus serotina Ehrh.,ACCEPTED,3021850,Prunus serotina Ehrh.,SPECIES,Plantae
134856453,7931731,5445,Prunus domestica L.,ACCEPTED,7931731,Prunus domestica L.,SPECIES,Plantae
134856454,3021496,5446,Prunus laurocerasus L.,ACCEPTED,3021496,Prunus laurocerasus L.,SPECIES,Plantae
134856455,3021730,5443,Prunus cerasifera Ehrh.,ACCEPTED,3021730,Prunus cerasifera Ehrh.,SPECIES,Plantae
134856456,8576221,5600,Sorbus latifolia (Lam.) Pers.,HETEROTYPIC_SYNONYM,9306058,Karpatiosorbus latifolia (Lam.) Sennikov & Kurtto,SPECIES,Plantae
134856459,2975035,5742,Vicia sativa subsp. nigra (L.) Ehrh.,ACCEPTED,2975035,Vicia sativa subsp. nigra Ehrh.,SUBSPECIES,Plantae
134856460,2974832,5741,Vicia faba L.,ACCEPTED,2974832,Vicia faba L.,SPECIES,Plantae
134856462,2965357,5220,Medicago sativa subsp. falcata (L.) Arcang.,SYNONYM,2965354,Medicago falcata L.,SPECIES,Plantae
134856463,5359175,5693,Trifolium resupinatum L.,ACCEPTED,5359175,Trifolium resupinatum L.,SPECIES,Plantae
134856464,6109535,5690,Trifolium hybridum L.,ACCEPTED,6109535,Trifolium hybridum L.,SPECIES,Plantae
134856465,5359378,5691,Trifolium incarnatum L.,ACCEPTED,5359378,Trifolium incarnatum L.,SPECIES,Plantae
134856466,5358798,5692,Trifolium pratense var. sativum Schreb.,ACCEPTED,5358798,Trifolium pratense var. sativum Schreb.,VARIETY,Plantae
134856467,5350000,5551,Securigera varia (L.) Lassen,SYNONYM,5350005,Coronilla varia L.,SPECIES,Plantae
134856468,3003958,5504,Rosa ×bigeneris Duffort ex Rouy,ACCEPTED,3003958,Rosa ×bigeneris Duffort ex Rouy,SPECIES,Plantae
134856469,5352251,5503,Robinia pseudoacacia L.,ACCEPTED,5352251,Robinia pseudoacacia L.,SPECIES,Plantae
134856470,5347845,5399,Pisum sativum L.,SYNONYM,5347846,Lathyrus oleraceus Lam.,SPECIES,Plantae
134856471,2971016,5225,Melilotus indicus (L.) All.,ACCEPTED,2971016,Melilotus indicus (L.) All.,SPECIES,Plantae
134856472,2971042,5224,Melilotus altissimus Thuill.,ACCEPTED,2971042,Melilotus altissimus Thuill.,SPECIES,Plantae
134856473,2971112,5227,Melilotus sulcatus Desf.,ACCEPTED,2971112,Melilotus sulcatus Desf.,SPECIES,Plantae
134856474,2971024,5226,Melilotus officinalis (L.) Pall.,DOUBTFUL,2971024,Melilotus officinalis (L.) Pallas,SPECIES,Plantae
134856475,8316569,5221,Medicago sativa subsp. varia (Martyn) Arcang.,SYNONYM,2965331,Medicago ×varia Martyn,SPECIES,Plantae
134856476,2971095,5223,Melilotus albus Medik.,ACCEPTED,2971095,Melilotus albus Medik.,SPECIES,Plantae
134856477,2972595,5303,Onobrychis viciifolia Scop.,ACCEPTED,2972595,Onobrychis viciifolia Scop.,SPECIES,Plantae
134856478,5356522,5126,Lathyrus tuberosus L.,ACCEPTED,5356522,Lathyrus tuberosus L.,SPECIES,Plantae
134856479,5356517,5124,Lathyrus latifolius L.,ACCEPTED,5356517,Lathyrus latifolius L.,SPECIES,Plantae
134856480,5356514,5125,Lathyrus odoratus L.,ACCEPTED,5356514,Lathyrus odoratus L.,SPECIES,Plantae
134856481,5356649,5122,Lathyrus aphaca L.,ACCEPTED,5356649,Lathyrus aphaca L.,SPECIES,Plantae
134856482,7571428,5123,Lathyrus grandiflorus Sibth. & Sm.,ACCEPTED,7571428,Lathyrus grandiflorus Sm.,SPECIES,Plantae
134856483,2965527,5218,Medicago arabica (L.) Huds.,ACCEPTED,2965527,Medicago arabica (L.) Huds.,SPECIES,Plantae
134856484,9151957,5219,Medicago sativa L.,ACCEPTED,9151957,Medicago sativa L.,SPECIES,Plantae
134856485,2963807,5181,Lupinus arboreus Sims,ACCEPTED,2963807,Lupinus arboreus Sims,SPECIES,Plantae
134856486,2964309,5182,Lupinus regalis Bergmans,ACCEPTED,2964309,Lupinus ×regalis (Anon.) Bergmans,SPECIES,Plantae
134856487,5356345,5104,Laburnum anagyroides Medik.,ACCEPTED,5356345,Laburnum anagyroides Medik.,SPECIES,Plantae
134856488,5356343,5103,Laburnum alpinum (Mill.) Bercht. & J.Presl,ACCEPTED,5356343,Laburnum alpinum (Mill.) Bercht. & J.Presl,SPECIES,Plantae
134856489,2959124,4875,Dorycnium hirsutum (L.) Ser.,SYNONYM,5354799,Lotus hirsutus L.,SPECIES,Plantae
134856490,7844167,4767,Colutea arborescens L.,ACCEPTED,7844167,Colutea arborescens L.,SPECIES,Plantae
134856491,2979474,4503,Acacia dealbata Link,ACCEPTED,2979474,Acacia dealbata Link,SPECIES,Plantae
134856494,3190653,4530,Ailanthus altissima (Miller) Swingle,ACCEPTED,3190653,Ailanthus altissima (Mill.) Swingle,SPECIES,Plantae
134856496,3189809,4523,Aesculus carnea Hayne,ACCEPTED,3189809,Aesculus ×carnea Hayne,SPECIES,Plantae
134856497,3189815,4524,Aesculus hippocastanum L.,ACCEPTED,3189815,Aesculus hippocastanum L.,SPECIES,Plantae
134856498,3189846,4512,Acer platanoides L.,ACCEPTED,3189846,Acer platanoides L.,SPECIES,Plantae
134856499,3189870,4513,Acer pseudoplatanus L.,ACCEPTED,3189870,Acer pseudoplatanus L.,SPECIES,Plantae
134856500,3189837,4514,Acer saccharinum L.,ACCEPTED,3189837,Acer saccharinum L.,SPECIES,Plantae
134856501,3189863,4509,Acer campestre L.,ACCEPTED,3189863,Acer campestre L.,SPECIES,Plantae
134856502,7262908,4510,Acer cappadocicum Gled.,ACCEPTED,7262908,Acer cappadocicum Gled.,SPECIES,Plantae
134856503,3189835,4511,Acer macrophyllum Pursh,ACCEPTED,3189835,Acer macrophyllum Pursh,SPECIES,Plantae
134856506,2925529,5723,Verbena officinalis L.,ACCEPTED,2925529,Verbena officinalis L.,SPECIES,Plantae
134856508,3170823,5339,Paulownia tomentosa (Thunb.) Steud.,ACCEPTED,3170823,Paulownia tomentosa (Thunb.) Steud.,SPECIES,Plantae
134856510,3173271,5312,Orobanche minor Sm.,ACCEPTED,3173271,Orobanche minor Sm.,SPECIES,Plantae
134856512,5415039,5637,Syringa vulgaris L.,ACCEPTED,5415039,Syringa vulgaris L.,SPECIES,Plantae
134856513,5415040,5295,Olea europaea L.,ACCEPTED,5415040,Olea europaea L.,SPECIES,Plantae
134856514,3172291,5153,Ligustrum ovalifolium Hassk.,ACCEPTED,3172291,Ligustrum ovalifolium Hassk.,SPECIES,Plantae
134856515,7433022,5154,Ligustrum vulgare Thunb.,DOUBTFUL,7433022,"Ligustrum vulgare Thunb., 1784",SPECIES,Plantae
134856516,3172297,5152,Ligustrum lucidum W.T.Aiton,ACCEPTED,3172297,Ligustrum lucidum W.T.Aiton,SPECIES,Plantae
134856517,3172266,5089,Jasminum nudiflorum Lindl.,ACCEPTED,3172266,Jasminum nudiflorum Lindl.,SPECIES,Plantae
134856518,3172261,5090,Jasminum officinale L.,ACCEPTED,3172261,Jasminum officinale L.,SPECIES,Plantae
134856520,3171954,5722,Verbascum virgatum Stokes,ACCEPTED,3171954,Verbascum virgatum Stokes,SPECIES,Plantae
134856522,7887942,5242,Mimulus guttatus Fisch.,SYNONYM,7730307,Erythranthe lutea (L.) G.L.Nesom,SPECIES,Plantae
134856524,5563498,5243,Mimulus robertsii Silverside,SYNONYM,7507094,Erythranthe ×robertsii (Silverside) G.L.Nesom,SPECIES,Plantae
134856525,3171945,5720,Verbascum nigrum L.,ACCEPTED,3171945,Verbascum nigrum L.,SPECIES,Plantae
134856526,3171948,5721,Verbascum phlomoides L.,ACCEPTED,3171948,Verbascum phlomoides L.,SPECIES,Plantae
134856527,3171943,5718,Verbascum blattaria L.,ACCEPTED,3171943,Verbascum blattaria L.,SPECIES,Plantae
134856528,3171939,5719,Verbascum densiflorum Bertol.,ACCEPTED,3171939,Verbascum densiflorum Bertol.,SPECIES,Plantae
134856529,3727761,5369,Phygelius capensis E. Mey. ex Benth.,ACCEPTED,3727761,Phygelius capensis E.Mey. ex Benth.,SPECIES,Plantae
134856530,7346090,4932,Erythranthe moschata (Douglas ex Lindl.) G.L.Nesom,ACCEPTED,7346090,Erythranthe moschata (Douglas ex Lindl.) G.L.Nesom,SPECIES,Plantae
134856531,6387494,4679,Buddleja globosa Hope,ACCEPTED,6387494,Buddleja globosa Hope,SPECIES,Plantae
134856532,3173338,4678,Buddleja davidii Franch.,ACCEPTED,3173338,Buddleja davidii Franch.,SPECIES,Plantae
134856535,2927185,5235,Mentha smithiana R.A.Graham,SYNONYM,3893979,Mentha ×wirtgeniana F.W.Schultz,SPECIES,Plantae
134856537,2927323,5112,Lamiastrum galeobdolon (L.) Ehrend. & Polatschek,SYNONYM,2927324,Lamium galeobdolon (L.) L.,SPECIES,Plantae
134856538,6411747,5659,Teucrium chamaedrys L.,ACCEPTED,6411747,Teucrium chamaedrys L.,SPECIES,Plantae
134856539,2927004,5531,Salvia officinalis L.,ACCEPTED,2927004,Salvia officinalis L.,SPECIES,Plantae
134856540,2927230,5616,Stachys byzantina K.Koch,ACCEPTED,2927230,Stachys byzantina K.Koch,SPECIES,Plantae
134856541,2927229,5615,Stachys arvensis (L.) L.,ACCEPTED,2927229,Stachys arvensis (L.) L.,SPECIES,Plantae
134856542,2927452,5364,Phlomis fruticosa L.,ACCEPTED,2927452,Phlomis fruticosa L.,SPECIES,Plantae
134856543,6559932,5231,Mentha ×villosonervata Opiz,SYNONYM,10051670,Mentha longifolia × spicata,SPECIES,Plantae
134856544,2927211,5230,Mentha ×gracilis Perard,SYNONYM,7923052,Mentha ×gracilis Sole,SPECIES,Plantae
134856545,2927189,5233,Mentha pulegium L.,ACCEPTED,2927189,Mentha pulegium L.,SPECIES,Plantae
134856546,8707933,5232,Mentha piperita L.,ACCEPTED,8707933,Mentha ×piperita L.,SPECIES,Plantae
134856547,5341501,5228,Melissa officinalis L.,ACCEPTED,5341501,Melissa officinalis L.,SPECIES,Plantae
134856548,2927174,5234,Mentha requienii Benth.,ACCEPTED,2927174,Mentha requienii Benth.,SPECIES,Plantae
134856549,2927175,5236,Mentha spicata L.,ACCEPTED,2927175,Mentha spicata L.,SPECIES,Plantae
134856550,2927190,5237,Mentha suaveolens Ehrh.,ACCEPTED,2927190,Mentha suaveolens Ehrh.,SPECIES,Plantae
134856551,2927069,5211,Marrubium vulgare L.,ACCEPTED,2927069,Marrubium vulgare L.,SPECIES,Plantae
134856552,2926683,5113,Lamium album L.,ACCEPTED,2926683,Lamium album L.,SPECIES,Plantae
134856553,2926679,5114,Lamium amplexicaule L.,ACCEPTED,2926679,Lamium amplexicaule L.,SPECIES,Plantae
134856554,2926681,5115,Lamium confertum Fr.,ACCEPTED,2926681,Lamium confertum Fr.,SPECIES,Plantae
134856555,8941778,5116,Lamium hybridum,ACCEPTED,8941778,Lamium hybridum Vill.,SPECIES,Plantae
134856556,2926684,5117,Lamium maculatum (L.) L.,ACCEPTED,2926684,Lamium maculatum (L.) L.,SPECIES,Plantae
134856557,2926682,5118,Lamium purpureum L.,ACCEPTED,2926682,Lamium purpureum L.,SPECIES,Plantae
134856558,5341305,4987,Galeopsis speciosa Mill.,ACCEPTED,5341305,Galeopsis speciosa Mill.,SPECIES,Plantae
134856559,5341300,4988,Galeopsis tetrahit L.,ACCEPTED,5341300,Galeopsis tetrahit L.,SPECIES,Plantae
134856560,2926945,4758,Clinopodium vulgare L.,ACCEPTED,2926945,Clinopodium vulgare L.,SPECIES,Plantae
134856561,2926894,4640,Ballota nigra L.,ACCEPTED,2926894,Ballota nigra L.,SPECIES,Plantae
134856564,7402007,5733,Veronica hederifolia subsp. lucorum (Klett & Richter) Hartl,SYNONYM,3725447,Veronica sublobata M.A.Fisch.,SPECIES,Plantae
134856565,3172100,5729,Veronica filiformis Sm.,ACCEPTED,3172100,Veronica filiformis Sm.,SPECIES,Plantae
134856566,7445708,5730,"Veronica franciscana (Eastw.) Howell, Raven & Rubtzoff",ACCEPTED,7445708,"Veronica ×franciscana (Eastw.) Howell, Raven & Rubtzov",SPECIES,Plantae
134856567,3172070,5731,Veronica hederifolia L.,ACCEPTED,3172070,Veronica hederifolia L.,SPECIES,Plantae
134856568,7332262,5732,Veronica hederifolia subsp. hederifolia,ACCEPTED,7332262,Veronica hederifolia subsp. hederifolia,SUBSPECIES,Plantae
134856569,3729932,5734,Veronica lewisii Armst.,ACCEPTED,3729932,Veronica ×lewisii J.B.Armstr.,SPECIES,Plantae
134856570,3172104,5735,Veronica peregrina L.,ACCEPTED,3172104,Veronica peregrina L.,SPECIES,Plantae
134856571,3172077,5736,Veronica persica Poir.,ACCEPTED,3172077,Veronica persica Poir.,SPECIES,Plantae
134856572,3172082,5724,Veronica agrestis L.,ACCEPTED,3172082,Veronica agrestis L.,SPECIES,Plantae
134856573,3733590,5725,Veronica brachysiphon (Summerhayes) Bean,ACCEPTED,3733590,Veronica brachysiphon (Summerh.) Bean,SPECIES,Plantae
134856574,3732412,5726,Veronica crista-galli Steven,ACCEPTED,3732412,Veronica crista-galli Steven,SPECIES,Plantae
134856575,3731944,5727,Veronica dieffenbachii Benth.,ACCEPTED,3731944,Veronica dieffenbachii Benth.,SPECIES,Plantae
134856576,3731711,5728,Veronica elliptica G. Forster,ACCEPTED,3731711,Veronica elliptica G.Forst.,SPECIES,Plantae
134856577,7331824,5738,Veronica salicifolia G. Forster,ACCEPTED,7331824,Veronica salicifolia G.Forst.,SPECIES,Plantae
134856578,3172074,5737,Veronica polita Fr.,ACCEPTED,3172074,Veronica polita Fr.,SPECIES,Plantae
134856579,3189747,5409,Plantago media L.,ACCEPTED,3189747,Plantago media L.,SPECIES,Plantae
134856580,3171145,5244,Misopates orontium (L.) Raf.,ACCEPTED,3171145,Misopates orontium (L.) Raf.,SPECIES,Plantae
134856581,5415020,5161,Linaria vulgaris Mill.,ACCEPTED,5415020,Linaria vulgaris Mill.,SPECIES,Plantae
134856582,5415012,5160,Linaria purpurea (L.) Mill.,ACCEPTED,5415012,Linaria purpurea (L.) Mill.,SPECIES,Plantae
134856583,3170819,5100,Kickxia elatine (L.) Dumort.,ACCEPTED,3170819,Kickxia elatine (L.) Dumort.,SPECIES,Plantae
134856584,3741446,4923,Erinus alpinus L.,ACCEPTED,3741446,Erinus alpinus L.,SPECIES,Plantae
134856585,8200663,4847,"Cymbalaria muralis P. Gaertn., B. Mey. & Scherb.",ACCEPTED,8200663,"Cymbalaria muralis G.Gaertn., B.Mey. & Scherb.",SPECIES,Plantae
134856586,3171669,4733,Chaenorhinum minus (L.) Lange,ACCEPTED,3171669,Chaenorhinum minus (L.) Lange,SPECIES,Plantae
134856587,3172001,4586,Antirrhinum majus L.,ACCEPTED,3172001,Antirrhinum majus L.,SPECIES,Plantae
134856589,5415455,4508,Acanthus mollis L.,ACCEPTED,5415455,Acanthus mollis L.,SPECIES,Plantae
134856593,2683894,5755,Xanthocyparis nootkatensis (D. Don) Farjon & Harder,ACCEPTED,2683894,Xanthocyparis nootkatensis (D.Don) Farjon & Harder,SPECIES,Plantae
134856594,2684191,5649,Taxodium distichum (L.) Rich.,ACCEPTED,2684191,Taxodium distichum (L.) Rich.,SPECIES,Plantae
134856595,2684171,5670,Thuja plicata Donn ex D. Don,ACCEPTED,2684171,Thuja plicata Donn ex D.Don,SPECIES,Plantae
134856596,2683909,5570,Sequoia sempervirens (D. Don) Endl.,ACCEPTED,2683909,Sequoia sempervirens (D.Don) Endl.,SPECIES,Plantae
134856597,2684120,5571,Sequoiadendron giganteum (Lindl.) J.T. Buchholz,ACCEPTED,2684120,Sequoiadendron giganteum (Lindl.) J.T.Buchholz,SPECIES,Plantae
134856598,5284231,5240,Metasequoia glyptostroboides H. H. Hu & W. C. Cheng,ACCEPTED,5284231,Metasequoia glyptostroboides H.H.Hu & W.C.Cheng,SPECIES,Plantae
134856599,5284237,4828,Cryptomeria japonica (Thunb. ex L. f.) D. Don,ACCEPTED,5284237,Cryptomeria japonica (Thunb. ex L.f.) D.Don,SPECIES,Plantae
134856600,2684046,4835,Cupressus lusitanica Mill.,ACCEPTED,2684046,Cupressus lusitanica Mill.,SPECIES,Plantae
134856601,2684070,4836,Cupressus macrocarpa Hartw. ex Gordon,ACCEPTED,2684070,Cupressus macrocarpa Hartw. ex Gordon,SPECIES,Plantae
134856602,2684030,4837,Cupressus sempervirens L.,ACCEPTED,2684030,Cupressus sempervirens L.,SPECIES,Plantae
134856603,2683866,4735,Chamaecyparis lawsoniana,ACCEPTED,2683866,Chamaecyparis lawsoniana (A.Murray bis) Parl.,SPECIES,Plantae
134856604,2683936,4693,Calocedrus decurrens (Torr.) Florin,ACCEPTED,2683936,Calocedrus decurrens (Torr.) Florin,SPECIES,Plantae
134856606,2684984,4597,Araucaria araucana (Molina) K. Koch,ACCEPTED,2684984,Araucaria araucana (Molina) K.Koch,SPECIES,Plantae
134856608,2687210,5705,Tsuga heterophylla (Raf.) Sarg.,ACCEPTED,2687210,Tsuga heterophylla (Raf.) Sarg.,SPECIES,Plantae
134856609,5285968,5421,Podocarpus salignus D. Don,ACCEPTED,5285968,Podocarpus salignus D.Don,SPECIES,Plantae
134856610,5285074,5396,Pinus wallichiana A.B. Jacks.,ACCEPTED,5285074,Pinus wallichiana A.B.Jacks.,SPECIES,Plantae
134856611,5285165,5393,Pinus pinea L.,ACCEPTED,5285165,Pinus pinea L.,SPECIES,Plantae
134856612,5285727,5394,Pinus radiata D. Don,ACCEPTED,5285727,Pinus radiata D.Don,SPECIES,Plantae
134856613,5285134,5388,Pinus cembra L.,ACCEPTED,5285134,Pinus cembra L.,SPECIES,Plantae
134856614,5285385,5390,Pinus mugo Turra,ACCEPTED,5285385,Pinus mugo Turra,SPECIES,Plantae
134856615,4938682,5119,Larix ×marschlinsii Coaz,ACCEPTED,4938682,Larix ×marschlinsii Coaz,SPECIES,Plantae
134856616,5284702,4723,Cedrus atlantica (Endl.) Manetti ex Carriere,ACCEPTED,5284702,Cedrus atlantica (Endl.) Manetti ex Carriere,SPECIES,Plantae
134856617,5284698,4724,Cedrus deodara (Lamb.) G. Don,ACCEPTED,5284698,Cedrus deodara (Lamb.) G.Don,SPECIES,Plantae
134856618,5284682,4725,Cedrus libani A. Rich.,ACCEPTED,5284682,Cedrus libani A.Rich.,SPECIES,Plantae
134856619,2685484,4498,Abies alba Mill.,ACCEPTED,2685484,Abies alba Mill.,SPECIES,Plantae
134856620,2685308,4501,Abies procera Rehd.,ACCEPTED,2685308,Abies procera Rehd.,SPECIES,Plantae
134856621,2685361,4499,Abies grandis (Douglas ex D. Don) Lindl.,ACCEPTED,2685361,Abies grandis (Douglas ex D.Don) Lindl.,SPECIES,Plantae
134856622,2685552,4500,Abies nordmanniana (Steven) Spach,ACCEPTED,2685552,Abies nordmanniana (Steven) Spach,SPECIES,Plantae
